timestamp_ms,user_name,phase,action_label,segment_index,acc_x,acc_y,acc_z,gyro_x,gyro_y,gyro_z
1870341140.000,OLV,recording,shake_phone,1,-0.563788,3.627654,9.174550,-0.098531,-0.113626,-0.124432
1870341150.000,OLV,recording,shake_phone,1,-0.551223,3.524600,9.178728,-0.096231,-0.126129,-0.092209
1870341160.000,OLV,recording,shake_phone,1,-0.306448,3.489324,9.140181,-0.088487,-0.115612,-0.062157
1870341170.000,OLV,recording,shake_phone,1,-0.092455,3.478032,9.100227,-0.082052,-0.086075,-0.046937
1870341180.000,OLV,recording,shake_phone,1,-0.093330,3.470260,9.084121,-0.081437,-0.054996,-0.051224
1870341190.000,OLV,recording,shake_phone,1,-0.153038,3.506488,9.058217,-0.086528,-0.038659,-0.068498
1870341200.000,OLV,recording,shake_phone,1,-0.192184,3.582056,9.073279,-0.089513,-0.046730,-0.087715
1870341210.000,OLV,recording,shake_phone,1,-0.255037,3.668778,9.142658,-0.079306,-0.073954,-0.096408
1870341220.000,OLV,recording,shake_phone,1,-0.320337,3.809027,9.230776,-0.053246,-0.104482,-0.087725
1870341230.000,OLV,recording,shake_phone,1,-0.341769,3.927830,9.347707,-0.009838,-0.129046,-0.067071
1870341240.000,OLV,recording,shake_phone,1,-0.505601,3.628054,9.371475,0.052455,-0.150546,-0.043522
1870341250.000,OLV,recording,shake_phone,1,-0.581589,3.119845,9.374962,0.129952,-0.167451,-0.028966
1870341260.000,OLV,recording,shake_phone,1,-0.331800,3.003468,9.538626,0.225919,-0.170201,-0.033970
1870341270.000,OLV,recording,shake_phone,1,-0.109574,3.406909,9.630522,0.341024,-0.157189,-0.056973
1870341280.000,OLV,recording,shake_phone,1,-0.043715,3.738212,9.455161,0.453262,-0.148097,-0.077260
1870341290.000,OLV,recording,shake_phone,1,-0.166285,3.734695,9.204188,0.528862,-0.153404,-0.084481
1870341300.000,OLV,recording,shake_phone,1,-0.348446,3.749951,9.108288,0.563493,-0.161145,-0.075375
1870341310.000,OLV,recording,shake_phone,1,-0.370630,3.801942,9.130929,0.581206,-0.164316,-0.046820
1870341320.000,OLV,recording,shake_phone,1,-0.334367,3.912433,9.224122,0.604627,-0.159182,-0.011946
1870341330.000,OLV,recording,shake_phone,1,-0.349014,3.954579,9.336794,0.645378,-0.148019,0.021211
1870341340.000,OLV,recording,shake_phone,1,-0.370584,3.903353,9.310398,0.699345,-0.136218,0.051051
1870341350.000,OLV,recording,shake_phone,1,-0.324206,3.857150,9.127616,0.749733,-0.120958,0.071553
1870341360.000,OLV,recording,shake_phone,1,-0.163593,4.010860,8.927587,0.774825,-0.106189,0.065680
1870341370.000,OLV,recording,shake_phone,1,-0.033971,4.264291,8.708795,0.748669,-0.107644,0.025451
1870341380.000,OLV,recording,shake_phone,1,-0.084636,4.288453,8.526392,0.659078,-0.134241,-0.021832
1870341390.000,OLV,recording,shake_phone,1,-0.175509,4.156165,8.563760,0.527334,-0.175310,-0.043171
1870341400.000,OLV,recording,shake_phone,1,-0.190724,4.166125,8.690227,0.389462,-0.211784,-0.037425
1870341410.000,OLV,recording,shake_phone,1,-0.168797,4.217027,8.829896,0.274912,-0.237982,-0.019036
1870341420.000,OLV,recording,shake_phone,1,-0.157632,4.206481,8.890808,0.198729,-0.254151,0.001784
1870341430.000,OLV,recording,shake_phone,1,-0.136972,4.190635,8.865448,0.165118,-0.256964,0.019851
1870341440.000,OLV,recording,shake_phone,1,-0.062341,4.171808,8.867456,0.169138,-0.247167,0.028792
1870341450.000,OLV,recording,shake_phone,1,0.021343,4.124363,8.953598,0.199547,-0.238780,0.018439
1870341460.000,OLV,recording,shake_phone,1,0.040748,4.040958,9.101743,0.244902,-0.249911,-0.013501
1870341470.000,OLV,recording,shake_phone,1,0.051368,3.962277,9.122269,0.294165,-0.279930,-0.058041
1870341480.000,OLV,recording,shake_phone,1,0.143990,4.040864,9.014139,0.336915,-0.309403,-0.105174
1870341490.000,OLV,recording,shake_phone,1,0.215324,4.245503,8.848793,0.363725,-0.318884,-0.145819
1870341500.000,OLV,recording,shake_phone,1,0.206474,4.424996,8.697178,0.373782,-0.305374,-0.171624
1870341510.000,OLV,recording,shake_phone,1,0.162454,4.561817,8.670766,0.381086,-0.280401,-0.179703
1870341520.000,OLV,recording,shake_phone,1,0.117248,4.672150,8.727947,0.401469,-0.255394,-0.179757
1870341530.000,OLV,recording,shake_phone,1,0.122810,4.803191,8.744361,0.437885,-0.231876,-0.192556
1870341540.000,OLV,recording,shake_phone,1,0.059913,4.865539,8.613345,0.477904,-0.204162,-0.219301
1870341550.000,OLV,recording,shake_phone,1,-0.148100,4.814702,8.489050,0.504084,-0.169201,-0.225155
1870341560.000,OLV,recording,shake_phone,1,-0.370553,4.986027,8.484391,0.506735,-0.134976,-0.182076
1870341570.000,OLV,recording,shake_phone,1,-0.446464,5.329072,8.430271,0.483682,-0.115209,-0.100195
1870341580.000,OLV,recording,shake_phone,1,-0.365473,5.522894,8.332601,0.435731,-0.115498,-0.009675
1870341590.000,OLV,recording,shake_phone,1,-0.258112,5.533847,8.225640,0.362852,-0.130484,0.063854
1870341600.000,OLV,recording,shake_phone,1,-0.156134,5.411197,8.131808,0.264943,-0.144715,0.108369
1870341610.000,OLV,recording,shake_phone,1,-0.010863,5.271691,8.080006,0.149356,-0.137997,0.122969
1870341620.000,OLV,recording,shake_phone,1,0.166204,5.177449,8.079346,0.031527,-0.102102,0.114595
1870341630.000,OLV,recording,shake_phone,1,0.222877,5.147348,8.223860,-0.068031,-0.053994,0.098713
1870341640.000,OLV,recording,shake_phone,1,0.077241,5.176731,8.514290,-0.128721,-0.025325,0.090125
1870341650.000,OLV,recording,shake_phone,1,-0.062848,5.164403,8.786622,-0.145274,-0.033881,0.090481
1870341660.000,OLV,recording,shake_phone,1,-0.045024,5.092659,8.877545,-0.132727,-0.067344,0.092158
1870341670.000,OLV,recording,shake_phone,1,-0.025972,5.022030,8.837575,-0.112253,-0.102725,0.088205
1870341680.000,OLV,recording,shake_phone,1,-0.065547,4.965654,8.828078,-0.096465,-0.134195,0.075680
1870341690.000,OLV,recording,shake_phone,1,-0.153109,4.912195,8.868169,-0.087967,-0.168711,0.055922
1870341700.000,OLV,recording,shake_phone,1,-0.275815,4.919910,8.876542,-0.085619,-0.208208,0.034700
1870341710.000,OLV,recording,shake_phone,1,-0.349333,4.960518,8.821396,-0.091418,-0.250011,0.015475
1870341720.000,OLV,recording,shake_phone,1,-0.332360,4.945452,8.706874,-0.109720,-0.285912,-0.004162
1870341730.000,OLV,recording,shake_phone,1,-0.277278,4.908295,8.605564,-0.138965,-0.309296,-0.026292
1870341740.000,OLV,recording,shake_phone,1,-0.240638,4.871154,8.570783,-0.173858,-0.331275,-0.051256
1870341750.000,OLV,recording,shake_phone,1,-0.277314,4.843940,8.576888,-0.213274,-0.360911,-0.082487
1870341760.000,OLV,recording,shake_phone,1,-0.287248,4.834126,8.535831,-0.261403,-0.392241,-0.124163
1870341770.000,OLV,recording,shake_phone,1,-0.234252,4.841624,8.475516,-0.323357,-0.416548,-0.175250
1870341780.000,OLV,recording,shake_phone,1,-0.279883,4.796541,8.481584,-0.398859,-0.431044,-0.223779
1870341790.000,OLV,recording,shake_phone,1,-0.410275,4.692114,8.566565,-0.475385,-0.443356,-0.253832
1870341800.000,OLV,recording,shake_phone,1,-0.547893,4.606372,8.707957,-0.534291,-0.459399,-0.262042
1870341810.000,OLV,recording,shake_phone,1,-0.598890,4.627026,8.830801,-0.567264,-0.479941,-0.254404
1870341820.000,OLV,recording,shake_phone,1,-0.516952,4.708718,8.860430,-0.575851,-0.501319,-0.234444
1870341830.000,OLV,recording,shake_phone,1,-0.404884,4.688384,8.827863,-0.567962,-0.514458,-0.200107
1870341840.000,OLV,recording,shake_phone,1,-0.286223,4.550065,8.768913,-0.552440,-0.515538,-0.155903
1870341850.000,OLV,recording,shake_phone,1,-0.173490,4.344717,8.685810,-0.534152,-0.508454,-0.118773
1870341860.000,OLV,recording,shake_phone,1,-0.022946,4.090406,8.614556,-0.515144,-0.496260,-0.107966
1870341870.000,OLV,recording,shake_phone,1,0.174299,3.818923,8.564905,-0.493179,-0.477882,-0.134884
1870341880.000,OLV,recording,shake_phone,1,0.333087,3.630238,8.480796,-0.466232,-0.450992,-0.194525
1870341890.000,OLV,recording,shake_phone,1,0.468963,3.548425,8.261978,-0.436659,-0.407801,-0.268543
1870341900.000,OLV,recording,shake_phone,1,0.635469,3.554082,8.053138,-0.406947,-0.345593,-0.340136
1870341910.000,OLV,recording,shake_phone,1,0.734827,3.656195,7.999615,-0.376912,-0.280878,-0.394694
1870341920.000,OLV,recording,shake_phone,1,0.701656,3.707282,7.988085,-0.346158,-0.223869,-0.420020
1870341930.000,OLV,recording,shake_phone,1,0.589283,3.716630,8.018516,-0.314739,-0.162816,-0.412116
1870341940.000,OLV,recording,shake_phone,1,0.441576,3.832604,8.154267,-0.280485,-0.095326,-0.368584
1870341950.000,OLV,recording,shake_phone,1,0.327246,3.905436,8.267192,-0.242045,-0.036317,-0.289036
1870341960.000,OLV,recording,shake_phone,1,0.291600,3.851833,8.355077,-0.197775,0.008684,-0.182498
1870341970.000,OLV,recording,shake_phone,1,0.427562,3.751091,8.612275,-0.139767,0.043357,-0.072993
1870341980.000,OLV,recording,shake_phone,1,0.693102,3.506971,8.840244,-0.061741,0.071430,0.007586
1870341990.000,OLV,recording,shake_phone,1,0.974402,3.215445,8.883843,0.037069,0.105960,0.035671
1870342000.000,OLV,recording,shake_phone,1,1.262549,3.095165,8.810077,0.153187,0.154408,0.005103
1870342010.000,OLV,recording,shake_phone,1,1.549523,3.054427,8.572503,0.277893,0.216962,-0.072054
1870342020.000,OLV,recording,shake_phone,1,1.718543,3.063511,8.367436,0.405497,0.308478,-0.170837
1870342030.000,OLV,recording,shake_phone,1,1.668424,3.216839,8.267831,0.537206,0.430472,-0.262523
1870342040.000,OLV,recording,shake_phone,1,1.353271,3.486515,8.222121,0.675961,0.551796,-0.323186
1870342050.000,OLV,recording,shake_phone,1,0.786995,3.785400,8.471245,0.828615,0.628094,-0.334730
1870342060.000,OLV,recording,shake_phone,1,0.218189,3.927611,8.688104,0.988814,0.627099,-0.288867
1870342070.000,OLV,recording,shake_phone,1,0.006949,3.891576,8.447354,1.123939,0.568776,-0.203276
1870342080.000,OLV,recording,shake_phone,1,0.339495,3.839162,7.977521,1.199983,0.510390,-0.131494
1870342090.000,OLV,recording,shake_phone,1,0.887340,3.859170,7.507452,1.211183,0.481281,-0.123799
1870342100.000,OLV,recording,shake_phone,1,1.165350,3.920503,7.194952,1.176798,0.482892,-0.185944
1870342110.000,OLV,recording,shake_phone,1,1.289660,4.017687,7.084045,1.119833,0.524401,-0.287878
1870342120.000,OLV,recording,shake_phone,1,1.344060,4.156909,7.030685,1.057942,0.614437,-0.391432
1870342130.000,OLV,recording,shake_phone,1,1.244852,4.365533,7.196224,1.009391,0.747714,-0.469165
1870342140.000,OLV,recording,shake_phone,1,0.971187,4.664074,7.819122,0.998270,0.887174,-0.503736
1870342150.000,OLV,recording,shake_phone,1,0.482229,4.824752,8.447359,1.035077,0.965962,-0.484927
1870342160.000,OLV,recording,shake_phone,1,0.133564,4.792011,8.691177,1.061982,0.945695,-0.435022
1870342170.000,OLV,recording,shake_phone,1,0.167242,5.201612,7.509080,0.875444,0.805956,-0.410980
1870342180.000,OLV,recording,shake_phone,1,-0.145578,6.116398,5.997816,0.359363,0.543520,-0.403149
1870342190.000,OLV,recording,shake_phone,1,-0.430672,6.288901,6.400163,-0.253067,0.271565,-0.379794
1870342200.000,OLV,recording,shake_phone,1,0.103950,5.605669,7.372491,-0.684277,0.109718,-0.386443
1870342210.000,OLV,recording,shake_phone,1,0.966552,5.097400,8.021016,-0.866096,0.054521,-0.469068
1870342220.000,OLV,recording,shake_phone,1,1.501137,4.976557,8.603480,-0.855304,0.063539,-0.620466
1870342230.000,OLV,recording,shake_phone,1,1.287927,4.991201,8.898471,-0.752304,0.109709,-0.781250
1870342240.000,OLV,recording,shake_phone,1,0.678670,5.012335,8.967327,-0.628816,0.170004,-0.879372
1870342250.000,OLV,recording,shake_phone,1,-0.264745,5.263558,9.323783,-0.514389,0.187862,-0.879102
1870342260.000,OLV,recording,shake_phone,1,-1.169839,5.547344,9.920123,-0.406241,0.099315,-0.776023
1870342270.000,OLV,recording,shake_phone,1,-1.532894,5.513801,10.788361,-0.243773,-0.089898,-0.577855
1870342280.000,OLV,recording,shake_phone,1,-1.269883,5.531072,11.626341,0.030020,-0.323207,-0.318733
1870342290.000,OLV,recording,shake_phone,1,-0.630674,5.623501,11.782646,0.375564,-0.550137,-0.054597
1870342300.000,OLV,recording,shake_phone,1,-0.077083,5.837920,11.245244,0.694375,-0.747689,0.139110
1870342310.000,OLV,recording,shake_phone,1,0.349519,5.852719,10.512743,0.915360,-0.898311,0.202157
1870342320.000,OLV,recording,shake_phone,1,0.781335,5.388272,9.190056,1.019725,-0.916338,0.147083
1870342330.000,OLV,recording,shake_phone,1,1.160703,5.182208,7.764341,1.016771,-0.789848,0.034107
1870342340.000,OLV,recording,shake_phone,1,1.302878,5.169252,7.297153,0.938991,-0.619028,-0.084403
1870342350.000,OLV,recording,shake_phone,1,1.167459,4.993191,7.124463,0.785758,-0.429711,-0.208487
1870342360.000,OLV,recording,shake_phone,1,1.478661,4.695132,6.435651,0.466549,-0.207673,-0.413057
1870342370.000,OLV,recording,shake_phone,1,1.899278,4.348154,6.349701,0.049510,-0.055559,-0.706495
1870342380.000,OLV,recording,shake_phone,1,1.585638,4.276957,7.264520,-0.286441,-0.003005,-0.979729
1870342390.000,OLV,recording,shake_phone,1,0.857655,4.757868,7.797557,-0.514271,0.029260,-1.159948
1870342400.000,OLV,recording,shake_phone,1,0.043648,5.470879,8.217242,-0.666656,0.000586,-1.228456
1870342410.000,OLV,recording,shake_phone,1,-0.681350,6.224401,8.586651,-0.764880,-0.110541,-1.186837
1870342420.000,OLV,recording,shake_phone,1,-1.116757,6.509216,8.709279,-0.815259,-0.240215,-1.059849
1870342430.000,OLV,recording,shake_phone,1,-1.272077,6.424406,8.624350,-0.817342,-0.320961,-0.890232
1870342440.000,OLV,recording,shake_phone,1,-1.128334,6.241926,8.389209,-0.782039,-0.314875,-0.723639
1870342450.000,OLV,recording,shake_phone,1,-0.869877,6.054233,8.105491,-0.723961,-0.240056,-0.585681
1870342460.000,OLV,recording,shake_phone,1,-0.903573,5.926127,8.044623,-0.646375,-0.135250,-0.473739
1870342470.000,OLV,recording,shake_phone,1,-1.049551,5.805013,8.258250,-0.545039,-0.015054,-0.372375
1870342480.000,OLV,recording,shake_phone,1,-0.957093,5.545495,8.565333,-0.429096,0.112191,-0.277771
1870342490.000,OLV,recording,shake_phone,1,-0.571302,5.137072,9.062868,-0.316365,0.201786,-0.206998
1870342500.000,OLV,recording,shake_phone,1,-0.118064,5.030812,9.914569,-0.195367,0.198687,-0.186680
1870342510.000,OLV,recording,shake_phone,1,-0.632268,5.157146,10.336652,-0.042916,0.115128,-0.191635
1870342520.000,OLV,recording,shake_phone,1,-1.668098,5.011317,9.945767,0.132800,-0.001028,-0.159610
1870342530.000,OLV,recording,shake_phone,1,-1.727194,5.106093,9.372467,0.286925,-0.136321,-0.095427
1870342540.000,OLV,recording,shake_phone,1,-1.173137,5.501954,8.837077,0.377396,-0.291457,-0.051252
1870342550.000,OLV,recording,shake_phone,1,-0.718298,5.573292,8.344732,0.402987,-0.433581,-0.037911
1870342560.000,OLV,recording,shake_phone,1,-0.623953,5.484918,8.001945,0.381091,-0.530162,-0.034676
1870342570.000,OLV,recording,shake_phone,1,-0.897584,5.317656,8.025314,0.331905,-0.584441,-0.025308
1870342580.000,OLV,recording,shake_phone,1,-1.227056,4.912490,8.305852,0.280572,-0.588550,0.001310
1870342590.000,OLV,recording,shake_phone,1,-1.270434,4.338783,8.516599,0.242844,-0.519211,0.046950
1870342600.000,OLV,recording,shake_phone,1,-1.257361,4.011316,8.633218,0.219049,-0.385846,0.112084
1870342610.000,OLV,recording,shake_phone,1,-1.284533,4.026705,8.686205,0.202398,-0.239363,0.186279
1870342620.000,OLV,recording,shake_phone,1,-0.584275,4.457489,7.871106,0.166242,-0.210382,0.218706
1870342630.000,OLV,recording,shake_phone,1,0.503696,5.152581,6.147842,0.058991,-0.396564,0.146116
1870342640.000,OLV,recording,shake_phone,1,0.697501,5.461718,5.562209,-0.103165,-0.625076,-0.004154
1870342650.000,OLV,recording,shake_phone,1,0.605346,5.390625,6.050125,-0.266588,-0.758216,-0.159338
1870342660.000,OLV,recording,shake_phone,1,0.771875,5.239626,6.487430,-0.417605,-0.851923,-0.295419
1870342670.000,OLV,recording,shake_phone,1,0.908650,5.181296,7.013336,-0.554409,-0.908114,-0.415023
1870342680.000,OLV,recording,shake_phone,1,1.106900,5.116784,7.380890,-0.684350,-0.895284,-0.528159
1870342690.000,OLV,recording,shake_phone,1,1.096202,5.081453,7.861833,-0.807723,-0.808116,-0.639980
1870342700.000,OLV,recording,shake_phone,1,0.928484,5.028273,8.528797,-0.908460,-0.661069,-0.747158
1870342710.000,OLV,recording,shake_phone,1,0.802111,4.874583,9.329251,-0.964419,-0.474343,-0.839610
1870342720.000,OLV,recording,shake_phone,1,0.689219,4.673379,9.973836,-0.964050,-0.287728,-0.903638
1870342730.000,OLV,recording,shake_phone,1,0.509532,4.519854,10.277071,-0.911851,-0.148164,-0.928035
1870342740.000,OLV,recording,shake_phone,1,0.249303,4.436686,10.415945,-0.818940,-0.064705,-0.912835
1870342750.000,OLV,recording,shake_phone,1,0.012590,4.360372,10.415809,-0.693459,-0.011347,-0.869895
1870342760.000,OLV,recording,shake_phone,1,-0.122185,4.335074,10.358225,-0.540650,0.036055,-0.809189
1870342770.000,OLV,recording,shake_phone,1,-0.184069,4.347340,10.252747,-0.366442,0.084551,-0.735591
1870342780.000,OLV,recording,shake_phone,1,-0.220351,4.341441,10.030876,-0.180903,0.128860,-0.654443
1870342790.000,OLV,recording,shake_phone,1,-0.324422,4.323318,9.741671,0.000389,0.165642,-0.569077
1870342800.000,OLV,recording,shake_phone,1,-0.470012,4.281901,9.426858,0.160798,0.191016,-0.486380
1870342810.000,OLV,recording,shake_phone,1,-0.560301,4.192859,9.158249,0.287187,0.193270,-0.414161
1870342820.000,OLV,recording,shake_phone,1,-0.597800,4.091636,8.933640,0.369717,0.162900,-0.354253
1870342830.000,OLV,recording,shake_phone,1,-0.583774,4.054616,8.777609,0.405000,0.103736,-0.303550
1870342840.000,OLV,recording,shake_phone,1,-0.552824,4.034933,8.624990,0.398530,0.038005,-0.256702
1870342850.000,OLV,recording,shake_phone,1,-0.564014,3.938275,8.396792,0.363769,-0.007423,-0.206759
1870342860.000,OLV,recording,shake_phone,1,-0.616309,3.794959,8.068217,0.324817,0.013889,-0.155586
1870342870.000,OLV,recording,shake_phone,1,-0.681308,3.845298,7.794369,0.306575,0.153634,-0.115391
1870342880.000,OLV,recording,shake_phone,1,-0.777916,4.497659,8.118481,0.282859,0.285377,-0.090803
1870342890.000,OLV,recording,shake_phone,1,-0.775614,5.320714,8.387579,0.201741,0.284534,-0.088405
1870342900.000,OLV,recording,shake_phone,1,-0.736438,5.505661,8.316710,0.066094,0.184962,-0.118587
1870342910.000,OLV,recording,shake_phone,1,-0.511781,4.969828,8.625050,-0.075710,0.037644,-0.196807
1870342920.000,OLV,recording,shake_phone,1,-0.460928,4.465953,9.091088,-0.172925,-0.069552,-0.331886
1870342930.000,OLV,recording,shake_phone,1,-1.167935,4.762291,9.538939,-0.197231,-0.097316,-0.482178
1870342940.000,OLV,recording,shake_phone,1,-1.644505,5.077141,9.611291,-0.143255,-0.109438,-0.579790
1870342950.000,OLV,recording,shake_phone,1,-1.341197,4.811864,9.282022,-0.024230,-0.140623,-0.596785
1870342960.000,OLV,recording,shake_phone,1,-0.683733,4.423865,8.763606,0.122284,-0.152009,-0.559127
1870342970.000,OLV,recording,shake_phone,1,-0.113434,4.128296,8.254097,0.236939,-0.130156,-0.508253
1870342980.000,OLV,recording,shake_phone,1,0.069472,4.042946,8.011407,0.277438,-0.106674,-0.473468
1870342990.000,OLV,recording,shake_phone,1,0.015872,4.147230,7.958998,0.237313,-0.107285,-0.463193
1870343000.000,OLV,recording,shake_phone,1,-0.106500,4.225690,7.861153,0.129829,-0.112070,-0.468523
1870343010.000,OLV,recording,shake_phone,1,-0.253556,4.191359,7.687362,-0.020199,-0.078752,-0.474740
1870343020.000,OLV,recording,shake_phone,1,-0.491847,4.045613,7.571001,-0.186253,-0.004454,-0.464798
1870343030.000,OLV,recording,shake_phone,1,-0.832443,3.888510,7.621932,-0.343191,0.069825,-0.426156
1870343040.000,OLV,recording,shake_phone,1,-1.179047,3.839364,7.806363,-0.475175,0.107936,-0.357973
1870343050.000,OLV,recording,shake_phone,1,-1.378468,3.929884,8.092489,-0.577295,0.104877,-0.270702
1870343060.000,OLV,recording,shake_phone,1,-1.351086,4.078856,8.413403,-0.644455,0.074069,-0.181404
1870343070.000,OLV,recording,shake_phone,1,-1.216776,4.176029,8.759753,-0.671401,0.023620,-0.105787
1870343080.000,OLV,recording,shake_phone,1,-1.089212,4.261210,9.174328,-0.656530,-0.042883,-0.053734
1870343090.000,OLV,recording,shake_phone,1,-0.935539,4.359982,9.530167,-0.606619,-0.100387,-0.031957
1870343100.000,OLV,recording,shake_phone,1,-0.704287,4.388627,9.700492,-0.534081,-0.109822,-0.041684
1870343110.000,OLV,recording,shake_phone,1,-0.526844,4.346197,9.748155,-0.450697,-0.066069,-0.075229
1870343120.000,OLV,recording,shake_phone,1,-0.559727,4.273612,9.772366,-0.366254,-0.010812,-0.118535
1870343130.000,OLV,recording,shake_phone,1,-0.743444,4.229846,9.825846,-0.289600,0.013551,-0.156000
1870343140.000,OLV,recording,shake_phone,1,-0.948060,4.198742,9.785279,-0.223468,0.010043,-0.177468
1870343150.000,OLV,recording,shake_phone,1,-1.092297,4.092657,9.702065,-0.166832,-0.001255,-0.181369
1870343160.000,OLV,recording,shake_phone,1,-1.190606,3.944526,9.769484,-0.118129,-0.022745,-0.171150
1870343170.000,OLV,recording,shake_phone,1,-1.259842,3.817189,9.950934,-0.071146,-0.058104,-0.151993
1870343180.000,OLV,recording,shake_phone,1,-1.310704,3.692288,10.081666,-0.019957,-0.084876,-0.124065
1870343190.000,OLV,recording,shake_phone,1,-1.356882,3.561952,10.075744,0.037796,-0.075834,-0.083400
1870343200.000,OLV,recording,shake_phone,1,-1.385443,3.472173,10.024627,0.101954,-0.030768,-0.023470
1870343210.000,OLV,recording,shake_phone,1,-1.369791,3.434644,9.969060,0.171780,0.036711,0.058433
1870343220.000,OLV,recording,shake_phone,1,-1.311415,3.437109,9.874185,0.241220,0.113326,0.149249
1870343230.000,OLV,recording,shake_phone,1,-1.232867,3.480881,9.729647,0.302983,0.180944,0.233093
1870343240.000,OLV,recording,shake_phone,1,-1.153795,3.566533,9.593578,0.356114,0.222969,0.302890
1870343250.000,OLV,recording,shake_phone,1,-1.049961,3.708371,9.441331,0.400341,0.243121,0.354857
1870343260.000,OLV,recording,shake_phone,1,-0.891857,3.837141,9.267298,0.435479,0.253255,0.385800
1870343270.000,OLV,recording,shake_phone,1,-0.707410,3.922813,9.149970,0.463768,0.246411,0.394571
1870343280.000,OLV,recording,shake_phone,1,-0.575136,4.004496,9.080368,0.486616,0.210380,0.388004
1870343290.000,OLV,recording,shake_phone,1,-0.606225,4.098968,8.989719,0.508379,0.142870,0.378783
1870343300.000,OLV,recording,shake_phone,1,-0.763625,4.159462,8.890722,0.537874,0.042677,0.376668
1870343310.000,OLV,recording,shake_phone,1,-0.896897,4.154769,8.811853,0.581076,-0.099681,0.387491
1870343320.000,OLV,recording,shake_phone,1,-0.951867,4.178979,8.785362,0.643257,-0.297474,0.410347
1870343330.000,OLV,recording,shake_phone,1,-0.984206,4.266622,8.795787,0.727589,-0.540389,0.438626
1870343340.000,OLV,recording,shake_phone,1,-0.960840,4.380819,8.819282,0.830406,-0.776278,0.460530
1870343350.000,OLV,recording,shake_phone,1,-0.717211,4.514277,8.813141,0.941146,-0.941479,0.462488
1870343360.000,OLV,recording,shake_phone,1,-0.286471,4.692375,8.751150,1.043450,-1.003861,0.434905
1870343370.000,OLV,recording,shake_phone,1,0.120940,4.901490,8.594424,1.118249,-0.967773,0.371522
1870343380.000,OLV,recording,shake_phone,1,0.362622,5.047971,8.359460,1.151620,-0.863254,0.279669
1870343390.000,OLV,recording,shake_phone,1,0.449096,5.145979,8.129984,1.139442,-0.740168,0.178728
1870343400.000,OLV,recording,shake_phone,1,0.471893,5.201464,7.970276,1.086620,-0.657432,0.087857
1870343410.000,OLV,recording,shake_phone,1,0.382050,5.242650,7.899380,1.007947,-0.657721,0.027408
1870343420.000,OLV,recording,shake_phone,1,0.121035,5.236747,7.830783,0.925494,-0.739166,0.011696
1870343430.000,OLV,recording,shake_phone,1,-0.088068,5.223234,7.796393,0.862750,-0.877873,0.040044
1870343440.000,OLV,recording,shake_phone,1,-0.107198,5.313415,7.797054,0.834633,-1.054773,0.097871
1870343450.000,OLV,recording,shake_phone,1,-0.024122,5.410250,7.784087,0.842195,-1.228147,0.162018
1870343460.000,OLV,recording,shake_phone,1,0.191070,5.459119,7.726704,0.873423,-1.329149,0.209532
1870343470.000,OLV,recording,shake_phone,1,0.560515,5.523936,7.631648,0.904571,-1.312433,0.223713
1870343480.000,OLV,recording,shake_phone,1,0.924781,5.610111,7.568798,0.908297,-1.179931,0.197702
1870343490.000,OLV,recording,shake_phone,1,1.168992,5.717168,7.472622,0.860562,-0.953155,0.135782
1870343500.000,OLV,recording,shake_phone,1,1.339135,5.868700,7.332161,0.743997,-0.640098,0.047558
1870343510.000,OLV,recording,shake_phone,1,1.533031,6.070975,7.220112,0.563221,-0.268919,-0.056120
1870343520.000,OLV,recording,shake_phone,1,1.781286,6.256070,7.170844,0.339449,0.089724,-0.164003
1870343530.000,OLV,recording,shake_phone,1,1.882245,6.324636,7.100488,0.099674,0.370079,-0.264076
1870343540.000,OLV,recording,shake_phone,1,1.656633,6.289267,6.987929,-0.125671,0.549346,-0.342243
1870343550.000,OLV,recording,shake_phone,1,1.245543,6.239226,6.906923,-0.315132,0.647548,-0.387680
1870343560.000,OLV,recording,shake_phone,1,0.892084,6.263442,6.993976,-0.464749,0.703036,-0.404004
1870343570.000,OLV,recording,shake_phone,1,0.789774,6.354420,7.245644,-0.584239,0.769497,-0.412072
1870343580.000,OLV,recording,shake_phone,1,0.955549,6.391348,7.521581,-0.688126,0.909247,-0.440048
1870343590.000,OLV,recording,shake_phone,1,1.245327,6.347248,7.639439,-0.792537,1.182032,-0.509787
1870343600.000,OLV,recording,shake_phone,1,1.519515,6.212608,7.502023,-0.912187,1.595064,-0.626216
1870343610.000,OLV,recording,shake_phone,1,1.588939,5.966467,7.281804,-1.059416,2.057872,-0.778469
1870343620.000,OLV,recording,shake_phone,1,1.277620,5.723797,7.104302,-1.234565,2.452238,-0.940887
1870343630.000,OLV,recording,shake_phone,1,0.623779,5.480664,7.019688,-1.419839,2.710597,-1.078260
1870343640.000,OLV,recording,shake_phone,1,-0.206472,5.218525,7.029566,-1.586508,2.830691,-1.158469
1870343650.000,OLV,recording,shake_phone,1,-1.016992,4.905463,7.020919,-1.706539,2.847151,-1.167794
1870343660.000,OLV,recording,shake_phone,1,-1.728975,4.479332,7.070487,-1.765434,2.756635,-1.111381
1870343670.000,OLV,recording,shake_phone,1,-2.424250,4.081146,7.283978,-1.762911,2.531801,-1.004515
1870343680.000,OLV,recording,shake_phone,1,-3.149693,3.786226,7.588808,-1.700847,2.186935,-0.862304
1870343690.000,OLV,recording,shake_phone,1,-3.778591,3.622497,7.923160,-1.579463,1.779730,-0.696389
1870343700.000,OLV,recording,shake_phone,1,-4.135276,3.533770,8.242564,-1.407014,1.390073,-0.519945
1870343710.000,OLV,recording,shake_phone,1,-4.151722,3.384559,8.592427,-1.199901,1.055461,-0.348376
1870343720.000,OLV,recording,shake_phone,1,-3.872206,3.226433,9.000430,-0.972761,0.759383,-0.193520
1870343730.000,OLV,recording,shake_phone,1,-3.585005,3.190296,9.331144,-0.737926,0.494473,-0.056979
1870343740.000,OLV,recording,shake_phone,1,-3.398284,3.269324,9.563636,-0.502852,0.266630,0.065663
1870343750.000,OLV,recording,shake_phone,1,-3.124208,3.401399,9.740062,-0.268780,0.058541,0.170900
1870343760.000,OLV,recording,shake_phone,1,-2.754389,3.581129,9.849695,-0.033774,-0.180520,0.244722
1870343770.000,OLV,recording,shake_phone,1,-2.621559,3.754435,9.896673,0.213020,-0.521627,0.281918
1870343780.000,OLV,recording,shake_phone,1,-2.885132,3.857569,9.925836,0.498571,-1.049335,0.297614
1870343790.000,OLV,recording,shake_phone,1,-3.424290,3.934197,9.991444,0.856125,-1.795809,0.319932
1870343800.000,OLV,recording,shake_phone,1,-3.966105,3.990478,10.047663,1.277454,-2.624910,0.369859
1870343810.000,OLV,recording,shake_phone,1,-4.113807,4.016939,10.093705,1.718668,-3.324318,0.447019
1870343820.000,OLV,recording,shake_phone,1,-3.673376,4.074829,10.068615,2.120714,-3.737453,0.530554
1870343830.000,OLV,recording,shake_phone,1,-2.763974,4.148769,9.780882,2.406988,-3.772712,0.591580
1870343840.000,OLV,recording,shake_phone,1,-1.669806,4.278093,9.247518,2.524128,-3.404151,0.607254
1870343850.000,OLV,recording,shake_phone,1,-0.657138,4.489931,8.602923,2.457200,-2.683394,0.573446
1870343860.000,OLV,recording,shake_phone,1,0.124271,4.627978,7.870217,2.219201,-1.755382,0.504678
1870343870.000,OLV,recording,shake_phone,1,0.559678,4.695428,7.075934,1.847728,-0.820767,0.427258
1870343880.000,OLV,recording,shake_phone,1,0.600506,4.829297,6.313218,1.388966,-0.076764,0.371022
1870343890.000,OLV,recording,shake_phone,1,0.380435,5.074488,5.761425,0.897703,0.357811,0.355931
1870343900.000,OLV,recording,shake_phone,1,0.073215,5.345160,5.547868,0.436702,0.482892,0.382535
1870343910.000,OLV,recording,shake_phone,1,-0.177654,5.635628,5.742245,0.062632,0.375621,0.430804
1870343920.000,OLV,recording,shake_phone,1,-0.257341,5.887692,6.301276,-0.185495,0.095604,0.470288
1870343930.000,OLV,recording,shake_phone,1,-0.243193,6.002702,7.081660,-0.292629,-0.314597,0.477092
1870343940.000,OLV,recording,shake_phone,1,-0.247208,6.060494,7.963491,-0.262316,-0.763376,0.444843
1870343950.000,OLV,recording,shake_phone,1,-0.199567,6.093565,8.728504,-0.122336,-1.126150,0.381304
1870343960.000,OLV,recording,shake_phone,1,-0.031063,6.041974,9.187905,0.075939,-1.299634,0.301912
1870343970.000,OLV,recording,shake_phone,1,0.193240,5.869831,9.270618,0.272933,-1.251324,0.225809
1870343980.000,OLV,recording,shake_phone,1,0.378208,5.602947,9.034803,0.418206,-1.028847,0.172013
1870343990.000,OLV,recording,shake_phone,1,0.455908,5.388332,8.591301,0.481749,-0.718136,0.153811
1870344000.000,OLV,recording,shake_phone,1,0.523740,5.282565,8.113027,0.458485,-0.395283,0.174750
1870344010.000,OLV,recording,shake_phone,1,0.647619,5.296523,7.753257,0.364605,-0.102617,0.227850
1870344020.000,OLV,recording,shake_phone,1,0.774626,5.453101,7.588702,0.226589,0.143637,0.296936
1870344030.000,OLV,recording,shake_phone,1,0.899834,5.649868,7.646577,0.078654,0.334057,0.360287
1870344040.000,OLV,recording,shake_phone,1,1.037182,5.833324,7.854070,-0.044800,0.478258,0.398382
1870344050.000,OLV,recording,shake_phone,1,1.211640,6.043124,7.980837,-0.134836,0.634987,0.398003
1870344060.000,OLV,recording,shake_phone,1,1.491559,6.375974,7.800241,-0.232613,0.916167,0.343842
1870344070.000,OLV,recording,shake_phone,1,2.040998,6.799339,7.263018,-0.428170,1.436598,0.209539
1870344080.000,OLV,recording,shake_phone,1,2.878712,7.052314,6.492108,-0.794281,2.201342,-0.019567
1870344090.000,OLV,recording,shake_phone,1,3.599811,6.865185,5.783910,-1.325308,3.083430,-0.326904
1870344100.000,OLV,recording,shake_phone,1,3.530937,6.358583,5.463655,-1.943865,3.912386,-0.667296
1870344110.000,OLV,recording,shake_phone,1,2.279418,5.867358,5.724380,-2.522298,4.522131,-0.970063
1870344120.000,OLV,recording,shake_phone,1,0.371496,5.453490,6.670282,-2.919254,4.773306,-1.167853
1870344130.000,OLV,recording,shake_phone,1,-1.455739,5.115246,8.041024,-3.039926,4.629555,-1.240804
1870344140.000,OLV,recording,shake_phone,2,-2.840519,4.874110,9.234453,-2.867301,4.215719,-1.221741
1870344150.000,OLV,recording,shake_phone,2,-3.442072,4.586726,9.835068,-2.462834,3.707868,-1.161700
1870344160.000,OLV,recording,shake_phone,2,-3.480388,4.121334,9.910770,-1.943872,3.178278,-1.101691
1870344170.000,OLV,recording,shake_phone,2,-3.579082,3.698760,9.598359,-1.431928,2.643651,-1.051853
1870344180.000,OLV,recording,shake_phone,2,-3.910063,3.442082,8.996770,-1.012320,2.157312,-0.993973
1870344190.000,OLV,recording,shake_phone,2,-4.276354,3.194844,8.391613,-0.721167,1.755714,-0.908460
1870344200.000,OLV,recording,shake_phone,2,-4.562543,2.925801,8.007261,-0.547818,1.429254,-0.790752
1870344210.000,OLV,recording,shake_phone,2,-4.772185,2.708636,7.867136,-0.452972,1.156763,-0.647814
1870344220.000,OLV,recording,shake_phone,2,-4.937977,2.565177,8.003327,-0.391786,0.922228,-0.488202
1870344230.000,OLV,recording,shake_phone,2,-4.969657,2.535942,8.335194,-0.322960,0.696026,-0.323376
1870344240.000,OLV,recording,shake_phone,2,-4.899498,2.648091,8.831148,-0.207134,0.405138,-0.170132
1870344250.000,OLV,recording,shake_phone,2,-4.891954,2.837219,9.479784,0.000407,-0.027690,-0.042903
1870344260.000,OLV,recording,shake_phone,2,-5.137103,2.986544,10.131920,0.341595,-0.652089,0.064013
1870344270.000,OLV,recording,shake_phone,2,-5.658078,3.074650,10.605484,0.832004,-1.487153,0.174262
1870344280.000,OLV,recording,shake_phone,2,-6.343191,3.006211,10.827267,1.450615,-2.502263,0.315663
1870344290.000,OLV,recording,shake_phone,2,-7.037288,2.768504,10.725977,2.141096,-3.589021,0.514642
1870344300.000,OLV,recording,shake_phone,2,-7.332875,2.511160,10.197032,2.815592,-4.570653,0.784341
1870344310.000,OLV,recording,shake_phone,2,-6.783078,2.313523,9.331128,3.371549,-5.282295,1.111750
1870344320.000,OLV,recording,shake_phone,2,-5.415339,2.394402,8.254976,3.724325,-5.636180,1.449727
1870344330.000,OLV,recording,shake_phone,2,-3.518268,2.826540,7.284108,3.834597,-5.633634,1.730499
1870344340.000,OLV,recording,shake_phone,2,-1.308917,3.541097,6.697023,3.715292,-5.325197,1.887897
1870344350.000,OLV,recording,shake_phone,2,0.778969,4.432139,6.496710,3.415127,-4.743230,1.876437
1870344360.000,OLV,recording,shake_phone,2,2.432160,5.325939,6.494413,2.997242,-3.916745,1.686018
1870344370.000,OLV,recording,shake_phone,2,3.553018,6.147018,6.442103,2.528308,-2.964945,1.361570
1870344380.000,OLV,recording,shake_phone,2,4.105675,6.939740,6.109622,2.034101,-1.992103,0.966825
1870344390.000,OLV,recording,shake_phone,2,4.125505,7.613180,5.445654,1.501303,-1.038198,0.546399
1870344400.000,OLV,recording,shake_phone,2,3.762289,8.030470,4.710408,0.925402,-0.176595,0.142148
1870344410.000,OLV,recording,shake_phone,2,3.221743,8.153725,4.217000,0.327703,0.522118,-0.213115
1870344420.000,OLV,recording,shake_phone,2,2.615433,8.058248,4.139349,-0.248868,1.044201,-0.506676
1870344430.000,OLV,recording,shake_phone,2,2.125373,7.843394,4.388715,-0.770047,1.448372,-0.748171
1870344440.000,OLV,recording,shake_phone,2,1.911603,7.535609,4.733239,-1.233770,1.845710,-0.962477
1870344450.000,OLV,recording,shake_phone,2,1.959046,7.143469,4.873181,-1.670025,2.339321,-1.174651
1870344460.000,OLV,recording,shake_phone,2,2.044504,6.654215,4.845261,-2.110291,2.949264,-1.397471
1870344470.000,OLV,recording,shake_phone,2,1.882426,6.122179,4.883652,-2.552498,3.618330,-1.628962
1870344480.000,OLV,recording,shake_phone,2,1.201765,5.546379,5.075136,-2.950573,4.242732,-1.850278
1870344490.000,OLV,recording,shake_phone,2,0.072588,4.997693,5.481315,-3.245020,4.704319,-2.030636
1870344500.000,OLV,recording,shake_phone,2,-1.164940,4.483814,5.931574,-3.400989,4.919827,-2.143707
1870344510.000,OLV,recording,shake_phone,2,-2.471425,3.945157,6.520559,-3.402628,4.831657,-2.178637
1870344520.000,OLV,recording,shake_phone,2,-3.795121,3.428866,7.310939,-3.240654,4.430382,-2.132759
1870344530.000,OLV,recording,shake_phone,2,-5.094781,2.953910,8.045789,-2.923482,3.774049,-2.000612
1870344540.000,OLV,recording,shake_phone,2,-6.294346,2.559586,8.622133,-2.484549,2.941633,-1.776685
1870344550.000,OLV,recording,shake_phone,2,-7.128118,2.220381,9.001103,-1.977104,2.023597,-1.467205
1870344560.000,OLV,recording,shake_phone,2,-7.461436,1.953146,9.187643,-1.465115,1.132936,-1.097144
1870344570.000,OLV,recording,shake_phone,2,-7.329778,1.808071,9.273027,-1.006017,0.378555,-0.704362
1870344580.000,OLV,recording,shake_phone,2,-6.903569,1.771043,9.345225,-0.633480,-0.181146,-0.326834
1870344590.000,OLV,recording,shake_phone,2,-6.426607,1.851659,9.516232,-0.349341,-0.565018,0.009713
1870344600.000,OLV,recording,shake_phone,2,-6.099902,2.026255,9.937556,-0.115929,-0.858299,0.297079
1870344610.000,OLV,recording,shake_phone,2,-6.031004,2.152836,10.675783,0.142267,-1.183961,0.547625
1870344620.000,OLV,recording,shake_phone,2,-6.269182,2.198850,11.528383,0.516660,-1.658862,0.795351
1870344630.000,OLV,recording,shake_phone,2,-6.651337,2.229335,12.135010,1.063751,-2.324483,1.079190
1870344640.000,OLV,recording,shake_phone,2,-6.794931,2.252927,12.121464,1.724063,-3.073989,1.404078
1870344650.000,OLV,recording,shake_phone,2,-6.347045,2.370533,11.415523,2.367029,-3.755493,1.740228
1870344660.000,OLV,recording,shake_phone,2,-5.195534,2.692320,10.405749,2.890816,-4.292114,2.037771
1870344670.000,OLV,recording,shake_phone,2,-3.391808,3.277715,9.509951,3.245578,-4.629284,2.234202
1870344680.000,OLV,recording,shake_phone,2,-1.294873,4.015073,8.788902,3.430731,-4.700079,2.284137
1870344690.000,OLV,recording,shake_phone,2,0.682366,4.735235,8.082876,3.447680,-4.461950,2.173859
1870344700.000,OLV,recording,shake_phone,2,2.292040,5.407217,7.204530,3.281478,-3.925355,1.916660
1870344710.000,OLV,recording,shake_phone,2,3.426490,6.049750,6.111673,2.922273,-3.137782,1.543393
1870344720.000,OLV,recording,shake_phone,2,4.115293,6.636697,4.959455,2.383588,-2.185741,1.094839
1870344730.000,OLV,recording,shake_phone,2,4.359516,7.040900,3.978843,1.706490,-1.186185,0.616284
1870344740.000,OLV,recording,shake_phone,2,4.144930,7.212844,3.338577,0.958590,-0.258022,0.151357
1870344750.000,OLV,recording,shake_phone,2,3.554754,7.183363,3.202473,0.221553,0.491258,-0.263634
1870344760.000,OLV,recording,shake_phone,2,2.769691,6.994207,3.654743,-0.427054,0.988377,-0.605337
1870344770.000,OLV,recording,shake_phone,2,1.976569,6.709317,4.490060,-0.931812,1.236801,-0.868946
1870344780.000,OLV,recording,shake_phone,2,1.302787,6.413339,5.380114,-1.279630,1.317285,-1.067007
1870344790.000,OLV,recording,shake_phone,2,0.836338,6.115365,6.105346,-1.501016,1.347624,-1.217611
1870344800.000,OLV,recording,shake_phone,2,0.538106,5.767776,6.566148,-1.644689,1.414852,-1.334633
1870344810.000,OLV,recording,shake_phone,2,0.335904,5.374000,6.885843,-1.749576,1.536353,-1.428740
1870344820.000,OLV,recording,shake_phone,2,0.120459,5.016600,7.099812,-1.834002,1.702905,-1.509429
1870344830.000,OLV,recording,shake_phone,2,-0.290285,4.708302,7.210631,-1.900430,1.887138,-1.578527
1870344840.000,OLV,recording,shake_phone,2,-0.961724,4.400155,7.315839,-1.941077,2.017661,-1.624580
1870344850.000,OLV,recording,shake_phone,2,-1.834712,4.121134,7.522136,-1.936718,2.007061,-1.629184
1870344860.000,OLV,recording,shake_phone,2,-2.808427,3.877408,7.957862,-1.859496,1.787538,-1.576766
1870344870.000,OLV,recording,shake_phone,2,-3.795599,3.732886,8.672141,-1.681177,1.335932,-1.460100
1870344880.000,OLV,recording,shake_phone,2,-4.689311,3.588379,9.499081,-1.387021,0.706500,-1.279203
1870344890.000,OLV,recording,shake_phone,2,-5.333632,3.273810,10.143736,-0.993957,0.018288,-1.036591
1870344900.000,OLV,recording,shake_phone,2,-5.645155,2.974442,10.482343,-0.554306,-0.607041,-0.739288
1870344910.000,OLV,recording,shake_phone,2,-5.572278,2.753106,10.582762,-0.128844,-1.102106,-0.401066
1870344920.000,OLV,recording,shake_phone,2,-5.158109,2.547381,10.668487,0.249528,-1.478040,-0.042673
1870344930.000,OLV,recording,shake_phone,2,-4.652684,2.457094,11.028295,0.605669,-1.807650,0.316249
1870344940.000,OLV,recording,shake_phone,2,-4.265037,2.513566,11.847521,0.998948,-2.175159,0.653803
1870344950.000,OLV,recording,shake_phone,2,-4.104689,2.618681,12.869191,1.483712,-2.585125,0.960722
1870344960.000,OLV,recording,shake_phone,2,-4.043460,2.848110,13.351531,2.061176,-2.932269,1.243997
1870344970.000,OLV,recording,shake_phone,2,-3.791749,3.145534,12.854512,2.639027,-3.104666,1.503354
1870344980.000,OLV,recording,shake_phone,2,-3.159382,3.449903,11.569311,3.086934,-3.062278,1.732939
1870344990.000,OLV,recording,shake_phone,2,-2.073790,3.861581,9.941198,3.318825,-2.826859,1.917876
1870345000.000,OLV,recording,shake_phone,2,-0.743110,4.362482,8.338372,3.319830,-2.461076,2.036645
1870345010.000,OLV,recording,shake_phone,2,0.502779,4.889601,6.933006,3.120971,-2.026726,2.070337
1870345020.000,OLV,recording,shake_phone,2,1.540384,5.384101,5.770697,2.775380,-1.560755,2.012672
1870345030.000,OLV,recording,shake_phone,2,2.332273,5.788843,4.918192,2.345551,-1.104174,1.874112
1870345040.000,OLV,recording,shake_phone,2,2.884860,6.123119,4.389594,1.885052,-0.701247,1.674275
1870345050.000,OLV,recording,shake_phone,2,3.233681,6.390695,4.157217,1.431517,-0.369434,1.434230
1870345060.000,OLV,recording,shake_phone,2,3.366958,6.595381,4.168129,1.009274,-0.102250,1.173358
1870345070.000,OLV,recording,shake_phone,2,3.289459,6.684530,4.375563,0.634985,0.103768,0.913440
1870345080.000,OLV,recording,shake_phone,2,3.022007,6.670464,4.692868,0.321268,0.250067,0.679834
1870345090.000,OLV,recording,shake_phone,2,2.633913,6.607826,5.008337,0.068447,0.355440,0.493678
1870345100.000,OLV,recording,shake_phone,2,2.276388,6.506508,5.276886,-0.134685,0.441502,0.362486
1870345110.000,OLV,recording,shake_phone,2,2.028192,6.407066,5.562536,-0.300993,0.511078,0.280955
1870345120.000,OLV,recording,shake_phone,2,1.867261,6.370421,5.880319,-0.438602,0.563605,0.237807
1870345130.000,OLV,recording,shake_phone,2,1.783038,6.408278,6.232853,-0.546769,0.601995,0.218531
1870345140.000,OLV,recording,shake_phone,2,1.791552,6.459918,6.611723,-0.618805,0.618540,0.208388
1870345150.000,OLV,recording,shake_phone,2,1.847561,6.484729,6.968093,-0.650091,0.603613,0.198273
1870345160.000,OLV,recording,shake_phone,2,1.887409,6.538186,7.285290,-0.643385,0.559942,0.184698
1870345170.000,OLV,recording,shake_phone,2,1.920073,6.589977,7.557710,-0.605020,0.491035,0.166409
1870345180.000,OLV,recording,shake_phone,2,1.961777,6.595733,7.805125,-0.540983,0.403192,0.143526
1870345190.000,OLV,recording,shake_phone,2,2.103959,6.601436,8.078446,-0.457820,0.321108,0.115887
1870345200.000,OLV,recording,shake_phone,2,2.243778,6.609573,8.290365,-0.364447,0.261772,0.082090
1870345210.000,OLV,recording,shake_phone,2,2.136391,6.590147,8.288584,-0.276128,0.218569,0.045597
1870345220.000,OLV,recording,shake_phone,2,1.879499,6.543517,8.162955,-0.206654,0.196826,0.015794
1870345230.000,OLV,recording,shake_phone,2,1.669081,6.423339,8.042686,-0.160529,0.207742,-0.002116
1870345240.000,OLV,recording,shake_phone,2,1.540518,6.230265,7.897471,-0.136807,0.240658,-0.009829
1870345250.000,OLV,recording,shake_phone,2,1.455831,6.098119,7.757603,-0.128659,0.276754,-0.011682
1870345260.000,OLV,recording,shake_phone,2,1.395180,6.033049,7.653555,-0.127385,0.305599,-0.010660
1870345270.000,OLV,recording,shake_phone,2,1.338719,6.000342,7.555993,-0.128698,0.324216,-0.011063
1870345280.000,OLV,recording,shake_phone,2,1.236450,5.977540,7.456664,-0.131842,0.326151,-0.016219
1870345290.000,OLV,recording,shake_phone,2,1.131704,5.937060,7.368841,-0.136906,0.305819,-0.024084
1870345300.000,OLV,recording,shake_phone,2,1.100071,5.898188,7.318953,-0.146647,0.270267,-0.034137
1870345310.000,OLV,recording,shake_phone,2,1.101671,5.858772,7.325054,-0.162485,0.236285,-0.047896
1870345320.000,OLV,recording,shake_phone,2,1.110315,5.810091,7.405914,-0.182278,0.217395,-0.064795
1870345330.000,OLV,recording,shake_phone,2,1.092798,5.790009,7.544229,-0.203487,0.218694,-0.082725
1870345340.000,OLV,recording,shake_phone,2,1.027869,5.795343,7.669028,-0.223427,0.235923,-0.097271
1870345350.000,OLV,recording,shake_phone,2,0.922585,5.812213,7.759995,-0.239384,0.255908,-0.105775
1870345360.000,OLV,recording,shake_phone,2,0.801805,5.848207,7.798021,-0.247986,0.266840,-0.106647
1870345370.000,OLV,recording,shake_phone,2,0.713012,5.873475,7.804840,-0.249918,0.265644,-0.097749
1870345380.000,OLV,recording,shake_phone,2,0.699098,5.848649,7.816165,-0.249378,0.254268,-0.081775
1870345390.000,OLV,recording,shake_phone,2,0.752290,5.825406,7.878291,-0.246899,0.235238,-0.066080
1870345400.000,OLV,recording,shake_phone,2,0.823354,5.804804,8.028348,-0.236023,0.212301,-0.054476
1870345410.000,OLV,recording,shake_phone,2,0.891191,5.774090,8.149376,-0.210485,0.189572,-0.043903
1870345420.000,OLV,recording,shake_phone,2,0.919063,5.766370,8.165464,-0.171804,0.166263,-0.033967
1870345430.000,OLV,recording,shake_phone,2,0.879616,5.786013,8.128675,-0.127589,0.139303,-0.026300
1870345440.000,OLV,recording,shake_phone,2,0.862215,5.824430,8.076937,-0.086721,0.111841,-0.021051
1870345450.000,OLV,recording,shake_phone,2,0.907654,5.842068,8.084306,-0.054877,0.093946,-0.021088
1870345460.000,OLV,recording,shake_phone,2,0.954929,5.834208,8.115865,-0.030096,0.094183,-0.027667
1870345470.000,OLV,recording,shake_phone,2,0.937890,5.799207,8.081724,-0.011026,0.112636,-0.036666
1870345480.000,OLV,recording,shake_phone,2,0.872395,5.790610,7.969690,-0.004331,0.141666,-0.043525
1870345490.000,OLV,recording,shake_phone,2,0.787776,5.818808,7.801595,-0.015327,0.168463,-0.048744
1870345500.000,OLV,recording,shake_phone,2,0.726666,5.888022,7.681426,-0.044066,0.187504,-0.058414
1870345510.000,OLV,recording,shake_phone,2,0.889546,6.052293,7.567303,-0.092929,0.222981,-0.083996
1870345520.000,OLV,recording,shake_phone,2,1.275164,6.172772,7.276174,-0.178238,0.318598,-0.141835
1870345530.000,OLV,recording,shake_phone,2,1.642977,6.117624,6.834267,-0.319568,0.487058,-0.240090
1870345540.000,OLV,recording,shake_phone,2,1.736396,5.949708,6.504832,-0.513278,0.690020,-0.367559
1870345550.000,OLV,recording,shake_phone,2,1.461941,5.819937,6.512955,-0.723505,0.867684,-0.500763
1870345560.000,OLV,recording,shake_phone,2,1.097367,5.812867,6.880470,-0.899500,0.971214,-0.620018
1870345570.000,OLV,recording,shake_phone,2,0.932552,5.877878,7.419077,-1.003885,0.979427,-0.722699
1870345580.000,OLV,recording,shake_phone,2,1.000710,5.904963,8.009435,-1.025774,0.891965,-0.821238
1870345590.000,OLV,recording,shake_phone,2,1.182675,5.916155,8.537918,-0.975889,0.733569,-0.924100
1870345600.000,OLV,recording,shake_phone,2,1.369981,5.928116,8.895255,-0.876733,0.561995,-1.028990
1870345610.000,OLV,recording,shake_phone,2,1.608122,5.925711,9.068376,-0.769130,0.450313,-1.134659
1870345620.000,OLV,recording,shake_phone,2,1.994643,5.978580,8.995447,-0.712594,0.481373,-1.249121
1870345630.000,OLV,recording,shake_phone,2,2.674489,6.138426,8.920999,-0.749257,0.689210,-1.392122
1870345640.000,OLV,recording,shake_phone,2,3.675943,6.326294,9.276948,-0.856847,1.004398,-1.585230
1870345650.000,OLV,recording,shake_phone,2,4.356985,6.308082,10.050010,-0.945572,1.326938,-1.834289
1870345660.000,OLV,recording,shake_phone,2,3.990432,6.080517,10.716745,-0.920785,1.602771,-2.117528
1870345670.000,OLV,recording,shake_phone,2,2.635159,5.724592,10.744728,-0.764750,1.811860,-2.382819
1870345680.000,OLV,recording,shake_phone,2,1.014184,5.179448,9.994470,-0.545263,1.938661,-2.580025
1870345690.000,OLV,recording,shake_phone,2,-0.363323,4.434623,8.845577,-0.341694,1.955535,-2.697985
1870345700.000,OLV,recording,shake_phone,2,-1.698024,3.633682,7.894819,-0.183886,1.818760,-2.751663
1870345710.000,OLV,recording,shake_phone,2,-3.373152,2.978735,7.497074,-0.047740,1.481745,-2.741375
1870345720.000,OLV,recording,shake_phone,2,-5.456894,2.284353,7.742156,0.119610,0.926637,-2.642579
1870345730.000,OLV,recording,shake_phone,2,-7.830065,1.487548,8.305237,0.360957,0.217378,-2.415238
1870345740.000,OLV,recording,shake_phone,2,-10.200517,0.770850,8.874138,0.673203,-0.528411,-2.015077
1870345750.000,OLV,recording,shake_phone,2,-11.889173,0.062528,9.189020,1.000339,-1.180795,-1.419171
1870345760.000,OLV,recording,shake_phone,2,-12.610358,-0.526819,9.062157,1.262644,-1.597259,-0.644094
1870345770.000,OLV,recording,shake_phone,2,-12.723587,-0.861188,8.680709,1.398816,-1.706825,0.266386
1870345780.000,OLV,recording,shake_phone,2,-12.247473,-0.890406,8.178010,1.384152,-1.539476,1.261600
1870345790.000,OLV,recording,shake_phone,2,-11.116489,-0.684779,7.668108,1.237890,-1.156103,2.272650
1870345800.000,OLV,recording,shake_phone,2,-9.472486,-0.358073,7.173948,1.015404,-0.652831,3.168843
1870345810.000,OLV,recording,shake_phone,2,-7.522792,0.101479,6.658613,0.753240,-0.143053,3.846453
1870345820.000,OLV,recording,shake_phone,2,-5.324044,0.806339,6.440722,0.455024,0.269030,4.291142
1870345830.000,OLV,recording,shake_phone,2,-2.761424,1.744953,6.795160,0.136516,0.520197,4.515390
1870345840.000,OLV,recording,shake_phone,2,0.211827,2.894777,7.666738,-0.155692,0.630921,4.532141
1870345850.000,OLV,recording,shake_phone,2,3.608396,4.318177,8.962276,-0.345228,0.639944,4.333116
1870345860.000,OLV,recording,shake_phone,2,7.169919,6.023015,10.425763,-0.353733,0.600739,3.884835
1870345870.000,OLV,recording,shake_phone,2,10.264594,7.953223,11.519264,-0.158516,0.591785,3.152220
1870345880.000,OLV,recording,shake_phone,2,11.921548,10.006662,11.577716,0.160538,0.654932,2.156709
1870345890.000,OLV,recording,shake_phone,2,11.969564,11.495739,10.342334,0.433727,0.796230,0.998507
1870345900.000,OLV,recording,shake_phone,2,11.065690,11.387589,8.359978,0.502769,1.033576,-0.186861
1870345910.000,OLV,recording,shake_phone,2,9.321707,10.119202,6.532776,0.317903,1.406029,-1.256242
1870345920.000,OLV,recording,shake_phone,2,6.800519,8.693942,5.467747,-0.055379,1.904748,-2.086635
1870345930.000,OLV,recording,shake_phone,2,4.169549,7.442164,5.276532,-0.489031,2.414670,-2.622911
1870345940.000,OLV,recording,shake_phone,2,2.007891,6.557491,5.819956,-0.851094,2.756997,-2.887359
1870345950.000,OLV,recording,shake_phone,2,0.522020,6.033749,6.862386,-1.034229,2.794734,-2.957021
1870345960.000,OLV,recording,shake_phone,2,-0.274824,5.629238,8.069094,-0.971362,2.496301,-2.931658
1870345970.000,OLV,recording,shake_phone,2,-0.726219,5.054367,8.919875,-0.660185,1.924057,-2.900690
1870345980.000,OLV,recording,shake_phone,2,-1.406387,4.189961,9.102760,-0.171949,1.173502,-2.907011
1870345990.000,OLV,recording,shake_phone,2,-2.619544,3.110520,8.790023,0.384602,0.320898,-2.933552
1870346000.000,OLV,recording,shake_phone,2,-4.400794,2.001593,8.297504,0.921302,-0.572998,-2.924287
1870346010.000,OLV,recording,shake_phone,2,-6.507527,0.993622,7.735108,1.386975,-1.429946,-2.813065
1870346020.000,OLV,recording,shake_phone,2,-8.548867,0.200311,7.078007,1.741887,-2.142495,-2.544643
1870346030.000,OLV,recording,shake_phone,2,-10.247187,-0.557687,6.266746,1.937069,-2.600676,-2.096264
1870346040.000,OLV,recording,shake_phone,2,-11.563658,-1.255234,5.338622,1.918676,-2.734026,-1.473721
1870346050.000,OLV,recording,shake_phone,2,-12.612724,-1.222374,4.638719,1.678505,-2.569146,-0.688707
1870346060.000,OLV,recording,shake_phone,2,-13.116492,-0.618569,4.224343,1.249453,-2.219589,0.222174
1870346070.000,OLV,recording,shake_phone,2,-12.663127,-0.046894,4.205148,0.690091,-1.782368,1.174624
1870346080.000,OLV,recording,shake_phone,2,-11.433117,0.408741,4.663041,0.117021,-1.310192,2.034656
1870346090.000,OLV,recording,shake_phone,2,-9.866296,0.813693,5.248983,-0.380921,-0.843009,2.730467
1870346100.000,OLV,recording,shake_phone,2,-7.989993,1.195686,5.842153,-0.794998,-0.439311,3.274166
1870346110.000,OLV,recording,shake_phone,2,-5.361646,1.675296,6.733113,-1.137618,-0.181939,3.657350
1870346120.000,OLV,recording,shake_phone,2,-2.209756,2.427697,8.156029,-1.392727,-0.111333,3.859234
1870346130.000,OLV,recording,shake_phone,2,0.836732,3.472639,9.852082,-1.498410,-0.158454,3.861921
1870346140.000,OLV,recording,shake_phone,2,3.521588,4.689804,11.443660,-1.402092,-0.181241,3.654461
1870346150.000,OLV,recording,shake_phone,2,5.575262,5.927888,12.619756,-1.123553,-0.106208,3.248341
1870346160.000,OLV,recording,shake_phone,2,6.961063,7.216850,13.126371,-0.751872,0.044866,2.683035
1870346170.000,OLV,recording,shake_phone,2,7.776954,8.441288,12.825580,-0.395732,0.256037,2.009995
1870346180.000,OLV,recording,shake_phone,2,8.146816,9.280616,11.873314,-0.143345,0.559363,1.277712
1870346190.000,OLV,recording,shake_phone,2,8.148923,9.461468,10.441042,-0.055949,0.973647,0.532833
1870346200.000,OLV,recording,shake_phone,2,7.770031,9.119659,9.004414,-0.147832,1.450388,-0.177636
1870346210.000,OLV,recording,shake_phone,2,7.094816,8.633818,8.139605,-0.357931,1.884862,-0.815130
1870346220.000,OLV,recording,shake_phone,2,6.308537,8.237460,8.081610,-0.571755,2.157405,-1.361596
1870346230.000,OLV,recording,shake_phone,2,5.549269,7.893457,8.748796,-0.665890,2.178436,-1.824730
1870346240.000,OLV,recording,shake_phone,2,4.793832,7.348290,9.713213,-0.560496,1.916976,-2.226472
1870346250.000,OLV,recording,shake_phone,2,3.803997,6.536586,10.419721,-0.260954,1.435716,-2.577690
1870346260.000,OLV,recording,shake_phone,2,2.533175,5.640709,10.434227,0.147769,0.877391,-2.867199
1870346270.000,OLV,recording,shake_phone,2,1.151124,4.791958,9.766108,0.549372,0.378434,-3.077896
1870346280.000,OLV,recording,shake_phone,2,-0.216781,3.982523,8.781033,0.856388,0.000615,-3.203533
1870346290.000,OLV,recording,shake_phone,2,-1.575427,3.156600,7.888241,1.043603,-0.269922,-3.246281
1870346300.000,OLV,recording,shake_phone,2,-2.999329,2.249594,7.350317,1.138883,-0.492305,-3.206063
1870346310.000,OLV,recording,shake_phone,2,-4.627637,1.345050,7.237179,1.194254,-0.744529,-3.073592
1870346320.000,OLV,recording,shake_phone,2,-6.546478,0.642516,7.367599,1.261999,-1.070826,-2.828514
1870346330.000,OLV,recording,shake_phone,2,-8.427389,0.254990,7.460773,1.371695,-1.433856,-2.449050
1870346340.000,OLV,recording,shake_phone,2,-9.801024,0.055222,7.376041,1.515471,-1.748601,-1.928659
1870346350.000,OLV,recording,shake_phone,2,-10.500998,-0.118257,7.113126,1.653458,-1.961274,-1.280815
1870346360.000,OLV,recording,shake_phone,2,-10.742965,-0.175020,6.576101,1.722969,-2.053437,-0.566459
1870346370.000,OLV,recording,shake_phone,2,-10.936575,-0.044677,5.693870,1.662921,-2.022493,0.159246
1870346380.000,OLV,recording,shake_phone,2,-11.281006,0.213815,4.717040,1.445129,-1.904704,0.893800
1870346390.000,OLV,recording,shake_phone,2,-11.622332,0.580517,3.936583,1.081933,-1.779290,1.639051
1870346400.000,OLV,recording,shake_phone,2,-11.450623,0.894681,3.603874,0.624904,-1.703961,2.378329
1870346410.000,OLV,recording,shake_phone,2,-9.953372,0.912236,3.978600,0.144697,-1.670450,3.063832
1870346420.000,OLV,recording,shake_phone,2,-6.966757,0.866092,5.268786,-0.300887,-1.649741,3.630972
1870346430.000,OLV,recording,shake_phone,2,-3.384414,1.309245,7.188324,-0.665232,-1.599324,4.032686
1870346440.000,OLV,recording,shake_phone,2,-0.050367,2.374621,9.253331,-0.897161,-1.473573,4.240718
1870346450.000,OLV,recording,shake_phone,2,2.844389,3.632564,11.356172,-0.938770,-1.248188,4.228302
1870346460.000,OLV,recording,shake_phone,2,5.366402,4.806021,13.131281,-0.752711,-0.917501,3.991467
1870346470.000,OLV,recording,shake_phone,2,7.566828,6.114582,13.877951,-0.390534,-0.512358,3.554746
1870346480.000,OLV,recording,shake_phone,2,9.081727,7.651964,13.226429,-0.009883,-0.050234,2.941410
1870346490.000,OLV,recording,shake_phone,2,9.726789,9.035647,11.430928,0.209493,0.501347,2.180857
1870346500.000,OLV,recording,shake_phone,2,9.799619,9.626438,9.298163,0.166707,1.144828,1.334781
1870346510.000,OLV,recording,shake_phone,2,9.447670,9.315620,7.709555,-0.119262,1.820043,0.488307
1870346520.000,OLV,recording,shake_phone,2,8.680529,8.748563,7.098673,-0.539460,2.449550,-0.281249
1870346530.000,OLV,recording,shake_phone,2,7.674839,8.347529,7.552691,-0.948431,2.939229,-0.933156
1870346540.000,OLV,recording,shake_phone,2,6.637246,7.928283,9.059479,-1.190689,3.171945,-1.464007
1870346550.000,OLV,recording,shake_phone,2,5.602590,7.333120,11.017773,-1.132717,3.063636,-1.890672
1870346560.000,OLV,recording,shake_phone,2,4.276649,6.623561,12.274693,-0.737839,2.644096,-2.228516
1870346570.000,OLV,recording,shake_phone,2,2.553819,5.836369,12.137720,-0.125395,2.042360,-2.468951
1870346580.000,OLV,recording,shake_phone,2,0.855995,5.130349,10.885686,0.497130,1.389730,-2.596365
1870346590.000,OLV,recording,shake_phone,2,-0.394066,4.572291,9.420042,0.976246,0.786784,-2.619674
1870346600.000,OLV,recording,shake_phone,2,-1.020896,4.176100,8.316933,1.263335,0.313108,-2.576179
1870346610.000,OLV,recording,shake_phone,2,-1.161792,3.879504,7.509457,1.381509,0.018059,-2.513233
1870346620.000,OLV,recording,shake_phone,2,-1.200998,3.477585,6.827353,1.384956,-0.099716,-2.463733
1870346630.000,OLV,recording,shake_phone,2,-1.568011,2.975546,6.227791,1.323338,-0.102810,-2.436391
1870346640.000,OLV,recording,shake_phone,2,-2.383949,2.529568,5.678706,1.226031,-0.079811,-2.418496
1870346650.000,OLV,recording,shake_phone,2,-3.567374,2.147991,5.236220,1.097161,-0.092978,-2.380135
1870346660.000,OLV,recording,shake_phone,2,-5.000366,1.859910,4.908904,0.940759,-0.162189,-2.284838
1870346670.000,OLV,recording,shake_phone,2,-6.601512,1.647714,4.734376,0.773776,-0.286671,-2.092885
1870346680.000,OLV,recording,shake_phone,2,-8.216479,1.505388,4.769165,0.610652,-0.449640,-1.775282
1870346690.000,OLV,recording,shake_phone,2,-9.494759,1.332844,4.932289,0.458935,-0.613319,-1.330318
1870346700.000,OLV,recording,shake_phone,2,-10.358348,1.080231,4.971268,0.309042,-0.738982,-0.776585
1870346710.000,OLV,recording,shake_phone,2,-11.115070,0.920561,4.756155,0.136594,-0.807909,-0.128412
1870346720.000,OLV,recording,shake_phone,2,-11.710859,0.881976,4.433301,-0.081514,-0.827755,0.602340
1870346730.000,OLV,recording,shake_phone,2,-11.632825,0.892130,4.134094,-0.361520,-0.810431,1.375256
1870346740.000,OLV,recording,shake_phone,2,-10.287447,0.920075,4.116793,-0.718127,-0.755673,2.114725
1870346750.000,OLV,recording,shake_phone,2,-7.564813,1.038699,5.007566,-1.146267,-0.655135,2.728821
1870346760.000,OLV,recording,shake_phone,2,-4.147350,1.522959,6.898897,-1.595648,-0.457205,3.145695
1870346770.000,OLV,recording,shake_phone,2,-0.728716,2.720286,9.251812,-1.984405,-0.073956,3.317445
1870346780.000,OLV,recording,shake_phone,2,2.231183,4.335220,11.627393,-2.215834,0.524275,3.203426
1870346790.000,OLV,recording,shake_phone,2,4.297087,5.520196,13.628484,-2.198552,1.246501,2.811075
1870346800.000,OLV,recording,shake_phone,2,5.400295,6.266193,14.732645,-1.927319,1.887222,2.220085
1870346810.000,OLV,recording,shake_phone,2,5.558995,7.015491,14.608212,-1.512222,2.293081,1.530338
1870346820.000,OLV,recording,shake_phone,2,4.930758,7.708995,13.216482,-1.110649,2.519091,0.822971
1870346830.000,OLV,recording,shake_phone,2,3.844007,7.905146,11.358305,-0.847956,2.680725,0.164012
1870346840.000,OLV,recording,shake_phone,2,2.468853,7.454730,10.079652,-0.751005,2.795987,-0.388036
1870346850.000,OLV,recording,shake_phone,2,0.915720,6.795049,9.513412,-0.761232,2.846107,-0.794756
1870346860.000,OLV,recording,shake_phone,2,-0.650177,6.294267,9.789202,-0.783477,2.804974,-1.049635
1870346870.000,OLV,recording,shake_phone,2,-2.035885,5.909747,10.366515,-0.723297,2.683254,-1.167008
1870346880.000,OLV,recording,shake_phone,2,-2.967577,5.473733,10.391463,-0.545929,2.520649,-1.169436
1870346890.000,OLV,recording,shake_phone,2,-3.449420,4.859102,9.877375,-0.292028,2.298793,-1.088846
1870346900.000,OLV,recording,shake_phone,2,-3.572124,4.341859,8.905416,-0.041609,2.010561,-0.985032
1870346910.000,OLV,recording,shake_phone,2,-3.464714,4.091429,7.746019,0.127955,1.685608,-0.917296
1870346920.000,OLV,recording,shake_phone,2,-3.469823,3.728757,7.054816,0.177311,1.301920,-0.894157
1870346930.000,OLV,recording,shake_phone,2,-3.500971,3.023632,7.038909,0.131310,0.813716,-0.884660
1870346940.000,OLV,recording,shake_phone,2,-2.755933,2.630035,7.248512,0.067491,0.291957,-0.891574
1870346950.000,OLV,recording,shake_phone,2,-1.651231,3.264218,7.800245,0.059542,-0.111719,-0.967306
1870346960.000,OLV,recording,shake_phone,2,-1.304460,3.707148,8.201967,0.128497,-0.300609,-1.130368
1870346970.000,OLV,recording,shake_phone,2,-1.429220,3.263640,7.800545,0.250360,-0.346149,-1.354212
1870346980.000,OLV,recording,shake_phone,2,-1.945020,2.301001,6.949377,0.385574,-0.470324,-1.590999
1870346990.000,OLV,recording,shake_phone,2,-2.674895,1.096706,6.059752,0.492883,-0.849644,-1.782133
1870347000.000,OLV,recording,shake_phone,2,-3.148468,0.889531,5.737394,0.543267,-1.468578,-1.909309
1870347010.000,OLV,recording,shake_phone,2,-3.637589,1.484705,6.152252,0.528107,-2.159842,-1.999062
1870347020.000,OLV,recording,shake_phone,2,-4.704033,1.913768,6.501886,0.417661,-2.631334,-2.099913
1870347030.000,OLV,recording,shake_phone,2,-6.445646,2.153526,6.975165,0.192154,-2.520087,-2.220798
1870347040.000,OLV,recording,shake_phone,2,-8.518800,2.330070,7.869771,-0.054401,-1.872862,-2.200680
1870347050.000,OLV,recording,shake_phone,2,-9.895030,2.316708,8.368673,-0.259519,-1.155428,-1.903760
1870347060.000,OLV,recording,shake_phone,2,-9.646641,1.768714,8.332404,-0.417659,-0.687046,-1.424060
1870347070.000,OLV,recording,shake_phone,2,-8.489818,1.099993,8.399697,-0.477651,-0.541488,-0.933323
1870347080.000,OLV,recording,shake_phone,2,-7.425582,1.011109,8.747197,-0.417924,-0.746308,-0.537812
1870347090.000,OLV,recording,shake_phone,2,-6.485479,1.369549,9.161069,-0.252185,-1.274143,-0.262051
1870347100.000,OLV,recording,shake_phone,2,-5.585489,1.841202,9.389527,-0.005518,-1.987084,-0.095709
1870347110.000,OLV,recording,shake_phone,2,-5.022313,2.275738,9.471805,0.289617,-2.716753,-0.006250
1870347120.000,OLV,recording,shake_phone,2,-4.743036,2.607877,9.464474,0.586168,-3.309268,0.064133
1870347130.000,OLV,recording,shake_phone,2,-4.286395,2.834083,9.270152,0.800007,-3.607713,0.181876
1870347140.000,OLV,recording,shake_phone,2,-3.324712,3.108540,8.563482,0.804507,-3.505587,0.384916
1870347150.000,OLV,recording,shake_phone,2,-2.232926,3.146179,8.134909,0.532977,-3.166528,0.658074
1870347160.000,OLV,recording,shake_phone,2,-1.026176,3.216719,8.801893,0.074478,-2.789203,0.956124
1870347170.000,OLV,recording,shake_phone,3,0.140377,3.814403,9.898314,-0.405740,-2.347448,1.251031
1870347180.000,OLV,recording,shake_phone,3,0.929190,4.442739,10.734088,-0.793441,-1.845744,1.527505
1870347190.000,OLV,recording,shake_phone,3,1.598588,4.445433,11.068771,-1.058556,-1.371408,1.734940
1870347200.000,OLV,recording,shake_phone,3,2.125371,3.778851,11.279074,-1.211441,-1.007146,1.783326
1870347210.000,OLV,recording,shake_phone,3,2.577674,3.181332,11.880776,-1.261355,-0.823490,1.596025
1870347220.000,OLV,recording,shake_phone,3,2.886405,3.133866,13.182485,-1.200595,-0.813777,1.175349
1870347230.000,OLV,recording,shake_phone,3,3.289586,3.351191,14.989155,-1.013068,-0.835044,0.637211
1870347240.000,OLV,recording,shake_phone,3,4.007597,3.260050,16.413165,-0.680476,-0.789280,0.116876
1870347250.000,OLV,recording,shake_phone,3,4.660611,2.891890,17.173062,-0.196023,-0.680276,-0.317163
1870347260.000,OLV,recording,shake_phone,3,5.092267,2.603156,17.724232,0.419641,-0.508796,-0.665526
1870347270.000,OLV,recording,shake_phone,3,5.043608,2.395258,17.701303,1.122188,-0.308689,-0.981462
1870347280.000,OLV,recording,shake_phone,3,3.974285,2.149753,16.728021,1.859606,-0.161326,-1.297603
1870347290.000,OLV,recording,shake_phone,3,2.071806,1.873491,15.220036,2.576384,-0.182526,-1.589643
1870347300.000,OLV,recording,shake_phone,3,-0.137153,1.595408,13.475904,3.209470,-0.405673,-1.792810
1870347310.000,OLV,recording,shake_phone,3,-1.840802,1.280844,11.365629,3.704097,-0.707264,-1.842158
1870347320.000,OLV,recording,shake_phone,3,-2.603675,1.001006,9.207703,4.023931,-0.988921,-1.722827
1870347330.000,OLV,recording,shake_phone,3,-2.944690,0.979438,7.604407,4.170300,-1.258897,-1.479553
1870347340.000,OLV,recording,shake_phone,3,-2.830913,1.337320,6.610391,4.196668,-1.517761,-1.210537
1870347350.000,OLV,recording,shake_phone,3,-2.258172,1.865725,5.927612,4.171021,-1.732999,-1.030306
1870347360.000,OLV,recording,shake_phone,3,-1.838943,2.202876,5.163978,4.125101,-1.848343,-0.982386
1870347370.000,OLV,recording,shake_phone,3,-1.888981,2.442444,4.058050,4.039941,-1.821305,-1.013539
1870347380.000,OLV,recording,shake_phone,3,-2.482489,2.644698,2.573934,3.862164,-1.672599,-1.030432
1870347390.000,OLV,recording,shake_phone,3,-3.405193,2.720514,0.881198,3.542470,-1.481943,-0.966884
1870347400.000,OLV,recording,shake_phone,3,-4.330149,2.657379,-0.518193,3.078602,-1.341184,-0.821211
1870347410.000,OLV,recording,shake_phone,3,-4.854095,2.516084,-1.067777,2.532087,-1.318859,-0.637998
1870347420.000,OLV,recording,shake_phone,3,-5.148236,2.471531,-0.467594,2.012668,-1.433543,-0.452805
1870347430.000,OLV,recording,shake_phone,3,-5.526918,2.659165,0.713918,1.627942,-1.611424,-0.255812
1870347440.000,OLV,recording,shake_phone,3,-5.964798,2.992214,1.257910,1.400103,-1.733800,-0.005494
1870347450.000,OLV,recording,shake_phone,3,-6.115709,3.262495,0.552471,1.225851,-1.738468,0.324094
1870347460.000,OLV,recording,shake_phone,3,-5.607216,3.332729,-0.820284,0.939119,-1.663358,0.709571
1870347470.000,OLV,recording,shake_phone,3,-4.741401,3.364986,-1.808116,0.431883,-1.582587,1.099122
1870347480.000,OLV,recording,shake_phone,3,-3.829884,3.497463,-1.829920,-0.316482,-1.436247,1.460766
1870347490.000,OLV,recording,shake_phone,3,-2.836382,3.657017,-1.151592,-1.303169,-1.001769,1.806383
1870347500.000,OLV,recording,shake_phone,3,-1.863067,3.728157,1.200193,-2.327330,-0.402960,2.142456
1870347510.000,OLV,recording,shake_phone,3,-0.429421,3.949870,4.290044,-3.081730,0.068514,2.458951
1870347520.000,OLV,recording,shake_phone,3,1.659942,4.540853,6.593250,-3.496361,0.308039,2.699830
1870347530.000,OLV,recording,shake_phone,3,3.811396,5.228725,8.770162,-3.620120,0.247254,2.790496
1870347540.000,OLV,recording,shake_phone,3,6.136065,6.024112,11.074992,-3.479327,-0.055501,2.699280
1870347550.000,OLV,recording,shake_phone,3,8.781404,7.003796,13.935755,-3.114495,-0.436588,2.419985
1870347560.000,OLV,recording,shake_phone,3,11.515972,7.957254,16.785020,-2.599633,-0.686238,1.975010
1870347570.000,OLV,recording,shake_phone,3,13.626515,8.594548,19.344707,-2.004223,-0.628416,1.404716
1870347580.000,OLV,recording,shake_phone,3,14.297381,8.676290,20.695153,-1.372849,-0.273697,0.786014
1870347590.000,OLV,recording,shake_phone,3,13.754999,8.400047,20.745682,-0.754063,0.145460,0.194639
1870347600.000,OLV,recording,shake_phone,3,12.414281,8.162838,20.102004,-0.163851,0.385834,-0.341472
1870347610.000,OLV,recording,shake_phone,3,10.498313,7.982764,19.446074,0.426849,0.393264,-0.812814
1870347620.000,OLV,recording,shake_phone,3,8.523295,7.540925,18.433303,1.022284,0.291804,-1.190179
1870347630.000,OLV,recording,shake_phone,3,6.920557,6.882658,16.844553,1.579175,0.222536,-1.441922
1870347640.000,OLV,recording,shake_phone,3,5.864518,6.299671,14.799893,2.040648,0.259638,-1.582672
1870347650.000,OLV,recording,shake_phone,3,5.153624,5.858395,12.507842,2.363230,0.413345,-1.658783
1870347660.000,OLV,recording,shake_phone,3,4.385544,5.432392,10.046031,2.522637,0.645512,-1.694773
1870347670.000,OLV,recording,shake_phone,3,3.703669,5.010615,7.699362,2.511410,0.874100,-1.695715
1870347680.000,OLV,recording,shake_phone,3,3.034531,4.651278,5.950822,2.361912,1.008720,-1.686806
1870347690.000,OLV,recording,shake_phone,3,2.061476,4.337468,4.805472,2.148576,1.019996,-1.691310
1870347700.000,OLV,recording,shake_phone,3,0.944286,4.078063,4.178056,1.943579,0.929286,-1.693423
1870347710.000,OLV,recording,shake_phone,3,-0.099550,3.806855,3.990791,1.791279,0.766249,-1.666317
1870347720.000,OLV,recording,shake_phone,3,-0.992451,3.462404,3.872961,1.706604,0.575819,-1.597040
1870347730.000,OLV,recording,shake_phone,3,-1.861246,3.067723,3.588372,1.676981,0.388355,-1.475351
1870347740.000,OLV,recording,shake_phone,3,-2.737052,2.756643,3.249602,1.679444,0.209965,-1.298681
1870347750.000,OLV,recording,shake_phone,3,-3.612028,2.776697,2.634344,1.681985,0.070094,-1.078746
1870347760.000,OLV,recording,shake_phone,3,-4.340975,2.920813,1.464572,1.622319,0.001359,-0.827395
1870347770.000,OLV,recording,shake_phone,3,-4.746287,2.916534,0.163032,1.440723,-0.019284,-0.556584
1870347780.000,OLV,recording,shake_phone,3,-4.972069,2.925556,-0.664389,1.136022,-0.034846,-0.278157
1870347790.000,OLV,recording,shake_phone,3,-5.211176,2.993548,-0.932817,0.755195,-0.056469,0.006581
1870347800.000,OLV,recording,shake_phone,3,-5.270680,2.990626,-0.868410,0.367906,-0.089207,0.284072
1870347810.000,OLV,recording,shake_phone,3,-5.076717,2.925736,-0.581590,0.030119,-0.156068,0.532832
1870347820.000,OLV,recording,shake_phone,3,-4.850744,2.940010,-0.114990,-0.235415,-0.278910,0.751383
1870347830.000,OLV,recording,shake_phone,3,-4.720832,3.032855,0.300309,-0.431962,-0.456644,0.954909
1870347840.000,OLV,recording,shake_phone,3,-4.700986,3.109857,0.537508,-0.590156,-0.674536,1.162082
1870347850.000,OLV,recording,shake_phone,3,-4.727902,3.203145,0.812700,-0.747823,-0.919445,1.392966
1870347860.000,OLV,recording,shake_phone,3,-4.549259,3.401843,1.424282,-0.914663,-1.153630,1.668156
1870347870.000,OLV,recording,shake_phone,3,-3.778923,3.591531,2.185234,-1.083063,-1.313927,1.989794
1870347880.000,OLV,recording,shake_phone,3,-2.137727,3.824548,2.793273,-1.274332,-1.388147,2.332737
1870347890.000,OLV,recording,shake_phone,3,0.575779,4.467549,3.713387,-1.516344,-1.422976,2.629090
1870347900.000,OLV,recording,shake_phone,3,4.046676,5.696328,5.435591,-1.793272,-1.418072,2.787073
1870347910.000,OLV,recording,shake_phone,3,7.541658,7.148311,7.842737,-2.050609,-1.302741,2.747764
1870347920.000,OLV,recording,shake_phone,3,10.292592,8.157177,10.533792,-2.233389,-1.036667,2.527657
1870347930.000,OLV,recording,shake_phone,3,12.074531,8.700439,13.224776,-2.306658,-0.664063,2.206014
1870347940.000,OLV,recording,shake_phone,3,13.471674,9.513346,15.686476,-2.247090,-0.245520,1.835154
1870347950.000,OLV,recording,shake_phone,3,14.729484,10.532996,17.944167,-2.044496,0.153687,1.388914
1870347960.000,OLV,recording,shake_phone,3,15.521428,10.849621,19.512116,-1.721482,0.473782,0.840967
1870347970.000,OLV,recording,shake_phone,3,15.154093,10.421496,19.990838,-1.322259,0.723566,0.241061
1870347980.000,OLV,recording,shake_phone,3,13.190666,9.681844,19.832460,-0.875256,0.936048,-0.311065
1870347990.000,OLV,recording,shake_phone,3,10.468722,8.755673,19.044016,-0.387929,1.105617,-0.737073
1870348000.000,OLV,recording,shake_phone,3,8.051513,7.788122,17.579401,0.132395,1.195241,-1.024777
1870348010.000,OLV,recording,shake_phone,3,6.225725,6.964198,15.428489,0.650439,1.203267,-1.203092
1870348020.000,OLV,recording,shake_phone,3,4.943588,6.297274,12.796576,1.099204,1.177295,-1.305516
1870348030.000,OLV,recording,shake_phone,3,3.975010,5.701293,10.173700,1.425545,1.143392,-1.362921
1870348040.000,OLV,recording,shake_phone,3,3.077660,5.125025,7.967328,1.620765,1.091695,-1.397084
1870348050.000,OLV,recording,shake_phone,3,2.108423,4.531712,6.240119,1.711941,1.019667,-1.411263
1870348060.000,OLV,recording,shake_phone,3,1.101328,3.904770,4.848629,1.732925,0.935611,-1.398424
1870348070.000,OLV,recording,shake_phone,3,0.145722,3.324422,3.648045,1.699169,0.846027,-1.348144
1870348080.000,OLV,recording,shake_phone,3,-0.822493,3.040566,2.625859,1.613529,0.764525,-1.245200
1870348090.000,OLV,recording,shake_phone,3,-1.719348,2.952549,1.715172,1.480082,0.703655,-1.090501
1870348100.000,OLV,recording,shake_phone,3,-2.366033,2.874520,0.878738,1.304464,0.642189,-0.901167
1870348110.000,OLV,recording,shake_phone,3,-2.802905,2.847136,0.256150,1.093686,0.548610,-0.695254
1870348120.000,OLV,recording,shake_phone,3,-3.164390,2.848716,-0.111448,0.858411,0.422501,-0.486677
1870348130.000,OLV,recording,shake_phone,3,-3.522089,2.833222,-0.345266,0.609491,0.287070,-0.278612
1870348140.000,OLV,recording,shake_phone,3,-3.819403,2.716539,-0.475278,0.356732,0.168710,-0.065767
1870348150.000,OLV,recording,shake_phone,3,-3.925999,2.526461,-0.490629,0.105862,0.073865,0.158989
1870348160.000,OLV,recording,shake_phone,3,-4.008031,2.456053,-0.420813,-0.142981,-0.014342,0.391843
1870348170.000,OLV,recording,shake_phone,3,-4.120502,2.531844,-0.339392,-0.397399,-0.120326,0.626044
1870348180.000,OLV,recording,shake_phone,3,-4.047299,2.614290,-0.240562,-0.672465,-0.258764,0.861172
1870348190.000,OLV,recording,shake_phone,3,-3.708625,2.649472,0.045681,-0.974578,-0.419652,1.098801
1870348200.000,OLV,recording,shake_phone,3,-3.138689,2.711133,0.518555,-1.301558,-0.572690,1.339007
1870348210.000,OLV,recording,shake_phone,3,-2.346668,2.823800,1.247530,-1.647907,-0.697746,1.579853
1870348220.000,OLV,recording,shake_phone,3,-1.314358,3.036969,2.309844,-2.000026,-0.803433,1.812513
1870348230.000,OLV,recording,shake_phone,3,0.092117,3.365770,3.843520,-2.332588,-0.905297,2.012380
1870348240.000,OLV,recording,shake_phone,3,1.920647,3.792334,6.115991,-2.597502,-0.981304,2.147119
1870348250.000,OLV,recording,shake_phone,3,3.782975,4.254539,8.920284,-2.732230,-0.977914,2.196555
1870348260.000,OLV,recording,shake_phone,3,5.286835,4.593203,11.379835,-2.704501,-0.878914,2.171832
1870348270.000,OLV,recording,shake_phone,3,6.663605,5.010845,13.005713,-2.546874,-0.732297,2.099572
1870348280.000,OLV,recording,shake_phone,3,8.257775,5.978233,14.428467,-2.323604,-0.606473,1.978001
1870348290.000,OLV,recording,shake_phone,3,9.934742,7.326150,16.106846,-2.066979,-0.508216,1.772819
1870348300.000,OLV,recording,shake_phone,3,11.428592,8.243315,17.710753,-1.773821,-0.386365,1.456457
1870348310.000,OLV,recording,shake_phone,3,12.403709,8.481456,18.714468,-1.441442,-0.219540,1.040615
1870348320.000,OLV,recording,shake_phone,3,12.431039,8.440099,19.066474,-1.083136,-0.027820,0.579861
1870348330.000,OLV,recording,shake_phone,3,11.514506,8.156077,18.864411,-0.722849,0.161112,0.145400
1870348340.000,OLV,recording,shake_phone,3,10.204090,7.525568,18.063308,-0.387725,0.338298,-0.209862
1870348350.000,OLV,recording,shake_phone,3,8.857961,6.812244,16.900644,-0.103214,0.528273,-0.470218
1870348360.000,OLV,recording,shake_phone,3,7.649220,6.147510,15.684322,0.124885,0.766355,-0.648053
1870348370.000,OLV,recording,shake_phone,3,6.656249,5.465091,14.468438,0.308426,1.039940,-0.759947
1870348380.000,OLV,recording,shake_phone,3,5.710346,4.819532,13.283921,0.469375,1.290320,-0.825141
1870348390.000,OLV,recording,shake_phone,3,4.764181,4.235600,12.155727,0.633400,1.460343,-0.865479
1870348400.000,OLV,recording,shake_phone,3,3.933013,3.725312,11.085004,0.815332,1.515759,-0.897358
1870348410.000,OLV,recording,shake_phone,3,3.218638,3.263211,10.023004,1.019616,1.458571,-0.930326
1870348420.000,OLV,recording,shake_phone,3,2.473341,2.933967,8.939369,1.236197,1.325993,-0.956990
1870348430.000,OLV,recording,shake_phone,3,1.643791,2.727457,7.769601,1.438788,1.164979,-0.959495
1870348440.000,OLV,recording,shake_phone,3,0.907786,2.511838,6.492165,1.593361,1.000610,-0.928102
1870348450.000,OLV,recording,shake_phone,3,0.340955,2.336932,5.181877,1.674606,0.843531,-0.867070
1870348460.000,OLV,recording,shake_phone,3,-0.134112,2.389063,3.971002,1.673700,0.710168,-0.785345
1870348470.000,OLV,recording,shake_phone,3,-0.523310,2.616538,2.870321,1.586763,0.618286,-0.688271
1870348480.000,OLV,recording,shake_phone,3,-0.876130,2.799206,1.877484,1.412875,0.571095,-0.579990
1870348490.000,OLV,recording,shake_phone,3,-1.197617,2.889230,1.151696,1.162661,0.550673,-0.465863
1870348500.000,OLV,recording,shake_phone,3,-1.422194,2.919327,0.775801,0.864136,0.529174,-0.351477
1870348510.000,OLV,recording,shake_phone,3,-1.623390,2.924067,0.762235,0.559670,0.489376,-0.240977
1870348520.000,OLV,recording,shake_phone,3,-1.881470,2.897400,0.941958,0.286195,0.430148,-0.133026
1870348530.000,OLV,recording,shake_phone,3,-2.201645,2.819200,1.071198,0.058697,0.349967,-0.019696
1870348540.000,OLV,recording,shake_phone,3,-2.528487,2.752296,1.101630,-0.133106,0.232410,0.109719
1870348550.000,OLV,recording,shake_phone,3,-2.776392,2.720115,1.106381,-0.311672,0.062088,0.261168
1870348560.000,OLV,recording,shake_phone,3,-2.763272,2.710439,1.190496,-0.502197,-0.157831,0.429191
1870348570.000,OLV,recording,shake_phone,3,-2.395734,2.741272,1.493687,-0.723696,-0.397432,0.601985
1870348580.000,OLV,recording,shake_phone,3,-1.752033,2.843238,2.067031,-0.972139,-0.614414,0.768358
1870348590.000,OLV,recording,shake_phone,3,-0.890231,3.041043,3.006789,-1.227764,-0.784410,0.919225
1870348600.000,OLV,recording,shake_phone,3,0.017574,3.267967,4.167012,-1.473396,-0.903424,1.046132
1870348610.000,OLV,recording,shake_phone,3,0.846341,3.521873,5.550732,-1.697885,-0.980237,1.144960
1870348620.000,OLV,recording,shake_phone,3,1.697185,3.872245,7.261004,-1.883873,-1.032453,1.217524
1870348630.000,OLV,recording,shake_phone,3,2.817427,4.312492,9.167739,-2.003907,-1.068156,1.265117
1870348640.000,OLV,recording,shake_phone,3,4.254553,4.806953,11.336953,-2.032458,-1.075374,1.279743
1870348650.000,OLV,recording,shake_phone,3,5.837095,5.326844,13.591563,-1.958496,-1.039252,1.248098
1870348660.000,OLV,recording,shake_phone,3,7.455187,5.868275,15.547877,-1.798801,-0.940968,1.158066
1870348670.000,OLV,recording,shake_phone,3,8.792685,6.472283,17.149188,-1.584219,-0.754901,0.994864
1870348680.000,OLV,recording,shake_phone,3,9.554862,6.982749,18.289661,-1.343803,-0.476033,0.755394
1870348690.000,OLV,recording,shake_phone,3,9.735625,7.093792,18.736426,-1.105215,-0.130538,0.461421
1870348700.000,OLV,recording,shake_phone,3,9.274784,6.778619,18.664564,-0.875519,0.248384,0.149705
1870348710.000,OLV,recording,shake_phone,3,8.203688,6.180760,18.221496,-0.635348,0.625922,-0.132697
1870348720.000,OLV,recording,shake_phone,3,6.760483,5.517330,17.422395,-0.362526,0.953812,-0.341177
1870348730.000,OLV,recording,shake_phone,3,5.385184,4.945952,16.237693,-0.060480,1.197609,-0.462209
1870348740.000,OLV,recording,shake_phone,3,4.363703,4.502108,14.703350,0.239822,1.354346,-0.518043
1870348750.000,OLV,recording,shake_phone,3,3.659676,4.189162,13.026881,0.500145,1.436155,-0.540613
1870348760.000,OLV,recording,shake_phone,3,3.189056,3.934058,11.446333,0.695075,1.460393,-0.555113
1870348770.000,OLV,recording,shake_phone,3,2.798525,3.603461,10.138030,0.824775,1.445031,-0.574125
1870348780.000,OLV,recording,shake_phone,3,2.347064,3.231558,9.130937,0.911422,1.403813,-0.595916
1870348790.000,OLV,recording,shake_phone,3,1.785059,2.926577,8.274377,0.980954,1.345036,-0.608259
1870348800.000,OLV,recording,shake_phone,3,1.181074,2.706949,7.394609,1.040387,1.273359,-0.598656
1870348810.000,OLV,recording,shake_phone,3,0.600501,2.494678,6.448871,1.079974,1.184564,-0.564933
1870348820.000,OLV,recording,shake_phone,3,0.072762,2.293797,5.532039,1.090021,1.065746,-0.511278
1870348830.000,OLV,recording,shake_phone,3,-0.360302,2.237608,4.781376,1.071061,0.908672,-0.443379
1870348840.000,OLV,recording,shake_phone,3,-0.619466,2.294930,4.150978,1.028105,0.725379,-0.368944
1870348850.000,OLV,recording,shake_phone,3,-0.782164,2.372172,3.555543,0.960704,0.542615,-0.294911
1870348860.000,OLV,recording,shake_phone,3,-0.996190,2.415323,3.063282,0.866271,0.374139,-0.223104
1870348870.000,OLV,recording,shake_phone,3,-1.201315,2.473547,2.715189,0.747845,0.218430,-0.151611
1870348880.000,OLV,recording,shake_phone,3,-1.352852,2.551829,2.502434,0.615042,0.075973,-0.078381
1870348890.000,OLV,recording,shake_phone,3,-1.508017,2.626814,2.352789,0.474598,-0.050199,-0.002052
1870348900.000,OLV,recording,shake_phone,3,-1.655577,2.701551,2.107060,0.319292,-0.159784,0.083133
1870348910.000,OLV,recording,shake_phone,3,-1.741390,2.758024,1.770539,0.129379,-0.257168,0.182388
1870348920.000,OLV,recording,shake_phone,3,-1.778126,2.796727,1.575541,-0.113271,-0.360649,0.297231
1870348930.000,OLV,recording,shake_phone,3,-1.617126,2.898072,1.665979,-0.416306,-0.494925,0.428135
1870348940.000,OLV,recording,shake_phone,3,-1.240546,3.063288,2.113200,-0.760753,-0.657085,0.563881
1870348950.000,OLV,recording,shake_phone,3,-0.715365,3.199825,2.951711,-1.115395,-0.826115,0.689389
1870348960.000,OLV,recording,shake_phone,3,0.157176,3.338856,4.167274,-1.458661,-0.983910,0.791757
1870348970.000,OLV,recording,shake_phone,3,1.308713,3.536425,5.848029,-1.770632,-1.103906,0.851636
1870348980.000,OLV,recording,shake_phone,3,2.416191,3.770001,7.936517,-2.020747,-1.160121,0.858741
1870348990.000,OLV,recording,shake_phone,3,3.502410,3.982769,10.193949,-2.173958,-1.137344,0.819295
1870349000.000,OLV,recording,shake_phone,3,4.594898,4.143351,12.640887,-2.203086,-1.031402,0.740427
1870349010.000,OLV,recording,shake_phone,3,5.555733,4.289581,15.038876,-2.096183,-0.856452,0.629382
1870349020.000,OLV,recording,shake_phone,3,6.254472,4.533797,16.866743,-1.866310,-0.628080,0.497568
1870349030.000,OLV,recording,shake_phone,3,6.514551,4.827629,18.017716,-1.553675,-0.357588,0.352990
1870349040.000,OLV,recording,shake_phone,3,6.411986,4.980102,18.477343,-1.214699,-0.069454,0.195948
1870349050.000,OLV,recording,shake_phone,3,6.111115,4.900331,18.319201,-0.894218,0.203852,0.034666
1870349060.000,OLV,recording,shake_phone,3,5.722697,4.675784,17.831849,-0.616821,0.429634,-0.112728
1870349070.000,OLV,recording,shake_phone,3,5.347496,4.400116,17.321660,-0.388957,0.602925,-0.243011
1870349080.000,OLV,recording,shake_phone,3,4.890642,4.059631,16.912624,-0.187608,0.757612,-0.363115
1870349090.000,OLV,recording,shake_phone,3,4.321724,3.652298,16.434632,0.025899,0.915369,-0.467399
1870349100.000,OLV,recording,shake_phone,3,3.671476,3.219385,15.727223,0.272368,1.062973,-0.541247
1870349110.000,OLV,recording,shake_phone,3,2.962457,2.812155,14.673251,0.546131,1.181953,-0.576688
1870349120.000,OLV,recording,shake_phone,3,2.283593,2.468836,13.320886,0.824465,1.265208,-0.576362
1870349130.000,OLV,recording,shake_phone,3,1.682657,2.234532,11.766815,1.077568,1.311377,-0.548526
1870349140.000,OLV,recording,shake_phone,3,1.147375,2.098584,10.137226,1.279168,1.317047,-0.502720
1870349150.000,OLV,recording,shake_phone,3,0.716770,2.039928,8.568749,1.415604,1.280836,-0.448015
1870349160.000,OLV,recording,shake_phone,3,0.361346,2.059171,7.150832,1.485481,1.208886,-0.394200
1870349170.000,OLV,recording,shake_phone,3,0.040974,2.142270,5.951962,1.494208,1.109478,-0.344295
1870349180.000,OLV,recording,shake_phone,3,-0.185792,2.195761,4.854712,1.448221,0.997179,-0.297229
1870349190.000,OLV,recording,shake_phone,3,-0.368294,2.213137,3.782879,1.348616,0.886071,-0.255445
1870349200.000,OLV,recording,shake_phone,3,-0.607223,2.307368,2.888461,1.195588,0.768828,-0.219930
1870349210.000,OLV,recording,shake_phone,3,-0.855393,2.426315,2.348210,1.000141,0.633886,-0.186915
1870349220.000,OLV,recording,shake_phone,3,-1.062156,2.477231,2.126452,0.786823,0.486646,-0.151359
1870349230.000,OLV,recording,shake_phone,3,-1.267545,2.448378,2.101863,0.591879,0.339947,-0.112561
1870349240.000,OLV,recording,shake_phone,3,-1.533183,2.411809,2.047215,0.431222,0.202686,-0.065069
1870349250.000,OLV,recording,shake_phone,3,-1.816012,2.420012,1.727028,0.281692,0.074958,0.000405
1870349260.000,OLV,recording,shake_phone,3,-2.020679,2.454527,1.201224,0.101975,-0.053061,0.084915
1870349270.000,OLV,recording,shake_phone,3,-2.076083,2.479049,0.749943,-0.143960,-0.191207,0.179405
1870349280.000,OLV,recording,shake_phone,3,-1.982001,2.508796,0.676181,-0.462041,-0.343437,0.272181
1870349290.000,OLV,recording,shake_phone,3,-1.714814,2.549895,1.179588,-0.824338,-0.510737,0.359017
1870349300.000,OLV,recording,shake_phone,3,-1.291617,2.529564,2.106732,-1.189305,-0.680525,0.443047
1870349310.000,OLV,recording,shake_phone,3,-0.823373,2.425963,3.261726,-1.522825,-0.844948,0.524303
1870349320.000,OLV,recording,shake_phone,3,-0.365467,2.396156,4.643036,-1.804786,-1.017589,0.596712
1870349330.000,OLV,recording,shake_phone,3,0.282885,2.556529,6.312564,-2.026386,-1.191616,0.652485
1870349340.000,OLV,recording,shake_phone,3,1.178813,2.786939,8.202799,-2.183923,-1.319654,0.677918
1870349350.000,OLV,recording,shake_phone,3,2.071615,2.893173,10.055192,-2.274569,-1.353306,0.667634
1870349360.000,OLV,recording,shake_phone,3,2.959644,2.904113,11.994829,-2.294128,-1.286812,0.637214
1870349370.000,OLV,recording,shake_phone,3,3.852127,2.978677,14.204523,-2.231724,-1.152940,0.604783
1870349380.000,OLV,recording,shake_phone,3,4.568213,3.215637,16.442738,-2.068027,-0.975482,0.576803
1870349390.000,OLV,recording,shake_phone,3,5.075365,3.470998,18.318978,-1.793797,-0.761602,0.543545
1870349400.000,OLV,recording,shake_phone,3,5.517929,3.610214,19.391212,-1.445926,-0.533321,0.480959
1870349410.000,OLV,recording,shake_phone,3,5.717344,3.691053,19.577943,-1.093503,-0.313188,0.373402
1870349420.000,OLV,recording,shake_phone,3,5.698217,3.620831,19.199394,-0.791025,-0.108627,0.228549
1870349430.000,OLV,recording,shake_phone,3,5.629292,3.386654,18.941669,-0.549206,0.098154,0.063645
1870349440.000,OLV,recording,shake_phone,3,5.269770,3.022811,18.915591,-0.324765,0.351364,-0.100915
1870349450.000,OLV,recording,shake_phone,3,4.544697,2.531825,18.602104,-0.062895,0.660987,-0.232147
1870349460.000,OLV,recording,shake_phone,3,3.648660,2.068497,17.705478,0.243081,0.982662,-0.302894
1870349470.000,OLV,recording,shake_phone,3,2.781396,1.740042,16.310864,0.556435,1.258424,-0.314542
1870349480.000,OLV,recording,shake_phone,3,2.083562,1.583433,14.762509,0.843382,1.452160,-0.286029
1870349490.000,OLV,recording,shake_phone,3,1.571008,1.540998,13.179831,1.088612,1.571440,-0.238352
1870349500.000,OLV,recording,shake_phone,3,1.221863,1.521748,11.514017,1.280095,1.645516,-0.186879
1870349510.000,OLV,recording,shake_phone,3,0.963844,1.465024,9.884557,1.403035,1.673866,-0.140782
1870349520.000,OLV,recording,shake_phone,3,0.707361,1.475370,8.529949,1.460774,1.631524,-0.105630
1870349530.000,OLV,recording,shake_phone,3,0.461370,1.605223,7.513778,1.479370,1.520435,-0.083820
1870349540.000,OLV,recording,shake_phone,3,0.238527,1.767312,6.708982,1.480724,1.370524,-0.074193
1870349550.000,OLV,recording,shake_phone,3,0.056174,1.897388,6.019544,1.469846,1.213286,-0.074703
1870349560.000,OLV,recording,shake_phone,3,-0.048620,1.992621,5.394669,1.440789,1.072445,-0.083143
1870349570.000,OLV,recording,shake_phone,3,-0.155623,2.110785,4.780861,1.383066,0.962262,-0.094449
1870349580.000,OLV,recording,shake_phone,3,-0.328659,2.229396,4.145075,1.290030,0.886253,-0.101506
1870349590.000,OLV,recording,shake_phone,3,-0.602265,2.316596,3.526547,1.163863,0.837983,-0.099236
1870349600.000,OLV,recording,shake_phone,3,-0.992022,2.372960,2.991049,1.009814,0.805873,-0.083189
1870349610.000,OLV,recording,shake_phone,3,-1.402206,2.405132,2.518357,0.832777,0.767375,-0.046546
1870349620.000,OLV,recording,shake_phone,3,-1.753124,2.440170,2.113122,0.639800,0.697285,0.015033
1870349630.000,OLV,recording,shake_phone,3,-1.932343,2.501517,1.695858,0.433295,0.581539,0.094930
1870349640.000,OLV,recording,shake_phone,3,-1.936973,2.604075,1.317980,0.207090,0.417279,0.175266
1870349650.000,OLV,recording,shake_phone,3,-1.890978,2.707004,1.149137,-0.042154,0.209938,0.240343
1870349660.000,OLV,recording,shake_phone,3,-1.788365,2.785300,1.220163,-0.310585,-0.033702,0.285878
1870349670.000,OLV,recording,shake_phone,3,-1.569798,2.783063,1.553021,-0.593837,-0.300209,0.312244
1870349680.000,OLV,recording,shake_phone,3,-1.269843,2.718902,2.194919,-0.884105,-0.553850,0.318833
1870349690.000,OLV,recording,shake_phone,3,-1.037035,2.631779,2.968484,-1.171547,-0.756237,0.316837
1870349700.000,OLV,recording,shake_phone,3,-0.849676,2.481984,3.770052,-1.453905,-0.905329,0.324776
1870349710.000,OLV,recording,shake_phone,3,-0.584134,2.283046,4.924268,-1.722547,-1.028263,0.346504
1870349720.000,OLV,recording,shake_phone,3,-0.212864,2.136613,6.407656,-1.955536,-1.151535,0.377843
1870349730.000,OLV,recording,shake_phone,3,0.196914,2.068060,8.175587,-2.133484,-1.279702,0.410167
1870349740.000,OLV,recording,shake_phone,3,0.739504,1.993677,10.311878,-2.237991,-1.388196,0.432152
1870349750.000,OLV,recording,shake_phone,3,1.538188,1.875355,12.606336,-2.240321,-1.443606,0.443341
1870349760.000,OLV,recording,shake_phone,3,2.439123,1.806416,14.897367,-2.115954,-1.425214,0.446221
1870349770.000,OLV,recording,shake_phone,3,3.234776,1.939962,16.992361,-1.869009,-1.331882,0.435835
1870349780.000,OLV,recording,shake_phone,3,3.848609,2.290358,18.826579,-1.533467,-1.184945,0.402447
1870349790.000,OLV,recording,shake_phone,3,4.389236,2.626469,20.169515,-1.152099,-0.979268,0.331222
1870349800.000,OLV,recording,shake_phone,3,4.806898,2.784033,20.716171,-0.781093,-0.689423,0.221660
1870349810.000,OLV,recording,shake_phone,3,4.978120,2.821709,20.652617,-0.465665,-0.329486,0.092327
1870349820.000,OLV,recording,shake_phone,3,4.806180,2.743808,20.265987,-0.208273,0.072370,-0.038640
1870349830.000,OLV,recording,shake_phone,3,4.295342,2.513802,19.596772,0.008783,0.490623,-0.155963
1870349840.000,OLV,recording,shake_phone,3,3.565083,2.161926,18.665213,0.205505,0.886210,-0.247410
1870349850.000,OLV,recording,shake_phone,3,2.707560,1.788112,17.554174,0.401563,1.217265,-0.303574
1870349860.000,OLV,recording,shake_phone,3,1.917425,1.461523,16.335298,0.609906,1.458458,-0.320244
1870349870.000,OLV,recording,shake_phone,3,1.338223,1.171082,15.032786,0.826914,1.608754,-0.303327
1870349880.000,OLV,recording,shake_phone,3,0.892893,0.945522,13.654196,1.040522,1.677772,-0.265565
1870349890.000,OLV,recording,shake_phone,3,0.510761,0.881750,12.244787,1.243712,1.667495,-0.220754
1870349900.000,OLV,recording,shake_phone,3,0.220764,0.939329,10.843771,1.433893,1.577449,-0.181493
1870349910.000,OLV,recording,shake_phone,3,0.016254,1.029647,9.522979,1.605534,1.425219,-0.153674
1870349920.000,OLV,recording,shake_phone,3,-0.117963,1.144610,8.262985,1.747625,1.250490,-0.136553
1870349930.000,OLV,recording,shake_phone,3,-0.256143,1.274644,6.991313,1.845254,1.095335,-0.123465
1870349940.000,OLV,recording,shake_phone,3,-0.448842,1.403172,5.740419,1.881524,0.980395,-0.104495
1870349950.000,OLV,recording,shake_phone,3,-0.668687,1.581518,4.546182,1.842779,0.905673,-0.073254
1870349960.000,OLV,recording,shake_phone,3,-0.903012,1.797956,3.438624,1.725582,0.861880,-0.031678
1870349970.000,OLV,recording,shake_phone,3,-1.156332,2.007783,2.489399,1.537078,0.827528,0.013212
1870349980.000,OLV,recording,shake_phone,3,-1.396998,2.177814,1.821012,1.298189,0.778928,0.056958
1870349990.000,OLV,recording,shake_phone,3,-1.631810,2.314503,1.509597,1.040946,0.705140,0.096463
1870350000.000,OLV,recording,shake_phone,3,-1.922352,2.390947,1.420286,0.794781,0.608842,0.136558
1870350010.000,OLV,recording,shake_phone,3,-2.237126,2.393729,1.363115,0.574771,0.489632,0.187574
1870350020.000,OLV,recording,shake_phone,3,-2.482359,2.379101,1.218107,0.373531,0.335733,0.255465
1870350030.000,OLV,recording,shake_phone,3,-2.580874,2.393707,0.987989,0.166494,0.135446,0.333549
1870350040.000,OLV,recording,shake_phone,3,-2.495735,2.477026,0.810299,-0.068501,-0.108263,0.401617
1870350050.000,OLV,recording,shake_phone,3,-2.271571,2.627804,0.743944,-0.342085,-0.369289,0.443279
1870350060.000,OLV,recording,shake_phone,3,-2.081697,2.699691,0.863592,-0.660903,-0.625169,0.459414
1870350070.000,OLV,recording,shake_phone,3,-1.926186,2.657380,1.267646,-1.027558,-0.874658,0.465563
1870350080.000,OLV,recording,shake_phone,3,-1.567086,2.543714,2.093830,-1.407595,-1.098421,0.471547
1870350090.000,OLV,recording,shake_phone,3,-1.024884,2.394378,3.391149,-1.747014,-1.270257,0.473989
1870350100.000,OLV,recording,shake_phone,3,-0.609942,2.234446,4.780595,-2.018675,-1.392850,0.475285
1870350110.000,OLV,recording,shake_phone,3,-0.244684,2.071359,6.228631,-2.224984,-1.498877,0.485660
1870350120.000,OLV,recording,shake_phone,3,0.396859,1.928974,8.001824,-2.376040,-1.605669,0.502735
1870350130.000,OLV,recording,shake_phone,3,1.230431,1.869496,10.071949,-2.464644,-1.684170,0.512634
1870350140.000,OLV,recording,shake_phone,3,2.183579,1.893377,12.579305,-2.467864,-1.709836,0.505959
1870350150.000,OLV,recording,shake_phone,3,3.264709,1.940149,15.355012,-2.360816,-1.655320,0.478486
1870350160.000,OLV,recording,shake_phone,3,4.407180,2.078882,18.028403,-2.133471,-1.478647,0.423409
1870350170.000,OLV,recording,shake_phone,3,5.420595,2.319916,20.386838,-1.807605,-1.152786,0.322545
1870350180.000,OLV,recording,shake_phone,3,5.833608,2.385179,21.992125,-1.431556,-0.692933,0.168797
1870350190.000,OLV,recording,shake_phone,3,5.524789,2.140290,22.623489,-1.051977,-0.174275,-0.006367
1870350200.000,OLV,recording,shake_phone,3,4.713904,1.761609,22.536635,-0.692892,0.326725,-0.151348
1870350210.000,OLV,recording,shake_phone,3,3.669991,1.428580,22.174026,-0.348881,0.778490,-0.228359
1870350220.000,OLV,recording,shake_phone,4,2.833982,1.223289,21.635844,0.003136,1.193777,-0.235353
1870350230.000,OLV,recording,shake_phone,4,2.340668,1.082185,20.572963,0.369328,1.603940,-0.196115
1870350240.000,OLV,recording,shake_phone,4,1.948401,0.956584,18.802193,0.723837,1.994100,-0.129289
1870350250.000,OLV,recording,shake_phone,4,1.565169,0.938294,16.550095,1.032629,2.307887,-0.044591
1870350260.000,OLV,recording,shake_phone,4,1.216722,1.027387,14.255273,1.282382,2.492525,0.038329
1870350270.000,OLV,recording,shake_phone,4,1.129309,1.255032,12.280691,1.481290,2.517904,0.082076
1870350280.000,OLV,recording,shake_phone,4,1.337373,1.591629,10.766102,1.645992,2.410302,0.051851
1870350290.000,OLV,recording,shake_phone,4,1.488188,1.797724,9.623973,1.793877,2.242469,-0.055007
1870350300.000,OLV,recording,shake_phone,4,1.268781,1.742761,8.397848,1.926541,2.071332,-0.201120
1870350310.000,OLV,recording,shake_phone,4,0.671716,1.576345,6.950226,2.021087,1.908514,-0.331993
1870350320.000,OLV,recording,shake_phone,4,-0.135659,1.460242,5.461664,2.048616,1.743671,-0.410692
1870350330.000,OLV,recording,shake_phone,4,-1.028532,1.412194,4.096014,1.997559,1.575778,-0.425819
1870350340.000,OLV,recording,shake_phone,4,-1.894119,1.434419,2.940272,1.870111,1.406810,-0.382992
1870350350.000,OLV,recording,shake_phone,4,-2.568074,1.512887,2.018766,1.670260,1.236063,-0.295513
1870350360.000,OLV,recording,shake_phone,4,-2.952906,1.589594,1.268069,1.404160,1.072561,-0.178065
1870350370.000,OLV,recording,shake_phone,4,-3.087320,1.642394,0.747194,1.100370,0.913091,-0.060363
1870350380.000,OLV,recording,shake_phone,4,-2.942553,1.723054,0.461347,0.797440,0.724511,0.019102
1870350390.000,OLV,recording,shake_phone,4,-2.691849,1.882059,0.293878,0.513729,0.477861,0.037923
1870350400.000,OLV,recording,shake_phone,4,-2.638022,2.088286,0.249400,0.253076,0.160605,-0.008817
1870350410.000,OLV,recording,shake_phone,4,-2.806053,2.216708,0.430667,0.013481,-0.228720,-0.105562
1870350420.000,OLV,recording,shake_phone,4,-3.125821,2.238013,0.836151,-0.210789,-0.662959,-0.215045
1870350430.000,OLV,recording,shake_phone,4,-3.521556,2.107491,1.502935,-0.422828,-1.102602,-0.296070
1870350440.000,OLV,recording,shake_phone,4,-3.795996,1.867997,2.478096,-0.614436,-1.518929,-0.318231
1870350450.000,OLV,recording,shake_phone,4,-3.823906,1.713232,3.521577,-0.783649,-1.888115,-0.272147
1870350460.000,OLV,recording,shake_phone,4,-3.492035,1.753319,4.394744,-0.940880,-2.214312,-0.182203
1870350470.000,OLV,recording,shake_phone,4,-2.697060,1.923474,5.287473,-1.087876,-2.541026,-0.094374
1870350480.000,OLV,recording,shake_phone,4,-1.623279,2.137615,6.708340,-1.207970,-2.874982,-0.039920
1870350490.000,OLV,recording,shake_phone,4,-0.424988,2.489123,8.758439,-1.272378,-3.172310,-0.025478
1870350500.000,OLV,recording,shake_phone,4,1.162826,3.007917,11.100882,-1.251612,-3.387429,-0.056077
1870350510.000,OLV,recording,shake_phone,4,3.242752,3.616602,13.373978,-1.133302,-3.457301,-0.140596
1870350520.000,OLV,recording,shake_phone,4,5.171049,4.368822,15.152056,-0.959168,-3.283239,-0.270377
1870350530.000,OLV,recording,shake_phone,4,6.119527,4.873223,16.478338,-0.793446,-2.836632,-0.389688
1870350540.000,OLV,recording,shake_phone,4,6.089662,4.883234,17.410588,-0.673551,-2.189141,-0.421484
1870350550.000,OLV,recording,shake_phone,4,5.731309,4.858649,17.923337,-0.593455,-1.470132,-0.352173
1870350560.000,OLV,recording,shake_phone,4,5.667985,4.897226,18.406972,-0.511049,-0.863405,-0.251063
1870350570.000,OLV,recording,shake_phone,4,6.115032,4.848892,19.135165,-0.371016,-0.519858,-0.211554
1870350580.000,OLV,recording,shake_phone,4,7.295030,5.187926,20.293197,-0.100875,-0.427376,-0.327479
1870350590.000,OLV,recording,shake_phone,4,8.653094,5.611195,21.156538,0.352860,-0.452821,-0.655565
1870350600.000,OLV,recording,shake_phone,4,9.040479,5.245146,20.790626,0.952306,-0.485703,-1.146904
1870350610.000,OLV,recording,shake_phone,4,8.285312,4.541172,19.173913,1.582380,-0.491046,-1.670055
1870350620.000,OLV,recording,shake_phone,4,7.088871,3.815191,17.023833,2.152560,-0.541953,-2.112024
1870350630.000,OLV,recording,shake_phone,4,6.341106,3.260697,15.410365,2.647055,-0.740541,-2.457080
1870350640.000,OLV,recording,shake_phone,4,5.886167,3.015539,14.850962,3.116549,-1.077372,-2.765526
1870350650.000,OLV,recording,shake_phone,4,5.511876,2.504875,14.467943,3.608908,-1.436227,-3.091206
1870350660.000,OLV,recording,shake_phone,4,4.907660,1.709195,13.383750,4.078243,-1.708273,-3.412792
1870350670.000,OLV,recording,shake_phone,4,3.565057,1.111467,11.614078,4.432408,-1.866015,-3.664815
1870350680.000,OLV,recording,shake_phone,4,2.031624,0.661129,9.387439,4.605814,-1.980216,-3.816176
1870350690.000,OLV,recording,shake_phone,4,0.958743,0.567852,7.636482,4.599030,-2.171294,-3.888188
1870350700.000,OLV,recording,shake_phone,4,0.104291,0.696927,7.137623,4.518668,-2.482863,-3.922684
1870350710.000,OLV,recording,shake_phone,4,-0.678656,0.578156,7.285274,4.478893,-2.836755,-3.938694
1870350720.000,OLV,recording,shake_phone,4,-1.586938,0.314034,7.255222,4.496457,-3.121235,-3.917012
1870350730.000,OLV,recording,shake_phone,4,-2.827700,0.157638,6.663408,4.512159,-3.255074,-3.815467
1870350740.000,OLV,recording,shake_phone,4,-4.179749,0.127519,5.441959,4.449170,-3.213781,-3.599182
1870350750.000,OLV,recording,shake_phone,4,-5.446096,0.134761,3.909970,4.258243,-3.037432,-3.253752
1870350760.000,OLV,recording,shake_phone,4,-6.442282,0.253886,2.243705,3.917166,-2.772206,-2.802788
1870350770.000,OLV,recording,shake_phone,4,-7.141637,0.488585,0.664867,3.409830,-2.443197,-2.307371
1870350780.000,OLV,recording,shake_phone,4,-7.480054,0.663483,-0.318821,2.761684,-2.094278,-1.818548
1870350790.000,OLV,recording,shake_phone,4,-7.497753,0.776577,-0.466446,2.062856,-1.776135,-1.346059
1870350800.000,OLV,recording,shake_phone,4,-7.419392,0.885142,-0.040325,1.410493,-1.523822,-0.883613
1870350810.000,OLV,recording,shake_phone,4,-7.049594,0.728729,0.550623,0.856119,-1.375287,-0.445315
1870350820.000,OLV,recording,shake_phone,4,-6.548159,0.558289,1.482048,0.426501,-1.340001,-0.042448
1870350830.000,OLV,recording,shake_phone,4,-6.404559,0.757388,2.445215,0.138955,-1.343119,0.361331
1870350840.000,OLV,recording,shake_phone,4,-6.396681,1.113927,3.034532,-0.026641,-1.309686,0.811978
1870350850.000,OLV,recording,shake_phone,4,-5.969709,1.524181,3.477192,-0.128023,-1.219571,1.309279
1870350860.000,OLV,recording,shake_phone,4,-4.869335,2.214432,3.597866,-0.256888,-1.011827,1.825607
1870350870.000,OLV,recording,shake_phone,4,-3.175041,3.206364,3.295904,-0.516207,-0.616153,2.338308
1870350880.000,OLV,recording,shake_phone,4,-1.144015,4.520508,3.008377,-0.888740,-0.160621,2.800479
1870350890.000,OLV,recording,shake_phone,4,1.782089,6.433949,2.963236,-1.286161,0.167966,3.126083
1870350900.000,OLV,recording,shake_phone,4,5.531158,8.954342,3.321247,-1.675886,0.333920,3.224229
1870350910.000,OLV,recording,shake_phone,4,8.994047,11.384540,4.439156,-2.049058,0.371135,3.053785
1870350920.000,OLV,recording,shake_phone,4,11.952106,13.120425,6.557565,-2.359996,0.331775,2.650797
1870350930.000,OLV,recording,shake_phone,4,14.240240,14.254353,9.532197,-2.500217,0.282660,2.090198
1870350940.000,OLV,recording,shake_phone,4,15.419005,14.965022,12.469802,-2.390667,0.283633,1.468122
1870350950.000,OLV,recording,shake_phone,4,15.594273,15.202836,14.599185,-2.044338,0.328076,0.854166
1870350960.000,OLV,recording,shake_phone,4,15.496408,15.038811,15.857003,-1.521040,0.329350,0.261531
1870350970.000,OLV,recording,shake_phone,4,15.361897,14.637731,16.558077,-0.879960,0.241256,-0.331363
1870350980.000,OLV,recording,shake_phone,4,14.773017,13.970485,16.633854,-0.172315,0.152319,-0.950192
1870350990.000,OLV,recording,shake_phone,4,13.214240,12.827757,15.621480,0.546656,0.126035,-1.563852
1870351000.000,OLV,recording,shake_phone,4,10.797140,11.367092,13.508613,1.211518,0.094212,-2.102114
1870351010.000,OLV,recording,shake_phone,4,8.515112,9.956909,10.876805,1.759639,-0.030351,-2.530497
1870351020.000,OLV,recording,shake_phone,4,6.744625,8.612186,8.548076,2.165752,-0.262929,-2.869709
1870351030.000,OLV,recording,shake_phone,4,5.204855,7.256675,6.841760,2.446489,-0.544681,-3.150578
1870351040.000,OLV,recording,shake_phone,4,3.731499,5.836921,5.732685,2.629319,-0.811563,-3.371192
1870351050.000,OLV,recording,shake_phone,4,2.125226,4.602765,5.143341,2.749714,-1.026395,-3.504456
1870351060.000,OLV,recording,shake_phone,4,0.166590,3.554225,4.485809,2.829022,-1.173522,-3.523893
1870351070.000,OLV,recording,shake_phone,4,-1.935964,2.659974,3.367746,2.846734,-1.280594,-3.421827
1870351080.000,OLV,recording,shake_phone,4,-3.927986,2.069018,2.015448,2.766835,-1.397845,-3.213320
1870351090.000,OLV,recording,shake_phone,4,-5.690670,1.664480,1.046517,2.581033,-1.539374,-2.910165
1870351100.000,OLV,recording,shake_phone,4,-6.863591,1.358463,0.625143,2.317687,-1.650500,-2.518677
1870351110.000,OLV,recording,shake_phone,4,-6.959056,1.063235,0.530692,2.010862,-1.678741,-2.076046
1870351120.000,OLV,recording,shake_phone,4,-6.651983,0.879564,0.899333,1.703017,-1.648186,-1.635109
1870351130.000,OLV,recording,shake_phone,4,-6.733434,0.817753,1.460710,1.442610,-1.592219,-1.217148
1870351140.000,OLV,recording,shake_phone,4,-6.758622,0.578359,1.746146,1.245907,-1.508816,-0.815787
1870351150.000,OLV,recording,shake_phone,4,-6.518281,0.261587,1.784673,1.101040,-1.403720,-0.433047
1870351160.000,OLV,recording,shake_phone,4,-6.268638,0.300724,1.776182,0.994215,-1.297215,-0.082400
1870351170.000,OLV,recording,shake_phone,4,-6.309204,0.723093,1.871269,0.915527,-1.194022,0.249829
1870351180.000,OLV,recording,shake_phone,4,-6.714963,1.153737,1.942278,0.857210,-1.069087,0.613490
1870351190.000,OLV,recording,shake_phone,4,-7.046671,1.547685,1.874518,0.804956,-0.909940,1.052153
1870351200.000,OLV,recording,shake_phone,4,-6.845923,2.354438,1.519222,0.727501,-0.714778,1.571665
1870351210.000,OLV,recording,shake_phone,4,-5.905389,3.831158,0.545139,0.564986,-0.460217,2.149002
1870351220.000,OLV,recording,shake_phone,4,-4.140269,5.647150,-0.865763,0.247174,-0.171661,2.741783
1870351230.000,OLV,recording,shake_phone,4,-1.120699,7.744293,-2.051296,-0.231937,0.058353,3.252504
1870351240.000,OLV,recording,shake_phone,4,3.383359,10.400504,-2.510770,-0.816642,0.210728,3.564689
1870351250.000,OLV,recording,shake_phone,4,8.925757,13.431607,-2.092471,-1.445872,0.342117,3.586280
1870351260.000,OLV,recording,shake_phone,4,14.075019,16.087288,-0.514469,-2.047563,0.469991,3.274316
1870351270.000,OLV,recording,shake_phone,4,16.774211,17.683329,2.395828,-2.524311,0.606826,2.702230
1870351280.000,OLV,recording,shake_phone,4,16.928626,18.227128,6.050089,-2.772820,0.753988,2.017466
1870351290.000,OLV,recording,shake_phone,4,15.658310,18.165498,9.715277,-2.715741,0.869504,1.343065
1870351300.000,OLV,recording,shake_phone,4,13.832649,17.731908,12.400224,-2.335841,0.915970,0.738014
1870351310.000,OLV,recording,shake_phone,4,12.808547,16.869309,13.484825,-1.705687,0.852632,0.188806
1870351320.000,OLV,recording,shake_phone,4,12.949709,15.727575,13.448164,-0.940786,0.663274,-0.372206
1870351330.000,OLV,recording,shake_phone,4,12.908177,14.408375,12.495735,-0.153948,0.424088,-0.981005
1870351340.000,OLV,recording,shake_phone,4,11.863189,12.850354,10.693079,0.538979,0.213616,-1.600589
1870351350.000,OLV,recording,shake_phone,4,9.763491,11.117532,8.722784,1.062384,0.042356,-2.159052
1870351360.000,OLV,recording,shake_phone,4,7.006225,9.343713,7.118301,1.419413,-0.084095,-2.585256
1870351370.000,OLV,recording,shake_phone,4,4.170750,7.638022,5.810318,1.650085,-0.153521,-2.848325
1870351380.000,OLV,recording,shake_phone,4,1.674356,6.018046,4.599440,1.786087,-0.173988,-2.966547
1870351390.000,OLV,recording,shake_phone,4,-0.558631,4.488817,3.625192,1.857848,-0.174820,-2.968307
1870351400.000,OLV,recording,shake_phone,4,-2.713773,3.039834,2.785376,1.896022,-0.190790,-2.859215
1870351410.000,OLV,recording,shake_phone,4,-4.740984,1.822258,1.831836,1.905762,-0.243553,-2.631724
1870351420.000,OLV,recording,shake_phone,4,-6.472497,0.946235,0.702278,1.852900,-0.325668,-2.290205
1870351430.000,OLV,recording,shake_phone,4,-7.772978,0.322867,-0.344480,1.695959,-0.417776,-1.857489
1870351440.000,OLV,recording,shake_phone,4,-8.275503,-0.073773,-0.830270,1.440461,-0.512182,-1.379774
1870351450.000,OLV,recording,shake_phone,4,-8.393135,-0.211534,-0.505510,1.152251,-0.596157,-0.902064
1870351460.000,OLV,recording,shake_phone,4,-8.794157,-0.246743,0.194582,0.902751,-0.636031,-0.416752
1870351470.000,OLV,recording,shake_phone,4,-9.105787,-0.379446,0.577062,0.707995,-0.612087,0.115274
1870351480.000,OLV,recording,shake_phone,4,-8.793794,-0.193088,0.526485,0.540222,-0.560973,0.693744
1870351490.000,OLV,recording,shake_phone,4,-7.928385,0.877763,0.278578,0.367449,-0.527417,1.293611
1870351500.000,OLV,recording,shake_phone,4,-6.390254,2.524172,-0.136733,0.160483,-0.496551,1.907523
1870351510.000,OLV,recording,shake_phone,4,-3.783605,4.376344,-0.705901,-0.118474,-0.438492,2.509082
1870351520.000,OLV,recording,shake_phone,4,0.146387,6.746271,-1.158082,-0.483582,-0.342399,2.985050
1870351530.000,OLV,recording,shake_phone,4,4.949960,9.899278,-1.161805,-0.918022,-0.184799,3.206422
1870351540.000,OLV,recording,shake_phone,4,9.294489,13.175184,-0.548495,-1.398209,0.038449,3.137718
1870351550.000,OLV,recording,shake_phone,4,12.367422,15.451782,0.974856,-1.866861,0.276784,2.828077
1870351560.000,OLV,recording,shake_phone,4,13.912667,16.798262,3.726724,-2.209312,0.472563,2.368743
1870351570.000,OLV,recording,shake_phone,4,14.468101,17.660127,7.134735,-2.305225,0.592867,1.836428
1870351580.000,OLV,recording,shake_phone,4,14.942899,17.957527,10.261849,-2.098386,0.620894,1.252528
1870351590.000,OLV,recording,shake_phone,4,15.385028,17.771261,12.318174,-1.611089,0.572197,0.613518
1870351600.000,OLV,recording,shake_phone,4,15.403002,17.252819,12.814836,-0.940060,0.475217,-0.071645
1870351610.000,OLV,recording,shake_phone,4,14.478925,16.247769,12.052831,-0.217503,0.346117,-0.779675
1870351620.000,OLV,recording,shake_phone,4,12.536963,14.673416,10.473804,0.444563,0.198704,-1.460703
1870351630.000,OLV,recording,shake_phone,4,9.973335,12.889240,8.708826,0.982429,0.050727,-2.044184
1870351640.000,OLV,recording,shake_phone,4,7.233197,11.138298,6.873973,1.367726,-0.065898,-2.474804
1870351650.000,OLV,recording,shake_phone,4,4.660764,9.504243,4.901542,1.582878,-0.129622,-2.737345
1870351660.000,OLV,recording,shake_phone,4,2.404112,7.987515,3.105975,1.625618,-0.143086,-2.848162
1870351670.000,OLV,recording,shake_phone,4,0.666936,6.562961,1.847444,1.529268,-0.112529,-2.846749
1870351680.000,OLV,recording,shake_phone,4,-0.732111,5.197140,1.217372,1.365627,-0.042521,-2.780569
1870351690.000,OLV,recording,shake_phone,4,-2.281411,3.932467,0.893121,1.202881,0.037774,-2.668831
1870351700.000,OLV,recording,shake_phone,4,-3.952488,2.775733,0.579170,1.065133,0.066058,-2.495380
1870351710.000,OLV,recording,shake_phone,4,-5.429017,1.725359,0.324890,0.947584,0.006594,-2.235470
1870351720.000,OLV,recording,shake_phone,4,-6.702106,0.916015,0.235499,0.842443,-0.103232,-1.878411
1870351730.000,OLV,recording,shake_phone,4,-7.755802,0.396342,0.191702,0.733976,-0.198932,-1.437569
1870351740.000,OLV,recording,shake_phone,4,-8.414258,0.082132,0.197224,0.607599,-0.261584,-0.953571
1870351750.000,OLV,recording,shake_phone,4,-8.807973,-0.058682,0.414652,0.475067,-0.312902,-0.466011
1870351760.000,OLV,recording,shake_phone,4,-9.061237,-0.076568,0.821065,0.368247,-0.358640,0.026127
1870351770.000,OLV,recording,shake_phone,4,-8.989462,0.128396,1.095367,0.302505,-0.389634,0.543830
1870351780.000,OLV,recording,shake_phone,4,-8.545841,0.830002,1.030435,0.253673,-0.410467,1.102997
1870351790.000,OLV,recording,shake_phone,4,-7.493950,1.987581,0.558466,0.174579,-0.424195,1.710853
1870351800.000,OLV,recording,shake_phone,4,-5.525305,3.479654,-0.309898,0.020649,-0.436539,2.319840
1870351810.000,OLV,recording,shake_phone,4,-2.536021,5.611547,-1.118619,-0.234341,-0.459295,2.849401
1870351820.000,OLV,recording,shake_phone,4,1.731859,8.627000,-1.403130,-0.589714,-0.492640,3.204792
1870351830.000,OLV,recording,shake_phone,4,6.449725,12.063318,-0.786434,-1.011882,-0.491794,3.299363
1870351840.000,OLV,recording,shake_phone,4,10.217444,14.825267,0.693751,-1.445165,-0.362466,3.143228
1870351850.000,OLV,recording,shake_phone,4,13.019027,16.482948,2.531280,-1.837425,-0.052427,2.810853
1870351860.000,OLV,recording,shake_phone,4,14.986759,17.523748,4.755228,-2.134925,0.371009,2.353294
1870351870.000,OLV,recording,shake_phone,4,15.750218,18.213600,7.367065,-2.266796,0.757460,1.787644
1870351880.000,OLV,recording,shake_phone,4,15.566167,18.175320,10.071450,-2.153137,0.979439,1.128310
1870351890.000,OLV,recording,shake_phone,4,14.585848,17.234691,12.422365,-1.736379,1.001089,0.414904
1870351900.000,OLV,recording,shake_phone,4,12.712014,15.721945,13.520334,-1.040691,0.869013,-0.288253
1870351910.000,OLV,recording,shake_phone,4,10.286601,14.067417,12.912395,-0.201327,0.652216,-0.915657
1870351920.000,OLV,recording,shake_phone,4,7.759731,12.444683,10.811980,0.590503,0.414881,-1.409423
1870351930.000,OLV,recording,shake_phone,4,5.818463,11.011325,7.861562,1.167732,0.219833,-1.740025
1870351940.000,OLV,recording,shake_phone,4,4.599478,9.867967,5.031671,1.454886,0.123518,-1.936404
1870351950.000,OLV,recording,shake_phone,4,3.441737,8.769068,2.856992,1.475490,0.146312,-2.049227
1870351960.000,OLV,recording,shake_phone,4,2.165206,7.690505,1.557657,1.306417,0.252557,-2.097604
1870351970.000,OLV,recording,shake_phone,4,0.869826,6.633107,1.224714,1.049593,0.386003,-2.084590
1870351980.000,OLV,recording,shake_phone,4,-0.413427,5.518578,1.424558,0.807218,0.505897,-2.022983
1870351990.000,OLV,recording,shake_phone,4,-1.531691,4.474185,1.818348,0.647976,0.583079,-1.933530
1870352000.000,OLV,recording,shake_phone,4,-2.580363,3.482283,2.103620,0.594789,0.582403,-1.825075
1870352010.000,OLV,recording,shake_phone,4,-3.669589,2.642082,2.118035,0.634892,0.480988,-1.684043
1870352020.000,OLV,recording,shake_phone,4,-4.819985,2.030672,1.858245,0.726005,0.302719,-1.486832
1870352030.000,OLV,recording,shake_phone,4,-5.859918,1.591641,1.390959,0.810824,0.109324,-1.222171
1870352040.000,OLV,recording,shake_phone,4,-6.690941,1.271194,0.928039,0.850018,-0.051330,-0.901922
1870352050.000,OLV,recording,shake_phone,4,-7.487476,1.156483,0.775109,0.844831,-0.169782,-0.540955
1870352060.000,OLV,recording,shake_phone,4,-8.193092,1.305273,0.766686,0.820247,-0.257723,-0.133798
1870352070.000,OLV,recording,shake_phone,4,-8.321900,1.709610,0.480431,0.782775,-0.331999,0.334025
1870352080.000,OLV,recording,shake_phone,4,-7.841633,2.472450,-0.123300,0.701648,-0.398811,0.860063
1870352090.000,OLV,recording,shake_phone,4,-7.064853,3.642754,-0.813605,0.540766,-0.444617,1.413712
1870352100.000,OLV,recording,shake_phone,4,-5.656890,5.056120,-1.460995,0.281160,-0.448072,1.967645
1870352110.000,OLV,recording,shake_phone,4,-3.204525,6.678082,-1.944563,-0.080141,-0.394012,2.474036
1870352120.000,OLV,recording,shake_phone,4,-0.226479,8.536846,-1.961353,-0.523094,-0.280951,2.849200
1870352130.000,OLV,recording,shake_phone,4,2.733467,10.381904,-1.324107,-0.997293,-0.132035,3.041353
1870352140.000,OLV,recording,shake_phone,4,5.676089,11.939678,-0.229666,-1.437987,0.027789,3.050269
1870352150.000,OLV,recording,shake_phone,4,8.345265,13.348817,1.265769,-1.793621,0.203802,2.909890
1870352160.000,OLV,recording,shake_phone,4,10.604911,14.809600,3.034418,-2.043972,0.399873,2.647774
1870352170.000,OLV,recording,shake_phone,4,12.522806,15.973137,4.965248,-2.185608,0.589164,2.263087
1870352180.000,OLV,recording,shake_phone,4,13.837127,16.485200,7.125287,-2.194810,0.729463,1.754900
1870352190.000,OLV,recording,shake_phone,4,14.288843,16.336681,9.283802,-2.030417,0.787577,1.153639
1870352200.000,OLV,recording,shake_phone,4,13.798785,15.695000,11.119493,-1.668186,0.763731,0.516934
1870352210.000,OLV,recording,shake_phone,4,12.526574,14.684683,12.136385,-1.131346,0.692084,-0.101015
1870352220.000,OLV,recording,shake_phone,4,10.756798,13.369336,11.920675,-0.501703,0.606142,-0.664324
1870352230.000,OLV,recording,shake_phone,4,8.971621,12.037810,10.699908,0.113755,0.507727,-1.146597
1870352240.000,OLV,recording,shake_phone,4,7.340254,10.839858,9.013206,0.629697,0.392184,-1.531102
1870352250.000,OLV,recording,shake_phone,4,5.673299,9.663111,7.209566,1.004917,0.282951,-1.815290
1870352260.000,OLV,recording,shake_phone,4,4.001247,8.535082,5.622502,1.235906,0.211010,-2.001468
1870352270.000,OLV,recording,shake_phone,4,2.441791,7.498665,4.320629,1.335972,0.192002,-2.095283
1870352280.000,OLV,recording,shake_phone,4,1.013451,6.518258,3.268009,1.330233,0.230431,-2.111235
1870352290.000,OLV,recording,shake_phone,4,-0.304808,5.550503,2.515364,1.255616,0.308291,-2.065565
1870352300.000,OLV,recording,shake_phone,4,-1.526758,4.647729,2.016576,1.155999,0.381126,-1.963173
1870352310.000,OLV,recording,shake_phone,4,-2.746700,3.906684,1.666229,1.065681,0.412636,-1.801923
1870352320.000,OLV,recording,shake_phone,4,-4.039929,3.348320,1.288905,0.988706,0.396147,-1.574952
1870352330.000,OLV,recording,shake_phone,4,-5.280481,2.897872,0.798841,0.902339,0.345996,-1.276305
1870352340.000,OLV,recording,shake_phone,4,-6.203341,2.511613,0.403741,0.786989,0.274819,-0.917883
1870352350.000,OLV,recording,shake_phone,4,-6.871498,2.263350,0.363839,0.651275,0.179463,-0.520151
1870352360.000,OLV,recording,shake_phone,4,-7.316692,2.057632,0.561676,0.525726,0.055394,-0.093766
1870352370.000,OLV,recording,shake_phone,4,-7.387268,1.922317,0.734869,0.434808,-0.079530,0.345267
1870352380.000,OLV,recording,shake_phone,4,-7.206405,2.023924,0.699658,0.368898,-0.197764,0.788505
1870352390.000,OLV,recording,shake_phone,4,-6.686523,2.421781,0.390964,0.288946,-0.283157,1.242288
1870352400.000,OLV,recording,shake_phone,4,-5.575720,3.274682,-0.196201,0.151543,-0.330643,1.697374
1870352410.000,OLV,recording,shake_phone,4,-4.085812,4.460646,-0.757464,-0.070307,-0.341180,2.134616
1870352420.000,OLV,recording,shake_phone,4,-2.290803,5.721618,-0.855000,-0.370816,-0.316444,2.531169
1870352430.000,OLV,recording,shake_phone,4,-0.212349,7.179773,-0.407539,-0.718614,-0.257348,2.864991
1870352440.000,OLV,recording,shake_phone,4,1.982617,8.881805,0.549603,-1.073726,-0.157021,3.125513
1870352450.000,OLV,recording,shake_phone,4,4.483503,10.609343,1.801910,-1.405621,0.001805,3.298613
1870352460.000,OLV,recording,shake_phone,4,7.521122,12.198184,3.114425,-1.704612,0.237077,3.350925
1870352470.000,OLV,recording,shake_phone,4,11.085973,13.619453,4.303223,-1.972220,0.540842,3.224902
1870352480.000,OLV,recording,shake_phone,4,14.565743,14.723723,5.575078,-2.191367,0.866665,2.860562
1870352490.000,OLV,recording,shake_phone,4,16.645265,15.296777,7.318778,-2.306168,1.139432,2.263767
1870352500.000,OLV,recording,shake_phone,4,16.499384,15.217202,9.370235,-2.246465,1.297702,1.535025
1870352510.000,OLV,recording,shake_phone,4,14.432117,14.500549,11.256588,-1.968967,1.332970,0.813947
1870352520.000,OLV,recording,shake_phone,4,11.582194,13.408970,12.388407,-1.486586,1.273650,0.202071
1870352530.000,OLV,recording,shake_phone,4,9.037812,12.278219,12.463541,-0.873074,1.158167,-0.271325
1870352540.000,OLV,recording,shake_phone,4,7.041672,11.166227,11.455495,-0.237643,1.032482,-0.619102
1870352550.000,OLV,recording,shake_phone,4,5.616022,10.048554,9.687986,0.316665,0.953189,-0.859814
1870352560.000,OLV,recording,shake_phone,4,4.595959,9.019057,7.656252,0.720751,0.965730,-1.015904
1870352570.000,OLV,recording,shake_phone,4,3.410795,8.056947,5.609474,0.947830,1.069777,-1.104027
1870352580.000,OLV,recording,shake_phone,4,2.069392,7.101774,3.855809,1.008191,1.216530,-1.127158
1870352590.000,OLV,recording,shake_phone,4,0.669721,6.217800,2.567251,0.935577,1.364812,-1.081182
1870352600.000,OLV,recording,shake_phone,4,-0.820029,5.429707,1.715051,0.774425,1.507407,-0.955803
1870352610.000,OLV,recording,shake_phone,4,-2.187503,4.709966,1.248118,0.564585,1.645877,-0.742928
1870352620.000,OLV,recording,shake_phone,4,-3.340460,4.057323,1.094380,0.336451,1.786441,-0.444255
1870352630.000,OLV,recording,shake_phone,4,-4.274971,3.490513,0.988893,0.105026,1.930498,-0.077022
1870352640.000,OLV,recording,shake_phone,4,-4.989672,3.048157,0.781768,-0.128926,2.042853,0.330783
1870352650.000,OLV,recording,shake_phone,4,-5.512199,2.689654,0.642686,-0.363901,2.084726,0.767766
1870352660.000,OLV,recording,shake_phone,4,-5.871818,2.329012,0.673817,-0.586432,2.079715,1.219997
1870352670.000,OLV,recording,shake_phone,4,-5.991676,2.012469,0.679103,-0.797471,2.085609,1.672359
1870352680.000,OLV,recording,shake_phone,4,-5.937843,1.788439,0.531225,-1.025581,2.136357,2.124447
1870352690.000,OLV,recording,shake_phone,4,-5.874396,1.653511,0.364158,-1.295801,2.229249,2.583398
1870352700.000,OLV,recording,shake_phone,4,-5.488694,1.524304,0.293336,-1.622277,2.348705,3.060501
1870352710.000,OLV,recording,shake_phone,4,-4.401984,1.366719,0.346274,-2.014404,2.485655,3.537059
1870352720.000,OLV,recording,shake_phone,4,-2.970886,1.386927,0.779534,-2.464227,2.621230,3.970577
1870352730.000,OLV,recording,shake_phone,4,-1.426592,1.678960,1.697803,-2.938398,2.729642,4.327275
1870352740.000,OLV,recording,shake_phone,4,0.513441,1.993469,3.055162,-3.390874,2.794287,4.578712
1870352750.000,OLV,recording,shake_phone,4,2.797373,2.316648,4.841280,-3.772722,2.805378,4.691810
1870352760.000,OLV,recording,shake_phone,4,4.670842,2.760321,6.880240,-4.041039,2.755411,4.650908
1870352770.000,OLV,recording,shake_phone,4,5.782989,3.120940,8.934706,-4.170024,2.643377,4.484508
1870352780.000,OLV,recording,shake_phone,4,6.706337,3.316979,10.650140,-4.169548,2.496818,4.239752
1870352790.000,OLV,recording,shake_phone,4,7.643564,3.412115,12.178094,-4.069389,2.341407,3.940545
1870352800.000,OLV,recording,shake_phone,4,8.512645,3.583105,13.903349,-3.877614,2.140661,3.590321
1870352810.000,OLV,recording,shake_phone,4,9.376785,3.976079,15.865274,-3.574731,1.856283,3.189551
1870352820.000,OLV,recording,shake_phone,4,9.645780,4.422324,17.893811,-3.138131,1.527472,2.760183
1870352830.000,OLV,recording,shake_phone,4,9.764422,4.483562,18.967212,-2.594256,1.235603,2.341909
1870352840.000,OLV,recording,shake_phone,4,10.539915,4.492924,19.024410,-2.038777,1.038741,1.933306
1870352850.000,OLV,recording,shake_phone,4,11.024937,4.879446,19.056856,-1.554824,0.978844,1.498949
1870352860.000,OLV,recording,shake_phone,4,10.403952,4.912332,18.966388,-1.155167,1.096348,1.052098
1870352870.000,OLV,recording,shake_phone,4,8.964025,4.262733,18.642845,-0.819675,1.373480,0.663311
1870352880.000,OLV,recording,shake_phone,4,7.254946,3.530910,18.175225,-0.527428,1.751075,0.395774
1870352890.000,OLV,recording,shake_phone,4,5.926059,2.996465,17.482805,-0.264480,2.171036,0.255771
1870352900.000,OLV,recording,shake_phone,4,5.001433,2.677873,16.569246,-0.024641,2.580364,0.201416
1870352910.000,OLV,recording,shake_phone,4,4.130168,2.560377,15.434068,0.199555,2.936299,0.197497
1870352920.000,OLV,recording,shake_phone,4,3.330020,2.472239,14.138862,0.415215,3.194435,0.232982
1870352930.000,OLV,recording,shake_phone,4,2.639102,2.302537,12.928528,0.630349,3.310208,0.287953
1870352940.000,OLV,recording,shake_phone,4,2.107081,2.183991,11.875457,0.855256,3.247391,0.330815
1870352950.000,OLV,recording,shake_phone,4,1.612871,2.134354,10.923859,1.099676,3.013343,0.342713
1870352960.000,OLV,recording,shake_phone,4,1.089266,2.047320,9.876321,1.356520,2.663201,0.329515
1870352970.000,OLV,recording,shake_phone,4,0.559823,1.967272,8.549389,1.590275,2.273435,0.322094
1870352980.000,OLV,recording,shake_phone,4,0.017701,1.987154,7.042271,1.758374,1.914389,0.350315
1870352990.000,OLV,recording,shake_phone,4,-0.379482,2.089424,5.668812,1.834325,1.617150,0.418988
1870353000.000,OLV,recording,shake_phone,4,-0.658721,2.273616,4.552384,1.817204,1.390170,0.516878
1870353010.000,OLV,recording,shake_phone,4,-0.922671,2.515171,3.682457,1.720953,1.239072,0.634569
1870353020.000,OLV,recording,shake_phone,4,-1.107148,2.698092,2.992313,1.563400,1.152890,0.761408
1870353030.000,OLV,recording,shake_phone,4,-1.151037,2.831297,2.444238,1.364246,1.097050,0.876250
1870353040.000,OLV,recording,shake_phone,4,-0.928792,3.007709,2.056327,1.141631,1.032707,0.952820
1870353050.000,OLV,recording,shake_phone,4,-0.567247,3.347574,1.763175,0.907652,0.943153,0.973668
1870353060.000,OLV,recording,shake_phone,4,-0.432769,3.785158,1.542429,0.671451,0.827233,0.944187
1870353070.000,OLV,recording,shake_phone,4,-0.517760,4.103980,1.361878,0.437745,0.676999,0.885381
1870353080.000,OLV,recording,shake_phone,4,-0.677403,4.285766,1.131669,0.196131,0.478640,0.815961
1870353090.000,OLV,recording,shake_phone,4,-0.866906,4.390890,0.969280,-0.070217,0.235856,0.750960
1870353100.000,OLV,recording,shake_phone,4,-1.055611,4.438685,0.993272,-0.368769,-0.017447,0.706515
1870353110.000,OLV,recording,shake_phone,4,-1.169249,4.419089,1.089568,-0.701563,-0.243757,0.691332
1870353120.000,OLV,recording,shake_phone,4,-1.231144,4.324434,1.276621,-1.066525,-0.438572,0.701820
1870353130.000,OLV,recording,shake_phone,4,-1.364780,3.934060,1.808445,-1.448992,-0.637438,0.738117
1870353140.000,OLV,recording,shake_phone,4,-1.532082,3.285393,2.766460,-1.813027,-0.883818,0.813131
1870353150.000,OLV,recording,shake_phone,4,-1.290921,2.743549,3.653048,-2.130763,-1.154099,0.930323
1870353160.000,OLV,recording,shake_phone,4,-0.307610,2.098268,4.705983,-2.402436,-1.429702,1.026111
1870353170.000,OLV,recording,shake_phone,4,0.867026,1.426695,6.649235,-2.608361,-1.734881,1.029556
1870353180.000,OLV,recording,shake_phone,4,1.541735,1.108458,9.095799,-2.703445,-2.068507,0.958816
1870353190.000,OLV,recording,shake_phone,4,1.663211,1.037063,11.608042,-2.652417,-2.442094,0.881882
1870353200.000,OLV,recording,shake_phone,4,1.696988,1.054742,13.787290,-2.433393,-2.862480,0.852325
1870353210.000,OLV,recording,shake_phone,4,2.120861,1.229033,15.271065,-2.059095,-3.245164,0.889876
1870353220.000,OLV,recording,shake_phone,4,3.152535,1.739307,15.889131,-1.613959,-3.419044,0.979834
1870353230.000,OLV,recording,shake_phone,4,4.690273,2.305083,15.549367,-1.270670,-3.267272,1.057031
1870353240.000,OLV,recording,shake_phone,5,6.775892,2.558011,15.130695,-1.169489,-2.776262,1.028064
1870353250.000,OLV,recording,shake_phone,5,9.374706,2.452029,16.027013,-1.277655,-1.987613,0.815308
1870353260.000,OLV,recording,shake_phone,5,11.270902,1.865984,18.095926,-1.423954,-1.018003,0.410133
1870353270.000,OLV,recording,shake_phone,5,11.015918,0.960596,20.094281,-1.425791,-0.013321,-0.080658
1870353280.000,OLV,recording,shake_phone,5,8.976734,0.442394,21.274362,-1.190065,0.901469,-0.496123
1870353290.000,OLV,recording,shake_phone,5,6.479514,0.447427,21.217001,-0.730175,1.599435,-0.745777
1870353300.000,OLV,recording,shake_phone,5,4.280502,0.533209,19.805146,-0.146972,1.988079,-0.842836
1870353310.000,OLV,recording,shake_phone,5,2.965216,0.649235,17.401037,0.425486,2.056964,-0.850441
1870353320.000,OLV,recording,shake_phone,5,2.649931,0.922806,15.044630,0.908636,1.869920,-0.845284
1870353330.000,OLV,recording,shake_phone,5,2.464998,1.329006,13.314725,1.308969,1.513046,-0.894628
1870353340.000,OLV,recording,shake_phone,5,1.911171,1.760361,11.774816,1.655367,1.059455,-1.006942
1870353350.000,OLV,recording,shake_phone,5,0.982947,1.943135,10.125350,1.939778,0.583757,-1.116022
1870353360.000,OLV,recording,shake_phone,5,-0.178937,1.887277,8.347886,2.131349,0.144501,-1.152734
1870353370.000,OLV,recording,shake_phone,5,-1.318602,1.916361,6.420050,2.202477,-0.240370,-1.092982
1870353380.000,OLV,recording,shake_phone,5,-2.193332,2.156297,4.766129,2.137610,-0.561735,-0.925358
1870353390.000,OLV,recording,shake_phone,5,-2.420837,2.474154,3.913211,1.969244,-0.813004,-0.658555
1870353400.000,OLV,recording,shake_phone,5,-1.731101,2.306778,3.444192,1.755763,-0.996256,-0.360357
1870353410.000,OLV,recording,shake_phone,5,-0.473158,1.675949,2.964992,1.522053,-1.116415,-0.111422
1870353420.000,OLV,recording,shake_phone,5,0.529238,1.300523,2.605032,1.272100,-1.183448,0.050104
1870353430.000,OLV,recording,shake_phone,5,1.016461,1.318922,2.406081,1.014239,-1.161999,0.122539
1870353440.000,OLV,recording,shake_phone,5,2.013743,1.660068,3.358980,0.758287,-0.876995,0.115622
1870353450.000,OLV,recording,shake_phone,5,2.492683,2.240112,3.931121,0.484064,-0.256021,0.041726
1870353460.000,OLV,recording,shake_phone,5,1.931962,2.754539,3.172847,0.131756,0.410935,-0.063325
1870353470.000,OLV,recording,shake_phone,5,2.261909,3.266574,3.427955,-0.291798,1.062101,-0.165527
1870353480.000,OLV,recording,shake_phone,5,2.489554,3.716983,3.493189,-0.728448,1.711180,-0.253466
1870353490.000,OLV,recording,shake_phone,5,2.124809,4.016334,3.131909,-1.126625,2.175721,-0.339706
1870353500.000,OLV,recording,shake_phone,5,1.720613,3.890781,3.307137,-1.441480,2.435416,-0.425156
1870353510.000,OLV,recording,shake_phone,5,1.166361,3.034643,3.566631,-1.680405,2.530283,-0.474774
1870353520.000,OLV,recording,shake_phone,5,0.652851,2.087585,3.854282,-1.872143,2.473396,-0.479072
1870353530.000,OLV,recording,shake_phone,5,0.244140,1.261424,4.274322,-2.010267,2.248634,-0.460251
1870353540.000,OLV,recording,shake_phone,5,0.030560,0.331264,5.817612,-1.986361,1.905780,-0.435885
1870353550.000,OLV,recording,shake_phone,5,-0.593760,0.110619,8.137006,-1.714567,1.504979,-0.394057
1870353560.000,OLV,recording,shake_phone,5,-1.879978,0.811291,9.602880,-1.334420,1.152735,-0.329676
1870353570.000,OLV,recording,shake_phone,5,-2.627133,1.504433,10.374377,-1.068227,1.014196,-0.271228
1870353580.000,OLV,recording,shake_phone,5,-2.561575,1.824598,11.065803,-0.982479,1.057199,-0.203630
1870353590.000,OLV,recording,shake_phone,5,-1.911846,1.678885,12.121255,-1.037010,1.079234,-0.080643
1870353600.000,OLV,recording,shake_phone,5,-0.651369,1.477668,13.901407,-1.179086,0.906262,0.076922
1870353610.000,OLV,recording,shake_phone,5,0.927251,1.395367,16.262545,-1.331339,0.456270,0.192510
1870353620.000,OLV,recording,shake_phone,5,2.058915,1.308737,17.652241,-1.431338,-0.152191,0.223119
1870353630.000,OLV,recording,shake_phone,5,2.545612,1.262247,18.030362,-1.449746,-0.661305,0.183156
1870353640.000,OLV,recording,shake_phone,5,2.376706,1.301259,18.855315,-1.366760,-0.945257,0.102748
1870353650.000,OLV,recording,shake_phone,5,1.737078,1.226638,20.240075,-1.172831,-1.048084,0.012313
1870353660.000,OLV,recording,shake_phone,5,0.934925,1.082393,21.574389,-0.865219,-1.000844,-0.054145
1870353670.000,OLV,recording,shake_phone,5,0.299973,0.958154,22.325347,-0.434460,-0.779189,-0.063805
1870353680.000,OLV,recording,shake_phone,5,0.414804,0.847953,22.252288,0.134606,-0.394218,-0.016025
1870353690.000,OLV,recording,shake_phone,5,1.584664,0.767248,21.577518,0.843827,0.051661,0.038164
1870353700.000,OLV,recording,shake_phone,5,2.838080,0.738504,20.298067,1.663746,0.454504,0.039110
1870353710.000,OLV,recording,shake_phone,5,3.216326,0.673946,18.179091,2.529035,0.796564,-0.027403
1870353720.000,OLV,recording,shake_phone,5,2.857794,0.369984,15.623650,3.346129,1.090522,-0.130009
1870353730.000,OLV,recording,shake_phone,5,2.216171,0.089019,12.921068,4.020294,1.314127,-0.228067
1870353740.000,OLV,recording,shake_phone,5,1.604504,0.577023,10.292795,4.486296,1.440540,-0.304968
1870353750.000,OLV,recording,shake_phone,5,0.933306,1.542365,7.993518,4.709856,1.473670,-0.354478
1870353760.000,OLV,recording,shake_phone,5,0.041520,2.014515,5.918713,4.692138,1.430256,-0.361070
1870353770.000,OLV,recording,shake_phone,5,-0.584367,2.224032,4.170568,4.482608,1.313868,-0.335364
1870353780.000,OLV,recording,shake_phone,5,-0.810262,2.424801,2.899570,4.151809,1.123370,-0.300483
1870353790.000,OLV,recording,shake_phone,5,-0.829811,2.495129,1.928916,3.749928,0.883020,-0.265544
1870353800.000,OLV,recording,shake_phone,5,-0.793868,2.590083,1.253991,3.317853,0.631525,-0.237225
1870353810.000,OLV,recording,shake_phone,5,-0.895065,2.739374,0.868569,2.881494,0.386624,-0.211913
1870353820.000,OLV,recording,shake_phone,5,-0.879568,3.021777,0.630393,2.451222,0.149813,-0.187129
1870353830.000,OLV,recording,shake_phone,5,-0.825048,3.320512,0.492257,2.049170,-0.068315,-0.168567
1870353840.000,OLV,recording,shake_phone,5,-0.849438,3.466859,0.470558,1.698361,-0.255532,-0.156647
1870353850.000,OLV,recording,shake_phone,5,-0.886498,3.466895,0.427109,1.401454,-0.410812,-0.145801
1870353860.000,OLV,recording,shake_phone,5,-1.046427,3.380832,0.244191,1.130631,-0.538706,-0.131934
1870353870.000,OLV,recording,shake_phone,5,-1.300794,3.250697,-0.168168,0.835812,-0.626734,-0.113614
1870353880.000,OLV,recording,shake_phone,5,-1.554283,3.111802,-0.738692,0.465821,-0.658865,-0.093084
1870353890.000,OLV,recording,shake_phone,5,-1.761400,3.062911,-1.272291,-0.010421,-0.645695,-0.078049
1870353900.000,OLV,recording,shake_phone,5,-1.868900,3.124047,-1.601193,-0.600542,-0.616174,-0.074060
1870353910.000,OLV,recording,shake_phone,5,-1.879240,3.248382,-1.506532,-1.282370,-0.596388,-0.081698
1870353920.000,OLV,recording,shake_phone,5,-1.904117,3.316542,-0.861128,-2.001464,-0.608526,-0.094936
1870353930.000,OLV,recording,shake_phone,5,-2.017955,3.170275,0.388318,-2.697406,-0.684412,-0.095927
1870353940.000,OLV,recording,shake_phone,5,-2.071435,2.785376,2.195802,-3.325320,-0.848698,-0.067144
1870353950.000,OLV,recording,shake_phone,5,-1.897221,2.288954,4.347323,-3.861203,-1.100163,-0.007100
1870353960.000,OLV,recording,shake_phone,5,-1.490179,1.739825,6.756914,-4.293706,-1.417021,0.069497
1870353970.000,OLV,recording,shake_phone,5,-0.797893,1.172715,9.493852,-4.610019,-1.746126,0.133708
1870353980.000,OLV,recording,shake_phone,5,0.178655,0.777964,12.826927,-4.798351,-2.004620,0.150484
1870353990.000,OLV,recording,shake_phone,5,1.175273,0.601441,16.475979,-4.854272,-2.100265,0.107529
1870354000.000,OLV,recording,shake_phone,5,1.789419,0.607219,19.680940,-4.740169,-1.903519,0.037263
1870354010.000,OLV,recording,shake_phone,5,1.625426,0.777719,22.166566,-4.358435,-1.343204,0.004308
1870354020.000,OLV,recording,shake_phone,5,1.007949,0.935591,24.015656,-3.631101,-0.521274,0.055348
1870354030.000,OLV,recording,shake_phone,5,0.803567,1.020320,25.258599,-2.575425,0.330837,0.170180
1870354040.000,OLV,recording,shake_phone,5,1.064042,1.143557,25.503962,-1.331184,0.935906,0.279922
1870354050.000,OLV,recording,shake_phone,5,1.175526,1.561808,24.283204,-0.146857,1.130579,0.343356
1870354060.000,OLV,recording,shake_phone,5,1.014471,2.269788,22.094103,0.766702,0.950760,0.368474
1870354070.000,OLV,recording,shake_phone,5,0.904400,2.806686,20.038902,1.405035,0.571696,0.369198
1870354080.000,OLV,recording,shake_phone,5,0.855461,2.935902,18.723973,1.917582,0.220365,0.347826
1870354090.000,OLV,recording,shake_phone,5,0.753420,2.912318,17.859019,2.408224,0.038442,0.312127
1870354100.000,OLV,recording,shake_phone,5,0.647315,2.831427,16.788163,2.903324,0.019294,0.276390
1870354110.000,OLV,recording,shake_phone,5,0.753886,2.548551,14.876229,3.381557,0.106199,0.235947
1870354120.000,OLV,recording,shake_phone,5,1.056209,2.182948,12.235906,3.770898,0.234829,0.172942
1870354130.000,OLV,recording,shake_phone,5,1.220979,1.927979,9.616890,4.017303,0.329424,0.082025
1870354140.000,OLV,recording,shake_phone,5,1.127537,1.792558,7.428538,4.115338,0.353294,-0.023945
1870354150.000,OLV,recording,shake_phone,5,0.913387,1.779582,5.795914,4.095014,0.316867,-0.128377
1870354160.000,OLV,recording,shake_phone,5,0.704403,1.870570,4.580240,3.999963,0.238827,-0.224317
1870354170.000,OLV,recording,shake_phone,5,0.432901,1.999142,3.532850,3.860532,0.132570,-0.308042
1870354180.000,OLV,recording,shake_phone,5,0.043765,2.213700,2.567292,3.686947,0.019102,-0.375314
1870354190.000,OLV,recording,shake_phone,5,-0.368483,2.520199,1.668048,3.478147,-0.079797,-0.420706
1870354200.000,OLV,recording,shake_phone,5,-0.727948,2.805252,0.838763,3.235364,-0.149250,-0.434753
1870354210.000,OLV,recording,shake_phone,5,-0.932184,3.029439,0.079233,2.966132,-0.181378,-0.415079
1870354220.000,OLV,recording,shake_phone,5,-0.982757,3.247270,-0.650068,2.675806,-0.181733,-0.368952
1870354230.000,OLV,recording,shake_phone,5,-0.975074,3.460888,-1.371789,2.358425,-0.161826,-0.305108
1870354240.000,OLV,recording,shake_phone,5,-0.928771,3.641515,-2.065907,1.993615,-0.131192,-0.229713
1870354250.000,OLV,recording,shake_phone,5,-0.847635,3.818852,-2.749212,1.557126,-0.101673,-0.146037
1870354260.000,OLV,recording,shake_phone,5,-0.770525,4.030876,-3.334699,1.028804,-0.089902,-0.058390
1870354270.000,OLV,recording,shake_phone,5,-0.752755,4.271280,-3.816705,0.387686,-0.105225,0.027925
1870354280.000,OLV,recording,shake_phone,5,-0.812170,4.509984,-4.210883,-0.392769,-0.142351,0.113589
1870354290.000,OLV,recording,shake_phone,5,-0.811186,4.608856,-4.301394,-1.321095,-0.197072,0.195810
1870354300.000,OLV,recording,shake_phone,5,-0.600675,4.289977,-3.932206,-2.362696,-0.260727,0.257204
1870354310.000,OLV,recording,shake_phone,5,-0.269348,3.567940,-2.814834,-3.447542,-0.307038,0.280890
1870354320.000,OLV,recording,shake_phone,5,0.118903,2.743312,-0.798981,-4.485805,-0.304573,0.267526
1870354330.000,OLV,recording,shake_phone,5,0.445012,1.919756,1.927293,-5.401984,-0.250275,0.226637
1870354340.000,OLV,recording,shake_phone,5,0.663972,1.059753,5.515457,-6.157755,-0.193597,0.171316
1870354350.000,OLV,recording,shake_phone,5,0.912342,0.085437,9.990667,-6.717192,-0.183685,0.126803
1870354360.000,OLV,recording,shake_phone,5,1.329659,-0.836164,15.270189,-6.990922,-0.200212,0.117805
1870354370.000,OLV,recording,shake_phone,5,1.923363,-1.236725,21.099929,-6.828568,-0.162565,0.145389
1870354380.000,OLV,recording,shake_phone,5,2.498803,-0.829919,26.059259,-6.104333,-0.040945,0.183039
1870354390.000,OLV,recording,shake_phone,5,2.969194,0.227862,29.294907,-4.817662,0.162172,0.192611
1870354400.000,OLV,recording,shake_phone,5,3.121933,1.217080,30.623894,-3.133720,0.461229,0.150363
1870354410.000,OLV,recording,shake_phone,5,2.546228,1.585577,29.647784,-1.345062,0.803460,0.072834
1870354420.000,OLV,recording,shake_phone,5,1.076348,1.626430,26.934055,0.233371,1.043148,0.004219
1870354430.000,OLV,recording,shake_phone,5,-0.856627,1.763767,23.095684,1.374593,1.038804,-0.018297
1870354440.000,OLV,recording,shake_phone,5,-2.596014,2.214311,19.543420,2.033464,0.794920,0.030903
1870354450.000,OLV,recording,shake_phone,5,-3.485569,2.626088,17.393193,2.365806,0.458976,0.155188
1870354460.000,OLV,recording,shake_phone,5,-2.944139,2.593106,16.644369,2.618002,0.184962,0.306435
1870354470.000,OLV,recording,shake_phone,5,-1.342555,2.228102,16.129780,2.943587,0.036794,0.406986
1870354480.000,OLV,recording,shake_phone,5,0.200339,1.875854,14.720041,3.324924,0.008220,0.414911
1870354490.000,OLV,recording,shake_phone,5,1.098219,1.712979,12.599408,3.669248,0.052078,0.343280
1870354500.000,OLV,recording,shake_phone,5,1.425570,1.658522,10.613388,3.915689,0.104781,0.226285
1870354510.000,OLV,recording,shake_phone,5,1.308842,1.679308,9.082540,4.053941,0.137903,0.093091
1870354520.000,OLV,recording,shake_phone,5,0.924377,1.774386,7.868250,4.102443,0.158934,-0.034227
1870354530.000,OLV,recording,shake_phone,5,0.510807,1.873621,6.784396,4.095130,0.187730,-0.139149
1870354540.000,OLV,recording,shake_phone,5,0.278443,1.971931,5.519944,4.059386,0.249312,-0.223025
1870354550.000,OLV,recording,shake_phone,5,0.146966,2.120911,4.067061,3.994142,0.354680,-0.296531
1870354560.000,OLV,recording,shake_phone,5,0.001691,2.425386,2.584769,3.880520,0.495227,-0.357756
1870354570.000,OLV,recording,shake_phone,5,-0.167078,2.822683,1.167474,3.698067,0.652154,-0.395928
1870354580.000,OLV,recording,shake_phone,5,-0.344426,3.158360,-0.061310,3.436805,0.801133,-0.401525
1870354590.000,OLV,recording,shake_phone,5,-0.395315,3.451479,-1.070773,3.100618,0.916597,-0.375662
1870354600.000,OLV,recording,shake_phone,5,-0.320290,3.879730,-1.929227,2.697549,0.987426,-0.332633
1870354610.000,OLV,recording,shake_phone,5,-0.353322,4.247314,-2.639967,2.236098,1.021347,-0.280555
1870354620.000,OLV,recording,shake_phone,5,-0.461120,4.386213,-3.130923,1.723260,1.018267,-0.216536
1870354630.000,OLV,recording,shake_phone,5,-0.529514,4.514683,-3.475829,1.170563,0.969401,-0.140372
1870354640.000,OLV,recording,shake_phone,5,-0.580410,4.651795,-3.670456,0.609498,0.875677,-0.059508
1870354650.000,OLV,recording,shake_phone,5,-0.674232,4.734201,-3.684696,0.021217,0.715102,0.024299
1870354660.000,OLV,recording,shake_phone,5,-0.888922,4.767840,-3.468270,-0.610814,0.465958,0.112509
1870354670.000,OLV,recording,shake_phone,5,-1.189933,4.552667,-3.194356,-1.269844,0.148928,0.204674
1870354680.000,OLV,recording,shake_phone,5,-1.201362,4.249607,-2.882594,-1.973374,-0.210958,0.298560
1870354690.000,OLV,recording,shake_phone,5,-0.936665,4.107358,-2.346479,-2.735164,-0.602088,0.379704
1870354700.000,OLV,recording,shake_phone,5,-0.627770,3.845924,-1.612597,-3.558664,-0.991832,0.430922
1870354710.000,OLV,recording,shake_phone,5,-0.172595,3.301837,-0.297253,-4.423986,-1.350091,0.442497
1870354720.000,OLV,recording,shake_phone,5,0.379794,2.603935,2.170472,-5.273938,-1.665148,0.414713
1870354730.000,OLV,recording,shake_phone,5,1.063537,1.914209,6.025494,-6.037485,-1.912737,0.349376
1870354740.000,OLV,recording,shake_phone,5,2.163641,1.075333,11.278149,-6.640258,-2.070502,0.236578
1870354750.000,OLV,recording,shake_phone,5,3.528155,0.056019,17.557529,-6.947611,-2.066661,0.069646
1870354760.000,OLV,recording,shake_phone,5,3.982747,-0.809574,23.922448,-6.749483,-1.746878,-0.126414
1870354770.000,OLV,recording,shake_phone,5,2.881771,-0.998793,28.874710,-5.877921,-1.081712,-0.289910
1870354780.000,OLV,recording,shake_phone,5,1.133826,-0.151083,32.021775,-4.329348,-0.223704,-0.365852
1870354790.000,OLV,recording,shake_phone,5,-0.103542,1.231135,33.015916,-2.354677,0.563137,-0.357794
1870354800.000,OLV,recording,shake_phone,5,-0.622654,2.248107,30.423627,-0.446140,0.997960,-0.303600
1870354810.000,OLV,recording,shake_phone,5,-0.964123,2.892527,25.293673,0.983970,1.030464,-0.223512
1870354820.000,OLV,recording,shake_phone,5,-1.263069,3.322883,20.310465,1.859510,0.793050,-0.122733
1870354830.000,OLV,recording,shake_phone,5,-1.284988,3.432162,17.045890,2.335417,0.411994,-0.014258
1870354840.000,OLV,recording,shake_phone,5,-0.928997,3.499102,15.472532,2.632854,0.005183,0.080482
1870354850.000,OLV,recording,shake_phone,5,-0.440286,3.599237,14.303074,2.905912,-0.309648,0.138974
1870354860.000,OLV,recording,shake_phone,5,-0.229989,3.529735,12.633883,3.168302,-0.468162,0.155658
1870354870.000,OLV,recording,shake_phone,5,-0.280550,3.290594,10.569628,3.367562,-0.485812,0.146608
1870354880.000,OLV,recording,shake_phone,5,-0.351151,2.945080,8.585317,3.475163,-0.421020,0.127694
1870354890.000,OLV,recording,shake_phone,5,-0.292261,2.735165,6.887102,3.493177,-0.326102,0.102641
1870354900.000,OLV,recording,shake_phone,5,-0.109713,2.719468,5.542943,3.433077,-0.231547,0.066707
1870354910.000,OLV,recording,shake_phone,5,0.100654,2.764963,4.472073,3.312763,-0.152913,0.015055
1870354920.000,OLV,recording,shake_phone,5,0.296451,2.862464,3.699746,3.150805,-0.113197,-0.051077
1870354930.000,OLV,recording,shake_phone,5,0.499986,3.027062,3.307474,2.964518,-0.138215,-0.128958
1870354940.000,OLV,recording,shake_phone,5,0.537387,3.145846,3.087839,2.780394,-0.205205,-0.211467
1870354950.000,OLV,recording,shake_phone,5,0.389657,3.210874,2.706781,2.609382,-0.249452,-0.287234
1870354960.000,OLV,recording,shake_phone,5,0.089643,3.301681,2.054542,2.437842,-0.239849,-0.348917
1870354970.000,OLV,recording,shake_phone,5,-0.297294,3.554232,1.131753,2.243115,-0.191318,-0.387877
1870354980.000,OLV,recording,shake_phone,5,-0.611527,3.907738,0.086381,1.997675,-0.123584,-0.397545
1870354990.000,OLV,recording,shake_phone,5,-0.823586,4.159130,-1.006427,1.677497,-0.041448,-0.380631
1870355000.000,OLV,recording,shake_phone,5,-0.803560,4.388359,-2.240805,1.256349,0.037062,-0.347863
1870355010.000,OLV,recording,shake_phone,5,-0.788332,4.693089,-3.459113,0.711681,0.073673,-0.308347
1870355020.000,OLV,recording,shake_phone,5,-1.015801,5.024959,-4.384566,0.032146,0.064895,-0.252594
1870355030.000,OLV,recording,shake_phone,5,-1.260393,5.223066,-4.929279,-0.784366,0.039274,-0.170846
1870355040.000,OLV,recording,shake_phone,5,-1.374721,5.170525,-4.895299,-1.714008,0.013731,-0.067962
1870355050.000,OLV,recording,shake_phone,5,-1.292737,4.788110,-4.139015,-2.714969,0.000177,0.043254
1870355060.000,OLV,recording,shake_phone,5,-1.003688,4.035197,-2.609931,-3.731557,0.004721,0.143494
1870355070.000,OLV,recording,shake_phone,5,-0.706315,3.059960,-0.293219,-4.685779,0.009149,0.221086
1870355080.000,OLV,recording,shake_phone,5,-0.514640,2.021743,2.896785,-5.494043,-0.009572,0.283182
1870355090.000,OLV,recording,shake_phone,5,-0.161494,0.939376,6.908774,-6.081002,-0.048715,0.343983
1870355100.000,OLV,recording,shake_phone,5,0.699511,-0.166150,11.248622,-6.388814,-0.074796,0.396426
1870355110.000,OLV,recording,shake_phone,5,1.952950,-1.009289,15.909122,-6.376768,-0.063575,0.409299
1870355120.000,OLV,recording,shake_phone,5,3.070194,-1.212663,20.787749,-6.016396,-0.051177,0.359542
1870355130.000,OLV,recording,shake_phone,5,3.520278,-0.833512,25.259942,-5.289300,-0.064571,0.258584
1870355140.000,OLV,recording,shake_phone,5,3.116092,-0.214421,28.910323,-4.188898,-0.033665,0.138658
1870355150.000,OLV,recording,shake_phone,5,2.043766,0.421628,31.020944,-2.751200,0.097975,0.029644
1870355160.000,OLV,recording,shake_phone,5,0.730673,0.962572,30.767809,-1.132930,0.262329,-0.045557
1870355170.000,OLV,recording,shake_phone,5,-0.332756,1.365909,27.960077,0.390039,0.360972,-0.072843
1870355180.000,OLV,recording,shake_phone,5,-0.650765,1.715229,23.757238,1.586240,0.372063,-0.057646
1870355190.000,OLV,recording,shake_phone,5,0.025125,2.289237,20.049261,2.408417,0.311161,-0.036558
1870355200.000,OLV,recording,shake_phone,5,1.164697,2.893192,17.677690,2.959301,0.173527,-0.064681
1870355210.000,OLV,recording,shake_phone,5,1.732167,2.985357,16.041614,3.370593,-0.028137,-0.170116
1870355220.000,OLV,recording,shake_phone,5,1.538486,2.677983,14.425229,3.717987,-0.254909,-0.329183
1870355230.000,OLV,recording,shake_phone,5,0.922027,2.393106,12.629519,4.000359,-0.467206,-0.492944
1870355240.000,OLV,recording,shake_phone,5,0.154543,2.284010,10.736967,4.197912,-0.638230,-0.628520
1870355250.000,OLV,recording,shake_phone,5,-0.349191,2.315791,8.958884,4.310202,-0.756718,-0.730530
1870355260.000,OLV,recording,shake_phone,5,-0.490347,2.385121,7.370635,4.348554,-0.812182,-0.808813
1870355270.000,OLV,recording,shake_phone,5,-0.479554,2.412533,5.824365,4.319361,-0.802765,-0.875869
1870355280.000,OLV,recording,shake_phone,5,-0.523251,2.458216,4.235738,4.209420,-0.744761,-0.931515
1870355290.000,OLV,recording,shake_phone,5,-0.653403,2.673862,2.846861,4.016881,-0.666066,-0.966012
1870355300.000,OLV,recording,shake_phone,5,-0.842254,3.072918,1.740950,3.759715,-0.589487,-0.970782
1870355310.000,OLV,recording,shake_phone,5,-0.838075,3.524776,0.786306,3.454600,-0.521118,-0.952543
1870355320.000,OLV,recording,shake_phone,5,-0.619573,3.951119,-0.037060,3.113510,-0.455629,-0.931128
1870355330.000,OLV,recording,shake_phone,5,-0.474422,4.257869,-0.799994,2.747776,-0.382352,-0.914927
1870355340.000,OLV,recording,shake_phone,5,-0.461617,4.431515,-1.520451,2.362928,-0.303251,-0.895389
1870355350.000,OLV,recording,shake_phone,5,-0.563893,4.538297,-2.195801,1.955206,-0.240591,-0.861788
1870355360.000,OLV,recording,shake_phone,5,-0.815441,4.597666,-2.828991,1.510985,-0.201200,-0.804853
1870355370.000,OLV,recording,shake_phone,5,-1.155660,4.650024,-3.458869,1.007562,-0.171029,-0.714981
1870355380.000,OLV,recording,shake_phone,5,-1.411765,4.768629,-4.140404,0.414812,-0.142112,-0.590768
1870355390.000,OLV,recording,shake_phone,5,-1.507638,4.923942,-4.789774,-0.300739,-0.109473,-0.442511
1870355400.000,OLV,recording,shake_phone,5,-1.550953,4.981865,-5.199445,-1.152962,-0.084026,-0.284157
1870355410.000,OLV,recording,shake_phone,5,-1.753749,4.780686,-4.993291,-2.112005,-0.087105,-0.120560
1870355420.000,OLV,recording,shake_phone,5,-2.068880,4.293252,-3.889795,-3.106108,-0.125521,0.051268
1870355430.000,OLV,recording,shake_phone,5,-2.256948,3.593117,-1.857595,-4.043916,-0.199150,0.231404
1870355440.000,OLV,recording,shake_phone,5,-2.265788,2.763797,0.809779,-4.850095,-0.297338,0.414288
1870355450.000,OLV,recording,shake_phone,5,-2.053139,1.830617,3.793587,-5.483958,-0.403568,0.590413
1870355460.000,OLV,recording,shake_phone,5,-1.501526,0.824207,7.050244,-5.916801,-0.508976,0.744751
1870355470.000,OLV,recording,shake_phone,5,-0.581718,-0.036205,10.427010,-6.126942,-0.592301,0.850995
1870355480.000,OLV,recording,shake_phone,5,0.663211,-0.629433,13.786993,-6.108571,-0.609094,0.879617
1870355490.000,OLV,recording,shake_phone,5,1.956368,-0.969783,17.168097,-5.855783,-0.516029,0.818228
1870355500.000,OLV,recording,shake_phone,5,2.758550,-1.007873,20.859320,-5.341318,-0.311526,0.678647
1870355510.000,OLV,recording,shake_phone,5,2.735311,-0.749587,24.927412,-4.494664,-0.079175,0.494567
1870355520.000,OLV,recording,shake_phone,5,1.813857,-0.386822,28.380400,-3.309772,0.080473,0.317348
1870355530.000,OLV,recording,shake_phone,5,0.187000,0.014221,30.106674,-1.888334,0.157280,0.195530
1870355540.000,OLV,recording,shake_phone,5,-1.658471,0.509053,29.894754,-0.383755,0.193046,0.162256
1870355550.000,OLV,recording,shake_phone,5,-3.071279,0.832530,27.999184,1.038892,0.207342,0.237722
1870355560.000,OLV,recording,shake_phone,5,-3.501423,0.855474,24.735812,2.252435,0.207580,0.412127
1870355570.000,OLV,recording,shake_phone,5,-3.104131,0.947785,20.678899,3.159146,0.208267,0.643886
1870355580.000,OLV,recording,shake_phone,5,-2.440451,1.328578,16.787627,3.729574,0.218446,0.889359
1870355590.000,OLV,recording,shake_phone,5,-1.910494,1.903145,13.848979,4.031850,0.245270,1.124536
1870355600.000,OLV,recording,shake_phone,5,-1.612915,2.375123,11.896107,4.180017,0.300397,1.346710
1870355610.000,OLV,recording,shake_phone,5,-1.304255,2.388275,10.379855,4.263706,0.389197,1.559118
1870355620.000,OLV,recording,shake_phone,5,-0.839066,2.047671,8.818075,4.313271,0.509438,1.755125
1870355630.000,OLV,recording,shake_phone,5,-0.295404,1.770787,7.074340,4.308163,0.652907,1.920995
1870355640.000,OLV,recording,shake_phone,5,0.289776,1.747573,5.326922,4.219371,0.799476,2.045053
1870355650.000,OLV,recording,shake_phone,5,0.950933,1.987429,3.727581,4.041661,0.930566,2.112788
1870355660.000,OLV,recording,shake_phone,5,1.573297,2.449499,2.279405,3.776586,1.058338,2.113481
1870355670.000,OLV,recording,shake_phone,5,1.793642,3.037625,1.116530,3.427051,1.198367,2.060974
1870355680.000,OLV,recording,shake_phone,5,1.708415,3.618222,0.293302,3.018788,1.337093,1.981187
1870355690.000,OLV,recording,shake_phone,5,1.507569,4.143611,-0.235919,2.580687,1.455979,1.890985
1870355700.000,OLV,recording,shake_phone,5,1.241826,4.484393,-0.553533,2.128794,1.531085,1.804941
1870355710.000,OLV,recording,shake_phone,5,1.143595,4.579752,-0.707871,1.678403,1.529078,1.731925
1870355720.000,OLV,recording,shake_phone,5,1.399397,4.658551,-0.795021,1.239082,1.440910,1.661400
1870355730.000,OLV,recording,shake_phone,5,1.862018,4.895323,-0.939795,0.806035,1.283565,1.577704
1870355740.000,OLV,recording,shake_phone,5,2.155530,5.172336,-1.111866,0.369842,1.077695,1.482631
1870355750.000,OLV,recording,shake_phone,5,2.163800,5.173798,-1.095948,-0.068524,0.840912,1.390560
1870355760.000,OLV,recording,shake_phone,5,2.164868,4.973789,-0.852692,-0.497022,0.588610,1.307570
1870355770.000,OLV,recording,shake_phone,5,2.213285,4.803013,-0.565922,-0.903566,0.334645,1.228450
1870355780.000,OLV,recording,shake_phone,5,2.141042,4.742347,-0.467149,-1.296926,0.081244,1.152779
1870355790.000,OLV,recording,shake_phone,5,1.972408,4.745737,-0.639158,-1.720116,-0.191404,1.092290
1870355800.000,OLV,recording,shake_phone,5,1.948538,4.748478,-0.771967,-2.200565,-0.496500,1.053286
1870355810.000,OLV,recording,shake_phone,5,2.208525,4.743867,-0.672350,-2.744678,-0.826924,1.026595
1870355820.000,OLV,recording,shake_phone,5,2.734630,4.580473,-0.227071,-3.359253,-1.145137,1.000452
1870355830.000,OLV,recording,shake_phone,5,3.612321,4.145250,0.841846,-4.018360,-1.386315,0.964117
1870355840.000,OLV,recording,shake_phone,5,4.764509,3.489639,2.762055,-4.667122,-1.523966,0.898404
1870355850.000,OLV,recording,shake_phone,5,5.739848,2.563293,5.760826,-5.240702,-1.577451,0.785991
1870355860.000,OLV,recording,shake_phone,5,6.640396,1.453762,10.005538,-5.657118,-1.575290,0.619201
1870355870.000,OLV,recording,shake_phone,5,7.701068,0.645980,15.454745,-5.819893,-1.523117,0.391987
1870355880.000,OLV,recording,shake_phone,5,8.489514,0.504971,21.732161,-5.634533,-1.395641,0.120221
1870355890.000,OLV,recording,shake_phone,5,8.414928,0.850359,28.076190,-4.999400,-1.187850,-0.148831
1870355900.000,OLV,recording,shake_phone,5,7.353257,1.216032,33.142894,-3.790684,-0.852719,-0.360612
1870355910.000,OLV,recording,shake_phone,5,6.117253,1.178933,35.345695,-1.990755,-0.277961,-0.522459
1870355920.000,OLV,recording,shake_phone,5,5.183222,0.713761,33.776267,0.127875,0.472866,-0.700922
1870355930.000,OLV,recording,shake_phone,5,4.125419,0.598991,28.502048,2.055676,1.125789,-0.899660
1870355940.000,OLV,recording,shake_phone,5,2.923283,1.216594,21.570421,3.388997,1.498389,-1.047115
1870355950.000,OLV,recording,shake_phone,5,1.980719,1.920008,15.717992,4.088495,1.612333,-1.096770
1870355960.000,OLV,recording,shake_phone,5,1.722364,2.412082,11.684829,4.349598,1.547000,-1.070858
1870355970.000,OLV,recording,shake_phone,5,2.035655,2.922531,8.927850,4.367196,1.348323,-1.026867
1870355980.000,OLV,recording,shake_phone,5,2.252511,3.395772,6.890180,4.258782,1.068426,-1.002652
1870355990.000,OLV,recording,shake_phone,5,2.189437,3.663825,5.314730,4.080711,0.767121,-0.998723
1870356000.000,OLV,recording,shake_phone,5,2.036839,3.705058,4.039197,3.855381,0.469084,-1.008493
1870356010.000,OLV,recording,shake_phone,5,1.803816,3.650769,3.187663,3.600376,0.188058,-1.030347
1870356020.000,OLV,recording,shake_phone,5,1.582608,3.611412,2.639962,3.340213,-0.045194,-1.058323
1870356030.000,OLV,recording,shake_phone,5,1.484390,3.662444,2.088109,3.092350,-0.208974,-1.089280
1870356040.000,OLV,recording,shake_phone,5,1.455862,3.864926,1.357449,2.851107,-0.319160,-1.125077
1870356050.000,OLV,recording,shake_phone,5,1.480883,4.150617,0.478223,2.594723,-0.402463,-1.166448
1870356060.000,OLV,recording,shake_phone,5,1.512437,4.430206,-0.469596,2.296498,-0.473502,-1.213486
1870356070.000,OLV,recording,shake_phone,5,1.456145,4.768237,-1.416925,1.928949,-0.536649,-1.264687
1870356080.000,OLV,recording,shake_phone,5,1.152439,4.683351,-2.339092,1.487359,-0.586099,-1.302261
1870356090.000,OLV,recording,shake_phone,5,0.956860,4.209766,-3.279332,0.982421,-0.637960,-1.313598
1870356100.000,OLV,recording,shake_phone,5,1.053712,4.163500,-4.273503,0.401157,-0.706634,-1.309642
1870356110.000,OLV,recording,shake_phone,5,0.851250,4.444320,-5.304734,-0.302253,-0.792880,-1.288428
1870356120.000,OLV,recording,shake_phone,5,0.427665,4.553919,-5.936079,-1.149926,-0.905664,-1.237617
1870356130.000,OLV,recording,shake_phone,5,0.082066,4.315622,-5.852180,-2.107766,-1.033567,-1.160959
1870356140.000,OLV,recording,shake_phone,5,-0.082862,3.928779,-5.045842,-3.114716,-1.144755,-1.071044
1870356150.000,OLV,recording,shake_phone,5,-0.039773,3.383156,-3.327438,-4.090455,-1.214052,-0.981685
1870356160.000,OLV,recording,shake_phone,5,0.221248,2.738965,-0.677064,-4.949581,-1.216594,-0.908235
1870356170.000,OLV,recording,shake_phone,5,0.876542,2.125876,2.904132,-5.613474,-1.105754,-0.868504
1870356180.000,OLV,recording,shake_phone,5,1.773649,1.500583,7.000831,-6.021291,-0.839965,-0.875844
1870356190.000,OLV,recording,shake_phone,5,2.483301,0.872843,11.004822,-6.142266,-0.425803,-0.921869
1870356200.000,OLV,recording,shake_phone,5,2.773704,0.381146,14.749605,-5.974074,0.040634,-0.983165
1870356210.000,OLV,recording,shake_phone,5,2.756930,0.097121,18.489905,-5.524407,0.380569,-1.044003
1870356220.000,OLV,recording,shake_phone,5,2.500429,0.043053,21.695024,-4.822118,0.443931,-1.093142
1870356230.000,OLV,recording,shake_phone,5,2.350299,0.222544,23.762168,-3.949104,0.238248,-1.124528
1870356240.000,OLV,recording,shake_phone,5,2.640236,0.543026,25.016577,-3.007112,-0.065823,-1.161703
1870356250.000,OLV,recording,shake_phone,5,2.950474,0.714729,25.790022,-2.056074,-0.258608,-1.233686
1870356260.000,OLV,recording,shake_phone,5,2.813174,0.804984,26.189234,-1.099246,-0.232314,-1.336260
1870356270.000,OLV,recording,shake_phone,5,2.146320,1.050004,25.800702,-0.123658,-0.013008,-1.438080
1870356280.000,OLV,recording,shake_phone,6,1.166623,1.354856,24.124356,0.837251,0.305736,-1.503321
1870356290.000,OLV,recording,shake_phone,6,0.175917,1.662427,21.336755,1.688743,0.604276,-1.512701
1870356300.000,OLV,recording,shake_phone,6,-0.432547,2.107736,18.216413,2.344932,0.784578,-1.473117
1870356310.000,OLV,recording,shake_phone,6,-0.473843,2.578384,15.429282,2.792128,0.819321,-1.413375
1870356320.000,OLV,recording,shake_phone,6,-0.156121,2.782698,13.247358,3.074817,0.732398,-1.367221
1870356330.000,OLV,recording,shake_phone,6,0.309051,2.745967,11.594153,3.248631,0.565902,-1.354635
1870356340.000,OLV,recording,shake_phone,6,1.010176,2.737383,10.358269,3.352251,0.365162,-1.389124
1870356350.000,OLV,recording,shake_phone,6,2.018190,2.846691,9.472040,3.416152,0.176483,-1.494078
1870356360.000,OLV,recording,shake_phone,6,2.478386,2.833139,8.778357,3.469677,0.035270,-1.678354
1870356370.000,OLV,recording,shake_phone,6,1.796710,2.572157,7.979487,3.518477,-0.053001,-1.888031
1870356380.000,OLV,recording,shake_phone,6,0.474474,2.244356,6.931842,3.541637,-0.110164,-2.051183
1870356390.000,OLV,recording,shake_phone,6,-0.971131,2.038221,5.659197,3.511629,-0.158700,-2.134847
1870356400.000,OLV,recording,shake_phone,6,-2.224600,2.139004,4.272384,3.409221,-0.209140,-2.131721
1870356410.000,OLV,recording,shake_phone,6,-2.849879,2.502097,3.027496,3.235023,-0.268469,-2.058274
1870356420.000,OLV,recording,shake_phone,6,-2.666642,2.869379,1.962367,3.001815,-0.342866,-1.951785
1870356430.000,OLV,recording,shake_phone,6,-1.935619,3.150178,0.949272,2.715291,-0.438457,-1.857246
1870356440.000,OLV,recording,shake_phone,6,-1.099142,3.397391,0.028643,2.367878,-0.557715,-1.803272
1870356450.000,OLV,recording,shake_phone,6,-0.791651,3.616068,-0.647575,1.962140,-0.689907,-1.783264
1870356460.000,OLV,recording,shake_phone,6,-1.141224,3.806956,-0.929963,1.528991,-0.811323,-1.768129
1870356470.000,OLV,recording,shake_phone,6,-1.816512,3.964830,-0.921864,1.112329,-0.903127,-1.731615
1870356480.000,OLV,recording,shake_phone,6,-2.589272,4.037161,-0.881307,0.743092,-0.972103,-1.654224
1870356490.000,OLV,recording,shake_phone,6,-3.163611,4.071958,-0.993534,0.419034,-1.044922,-1.524703
1870356500.000,OLV,recording,shake_phone,6,-3.321174,4.184478,-1.193494,0.102137,-1.139445,-1.358415
1870356510.000,OLV,recording,shake_phone,6,-3.419359,4.290556,-1.448861,-0.257532,-1.247597,-1.183223
1870356520.000,OLV,recording,shake_phone,6,-3.782680,4.282877,-1.746944,-0.698442,-1.334304,-1.001031
1870356530.000,OLV,recording,shake_phone,6,-4.160566,4.209935,-1.920795,-1.244303,-1.353334,-0.797481
1870356540.000,OLV,recording,shake_phone,6,-4.107962,4.100833,-1.634213,-1.905048,-1.293498,-0.580331
1870356550.000,OLV,recording,shake_phone,6,-3.490464,3.864832,-0.612211,-2.660255,-1.190523,-0.380641
1870356560.000,OLV,recording,shake_phone,6,-2.665498,3.482634,1.278736,-3.454141,-1.113236,-0.218731
1870356570.000,OLV,recording,shake_phone,6,-1.985294,2.932352,4.003170,-4.211983,-1.133640,-0.089618
1870356580.000,OLV,recording,shake_phone,6,-1.345307,2.284263,7.384033,-4.856643,-1.244658,0.030396
1870356590.000,OLV,recording,shake_phone,6,-0.446062,1.612165,11.398351,-5.316791,-1.360596,0.155551
1870356600.000,OLV,recording,shake_phone,6,0.631401,0.932878,15.994397,-5.512916,-1.413848,0.268551
1870356610.000,OLV,recording,shake_phone,6,1.587091,0.363263,20.720249,-5.356873,-1.360888,0.341839
1870356620.000,OLV,recording,shake_phone,6,2.087085,0.174795,24.906080,-4.790272,-1.149327,0.363999
1870356630.000,OLV,recording,shake_phone,6,2.133381,0.470272,27.971622,-3.823855,-0.760260,0.346540
1870356640.000,OLV,recording,shake_phone,6,2.257377,1.053165,29.312356,-2.539888,-0.256798,0.304973
1870356650.000,OLV,recording,shake_phone,6,2.585927,1.682303,28.935071,-1.075337,0.234788,0.239386
1870356660.000,OLV,recording,shake_phone,6,2.679044,2.307712,26.994343,0.340605,0.577525,0.153155
1870356670.000,OLV,recording,shake_phone,6,2.407342,2.731373,23.922614,1.520066,0.719003,0.058591
1870356680.000,OLV,recording,shake_phone,6,1.812581,2.741214,20.639080,2.432510,0.702090,-0.029543
1870356690.000,OLV,recording,shake_phone,6,0.896059,2.543020,17.704345,3.122505,0.608895,-0.089717
1870356700.000,OLV,recording,shake_phone,6,-0.037733,2.333663,15.175595,3.658027,0.548287,-0.105009
1870356710.000,OLV,recording,shake_phone,6,-0.741903,2.191330,12.816774,4.082066,0.588090,-0.076605
1870356720.000,OLV,recording,shake_phone,6,-1.280257,2.070005,10.536100,4.399171,0.709644,-0.017282
1870356730.000,OLV,recording,shake_phone,6,-1.661601,1.970105,8.293506,4.592403,0.852649,0.062112
1870356740.000,OLV,recording,shake_phone,6,-1.862937,1.948852,6.247726,4.643182,0.966826,0.151174
1870356750.000,OLV,recording,shake_phone,6,-1.845468,2.039055,4.426969,4.546921,1.017598,0.232725
1870356760.000,OLV,recording,shake_phone,6,-1.725403,2.293031,2.843640,4.318536,0.983254,0.290380
1870356770.000,OLV,recording,shake_phone,6,-1.690223,2.681898,1.645071,3.994265,0.865535,0.325326
1870356780.000,OLV,recording,shake_phone,6,-1.705471,3.077096,0.804980,3.621102,0.701710,0.345934
1870356790.000,OLV,recording,shake_phone,6,-1.753499,3.380951,0.128938,3.236966,0.547701,0.358424
1870356800.000,OLV,recording,shake_phone,6,-1.922906,3.571152,-0.520192,2.857839,0.437565,0.374407
1870356810.000,OLV,recording,shake_phone,6,-2.183580,3.662615,-1.170240,2.470024,0.373493,0.409380
1870356820.000,OLV,recording,shake_phone,6,-2.389172,3.785812,-1.852321,2.044751,0.352375,0.473483
1870356830.000,OLV,recording,shake_phone,6,-2.533906,4.084992,-2.447287,1.567139,0.375598,0.567122
1870356840.000,OLV,recording,shake_phone,6,-2.785821,4.362899,-2.775116,1.043909,0.444143,0.691266
1870356850.000,OLV,recording,shake_phone,6,-3.219610,4.412640,-2.954553,0.484245,0.550863,0.858436
1870356860.000,OLV,recording,shake_phone,6,-3.726380,4.288619,-2.986997,-0.104400,0.666115,1.080566
1870356870.000,OLV,recording,shake_phone,6,-4.075653,4.168046,-2.889736,-0.711608,0.744879,1.352689
1870356880.000,OLV,recording,shake_phone,6,-4.153555,4.200752,-2.830064,-1.335075,0.756936,1.653338
1870356890.000,OLV,recording,shake_phone,6,-3.953440,4.158569,-2.712178,-1.988041,0.701449,1.957502
1870356900.000,OLV,recording,shake_phone,6,-3.602595,3.862753,-2.353911,-2.690595,0.588817,2.249892
1870356910.000,OLV,recording,shake_phone,6,-3.174465,3.351153,-1.633697,-3.446081,0.429505,2.522148
1870356920.000,OLV,recording,shake_phone,6,-2.684456,2.582586,-0.283956,-4.234667,0.231617,2.768927
1870356930.000,OLV,recording,shake_phone,6,-2.089822,1.601668,1.718466,-5.023388,0.021263,2.990507
1870356940.000,OLV,recording,shake_phone,6,-1.088790,0.514397,4.418795,-5.734271,-0.152343,3.170379
1870356950.000,OLV,recording,shake_phone,6,0.519177,-0.546065,7.927367,-6.274385,-0.273643,3.270651
1870356960.000,OLV,recording,shake_phone,6,2.565232,-1.447540,12.048599,-6.571083,-0.344891,3.257382
1870356970.000,OLV,recording,shake_phone,6,4.801189,-1.878715,17.200366,-6.544216,-0.359732,3.121289
1870356980.000,OLV,recording,shake_phone,6,7.030929,-1.691477,23.425651,-6.101552,-0.318480,2.875053
1870356990.000,OLV,recording,shake_phone,6,8.710975,-0.999348,28.958902,-5.178967,-0.162314,2.529093
1870357000.000,OLV,recording,shake_phone,6,9.184874,0.026029,32.426213,-3.801916,0.181471,2.095255
1870357010.000,OLV,recording,shake_phone,6,8.076103,1.064578,33.283234,-2.125247,0.630335,1.608202
1870357020.000,OLV,recording,shake_phone,6,5.677191,1.834108,31.435123,-0.428187,0.981351,1.137063
1870357030.000,OLV,recording,shake_phone,6,3.054681,2.214565,27.499706,1.014242,1.132535,0.758949
1870357040.000,OLV,recording,shake_phone,6,1.162110,2.429972,22.994321,2.066924,1.141208,0.514992
1870357050.000,OLV,recording,shake_phone,6,0.240173,2.726521,19.238530,2.757962,1.091167,0.397751
1870357060.000,OLV,recording,shake_phone,6,0.133500,3.075815,16.447430,3.205403,1.024572,0.363741
1870357070.000,OLV,recording,shake_phone,6,0.478783,3.312372,14.424532,3.513865,0.948921,0.365207
1870357080.000,OLV,recording,shake_phone,6,0.900212,3.350479,12.985011,3.754292,0.848485,0.368624
1870357090.000,OLV,recording,shake_phone,6,1.074976,3.127014,11.696514,3.973938,0.723034,0.360527
1870357100.000,OLV,recording,shake_phone,6,1.012850,2.761408,10.125713,4.172521,0.604106,0.348430
1870357110.000,OLV,recording,shake_phone,6,0.954212,2.533712,8.218470,4.318845,0.510742,0.339684
1870357120.000,OLV,recording,shake_phone,6,0.915650,2.482556,6.240582,4.389593,0.435725,0.333745
1870357130.000,OLV,recording,shake_phone,6,0.904402,2.595469,4.448731,4.375547,0.361145,0.327550
1870357140.000,OLV,recording,shake_phone,6,0.938781,2.859304,2.784274,4.274498,0.274122,0.317340
1870357150.000,OLV,recording,shake_phone,6,0.938599,3.162299,1.278430,4.088699,0.181951,0.301828
1870357160.000,OLV,recording,shake_phone,6,0.901071,3.416502,-0.023923,3.822390,0.099695,0.285011
1870357170.000,OLV,recording,shake_phone,6,0.851469,3.643286,-1.096263,3.484592,0.034814,0.270978
1870357180.000,OLV,recording,shake_phone,6,0.805403,3.868899,-1.882855,3.097865,-0.019177,0.261872
1870357190.000,OLV,recording,shake_phone,6,0.708681,4.018716,-2.431894,2.690517,-0.071138,0.259159
1870357200.000,OLV,recording,shake_phone,6,0.478347,4.098607,-2.980307,2.271571,-0.110387,0.266233
1870357210.000,OLV,recording,shake_phone,6,0.180151,4.198451,-3.658607,1.816024,-0.124894,0.288406
1870357220.000,OLV,recording,shake_phone,6,-0.016601,4.374201,-4.432331,1.275922,-0.114477,0.327513
1870357230.000,OLV,recording,shake_phone,6,-0.017759,4.647905,-5.258586,0.629804,-0.075702,0.374987
1870357240.000,OLV,recording,shake_phone,6,0.090481,4.957924,-5.902477,-0.122411,-0.011747,0.416373
1870357250.000,OLV,recording,shake_phone,6,0.212196,5.133255,-6.043193,-0.978353,0.063909,0.442950
1870357260.000,OLV,recording,shake_phone,6,0.265717,5.078250,-5.502391,-1.906017,0.147153,0.455823
1870357270.000,OLV,recording,shake_phone,6,0.218716,4.788712,-4.222131,-2.848390,0.241312,0.465976
1870357280.000,OLV,recording,shake_phone,6,0.164901,4.314126,-2.361128,-3.745811,0.335967,0.483440
1870357290.000,OLV,recording,shake_phone,6,0.212644,3.734610,-0.008807,-4.548578,0.402639,0.511051
1870357300.000,OLV,recording,shake_phone,6,0.386589,3.087016,2.996283,-5.213297,0.412738,0.548885
1870357310.000,OLV,recording,shake_phone,6,0.804833,2.404750,6.832057,-5.696587,0.331702,0.588940
1870357320.000,OLV,recording,shake_phone,6,1.683037,1.819530,11.601852,-5.935376,0.137318,0.603576
1870357330.000,OLV,recording,shake_phone,6,2.893144,1.481959,17.410967,-5.828650,-0.123014,0.554710
1870357340.000,OLV,recording,shake_phone,6,3.977656,1.518419,23.452825,-5.277426,-0.328338,0.422090
1870357350.000,OLV,recording,shake_phone,6,4.509545,2.036568,28.274639,-4.266204,-0.327376,0.209924
1870357360.000,OLV,recording,shake_phone,6,4.070031,2.805749,30.867877,-2.909811,-0.103790,-0.048516
1870357370.000,OLV,recording,shake_phone,6,2.783877,3.367306,30.635433,-1.445030,0.192586,-0.287332
1870357380.000,OLV,recording,shake_phone,6,1.352185,3.576766,28.141975,-0.128204,0.416056,-0.448735
1870357390.000,OLV,recording,shake_phone,6,0.256623,3.771119,24.698836,0.908791,0.513799,-0.508373
1870357400.000,OLV,recording,shake_phone,6,-0.148339,4.145364,21.359366,1.678906,0.502335,-0.482027
1870357410.000,OLV,recording,shake_phone,6,0.001126,4.572158,18.471370,2.249154,0.416667,-0.413415
1870357420.000,OLV,recording,shake_phone,6,0.320765,4.937755,15.844568,2.675818,0.305050,-0.338042
1870357430.000,OLV,recording,shake_phone,6,0.674163,5.060542,13.477285,2.992655,0.201313,-0.275620
1870357440.000,OLV,recording,shake_phone,6,0.949571,4.909975,11.438829,3.216571,0.109101,-0.236116
1870357450.000,OLV,recording,shake_phone,6,1.123349,4.619143,9.825733,3.363374,0.022060,-0.221810
1870357460.000,OLV,recording,shake_phone,6,1.123541,4.279710,8.542867,3.457729,-0.051495,-0.228352
1870357470.000,OLV,recording,shake_phone,6,0.987697,3.967345,7.270519,3.517021,-0.093002,-0.244023
1870357480.000,OLV,recording,shake_phone,6,0.849490,3.785802,5.861045,3.532962,-0.097237,-0.261036
1870357490.000,OLV,recording,shake_phone,6,0.751988,3.738905,4.351596,3.485501,-0.075928,-0.281419
1870357500.000,OLV,recording,shake_phone,6,0.617599,3.766831,2.886455,3.356532,-0.041086,-0.302845
1870357510.000,OLV,recording,shake_phone,6,0.428157,3.860134,1.594434,3.143695,0.001970,-0.318462
1870357520.000,OLV,recording,shake_phone,6,0.274581,3.995775,0.560600,2.862557,0.053329,-0.326583
1870357530.000,OLV,recording,shake_phone,6,0.123430,4.131104,-0.152956,2.536071,0.113900,-0.329058
1870357540.000,OLV,recording,shake_phone,6,-0.039092,4.249102,-0.615416,2.189881,0.177878,-0.326138
1870357550.000,OLV,recording,shake_phone,6,-0.224091,4.309704,-0.854227,1.846579,0.235056,-0.313787
1870357560.000,OLV,recording,shake_phone,6,-0.447578,4.286818,-0.935800,1.526666,0.275258,-0.287721
1870357570.000,OLV,recording,shake_phone,6,-0.685696,4.203670,-1.065005,1.238489,0.292265,-0.246303
1870357580.000,OLV,recording,shake_phone,6,-0.902200,4.154296,-1.371553,0.966819,0.285015,-0.189984
1870357590.000,OLV,recording,shake_phone,6,-1.082210,4.211627,-2.034002,0.669433,0.252293,-0.120585
1870357600.000,OLV,recording,shake_phone,6,-1.171229,4.421793,-3.033064,0.286145,0.188734,-0.042583
1870357610.000,OLV,recording,shake_phone,6,-1.236861,4.614944,-4.063875,-0.233096,0.094818,0.043970
1870357620.000,OLV,recording,shake_phone,6,-1.306403,4.694975,-4.986032,-0.911894,-0.020105,0.146465
1870357630.000,OLV,recording,shake_phone,6,-1.178252,4.891062,-5.717876,-1.761017,-0.153939,0.261941
1870357640.000,OLV,recording,shake_phone,6,-0.998958,4.934643,-5.815381,-2.764271,-0.314727,0.384104
1870357650.000,OLV,recording,shake_phone,6,-0.872886,4.484214,-4.773580,-3.840615,-0.510166,0.518710
1870357660.000,OLV,recording,shake_phone,6,-0.551573,3.679394,-2.637481,-4.877643,-0.719784,0.663945
1870357670.000,OLV,recording,shake_phone,6,0.084258,2.765520,0.317689,-5.778033,-0.896527,0.801391
1870357680.000,OLV,recording,shake_phone,6,1.127366,1.951073,4.241453,-6.459945,-1.020670,0.907856
1870357690.000,OLV,recording,shake_phone,6,2.601535,1.147074,9.149055,-6.861947,-1.128040,0.957302
1870357700.000,OLV,recording,shake_phone,6,4.522065,0.259797,14.650408,-6.930903,-1.231272,0.909518
1870357710.000,OLV,recording,shake_phone,6,6.714594,-0.479941,20.306120,-6.612673,-1.232154,0.720605
1870357720.000,OLV,recording,shake_phone,6,8.186284,-0.666934,25.345775,-5.871443,-1.031273,0.391461
1870357730.000,OLV,recording,shake_phone,6,8.187822,-0.097809,29.000455,-4.731382,-0.631933,-0.009126
1870357740.000,OLV,recording,shake_phone,6,6.866659,1.022319,30.516375,-3.324246,-0.121955,-0.396180
1870357750.000,OLV,recording,shake_phone,6,4.886497,2.084922,29.965204,-1.868161,0.341296,-0.712066
1870357760.000,OLV,recording,shake_phone,6,3.127593,2.758091,28.395925,-0.546347,0.638923,-0.926067
1870357770.000,OLV,recording,shake_phone,6,2.085060,3.060853,26.563890,0.583370,0.745065,-1.039709
1870357780.000,OLV,recording,shake_phone,6,1.764966,3.130327,24.656839,1.552015,0.680942,-1.088156
1870357790.000,OLV,recording,shake_phone,6,2.244796,3.319737,22.548012,2.403248,0.523296,-1.133538
1870357800.000,OLV,recording,shake_phone,6,3.391960,3.682380,20.382227,3.138834,0.385046,-1.238795
1870357810.000,OLV,recording,shake_phone,6,4.243564,3.755820,18.129771,3.757834,0.330809,-1.422974
1870357820.000,OLV,recording,shake_phone,6,3.890934,3.296057,15.473339,4.261460,0.333666,-1.642115
1870357830.000,OLV,recording,shake_phone,6,2.558376,2.646814,12.646125,4.620899,0.327977,-1.826185
1870357840.000,OLV,recording,shake_phone,6,0.985401,2.198306,10.086494,4.825809,0.279834,-1.929671
1870357850.000,OLV,recording,shake_phone,6,-0.342338,2.017520,7.844213,4.894412,0.198477,-1.945357
1870357860.000,OLV,recording,shake_phone,6,-1.156368,2.071095,5.915036,4.851354,0.109967,-1.893189
1870357870.000,OLV,recording,shake_phone,6,-1.528859,2.266156,4.274288,4.717246,0.033364,-1.801105
1870357880.000,OLV,recording,shake_phone,6,-1.481635,2.558276,3.025246,4.509142,-0.042123,-1.696694
1870357890.000,OLV,recording,shake_phone,6,-0.992025,2.858285,2.233937,4.249000,-0.132317,-1.614467
1870357900.000,OLV,recording,shake_phone,6,-0.447902,2.957020,1.836907,3.968469,-0.220696,-1.579078
1870357910.000,OLV,recording,shake_phone,6,-0.318727,2.920915,1.606700,3.696366,-0.286464,-1.584789
1870357920.000,OLV,recording,shake_phone,6,-0.634687,2.931812,1.322361,3.448081,-0.329398,-1.604735
1870357930.000,OLV,recording,shake_phone,6,-1.096207,2.959608,0.828233,3.220428,-0.360931,-1.614250
1870357940.000,OLV,recording,shake_phone,6,-1.473358,3.021090,0.113524,2.991491,-0.388425,-1.610217
1870357950.000,OLV,recording,shake_phone,6,-1.936580,3.125538,-0.659756,2.738030,-0.401069,-1.596833
1870357960.000,OLV,recording,shake_phone,6,-2.516034,3.229530,-1.461085,2.446123,-0.383504,-1.565831
1870357970.000,OLV,recording,shake_phone,6,-3.034408,3.379489,-2.424060,2.100758,-0.336939,-1.505131
1870357980.000,OLV,recording,shake_phone,6,-3.478609,3.622735,-3.531854,1.679934,-0.284469,-1.409374
1870357990.000,OLV,recording,shake_phone,6,-3.880607,3.967781,-4.638682,1.157902,-0.265054,-1.278444
1870358000.000,OLV,recording,shake_phone,6,-4.163568,4.378541,-5.556347,0.518989,-0.315376,-1.113075
1870358010.000,OLV,recording,shake_phone,6,-4.333919,4.754416,-6.140443,-0.231607,-0.446043,-0.913379
1870358020.000,OLV,recording,shake_phone,6,-4.520020,4.972090,-6.330380,-1.075809,-0.642273,-0.678080
1870358030.000,OLV,recording,shake_phone,6,-4.662011,4.911214,-5.970052,-1.989287,-0.870420,-0.406958
1870358040.000,OLV,recording,shake_phone,6,-4.663024,4.567480,-4.987368,-2.925744,-1.088538,-0.103968
1870358050.000,OLV,recording,shake_phone,6,-4.527324,4.085239,-3.599166,-3.825938,-1.269573,0.220644
1870358060.000,OLV,recording,shake_phone,6,-4.244481,3.535373,-2.112802,-4.673139,-1.406136,0.550946
1870358070.000,OLV,recording,shake_phone,6,-3.783982,2.812122,-0.379598,-5.474716,-1.494860,0.873770
1870358080.000,OLV,recording,shake_phone,6,-3.168620,1.951879,1.954820,-6.201281,-1.529668,1.181652
1870358090.000,OLV,recording,shake_phone,6,-2.305219,1.118925,4.928305,-6.777679,-1.511322,1.452678
1870358100.000,OLV,recording,shake_phone,6,-0.911987,0.189541,8.445475,-7.152890,-1.437926,1.652207
1870358110.000,OLV,recording,shake_phone,6,1.277407,-0.931360,12.694824,-7.302735,-1.281179,1.734726
1870358120.000,OLV,recording,shake_phone,6,3.709480,-1.761717,17.894620,-7.152769,-0.997079,1.665492
1870358130.000,OLV,recording,shake_phone,6,5.495602,-1.804070,24.280713,-6.590315,-0.569313,1.469616
1870358140.000,OLV,recording,shake_phone,6,6.438286,-1.091049,30.955776,-5.515307,-0.086266,1.203121
1870358150.000,OLV,recording,shake_phone,6,6.449251,-0.154029,35.206631,-3.928743,0.293473,0.901437
1870358160.000,OLV,recording,shake_phone,6,5.448838,0.874652,36.111059,-1.977449,0.527828,0.588893
1870358170.000,OLV,recording,shake_phone,6,3.610189,1.886795,33.524908,0.005807,0.604074,0.310292
1870358180.000,OLV,recording,shake_phone,6,1.566180,2.336782,27.872631,1.632777,0.497028,0.110225
1870358190.000,OLV,recording,shake_phone,6,-0.098560,2.364172,21.978755,2.732744,0.302641,0.010742
1870358200.000,OLV,recording,shake_phone,6,-1.238427,2.474083,17.459029,3.372672,0.139747,0.015719
1870358210.000,OLV,recording,shake_phone,6,-1.709069,2.772592,14.350686,3.712145,0.061534,0.099420
1870358220.000,OLV,recording,shake_phone,6,-1.650180,3.021575,12.077587,3.884726,0.082679,0.216403
1870358230.000,OLV,recording,shake_phone,6,-1.363109,3.172308,10.245539,3.958656,0.196497,0.327798
1870358240.000,OLV,recording,shake_phone,6,-0.973536,3.207543,8.697484,3.962778,0.353848,0.412207
1870358250.000,OLV,recording,shake_phone,6,-0.556106,3.107365,7.533149,3.918311,0.487047,0.463054
1870358260.000,OLV,recording,shake_phone,6,-0.161353,2.963485,6.771636,3.848195,0.585588,0.477801
1870358270.000,OLV,recording,shake_phone,6,0.135578,2.924570,6.119314,3.777289,0.690581,0.460608
1870358280.000,OLV,recording,shake_phone,6,0.292499,3.039874,5.270151,3.716798,0.815412,0.425573
1870358290.000,OLV,recording,shake_phone,6,0.266558,3.240099,4.102075,3.648198,0.930881,0.387071
1870358300.000,OLV,recording,shake_phone,6,0.132621,3.472383,2.822189,3.537185,1.005233,0.354345
1870358310.000,OLV,recording,shake_phone,6,-0.083856,3.699290,1.626575,3.362413,1.029171,0.332703
1870358320.000,OLV,recording,shake_phone,6,-0.420617,3.881178,0.640336,3.127160,1.021710,0.330763
1870358330.000,OLV,recording,shake_phone,6,-0.647978,4.156601,-0.114162,2.849963,1.006438,0.352747
1870358340.000,OLV,recording,shake_phone,6,-0.803628,4.356354,-0.749914,2.536666,1.002157,0.391494
1870358350.000,OLV,recording,shake_phone,6,-1.199734,3.955806,-1.398853,2.162013,1.021596,0.453080
1870358360.000,OLV,recording,shake_phone,6,-1.535224,3.821318,-1.877782,1.757381,1.027533,0.552768
1870358370.000,OLV,recording,shake_phone,6,-1.683414,4.227535,-2.365363,1.339890,0.999301,0.679214
1870358380.000,OLV,recording,shake_phone,6,-1.958631,4.409347,-3.035863,0.856817,0.947792,0.813626
1870358390.000,OLV,recording,shake_phone,6,-2.355250,4.504968,-3.488242,0.300072,0.853498,0.962674
1870358400.000,OLV,recording,shake_phone,6,-2.691262,4.478872,-3.706798,-0.316884,0.708099,1.135178
1870358410.000,OLV,recording,shake_phone,6,-2.754856,4.543105,-3.713725,-0.990376,0.527051,1.322249
1870358420.000,OLV,recording,shake_phone,6,-2.669554,4.598380,-3.473251,-1.712476,0.337488,1.510668
1870358430.000,OLV,recording,shake_phone,6,-2.454742,4.484795,-2.981832,-2.473944,0.173787,1.692866
1870358440.000,OLV,recording,shake_phone,6,-2.003133,4.153889,-2.219157,-3.267758,0.057422,1.858092
1870358450.000,OLV,recording,shake_phone,6,-1.369390,3.609993,-0.944464,-4.067873,-0.012386,1.994381
1870358460.000,OLV,recording,shake_phone,6,-0.668370,3.033875,1.060913,-4.823990,-0.043454,2.098504
1870358470.000,OLV,recording,shake_phone,6,0.025321,2.459917,3.899086,-5.472047,-0.045974,2.169049
1870358480.000,OLV,recording,shake_phone,6,0.773319,1.847926,7.679748,-5.942040,-0.054063,2.206185
1870358490.000,OLV,recording,shake_phone,6,1.874048,1.346859,12.908335,-6.145023,-0.156537,2.201571
1870358500.000,OLV,recording,shake_phone,6,3.431678,1.127574,19.807014,-5.949637,-0.438822,2.127769
1870358510.000,OLV,recording,shake_phone,6,5.046879,1.356728,26.161259,-5.241155,-0.796785,1.971499
1870358520.000,OLV,recording,shake_phone,6,6.429930,2.114972,29.699809,-4.053747,-0.915419,1.740863
1870358530.000,OLV,recording,shake_phone,6,7.099561,3.014702,30.507336,-2.612605,-0.637046,1.447545
1870358540.000,OLV,recording,shake_phone,6,6.450628,3.555971,29.485993,-1.193020,-0.110867,1.134760
1870358550.000,OLV,recording,shake_phone,6,5.033768,3.911007,27.690455,0.045406,0.448813,0.862616
1870358560.000,OLV,recording,shake_phone,6,3.691497,4.303441,25.380380,1.070031,0.902986,0.658284
1870358570.000,OLV,recording,shake_phone,6,2.640960,4.685988,22.798045,1.913347,1.192254,0.528904
1870358580.000,OLV,recording,shake_phone,6,2.032157,4.863295,20.091312,2.619471,1.306067,0.470448
1870358590.000,OLV,recording,shake_phone,6,2.067027,4.687401,17.268453,3.210347,1.264946,0.453253
1870358600.000,OLV,recording,shake_phone,6,2.551726,4.373007,14.559375,3.685985,1.105801,0.434702
1870358610.000,OLV,recording,shake_phone,6,3.048281,4.116032,12.180622,4.048223,0.874642,0.384345
1870358620.000,OLV,recording,shake_phone,6,3.204706,3.912710,10.047304,4.313170,0.633901,0.297693
1870358630.000,OLV,recording,shake_phone,6,2.944843,3.736497,7.891002,4.488695,0.434983,0.192299
1870358640.000,OLV,recording,shake_phone,6,2.503267,3.645112,5.657266,4.559347,0.286211,0.088093
1870358650.000,OLV,recording,shake_phone,6,1.999756,3.658944,3.499367,4.505624,0.173547,-0.005943
1870358660.000,OLV,recording,shake_phone,6,1.403659,3.732021,1.642838,4.334923,0.088052,-0.077554
1870358670.000,OLV,recording,shake_phone,6,0.817571,3.801936,0.169445,4.074284,0.032717,-0.112156
1870358680.000,OLV,recording,shake_phone,6,0.335850,3.824062,-0.991475,3.747315,0.008763,-0.107058
1870358690.000,OLV,recording,shake_phone,6,-0.050735,3.821355,-1.840805,3.374677,0.004183,-0.066316
1870358700.000,OLV,recording,shake_phone,6,-0.329712,3.851512,-2.368606,2.981012,-0.000764,0.007249
1870358710.000,OLV,recording,shake_phone,6,-0.384718,3.924227,-2.648481,2.590121,-0.020678,0.104562
1870358720.000,OLV,recording,shake_phone,6,-0.197158,3.973669,-2.797065,2.214960,-0.054648,0.202937
1870358730.000,OLV,recording,shake_phone,6,0.096895,4.034859,-3.032047,1.851941,-0.089473,0.280644
1870358740.000,OLV,recording,shake_phone,6,0.358309,4.222045,-3.601556,1.470436,-0.107156,0.329781
1870358750.000,OLV,recording,shake_phone,6,0.554529,4.532984,-4.491226,1.020448,-0.093981,0.352783
1870358760.000,OLV,recording,shake_phone,6,0.662253,4.841824,-5.407429,0.465447,-0.052257,0.355819
1870358770.000,OLV,recording,shake_phone,6,0.648767,5.088337,-6.062786,-0.198157,0.003141,0.349234
1870358780.000,OLV,recording,shake_phone,6,0.476483,5.233440,-6.231629,-0.948246,0.048947,0.348393
1870358790.000,OLV,recording,shake_phone,6,0.231217,5.231186,-5.798075,-1.754179,0.071721,0.364354
1870358800.000,OLV,recording,shake_phone,6,0.195268,5.068296,-4.761008,-2.580480,0.077047,0.394524
1870358810.000,OLV,recording,shake_phone,6,0.341077,4.765960,-3.064668,-3.377112,0.058679,0.431409
1870358820.000,OLV,recording,shake_phone,6,0.495158,4.440145,-0.782584,-4.103343,-0.002008,0.475709
1870358830.000,OLV,recording,shake_phone,6,0.772658,4.080558,2.042507,-4.729354,-0.116941,0.528867
1870358840.000,OLV,recording,shake_phone,6,1.261331,3.664935,5.590207,-5.205260,-0.299214,0.583288
1870358850.000,OLV,recording,shake_phone,6,2.027372,3.319123,10.154716,-5.457825,-0.560540,0.623730
1870358860.000,OLV,recording,shake_phone,6,3.124933,3.219670,15.795907,-5.390649,-0.855687,0.624055
1870358870.000,OLV,recording,shake_phone,6,4.301198,3.462834,21.500970,-4.909054,-1.047056,0.556690
1870358880.000,OLV,recording,shake_phone,6,5.007049,4.094425,25.627278,-4.018400,-1.026161,0.418921
1870358890.000,OLV,recording,shake_phone,6,4.885054,5.026799,27.081176,-2.900652,-0.831046,0.243510
1870358900.000,OLV,recording,shake_phone,6,4.238347,5.903906,26.120993,-1.819545,-0.559788,0.079397
1870358910.000,OLV,recording,shake_phone,6,3.655895,6.402929,24.109641,-0.945341,-0.254026,-0.045114
1870358920.000,OLV,recording,shake_phone,6,3.435957,6.592986,22.155440,-0.287187,0.071635,-0.135315
1870358930.000,OLV,recording,shake_phone,6,3.347253,6.764560,20.633598,0.253302,0.381756,-0.208885
1870358940.000,OLV,recording,shake_phone,6,3.130087,6.869229,19.167313,0.752057,0.637938,-0.264677
1870358950.000,OLV,recording,shake_phone,6,2.931068,6.701326,17.260830,1.211981,0.815108,-0.296528
1870358960.000,OLV,recording,shake_phone,6,2.931795,6.338336,14.950702,1.606108,0.893822,-0.317817
1870358970.000,OLV,recording,shake_phone,6,3.037323,5.973739,12.818922,1.906571,0.854597,-0.345372
1870358980.000,OLV,recording,shake_phone,6,3.056929,5.609868,11.277316,2.113563,0.701778,-0.387663
1870358990.000,OLV,recording,shake_phone,6,2.895737,5.234956,10.246568,2.259474,0.481649,-0.444625
1870359000.000,OLV,recording,shake_phone,6,2.532043,4.922198,9.538273,2.384376,0.265081,-0.508297
1870359010.000,OLV,recording,shake_phone,6,2.116175,4.681926,8.763879,2.492892,0.120280,-0.571640
1870359020.000,OLV,recording,shake_phone,6,1.733258,4.505759,7.757732,2.564820,0.080912,-0.632182
1870359030.000,OLV,recording,shake_phone,6,1.365163,4.436141,6.799581,2.598960,0.128723,-0.687486
1870359040.000,OLV,recording,shake_phone,6,1.018005,4.407043,5.945259,2.610597,0.224805,-0.729125
1870359050.000,OLV,recording,shake_phone,6,0.781049,4.299382,5.092309,2.608839,0.331285,-0.748993
1870359060.000,OLV,recording,shake_phone,6,0.561347,4.141903,4.160136,2.589801,0.416122,-0.749409
1870359070.000,OLV,recording,shake_phone,6,0.215987,4.010304,3.121635,2.541021,0.461830,-0.731245
1870359080.000,OLV,recording,shake_phone,6,-0.078277,3.973234,2.057070,2.448895,0.464245,-0.690557
1870359090.000,OLV,recording,shake_phone,6,-0.175611,4.060437,1.015804,2.304930,0.427489,-0.633409
1870359100.000,OLV,recording,shake_phone,6,-0.127609,4.198952,0.037097,2.105534,0.361754,-0.573870
1870359110.000,OLV,recording,shake_phone,6,-0.132125,4.325072,-0.763953,1.855511,0.281870,-0.519764
1870359120.000,OLV,recording,shake_phone,6,-0.289028,4.431083,-1.282184,1.572399,0.205243,-0.466706
1870359130.000,OLV,recording,shake_phone,6,-0.493532,4.498017,-1.585588,1.283612,0.144640,-0.405472
1870359140.000,OLV,recording,shake_phone,6,-0.636950,4.555974,-1.869471,1.007273,0.099772,-0.332496
1870359150.000,OLV,recording,shake_phone,6,-0.713636,4.610612,-2.289201,0.736974,0.058234,-0.248247
1870359160.000,OLV,recording,shake_phone,6,-0.783436,4.671075,-2.902793,0.446979,0.003617,-0.155504
1870359170.000,OLV,recording,shake_phone,6,-0.871418,4.767926,-3.657079,0.101777,-0.083150,-0.056282
1870359180.000,OLV,recording,shake_phone,6,-0.979324,4.912268,-4.432176,-0.335186,-0.217730,0.050161
1870359190.000,OLV,recording,shake_phone,6,-1.076166,5.121088,-5.147601,-0.899703,-0.392323,0.164025
1870359200.000,OLV,recording,shake_phone,6,-1.124056,5.313631,-5.731161,-1.625501,-0.582001,0.283315
1870359210.000,OLV,recording,shake_phone,6,-1.002125,5.321223,-5.893117,-2.539707,-0.753751,0.404114
1870359220.000,OLV,recording,shake_phone,6,-0.602362,5.042874,-5.125454,-3.629692,-0.878202,0.515078
1870359230.000,OLV,recording,shake_phone,6,-0.086609,4.493705,-2.906139,-4.754874,-0.929834,0.599816
1870359240.000,OLV,recording,shake_phone,6,0.592883,3.716912,0.933578,-5.738611,-0.873842,0.653705
1870359250.000,OLV,recording,shake_phone,6,1.640371,2.690754,6.363360,-6.461585,-0.700284,0.677126
1870359260.000,OLV,recording,shake_phone,6,2.865168,1.615945,12.732539,-6.815264,-0.462011,0.661648
1870359270.000,OLV,recording,shake_phone,6,4.046663,1.054835,19.295822,-6.699594,-0.247885,0.593679
1870359280.000,OLV,recording,shake_phone,6,4.989251,1.297098,25.515157,-6.027990,-0.137442,0.465072
1870359290.000,OLV,recording,shake_phone,6,5.292182,2.087348,29.375968,-4.843688,-0.151497,0.291940
1870359300.000,OLV,recording,shake_phone,6,4.851570,3.122846,29.873126,-3.400318,-0.186718,0.105696
1870359310.000,OLV,recording,shake_phone,6,3.966118,4.128637,28.010894,-2.023725,-0.144353,-0.068016
1870359320.000,OLV,recording,shake_phone,7,2.941037,4.745808,25.416122,-0.908970,-0.017547,-0.205358
1870359330.000,OLV,recording,shake_phone,7,1.989194,4.935300,23.421854,-0.054056,0.168637,-0.288031
1870359340.000,OLV,recording,shake_phone,7,1.296549,4.964529,21.959356,0.652454,0.366232,-0.314045
1870359350.000,OLV,recording,shake_phone,7,1.130268,4.986417,20.427243,1.301641,0.528452,-0.297779
1870359360.000,OLV,recording,shake_phone,7,1.485180,4.919780,18.336392,1.901103,0.612317,-0.270980
1870359370.000,OLV,recording,shake_phone,7,1.916609,4.782854,16.039898,2.415640,0.592085,-0.269024
1870359380.000,OLV,recording,shake_phone,7,2.278788,4.670802,14.167770,2.832188,0.479500,-0.308451
1870359390.000,OLV,recording,shake_phone,7,2.715986,4.476172,12.812153,3.179998,0.320857,-0.395509
1870359400.000,OLV,recording,shake_phone,7,3.077638,4.093790,11.542297,3.496174,0.170859,-0.531705
1870359410.000,OLV,recording,shake_phone,7,3.108134,3.676352,9.876749,3.771305,0.055800,-0.701380
1870359420.000,OLV,recording,shake_phone,7,2.777443,3.481695,7.768049,3.952234,-0.031435,-0.878976
1870359430.000,OLV,recording,shake_phone,7,2.111712,3.496895,5.666619,4.001458,-0.104309,-1.038973
1870359440.000,OLV,recording,shake_phone,7,1.294851,3.596582,3.913923,3.923390,-0.170116,-1.161911
1870359450.000,OLV,recording,shake_phone,7,0.518228,3.758360,2.549732,3.749691,-0.233817,-1.238955
1870359460.000,OLV,recording,shake_phone,7,-0.132365,3.903565,1.511315,3.515346,-0.299626,-1.269483
1870359470.000,OLV,recording,shake_phone,7,-0.573451,4.004379,0.758008,3.246251,-0.373918,-1.258984
1870359480.000,OLV,recording,shake_phone,7,-0.839393,4.028833,0.218679,2.970037,-0.454881,-1.220146
1870359490.000,OLV,recording,shake_phone,7,-0.964928,3.962849,-0.228280,2.697428,-0.532173,-1.165671
1870359500.000,OLV,recording,shake_phone,7,-1.014166,3.855984,-0.678558,2.428040,-0.595828,-1.101827
1870359510.000,OLV,recording,shake_phone,7,-1.112054,3.794769,-1.189322,2.162035,-0.643448,-1.034007
1870359520.000,OLV,recording,shake_phone,7,-1.232072,3.843889,-1.820635,1.883466,-0.675222,-0.963244
1870359530.000,OLV,recording,shake_phone,7,-1.320326,3.985735,-2.662301,1.556449,-0.683590,-0.889077
1870359540.000,OLV,recording,shake_phone,7,-1.392290,4.172703,-3.649779,1.145918,-0.660286,-0.813924
1870359550.000,OLV,recording,shake_phone,7,-1.477448,4.422007,-4.699752,0.617548,-0.603590,-0.738403
1870359560.000,OLV,recording,shake_phone,7,-1.659496,4.744545,-5.732747,-0.055154,-0.513808,-0.658499
1870359570.000,OLV,recording,shake_phone,7,-1.976048,4.984895,-6.428689,-0.874446,-0.400147,-0.564850
1870359580.000,OLV,recording,shake_phone,7,-2.283848,4.979952,-6.431974,-1.804937,-0.290134,-0.452046
1870359590.000,OLV,recording,shake_phone,7,-2.492054,4.642569,-5.656794,-2.786286,-0.211641,-0.317606
1870359600.000,OLV,recording,shake_phone,7,-2.561200,4.021015,-4.240218,-3.756134,-0.170579,-0.161208
1870359610.000,OLV,recording,shake_phone,7,-2.568491,3.212968,-2.391436,-4.664206,-0.169237,0.012403
1870359620.000,OLV,recording,shake_phone,7,-2.548054,2.302685,-0.271674,-5.479389,-0.210164,0.197627
1870359630.000,OLV,recording,shake_phone,7,-2.308739,1.355301,2.288820,-6.181843,-0.264453,0.387135
1870359640.000,OLV,recording,shake_phone,7,-1.558034,0.468396,5.719661,-6.743336,-0.293445,0.561280
1870359650.000,OLV,recording,shake_phone,7,-0.324810,-0.334364,10.276250,-7.101192,-0.290380,0.692301
1870359660.000,OLV,recording,shake_phone,7,1.136615,-1.146002,15.719457,-7.154324,-0.267463,0.757278
1870359670.000,OLV,recording,shake_phone,7,2.668933,-1.710601,21.603916,-6.795168,-0.213650,0.739350
1870359680.000,OLV,recording,shake_phone,7,3.677323,-1.646744,26.397220,-5.968706,-0.119817,0.631974
1870359690.000,OLV,recording,shake_phone,7,3.688859,-0.850144,28.806135,-4.753195,0.035113,0.454028
1870359700.000,OLV,recording,shake_phone,7,2.741791,0.411215,28.888167,-3.366791,0.271168,0.254303
1870359710.000,OLV,recording,shake_phone,7,1.524653,1.673106,27.451679,-2.020906,0.514998,0.073954
1870359720.000,OLV,recording,shake_phone,7,0.470701,2.366190,25.426397,-0.848794,0.670445,-0.058853
1870359730.000,OLV,recording,shake_phone,7,-0.530864,2.385690,23.167697,0.080307,0.689893,-0.116637
1870359740.000,OLV,recording,shake_phone,7,-1.013411,2.453222,21.253339,0.784542,0.578900,-0.105062
1870359750.000,OLV,recording,shake_phone,7,-0.764823,2.805368,19.574545,1.338754,0.404953,-0.062881
1870359760.000,OLV,recording,shake_phone,7,-0.087183,3.140210,18.057499,1.813827,0.245885,-0.031442
1870359770.000,OLV,recording,shake_phone,7,0.428875,3.296634,16.516290,2.247021,0.144684,-0.032296
1870359780.000,OLV,recording,shake_phone,7,0.594735,3.320073,14.877171,2.647237,0.102474,-0.060878
1870359790.000,OLV,recording,shake_phone,7,0.506418,3.189259,13.146305,2.998347,0.100729,-0.101016
1870359800.000,OLV,recording,shake_phone,7,0.327169,3.012087,11.355861,3.265691,0.131016,-0.138385
1870359810.000,OLV,recording,shake_phone,7,0.182490,2.936420,9.606497,3.429396,0.176447,-0.167051
1870359820.000,OLV,recording,shake_phone,7,0.100057,2.982484,8.016779,3.494673,0.202534,-0.191373
1870359830.000,OLV,recording,shake_phone,7,-0.015640,3.089366,6.692247,3.477280,0.187000,-0.212717
1870359840.000,OLV,recording,shake_phone,7,-0.139720,3.205540,5.646746,3.399484,0.135357,-0.224687
1870359850.000,OLV,recording,shake_phone,7,-0.248194,3.338383,4.780599,3.283064,0.065862,-0.224613
1870359860.000,OLV,recording,shake_phone,7,-0.324053,3.531120,4.007011,3.143096,-0.006255,-0.214106
1870359870.000,OLV,recording,shake_phone,7,-0.365134,3.726102,3.237892,2.983907,-0.068689,-0.197615
1870359880.000,OLV,recording,shake_phone,7,-0.444503,3.859163,2.503329,2.803925,-0.113585,-0.177969
1870359890.000,OLV,recording,shake_phone,7,-0.608931,3.937102,1.827964,2.602372,-0.142676,-0.153305
1870359900.000,OLV,recording,shake_phone,7,-0.766868,3.999947,1.214405,2.383705,-0.167539,-0.122780
1870359910.000,OLV,recording,shake_phone,7,-0.898526,4.073200,0.689777,2.157401,-0.199113,-0.088088
1870359920.000,OLV,recording,shake_phone,7,-1.084668,4.171729,0.229818,1.926610,-0.242556,-0.049105
1870359930.000,OLV,recording,shake_phone,7,-1.249092,4.267456,-0.260695,1.686464,-0.286802,0.001049
1870359940.000,OLV,recording,shake_phone,7,-1.308319,4.326599,-0.922339,1.418064,-0.310702,0.068287
1870359950.000,OLV,recording,shake_phone,7,-1.303740,4.420414,-1.831558,1.078206,-0.309296,0.150666
1870359960.000,OLV,recording,shake_phone,7,-1.282417,4.617332,-2.860722,0.627320,-0.288451,0.242475
1870359970.000,OLV,recording,shake_phone,7,-1.254687,4.893845,-3.796560,0.043433,-0.245897,0.340782
1870359980.000,OLV,recording,shake_phone,7,-1.247620,5.123758,-4.485328,-0.694939,-0.176250,0.445186
1870359990.000,OLV,recording,shake_phone,7,-1.261990,5.189792,-4.695376,-1.597530,-0.093416,0.550284
1870360000.000,OLV,recording,shake_phone,7,-1.253713,4.934201,-4.053547,-2.629476,-0.019996,0.649708
1870360010.000,OLV,recording,shake_phone,7,-1.161714,4.319337,-2.332932,-3.706892,0.028752,0.742139
1870360020.000,OLV,recording,shake_phone,7,-0.874083,3.443407,0.395508,-4.723600,0.042872,0.823088
1870360030.000,OLV,recording,shake_phone,7,-0.288394,2.490423,4.151040,-5.577181,0.028415,0.881974
1870360040.000,OLV,recording,shake_phone,7,0.538120,1.605603,9.168698,-6.176671,0.014159,0.906638
1870360050.000,OLV,recording,shake_phone,7,1.421089,0.701263,15.181503,-6.424677,0.040125,0.890520
1870360060.000,OLV,recording,shake_phone,7,2.278994,-0.007884,21.653155,-6.181682,0.121184,0.827369
1870360070.000,OLV,recording,shake_phone,7,2.792256,-0.109900,27.264314,-5.306921,0.206586,0.699389
1870360080.000,OLV,recording,shake_phone,7,2.731218,0.604300,30.660385,-3.873126,0.252279,0.514580
1870360090.000,OLV,recording,shake_phone,7,2.179684,1.885497,31.344286,-2.154006,0.253069,0.316580
1870360100.000,OLV,recording,shake_phone,7,1.372200,2.874166,29.004207,-0.471665,0.190030,0.151577
1870360110.000,OLV,recording,shake_phone,7,0.685647,3.137580,24.541841,0.887685,0.079466,0.046164
1870360120.000,OLV,recording,shake_phone,7,0.185855,3.118085,19.891143,1.803578,-0.019201,0.006474
1870360130.000,OLV,recording,shake_phone,7,0.022978,3.276724,16.254184,2.312995,-0.063216,0.023239
1870360140.000,OLV,recording,shake_phone,7,0.222138,3.703083,13.639322,2.535266,-0.048466,0.062551
1870360150.000,OLV,recording,shake_phone,7,0.615278,4.277270,11.974146,2.606079,0.005787,0.085804
1870360160.000,OLV,recording,shake_phone,7,0.975918,4.642551,10.959733,2.626463,0.076247,0.078354
1870360170.000,OLV,recording,shake_phone,7,1.229259,4.578112,10.296323,2.651626,0.135055,0.042025
1870360180.000,OLV,recording,shake_phone,7,1.267738,4.265365,9.708066,2.706015,0.165670,-0.017054
1870360190.000,OLV,recording,shake_phone,7,1.042262,3.937467,8.950369,2.787158,0.176383,-0.082532
1870360200.000,OLV,recording,shake_phone,7,0.656672,3.709430,7.909003,2.871688,0.181920,-0.134166
1870360210.000,OLV,recording,shake_phone,7,0.273678,3.616822,6.653260,2.929282,0.186783,-0.161042
1870360220.000,OLV,recording,shake_phone,7,0.027345,3.626805,5.315945,2.934793,0.188653,-0.165187
1870360230.000,OLV,recording,shake_phone,7,-0.101454,3.710440,4.036485,2.873064,0.188494,-0.153546
1870360240.000,OLV,recording,shake_phone,7,-0.192903,3.849560,2.901422,2.741122,0.188689,-0.131342
1870360250.000,OLV,recording,shake_phone,7,-0.222157,4.015215,1.895263,2.545706,0.188425,-0.101335
1870360260.000,OLV,recording,shake_phone,7,-0.200613,4.195257,1.046719,2.297546,0.182227,-0.069879
1870360270.000,OLV,recording,shake_phone,7,-0.227439,4.351389,0.426146,2.014188,0.163561,-0.040689
1870360280.000,OLV,recording,shake_phone,7,-0.318475,4.481414,-0.024726,1.715483,0.123889,-0.010314
1870360290.000,OLV,recording,shake_phone,7,-0.420646,4.617512,-0.422498,1.414394,0.056785,0.023379
1870360300.000,OLV,recording,shake_phone,7,-0.504339,4.704362,-0.839457,1.110436,-0.033948,0.064823
1870360310.000,OLV,recording,shake_phone,7,-0.558004,4.718868,-1.295728,0.789311,-0.138108,0.118579
1870360320.000,OLV,recording,shake_phone,7,-0.597590,4.754861,-1.889959,0.425361,-0.239562,0.185304
1870360330.000,OLV,recording,shake_phone,7,-0.614402,4.859408,-2.600381,-0.020842,-0.320592,0.259724
1870360340.000,OLV,recording,shake_phone,7,-0.610012,4.936539,-3.245763,-0.593546,-0.363736,0.332734
1870360350.000,OLV,recording,shake_phone,7,-0.584708,4.933916,-3.567279,-1.326462,-0.343070,0.397427
1870360360.000,OLV,recording,shake_phone,7,-0.544525,4.761985,-3.202422,-2.221612,-0.238168,0.447572
1870360370.000,OLV,recording,shake_phone,7,-0.447188,4.347123,-1.924816,-3.183462,-0.059991,0.480262
1870360380.000,OLV,recording,shake_phone,7,-0.336192,3.736535,0.189682,-4.091511,0.167938,0.497902
1870360390.000,OLV,recording,shake_phone,7,-0.302823,2.939056,3.066597,-4.883041,0.426566,0.508364
1870360400.000,OLV,recording,shake_phone,7,-0.225756,2.010286,6.584193,-5.506559,0.695494,0.522998
1870360410.000,OLV,recording,shake_phone,7,0.140712,1.102661,10.715600,-5.908540,0.935664,0.546083
1870360420.000,OLV,recording,shake_phone,7,0.742664,0.452549,15.634256,-6.030279,1.051754,0.572497
1870360430.000,OLV,recording,shake_phone,7,1.317313,0.169732,20.792351,-5.831392,0.924111,0.599527
1870360440.000,OLV,recording,shake_phone,7,2.111507,-0.009004,24.717365,-5.315996,0.580591,0.613582
1870360450.000,OLV,recording,shake_phone,7,3.320060,-0.005215,27.261053,-4.470288,0.211024,0.551784
1870360460.000,OLV,recording,shake_phone,7,4.156237,0.479728,29.305847,-3.223244,-0.016703,0.342469
1870360470.000,OLV,recording,shake_phone,7,3.638470,1.324516,30.260137,-1.613785,-0.065047,0.019111
1870360480.000,OLV,recording,shake_phone,7,1.731594,2.269774,28.603918,0.067085,-0.029973,-0.273430
1870360490.000,OLV,recording,shake_phone,7,-0.089491,2.881469,24.355571,1.464639,-0.003801,-0.437394
1870360500.000,OLV,recording,shake_phone,7,-0.734891,3.074051,19.528446,2.420696,0.012483,-0.495058
1870360510.000,OLV,recording,shake_phone,7,-0.571219,3.073227,15.576704,2.977638,0.025525,-0.503820
1870360520.000,OLV,recording,shake_phone,7,-0.121301,3.052287,12.693048,3.254175,0.015051,-0.504163
1870360530.000,OLV,recording,shake_phone,7,0.385055,3.089426,10.494625,3.359113,-0.023479,-0.516414
1870360540.000,OLV,recording,shake_phone,7,0.844460,3.231114,8.759809,3.363955,-0.076168,-0.546166
1870360550.000,OLV,recording,shake_phone,7,1.188554,3.447365,7.374937,3.305613,-0.130793,-0.594095
1870360560.000,OLV,recording,shake_phone,7,1.352610,3.546143,6.176240,3.202015,-0.184423,-0.658929
1870360570.000,OLV,recording,shake_phone,7,1.131600,3.494875,5.069862,3.060190,-0.234955,-0.731325
1870360580.000,OLV,recording,shake_phone,7,0.631103,3.431024,4.080400,2.881877,-0.270397,-0.792144
1870360590.000,OLV,recording,shake_phone,7,0.130822,3.495918,3.364122,2.679985,-0.263145,-0.828004
1870360600.000,OLV,recording,shake_phone,7,-0.116505,3.798235,2.902401,2.482808,-0.179463,-0.841205
1870360610.000,OLV,recording,shake_phone,7,-0.118021,4.270972,2.408822,2.317982,-0.009387,-0.842253
1870360620.000,OLV,recording,shake_phone,7,0.000150,4.668090,1.757598,2.189850,0.224541,-0.834341
1870360630.000,OLV,recording,shake_phone,7,0.378261,4.802666,0.734108,2.066678,0.513612,-0.821079
1870360640.000,OLV,recording,shake_phone,7,0.815463,4.639114,-0.676514,1.890993,0.838896,-0.818165
1870360650.000,OLV,recording,shake_phone,7,0.804529,4.179316,-2.008376,1.591875,1.110808,-0.829574
1870360660.000,OLV,recording,shake_phone,7,0.180549,3.488983,-3.139125,1.092343,1.212797,-0.839297
1870360670.000,OLV,recording,shake_phone,7,-0.365690,3.834948,-3.969918,0.343348,1.138068,-0.853144
1870360680.000,OLV,recording,shake_phone,7,-1.593913,4.329691,-4.024396,-0.593576,0.982279,-0.858237
1870360690.000,OLV,recording,shake_phone,7,-3.413991,3.046815,-3.342121,-1.554765,0.791207,-0.765463
1870360700.000,OLV,recording,shake_phone,7,-3.269480,2.878971,-1.826198,-2.438801,0.567540,-0.596234
1870360710.000,OLV,recording,shake_phone,7,-2.432463,4.244524,1.530166,-3.147621,0.352889,-0.444475
1870360720.000,OLV,recording,shake_phone,7,-1.915485,4.096689,5.677389,-3.525571,0.165781,-0.319388
1870360730.000,OLV,recording,shake_phone,7,-0.858842,2.965398,8.935196,-3.536001,-0.072608,-0.247780
1870360740.000,OLV,recording,shake_phone,7,-0.124601,2.464894,10.854503,-3.267483,-0.457183,-0.257320
1870360750.000,OLV,recording,shake_phone,7,0.313772,2.645270,11.903347,-2.825168,-1.047133,-0.325574
1870360760.000,OLV,recording,shake_phone,7,0.559530,2.903845,12.675292,-2.292677,-1.838125,-0.408780
1870360770.000,OLV,recording,shake_phone,7,0.409638,2.998562,13.076643,-1.745905,-2.728919,-0.468983
1870360780.000,OLV,recording,shake_phone,7,0.387421,3.064927,13.104769,-1.250670,-3.602335,-0.505359
1870360790.000,OLV,recording,shake_phone,7,0.779453,2.994794,12.961199,-0.827798,-4.349713,-0.564416
1870360800.000,OLV,recording,shake_phone,7,1.050517,2.889365,12.893827,-0.485608,-4.815148,-0.672842
1870360810.000,OLV,recording,shake_phone,7,0.042061,2.847485,12.868930,-0.308831,-4.819177,-0.743054
1870360820.000,OLV,recording,shake_phone,7,-1.472334,3.206689,11.899178,-0.361425,-4.372461,-0.652871
1870360830.000,OLV,recording,shake_phone,7,-1.604816,3.920314,10.978352,-0.590680,-3.586985,-0.387747
1870360840.000,OLV,recording,shake_phone,7,-0.401529,4.408460,10.767175,-0.975740,-2.530466,-0.042627
1870360850.000,OLV,recording,shake_phone,7,1.494357,4.450729,11.600974,-1.463839,-1.462712,0.264996
1870360860.000,OLV,recording,shake_phone,7,4.587796,4.561189,14.726837,-1.814445,-0.597911,0.437555
1870360870.000,OLV,recording,shake_phone,7,7.422567,4.879462,16.785876,-1.841832,0.131823,0.406143
1870360880.000,OLV,recording,shake_phone,7,7.692658,4.637391,17.132587,-1.601032,0.621455,0.227455
1870360890.000,OLV,recording,shake_phone,7,6.895187,4.350376,17.455411,-1.229726,0.669322,0.021622
1870360900.000,OLV,recording,shake_phone,7,5.793915,3.818048,17.572396,-0.782714,0.388336,-0.248930
1870360910.000,OLV,recording,shake_phone,7,4.736815,2.965078,17.168237,-0.251412,0.020033,-0.659444
1870360920.000,OLV,recording,shake_phone,7,3.514484,2.822540,16.218174,0.329245,-0.360376,-1.100850
1870360930.000,OLV,recording,shake_phone,7,2.041374,2.813714,14.481566,0.848077,-0.840051,-1.402992
1870360940.000,OLV,recording,shake_phone,7,1.036923,2.583632,11.869506,1.176109,-1.440892,-1.488913
1870360950.000,OLV,recording,shake_phone,7,0.318878,2.488323,9.679001,1.288090,-2.052672,-1.363143
1870360960.000,OLV,recording,shake_phone,7,-0.359048,2.729494,8.326361,1.226295,-2.462270,-1.089349
1870360970.000,OLV,recording,shake_phone,7,-0.208017,3.083133,7.524256,0.959518,-2.308496,-0.795299
1870360980.000,OLV,recording,shake_phone,7,0.963722,3.367226,7.411910,0.560391,-1.397819,-0.599181
1870360990.000,OLV,recording,shake_phone,7,1.995424,3.689736,7.008641,0.220431,-0.234842,-0.472267
1870361000.000,OLV,recording,shake_phone,7,2.330767,3.799802,5.660130,-0.081041,0.570057,-0.354924
1870361010.000,OLV,recording,shake_phone,7,2.152709,3.512413,5.001692,-0.411067,0.933973,-0.250629
1870361020.000,OLV,recording,shake_phone,7,2.204094,3.316019,5.480605,-0.723067,0.972732,-0.158762
1870361030.000,OLV,recording,shake_phone,7,3.027822,3.580620,6.332562,-0.960218,0.740605,-0.090701
1870361040.000,OLV,recording,shake_phone,7,4.003167,3.977161,7.217289,-1.059500,0.368284,-0.070415
1870361050.000,OLV,recording,shake_phone,7,4.861374,4.043919,8.706677,-1.001522,0.154576,-0.094411
1870361060.000,OLV,recording,shake_phone,7,6.553062,3.873144,10.655297,-0.791365,0.159027,-0.138469
1870361070.000,OLV,recording,shake_phone,7,8.268643,4.203117,12.415553,-0.429208,0.240654,-0.201839
1870361080.000,OLV,recording,shake_phone,7,8.093455,4.681319,13.348567,0.020847,0.374101,-0.296931
1870361090.000,OLV,recording,shake_phone,7,7.543379,4.986316,13.193296,0.415448,0.523974,-0.467721
1870361100.000,OLV,recording,shake_phone,7,7.910375,5.660503,12.543325,0.653365,0.611580,-0.755362
1870361110.000,OLV,recording,shake_phone,7,7.964910,6.416509,11.642178,0.745209,0.604326,-1.135430
1870361120.000,OLV,recording,shake_phone,7,7.755843,6.568019,10.964406,0.776831,0.478052,-1.543154
1870361130.000,OLV,recording,shake_phone,7,7.450062,6.072177,11.246845,0.851709,0.205344,-1.929645
1870361140.000,OLV,recording,shake_phone,7,7.263297,5.309410,12.546137,1.058409,-0.198846,-2.292413
1870361150.000,OLV,recording,shake_phone,7,7.486568,4.579164,14.312203,1.451365,-0.670038,-2.673311
1870361160.000,OLV,recording,shake_phone,7,7.572050,3.961740,15.562332,2.030193,-1.114287,-3.111208
1870361170.000,OLV,recording,shake_phone,7,7.164169,3.250720,15.544216,2.719563,-1.466327,-3.591146
1870361180.000,OLV,recording,shake_phone,7,6.353277,2.449558,14.604891,3.401885,-1.770192,-4.061369
1870361190.000,OLV,recording,shake_phone,7,5.268483,1.750759,13.614522,4.009791,-2.090525,-4.482941
1870361200.000,OLV,recording,shake_phone,7,4.347356,0.973034,12.669110,4.543654,-2.388939,-4.852625
1870361210.000,OLV,recording,shake_phone,7,3.187160,-0.027057,11.371188,5.001460,-2.639681,-5.170860
1870361220.000,OLV,recording,shake_phone,7,1.437224,-0.878505,9.797095,5.345977,-2.859653,-5.403860
1870361230.000,OLV,recording,shake_phone,7,-0.623851,-1.338426,8.160200,5.535575,-3.021737,-5.506076
1870361240.000,OLV,recording,shake_phone,7,-2.765729,-1.600826,6.530448,5.545110,-3.080079,-5.446194
1870361250.000,OLV,recording,shake_phone,7,-4.777167,-1.761404,4.890419,5.368441,-3.008251,-5.218428
1870361260.000,OLV,recording,shake_phone,7,-6.512529,-1.788221,3.411965,5.031092,-2.833916,-4.844742
1870361270.000,OLV,recording,shake_phone,7,-7.884848,-1.733330,2.270267,4.582906,-2.639312,-4.365715
1870361280.000,OLV,recording,shake_phone,7,-9.063637,-1.722254,1.402547,4.074646,-2.502539,-3.827581
1870361290.000,OLV,recording,shake_phone,7,-10.296612,-1.844615,0.723705,3.531340,-2.445432,-3.250009
1870361300.000,OLV,recording,shake_phone,7,-11.399231,-2.141692,0.484954,2.970931,-2.435599,-2.626759
1870361310.000,OLV,recording,shake_phone,7,-12.279963,-2.366647,1.049455,2.448398,-2.426482,-1.953490
1870361320.000,OLV,recording,shake_phone,7,-12.789028,-2.377850,2.003027,2.018291,-2.397322,-1.242502
1870361330.000,OLV,recording,shake_phone,7,-12.984394,-2.240305,2.899511,1.699497,-2.354909,-0.503346
1870361340.000,OLV,recording,shake_phone,7,-13.201542,-1.859814,3.442021,1.481011,-2.296102,0.289414
1870361350.000,OLV,recording,shake_phone,7,-12.519326,-1.281566,3.319316,1.310681,-2.190443,1.143352
1870361360.000,OLV,recording,shake_phone,7,-10.509250,-0.225836,2.733517,1.116337,-1.980688,2.007006
1870361370.000,OLV,recording,shake_phone,7,-7.891138,1.476697,1.774507,0.825104,-1.603125,2.819937
1870361380.000,OLV,recording,shake_phone,7,-4.292687,3.524386,0.337722,0.368960,-1.047744,3.519367
1870361390.000,OLV,recording,shake_phone,7,0.689909,6.084584,-0.767759,-0.262701,-0.399138,4.018163
1870361400.000,OLV,recording,shake_phone,7,6.248322,9.240671,-0.789693,-0.992441,0.227162,4.230645
1870361410.000,OLV,recording,shake_phone,7,11.371474,12.357482,0.297118,-1.706911,0.738471,4.108601
1870361420.000,OLV,recording,shake_phone,7,15.523692,14.887038,2.675074,-2.283412,1.025859,3.657501
1870361430.000,OLV,recording,shake_phone,7,18.563117,16.871012,6.516146,-2.572454,1.018680,2.926085
1870361440.000,OLV,recording,shake_phone,7,20.288032,18.313861,11.114860,-2.440517,0.795289,1.991547
1870361450.000,OLV,recording,shake_phone,7,20.190442,18.866595,14.858894,-1.854512,0.512962,0.957673
1870361460.000,OLV,recording,shake_phone,7,18.402702,18.565119,16.389364,-0.921960,0.248700,-0.062949
1870361470.000,OLV,recording,shake_phone,7,15.717505,17.702577,15.503860,0.142113,-0.006882,-0.986966
1870361480.000,OLV,recording,shake_phone,7,13.030037,16.392222,12.989114,1.116049,-0.261048,-1.781049
1870361490.000,OLV,recording,shake_phone,7,10.785532,14.780659,9.778216,1.857858,-0.482509,-2.451302
1870361500.000,OLV,recording,shake_phone,7,8.856051,13.112751,6.520495,2.304013,-0.631104,-3.012784
1870361510.000,OLV,recording,shake_phone,7,7.037375,11.505893,3.786361,2.446441,-0.720133,-3.452077
1870361520.000,OLV,recording,shake_phone,7,5.389404,9.987656,2.059373,2.351300,-0.797143,-3.766096
1870361530.000,OLV,recording,shake_phone,7,3.803762,8.537819,1.465995,2.132791,-0.863803,-3.979148
1870361540.000,OLV,recording,shake_phone,7,1.956795,7.124733,1.620531,1.886318,-0.886878,-4.090333
1870361550.000,OLV,recording,shake_phone,7,-0.079686,5.749764,1.875541,1.658331,-0.848218,-4.078578
1870361560.000,OLV,recording,shake_phone,7,-2.101983,4.454937,2.057548,1.455994,-0.757095,-3.935976
1870361570.000,OLV,recording,shake_phone,7,-3.887875,3.335992,2.293953,1.283870,-0.641604,-3.679627
1870361580.000,OLV,recording,shake_phone,7,-5.371676,2.475244,2.561469,1.157856,-0.533441,-3.338764
1870361590.000,OLV,recording,shake_phone,7,-6.575447,1.859075,2.691153,1.082993,-0.459598,-2.939191
1870361600.000,OLV,recording,shake_phone,7,-7.428802,1.365287,2.494444,1.038589,-0.442423,-2.503438
1870361610.000,OLV,recording,shake_phone,7,-7.810469,0.946844,2.080573,0.994138,-0.477224,-2.055962
1870361620.000,OLV,recording,shake_phone,7,-7.951789,0.607836,1.738284,0.929317,-0.513168,-1.614268
1870361630.000,OLV,recording,shake_phone,7,-8.277970,0.307932,1.547093,0.839216,-0.500836,-1.178108
1870361640.000,OLV,recording,shake_phone,7,-8.827576,0.027318,1.504949,0.733513,-0.434108,-0.738230
1870361650.000,OLV,recording,shake_phone,7,-9.279253,-0.270006,1.440676,0.629673,-0.357389,-0.296134
1870361660.000,OLV,recording,shake_phone,7,-9.176663,-0.436816,1.436658,0.551100,-0.345029,0.128159
1870361670.000,OLV,recording,shake_phone,7,-8.688959,-0.112891,1.744495,0.530825,-0.413519,0.521064
1870361680.000,OLV,recording,shake_phone,7,-8.311392,0.655475,1.943117,0.574516,-0.493710,0.909638
1870361690.000,OLV,recording,shake_phone,7,-7.846666,1.655794,1.548451,0.628635,-0.515568,1.328614
1870361700.000,OLV,recording,shake_phone,7,-7.014702,2.990307,0.746423,0.625005,-0.469194,1.778934
1870361710.000,OLV,recording,shake_phone,7,-5.792149,4.837779,-0.159680,0.532688,-0.391762,2.242454
1870361720.000,OLV,recording,shake_phone,7,-4.126453,7.246543,-0.997101,0.350431,-0.317833,2.685959
1870361730.000,OLV,recording,shake_phone,7,-1.836600,9.978020,-1.767893,0.076365,-0.230852,3.064897
1870361740.000,OLV,recording,shake_phone,7,1.060798,12.704602,-2.492399,-0.300114,-0.093774,3.342854
1870361750.000,OLV,recording,shake_phone,7,4.762398,15.241960,-2.859832,-0.776022,0.080554,3.468592
1870361760.000,OLV,recording,shake_phone,7,9.468205,17.531147,-2.324310,-1.301948,0.236175,3.355080
1870361770.000,OLV,recording,shake_phone,7,14.073164,19.545285,-0.345939,-1.766863,0.334682,2.925467
1870361780.000,OLV,recording,shake_phone,7,16.958779,20.963308,2.840440,-2.034007,0.384441,2.185798
1870361790.000,OLV,recording,shake_phone,7,17.450108,21.318487,6.274101,-2.012500,0.414632,1.281969
1870361800.000,OLV,recording,shake_phone,7,15.978512,20.521787,8.931470,-1.699278,0.418410,0.369388
1870361810.000,OLV,recording,shake_phone,7,13.580281,18.963620,10.359278,-1.163625,0.350615,-0.485012
1870361820.000,OLV,recording,shake_phone,7,10.970564,17.041702,10.589031,-0.503673,0.194190,-1.235112
1870361830.000,OLV,recording,shake_phone,7,8.591854,15.073159,9.810965,0.175142,-0.011352,-1.850998
1870361840.000,OLV,recording,shake_phone,7,6.612626,13.249972,8.249422,0.765631,-0.194424,-2.328472
1870361850.000,OLV,recording,shake_phone,7,4.802911,11.525208,6.116544,1.173935,-0.297032,-2.675719
1870361860.000,OLV,recording,shake_phone,7,3.222379,9.898694,3.875861,1.355045,-0.310853,-2.907761
1870361870.000,OLV,recording,shake_phone,7,1.833712,8.384835,2.223454,1.340491,-0.263413,-3.046167
1870361880.000,OLV,recording,shake_phone,7,0.435493,7.022107,1.398188,1.209072,-0.185074,-3.104635
1870361890.000,OLV,recording,shake_phone,7,-0.997282,5.724199,1.201194,1.041822,-0.098308,-3.091251
1870361900.000,OLV,recording,shake_phone,7,-2.428421,4.404146,1.309492,0.896331,-0.016679,-3.019427
1870361910.000,OLV,recording,shake_phone,7,-4.001298,3.086115,1.393810,0.794815,0.038251,-2.896207
1870361920.000,OLV,recording,shake_phone,7,-5.646745,1.871667,1.433365,0.737165,0.034970,-2.707808
1870361930.000,OLV,recording,shake_phone,7,-7.229570,0.873696,1.512146,0.717898,-0.025240,-2.431512
1870361940.000,OLV,recording,shake_phone,7,-8.586409,0.145962,1.567030,0.720603,-0.113815,-2.060184
1870361950.000,OLV,recording,shake_phone,7,-9.603269,-0.389288,1.579103,0.722133,-0.207055,-1.609525
1870361960.000,OLV,recording,shake_phone,7,-10.197744,-0.764389,1.609099,0.710989,-0.291285,-1.114561
1870361970.000,OLV,recording,shake_phone,7,-10.292608,-0.930132,1.645922,0.688877,-0.364330,-0.615777
1870361980.000,OLV,recording,shake_phone,7,-10.181737,-0.953689,1.720661,0.664922,-0.418068,-0.133788
1870361990.000,OLV,recording,shake_phone,7,-9.960047,-0.850273,1.796387,0.644042,-0.439853,0.332832
1870362000.000,OLV,recording,shake_phone,7,-9.472353,-0.580373,1.832266,0.625968,-0.435243,0.789426
1870362010.000,OLV,recording,shake_phone,7,-8.816970,0.005911,1.995466,0.618230,-0.420084,1.238765
1870362020.000,OLV,recording,shake_phone,7,-8.208300,1.060156,2.012395,0.624314,-0.380768,1.699209
1870362030.000,OLV,recording,shake_phone,7,-7.468725,2.490795,1.422974,0.617104,-0.304287,2.189583
1870362040.000,OLV,recording,shake_phone,7,-6.356791,4.202668,0.417923,0.552708,-0.223651,2.696820
1870362050.000,OLV,recording,shake_phone,7,-4.539057,6.323224,-0.626437,0.406814,-0.166967,3.186305
1870362060.000,OLV,recording,shake_phone,7,-1.484648,8.930640,-1.514533,0.175200,-0.119089,3.585471
1870362070.000,OLV,recording,shake_phone,7,2.652266,11.901099,-1.963488,-0.133646,-0.048046,3.775832
1870362080.000,OLV,recording,shake_phone,7,6.541012,14.865757,-1.849804,-0.482593,0.077931,3.695268
1870362090.000,OLV,recording,shake_phone,7,9.015601,17.156559,-1.426177,-0.836095,0.255087,3.402675
1870362100.000,OLV,recording,shake_phone,7,10.856633,18.659949,-0.472508,-1.159023,0.407498,2.975959
1870362110.000,OLV,recording,shake_phone,7,12.891187,20.112621,1.626269,-1.365286,0.477734,2.439142
1870362120.000,OLV,recording,shake_phone,7,14.432951,21.427232,4.227564,-1.369698,0.485375,1.791873
1870362130.000,OLV,recording,shake_phone,7,14.971238,21.825693,6.264795,-1.155985,0.445908,1.051960
1870362140.000,OLV,recording,shake_phone,7,14.618015,21.294367,7.434733,-0.768967,0.347267,0.268928
1870362150.000,OLV,recording,shake_phone,7,13.336868,20.190402,7.590644,-0.290217,0.208959,-0.492254
1870362160.000,OLV,recording,shake_phone,7,11.398331,18.640443,6.708190,0.169504,0.079178,-1.175853
1870362170.000,OLV,recording,shake_phone,7,9.463753,16.729950,5.260645,0.511953,-0.008877,-1.762615
1870362180.000,OLV,recording,shake_phone,7,7.491261,14.653630,3.923209,0.708412,-0.041399,-2.247513
1870362190.000,OLV,recording,shake_phone,7,5.400449,12.515980,2.902646,0.786991,-0.023249,-2.618806
1870362200.000,OLV,recording,shake_phone,7,3.365931,10.461792,2.162288,0.789993,0.017950,-2.874396
1870362210.000,OLV,recording,shake_phone,7,1.563462,8.610871,1.638412,0.753289,0.046250,-3.027131
1870362220.000,OLV,recording,shake_phone,7,0.001819,7.019443,1.332608,0.702887,0.050119,-3.090005
1870362230.000,OLV,recording,shake_phone,7,-1.414238,5.664929,1.154420,0.652432,0.047125,-3.072637
1870362240.000,OLV,recording,shake_phone,7,-2.631670,4.453026,0.997360,0.604241,0.050669,-2.989293
1870362250.000,OLV,recording,shake_phone,7,-3.750358,3.342652,0.923518,0.560241,0.055146,-2.852387
1870362260.000,OLV,recording,shake_phone,7,-4.925935,2.386687,0.958565,0.526527,0.047835,-2.659734
1870362270.000,OLV,recording,shake_phone,7,-6.242202,1.616224,1.070129,0.505783,0.018966,-2.400340
1870362280.000,OLV,recording,shake_phone,7,-7.515506,0.978085,1.170902,0.492624,-0.025304,-2.069923
1870362290.000,OLV,recording,shake_phone,7,-8.408357,0.425789,1.121581,0.476161,-0.067027,-1.681733
1870362300.000,OLV,recording,shake_phone,7,-8.901882,-0.040079,0.967118,0.443123,-0.096121,-1.263366
1870362310.000,OLV,recording,shake_phone,7,-9.059854,-0.451953,0.878575,0.390305,-0.117117,-0.841511
1870362320.000,OLV,recording,shake_phone,7,-9.080824,-0.765526,0.989411,0.335396,-0.139566,-0.432440
1870362330.000,OLV,recording,shake_phone,7,-9.157753,-0.834871,1.348552,0.304705,-0.171316,-0.031080
1870362340.000,OLV,recording,shake_phone,7,-9.175002,-0.674776,1.858962,0.320734,-0.212778,0.380701
1870362350.000,OLV,recording,shake_phone,8,-9.026146,-0.285627,2.239602,0.391003,-0.248464,0.818781
1870362360.000,OLV,recording,shake_phone,8,-8.882073,0.386531,2.188474,0.492797,-0.259407,1.306948
1870362370.000,OLV,recording,shake_phone,8,-8.513709,1.484786,1.564660,0.572810,-0.236786,1.839613
1870362380.000,OLV,recording,shake_phone,8,-7.707429,3.053077,0.671398,0.583355,-0.180671,2.383282
1870362390.000,OLV,recording,shake_phone,8,-6.454916,5.161730,-0.270708,0.509328,-0.093225,2.917881
1870362400.000,OLV,recording,shake_phone,8,-4.397743,7.713687,-1.352632,0.348676,0.011246,3.403308
1870362410.000,OLV,recording,shake_phone,8,-1.384228,10.480781,-2.465225,0.098699,0.111550,3.767684
1870362420.000,OLV,recording,shake_phone,8,2.256665,13.313901,-3.274821,-0.236691,0.206758,3.944758
1870362430.000,OLV,recording,shake_phone,8,6.061382,15.926569,-3.397884,-0.634916,0.316969,3.904700
1870362440.000,OLV,recording,shake_phone,8,9.609136,18.086912,-2.774758,-1.050189,0.451236,3.645932
1870362450.000,OLV,recording,shake_phone,8,12.272915,19.613503,-1.550706,-1.425360,0.599895,3.191185
1870362460.000,OLV,recording,shake_phone,8,13.407797,20.479285,0.098172,-1.709896,0.737031,2.595099
1870362470.000,OLV,recording,shake_phone,8,13.343305,20.551233,1.984163,-1.868789,0.813003,1.916707
1870362480.000,OLV,recording,shake_phone,8,13.056012,19.858390,4.085378,-1.866856,0.790167,1.187403
1870362490.000,OLV,recording,shake_phone,8,12.441046,18.727072,6.245007,-1.668857,0.675780,0.438639
1870362500.000,OLV,recording,shake_phone,8,11.147243,17.327877,7.911773,-1.276432,0.515701,-0.271313
1870362510.000,OLV,recording,shake_phone,8,9.491173,15.788508,8.448020,-0.759965,0.370032,-0.887836
1870362520.000,OLV,recording,shake_phone,8,7.699987,14.214741,7.718737,-0.240948,0.265022,-1.385665
1870362530.000,OLV,recording,shake_phone,8,5.785214,12.756535,6.329226,0.177394,0.183666,-1.747297
1870362540.000,OLV,recording,shake_phone,8,4.290720,11.501076,4.884880,0.450282,0.136123,-1.973807
1870362550.000,OLV,recording,shake_phone,8,3.394662,10.258947,3.582441,0.578518,0.160345,-2.110358
1870362560.000,OLV,recording,shake_phone,8,2.535660,8.971417,2.509798,0.584696,0.246487,-2.201780
1870362570.000,OLV,recording,shake_phone,8,1.530584,7.736505,1.844465,0.508257,0.353127,-2.261307
1870362580.000,OLV,recording,shake_phone,8,0.417241,6.565238,1.533733,0.398003,0.464582,-2.289516
1870362590.000,OLV,recording,shake_phone,8,-0.632506,5.363295,1.462498,0.294485,0.569426,-2.293527
1870362600.000,OLV,recording,shake_phone,8,-1.750179,4.219686,1.625001,0.231643,0.646217,-2.276617
1870362610.000,OLV,recording,shake_phone,8,-3.096029,3.225418,1.853903,0.230919,0.682041,-2.224637
1870362620.000,OLV,recording,shake_phone,8,-4.476405,2.299782,1.986147,0.289231,0.668985,-2.116688
1870362630.000,OLV,recording,shake_phone,8,-5.891597,1.526820,1.988893,0.386434,0.604113,-1.929246
1870362640.000,OLV,recording,shake_phone,8,-7.214902,1.013914,1.871103,0.490379,0.501755,-1.661901
1870362650.000,OLV,recording,shake_phone,8,-8.208018,0.665400,1.680341,0.575428,0.385922,-1.339778
1870362660.000,OLV,recording,shake_phone,8,-8.917860,0.395048,1.477929,0.636248,0.279529,-0.982385
1870362670.000,OLV,recording,shake_phone,8,-9.681909,0.193911,1.258639,0.671031,0.199024,-0.588861
1870362680.000,OLV,recording,shake_phone,8,-10.563460,0.166108,0.959502,0.675670,0.144675,-0.130621
1870362690.000,OLV,recording,shake_phone,8,-11.148949,0.460654,0.578262,0.643747,0.114166,0.420487
1870362700.000,OLV,recording,shake_phone,8,-11.224151,1.132563,0.042349,0.560260,0.120105,1.065699
1870362710.000,OLV,recording,shake_phone,8,-10.805973,2.215617,-0.635484,0.405077,0.180141,1.791938
1870362720.000,OLV,recording,shake_phone,8,-9.719001,3.654799,-1.361742,0.159183,0.290342,2.570269
1870362730.000,OLV,recording,shake_phone,8,-7.772675,5.242060,-1.962335,-0.185238,0.441811,3.342674
1870362740.000,OLV,recording,shake_phone,8,-5.008220,6.831556,-2.148251,-0.622295,0.673824,4.037784
1870362750.000,OLV,recording,shake_phone,8,-1.653055,8.416644,-1.838103,-1.143328,1.050392,4.590345
1870362760.000,OLV,recording,shake_phone,8,1.621962,9.783813,-1.266795,-1.744821,1.591516,4.961065
1870362770.000,OLV,recording,shake_phone,8,3.894430,10.544520,-0.562050,-2.421633,2.271673,5.158444
1870362780.000,OLV,recording,shake_phone,8,4.776807,10.473165,0.385801,-3.159342,3.047889,5.234339
1870362790.000,OLV,recording,shake_phone,8,4.542069,9.651118,2.009018,-3.920171,3.866645,5.253562
1870362800.000,OLV,recording,shake_phone,8,3.897544,8.451747,4.392091,-4.624156,4.686321,5.253309
1870362810.000,OLV,recording,shake_phone,8,3.141074,7.273864,7.153072,-5.181333,5.476461,5.238769
1870362820.000,OLV,recording,shake_phone,8,1.952585,6.008598,9.885186,-5.537669,6.187541,5.228725
1870362830.000,OLV,recording,shake_phone,8,0.671936,4.574691,11.955997,-5.682261,6.760380,5.258787
1870362840.000,OLV,recording,shake_phone,8,-0.191267,3.281661,13.268200,-5.634213,7.133592,5.340739
1870362850.000,OLV,recording,shake_phone,8,-0.623317,2.170133,13.945340,-5.430785,7.277774,5.460630
1870362860.000,OLV,recording,shake_phone,8,-0.489626,1.192257,13.833325,-5.131483,7.232410,5.592997
1870362870.000,OLV,recording,shake_phone,8,0.154288,0.410433,13.121121,-4.823095,7.068873,5.693892
1870362880.000,OLV,recording,shake_phone,8,0.973456,0.010995,12.102880,-4.592738,6.865065,5.719596
1870362890.000,OLV,recording,shake_phone,8,1.865412,-0.344931,11.100196,-4.477044,6.657018,5.653413
1870362900.000,OLV,recording,shake_phone,8,3.561599,-0.858305,10.868379,-4.419801,6.375261,5.484035
1870362910.000,OLV,recording,shake_phone,8,6.020107,-0.622689,11.814415,-4.286735,5.921222,5.160633
1870362920.000,OLV,recording,shake_phone,8,7.625694,0.911231,13.511948,-3.929921,5.252652,4.603620
1870362930.000,OLV,recording,shake_phone,8,7.598797,2.969795,14.477677,-3.294893,4.407332,3.778634
1870362940.000,OLV,recording,shake_phone,8,6.073084,4.430951,13.443335,-2.559644,3.519954,2.848255
1870362950.000,OLV,recording,shake_phone,8,3.602568,4.817180,11.383245,-1.956078,2.694396,2.080748
1870362960.000,OLV,recording,shake_phone,8,0.857183,4.388210,9.299912,-1.568092,2.015450,1.634111
1870362970.000,OLV,recording,shake_phone,8,-1.758677,3.969486,7.473897,-1.421608,1.572575,1.550278
1870362980.000,OLV,recording,shake_phone,8,-3.778891,3.855774,6.225541,-1.515710,1.371699,1.774557
1870362990.000,OLV,recording,shake_phone,8,-4.696718,3.359214,5.308150,-1.825678,1.383078,2.171598
1870363000.000,OLV,recording,shake_phone,8,-4.063910,2.081419,4.733717,-2.313023,1.518704,2.580062
1870363010.000,OLV,recording,shake_phone,8,-2.126173,0.470713,4.787592,-2.885433,1.584950,2.899280
1870363020.000,OLV,recording,shake_phone,8,0.624155,-0.840090,6.038929,-3.383693,1.403458,3.060845
1870363030.000,OLV,recording,shake_phone,8,3.186289,-1.647305,8.476185,-3.636408,0.944495,2.986994
1870363040.000,OLV,recording,shake_phone,8,4.263892,-1.896124,11.293661,-3.533209,0.280123,2.689667
1870363050.000,OLV,recording,shake_phone,8,3.681856,-1.676202,13.734599,-3.066941,-0.502877,2.303369
1870363060.000,OLV,recording,shake_phone,8,2.534658,-1.257505,15.525594,-2.311648,-1.340809,1.970682
1870363070.000,OLV,recording,shake_phone,8,1.681839,-0.894606,16.594180,-1.381036,-2.167095,1.768553
1870363080.000,OLV,recording,shake_phone,8,1.076376,-0.733717,16.579875,-0.428610,-2.863714,1.712236
1870363090.000,OLV,recording,shake_phone,8,0.559534,-0.781630,15.205330,0.366092,-3.309252,1.765638
1870363100.000,OLV,recording,shake_phone,8,0.193757,-0.769298,12.966836,0.882216,-3.387785,1.884013
1870363110.000,OLV,recording,shake_phone,8,4.405733,0.910808,13.701852,1.148193,-2.782979,1.869003
1870363120.000,OLV,recording,shake_phone,8,17.122124,5.911343,17.178228,1.217960,-1.324611,1.261666
1870363130.000,OLV,recording,shake_phone,8,19.059671,9.067225,13.722854,1.009497,-0.003860,0.199271
1870363140.000,OLV,recording,shake_phone,8,7.552867,5.826157,8.654910,0.665442,0.532531,-0.561227
1870363150.000,OLV,recording,shake_phone,8,1.499167,2.419387,8.092523,0.450883,0.663143,-0.727338
1870363160.000,OLV,recording,shake_phone,8,-1.136706,0.194929,8.221641,0.350579,0.573739,-0.506791
1870363170.000,OLV,recording,shake_phone,8,-2.331071,-0.786077,9.869084,0.321682,0.465629,-0.144130
1870363180.000,OLV,recording,shake_phone,8,-3.574366,-0.715927,12.473805,0.413527,0.351190,0.281128
1870363190.000,OLV,recording,shake_phone,8,-3.947443,-0.911494,15.295478,0.717173,0.207548,0.734860
1870363200.000,OLV,recording,shake_phone,8,-2.137729,-0.247819,15.112027,1.155401,0.016708,1.123476
1870363210.000,OLV,recording,shake_phone,8,0.440094,-0.012783,13.954504,1.607542,-0.228031,1.349326
1870363220.000,OLV,recording,shake_phone,8,2.785433,1.062937,12.832506,2.039793,-0.411421,1.368015
1870363230.000,OLV,recording,shake_phone,8,4.649064,1.965497,12.465581,2.435093,-0.476001,1.218954
1870363240.000,OLV,recording,shake_phone,8,4.976576,3.091233,12.674043,2.803359,-0.373092,0.985242
1870363250.000,OLV,recording,shake_phone,8,4.734637,3.079068,12.418376,3.054378,-0.071629,0.747441
1870363260.000,OLV,recording,shake_phone,8,3.373317,2.677403,11.806977,3.081475,0.544598,0.610780
1870363270.000,OLV,recording,shake_phone,8,1.195905,2.993510,11.321837,2.845124,1.498293,0.697937
1870363280.000,OLV,recording,shake_phone,8,-0.892900,4.607977,11.590450,2.510305,2.389605,1.000925
1870363290.000,OLV,recording,shake_phone,8,-2.914316,6.357214,13.962267,2.351908,2.843462,1.442928
1870363300.000,OLV,recording,shake_phone,8,-3.983788,7.045152,16.636003,2.462134,2.923676,1.967708
1870363310.000,OLV,recording,shake_phone,8,-3.806860,6.824494,17.318439,2.716623,2.729249,2.484858
1870363320.000,OLV,recording,shake_phone,8,-2.989276,5.959950,16.439299,2.935288,2.287148,2.872875
1870363330.000,OLV,recording,shake_phone,8,-1.748961,5.405852,14.678416,3.027753,1.751803,3.028266
1870363340.000,OLV,recording,shake_phone,8,-1.026719,5.212074,12.976291,2.981672,1.255394,2.945708
1870363350.000,OLV,recording,shake_phone,8,-1.109160,5.368354,12.477082,2.843905,0.850372,2.714831
1870363360.000,OLV,recording,shake_phone,8,-1.582878,5.572868,12.839553,2.729487,0.595044,2.471957
1870363370.000,OLV,recording,shake_phone,8,-2.599542,5.771821,13.673960,2.760532,0.511012,2.351849
1870363380.000,OLV,recording,shake_phone,8,-3.836101,6.025557,14.173162,2.976898,0.573488,2.438888
1870363390.000,OLV,recording,shake_phone,8,-4.955504,6.344788,13.954132,3.327981,0.735314,2.746409
1870363400.000,OLV,recording,shake_phone,8,-5.282338,6.670733,13.007776,3.720674,0.978347,3.217001
1870363410.000,OLV,recording,shake_phone,8,-4.715498,6.644705,11.836774,4.060886,1.213052,3.746152
1870363420.000,OLV,recording,shake_phone,8,-3.738761,5.775286,11.086441,4.288417,1.268808,4.219817
1870363430.000,OLV,recording,shake_phone,8,-2.455262,4.256128,9.787026,4.410373,1.136514,4.558353
1870363440.000,OLV,recording,shake_phone,8,-1.238488,3.000995,8.387200,4.475966,0.914312,4.760814
1870363450.000,OLV,recording,shake_phone,8,-0.302156,2.204000,7.359164,4.515871,0.692576,4.877427
1870363460.000,OLV,recording,shake_phone,8,0.518889,1.694368,5.495704,4.512914,0.572684,4.960713
1870363470.000,OLV,recording,shake_phone,8,1.622636,1.076606,3.504801,4.432163,0.592787,5.034983
1870363480.000,OLV,recording,shake_phone,8,3.039392,0.046412,2.316440,4.278899,0.739569,5.084543
1870363490.000,OLV,recording,shake_phone,8,4.362073,-0.974006,2.102830,4.104244,0.967345,5.076737
1870363500.000,OLV,recording,shake_phone,8,5.416415,-1.739712,2.423236,3.973991,1.226005,4.990070
1870363510.000,OLV,recording,shake_phone,8,6.257305,-2.400923,2.721127,3.925768,1.480961,4.832303
1870363520.000,OLV,recording,shake_phone,8,6.906114,-3.073068,2.836021,3.954628,1.697490,4.629220
1870363530.000,OLV,recording,shake_phone,8,7.350351,-3.721823,3.072743,4.039070,1.831551,4.397496
1870363540.000,OLV,recording,shake_phone,8,7.781183,-4.313549,3.286391,4.150603,1.852018,4.124749
1870363550.000,OLV,recording,shake_phone,8,8.447036,-4.848170,3.158996,4.248932,1.757351,3.768646
1870363560.000,OLV,recording,shake_phone,8,9.281565,-5.281533,2.690794,4.285279,1.586032,3.288088
1870363570.000,OLV,recording,shake_phone,8,10.040129,-5.463295,1.960137,4.203597,1.412635,2.678516
1870363580.000,OLV,recording,shake_phone,8,10.561209,-5.296707,1.031322,3.953141,1.293199,1.975951
1870363590.000,OLV,recording,shake_phone,8,10.593247,-4.767706,0.166251,3.531428,1.213761,1.241915
1870363600.000,OLV,recording,shake_phone,8,9.957874,-3.876182,-0.248480,3.002273,1.123821,0.540116
1870363610.000,OLV,recording,shake_phone,8,9.009742,-2.707983,-0.091227,2.443410,0.999608,-0.100021
1870363620.000,OLV,recording,shake_phone,8,8.304100,-1.512012,0.383962,1.901248,0.835851,-0.687817
1870363630.000,OLV,recording,shake_phone,8,7.793854,-0.371500,0.844927,1.395259,0.642237,-1.238097
1870363640.000,OLV,recording,shake_phone,8,7.104714,0.993949,1.258306,0.943157,0.437044,-1.749830
1870363650.000,OLV,recording,shake_phone,8,6.024242,2.791581,1.672757,0.571385,0.215487,-2.200283
1870363660.000,OLV,recording,shake_phone,8,4.712482,4.965316,1.830782,0.289448,-0.020843,-2.551428
1870363670.000,OLV,recording,shake_phone,8,3.528864,7.669453,1.371849,0.074724,-0.238281,-2.777394
1870363680.000,OLV,recording,shake_phone,8,2.533135,10.828242,0.585300,-0.100648,-0.394529,-2.872596
1870363690.000,OLV,recording,shake_phone,8,1.598050,14.071377,-0.000058,-0.242723,-0.468287,-2.829698
1870363700.000,OLV,recording,shake_phone,8,0.646152,17.049929,-0.262004,-0.334117,-0.452718,-2.640476
1870363710.000,OLV,recording,shake_phone,8,-0.310348,19.639418,-0.242753,-0.353660,-0.332940,-2.320841
1870363720.000,OLV,recording,shake_phone,8,-1.160200,21.843192,-0.008971,-0.305878,-0.112641,-1.906955
1870363730.000,OLV,recording,shake_phone,8,-1.864823,23.276267,0.117773,-0.238262,0.170589,-1.432188
1870363740.000,OLV,recording,shake_phone,8,-2.413855,23.741045,0.067157,-0.227395,0.456399,-0.915577
1870363750.000,OLV,recording,shake_phone,8,-2.709448,23.281748,-0.027589,-0.342767,0.687607,-0.366330
1870363760.000,OLV,recording,shake_phone,8,-2.844775,21.987445,0.078121,-0.604381,0.839140,0.207804
1870363770.000,OLV,recording,shake_phone,8,-2.865581,20.125351,1.046325,-0.948187,0.902636,0.817055
1870363780.000,OLV,recording,shake_phone,8,-2.443201,17.896045,2.861319,-1.248565,0.882750,1.464316
1870363790.000,OLV,recording,shake_phone,8,-1.627663,15.590505,5.040527,-1.376864,0.815704,2.076904
1870363800.000,OLV,recording,shake_phone,8,-0.596263,13.505144,7.156147,-1.269160,0.730230,2.570150
1870363810.000,OLV,recording,shake_phone,8,0.376475,11.453713,8.548055,-0.951790,0.617778,2.930691
1870363820.000,OLV,recording,shake_phone,8,1.125538,9.299946,8.955513,-0.505382,0.474795,3.186841
1870363830.000,OLV,recording,shake_phone,8,1.888433,7.228684,8.525670,-0.026101,0.327494,3.372025
1870363840.000,OLV,recording,shake_phone,8,2.753106,5.319593,7.560091,0.406927,0.210209,3.498706
1870363850.000,OLV,recording,shake_phone,8,3.687908,3.568684,6.437973,0.747124,0.135695,3.556477
1870363860.000,OLV,recording,shake_phone,8,4.744748,1.875410,5.456154,0.984206,0.085447,3.530266
1870363870.000,OLV,recording,shake_phone,8,5.925445,0.199381,4.616987,1.139145,0.032911,3.410739
1870363880.000,OLV,recording,shake_phone,8,7.118104,-1.388123,3.826806,1.242802,-0.023823,3.189145
1870363890.000,OLV,recording,shake_phone,8,8.262359,-2.771681,3.038806,1.314019,-0.064215,2.861622
1870363900.000,OLV,recording,shake_phone,8,9.235202,-3.845331,2.288417,1.353381,-0.074545,2.443295
1870363910.000,OLV,recording,shake_phone,8,9.807904,-4.586643,1.684451,1.356793,-0.061387,1.969620
1870363920.000,OLV,recording,shake_phone,8,10.068802,-5.005389,1.309917,1.330352,-0.046153,1.477447
1870363930.000,OLV,recording,shake_phone,8,10.190820,-5.163470,1.108911,1.287656,-0.044453,0.988856
1870363940.000,OLV,recording,shake_phone,8,10.216153,-5.005903,0.897988,1.239033,-0.043416,0.504741
1870363950.000,OLV,recording,shake_phone,8,10.124453,-4.309870,0.528559,1.185249,-0.015071,0.008074
1870363960.000,OLV,recording,shake_phone,8,9.970405,-3.083748,0.103133,1.115349,0.039216,-0.522809
1870363970.000,OLV,recording,shake_phone,8,9.812349,-1.574372,-0.220385,1.011189,0.081963,-1.102190
1870363980.000,OLV,recording,shake_phone,8,9.321915,0.153210,-0.461874,0.856505,0.084045,-1.715098
1870363990.000,OLV,recording,shake_phone,8,8.434779,2.073557,-0.573488,0.647919,0.048176,-2.308696
1870364000.000,OLV,recording,shake_phone,8,6.979230,4.102013,-0.441227,0.406863,-0.005278,-2.807704
1870364010.000,OLV,recording,shake_phone,8,5.039071,6.216384,-0.270711,0.174538,-0.058084,-3.137601
1870364020.000,OLV,recording,shake_phone,8,3.085057,8.372093,-0.161003,-0.013323,-0.089025,-3.248041
1870364030.000,OLV,recording,shake_phone,8,1.308255,10.508449,0.001725,-0.139359,-0.063970,-3.131010
1870364040.000,OLV,recording,shake_phone,8,0.342028,12.533235,0.243284,-0.206630,0.039425,-2.834571
1870364050.000,OLV,recording,shake_phone,8,0.177554,14.291094,0.508953,-0.245271,0.219492,-2.447158
1870364060.000,OLV,recording,shake_phone,8,0.174756,15.598130,0.926283,-0.297532,0.442192,-2.053342
1870364070.000,OLV,recording,shake_phone,8,0.299898,16.516072,1.725918,-0.384954,0.626106,-1.700905
1870364080.000,OLV,recording,shake_phone,8,0.514022,17.236040,2.803458,-0.499472,0.685248,-1.406414
1870364090.000,OLV,recording,shake_phone,8,0.744038,17.794349,3.701293,-0.632222,0.598777,-1.167183
1870364100.000,OLV,recording,shake_phone,8,0.867543,18.279505,4.102795,-0.782703,0.423444,-0.967565
1870364110.000,OLV,recording,shake_phone,8,0.377346,18.789877,4.419019,-0.930095,0.244170,-0.765462
1870364120.000,OLV,recording,shake_phone,8,-0.927914,19.152512,4.995458,-1.026886,0.114877,-0.482037
1870364130.000,OLV,recording,shake_phone,8,-2.339348,18.950238,5.898526,-1.024285,0.035677,-0.038826
1870364140.000,OLV,recording,shake_phone,8,-2.799181,17.925653,6.918918,-0.897925,-0.023240,0.567012
1870364150.000,OLV,recording,shake_phone,8,-2.188440,16.198015,7.513880,-0.661417,-0.083925,1.238377
1870364160.000,OLV,recording,shake_phone,8,-0.924886,14.059928,7.566325,-0.353703,-0.145679,1.854623
1870364170.000,OLV,recording,shake_phone,8,0.680654,11.821909,7.071873,-0.022481,-0.199904,2.341440
1870364180.000,OLV,recording,shake_phone,8,2.338280,9.698293,6.199765,0.287654,-0.249305,2.676598
1870364190.000,OLV,recording,shake_phone,8,3.981567,7.717398,5.103465,0.542687,-0.305831,2.860499
1870364200.000,OLV,recording,shake_phone,8,5.485584,5.842805,3.696567,0.714651,-0.368562,2.898341
1870364210.000,OLV,recording,shake_phone,8,6.760921,4.135019,2.194064,0.783503,-0.413713,2.798220
1870364220.000,OLV,recording,shake_phone,8,7.827180,2.661016,0.942218,0.748697,-0.415978,2.577097
1870364230.000,OLV,recording,shake_phone,8,8.509030,1.429565,0.021483,0.632679,-0.372416,2.272754
1870364240.000,OLV,recording,shake_phone,8,8.879564,0.320157,-0.488943,0.472548,-0.306019,1.935268
1870364250.000,OLV,recording,shake_phone,8,9.221770,-0.720585,-0.624454,0.309550,-0.242101,1.597266
1870364260.000,OLV,recording,shake_phone,8,9.564427,-1.580388,-0.568302,0.182845,-0.184809,1.262978
1870364270.000,OLV,recording,shake_phone,8,9.759876,-2.198478,-0.510216,0.119242,-0.125153,0.927348
1870364280.000,OLV,recording,shake_phone,8,9.927659,-2.610250,-0.606039,0.119879,-0.058605,0.587128
1870364290.000,OLV,recording,shake_phone,8,10.067364,-2.905428,-0.841376,0.165151,0.015214,0.240034
1870364300.000,OLV,recording,shake_phone,8,10.078485,-2.842921,-1.287172,0.229171,0.090008,-0.120726
1870364310.000,OLV,recording,shake_phone,8,10.117274,-2.073809,-1.777470,0.285265,0.160468,-0.517032
1870364320.000,OLV,recording,shake_phone,8,10.082417,-0.815575,-2.093035,0.310924,0.246321,-0.967451
1870364330.000,OLV,recording,shake_phone,8,9.575854,0.575716,-2.386815,0.285825,0.371013,-1.457649
1870364340.000,OLV,recording,shake_phone,8,8.408106,2.148258,-2.531381,0.195547,0.539127,-1.941601
1870364350.000,OLV,recording,shake_phone,8,6.883273,4.033323,-2.156882,0.050092,0.729566,-2.361869
1870364360.000,OLV,recording,shake_phone,8,5.201941,6.132339,-1.401904,-0.121658,0.904437,-2.657450
1870364370.000,OLV,recording,shake_phone,8,3.339891,8.312162,-0.596859,-0.301785,1.063460,-2.792296
1870364380.000,OLV,recording,shake_phone,8,1.285249,10.555730,0.557332,-0.476868,1.233852,-2.752952
1870364390.000,OLV,recording,shake_phone,8,-0.794927,12.671073,2.349429,-0.613051,1.406992,-2.531729
1870364400.000,OLV,recording,shake_phone,8,-2.299239,14.297156,4.403920,-0.673654,1.538135,-2.153854
1870364410.000,OLV,recording,shake_phone,8,-3.015303,15.305760,6.358786,-0.643749,1.601118,-1.685433
1870364420.000,OLV,recording,shake_phone,8,-3.234294,15.899400,8.106138,-0.526135,1.603638,-1.208581
1870364430.000,OLV,recording,shake_phone,8,-3.133325,16.339623,9.433114,-0.333541,1.542595,-0.777510
1870364440.000,OLV,recording,shake_phone,8,-2.735403,16.498499,9.975097,-0.107246,1.407970,-0.405406
1870364450.000,OLV,recording,shake_phone,8,-2.299765,16.015982,9.694555,0.082097,1.212980,-0.076473
1870364460.000,OLV,recording,shake_phone,8,-1.801921,14.979923,8.949280,0.176968,0.975946,0.233481
1870364470.000,OLV,recording,shake_phone,8,-1.281148,13.936650,8.125936,0.160422,0.697872,0.530756
1870364480.000,OLV,recording,shake_phone,8,-0.688337,12.883319,7.445726,0.058606,0.380313,0.805096
1870364490.000,OLV,recording,shake_phone,8,0.187811,11.657063,6.972843,-0.069405,0.044821,1.048375
1870364500.000,OLV,recording,shake_phone,8,1.325769,10.396348,6.649427,-0.160708,-0.277022,1.255179
1870364510.000,OLV,recording,shake_phone,8,2.621203,9.220912,6.182165,-0.177146,-0.544179,1.407121
1870364520.000,OLV,recording,shake_phone,8,3.800841,8.141845,5.418554,-0.117863,-0.718303,1.485925
1870364530.000,OLV,recording,shake_phone,8,4.757926,7.098730,4.589003,-0.008281,-0.794591,1.505008
1870364540.000,OLV,recording,shake_phone,8,5.524991,6.035093,3.789507,0.115980,-0.796384,1.496954
1870364550.000,OLV,recording,shake_phone,8,6.195473,4.804770,3.034841,0.224617,-0.748475,1.481743
1870364560.000,OLV,recording,shake_phone,8,6.923360,3.355187,2.433176,0.304733,-0.672690,1.458737
1870364570.000,OLV,recording,shake_phone,8,7.941225,1.810360,2.034401,0.359994,-0.595099,1.410176
1870364580.000,OLV,recording,shake_phone,8,9.180740,0.327200,1.753174,0.397884,-0.532331,1.303183
1870364590.000,OLV,recording,shake_phone,8,10.316117,-1.046903,1.505933,0.422987,-0.488797,1.104615
1870364600.000,OLV,recording,shake_phone,8,11.318447,-2.382879,1.393777,0.444370,-0.471964,0.804529
1870364610.000,OLV,recording,shake_phone,8,12.087624,-3.548840,1.307141,0.475661,-0.473811,0.419027
1870364620.000,OLV,recording,shake_phone,8,12.373504,-4.312175,0.977349,0.522566,-0.463445,-0.042247
1870364630.000,OLV,recording,shake_phone,8,12.236359,-4.609584,0.378498,0.569139,-0.414785,-0.598757
1870364640.000,OLV,recording,shake_phone,8,11.809536,-4.390739,-0.252522,0.586007,-0.320643,-1.246777
1870364650.000,OLV,recording,shake_phone,8,10.823632,-3.456625,-0.527696,0.551064,-0.187019,-1.959026
1870364660.000,OLV,recording,shake_phone,8,9.147246,-1.860282,-0.263579,0.456885,-0.037387,-2.702926
1870364670.000,OLV,recording,shake_phone,8,6.835958,0.089821,0.433885,0.295769,0.101703,-3.420463
1870364680.000,OLV,recording,shake_phone,8,3.876751,2.183827,1.422641,0.054159,0.217686,-4.039892
1870364690.000,OLV,recording,shake_phone,8,0.504617,4.340883,2.508105,-0.265694,0.262233,-4.484026
1870364700.000,OLV,recording,shake_phone,8,-2.875710,6.605379,3.647557,-0.637509,0.139971,-4.692071
1870364710.000,OLV,recording,shake_phone,8,-5.641406,8.831360,4.816749,-1.027531,-0.189142,-4.650317
1870364720.000,OLV,recording,shake_phone,8,-7.157878,10.686451,5.791140,-1.418360,-0.649750,-4.410156
1870364730.000,OLV,recording,shake_phone,8,-7.197820,11.860099,6.406892,-1.805407,-1.110401,-4.074855
1870364740.000,OLV,recording,shake_phone,8,-6.505915,12.251692,7.203304,-2.156025,-1.458850,-3.743554
1870364750.000,OLV,recording,shake_phone,8,-6.035598,12.258021,8.803248,-2.389016,-1.664091,-3.449769
1870364760.000,OLV,recording,shake_phone,8,-5.566691,12.211262,10.777825,-2.429090,-1.803620,-3.177884
1870364770.000,OLV,recording,shake_phone,8,-4.543126,12.015958,12.144735,-2.277635,-1.995913,-2.927487
1870364780.000,OLV,recording,shake_phone,8,-2.990511,11.637055,12.318638,-2.009503,-2.305306,-2.729303
1870364790.000,OLV,recording,shake_phone,8,-1.155770,11.170248,11.529618,-1.714266,-2.723875,-2.625306
1870364800.000,OLV,recording,shake_phone,8,0.666013,10.719212,10.407518,-1.443888,-3.215627,-2.658292
1870364810.000,OLV,recording,shake_phone,8,2.037521,10.167678,9.510522,-1.201275,-3.750958,-2.841531
1870364820.000,OLV,recording,shake_phone,8,2.158951,9.898559,8.522483,-0.987314,-4.294267,-3.107879
1870364830.000,OLV,recording,shake_phone,8,1.550509,10.228794,6.855295,-0.837318,-4.803776,-3.358522
1870364840.000,OLV,recording,shake_phone,8,0.604413,10.460239,4.841637,-0.800202,-5.195701,-3.518043
1870364850.000,OLV,recording,shake_phone,8,-0.972817,10.445948,2.867793,-0.917508,-5.393149,-3.511894
1870364860.000,OLV,recording,shake_phone,8,-2.170534,10.348999,1.097881,-1.207486,-5.409018,-3.295635
1870364870.000,OLV,recording,shake_phone,8,-2.737429,10.330850,0.176168,-1.618928,-5.280973,-2.888114
1870364880.000,OLV,recording,shake_phone,8,-2.704809,10.564473,0.796547,-2.004166,-5.039297,-2.362415
1870364890.000,OLV,recording,shake_phone,8,-1.475575,10.213012,2.358397,-2.223641,-4.708338,-1.868635
1870364900.000,OLV,recording,shake_phone,8,0.046513,9.541326,3.585018,-2.248031,-4.296468,-1.559963
1870364910.000,OLV,recording,shake_phone,8,0.991339,9.247938,4.139092,-2.123606,-3.812316,-1.491931
1870364920.000,OLV,recording,shake_phone,8,1.452580,8.949637,4.558773,-1.906248,-3.291424,-1.624547
1870364930.000,OLV,recording,shake_phone,8,1.485331,8.458855,5.050439,-1.641840,-2.792969,-1.851499
1870364940.000,OLV,recording,shake_phone,8,1.546054,7.958128,5.626498,-1.347522,-2.338491,-2.085859
1870364950.000,OLV,recording,shake_phone,8,1.426022,7.636736,6.114833,-1.014063,-1.898473,-2.287905
1870364960.000,OLV,recording,shake_phone,8,0.360276,7.404021,6.237887,-0.631874,-1.415778,-2.413647
1870364970.000,OLV,recording,shake_phone,8,-1.347868,7.528277,6.180616,-0.183688,-0.861177,-2.412266
1870364980.000,OLV,recording,shake_phone,8,-2.643087,8.104870,6.251725,0.344922,-0.277200,-2.268628
1870364990.000,OLV,recording,shake_phone,8,-3.748156,9.316356,6.765736,0.931463,0.222270,-2.016212
1870365000.000,OLV,recording,shake_phone,8,-4.945274,11.003310,6.747225,1.405424,0.372231,-1.735965
1870365010.000,OLV,recording,shake_phone,8,-6.380498,12.899143,5.260911,1.466783,0.021963,-1.523626
1870365020.000,OLV,recording,shake_phone,8,-5.854735,13.135965,4.668578,1.202516,-0.477762,-1.366087
1870365030.000,OLV,recording,shake_phone,8,-2.773194,11.310853,5.009100,1.037894,-0.703253,-1.222203
1870365040.000,OLV,recording,shake_phone,8,-0.379107,9.982836,4.668169,1.108378,-0.619710,-1.145481
1870365050.000,OLV,recording,shake_phone,8,0.567143,9.088957,4.539030,1.287882,-0.378819,-1.177047
1870365060.000,OLV,recording,shake_phone,8,0.686640,8.092594,4.591179,1.448920,-0.131862,-1.290636
1870365070.000,OLV,recording,shake_phone,8,0.137030,6.985580,4.505579,1.520713,0.000899,-1.422335
1870365080.000,OLV,recording,shake_phone,8,-0.988939,6.256984,3.862479,1.463935,-0.024566,-1.503483
1870365090.000,OLV,recording,shake_phone,8,-1.985307,6.201973,2.996043,1.243690,-0.189682,-1.499926
1870365100.000,OLV,recording,shake_phone,8,-2.189092,6.917757,2.160862,0.858993,-0.387769,-1.423496
1870365110.000,OLV,recording,shake_phone,8,-1.303600,8.467175,1.454431,0.292519,-0.514366,-1.360683
1870365120.000,OLV,recording,shake_phone,8,0.237658,10.097605,0.904901,-0.497006,-0.474101,-1.452972
1870365130.000,OLV,recording,shake_phone,8,-0.093719,9.611842,1.179932,-1.308602,-0.402478,-1.668113
1870365140.000,OLV,recording,shake_phone,8,-2.199721,8.018385,2.022023,-1.948346,-0.503877,-1.835591
1870365150.000,OLV,recording,shake_phone,8,-3.451333,8.111863,2.542377,-2.463105,-0.685737,-1.896383
1870365160.000,OLV,recording,shake_phone,8,-3.260966,8.520085,3.673203,-2.880957,-0.853534,-1.885879
1870365170.000,OLV,recording,shake_phone,8,-2.473039,8.161587,4.836479,-3.185866,-0.998306,-1.859437
1870365180.000,OLV,recording,shake_phone,8,-1.702449,7.114110,5.571468,-3.359313,-1.102232,-1.857726
1870365190.000,OLV,recording,shake_phone,8,-0.798509,5.731071,5.882649,-3.395500,-1.164877,-1.876573
1870365200.000,OLV,recording,shake_phone,8,-0.646134,4.532536,6.295911,-3.295118,-1.255250,-1.863328
1870365210.000,OLV,recording,shake_phone,8,-1.157311,4.253746,6.870886,-3.087508,-1.440389,-1.761484
1870365220.000,OLV,recording,shake_phone,8,-0.698943,5.125931,7.540831,-2.850768,-1.722478,-1.643377
1870365230.000,OLV,recording,shake_phone,8,0.359470,6.192377,8.212746,-2.635349,-2.028313,-1.632841
1870365240.000,OLV,recording,shake_phone,8,-0.513061,7.132306,8.398016,-2.420755,-2.284876,-1.709652
1870365250.000,OLV,recording,shake_phone,8,-2.902410,8.188871,8.576027,-2.167239,-2.431778,-1.775177
1870365260.000,OLV,recording,shake_phone,8,-4.947484,9.200879,10.017852,-1.807516,-2.369339,-1.787394
1870365270.000,OLV,recording,shake_phone,8,-6.235221,10.091805,11.764577,-1.262780,-2.049994,-1.764394
1870365280.000,OLV,recording,shake_phone,8,-5.447394,9.504495,10.249092,-0.625269,-1.656739,-1.758314
1870365290.000,OLV,recording,shake_phone,8,-3.665327,7.869762,8.284848,-0.044697,-1.361384,-1.782391
1870365300.000,OLV,recording,shake_phone,8,-3.133435,6.640180,8.096867,0.401973,-1.158651,-1.758145
1870365310.000,OLV,recording,shake_phone,8,-2.775108,5.480198,7.333669,0.629249,-1.004489,-1.614822
1870365320.000,OLV,recording,shake_phone,8,-2.684218,4.827911,6.624864,0.594572,-0.870657,-1.349228
1870365330.000,OLV,recording,shake_phone,8,-2.921479,4.472018,5.404519,0.329808,-0.784949,-1.001954
1870365340.000,OLV,recording,shake_phone,8,-3.087176,4.730171,4.813417,-0.079939,-0.738699,-0.644630
1870365350.000,OLV,recording,shake_phone,8,-2.433106,5.848168,4.912041,-0.560821,-0.679480,-0.385975
1870365360.000,OLV,recording,shake_phone,8,-1.428728,7.007011,5.498939,-1.082458,-0.554697,-0.305205
1870365370.000,OLV,recording,shake_phone,9,-1.007811,7.188504,6.456952,-1.581998,-0.422956,-0.365464
1870365380.000,OLV,recording,shake_phone,9,-0.750084,6.699484,7.401490,-1.928204,-0.384487,-0.445146
1870365390.000,OLV,recording,shake_phone,9,-0.430992,6.290266,8.579746,-2.048039,-0.379331,-0.468242
1870365400.000,OLV,recording,shake_phone,9,-0.270941,6.113565,9.902319,-1.961993,-0.327552,-0.463420
1870365410.000,OLV,recording,shake_phone,9,-0.033829,5.914085,10.624452,-1.726945,-0.269438,-0.483790
1870365420.000,OLV,recording,shake_phone,9,0.052532,5.658211,10.695157,-1.409898,-0.279338,-0.539652
1870365430.000,OLV,recording,shake_phone,9,-0.122501,5.589942,10.757866,-1.064516,-0.403879,-0.605217
1870365440.000,OLV,recording,shake_phone,9,-0.280098,5.810416,11.527834,-0.714579,-0.643294,-0.658431
1870365450.000,OLV,recording,shake_phone,9,-0.104441,6.000896,12.844951,-0.342416,-0.953005,-0.694870
1870365460.000,OLV,recording,shake_phone,9,0.702590,6.215390,14.357018,0.087070,-1.274210,-0.736049
1870365470.000,OLV,recording,shake_phone,9,2.096482,6.683503,15.847197,0.585532,-1.524109,-0.837775
1870365480.000,OLV,recording,shake_phone,9,3.222718,7.040945,16.860540,1.133161,-1.641110,-1.041772
1870365490.000,OLV,recording,shake_phone,9,3.632558,7.313210,17.406350,1.703704,-1.638897,-1.329356
1870365500.000,OLV,recording,shake_phone,9,3.400213,7.696925,17.604156,2.257391,-1.552302,-1.621541
1870365510.000,OLV,recording,shake_phone,9,2.847840,8.079349,17.193676,2.755434,-1.438607,-1.859781
1870365520.000,OLV,recording,shake_phone,9,2.408893,8.468565,16.431322,3.183217,-1.427761,-2.066712
1870365530.000,OLV,recording,shake_phone,9,2.442822,8.744053,16.078891,3.566400,-1.619265,-2.295364
1870365540.000,OLV,recording,shake_phone,9,2.844168,8.634490,16.203768,3.971265,-1.951270,-2.580104
1870365550.000,OLV,recording,shake_phone,9,3.338456,8.248506,16.442084,4.440376,-2.273137,-2.916251
1870365560.000,OLV,recording,shake_phone,9,3.942675,7.766840,16.567444,4.965092,-2.477388,-3.271618
1870365570.000,OLV,recording,shake_phone,9,4.124769,7.097915,16.039859,5.500072,-2.521021,-3.608192
1870365580.000,OLV,recording,shake_phone,9,3.502650,6.254952,14.590749,5.979097,-2.443882,-3.885789
1870365590.000,OLV,recording,shake_phone,9,2.816779,5.366487,12.848188,6.352836,-2.368460,-4.095740
1870365600.000,OLV,recording,shake_phone,9,2.811344,4.562100,11.497906,6.634343,-2.407806,-4.290056
1870365610.000,OLV,recording,shake_phone,9,2.979927,4.028223,10.549231,6.889921,-2.594830,-4.537012
1870365620.000,OLV,recording,shake_phone,9,2.526338,3.416346,9.403909,7.158109,-2.864967,-4.847501
1870365630.000,OLV,recording,shake_phone,9,1.508204,2.275752,7.792141,7.396453,-3.124140,-5.164184
1870365640.000,OLV,recording,shake_phone,9,0.015599,0.869168,5.930984,7.516709,-3.319788,-5.403424
1870365650.000,OLV,recording,shake_phone,9,-1.681293,-0.405747,3.966424,7.444531,-3.426215,-5.507001
1870365660.000,OLV,recording,shake_phone,9,-3.312899,-1.367376,2.162587,7.160296,-3.436448,-5.464636
1870365670.000,OLV,recording,shake_phone,9,-4.818917,-2.056121,0.806099,6.702913,-3.361861,-5.294511
1870365680.000,OLV,recording,shake_phone,9,-6.152085,-2.679118,0.087881,6.142341,-3.227516,-5.020372
1870365690.000,OLV,recording,shake_phone,9,-7.440799,-3.136991,-0.041345,5.551489,-3.066679,-4.664861
1870365700.000,OLV,recording,shake_phone,9,-8.640240,-3.239932,0.028707,4.981156,-2.914401,-4.250325
1870365710.000,OLV,recording,shake_phone,9,-9.682822,-3.139771,0.058022,4.443692,-2.778118,-3.789795
1870365720.000,OLV,recording,shake_phone,9,-10.428299,-3.019390,0.038060,3.924799,-2.630915,-3.289066
1870365730.000,OLV,recording,shake_phone,9,-10.643564,-2.945988,0.043259,3.403574,-2.455913,-2.766127
1870365740.000,OLV,recording,shake_phone,9,-10.627389,-2.977146,0.067416,2.859743,-2.268629,-2.248135
1870365750.000,OLV,recording,shake_phone,9,-10.545255,-3.222884,0.240520,2.290097,-2.099097,-1.755530
1870365760.000,OLV,recording,shake_phone,9,-10.223267,-3.684692,0.872573,1.720025,-1.956647,-1.304272
1870365770.000,OLV,recording,shake_phone,9,-10.053035,-4.111096,1.998956,1.186150,-1.801081,-0.879110
1870365780.000,OLV,recording,shake_phone,9,-10.254639,-4.356780,3.160691,0.708860,-1.567813,-0.416947
1870365790.000,OLV,recording,shake_phone,9,-10.442067,-4.412040,4.099707,0.316290,-1.239496,0.111408
1870365800.000,OLV,recording,shake_phone,9,-10.535918,-3.918731,4.984282,0.054535,-0.851369,0.691030
1870365810.000,OLV,recording,shake_phone,9,-10.408104,-2.530538,5.834577,-0.032400,-0.460452,1.289225
1870365820.000,OLV,recording,shake_phone,9,-9.585909,-0.272950,6.117575,0.067331,-0.123832,1.844243
1870365830.000,OLV,recording,shake_phone,9,-7.779554,2.806905,5.165921,0.284520,0.159588,2.293726
1870365840.000,OLV,recording,shake_phone,9,-5.326585,6.533974,2.917787,0.489710,0.427159,2.579943
1870365850.000,OLV,recording,shake_phone,9,-2.687032,10.584943,0.063963,0.572252,0.654795,2.652141
1870365860.000,OLV,recording,shake_phone,9,-0.261966,14.611095,-2.700558,0.488915,0.766456,2.484694
1870365870.000,OLV,recording,shake_phone,9,1.235008,18.104388,-4.688393,0.259375,0.713508,2.102627
1870365880.000,OLV,recording,shake_phone,9,1.694264,20.590641,-5.308862,-0.050564,0.531171,1.583210
1870365890.000,OLV,recording,shake_phone,9,1.088363,21.791653,-5.029186,-0.377404,0.324918,1.025213
1870365900.000,OLV,recording,shake_phone,9,-0.187284,21.949295,-4.542145,-0.694124,0.160587,0.506569
1870365910.000,OLV,recording,shake_phone,9,-1.038637,21.406611,-3.567809,-0.964591,0.036430,0.041815
1870365920.000,OLV,recording,shake_phone,9,-1.306205,20.313148,-1.819963,-1.111764,-0.065000,-0.400903
1870365930.000,OLV,recording,shake_phone,9,-1.271778,18.849322,0.171671,-1.063995,-0.163657,-0.852285
1870365940.000,OLV,recording,shake_phone,9,-1.292833,17.028993,1.805380,-0.809056,-0.287645,-1.318611
1870365950.000,OLV,recording,shake_phone,9,-1.831316,14.894852,2.733394,-0.405830,-0.452232,-1.767603
1870365960.000,OLV,recording,shake_phone,9,-2.830491,12.672547,2.933610,0.049497,-0.641442,-2.147852
1870365970.000,OLV,recording,shake_phone,9,-3.839516,10.649724,2.660768,0.469714,-0.824962,-2.426127
1870365980.000,OLV,recording,shake_phone,9,-4.594419,8.858886,2.107756,0.794623,-0.982867,-2.604876
1870365990.000,OLV,recording,shake_phone,9,-5.097344,7.226719,1.443474,0.991821,-1.105806,-2.705253
1870366000.000,OLV,recording,shake_phone,9,-5.659620,5.774161,0.823907,1.049199,-1.181006,-2.735141
1870366010.000,OLV,recording,shake_phone,9,-6.378110,4.490835,0.294192,0.963991,-1.203970,-2.686468
1870366020.000,OLV,recording,shake_phone,9,-7.002022,3.322296,-0.002830,0.750161,-1.178777,-2.561231
1870366030.000,OLV,recording,shake_phone,9,-7.383601,2.152042,0.083646,0.448321,-1.102263,-2.376836
1870366040.000,OLV,recording,shake_phone,9,-7.715938,0.977374,0.556122,0.117149,-0.971276,-2.147961
1870366050.000,OLV,recording,shake_phone,9,-8.031459,-0.143547,1.305080,-0.179902,-0.799659,-1.884150
1870366060.000,OLV,recording,shake_phone,9,-8.261423,-1.304291,2.276040,-0.378531,-0.615630,-1.590795
1870366070.000,OLV,recording,shake_phone,9,-8.581942,-2.450688,3.286266,-0.431982,-0.458807,-1.277489
1870366080.000,OLV,recording,shake_phone,9,-9.076592,-3.403148,4.025254,-0.344777,-0.354115,-0.955136
1870366090.000,OLV,recording,shake_phone,9,-9.449142,-4.222516,4.193160,-0.175525,-0.291951,-0.623878
1870366100.000,OLV,recording,shake_phone,9,-9.747824,-4.903028,3.741933,0.000922,-0.249687,-0.271914
1870366110.000,OLV,recording,shake_phone,9,-10.099032,-5.246751,3.221833,0.137178,-0.212468,0.119989
1870366120.000,OLV,recording,shake_phone,9,-10.532350,-5.127786,2.920794,0.221861,-0.172573,0.568576
1870366130.000,OLV,recording,shake_phone,9,-10.941114,-4.475498,2.578672,0.250108,-0.119931,1.082262
1870366140.000,OLV,recording,shake_phone,9,-10.890517,-3.168345,2.066686,0.212348,-0.047590,1.643379
1870366150.000,OLV,recording,shake_phone,9,-10.279968,-1.207584,1.446754,0.099132,0.041716,2.214679
1870366160.000,OLV,recording,shake_phone,9,-9.135639,1.291821,0.809353,-0.098016,0.152476,2.754825
1870366170.000,OLV,recording,shake_phone,9,-7.076655,4.204220,0.137851,-0.373672,0.289338,3.187347
1870366180.000,OLV,recording,shake_phone,9,-4.238775,7.421419,-0.449560,-0.691900,0.417098,3.408154
1870366190.000,OLV,recording,shake_phone,9,-1.568876,10.787861,-0.672251,-0.994804,0.485761,3.361369
1870366200.000,OLV,recording,shake_phone,9,0.082563,13.933994,-0.437151,-1.232189,0.469794,3.084427
1870366210.000,OLV,recording,shake_phone,9,0.772490,16.697084,0.086192,-1.378394,0.367405,2.668565
1870366220.000,OLV,recording,shake_phone,9,0.965654,19.226315,0.776927,-1.433184,0.212764,2.187278
1870366230.000,OLV,recording,shake_phone,9,0.896729,21.180301,1.476947,-1.424715,0.070395,1.671466
1870366240.000,OLV,recording,shake_phone,9,0.733202,22.006269,2.013910,-1.398020,-0.000743,1.130206
1870366250.000,OLV,recording,shake_phone,9,0.458955,21.760199,2.594438,-1.370986,0.006303,0.571636
1870366260.000,OLV,recording,shake_phone,9,0.068897,20.730329,3.499241,-1.312910,0.040795,0.007728
1870366270.000,OLV,recording,shake_phone,9,-0.475577,19.106712,4.603963,-1.177365,0.050598,-0.540687
1870366280.000,OLV,recording,shake_phone,9,-1.263874,17.045593,5.450608,-0.951091,0.028620,-1.041996
1870366290.000,OLV,recording,shake_phone,9,-2.117904,14.839380,5.866202,-0.666408,-0.001313,-1.466505
1870366300.000,OLV,recording,shake_phone,9,-2.780300,12.731325,5.943204,-0.366953,-0.012052,-1.805151
1870366310.000,OLV,recording,shake_phone,9,-3.313131,10.658029,5.767259,-0.080860,0.013112,-2.068125
1870366320.000,OLV,recording,shake_phone,9,-3.931487,8.678326,5.446507,0.176592,0.068355,-2.261726
1870366330.000,OLV,recording,shake_phone,9,-4.689985,6.919165,4.948718,0.396913,0.132468,-2.379231
1870366340.000,OLV,recording,shake_phone,9,-5.445044,5.387380,4.280069,0.569178,0.182678,-2.415196
1870366350.000,OLV,recording,shake_phone,9,-6.116594,4.024783,3.508775,0.680946,0.213511,-2.373960
1870366360.000,OLV,recording,shake_phone,9,-6.687039,2.803899,2.757673,0.726977,0.233342,-2.270010
1870366370.000,OLV,recording,shake_phone,9,-7.138052,1.630779,2.168304,0.717378,0.253121,-2.121952
1870366380.000,OLV,recording,shake_phone,9,-7.584104,0.394699,1.737611,0.677200,0.286516,-1.941953
1870366390.000,OLV,recording,shake_phone,9,-8.242448,-0.782497,1.370469,0.625407,0.335440,-1.723633
1870366400.000,OLV,recording,shake_phone,9,-9.000655,-1.813201,1.078069,0.572080,0.381340,-1.450991
1870366410.000,OLV,recording,shake_phone,9,-9.593296,-2.751833,1.025981,0.537327,0.406194,-1.123390
1870366420.000,OLV,recording,shake_phone,9,-9.895840,-3.524139,1.233445,0.550641,0.409069,-0.759267
1870366430.000,OLV,recording,shake_phone,9,-9.896361,-4.047311,1.460646,0.630649,0.389089,-0.383017
1870366440.000,OLV,recording,shake_phone,9,-9.872743,-4.237659,1.422661,0.766549,0.335493,-0.000195
1870366450.000,OLV,recording,shake_phone,9,-9.915333,-4.054502,0.945866,0.914043,0.244133,0.402163
1870366460.000,OLV,recording,shake_phone,9,-9.681693,-3.633606,0.183755,1.014136,0.127070,0.824878
1870366470.000,OLV,recording,shake_phone,9,-9.280198,-2.900550,-0.559828,1.020090,0.015728,1.260458
1870366480.000,OLV,recording,shake_phone,9,-9.056389,-1.753818,-1.416749,0.891771,-0.048589,1.713804
1870366490.000,OLV,recording,shake_phone,9,-8.551758,-0.434827,-2.461669,0.593394,-0.046339,2.177391
1870366500.000,OLV,recording,shake_phone,9,-7.593163,1.043886,-3.234032,0.133501,0.000084,2.617748
1870366510.000,OLV,recording,shake_phone,9,-6.575981,2.902767,-3.383363,-0.422074,0.047588,3.000583
1870366520.000,OLV,recording,shake_phone,9,-5.411497,5.077618,-2.813927,-0.978521,0.067562,3.283044
1870366530.000,OLV,recording,shake_phone,9,-4.102313,7.264421,-1.637619,-1.445747,0.052222,3.417916
1870366540.000,OLV,recording,shake_phone,9,-3.107687,9.540180,-0.272992,-1.767452,0.010564,3.401835
1870366550.000,OLV,recording,shake_phone,9,-2.450042,12.058104,0.950234,-1.938618,-0.041871,3.267614
1870366560.000,OLV,recording,shake_phone,9,-1.789069,14.577070,1.978764,-1.988710,-0.109740,3.036263
1870366570.000,OLV,recording,shake_phone,9,-1.068910,17.036082,3.008155,-1.946857,-0.214056,2.717882
1870366580.000,OLV,recording,shake_phone,9,-0.049228,19.355191,4.313974,-1.824751,-0.336426,2.311500
1870366590.000,OLV,recording,shake_phone,9,1.045935,21.103261,5.627108,-1.630946,-0.410527,1.807551
1870366600.000,OLV,recording,shake_phone,9,1.495871,21.891396,6.355200,-1.404828,-0.397274,1.230031
1870366610.000,OLV,recording,shake_phone,9,1.336531,21.659450,6.602699,-1.196544,-0.313375,0.628155
1870366620.000,OLV,recording,shake_phone,9,0.822966,20.584130,6.762731,-1.020389,-0.188614,0.041028
1870366630.000,OLV,recording,shake_phone,9,0.189429,18.983211,6.938809,-0.857110,-0.049326,-0.511206
1870366640.000,OLV,recording,shake_phone,9,-0.162207,17.055164,7.315113,-0.668176,0.072797,-1.017908
1870366650.000,OLV,recording,shake_phone,9,-0.597849,14.947005,7.833626,-0.411350,0.160516,-1.469710
1870366660.000,OLV,recording,shake_phone,9,-1.436935,12.789846,7.993860,-0.078300,0.214482,-1.847499
1870366670.000,OLV,recording,shake_phone,9,-2.388839,10.620655,7.666877,0.297945,0.241724,-2.131840
1870366680.000,OLV,recording,shake_phone,9,-3.201721,8.671163,6.937876,0.669087,0.260337,-2.321926
1870366690.000,OLV,recording,shake_phone,9,-3.828338,7.031870,5.868901,0.986818,0.281776,-2.426305
1870366700.000,OLV,recording,shake_phone,9,-4.297098,5.583789,4.666065,1.213911,0.304131,-2.458283
1870366710.000,OLV,recording,shake_phone,9,-4.598981,4.183554,3.528998,1.341062,0.332711,-2.439376
1870366720.000,OLV,recording,shake_phone,9,-4.793417,2.665271,2.585372,1.387719,0.375242,-2.393672
1870366730.000,OLV,recording,shake_phone,9,-5.217816,1.128693,1.864236,1.384914,0.416865,-2.323142
1870366740.000,OLV,recording,shake_phone,9,-6.075911,-0.217803,1.251621,1.357411,0.422435,-2.203242
1870366750.000,OLV,recording,shake_phone,9,-7.042972,-1.412331,0.807711,1.319338,0.367594,-2.012808
1870366760.000,OLV,recording,shake_phone,9,-7.867484,-2.432758,0.739402,1.290294,0.264197,-1.749883
1870366770.000,OLV,recording,shake_phone,9,-8.642357,-3.181334,0.897988,1.283841,0.149635,-1.415677
1870366780.000,OLV,recording,shake_phone,9,-9.352812,-3.787574,0.856527,1.281238,0.054180,-1.007490
1870366790.000,OLV,recording,shake_phone,9,-9.798160,-4.293483,0.606876,1.248524,-0.012605,-0.530297
1870366800.000,OLV,recording,shake_phone,9,-10.094085,-4.511910,0.386015,1.162685,-0.041846,0.008877
1870366810.000,OLV,recording,shake_phone,9,-10.302433,-4.371962,0.041471,1.005320,-0.022003,0.606295
1870366820.000,OLV,recording,shake_phone,9,-10.172614,-3.977686,-0.445997,0.760175,0.047033,1.247719
1870366830.000,OLV,recording,shake_phone,9,-9.693551,-3.153330,-0.862182,0.431023,0.151090,1.907988
1870366840.000,OLV,recording,shake_phone,9,-8.803792,-1.765823,-1.029218,0.058573,0.257061,2.545699
1870366850.000,OLV,recording,shake_phone,9,-7.500855,0.064136,-0.713173,-0.286577,0.322813,3.105283
1870366860.000,OLV,recording,shake_phone,9,-6.146260,2.422609,-0.251028,-0.553051,0.345504,3.546775
1870366870.000,OLV,recording,shake_phone,9,-4.681437,5.223043,-0.172515,-0.746861,0.364934,3.843471
1870366880.000,OLV,recording,shake_phone,9,-3.099754,8.119477,-0.443523,-0.910809,0.408043,3.971953
1870366890.000,OLV,recording,shake_phone,9,-1.940588,10.822818,-0.874204,-1.089868,0.475591,3.944522
1870366900.000,OLV,recording,shake_phone,9,-1.384081,13.207019,-1.097021,-1.309832,0.546114,3.811605
1870366910.000,OLV,recording,shake_phone,9,-1.050275,15.345764,-0.706356,-1.559350,0.576022,3.612709
1870366920.000,OLV,recording,shake_phone,9,-0.579787,17.139764,0.257379,-1.799669,0.533669,3.351267
1870366930.000,OLV,recording,shake_phone,9,0.013121,18.242525,1.582369,-1.986609,0.445873,3.034891
1870366940.000,OLV,recording,shake_phone,9,0.454297,18.448101,3.006841,-2.100612,0.377160,2.683672
1870366950.000,OLV,recording,shake_phone,9,0.449216,17.711953,4.270322,-2.153244,0.379401,2.314005
1870366960.000,OLV,recording,shake_phone,9,-0.115882,16.261227,5.289111,-2.156612,0.476554,1.959045
1870366970.000,OLV,recording,shake_phone,9,-1.152523,14.484754,6.065634,-2.115583,0.669440,1.668374
1870366980.000,OLV,recording,shake_phone,9,-2.613773,12.491072,6.519428,-2.039270,0.949635,1.497654
1870366990.000,OLV,recording,shake_phone,9,-4.273165,10.357095,6.593009,-1.944577,1.298046,1.489331
1870367000.000,OLV,recording,shake_phone,9,-5.712596,8.288791,6.306347,-1.860211,1.680555,1.650736
1870367010.000,OLV,recording,shake_phone,9,-6.633515,6.496847,5.705349,-1.826334,2.074246,1.953420
1870367020.000,OLV,recording,shake_phone,9,-6.893588,5.022167,4.868560,-1.884889,2.480195,2.352416
1870367030.000,OLV,recording,shake_phone,9,-6.690821,3.722526,3.789055,-2.076569,2.898774,2.803524
1870367040.000,OLV,recording,shake_phone,9,-6.328479,2.491480,2.703224,-2.424736,3.323705,3.273060
1870367050.000,OLV,recording,shake_phone,9,-5.996633,1.398774,1.828678,-2.919163,3.746931,3.743612
1870367060.000,OLV,recording,shake_phone,9,-5.732849,0.499701,1.222861,-3.527420,4.149526,4.207702
1870367070.000,OLV,recording,shake_phone,9,-5.720112,-0.346453,1.007962,-4.198260,4.499231,4.672060
1870367080.000,OLV,recording,shake_phone,9,-5.872866,-1.136421,1.212307,-4.865403,4.747002,5.153014
1870367090.000,OLV,recording,shake_phone,9,-5.404110,-1.721293,1.805304,-5.469029,4.840527,5.624129
1870367100.000,OLV,recording,shake_phone,9,-4.148975,-1.975998,2.752642,-5.960040,4.762879,6.015486
1870367110.000,OLV,recording,shake_phone,9,-2.523160,-1.955105,3.887492,-6.309314,4.542215,6.274379
1870367120.000,OLV,recording,shake_phone,9,-0.483751,-1.811866,5.158420,-6.512849,4.217927,6.373046
1870367130.000,OLV,recording,shake_phone,9,1.657258,-1.378267,6.509415,-6.576039,3.812808,6.284838
1870367140.000,OLV,recording,shake_phone,9,3.401586,-0.464953,7.897856,-6.497965,3.327651,5.981494
1870367150.000,OLV,recording,shake_phone,9,4.745466,0.566076,9.346639,-6.272184,2.771928,5.467463
1870367160.000,OLV,recording,shake_phone,9,5.655412,1.278620,10.543371,-5.907406,2.183837,4.798791
1870367170.000,OLV,recording,shake_phone,9,5.221895,1.802201,11.504591,-5.415982,1.575625,4.098854
1870367180.000,OLV,recording,shake_phone,9,3.536140,2.518742,12.408604,-4.801287,0.955321,3.539273
1870367190.000,OLV,recording,shake_phone,9,1.666195,3.174036,12.848215,-4.079324,0.379826,3.234088
1870367200.000,OLV,recording,shake_phone,9,0.312842,3.425310,12.539933,-3.335325,-0.050014,3.170476
1870367210.000,OLV,recording,shake_phone,9,0.293622,3.402166,11.704213,-2.725577,-0.277749,3.265380
1870367220.000,OLV,recording,shake_phone,9,1.566501,3.267172,10.816142,-2.351952,-0.309689,3.420608
1870367230.000,OLV,recording,shake_phone,9,3.232033,2.969397,10.087656,-2.227273,-0.149048,3.532950
1870367240.000,OLV,recording,shake_phone,9,4.716511,2.587019,9.641132,-2.321259,0.162432,3.527143
1870367250.000,OLV,recording,shake_phone,9,5.868397,2.396688,9.952853,-2.539191,0.509121,3.371622
1870367260.000,OLV,recording,shake_phone,9,6.824792,2.374498,11.350143,-2.717370,0.734464,3.060139
1870367270.000,OLV,recording,shake_phone,9,7.666835,2.444125,13.929609,-2.670905,0.666321,2.594160
1870367280.000,OLV,recording,shake_phone,9,8.672193,2.666273,16.623745,-2.261284,0.249962,2.016964
1870367290.000,OLV,recording,shake_phone,9,8.897944,2.446043,17.390677,-1.522522,-0.230718,1.419717
1870367300.000,OLV,recording,shake_phone,9,9.666807,1.865851,21.232371,-0.565411,-0.485751,0.816247
1870367310.000,OLV,recording,shake_phone,9,9.642525,2.177909,23.322982,0.422238,-0.519207,0.249300
1870367320.000,OLV,recording,shake_phone,9,4.600703,2.866111,14.515045,1.043130,-0.612164,-0.060801
1870367330.000,OLV,recording,shake_phone,9,-0.837937,3.105755,6.357727,1.121214,-0.926531,0.037354
1870367340.000,OLV,recording,shake_phone,9,-1.773196,2.241251,4.803913,0.862728,-1.303167,0.416766
1870367350.000,OLV,recording,shake_phone,9,1.018921,0.291539,5.729114,0.509150,-1.585699,0.804992
1870367360.000,OLV,recording,shake_phone,9,4.188307,0.538643,7.696599,0.192520,-1.662271,1.032281
1870367370.000,OLV,recording,shake_phone,9,5.099259,1.942475,9.531048,-0.047585,-1.471936,1.110657
1870367380.000,OLV,recording,shake_phone,9,4.121718,2.094934,10.087118,-0.255461,-1.072494,1.156272
1870367390.000,OLV,recording,shake_phone,9,3.391480,2.262742,9.638977,-0.482745,-0.582213,1.235337
1870367400.000,OLV,recording,shake_phone,9,3.616134,2.148137,8.970498,-0.709657,-0.104062,1.308838
1870367410.000,OLV,recording,shake_phone,9,4.112701,2.391485,9.010418,-0.874280,0.279334,1.308612
1870367420.000,OLV,recording,shake_phone,9,4.119561,2.709972,9.798775,-0.912366,0.555729,1.202306
1870367430.000,OLV,recording,shake_phone,9,4.193579,2.603096,11.284437,-0.790293,0.758050,1.008776
1870367440.000,OLV,recording,shake_phone,9,4.867807,2.505998,12.747990,-0.522751,0.938536,0.758226
1870367450.000,OLV,recording,shake_phone,9,5.456055,2.571037,13.123985,-0.186842,1.151297,0.467132
1870367460.000,OLV,recording,shake_phone,9,5.037864,2.204355,13.090975,0.146787,1.332437,0.188108
1870367470.000,OLV,recording,shake_phone,9,3.570188,1.560574,14.448126,0.525402,1.329648,0.005466
1870367480.000,OLV,recording,shake_phone,9,2.455754,1.193497,14.628927,0.975007,1.245316,-0.052295
1870367490.000,OLV,recording,shake_phone,9,1.820718,0.944387,14.014299,1.428493,1.095515,-0.017990
1870367500.000,OLV,recording,shake_phone,9,1.718405,0.493657,13.659364,1.769419,0.805617,0.019449
1870367510.000,OLV,recording,shake_phone,9,2.201055,0.625242,11.970998,1.911289,0.463434,-0.016318
1870367520.000,OLV,recording,shake_phone,9,1.583484,1.780075,11.373555,1.937477,0.145118,-0.077924
1870367530.000,OLV,recording,shake_phone,9,0.161526,3.253442,11.455472,2.015621,-0.003568,-0.075488
1870367540.000,OLV,recording,shake_phone,9,0.042312,4.052072,11.663572,2.195090,-0.013638,-0.015029
1870367550.000,OLV,recording,shake_phone,9,1.355079,4.141886,11.637386,2.405609,0.021026,0.056085
1870367560.000,OLV,recording,shake_phone,9,2.080089,4.333312,11.127677,2.543413,0.195421,0.167320
1870367570.000,OLV,recording,shake_phone,9,2.025365,4.827418,9.853759,2.471439,0.583242,0.374230
1870367580.000,OLV,recording,shake_phone,9,1.363396,5.449805,8.874846,2.201815,1.017202,0.656691
1870367590.000,OLV,recording,shake_phone,9,0.175648,6.050551,9.684007,1.940231,1.295204,0.932775
1870367600.000,OLV,recording,shake_phone,9,-0.688700,6.800507,10.846323,1.809268,1.428778,1.135291
1870367610.000,OLV,recording,shake_phone,9,-0.635155,6.604441,10.666250,1.719736,1.457201,1.263537
1870367620.000,OLV,recording,shake_phone,9,-0.277789,5.726545,9.923917,1.564021,1.378102,1.342844
1870367630.000,OLV,recording,shake_phone,9,-0.362921,5.266995,9.525464,1.334758,1.247734,1.393402
1870367640.000,OLV,recording,shake_phone,9,-0.724339,5.369791,9.758465,1.067757,1.181391,1.433192
1870367650.000,OLV,recording,shake_phone,9,-1.076597,6.318460,10.701918,0.801449,1.256753,1.469220
1870367660.000,OLV,recording,shake_phone,9,-0.942300,6.667872,12.328040,0.608637,1.405482,1.514503
1870367670.000,OLV,recording,shake_phone,9,-0.532359,5.689930,13.896924,0.593765,1.530130,1.574089
1870367680.000,OLV,recording,shake_phone,9,-0.390241,4.354775,14.741935,0.802621,1.568038,1.627694
1870367690.000,OLV,recording,shake_phone,9,-0.307538,3.413436,16.382588,1.196905,1.380789,1.632322
1870367700.000,OLV,recording,shake_phone,9,0.495145,3.049645,15.950789,1.653880,1.114715,1.549603
1870367710.000,OLV,recording,shake_phone,9,1.055334,3.105950,13.402168,2.028806,0.919617,1.380435
1870367720.000,OLV,recording,shake_phone,9,0.648472,3.255123,12.225139,2.216833,0.753610,1.177321
1870367730.000,OLV,recording,shake_phone,9,0.488116,3.336338,11.222976,2.192406,0.571519,1.001841
1870367740.000,OLV,recording,shake_phone,9,0.043584,3.154404,10.697994,2.020644,0.218227,0.892051
1870367750.000,OLV,recording,shake_phone,9,-0.343273,2.767872,10.222039,1.825805,-0.285825,0.854897
1870367760.000,OLV,recording,shake_phone,9,-0.025356,2.490584,9.682095,1.702964,-0.818531,0.850584
1870367770.000,OLV,recording,shake_phone,9,1.039907,2.426729,8.718333,1.653241,-1.301151,0.825845
1870367780.000,OLV,recording,shake_phone,9,2.059557,2.388507,7.083034,1.636935,-1.645344,0.775039
1870367790.000,OLV,recording,shake_phone,9,2.442188,2.395438,4.940793,1.602879,-1.801847,0.739356
1870367800.000,OLV,recording,shake_phone,9,2.610064,2.441659,2.632395,1.506116,-1.775490,0.750710
1870367810.000,OLV,recording,shake_phone,9,2.778557,2.609099,0.526716,1.318986,-1.605133,0.802959
1870367820.000,OLV,recording,shake_phone,9,3.087483,2.775711,-0.685952,1.047372,-1.367501,0.861719
1870367830.000,OLV,recording,shake_phone,9,3.527752,2.728932,-0.869109,0.727699,-1.149696,0.883828
1870367840.000,OLV,recording,shake_phone,9,3.860679,2.650561,-0.999952,0.385435,-1.001327,0.838610
1870367850.000,OLV,recording,shake_phone,9,4.153152,2.639396,-1.395655,0.019334,-0.917563,0.723470
1870367860.000,OLV,recording,shake_phone,9,4.298059,2.657524,-1.678151,-0.374274,-0.875907,0.565499
1870367870.000,OLV,recording,shake_phone,9,4.204792,2.779915,-1.776573,-0.787159,-0.860115,0.401478
1870367880.000,OLV,recording,shake_phone,9,4.025734,2.812999,-1.663772,-1.193506,-0.862800,0.252902
1870367890.000,OLV,recording,shake_phone,9,4.032288,2.571727,-1.600310,-1.560845,-0.868734,0.118971
1870367900.000,OLV,recording,shake_phone,9,4.192529,2.118203,-1.635412,-1.865075,-0.842594,-0.014202
1870367910.000,OLV,recording,shake_phone,9,4.340635,1.734714,-1.672494,-2.094725,-0.730993,-0.156245
1870367920.000,OLV,recording,shake_phone,9,4.466807,1.736243,-1.758993,-2.256188,-0.491850,-0.305772
1870367930.000,OLV,recording,shake_phone,9,4.463637,1.963200,-1.755685,-2.370802,-0.111243,-0.453429
1870367940.000,OLV,recording,shake_phone,9,3.986717,2.101852,-1.449412,-2.464519,0.398162,-0.569076
1870367950.000,OLV,recording,shake_phone,9,2.978819,2.314774,-0.632511,-2.562535,0.980915,-0.604523
1870367960.000,OLV,recording,shake_phone,9,1.855265,2.558921,0.747334,-2.686477,1.559720,-0.531782
1870367970.000,OLV,recording,shake_phone,9,0.821298,2.562246,2.391822,-2.850557,2.079480,-0.365355
1870367980.000,OLV,recording,shake_phone,9,-0.001927,2.319418,4.145780,-3.054906,2.503824,-0.146087
1870367990.000,OLV,recording,shake_phone,9,-0.430705,1.953464,6.019619,-3.287888,2.818193,0.081058
1870368000.000,OLV,recording,shake_phone,9,-0.543256,1.519881,8.073305,-3.526411,3.044132,0.275018
1870368010.000,OLV,recording,shake_phone,9,-0.451780,1.051964,10.372239,-3.732222,3.208588,0.405131
1870368020.000,OLV,recording,shake_phone,9,-0.320446,0.726491,12.793459,-3.871119,3.333685,0.459836
1870368030.000,OLV,recording,shake_phone,9,-0.278843,0.583182,15.604538,-3.917593,3.400441,0.442937
1870368040.000,OLV,recording,shake_phone,9,-0.248862,0.637255,19.360078,-3.838546,3.322715,0.365567
1870368050.000,OLV,recording,shake_phone,9,-0.935599,0.832220,21.951504,-3.648848,3.098287,0.266087
1870368060.000,OLV,recording,shake_phone,9,-2.040798,0.304264,24.697789,-3.295356,2.721962,0.192617
1870368070.000,OLV,recording,shake_phone,9,-2.833165,-0.715975,29.025922,-2.659722,2.256033,0.169790
1870368080.000,OLV,recording,shake_phone,9,-3.520577,-0.981619,31.254255,-1.747468,1.780523,0.188925
1870368090.000,OLV,recording,shake_phone,9,-3.586155,-0.675311,30.801823,-0.706532,1.242717,0.210632
1870368100.000,OLV,recording,shake_phone,9,-3.367865,-0.222216,28.613421,0.259334,0.658975,0.213448
1870368110.000,OLV,recording,shake_phone,9,-3.239809,0.236494,25.813970,1.030785,0.035600,0.206749
1870368120.000,OLV,recording,shake_phone,9,-2.956962,0.698615,22.709779,1.587304,-0.648969,0.197905
1870368130.000,OLV,recording,shake_phone,9,-2.285936,1.115281,19.668110,1.950131,-1.349118,0.174902
1870368140.000,OLV,recording,shake_phone,9,-1.656755,1.341762,16.492271,2.145232,-1.960583,0.126726
1870368150.000,OLV,recording,shake_phone,9,-1.326201,1.383923,13.312410,2.208228,-2.385960,0.065757
1870368160.000,OLV,recording,shake_phone,9,-1.109770,1.419965,10.471619,2.186037,-2.583924,0.027090
1870368170.000,OLV,recording,shake_phone,9,-1.021649,1.523716,8.101710,2.123345,-2.557560,0.049716
1870368180.000,OLV,recording,shake_phone,9,-0.763090,1.626036,6.376911,2.060039,-2.343455,0.140821
1870368190.000,OLV,recording,shake_phone,9,-0.161895,1.659884,5.217258,2.023189,-2.014245,0.264832
1870368200.000,OLV,recording,shake_phone,9,0.419710,1.629168,4.412116,2.016283,-1.655015,0.379855
1870368210.000,OLV,recording,shake_phone,9,0.801943,1.572258,3.688031,2.011919,-1.336686,0.461434
1870368220.000,OLV,recording,shake_phone,9,1.252343,1.465239,2.868139,1.958483,-1.107211,0.489588
1870368230.000,OLV,recording,shake_phone,9,1.784372,1.239439,1.855599,1.808762,-0.977596,0.446738
1870368240.000,OLV,recording,shake_phone,9,2.114476,1.004031,0.790056,1.549135,-0.921212,0.335190
1870368250.000,OLV,recording,shake_phone,9,2.151268,0.905118,0.035014,1.206654,-0.909232,0.178720
1870368260.000,OLV,recording,shake_phone,9,2.155998,0.964795,-0.241811,0.830026,-0.926081,-0.002985
1870368270.000,OLV,recording,shake_phone,9,2.253131,1.062940,-0.218981,0.460882,-0.962210,-0.205225
1870368280.000,OLV,recording,shake_phone,9,2.326851,1.123910,-0.076430,0.125769,-1.005227,-0.421252
1870368290.000,OLV,recording,shake_phone,9,2.332302,1.174339,-0.033880,-0.167449,-1.031127,-0.632723
1870368300.000,OLV,recording,shake_phone,9,2.299181,1.261291,-0.256984,-0.429463,-0.996226,-0.818252
1870368310.000,OLV,recording,shake_phone,9,2.231045,1.368033,-0.666877,-0.675217,-0.843856,-0.956279
1870368320.000,OLV,recording,shake_phone,9,2.017362,1.439769,-0.934725,-0.913637,-0.543140,-1.028916
1870368330.000,OLV,recording,shake_phone,9,1.659692,1.459460,-0.785236,-1.146736,-0.107055,-1.027534
1870368340.000,OLV,recording,shake_phone,9,1.267820,1.492512,-0.088035,-1.371198,0.416589,-0.954081
1870368350.000,OLV,recording,shake_phone,9,0.866414,1.543854,1.069622,-1.579009,0.935676,-0.829873
1870368360.000,OLV,recording,shake_phone,9,0.391521,1.522715,2.416268,-1.777466,1.374287,-0.687212
1870368370.000,OLV,recording,shake_phone,9,-0.085338,1.380384,3.813879,-1.990033,1.723653,-0.551955
1870368380.000,OLV,recording,shake_phone,9,-0.307584,1.272500,5.306380,-2.227556,1.992910,-0.448123
1870368390.000,OLV,recording,shake_phone,9,-0.311962,1.296700,7.025364,-2.481356,2.188417,-0.388422
1870368400.000,OLV,recording,shake_phone,10,-0.415796,1.285639,8.871796,-2.737564,2.333310,-0.366576
1870368410.000,OLV,recording,shake_phone,10,-0.748738,1.119242,10.700055,-2.984591,2.448825,-0.367044
1870368420.000,OLV,recording,shake_phone,10,-1.270691,0.923245,12.741587,-3.192215,2.510521,-0.364800
1870368430.000,OLV,recording,shake_phone,10,-1.828843,0.852479,15.540068,-3.284733,2.462837,-0.325483
1870368440.000,OLV,recording,shake_phone,10,-2.192635,0.881423,19.984333,-3.128889,2.268133,-0.224128
1870368450.000,OLV,recording,shake_phone,10,-2.130763,0.969912,23.978471,-2.643416,1.960127,-0.076330
1870368460.000,OLV,recording,shake_phone,10,-1.891853,0.835418,24.704296,-1.941654,1.593631,0.074346
1870368470.000,OLV,recording,shake_phone,10,-1.540198,0.477828,24.564608,-1.213128,1.259262,0.192767
1870368480.000,OLV,recording,shake_phone,10,-1.070954,0.424412,24.686617,-0.560311,1.023275,0.252092
1870368490.000,OLV,recording,shake_phone,10,-1.024768,0.521830,24.446123,0.012992,0.821271,0.242876
1870368500.000,OLV,recording,shake_phone,10,-1.391796,0.370674,24.357407,0.542120,0.573368,0.179111
1870368510.000,OLV,recording,shake_phone,10,-1.682320,0.213091,23.873189,1.042001,0.229031,0.078963
1870368520.000,OLV,recording,shake_phone,10,-1.878118,0.373046,22.892519,1.511217,-0.247710,-0.036714
1870368530.000,OLV,recording,shake_phone,10,-2.121388,0.738223,21.125031,1.922116,-0.845439,-0.148783
1870368540.000,OLV,recording,shake_phone,10,-2.117869,1.072865,18.603352,2.221651,-1.487736,-0.250088
1870368550.000,OLV,recording,shake_phone,10,-1.977293,1.398364,15.715368,2.378075,-2.074521,-0.335615
1870368560.000,OLV,recording,shake_phone,10,-1.973941,1.659939,13.013660,2.415777,-2.540688,-0.395034
1870368570.000,OLV,recording,shake_phone,10,-1.813419,1.692506,10.806079,2.395266,-2.859423,-0.422528
1870368580.000,OLV,recording,shake_phone,10,-1.599124,1.596037,8.792066,2.366326,-2.998564,-0.407145
1870368590.000,OLV,recording,shake_phone,10,-2.080886,1.836089,6.599072,2.337141,-2.915734,-0.294655
1870368600.000,OLV,recording,shake_phone,10,-2.519567,2.456342,4.373699,2.298491,-2.603001,-0.045751
1870368610.000,OLV,recording,shake_phone,10,-2.060253,2.814540,2.534432,2.244346,-2.109545,0.295175
1870368620.000,OLV,recording,shake_phone,10,-0.927806,2.559903,1.483616,2.161571,-1.544107,0.634452
1870368630.000,OLV,recording,shake_phone,10,0.461755,1.940312,1.173270,2.031269,-1.029646,0.875622
1870368640.000,OLV,recording,shake_phone,10,1.600673,1.341097,0.998654,1.837346,-0.642755,0.959127
1870368650.000,OLV,recording,shake_phone,10,2.402258,0.972970,0.668321,1.570245,-0.391155,0.882526
1870368660.000,OLV,recording,shake_phone,10,2.825368,0.832960,0.253955,1.228025,-0.240217,0.686557
1870368670.000,OLV,recording,shake_phone,10,2.759087,0.748225,-0.158551,0.820697,-0.157534,0.434079
1870368680.000,OLV,recording,shake_phone,10,2.332313,0.651510,-0.492034,0.366959,-0.119828,0.189131
1870368690.000,OLV,recording,shake_phone,10,1.821946,0.580911,-0.625900,-0.108137,-0.113529,-0.006578
1870368700.000,OLV,recording,shake_phone,10,1.514058,0.566784,-0.413264,-0.577051,-0.126439,-0.145550
1870368710.000,OLV,recording,shake_phone,10,1.557355,0.576302,0.119726,-1.009399,-0.137975,-0.247031
1870368720.000,OLV,recording,shake_phone,10,1.787065,0.592301,0.906819,-1.367136,-0.118433,-0.334332
1870368730.000,OLV,recording,shake_phone,10,1.947791,0.600175,1.847499,-1.617062,-0.038820,-0.417562
1870368740.000,OLV,recording,shake_phone,10,1.962797,0.570478,2.774243,-1.744443,0.109186,-0.496327
1870368750.000,OLV,recording,shake_phone,10,1.884813,0.571786,3.565377,-1.756735,0.308088,-0.568000
1870368760.000,OLV,recording,shake_phone,10,1.709466,0.584265,4.071799,-1.686173,0.545096,-0.628193
1870368770.000,OLV,recording,shake_phone,10,1.332973,0.618343,4.317548,-1.586764,0.830322,-0.670642
1870368780.000,OLV,recording,shake_phone,10,0.758379,0.697641,4.484817,-1.518163,1.159211,-0.684506
1870368790.000,OLV,recording,shake_phone,10,0.018362,0.730057,4.740590,-1.529351,1.494211,-0.653872
1870368800.000,OLV,recording,shake_phone,10,-0.650670,0.625269,5.244406,-1.648906,1.797944,-0.572068
1870368810.000,OLV,recording,shake_phone,10,-0.939541,0.440012,6.226202,-1.864640,2.030272,-0.455681
1870368820.000,OLV,recording,shake_phone,10,-0.884934,0.341603,7.646474,-2.116141,2.155334,-0.339951
1870368830.000,OLV,recording,shake_phone,10,-0.623040,0.376407,9.424151,-2.323716,2.172814,-0.261285
1870368840.000,OLV,recording,shake_phone,10,-0.129605,0.556475,11.770963,-2.419786,2.106184,-0.242891
1870368850.000,OLV,recording,shake_phone,10,0.369239,0.945460,13.572398,-2.397090,2.018174,-0.281019
1870368860.000,OLV,recording,shake_phone,10,0.423309,1.330272,14.428035,-2.306596,1.962635,-0.340922
1870368870.000,OLV,recording,shake_phone,10,0.115194,1.524669,15.226600,-2.212337,1.968896,-0.378870
1870368880.000,OLV,recording,shake_phone,10,-0.491216,1.582172,16.183165,-2.164803,2.071597,-0.359609
1870368890.000,OLV,recording,shake_phone,10,-1.393538,1.417654,18.200217,-2.137554,2.219402,-0.267157
1870368900.000,OLV,recording,shake_phone,10,-2.535548,0.931133,21.504865,-2.008316,2.300240,-0.101665
1870368910.000,OLV,recording,shake_phone,10,-3.940863,0.118526,25.151642,-1.643663,2.260757,0.121752
1870368920.000,OLV,recording,shake_phone,10,-4.837769,-0.751525,27.484859,-1.036427,2.063293,0.342096
1870368930.000,OLV,recording,shake_phone,10,-4.872386,-1.278151,28.257271,-0.287736,1.665425,0.498603
1870368940.000,OLV,recording,shake_phone,10,-4.610043,-1.342002,27.924582,0.489654,1.070436,0.575755
1870368950.000,OLV,recording,shake_phone,10,-4.251874,-1.104668,26.092692,1.185621,0.318710,0.573666
1870368960.000,OLV,recording,shake_phone,10,-3.812362,-0.774805,23.070985,1.706859,-0.502430,0.501397
1870368970.000,OLV,recording,shake_phone,10,-3.487371,-0.396204,19.609873,2.006747,-1.290755,0.384650
1870368980.000,OLV,recording,shake_phone,10,-3.277396,-0.068165,16.477231,2.107585,-1.989168,0.258946
1870368990.000,OLV,recording,shake_phone,10,-2.981959,0.098688,13.723490,2.068517,-2.557402,0.151509
1870369000.000,OLV,recording,shake_phone,10,-2.656069,0.233024,11.268993,1.951851,-2.934816,0.080414
1870369010.000,OLV,recording,shake_phone,10,-2.383217,0.413337,9.257725,1.821393,-3.079397,0.060836
1870369020.000,OLV,recording,shake_phone,10,-2.092412,0.520105,7.824238,1.733602,-3.012728,0.097147
1870369030.000,OLV,recording,shake_phone,10,-1.572822,0.437258,6.896640,1.720782,-2.812540,0.166427
1870369040.000,OLV,recording,shake_phone,10,-0.896491,0.207507,6.248100,1.786790,-2.556781,0.229150
1870369050.000,OLV,recording,shake_phone,10,-0.528569,0.019963,5.521715,1.906163,-2.286207,0.262275
1870369060.000,OLV,recording,shake_phone,10,-0.316276,-0.014441,4.636450,2.042639,-2.028396,0.259717
1870369070.000,OLV,recording,shake_phone,10,0.059711,0.002985,3.673763,2.159228,-1.806904,0.214778
1870369080.000,OLV,recording,shake_phone,10,0.407066,0.005292,2.628055,2.221452,-1.624052,0.128177
1870369090.000,OLV,recording,shake_phone,10,0.641875,0.032933,1.523051,2.206880,-1.468797,0.013501
1870369100.000,OLV,recording,shake_phone,10,0.765495,0.114563,0.357576,2.100476,-1.318208,-0.111255
1870369110.000,OLV,recording,shake_phone,10,0.792679,0.269330,-0.775033,1.896639,-1.150393,-0.226332
1870369120.000,OLV,recording,shake_phone,10,0.736515,0.522092,-1.685239,1.603474,-0.961739,-0.312684
1870369130.000,OLV,recording,shake_phone,10,0.743040,0.780164,-2.285297,1.241733,-0.752518,-0.361276
1870369140.000,OLV,recording,shake_phone,10,0.913519,0.998553,-2.471509,0.839797,-0.531418,-0.376027
1870369150.000,OLV,recording,shake_phone,10,1.286405,1.138496,-2.049825,0.432352,-0.334642,-0.372138
1870369160.000,OLV,recording,shake_phone,10,1.740134,1.166715,-1.211772,0.046470,-0.179850,-0.372223
1870369170.000,OLV,recording,shake_phone,10,1.954871,1.334149,-0.753080,-0.323471,0.004292,-0.385364
1870369180.000,OLV,recording,shake_phone,10,1.943317,1.617362,-0.672280,-0.699371,0.292105,-0.404203
1870369190.000,OLV,recording,shake_phone,10,1.761394,1.709895,-0.340443,-1.097445,0.671163,-0.425039
1870369200.000,OLV,recording,shake_phone,10,1.352112,1.555348,0.338343,-1.525352,1.092779,-0.444670
1870369210.000,OLV,recording,shake_phone,10,0.852158,1.313922,1.442912,-1.952163,1.494174,-0.456756
1870369220.000,OLV,recording,shake_phone,10,0.333078,1.215223,2.885657,-2.341621,1.851420,-0.457468
1870369230.000,OLV,recording,shake_phone,10,-0.163545,1.307359,4.671098,-2.687148,2.193476,-0.443496
1870369240.000,OLV,recording,shake_phone,10,-0.636414,1.440888,7.025694,-2.974108,2.520164,-0.406538
1870369250.000,OLV,recording,shake_phone,10,-1.091708,1.481744,10.207701,-3.164593,2.793273,-0.336271
1870369260.000,OLV,recording,shake_phone,10,-1.385973,1.315360,14.159905,-3.179990,2.981483,-0.233168
1870369270.000,OLV,recording,shake_phone,10,-1.629964,0.871166,19.780138,-2.869789,3.059544,-0.112533
1870369280.000,OLV,recording,shake_phone,10,-1.853729,0.522315,23.612617,-2.189303,3.010027,-0.003184
1870369290.000,OLV,recording,shake_phone,10,-2.337701,0.242680,23.943492,-1.316059,2.825383,0.082923
1870369300.000,OLV,recording,shake_phone,10,-2.893106,0.120282,24.586236,-0.450957,2.579936,0.152966
1870369310.000,OLV,recording,shake_phone,10,-3.046161,0.628369,24.340271,0.252457,2.335305,0.196569
1870369320.000,OLV,recording,shake_phone,10,-3.523503,1.273150,23.310466,0.718698,2.000726,0.209239
1870369330.000,OLV,recording,shake_phone,10,-4.231723,1.632209,22.445166,0.973554,1.466962,0.205881
1870369340.000,OLV,recording,shake_phone,10,-4.685568,1.712796,21.493913,1.077341,0.732924,0.193348
1870369350.000,OLV,recording,shake_phone,10,-4.528022,1.668520,20.822547,1.118103,-0.110309,0.161647
1870369360.000,OLV,recording,shake_phone,10,-3.803976,1.612840,20.214237,1.190796,-0.963741,0.090597
1870369370.000,OLV,recording,shake_phone,10,-3.148292,1.475047,19.046380,1.341834,-1.740241,-0.022530
1870369380.000,OLV,recording,shake_phone,10,-2.779406,1.374067,17.094009,1.545825,-2.368789,-0.151645
1870369390.000,OLV,recording,shake_phone,10,-2.432277,1.371308,14.806376,1.751572,-2.809655,-0.268709
1870369400.000,OLV,recording,shake_phone,10,-2.153582,1.362668,12.644685,1.929446,-3.048940,-0.353560
1870369410.000,OLV,recording,shake_phone,10,-1.844789,1.305963,10.678046,2.074742,-3.095312,-0.393751
1870369420.000,OLV,recording,shake_phone,10,-1.457168,1.245176,8.944454,2.191905,-2.976455,-0.389466
1870369430.000,OLV,recording,shake_phone,10,-1.189834,1.306943,7.476580,2.287393,-2.735290,-0.346381
1870369440.000,OLV,recording,shake_phone,10,-0.963386,1.476736,6.269317,2.362912,-2.432583,-0.271614
1870369450.000,OLV,recording,shake_phone,10,-0.630442,1.631847,5.264907,2.410016,-2.127949,-0.181002
1870369460.000,OLV,recording,shake_phone,10,-0.241217,1.712054,4.322847,2.413880,-1.855678,-0.097470
1870369470.000,OLV,recording,shake_phone,10,0.005780,1.713080,3.292176,2.356286,-1.621396,-0.031859
1870369480.000,OLV,recording,shake_phone,10,0.021484,1.722860,2.256883,2.224629,-1.415006,0.022718
1870369490.000,OLV,recording,shake_phone,10,0.032897,1.794614,1.386413,2.013456,-1.229660,0.074422
1870369500.000,OLV,recording,shake_phone,10,0.264335,1.854568,0.748752,1.739293,-1.083067,0.110821
1870369510.000,OLV,recording,shake_phone,10,0.608824,1.854293,0.319513,1.427924,-0.984118,0.113193
1870369520.000,OLV,recording,shake_phone,10,0.939335,1.848191,-0.010311,1.092076,-0.908916,0.076261
1870369530.000,OLV,recording,shake_phone,10,1.281855,1.883635,-0.358291,0.740919,-0.822685,0.002382
1870369540.000,OLV,recording,shake_phone,10,1.493760,1.944569,-0.675646,0.381194,-0.700470,-0.095240
1870369550.000,OLV,recording,shake_phone,10,1.484565,2.030655,-0.843383,0.016094,-0.531128,-0.192011
1870369560.000,OLV,recording,shake_phone,10,1.385355,2.140609,-0.827257,-0.357044,-0.315870,-0.266697
1870369570.000,OLV,recording,shake_phone,10,1.289478,2.268974,-0.642131,-0.740535,-0.063709,-0.306847
1870369580.000,OLV,recording,shake_phone,10,1.173811,2.384278,-0.255137,-1.123038,0.213567,-0.310706
1870369590.000,OLV,recording,shake_phone,10,0.975699,2.467088,0.369286,-1.485143,0.508790,-0.286589
1870369600.000,OLV,recording,shake_phone,10,0.692724,2.555187,1.219695,-1.816361,0.826836,-0.245776
1870369610.000,OLV,recording,shake_phone,10,0.327455,2.630072,2.193619,-2.123346,1.169998,-0.193347
1870369620.000,OLV,recording,shake_phone,10,-0.172399,2.645649,3.171267,-2.429811,1.535661,-0.121128
1870369630.000,OLV,recording,shake_phone,10,-0.790990,2.560377,4.156911,-2.766031,1.920927,-0.012667
1870369640.000,OLV,recording,shake_phone,10,-1.314917,2.298702,5.419783,-3.147326,2.308113,0.142032
1870369650.000,OLV,recording,shake_phone,10,-1.600832,1.869641,7.210275,-3.550535,2.666097,0.333101
1870369660.000,OLV,recording,shake_phone,10,-1.822555,1.279269,9.736858,-3.912964,2.976536,0.533856
1870369670.000,OLV,recording,shake_phone,10,-2.041467,0.600053,12.887093,-4.159715,3.249116,0.713057
1870369680.000,OLV,recording,shake_phone,10,-2.336047,0.045626,16.506186,-4.196115,3.449747,0.843189
1870369690.000,OLV,recording,shake_phone,10,-2.386502,-0.320223,21.887656,-3.899153,3.477937,0.904853
1870369700.000,OLV,recording,shake_phone,10,-2.892309,-0.386588,24.960245,-3.292718,3.386457,0.907715
1870369710.000,OLV,recording,shake_phone,10,-3.926767,-0.632619,25.366059,-2.506305,3.165012,0.887742
1870369720.000,OLV,recording,shake_phone,10,-4.562259,-1.325104,27.039731,-1.609823,2.760190,0.872370
1870369730.000,OLV,recording,shake_phone,10,-5.223129,-1.699877,27.116670,-0.695509,2.216704,0.871488
1870369740.000,OLV,recording,shake_phone,10,-5.575789,-1.659986,25.660143,0.110078,1.555223,0.857093
1870369750.000,OLV,recording,shake_phone,10,-5.437187,-1.367235,23.612600,0.711537,0.848187,0.785035
1870369760.000,OLV,recording,shake_phone,10,-5.022779,-0.836484,21.576746,1.089124,0.096573,0.647816
1870369770.000,OLV,recording,shake_phone,10,-4.586419,-0.294813,19.524030,1.292557,-0.733658,0.475615
1870369780.000,OLV,recording,shake_phone,10,-4.116521,0.092732,17.607767,1.394154,-1.569546,0.311920
1870369790.000,OLV,recording,shake_phone,10,-3.499164,0.335301,15.760622,1.457450,-2.317946,0.171816
1870369800.000,OLV,recording,shake_phone,10,-2.816206,0.413432,13.952135,1.525180,-2.946026,0.043672
1870369810.000,OLV,recording,shake_phone,10,-2.238043,0.427289,12.240522,1.617569,-3.427938,-0.079395
1870369820.000,OLV,recording,shake_phone,10,-1.754945,0.450687,10.844139,1.747327,-3.766813,-0.194336
1870369830.000,OLV,recording,shake_phone,10,-1.258294,0.420273,9.683100,1.923003,-3.980127,-0.298838
1870369840.000,OLV,recording,shake_phone,10,-0.744247,0.467028,8.324743,2.130303,-4.049807,-0.392545
1870369850.000,OLV,recording,shake_phone,10,-0.476680,0.779642,6.589301,2.330057,-3.932311,-0.456466
1870369860.000,OLV,recording,shake_phone,10,-0.470168,1.235732,4.675087,2.481297,-3.618978,-0.458839
1870369870.000,OLV,recording,shake_phone,10,-0.428591,1.533271,2.782548,2.555781,-3.152509,-0.383460
1870369880.000,OLV,recording,shake_phone,10,-0.320122,1.673201,1.175622,2.545077,-2.600821,-0.239328
1870369890.000,OLV,recording,shake_phone,10,-0.049676,1.793416,0.162817,2.464271,-2.046996,-0.058869
1870369900.000,OLV,recording,shake_phone,10,0.514707,1.933768,-0.312932,2.339923,-1.565034,0.110822
1870369910.000,OLV,recording,shake_phone,10,1.235468,2.051938,-0.587783,2.189873,-1.182405,0.228078
1870369920.000,OLV,recording,shake_phone,10,1.880532,2.229183,-0.906641,2.018665,-0.881662,0.277171
1870369930.000,OLV,recording,shake_phone,10,2.309716,2.555096,-1.426277,1.815169,-0.623943,0.269500
1870369940.000,OLV,recording,shake_phone,10,2.572696,2.874818,-2.143352,1.552857,-0.370805,0.222953
1870369950.000,OLV,recording,shake_phone,10,2.747268,2.931173,-2.865258,1.207077,-0.096477,0.150760
1870369960.000,OLV,recording,shake_phone,10,2.779199,2.775470,-3.339199,0.768531,0.220738,0.068293
1870369970.000,OLV,recording,shake_phone,10,2.697582,2.676838,-3.366301,0.242619,0.600416,-0.008254
1870369980.000,OLV,recording,shake_phone,10,2.544401,2.722579,-2.937999,-0.354577,1.044121,-0.070178
1870369990.000,OLV,recording,shake_phone,10,2.200051,2.813645,-2.075712,-0.999443,1.538957,-0.115641
1870370000.000,OLV,recording,shake_phone,10,1.668667,2.777635,-0.913118,-1.668029,2.077102,-0.147810
1870370010.000,OLV,recording,shake_phone,10,0.943193,2.558574,0.437518,-2.338153,2.655389,-0.172739
1870370020.000,OLV,recording,shake_phone,10,-0.311113,2.183696,2.794148,-2.962734,3.227706,-0.179538
1870370030.000,OLV,recording,shake_phone,10,-1.872531,1.727271,6.099921,-3.476619,3.707036,-0.137324
1870370040.000,OLV,recording,shake_phone,10,-3.678111,1.411507,7.897743,-3.923594,4.085909,-0.015010
1870370050.000,OLV,recording,shake_phone,10,-5.351385,1.052036,9.308075,-4.366725,4.301617,0.203610
1870370060.000,OLV,recording,shake_phone,10,-6.312603,0.208615,11.818406,-4.779992,4.260453,0.503640
1870370070.000,OLV,recording,shake_phone,10,-6.963415,-0.970562,14.383610,-5.083109,4.009952,0.830638
1870370080.000,OLV,recording,shake_phone,10,-7.272180,-2.134695,17.650216,-5.157756,3.655025,1.125653
1870370090.000,OLV,recording,shake_phone,10,-7.126303,-3.042601,21.039831,-4.915804,3.302255,1.342242
1870370100.000,OLV,recording,shake_phone,10,-6.461424,-3.592403,23.813154,-4.326695,2.983477,1.441688
1870370110.000,OLV,recording,shake_phone,10,-5.337190,-3.939349,25.569564,-3.430939,2.668746,1.408445
1870370120.000,OLV,recording,shake_phone,10,-4.173702,-4.099510,26.515509,-2.316715,2.319032,1.251655
1870370130.000,OLV,recording,shake_phone,10,-3.521576,-3.891377,26.655900,-1.098880,1.883387,1.008959
1870370140.000,OLV,recording,shake_phone,10,-3.531907,-3.498289,25.597730,0.074034,1.325085,0.734718
1870370150.000,OLV,recording,shake_phone,10,-3.983389,-3.167222,23.311753,1.040622,0.654942,0.469891
1870370160.000,OLV,recording,shake_phone,10,-4.404435,-2.832863,20.382272,1.700042,-0.099851,0.234058
1870370170.000,OLV,recording,shake_phone,10,-4.539458,-2.384333,17.526526,2.051973,-0.905666,0.033432
1870370180.000,OLV,recording,shake_phone,10,-4.474174,-1.877885,15.184848,2.166820,-1.709010,-0.135055
1870370190.000,OLV,recording,shake_phone,10,-4.242842,-1.362138,13.554501,2.146574,-2.456849,-0.277012
1870370200.000,OLV,recording,shake_phone,10,-3.821050,-0.906751,12.532066,2.094559,-3.098492,-0.397140
1870370210.000,OLV,recording,shake_phone,10,-3.287595,-0.539045,11.815299,2.087266,-3.589085,-0.500630
1870370220.000,OLV,recording,shake_phone,10,-2.833773,-0.260683,11.050474,2.158393,-3.910341,-0.587947
1870370230.000,OLV,recording,shake_phone,10,-2.466377,-0.092857,10.102399,2.305251,-4.075814,-0.655107
1870370240.000,OLV,recording,shake_phone,10,-2.133260,-0.017121,8.989963,2.503305,-4.104636,-0.695847
1870370250.000,OLV,recording,shake_phone,10,-1.808493,0.055840,7.575116,2.716633,-3.990866,-0.701498
1870370260.000,OLV,recording,shake_phone,10,-1.474875,0.242846,5.893851,2.910049,-3.723943,-0.668198
1870370270.000,OLV,recording,shake_phone,10,-1.140379,0.522109,4.376457,3.065273,-3.328952,-0.596698
1870370280.000,OLV,recording,shake_phone,10,-0.771512,0.836859,3.181649,3.181414,-2.866714,-0.490060
1870370290.000,OLV,recording,shake_phone,10,-0.410900,1.156286,2.176215,3.258692,-2.401544,-0.353033
1870370300.000,OLV,recording,shake_phone,10,-0.007212,1.639008,0.877158,3.273393,-1.947510,-0.192446
1870370310.000,OLV,recording,shake_phone,10,0.660977,2.365970,-0.931792,3.172833,-1.467046,-0.022481
1870370320.000,OLV,recording,shake_phone,10,1.617781,3.107886,-2.557562,2.912046,-0.937469,0.133438
1870370330.000,OLV,recording,shake_phone,10,2.434514,3.530475,-3.928813,2.456243,-0.348605,0.253878
1870370340.000,OLV,recording,shake_phone,10,2.956568,3.539674,-5.029410,1.781426,0.295326,0.328343
1870370350.000,OLV,recording,shake_phone,10,3.177546,3.321518,-4.902804,0.966366,0.907496,0.354357
1870370360.000,OLV,recording,shake_phone,10,2.732222,3.077462,-3.872654,0.130304,1.432428,0.345350
1870370370.000,OLV,recording,shake_phone,10,1.944455,2.990041,-2.888413,-0.674993,1.904974,0.318948
1870370380.000,OLV,recording,shake_phone,10,1.440658,2.982403,-1.924923,-1.432518,2.332514,0.274174
1870370390.000,OLV,recording,shake_phone,10,1.131138,2.791574,-0.757934,-2.158958,2.707414,0.203223
1870370400.000,OLV,recording,shake_phone,10,0.614788,2.294989,0.653770,-2.879416,3.044953,0.109719
1870370410.000,OLV,recording,shake_phone,10,-0.441664,1.498807,2.951218,-3.558560,3.324174,0.013509
1870370420.000,OLV,recording,shake_phone,10,-1.829688,0.633473,6.463893,-4.105723,3.475651,-0.057766
1870370430.000,OLV,recording,shake_phone,10,-3.076866,0.094654,9.175962,-4.513605,3.544326,-0.084822
1870370440.000,OLV,recording,shake_phone,10,-4.271026,-0.187855,11.176256,-4.805684,3.571847,-0.061916
1870370450.000,OLV,recording,shake_phone,10,-5.238336,-0.643879,13.665223,-4.950974,3.513237,0.007270
1870370460.000,OLV,recording,shake_phone,10,-5.945982,-1.442429,16.035999,-4.923902,3.378911,0.120449
1870370470.000,OLV,recording,shake_phone,10,-6.460985,-2.346711,18.715900,-4.683030,3.186707,0.272980
1870370480.000,OLV,recording,shake_phone,10,-6.689947,-2.943624,21.465879,-4.177236,2.954704,0.446855
1870370490.000,OLV,recording,shake_phone,10,-6.658337,-3.133906,24.022073,-3.388796,2.683358,0.608776
1870370500.000,OLV,recording,shake_phone,10,-6.405790,-3.206171,25.730579,-2.359617,2.329936,0.721135
1870370510.000,OLV,recording,shake_phone,10,-5.894938,-3.357618,26.222428,-1.189534,1.858179,0.762359
1870370520.000,OLV,recording,shake_phone,10,-5.078108,-3.362688,25.276372,-0.017212,1.282733,0.723953
1870370530.000,OLV,recording,shake_phone,10,-4.343533,-2.964876,23.187982,1.012346,0.638741,0.609339
1870370540.000,OLV,recording,shake_phone,10,-4.224874,-2.231189,20.524782,1.783187,-0.067533,0.450990
1870370550.000,OLV,recording,shake_phone,10,-4.450611,-1.644890,17.597618,2.244708,-0.854504,0.293645
1870370560.000,OLV,recording,shake_phone,10,-4.476669,-1.354704,14.962250,2.432578,-1.702913,0.154453
1870370570.000,OLV,recording,shake_phone,10,-4.258788,-1.072094,12.955958,2.441956,-2.523136,0.027128
1870370580.000,OLV,recording,shake_phone,10,-3.726716,-0.701442,11.602475,2.380129,-3.213273,-0.098501
1870370590.000,OLV,recording,shake_phone,10,-2.981660,-0.355000,10.741886,2.333544,-3.714758,-0.227694
1870370600.000,OLV,recording,shake_phone,10,-2.246597,-0.127295,9.919876,2.349913,-4.010152,-0.355917
1870370610.000,OLV,recording,shake_phone,10,-1.642630,0.052005,8.771706,2.433501,-4.094001,-0.469680
1870370620.000,OLV,recording,shake_phone,10,-1.167604,0.267308,7.339660,2.564162,-3.969606,-0.549103
1870370630.000,OLV,recording,shake_phone,10,-0.708340,0.549439,6.029116,2.727847,-3.664886,-0.577892
1870370640.000,OLV,recording,shake_phone,10,-0.275176,0.795930,5.089582,2.920832,-3.240174,-0.553381
1870370650.000,OLV,recording,shake_phone,10,0.355796,0.846864,4.424848,3.154963,-2.729940,-0.498879
1870370660.000,OLV,recording,shake_phone,10,1.380399,0.750190,3.739952,3.435248,-2.135745,-0.459475
1870370670.000,OLV,recording,shake_phone,10,2.263465,0.670252,2.768153,3.698798,-1.500546,-0.463803
1870370680.000,OLV,recording,shake_phone,10,2.554051,0.656433,1.395372,3.850104,-0.843114,-0.505803
1870370690.000,OLV,recording,shake_phone,10,2.284208,0.815498,0.112037,3.858468,-0.117283,-0.556772
1870370700.000,OLV,recording,shake_phone,10,1.776629,1.068910,0.139740,3.760647,0.639725,-0.594403
1870370710.000,OLV,recording,shake_phone,10,1.305292,1.212493,1.405675,3.607955,1.339532,-0.610962
1870370720.000,OLV,recording,shake_phone,10,0.184202,1.841947,2.397298,3.450693,2.003968,-0.557978
1870370730.000,OLV,recording,shake_phone,10,-1.102110,3.032985,3.270571,3.345563,2.620446,-0.389799
1870370740.000,OLV,recording,shake_phone,10,-1.648033,4.273700,4.418515,3.321087,3.109903,-0.139567
1870370750.000,OLV,recording,shake_phone,10,-1.637323,5.310975,5.290365,3.355605,3.433953,0.118127
1870370760.000,OLV,recording,shake_phone,10,-1.220355,5.666877,5.965654,3.407702,3.573353,0.310883
1870370770.000,OLV,recording,shake_phone,10,-0.637074,5.359597,6.235691,3.434906,3.561322,0.390666
1870370780.000,OLV,recording,shake_phone,10,0.020721,4.681531,6.038892,3.420375,3.462661,0.343068
1870370790.000,OLV,recording,shake_phone,10,0.638744,4.116560,5.769723,3.386435,3.343646,0.171903
1870370800.000,OLV,recording,shake_phone,10,0.765127,4.352770,5.617520,3.347832,3.253970,-0.110648
1870370810.000,OLV,recording,shake_phone,10,-0.924947,6.477515,3.845243,2.951725,2.694946,-0.481356
1870370820.000,OLV,recording,shake_phone,10,-6.490229,11.094794,-0.174400,1.491875,0.780424,-0.835559
1870370830.000,OLV,recording,shake_phone,10,-8.719146,11.508153,1.715725,-0.280787,-1.007452,-0.827854
1870370840.000,OLV,recording,shake_phone,10,-5.410787,9.245821,6.124265,-1.248592,-1.189795,-0.513397
1870370850.000,OLV,recording,shake_phone,10,-3.565625,9.479826,5.077423,-1.723378,-0.593387,-0.305804
1870370860.000,OLV,recording,shake_phone,10,-1.629084,8.184927,4.086737,-2.129901,0.136063,-0.256626
1870370870.000,OLV,recording,shake_phone,10,-0.196257,6.885535,4.542982,-2.552670,0.762281,-0.297555
1870370880.000,OLV,recording,shake_phone,10,-0.645174,6.251963,6.238892,-2.952085,1.266610,-0.373716
1870370890.000,OLV,recording,shake_phone,10,-2.395497,6.387230,8.003883,-3.294627,1.650175,-0.402200
1870370900.000,OLV,recording,shake_phone,10,-4.357810,6.497798,10.721468,-3.512307,1.850887,-0.321265
1870370910.000,OLV,recording,shake_phone,10,-5.798396,6.532088,13.725862,-3.520041,1.811443,-0.152410
1870370920.000,OLV,recording,shake_phone,10,-5.870107,6.370823,15.002633,-3.306980,1.486001,0.000013
1870370930.000,OLV,recording,shake_phone,10,-5.241644,6.069649,14.923887,-2.882706,0.898077,0.082508
1870370940.000,OLV,recording,shake_phone,10,-4.890735,5.832415,14.477104,-2.262524,0.188092,0.133030
1870370950.000,OLV,recording,shake_phone,10,-4.864364,5.800609,14.038599,-1.516912,-0.538652,0.194496
1870370960.000,OLV,recording,shake_phone,10,-4.685947,5.877836,13.887957,-0.724366,-1.242747,0.271373
1870370970.000,OLV,recording,shake_phone,10,-4.165413,5.862087,13.521932,0.064973,-1.843484,0.337720
1870370980.000,OLV,recording,shake_phone,10,-3.441777,5.650059,12.560506,0.807136,-2.272790,0.381703
1870370990.000,OLV,recording,shake_phone,10,-2.726815,5.476670,11.312210,1.454701,-2.539891,0.407777
1870371000.000,OLV,recording,shake_phone,10,-2.212868,5.354578,10.014631,1.980471,-2.717895,0.404908
1870371010.000,OLV,recording,shake_phone,10,-2.141682,4.994740,9.626788,2.391410,-2.923632,0.347522
1870371020.000,OLV,recording,shake_phone,10,-2.484086,4.993199,9.160670,2.675973,-3.131462,0.239927
1870371030.000,OLV,recording,shake_phone,10,-2.663666,5.837420,7.573866,2.728449,-3.214374,0.092381
1870371040.000,OLV,recording,shake_phone,10,-1.938826,6.343552,6.344428,2.486797,-3.096665,-0.123546
1870371050.000,OLV,recording,shake_phone,10,-1.083291,5.613091,5.985782,2.089344,-2.767950,-0.371147
1870371060.000,OLV,recording,shake_phone,10,-0.922263,4.341057,5.365191,1.664157,-2.303735,-0.541104
1870371070.000,OLV,recording,shake_phone,10,-0.330782,2.990527,4.111476,1.204267,-1.859448,-0.628558
1870371080.000,OLV,recording,shake_phone,10,0.954932,1.998523,3.170512,0.679062,-1.568579,-0.734130
1870371090.000,OLV,recording,shake_phone,10,1.933934,2.472177,2.540226,0.102403,-1.375844,-0.902132
1870371100.000,OLV,recording,shake_phone,10,2.516447,3.335083,2.272969,-0.483851,-1.171639,-1.101349
1870371110.000,OLV,recording,shake_phone,10,3.442074,3.455308,2.227143,-1.033968,-0.953135,-1.322057
1870371120.000,OLV,recording,shake_phone,10,4.230362,3.249280,2.506334,-1.498889,-0.752089,-1.595761
1870371130.000,OLV,recording,shake_phone,10,4.300946,3.056619,2.309050,-1.867897,-0.534476,-1.932092
1870371140.000,OLV,recording,shake_phone,10,4.122770,2.547322,1.548755,-2.162571,-0.199340,-2.331083
1870371150.000,OLV,recording,shake_phone,10,3.964693,1.466076,0.886189,-2.404443,0.351979,-2.813250
1870371160.000,OLV,recording,shake_phone,10,2.341494,0.842346,1.516149,-2.550020,1.063394,-3.311622
1870371170.000,OLV,recording,shake_phone,10,-2.318595,2.340842,5.104328,-2.520191,1.502183,-3.593744
1870371180.000,OLV,recording,shake_phone,10,-8.794603,6.044889,9.540128,-2.390501,1.238969,-3.451539
1870371190.000,OLV,recording,shake_phone,10,-10.827042,8.010343,10.839101,-2.248445,0.595612,-2.870787
1870371200.000,OLV,recording,shake_phone,10,-8.375528,7.294194,10.260715,-2.056990,0.104582,-2.065417
1870371210.000,OLV,recording,shake_phone,10,-5.468727,6.740683,9.305363,-1.860136,-0.130498,-1.360882
1870371220.000,OLV,recording,shake_phone,10,-2.603880,5.721456,8.113103,-1.760780,-0.236435,-0.954132
1870371230.000,OLV,recording,shake_phone,10,-1.294900,4.024219,7.799254,-1.779353,-0.394743,-0.834341
1870371240.000,OLV,recording,shake_phone,10,-1.240378,2.873825,8.583338,-1.841139,-0.635803,-0.853868
1870371250.000,OLV,recording,shake_phone,10,-1.898132,2.646537,9.807203,-1.847032,-0.896926,-0.882897
1870371260.000,OLV,recording,shake_phone,10,-2.094650,2.727207,11.152422,-1.749577,-1.174815,-0.887420
1870371270.000,OLV,recording,shake_phone,10,-1.903051,2.436291,12.856599,-1.557675,-1.481770,-0.886105
1870371280.000,OLV,recording,shake_phone,10,-1.037975,2.533729,12.853189,-1.300079,-1.779439,-0.954833
1870371290.000,OLV,recording,shake_phone,10,-0.321656,3.531924,11.544278,-1.013118,-2.010124,-1.160471
1870371300.000,OLV,recording,shake_phone,10,-0.952817,3.964498,11.334474,-0.718423,-2.056399,-1.430076
1870371310.000,OLV,recording,shake_phone,10,-1.769398,3.719007,11.665423,-0.429323,-1.896671,-1.623869
1870371320.000,OLV,recording,shake_phone,10,-1.989131,3.242011,12.250214,-0.171721,-1.662572,-1.655561
1870371330.000,OLV,recording,shake_phone,10,-1.898274,2.784477,12.663503,0.029070,-1.433312,-1.523635
1870371340.000,OLV,recording,shake_phone,10,-1.481251,2.855934,13.231394,0.148866,-1.207990,-1.297537
1870371350.000,OLV,recording,shake_phone,10,-0.819959,3.674131,13.956055,0.154720,-0.960878,-1.087546
1870371360.000,OLV,recording,shake_phone,10,-0.264088,4.562798,14.324076,0.031886,-0.694820,-0.989478
1870371370.000,OLV,recording,shake_phone,10,-0.059440,5.041769,14.191247,-0.211403,-0.438927,-1.035044
1870371380.000,OLV,recording,shake_phone,10,-0.474934,5.177920,14.257195,-0.559374,-0.248154,-1.188333
1870371390.000,OLV,recording,shake_phone,10,-1.541095,5.018946,14.961223,-0.953153,-0.188947,-1.359639
1870371400.000,OLV,recording,shake_phone,10,-2.649937,4.519758,16.037465,-1.299576,-0.277014,-1.457013
1870371410.000,OLV,recording,shake_phone,10,-3.076361,3.633838,16.801720,-1.538002,-0.465358,-1.448685
1870371420.000,OLV,recording,shake_phone,10,-2.751981,2.555834,17.021452,-1.655827,-0.667354,-1.364339
1870371430.000,OLV,recording,shake_phone,10,-2.107067,1.521818,16.990198,-1.653667,-0.798899,-1.255847
1870371440.000,OLV,recording,shake_phone,10,-1.455651,0.702216,16.726931,-1.535726,-0.836926,-1.161896
1870371450.000,OLV,recording,shake_phone,11,-0.907970,0.119817,16.155596,-1.315496,-0.809615,-1.099641
1870371460.000,OLV,recording,shake_phone,11,-0.415041,-0.402166,15.096463,-1.011373,-0.738026,-1.063596
1870371470.000,OLV,recording,shake_phone,11,0.061044,-0.835419,13.698771,-0.629342,-0.606643,-1.018577
1870371480.000,OLV,recording,shake_phone,11,0.401632,-1.051828,12.116844,-0.162437,-0.392172,-0.929832
1870371490.000,OLV,recording,shake_phone,11,0.625251,-1.050474,10.283769,0.363930,-0.123365,-0.795031
1870371500.000,OLV,recording,shake_phone,11,0.437646,-0.861531,8.367277,0.906474,0.141998,-0.605319
1870371510.000,OLV,recording,shake_phone,11,-0.162357,-0.580778,6.440654,1.427213,0.356235,-0.349385
1870371520.000,OLV,recording,shake_phone,11,-0.350315,-0.592983,4.527321,1.874083,0.498030,-0.068321
1870371530.000,OLV,recording,shake_phone,11,-0.270981,-0.861256,2.856175,2.199640,0.607325,0.187561
1870371540.000,OLV,recording,shake_phone,11,-0.361560,-0.782413,1.725129,2.399630,0.739352,0.398729
1870371550.000,OLV,recording,shake_phone,11,-0.456674,-0.426046,1.174991,2.505000,0.923430,0.559134
1870371560.000,OLV,recording,shake_phone,11,-0.649114,-0.076971,0.969812,2.547689,1.159073,0.670868
1870371570.000,OLV,recording,shake_phone,11,-0.857415,0.212576,0.984534,2.553083,1.395683,0.740381
1870371580.000,OLV,recording,shake_phone,11,-1.114723,0.522160,1.334361,2.534044,1.515150,0.775257
1870371590.000,OLV,recording,shake_phone,11,-1.545487,0.929006,1.941411,2.477893,1.365008,0.771769
1870371600.000,OLV,recording,shake_phone,11,-2.173696,1.385188,2.183766,2.346644,0.926533,0.713343
1870371610.000,OLV,recording,shake_phone,11,-2.560742,2.017868,1.476420,2.121739,0.377813,0.609168
1870371620.000,OLV,recording,shake_phone,11,-2.323112,2.452096,0.341322,1.791633,-0.144251,0.485988
1870371630.000,OLV,recording,shake_phone,11,-1.705077,2.421289,-0.540564,1.344968,-0.630764,0.351841
1870371640.000,OLV,recording,shake_phone,11,-0.973260,2.197474,-1.036828,0.801419,-1.088328,0.209281
1870371650.000,OLV,recording,shake_phone,11,-0.407866,1.996621,-1.090280,0.191222,-1.491851,0.069922
1870371660.000,OLV,recording,shake_phone,11,-0.264750,2.017590,-0.931557,-0.467572,-1.738327,-0.044254
1870371670.000,OLV,recording,shake_phone,11,-0.439040,2.066655,-0.601522,-1.177941,-1.761026,-0.112794
1870371680.000,OLV,recording,shake_phone,11,-0.792096,1.940752,0.644288,-1.927441,-1.697066,-0.118199
1870371690.000,OLV,recording,shake_phone,11,-1.295279,1.542669,3.657736,-2.630713,-1.748808,-0.049009
1870371700.000,OLV,recording,shake_phone,11,-0.627267,0.849682,6.210589,-3.198904,-1.859216,0.056261
1870371710.000,OLV,recording,shake_phone,11,0.744237,0.094843,8.303249,-3.592244,-1.926297,0.133853
1870371720.000,OLV,recording,shake_phone,11,1.475787,-0.122166,10.704775,-3.799225,-1.928277,0.189659
1870371730.000,OLV,recording,shake_phone,11,2.074163,0.082765,12.263456,-3.832688,-1.749193,0.260686
1870371740.000,OLV,recording,shake_phone,11,2.472328,0.268336,13.954798,-3.719657,-1.349356,0.335337
1870371750.000,OLV,recording,shake_phone,11,2.708857,0.455166,15.776115,-3.489722,-0.886757,0.377000
1870371760.000,OLV,recording,shake_phone,11,2.504808,0.694408,18.027648,-3.150241,-0.602761,0.365165
1870371770.000,OLV,recording,shake_phone,11,2.160776,1.155122,20.199593,-2.696421,-0.618714,0.303961
1870371780.000,OLV,recording,shake_phone,11,1.953454,1.918665,22.124090,-2.149824,-0.852372,0.218268
1870371790.000,OLV,recording,shake_phone,11,2.005403,2.725043,23.471101,-1.541478,-1.110982,0.130937
1870371800.000,OLV,recording,shake_phone,11,2.394894,3.193662,24.207881,-0.899586,-1.249406,0.039444
1870371810.000,OLV,recording,shake_phone,11,3.005671,3.253274,24.398120,-0.268297,-1.223075,-0.067749
1870371820.000,OLV,recording,shake_phone,11,3.498851,3.098901,24.120501,0.313331,-1.062590,-0.183600
1870371830.000,OLV,recording,shake_phone,11,3.797787,2.923250,23.416437,0.822564,-0.816587,-0.281721
1870371840.000,OLV,recording,shake_phone,11,3.998185,2.834475,22.302080,1.246603,-0.513272,-0.349439
1870371850.000,OLV,recording,shake_phone,11,4.228050,2.754375,20.877742,1.570091,-0.166617,-0.399838
1870371860.000,OLV,recording,shake_phone,11,4.560778,2.540839,19.316622,1.771445,0.189923,-0.462265
1870371870.000,OLV,recording,shake_phone,11,4.582965,2.317637,17.940824,1.826853,0.493475,-0.556263
1870371880.000,OLV,recording,shake_phone,11,3.862227,2.239820,16.718287,1.739632,0.699074,-0.653833
1870371890.000,OLV,recording,shake_phone,11,2.734312,2.175615,15.560955,1.566749,0.847831,-0.702473
1870371900.000,OLV,recording,shake_phone,11,1.863606,1.818903,14.513511,1.389990,1.009239,-0.681051
1870371910.000,OLV,recording,shake_phone,11,1.293576,1.285141,13.288530,1.259847,1.172657,-0.599850
1870371920.000,OLV,recording,shake_phone,11,0.747088,0.919769,11.713875,1.177686,1.295398,-0.469351
1870371930.000,OLV,recording,shake_phone,11,0.369455,0.591639,10.002596,1.118598,1.370708,-0.311812
1870371940.000,OLV,recording,shake_phone,11,0.325144,0.256110,8.326394,1.064459,1.403249,-0.158317
1870371950.000,OLV,recording,shake_phone,11,0.352217,0.152041,6.782652,1.022000,1.410326,-0.021536
1870371960.000,OLV,recording,shake_phone,11,0.271548,0.212800,5.485540,1.016469,1.413823,0.101393
1870371970.000,OLV,recording,shake_phone,11,0.247200,0.287499,4.231624,1.069517,1.403700,0.211278
1870371980.000,OLV,recording,shake_phone,11,0.391734,0.336135,2.866892,1.170571,1.359246,0.284151
1870371990.000,OLV,recording,shake_phone,11,0.541230,0.349961,1.519129,1.271295,1.284913,0.287638
1870372000.000,OLV,recording,shake_phone,11,0.552570,0.445031,0.462579,1.335474,1.192527,0.233353
1870372010.000,OLV,recording,shake_phone,11,0.404776,0.594998,0.018296,1.366432,1.090083,0.158075
1870372020.000,OLV,recording,shake_phone,11,0.077396,0.443142,0.139783,1.383609,0.989334,0.084465
1870372030.000,OLV,recording,shake_phone,11,-0.370841,0.378775,0.357238,1.400521,0.895637,0.029330
1870372040.000,OLV,recording,shake_phone,11,-0.813733,0.510229,0.480156,1.415347,0.795785,-0.001649
1870372050.000,OLV,recording,shake_phone,11,-1.237044,0.453897,0.810972,1.419272,0.641881,-0.010243
1870372060.000,OLV,recording,shake_phone,11,-1.689239,0.306440,1.044787,1.383662,0.418651,0.008133
1870372070.000,OLV,recording,shake_phone,11,-2.106630,0.231280,0.951168,1.254526,0.177575,0.050030
1870372080.000,OLV,recording,shake_phone,11,-2.343564,0.426434,0.719310,0.995116,-0.057293,0.105701
1870372090.000,OLV,recording,shake_phone,11,-2.279876,0.755816,0.448054,0.607804,-0.312771,0.181765
1870372100.000,OLV,recording,shake_phone,11,-1.979254,0.978664,0.274344,0.136882,-0.575002,0.281110
1870372110.000,OLV,recording,shake_phone,11,-1.561553,0.905629,0.432572,-0.355721,-0.795053,0.376521
1870372120.000,OLV,recording,shake_phone,11,-1.135087,0.662259,0.907710,-0.834119,-0.975016,0.435535
1870372130.000,OLV,recording,shake_phone,11,-0.813448,0.536097,1.479866,-1.291924,-1.148194,0.454842
1870372140.000,OLV,recording,shake_phone,11,-0.628235,0.729068,2.157879,-1.727372,-1.307638,0.453948
1870372150.000,OLV,recording,shake_phone,11,-0.532827,1.045030,3.052467,-2.122878,-1.378388,0.446380
1870372160.000,OLV,recording,shake_phone,11,-0.360507,1.170224,3.851052,-2.462124,-1.296943,0.429892
1870372170.000,OLV,recording,shake_phone,11,-0.080870,0.929096,4.721647,-2.734376,-1.113893,0.397625
1870372180.000,OLV,recording,shake_phone,11,0.250092,0.388651,5.779813,-2.931887,-0.939072,0.344799
1870372190.000,OLV,recording,shake_phone,11,0.566844,-0.136608,6.766611,-3.057043,-0.839745,0.276088
1870372200.000,OLV,recording,shake_phone,11,0.725432,-0.441853,7.644194,-3.114842,-0.824162,0.208882
1870372210.000,OLV,recording,shake_phone,11,0.801790,-0.495475,8.288807,-3.106225,-0.863933,0.166791
1870372220.000,OLV,recording,shake_phone,11,0.958009,-0.380892,8.791772,-3.033510,-0.920619,0.163219
1870372230.000,OLV,recording,shake_phone,11,1.375733,-0.233294,9.391212,-2.908525,-0.974810,0.186432
1870372240.000,OLV,recording,shake_phone,11,1.920308,-0.078898,10.162144,-2.754306,-1.039942,0.206693
1870372250.000,OLV,recording,shake_phone,11,2.354926,0.093896,11.136084,-2.600691,-1.146363,0.197881
1870372260.000,OLV,recording,shake_phone,11,2.821116,0.296481,12.410068,-2.470000,-1.329618,0.146864
1870372270.000,OLV,recording,shake_phone,11,3.467386,0.608435,13.935237,-2.367464,-1.604018,0.057590
1870372280.000,OLV,recording,shake_phone,11,4.194499,0.932049,15.553780,-2.278738,-1.918589,-0.045590
1870372290.000,OLV,recording,shake_phone,11,4.935244,1.168415,17.161639,-2.185543,-2.147695,-0.133609
1870372300.000,OLV,recording,shake_phone,11,5.561226,1.250797,18.595566,-2.077645,-2.163574,-0.191455
1870372310.000,OLV,recording,shake_phone,11,5.943909,1.125773,19.788237,-1.952340,-1.933943,-0.222017
1870372320.000,OLV,recording,shake_phone,11,6.066377,0.905105,20.871326,-1.814509,-1.537928,-0.237556
1870372330.000,OLV,recording,shake_phone,11,5.940706,0.734625,21.854750,-1.663001,-1.098392,-0.242502
1870372340.000,OLV,recording,shake_phone,11,5.719278,0.657259,22.659274,-1.487172,-0.698690,-0.235306
1870372350.000,OLV,recording,shake_phone,11,5.595545,0.569679,23.182278,-1.283298,-0.371901,-0.223038
1870372360.000,OLV,recording,shake_phone,11,5.625864,0.359787,23.329966,-1.047251,-0.108028,-0.217930
1870372370.000,OLV,recording,shake_phone,11,5.746745,0.012614,23.097864,-0.767783,0.131571,-0.234738
1870372380.000,OLV,recording,shake_phone,11,5.751935,-0.437144,22.523553,-0.437311,0.375720,-0.281264
1870372390.000,OLV,recording,shake_phone,11,5.527181,-1.037432,21.640433,-0.056870,0.636013,-0.346902
1870372400.000,OLV,recording,shake_phone,11,5.168493,-1.697956,20.533523,0.361888,0.892382,-0.414128
1870372410.000,OLV,recording,shake_phone,11,4.839200,-2.306091,19.271677,0.801453,1.104273,-0.474802
1870372420.000,OLV,recording,shake_phone,11,4.603595,-2.883469,17.972071,1.237303,1.256061,-0.535415
1870372430.000,OLV,recording,shake_phone,11,4.319058,-3.383102,16.836899,1.641206,1.357972,-0.600385
1870372440.000,OLV,recording,shake_phone,11,3.829031,-3.679779,15.908547,1.996444,1.427252,-0.657202
1870372450.000,OLV,recording,shake_phone,11,3.124014,-3.743978,15.010916,2.299596,1.490837,-0.684423
1870372460.000,OLV,recording,shake_phone,11,2.336515,-3.680783,13.927119,2.551890,1.578777,-0.663794
1870372470.000,OLV,recording,shake_phone,11,1.626266,-3.560034,12.612464,2.755961,1.703876,-0.588364
1870372480.000,OLV,recording,shake_phone,11,1.117963,-3.376908,11.123617,2.919088,1.847992,-0.467341
1870372490.000,OLV,recording,shake_phone,11,0.918526,-3.115805,9.480586,3.052542,1.972865,-0.324458
1870372500.000,OLV,recording,shake_phone,11,0.913875,-2.754831,7.716415,3.157177,2.055521,-0.188658
1870372510.000,OLV,recording,shake_phone,11,0.780380,-2.325148,5.846958,3.217320,2.094586,-0.077809
1870372520.000,OLV,recording,shake_phone,11,0.527861,-1.825447,4.126079,3.215559,2.086004,0.005610
1870372530.000,OLV,recording,shake_phone,11,0.228153,-1.239962,2.785233,3.148111,2.020819,0.065652
1870372540.000,OLV,recording,shake_phone,11,-0.177916,-0.580397,1.681595,3.031077,1.892425,0.108367
1870372550.000,OLV,recording,shake_phone,11,-0.420027,0.075306,0.712127,2.893026,1.709677,0.136814
1870372560.000,OLV,recording,shake_phone,11,-0.363408,0.618797,0.014622,2.758688,1.508320,0.150083
1870372570.000,OLV,recording,shake_phone,11,-0.297057,0.866225,-0.086468,2.648683,1.332349,0.151895
1870372580.000,OLV,recording,shake_phone,11,-0.090681,0.912180,-0.031651,2.567238,1.206637,0.141237
1870372590.000,OLV,recording,shake_phone,11,0.452494,0.833839,-0.204756,2.487796,1.141981,0.096001
1870372600.000,OLV,recording,shake_phone,11,0.677321,0.573296,-0.295952,2.372770,1.142959,-0.000612
1870372610.000,OLV,recording,shake_phone,11,0.482701,0.538959,-0.558721,2.150772,1.114104,-0.135693
1870372620.000,OLV,recording,shake_phone,11,0.152844,0.765786,-1.139770,1.717566,0.821927,-0.284265
1870372630.000,OLV,recording,shake_phone,11,-0.116531,0.815052,-1.262406,1.151716,0.266038,-0.421676
1870372640.000,OLV,recording,shake_phone,11,-0.167309,0.526832,-0.697247,0.666263,-0.245561,-0.539119
1870372650.000,OLV,recording,shake_phone,11,-0.178280,0.176674,-0.316744,0.329147,-0.537997,-0.642262
1870372660.000,OLV,recording,shake_phone,11,-0.187929,-0.045174,-0.210557,0.094121,-0.652758,-0.734499
1870372670.000,OLV,recording,shake_phone,11,-0.244008,-0.165388,-0.227688,-0.101492,-0.688320,-0.822869
1870372680.000,OLV,recording,shake_phone,11,-0.705498,-0.178573,-0.256948,-0.331276,-0.784592,-0.909637
1870372690.000,OLV,recording,shake_phone,11,-2.106554,0.066599,-0.079158,-0.673037,-1.142784,-0.966661
1870372700.000,OLV,recording,shake_phone,11,-3.815246,0.453750,0.409171,-1.145383,-1.844059,-0.924960
1870372710.000,OLV,recording,shake_phone,11,-4.595363,0.485964,1.170810,-1.691790,-2.618533,-0.725988
1870372720.000,OLV,recording,shake_phone,11,-4.416183,-0.063611,3.482792,-2.256021,-3.036321,-0.383472
1870372730.000,OLV,recording,shake_phone,11,-2.849612,-0.323621,4.847411,-2.777865,-3.012874,0.037623
1870372740.000,OLV,recording,shake_phone,11,-0.611774,-0.120710,5.457063,-3.202137,-2.738528,0.464708
1870372750.000,OLV,recording,shake_phone,11,0.668696,0.050831,7.561206,-3.524247,-2.365830,0.808381
1870372760.000,OLV,recording,shake_phone,11,1.587270,0.179530,8.796597,-3.747130,-1.968364,1.007395
1870372770.000,OLV,recording,shake_phone,11,2.322990,0.190135,9.711469,-3.855146,-1.575978,1.081524
1870372780.000,OLV,recording,shake_phone,11,2.858935,0.317893,10.522663,-3.842261,-1.242164,1.075288
1870372790.000,OLV,recording,shake_phone,11,3.446234,0.453034,11.601105,-3.726650,-1.014173,1.011560
1870372800.000,OLV,recording,shake_phone,11,4.109551,0.511734,12.627376,-3.537408,-0.923391,0.900132
1870372810.000,OLV,recording,shake_phone,11,4.661940,0.460762,13.787021,-3.304315,-0.988364,0.745060
1870372820.000,OLV,recording,shake_phone,11,4.865800,0.438416,15.046836,-3.049930,-1.195067,0.552435
1870372830.000,OLV,recording,shake_phone,11,4.757185,0.543788,16.366583,-2.778075,-1.471581,0.345384
1870372840.000,OLV,recording,shake_phone,11,4.551165,0.644722,17.627406,-2.479137,-1.708520,0.165759
1870372850.000,OLV,recording,shake_phone,11,4.561672,0.638002,18.846799,-2.147650,-1.807943,0.049358
1870372860.000,OLV,recording,shake_phone,11,4.942333,0.524750,20.092327,-1.786221,-1.729907,0.003398
1870372870.000,OLV,recording,shake_phone,11,5.364266,0.511274,21.306050,-1.401149,-1.494522,0.006503
1870372880.000,OLV,recording,shake_phone,11,5.666450,0.705186,22.221864,-0.999705,-1.145330,0.024946
1870372890.000,OLV,recording,shake_phone,11,5.946646,0.894588,22.650030,-0.595454,-0.733719,0.025005
1870372900.000,OLV,recording,shake_phone,11,6.049920,0.901665,22.629904,-0.204294,-0.318795,-0.016622
1870372910.000,OLV,recording,shake_phone,11,5.868550,0.711095,22.261924,0.166722,0.044424,-0.097143
1870372920.000,OLV,recording,shake_phone,11,5.454310,0.444548,21.665842,0.504213,0.334148,-0.185031
1870372930.000,OLV,recording,shake_phone,11,4.923798,0.211480,20.885711,0.803141,0.581308,-0.245464
1870372940.000,OLV,recording,shake_phone,11,4.377866,0.003983,19.890128,1.077798,0.824150,-0.264948
1870372950.000,OLV,recording,shake_phone,11,3.947055,-0.205922,18.749016,1.334943,1.072854,-0.249364
1870372960.000,OLV,recording,shake_phone,11,3.669044,-0.436933,17.465291,1.572481,1.326676,-0.214741
1870372970.000,OLV,recording,shake_phone,11,3.491504,-0.724307,16.076550,1.783663,1.575204,-0.176415
1870372980.000,OLV,recording,shake_phone,11,3.249990,-1.027204,14.733883,1.959406,1.795208,-0.142308
1870372990.000,OLV,recording,shake_phone,11,2.794662,-1.242867,13.491736,2.095227,1.965481,-0.109181
1870373000.000,OLV,recording,shake_phone,11,2.258000,-1.384229,12.292471,2.198872,2.080091,-0.068832
1870373010.000,OLV,recording,shake_phone,11,1.816906,-1.488980,11.108812,2.288334,2.147730,-0.017188
1870373020.000,OLV,recording,shake_phone,11,1.547741,-1.558420,9.913278,2.379574,2.175111,0.039974
1870373030.000,OLV,recording,shake_phone,11,1.335641,-1.619912,8.819384,2.473634,2.156421,0.085193
1870373040.000,OLV,recording,shake_phone,11,1.030035,-1.619421,7.910478,2.556013,2.077264,0.104349
1870373050.000,OLV,recording,shake_phone,11,0.675793,-1.466242,7.067884,2.612239,1.930775,0.098591
1870373060.000,OLV,recording,shake_phone,11,0.314201,-1.202696,6.202995,2.631993,1.738423,0.078476
1870373070.000,OLV,recording,shake_phone,11,-0.065783,-0.970841,5.363624,2.608045,1.533306,0.058918
1870373080.000,OLV,recording,shake_phone,11,-0.382959,-0.823760,4.524257,2.539096,1.338070,0.055254
1870373090.000,OLV,recording,shake_phone,11,-0.656932,-0.688550,3.688339,2.427842,1.176603,0.073912
1870373100.000,OLV,recording,shake_phone,11,-0.939319,-0.470522,2.860536,2.273408,1.061055,0.114023
1870373110.000,OLV,recording,shake_phone,11,-1.184193,-0.173466,2.068796,2.071686,0.974783,0.173768
1870373120.000,OLV,recording,shake_phone,11,-1.418426,0.107020,1.516298,1.828486,0.886434,0.249844
1870373130.000,OLV,recording,shake_phone,11,-1.709099,0.319541,1.205079,1.557521,0.770493,0.339757
1870373140.000,OLV,recording,shake_phone,11,-1.993627,0.470597,1.043590,1.273758,0.627482,0.443630
1870373150.000,OLV,recording,shake_phone,11,-2.130449,0.516693,0.994884,0.993401,0.473945,0.562308
1870373160.000,OLV,recording,shake_phone,11,-2.057432,0.458780,1.007210,0.731307,0.316178,0.691291
1870373170.000,OLV,recording,shake_phone,11,-1.798982,0.406039,1.034672,0.499148,0.146246,0.811743
1870373180.000,OLV,recording,shake_phone,11,-1.388350,0.370948,1.049042,0.299418,-0.039028,0.893031
1870373190.000,OLV,recording,shake_phone,11,-1.002069,0.337902,1.102528,0.124682,-0.223875,0.909272
1870373200.000,OLV,recording,shake_phone,11,-0.825105,0.352210,1.231375,-0.035426,-0.382265,0.863776
1870373210.000,OLV,recording,shake_phone,11,-0.780945,0.405539,1.327333,-0.194331,-0.520679,0.787973
1870373220.000,OLV,recording,shake_phone,11,-0.727081,0.489390,1.504507,-0.363159,-0.700201,0.721430
1870373230.000,OLV,recording,shake_phone,11,-0.616329,0.568536,1.943724,-0.540929,-1.008259,0.696240
1870373240.000,OLV,recording,shake_phone,11,-0.475829,0.565351,2.591705,-0.720841,-1.508023,0.722208
1870373250.000,OLV,recording,shake_phone,11,-0.180646,0.578728,3.377872,-0.896314,-2.181649,0.784610
1870373260.000,OLV,recording,shake_phone,11,0.498439,0.763059,4.221649,-1.061605,-2.906230,0.847515
1870373270.000,OLV,recording,shake_phone,11,1.389492,1.117436,5.064720,-1.220210,-3.497272,0.866094
1870373280.000,OLV,recording,shake_phone,11,2.096859,1.483503,5.913899,-1.380376,-3.818472,0.821615
1870373290.000,OLV,recording,shake_phone,11,2.611375,1.820819,6.794435,-1.542025,-3.862952,0.743711
1870373300.000,OLV,recording,shake_phone,11,3.687625,2.259885,8.272869,-1.667944,-3.242666,0.642414
1870373310.000,OLV,recording,shake_phone,11,11.533680,4.250444,17.820272,-1.703837,-0.823044,0.425365
1870373320.000,OLV,recording,shake_phone,11,12.034687,6.277489,23.898801,-1.802753,2.212040,0.152779
1870373330.000,OLV,recording,shake_phone,11,3.888659,5.248263,17.830636,-2.033868,3.092192,0.058766
1870373340.000,OLV,recording,shake_phone,11,2.644994,3.253673,13.638855,-2.152839,2.103517,0.106456
1870373350.000,OLV,recording,shake_phone,11,1.002812,1.555323,12.547765,-2.044952,0.911919,0.123304
1870373360.000,OLV,recording,shake_phone,11,0.360121,0.298882,13.423371,-1.775089,0.081754,0.091788
1870373370.000,OLV,recording,shake_phone,11,0.441354,-0.002345,12.986368,-1.417757,-0.467909,0.050135
1870373380.000,OLV,recording,shake_phone,11,1.051396,0.272193,12.908572,-1.002919,-0.895752,0.013532
1870373390.000,OLV,recording,shake_phone,11,1.695794,0.953121,13.490561,-0.583779,-1.140544,-0.036306
1870373400.000,OLV,recording,shake_phone,11,2.436921,1.527823,13.008902,-0.308688,-1.084305,-0.086221
1870373410.000,OLV,recording,shake_phone,11,2.172128,2.007243,11.670234,-0.297784,-0.775556,-0.058998
1870373420.000,OLV,recording,shake_phone,11,1.922124,2.312181,10.886694,-0.518127,-0.418043,0.105951
1870373430.000,OLV,recording,shake_phone,11,1.852397,2.437088,11.286919,-0.786005,-0.150207,0.345718
1870373440.000,OLV,recording,shake_phone,11,2.247898,2.427001,12.813502,-0.908400,-0.006754,0.515854
1870373450.000,OLV,recording,shake_phone,11,3.117531,1.983107,14.580806,-0.811233,-0.031995,0.537290
1870373460.000,OLV,recording,shake_phone,11,3.767770,1.313781,14.310560,-0.566827,-0.179966,0.446673
1870373470.000,OLV,recording,shake_phone,11,3.671264,1.156633,12.632578,-0.300292,-0.335182,0.331630
1870373480.000,OLV,recording,shake_phone,11,3.439418,1.471687,12.308883,-0.084803,-0.478045,0.232667
1870373490.000,OLV,recording,shake_phone,11,3.453413,1.798566,12.559052,0.041053,-0.660989,0.133712
1870373500.000,OLV,recording,shake_phone,11,3.239479,2.038660,11.905339,0.048155,-0.886437,0.023468
1870373510.000,OLV,recording,shake_phone,11,3.046807,2.186838,10.551770,-0.080473,-1.056782,-0.081184
1870373520.000,OLV,recording,shake_phone,11,3.067894,2.230774,9.108874,-0.318573,-1.074418,-0.158057
1870373530.000,OLV,recording,shake_phone,11,3.160048,2.175170,8.167020,-0.593868,-0.878597,-0.195397
1870373540.000,OLV,recording,shake_phone,11,2.955774,2.099787,7.702244,-0.819518,-0.400833,-0.195331
1870373550.000,OLV,recording,shake_phone,11,2.526235,1.986792,7.479916,-0.899929,0.424902,-0.168918
1870373560.000,OLV,recording,shake_phone,11,2.273925,1.778214,6.873176,-0.800027,1.616760,-0.127527
1870373570.000,OLV,recording,shake_phone,11,2.078867,1.539275,7.038643,-0.584726,2.852645,-0.058533
1870373580.000,OLV,recording,shake_phone,11,1.855580,1.396673,11.146477,-0.350718,3.428069,0.097084
1870373590.000,OLV,recording,shake_phone,11,2.468037,1.186403,15.689020,-0.109012,3.235652,0.308898
1870373600.000,OLV,recording,shake_phone,11,2.346664,0.881106,13.895192,0.011345,2.806984,0.421063
1870373610.000,OLV,recording,shake_phone,11,0.906473,1.044115,8.912529,-0.111773,2.701407,0.426857
1870373620.000,OLV,recording,shake_phone,11,-0.099464,0.776846,7.968726,-0.338031,2.861419,0.477889
1870373630.000,OLV,recording,shake_phone,11,-0.023052,0.567311,11.982636,-0.454867,2.755966,0.586739
1870373640.000,OLV,recording,shake_phone,11,-0.856321,1.826413,13.705407,-0.401209,2.522097,0.711949
1870373650.000,OLV,recording,shake_phone,11,-1.973077,2.686835,14.891264,-0.194437,2.336599,0.860400
1870373660.000,OLV,recording,shake_phone,11,-1.620823,2.460127,17.912426,0.180498,2.070409,1.011931
1870373670.000,OLV,recording,shake_phone,11,-1.863002,1.616540,18.277786,0.654280,1.731104,1.139713
1870373680.000,OLV,recording,shake_phone,11,-1.882730,0.332198,18.471960,1.151284,1.392295,1.207574
1870373690.000,OLV,recording,shake_phone,11,-1.746780,-0.773932,18.377631,1.618629,1.125969,1.193730
1870373700.000,OLV,recording,shake_phone,11,-1.599136,-1.462507,17.816471,2.019603,0.929139,1.098480
1870373710.000,OLV,recording,shake_phone,11,-1.574859,-1.670099,17.107922,2.344322,0.761077,0.947469
1870373720.000,OLV,recording,shake_phone,11,-1.559861,-1.563627,15.914243,2.589589,0.585171,0.767111
1870373730.000,OLV,recording,shake_phone,11,-1.469157,-1.441941,14.169102,2.729536,0.363822,0.565054
1870373740.000,OLV,recording,shake_phone,11,-1.250706,-1.222412,12.158313,2.730434,0.065621,0.347449
1870373750.000,OLV,recording,shake_phone,11,-1.049801,-0.841115,9.535805,2.568021,-0.311497,0.125228
1870373760.000,OLV,recording,shake_phone,11,-1.000164,-0.462314,6.669399,2.226202,-0.717284,-0.077975
1870373770.000,OLV,recording,shake_phone,11,-1.070336,-0.035926,4.769777,1.746510,-1.017728,-0.215595
1870373780.000,OLV,recording,shake_phone,11,-1.043458,0.447767,4.039652,1.227458,-1.126273,-0.261908
1870373790.000,OLV,recording,shake_phone,11,-0.908978,0.887012,4.098773,0.774673,-1.098947,-0.227664
1870373800.000,OLV,recording,shake_phone,11,-0.859821,1.014718,4.540934,0.466767,-1.012229,-0.146293
1870373810.000,OLV,recording,shake_phone,11,-0.947792,0.794441,4.529561,0.307661,-0.900733,-0.067578
1870373820.000,OLV,recording,shake_phone,11,-0.914497,0.495112,3.838552,0.234062,-0.797630,-0.018031
1870373830.000,OLV,recording,shake_phone,11,-0.689194,0.246748,3.102897,0.184008,-0.736647,0.018228
1870373840.000,OLV,recording,shake_phone,11,-0.537924,0.099392,2.590195,0.135662,-0.700731,0.062532
1870373850.000,OLV,recording,shake_phone,11,-0.378339,0.036242,2.235663,0.087732,-0.638602,0.114496
1870373860.000,OLV,recording,shake_phone,11,-0.064089,0.003370,1.983470,0.044683,-0.529200,0.157384
1870373870.000,OLV,recording,shake_phone,11,0.394981,-0.058920,1.829065,0.008649,-0.402838,0.168981
1870373880.000,OLV,recording,shake_phone,11,0.942918,-0.165239,1.904703,-0.025159,-0.302300,0.130385
1870373890.000,OLV,recording,shake_phone,11,1.286931,-0.142208,1.920750,-0.066249,-0.222402,0.034090
1870373900.000,OLV,recording,shake_phone,11,1.278776,0.077459,1.679266,-0.126442,-0.149336,-0.102089
1870373910.000,OLV,recording,shake_phone,11,1.122192,0.500053,1.301103,-0.228448,-0.104494,-0.246497
1870373920.000,OLV,recording,shake_phone,11,0.852194,1.027832,0.839522,-0.405856,-0.085474,-0.369597
1870373930.000,OLV,recording,shake_phone,11,0.434326,1.492850,0.587978,-0.683172,-0.043671,-0.445408
1870373940.000,OLV,recording,shake_phone,11,-0.058265,1.810151,0.660605,-1.062112,0.050238,-0.450817
1870373950.000,OLV,recording,shake_phone,11,-0.525941,1.899471,0.984931,-1.511675,0.168304,-0.381372
1870373960.000,OLV,recording,shake_phone,11,-0.900398,1.764226,1.560064,-1.979540,0.261947,-0.260212
1870373970.000,OLV,recording,shake_phone,11,-1.117401,1.414712,2.519164,-2.415166,0.324720,-0.126964
1870373980.000,OLV,recording,shake_phone,11,-1.194246,0.940362,3.818947,-2.781880,0.387647,-0.010938
1870373990.000,OLV,recording,shake_phone,11,-1.203775,0.497181,5.278174,-3.059091,0.469196,0.087805
1870374000.000,OLV,recording,shake_phone,11,-1.208668,0.163464,6.941535,-3.227133,0.566829,0.184427
1870374010.000,OLV,recording,shake_phone,11,-1.141185,-0.123134,9.144089,-3.254877,0.655946,0.282177
1870374020.000,OLV,recording,shake_phone,11,-1.053186,-0.346976,10.905956,-3.141012,0.694723,0.363432
1870374030.000,OLV,recording,shake_phone,11,-1.136653,-0.505660,12.306911,-2.917674,0.728353,0.418517
1870374040.000,OLV,recording,shake_phone,11,-1.384307,-0.577872,13.648506,-2.635819,0.806952,0.465569
1870374050.000,OLV,recording,shake_phone,11,-1.552778,-0.452525,14.251391,-2.361302,0.884273,0.523439
1870374060.000,OLV,recording,shake_phone,11,-1.466037,-0.310295,14.765597,-2.155497,0.930182,0.576096
1870374070.000,OLV,recording,shake_phone,11,-1.252886,-0.234370,15.294991,-2.047354,0.945016,0.595218
1870374080.000,OLV,recording,shake_phone,11,-1.075811,-0.272998,16.059222,-2.023016,0.920131,0.572400
1870374090.000,OLV,recording,shake_phone,11,-1.114678,-0.507854,16.913737,-2.053511,0.855945,0.519171
1870374100.000,OLV,recording,shake_phone,11,-1.136755,-0.774762,18.159541,-2.092910,0.773689,0.455289
1870374110.000,OLV,recording,shake_phone,11,-1.059231,-0.983070,19.748317,-2.074169,0.686509,0.391537
1870374120.000,OLV,recording,shake_phone,11,-1.127467,-1.254604,21.428186,-1.934762,0.602107,0.338262
1870374130.000,OLV,recording,shake_phone,11,-1.313368,-1.640347,22.954410,-1.646863,0.527175,0.310015
1870374140.000,OLV,recording,shake_phone,11,-1.439125,-2.057853,24.086780,-1.217975,0.450432,0.308087
1870374150.000,OLV,recording,shake_phone,11,-1.658045,-2.539641,24.664427,-0.682220,0.353355,0.325473
1870374160.000,OLV,recording,shake_phone,11,-2.001402,-3.107054,24.836205,-0.081021,0.225861,0.357167
1870374170.000,OLV,recording,shake_phone,11,-2.125266,-3.616298,24.663474,0.546400,0.057429,0.385303
1870374180.000,OLV,recording,shake_phone,11,-1.879622,-3.983153,23.970717,1.155481,-0.165684,0.370672
1870374190.000,OLV,recording,shake_phone,11,-1.623977,-4.185961,22.632245,1.708005,-0.457801,0.288505
1870374200.000,OLV,recording,shake_phone,11,-1.714265,-4.279214,20.728782,2.176701,-0.804122,0.162892
1870374210.000,OLV,recording,shake_phone,11,-1.905671,-4.250077,18.453419,2.540246,-1.140842,0.032217
1870374220.000,OLV,recording,shake_phone,11,-1.924552,-3.949018,15.879695,2.791475,-1.391445,-0.083733
1870374230.000,OLV,recording,shake_phone,11,-1.904894,-3.473098,13.304057,2.941877,-1.499595,-0.168543
1870374240.000,OLV,recording,shake_phone,11,-2.035759,-2.956199,10.956982,3.022463,-1.432861,-0.200676
1870374250.000,OLV,recording,shake_phone,11,-2.332484,-2.446378,8.787840,3.060891,-1.208882,-0.162506
1870374260.000,OLV,recording,shake_phone,11,-2.710778,-1.996812,6.987654,3.069834,-0.921769,-0.057987
1870374270.000,OLV,recording,shake_phone,11,-2.977244,-1.542536,5.720640,3.060796,-0.677532,0.092645
1870374280.000,OLV,recording,shake_phone,11,-2.962069,-1.185732,4.745990,3.039360,-0.525215,0.266967
1870374290.000,OLV,recording,shake_phone,11,-2.700405,-1.107005,3.769118,2.993523,-0.461322,0.432753
1870374300.000,OLV,recording,shake_phone,11,-2.242867,-1.285871,2.513333,2.891534,-0.452139,0.554178
1870374310.000,OLV,recording,shake_phone,11,-1.564907,-1.520376,1.029862,2.700914,-0.456259,0.600499
1870374320.000,OLV,recording,shake_phone,11,-0.796231,-1.592839,-0.183680,2.411156,-0.440068,0.558919
1870374330.000,OLV,recording,shake_phone,11,-0.186048,-1.618337,-0.964284,2.044368,-0.395109,0.448124
1870374340.000,OLV,recording,shake_phone,11,0.279710,-1.647970,-1.338343,1.666103,-0.340365,0.303209
1870374350.000,OLV,recording,shake_phone,11,0.599880,-1.480369,-1.252126,1.341440,-0.278448,0.150087
1870374360.000,OLV,recording,shake_phone,11,0.653078,-1.182828,-0.721645,1.096261,-0.199413,0.011175
1870374370.000,OLV,recording,shake_phone,11,0.597667,-0.907796,-0.327165,0.910835,-0.119497,-0.094388
1870374380.000,OLV,recording,shake_phone,11,0.627988,-0.561446,-0.334760,0.736837,-0.047470,-0.163456
1870374390.000,OLV,recording,shake_phone,11,0.653010,-0.162512,-0.335586,0.539800,0.034550,-0.204347
1870374400.000,OLV,recording,shake_phone,11,0.700247,0.152101,-0.384696,0.294160,0.149153,-0.231804
1870374410.000,OLV,recording,shake_phone,11,0.780702,0.533830,-0.492264,-0.024026,0.320572,-0.257755
1870374420.000,OLV,recording,shake_phone,11,0.859138,1.010079,-0.624412,-0.437985,0.551999,-0.286645
1870374430.000,OLV,recording,shake_phone,11,0.888393,1.447253,-0.625919,-0.950187,0.792801,-0.317489
1870374440.000,OLV,recording,shake_phone,11,0.693096,1.762284,-0.156003,-1.518176,0.930765,-0.351742
1870374450.000,OLV,recording,shake_phone,11,0.549113,1.992376,1.982305,-2.038100,0.881859,-0.413436
1870374460.000,OLV,recording,shake_phone,11,0.556787,2.002520,4.930897,-2.395733,0.719438,-0.535129
1870374470.000,OLV,recording,shake_phone,11,-0.426222,1.310633,6.298505,-2.610748,0.527833,-0.652345
1870374480.000,OLV,recording,shake_phone,12,-1.723990,0.338149,7.035684,-2.753343,0.313731,-0.661662
1870374490.000,OLV,recording,shake_phone,12,-1.935803,-0.222233,7.921888,-2.833650,0.118197,-0.578378
1870374500.000,OLV,recording,shake_phone,12,-1.328981,-0.491282,8.477694,-2.847039,-0.005548,-0.498860
1870374510.000,OLV,recording,shake_phone,12,-0.689609,-0.679087,9.066517,-2.785344,-0.018885,-0.472860
1870374520.000,OLV,recording,shake_phone,12,-0.787472,-0.910887,9.402186,-2.665050,0.105991,-0.475463
1870374530.000,OLV,recording,shake_phone,12,-1.242429,-0.939855,9.269465,-2.533427,0.391583,-0.459780
1870374540.000,OLV,recording,shake_phone,12,-1.920193,-0.781710,9.428482,-2.446890,0.826736,-0.388523
1870374550.000,OLV,recording,shake_phone,12,-2.421180,-0.457291,10.526554,-2.418964,1.328095,-0.259122
1870374560.000,OLV,recording,shake_phone,12,-2.797806,-0.118530,12.565036,-2.403603,1.773869,-0.091529
1870374570.000,OLV,recording,shake_phone,12,-3.177477,-0.042968,14.965877,-2.340389,2.067782,0.095111
1870374580.000,OLV,recording,shake_phone,12,-3.138371,-0.230868,17.078286,-2.199296,2.166578,0.265868
1870374590.000,OLV,recording,shake_phone,12,-2.719733,-0.563288,18.490776,-1.996620,2.077674,0.372872
1870374600.000,OLV,recording,shake_phone,12,-2.253824,-0.879122,19.399417,-1.778341,1.861673,0.387096
1870374610.000,OLV,recording,shake_phone,12,-1.919652,-1.090956,20.133208,-1.590262,1.601676,0.307155
1870374620.000,OLV,recording,shake_phone,12,-2.128830,-1.278108,20.761834,-1.458816,1.342871,0.167320
1870374630.000,OLV,recording,shake_phone,12,-2.865573,-1.523657,21.549558,-1.375448,1.086342,0.027903
1870374640.000,OLV,recording,shake_phone,12,-3.887150,-1.906161,22.582680,-1.291851,0.822256,-0.060592
1870374650.000,OLV,recording,shake_phone,12,-4.819815,-2.295485,24.025454,-1.134415,0.540425,-0.071888
1870374660.000,OLV,recording,shake_phone,12,-5.146422,-2.587251,25.520766,-0.828738,0.227847,-0.015932
1870374670.000,OLV,recording,shake_phone,12,-4.994769,-2.968365,26.251035,-0.346232,-0.135222,0.066166
1870374680.000,OLV,recording,shake_phone,12,-4.650169,-3.491884,25.857720,0.276351,-0.568923,0.132875
1870374690.000,OLV,recording,shake_phone,12,-4.386254,-4.071713,24.268953,0.966055,-1.047049,0.153950
1870374700.000,OLV,recording,shake_phone,12,-4.404303,-4.608258,21.596191,1.630590,-1.458426,0.136165
1870374710.000,OLV,recording,shake_phone,12,-4.234858,-4.727056,18.486912,2.186021,-1.685910,0.109464
1870374720.000,OLV,recording,shake_phone,12,-3.752994,-4.325065,15.786690,2.600988,-1.704991,0.085207
1870374730.000,OLV,recording,shake_phone,12,-3.493008,-3.811660,13.713806,2.892796,-1.583418,0.074961
1870374740.000,OLV,recording,shake_phone,12,-3.471064,-3.408676,11.982367,3.091730,-1.428064,0.093198
1870374750.000,OLV,recording,shake_phone,12,-3.432790,-3.124765,10.275885,3.209743,-1.324080,0.137459
1870374760.000,OLV,recording,shake_phone,12,-3.237551,-2.815761,8.494120,3.241292,-1.287694,0.192728
1870374770.000,OLV,recording,shake_phone,12,-2.877750,-2.452389,6.710360,3.183427,-1.286492,0.245554
1870374780.000,OLV,recording,shake_phone,12,-2.476617,-2.130426,5.170676,3.053553,-1.294278,0.289313
1870374790.000,OLV,recording,shake_phone,12,-2.055070,-1.911446,3.998180,2.892819,-1.299168,0.317231
1870374800.000,OLV,recording,shake_phone,12,-1.555292,-1.769141,2.963441,2.740840,-1.285777,0.324057
1870374810.000,OLV,recording,shake_phone,12,-1.051332,-1.635707,1.873451,2.618678,-1.233518,0.310925
1870374820.000,OLV,recording,shake_phone,12,-0.688218,-1.509109,0.876586,2.523132,-1.135722,0.282745
1870374830.000,OLV,recording,shake_phone,12,-0.461013,-1.415194,0.053700,2.420735,-1.012546,0.238399
1870374840.000,OLV,recording,shake_phone,12,-0.151242,-1.251935,-0.578865,2.260655,-0.894560,0.176595
1870374850.000,OLV,recording,shake_phone,12,0.074395,-0.713842,-1.003341,2.013785,-0.794997,0.110827
1870374860.000,OLV,recording,shake_phone,12,-0.005623,0.062056,-1.068047,1.698391,-0.708683,0.060773
1870374870.000,OLV,recording,shake_phone,12,0.051869,0.705766,-0.593751,1.357769,-0.634411,0.033065
1870374880.000,OLV,recording,shake_phone,12,0.209496,1.051415,-0.193743,1.018841,-0.582406,0.019017
1870374890.000,OLV,recording,shake_phone,12,0.161887,1.107794,-0.176705,0.690870,-0.561548,0.005338
1870374900.000,OLV,recording,shake_phone,12,0.090210,1.063891,-0.146950,0.375655,-0.567715,-0.011001
1870374910.000,OLV,recording,shake_phone,12,0.087267,1.072530,-0.179099,0.070145,-0.581569,-0.018092
1870374920.000,OLV,recording,shake_phone,12,0.163236,1.201906,-0.217816,-0.245589,-0.573538,-0.012012
1870374930.000,OLV,recording,shake_phone,12,0.320630,1.343219,-0.248022,-0.601000,-0.512840,-0.004353
1870374940.000,OLV,recording,shake_phone,12,0.490290,1.494238,-0.281970,-1.011114,-0.371761,-0.002585
1870374950.000,OLV,recording,shake_phone,12,0.620426,1.593996,-0.333154,-1.487238,-0.126697,-0.003449
1870374960.000,OLV,recording,shake_phone,12,0.805258,1.542774,0.118369,-2.005126,0.275377,-0.009815
1870374970.000,OLV,recording,shake_phone,12,1.173590,1.260139,2.370427,-2.451909,0.853275,-0.041937
1870374980.000,OLV,recording,shake_phone,12,1.138523,0.726524,5.773290,-2.686273,1.336138,-0.119970
1870374990.000,OLV,recording,shake_phone,12,-0.097987,0.060436,7.737669,-2.694400,1.416812,-0.218868
1870375000.000,OLV,recording,shake_phone,12,-1.391032,-0.199875,8.215148,-2.560169,1.261335,-0.279797
1870375010.000,OLV,recording,shake_phone,12,-1.755614,0.074883,9.179364,-2.370287,1.139883,-0.258377
1870375020.000,OLV,recording,shake_phone,12,-1.575116,0.193692,10.094989,-2.196552,1.159883,-0.183515
1870375030.000,OLV,recording,shake_phone,12,-1.298284,0.077655,10.299378,-2.061815,1.302559,-0.122740
1870375040.000,OLV,recording,shake_phone,12,-1.372401,-0.114526,10.768731,-1.959938,1.431275,-0.090051
1870375050.000,OLV,recording,shake_phone,12,-1.782058,-0.295160,11.343756,-1.891106,1.485711,-0.066501
1870375060.000,OLV,recording,shake_phone,12,-2.247819,-0.407532,12.117671,-1.868727,1.482969,-0.038087
1870375070.000,OLV,recording,shake_phone,12,-2.417876,-0.433967,13.008882,-1.896537,1.464835,-0.009399
1870375080.000,OLV,recording,shake_phone,12,-2.541260,-0.380912,14.009661,-1.956314,1.449032,0.012726
1870375090.000,OLV,recording,shake_phone,12,-2.874110,-0.441462,15.202940,-2.012632,1.432458,0.042121
1870375100.000,OLV,recording,shake_phone,12,-3.100423,-0.571613,16.846486,-2.021083,1.416259,0.092264
1870375110.000,OLV,recording,shake_phone,12,-3.111585,-0.653851,18.644381,-1.947582,1.387676,0.157072
1870375120.000,OLV,recording,shake_phone,12,-3.179937,-0.913980,20.183944,-1.781684,1.309792,0.219546
1870375130.000,OLV,recording,shake_phone,12,-3.244161,-1.362708,21.369941,-1.528288,1.147554,0.263188
1870375140.000,OLV,recording,shake_phone,12,-3.172466,-1.736321,22.114689,-1.202374,0.894488,0.280000
1870375150.000,OLV,recording,shake_phone,12,-3.299166,-2.136027,22.349658,-0.837067,0.580698,0.273806
1870375160.000,OLV,recording,shake_phone,12,-3.605794,-2.611724,22.243773,-0.470055,0.246329,0.257176
1870375170.000,OLV,recording,shake_phone,12,-3.385910,-2.818959,22.065150,-0.112005,-0.079939,0.227840
1870375180.000,OLV,recording,shake_phone,12,-2.811692,-2.742828,21.838021,0.260074,-0.392281,0.171719
1870375190.000,OLV,recording,shake_phone,12,-2.500934,-2.683591,21.188380,0.671000,-0.718019,0.091361
1870375200.000,OLV,recording,shake_phone,12,-2.374037,-2.615153,19.839012,1.098467,-1.069874,0.004239
1870375210.000,OLV,recording,shake_phone,12,-2.168365,-2.417785,17.966163,1.501995,-1.407493,-0.077400
1870375220.000,OLV,recording,shake_phone,12,-1.978159,-2.200975,15.859165,1.855344,-1.674264,-0.149841
1870375230.000,OLV,recording,shake_phone,12,-1.817264,-2.014348,13.637524,2.132454,-1.830450,-0.210228
1870375240.000,OLV,recording,shake_phone,12,-1.637432,-1.761702,11.258727,2.310180,-1.856004,-0.254275
1870375250.000,OLV,recording,shake_phone,12,-1.574466,-1.419848,8.843573,2.374132,-1.748093,-0.272375
1870375260.000,OLV,recording,shake_phone,12,-1.560094,-1.044097,6.827041,2.337819,-1.506226,-0.253200
1870375270.000,OLV,recording,shake_phone,12,-1.385755,-0.658227,5.469744,2.237012,-1.152952,-0.192895
1870375280.000,OLV,recording,shake_phone,12,-1.122751,-0.280147,4.945937,2.110127,-0.764154,-0.101028
1870375290.000,OLV,recording,shake_phone,12,-0.952912,-0.058253,5.051218,1.985680,-0.430682,-0.001051
1870375300.000,OLV,recording,shake_phone,12,-0.782335,-0.106258,5.245171,1.876809,-0.221592,0.079998
1870375310.000,OLV,recording,shake_phone,12,-0.521755,-0.357741,5.183357,1.774579,-0.169586,0.118731
1870375320.000,OLV,recording,shake_phone,12,-0.222623,-0.672788,4.675907,1.645491,-0.252700,0.100007
1870375330.000,OLV,recording,shake_phone,12,0.069256,-0.877487,3.774101,1.457144,-0.397002,0.019958
1870375340.000,OLV,recording,shake_phone,12,0.299584,-0.881285,2.739189,1.201863,-0.518860,-0.103291
1870375350.000,OLV,recording,shake_phone,12,0.409990,-0.802076,1.739183,0.902201,-0.543245,-0.235871
1870375360.000,OLV,recording,shake_phone,12,0.381527,-0.703292,0.909816,0.595797,-0.425856,-0.348432
1870375370.000,OLV,recording,shake_phone,12,0.337043,-0.575111,0.626033,0.317442,-0.179274,-0.427607
1870375380.000,OLV,recording,shake_phone,12,0.317332,-0.448442,0.925541,0.092892,0.159291,-0.475428
1870375390.000,OLV,recording,shake_phone,12,0.085767,-0.202491,1.334637,-0.075253,0.556006,-0.487069
1870375400.000,OLV,recording,shake_phone,12,-0.282081,0.031099,1.590180,-0.218679,0.952077,-0.458450
1870375410.000,OLV,recording,shake_phone,12,-0.401488,0.030893,1.857547,-0.381726,1.258457,-0.414284
1870375420.000,OLV,recording,shake_phone,12,-0.355730,-0.102237,2.233422,-0.584661,1.411047,-0.397852
1870375430.000,OLV,recording,shake_phone,12,-0.470912,-0.175710,2.629075,-0.821694,1.416876,-0.428435
1870375440.000,OLV,recording,shake_phone,12,-0.882942,-0.057926,2.737517,-1.074981,1.374750,-0.480517
1870375450.000,OLV,recording,shake_phone,12,-1.334386,0.102696,2.886525,-1.318862,1.411539,-0.511800
1870375460.000,OLV,recording,shake_phone,12,-1.745308,0.140794,3.800354,-1.507262,1.543209,-0.498179
1870375470.000,OLV,recording,shake_phone,12,-3.132298,-0.055545,7.946148,-1.512104,1.503168,-0.435594
1870375480.000,OLV,recording,shake_phone,12,-5.585122,0.008915,13.950010,-1.192727,1.059091,-0.307297
1870375490.000,OLV,recording,shake_phone,12,-7.042253,0.519005,15.195397,-0.674858,0.571692,-0.060793
1870375500.000,OLV,recording,shake_phone,12,-7.551334,0.556778,15.631865,-0.128523,0.151231,0.290693
1870375510.000,OLV,recording,shake_phone,12,-6.689499,0.525534,15.816973,0.343926,-0.251968,0.596051
1870375520.000,OLV,recording,shake_phone,12,-3.988364,0.513901,12.232146,0.605701,-0.317763,0.717790
1870375530.000,OLV,recording,shake_phone,12,-2.044489,-0.018554,9.742740,0.700927,-0.017388,0.632591
1870375540.000,OLV,recording,shake_phone,12,-1.880697,-0.116443,8.878356,0.754734,0.467399,0.400276
1870375550.000,OLV,recording,shake_phone,12,-2.117120,-0.066726,9.322025,0.777322,0.968486,0.104006
1870375560.000,OLV,recording,shake_phone,12,-2.033761,-0.008615,9.879546,0.600065,1.322816,-0.175926
1870375570.000,OLV,recording,shake_phone,12,-2.305830,0.591642,8.632422,-0.005986,1.428958,-0.317708
1870375580.000,OLV,recording,shake_phone,12,-2.386912,0.965326,8.155645,-0.894200,1.405905,-0.320104
1870375590.000,OLV,recording,shake_phone,12,-2.198042,0.504164,10.416473,-1.675276,1.437415,-0.331872
1870375600.000,OLV,recording,shake_phone,12,-2.557814,-0.455532,11.946220,-2.224134,1.615992,-0.371089
1870375610.000,OLV,recording,shake_phone,12,-3.573032,-1.130665,13.226247,-2.528631,1.844747,-0.364656
1870375620.000,OLV,recording,shake_phone,12,-3.835184,-1.322542,15.313083,-2.514003,1.965257,-0.298820
1870375630.000,OLV,recording,shake_phone,12,-3.763457,-0.869848,16.485445,-2.154293,2.034561,-0.156243
1870375640.000,OLV,recording,shake_phone,12,-3.851301,-0.319714,16.743052,-1.504878,2.115116,0.062648
1870375650.000,OLV,recording,shake_phone,12,-3.830784,-0.128348,16.001100,-0.698751,2.166921,0.314431
1870375660.000,OLV,recording,shake_phone,12,-3.993367,-0.170244,14.523704,0.076408,2.175547,0.551149
1870375670.000,OLV,recording,shake_phone,12,-4.258294,-0.263746,12.998078,0.656124,2.130371,0.731951
1870375680.000,OLV,recording,shake_phone,12,-4.945130,-0.025346,11.779722,0.960981,1.997110,0.844861
1870375690.000,OLV,recording,shake_phone,12,-5.435139,0.468305,10.981389,1.029031,1.794177,0.900421
1870375700.000,OLV,recording,shake_phone,12,-5.780288,1.072777,10.436110,0.971982,1.571802,0.912116
1870375710.000,OLV,recording,shake_phone,12,-6.086458,1.541352,10.244102,0.906483,1.356567,0.888777
1870375720.000,OLV,recording,shake_phone,12,-6.268485,1.913265,10.371209,0.907669,1.149984,0.849451
1870375730.000,OLV,recording,shake_phone,12,-6.121435,2.069504,10.348657,0.984104,0.904879,0.814889
1870375740.000,OLV,recording,shake_phone,12,-5.795657,2.028603,10.153627,1.094328,0.564678,0.772252
1870375750.000,OLV,recording,shake_phone,12,-5.401786,1.921237,9.663408,1.177823,0.154196,0.688174
1870375760.000,OLV,recording,shake_phone,12,-4.878923,1.710358,8.863712,1.170433,-0.234165,0.549857
1870375770.000,OLV,recording,shake_phone,12,-4.641133,1.649735,8.852424,1.065422,-0.574495,0.392501
1870375780.000,OLV,recording,shake_phone,12,-4.435830,1.797585,9.341594,0.882401,-0.943818,0.249680
1870375790.000,OLV,recording,shake_phone,12,-4.308208,2.055978,9.318587,0.602624,-1.394039,0.113370
1870375800.000,OLV,recording,shake_phone,12,-4.580780,2.274142,8.957709,0.274701,-1.801015,0.015144
1870375810.000,OLV,recording,shake_phone,12,-4.716300,2.209649,9.212933,0.042156,-1.982669,0.011966
1870375820.000,OLV,recording,shake_phone,12,-4.394181,1.976934,10.476315,0.005647,-1.945213,0.086474
1870375830.000,OLV,recording,shake_phone,12,-3.558080,1.633726,11.392628,0.140877,-1.828696,0.158053
1870375840.000,OLV,recording,shake_phone,12,-2.516855,1.259924,11.012302,0.342289,-1.742485,0.178043
1870375850.000,OLV,recording,shake_phone,12,-1.908350,0.878795,10.065154,0.529067,-1.674915,0.166016
1870375860.000,OLV,recording,shake_phone,12,-2.016174,0.416640,9.373275,0.684763,-1.573250,0.148204
1870375870.000,OLV,recording,shake_phone,12,-2.602507,0.415711,8.833047,0.800200,-1.475495,0.127336
1870375880.000,OLV,recording,shake_phone,12,-3.078586,0.862974,8.342913,0.852537,-1.451117,0.095987
1870375890.000,OLV,recording,shake_phone,12,-3.093473,1.188241,7.957090,0.839234,-1.506369,0.035716
1870375900.000,OLV,recording,shake_phone,12,-2.900468,1.124632,7.927327,0.783736,-1.597514,-0.081668
1870375910.000,OLV,recording,shake_phone,12,-2.816295,0.846318,7.826710,0.707950,-1.659235,-0.267418
1870375920.000,OLV,recording,shake_phone,12,-2.608737,0.843058,7.075693,0.608883,-1.616637,-0.489317
1870375930.000,OLV,recording,shake_phone,12,-2.588440,0.651688,6.511716,0.501850,-1.454568,-0.679477
1870375940.000,OLV,recording,shake_phone,12,-3.075185,0.514226,6.891575,0.438807,-1.206057,-0.781124
1870375950.000,OLV,recording,shake_phone,12,-3.400086,0.704412,7.465999,0.460003,-0.882239,-0.776981
1870375960.000,OLV,recording,shake_phone,12,-3.060517,0.734557,7.914540,0.579136,-0.532022,-0.689359
1870375970.000,OLV,recording,shake_phone,12,-2.426065,0.627502,8.208888,0.775246,-0.259219,-0.569563
1870375980.000,OLV,recording,shake_phone,12,-1.881947,0.378432,7.615200,0.987516,-0.144324,-0.463900
1870375990.000,OLV,recording,shake_phone,12,-1.410799,0.215692,6.468534,1.152989,-0.196370,-0.390291
1870376000.000,OLV,recording,shake_phone,12,-1.147747,0.207059,5.564403,1.244802,-0.340866,-0.342825
1870376010.000,OLV,recording,shake_phone,12,-1.075197,0.357543,4.913939,1.262258,-0.479290,-0.310855
1870376020.000,OLV,recording,shake_phone,12,-1.069636,0.585971,4.553974,1.213428,-0.542956,-0.293684
1870376030.000,OLV,recording,shake_phone,12,-0.959641,0.672540,4.552505,1.112254,-0.476128,-0.294047
1870376040.000,OLV,recording,shake_phone,12,-0.527193,0.772636,4.089564,0.968167,-0.247184,-0.307003
1870376050.000,OLV,recording,shake_phone,12,-0.231943,0.860518,3.739624,0.793196,0.062306,-0.323436
1870376060.000,OLV,recording,shake_phone,12,-0.248053,0.784057,3.804924,0.592167,0.318409,-0.347143
1870376070.000,OLV,recording,shake_phone,12,-0.366885,0.762174,3.677556,0.354500,0.428934,-0.392010
1870376080.000,OLV,recording,shake_phone,12,-0.799385,0.784839,3.927397,0.076191,0.336015,-0.464048
1870376090.000,OLV,recording,shake_phone,12,-1.255724,0.936206,4.213005,-0.244677,0.034082,-0.555874
1870376100.000,OLV,recording,shake_phone,12,-1.664017,1.157378,4.573736,-0.610770,-0.430592,-0.644936
1870376110.000,OLV,recording,shake_phone,12,-1.967677,1.406345,5.073098,-1.000502,-0.960163,-0.697480
1870376120.000,OLV,recording,shake_phone,12,-2.111588,1.606280,6.046884,-1.367745,-1.450468,-0.690952
1870376130.000,OLV,recording,shake_phone,12,-1.969241,1.733818,7.364054,-1.674736,-1.851936,-0.633830
1870376140.000,OLV,recording,shake_phone,12,-1.704032,1.794510,8.686349,-1.911704,-2.159645,-0.548283
1870376150.000,OLV,recording,shake_phone,12,-1.508728,1.834619,9.981359,-2.088273,-2.377800,-0.443912
1870376160.000,OLV,recording,shake_phone,12,-1.321599,1.880866,11.408362,-2.207159,-2.507782,-0.315969
1870376170.000,OLV,recording,shake_phone,12,-1.108173,2.010575,13.094880,-2.256234,-2.549501,-0.156242
1870376180.000,OLV,recording,shake_phone,12,-0.808090,2.311192,14.844209,-2.221101,-2.495798,0.029991
1870376190.000,OLV,recording,shake_phone,12,-0.458834,2.812342,16.546719,-2.092149,-2.338103,0.217296
1870376200.000,OLV,recording,shake_phone,12,-0.096630,3.442415,18.102136,-1.867508,-2.083557,0.372987
1870376210.000,OLV,recording,shake_phone,12,0.346890,4.017845,19.202849,-1.561421,-1.749845,0.462958
1870376220.000,OLV,recording,shake_phone,12,0.835646,4.372730,19.786659,-1.199392,-1.364730,0.457853
1870376230.000,OLV,recording,shake_phone,12,1.242247,4.439361,20.032541,-0.804112,-0.980159,0.352949
1870376240.000,OLV,recording,shake_phone,12,1.400217,4.260410,19.986926,-0.390424,-0.648706,0.173098
1870376250.000,OLV,recording,shake_phone,12,1.330815,3.914535,19.648088,0.029180,-0.397809,-0.039576
1870376260.000,OLV,recording,shake_phone,12,1.068105,3.446009,19.119593,0.441044,-0.232151,-0.239934
1870376270.000,OLV,recording,shake_phone,12,0.667596,2.963913,18.432120,0.831738,-0.130512,-0.397583
1870376280.000,OLV,recording,shake_phone,12,0.276548,2.498163,17.582271,1.186052,-0.052948,-0.502560
1870376290.000,OLV,recording,shake_phone,12,0.039119,1.981778,16.716834,1.489952,0.039233,-0.556809
1870376300.000,OLV,recording,shake_phone,12,-0.028633,1.400779,15.882548,1.739084,0.166555,-0.562502
1870376310.000,OLV,recording,shake_phone,12,-0.056398,0.862234,15.035367,1.938398,0.328170,-0.520261
1870376320.000,OLV,recording,shake_phone,12,-0.124947,0.475970,14.164892,2.094885,0.513517,-0.433916
1870376330.000,OLV,recording,shake_phone,12,-0.184241,0.256601,13.320374,2.216802,0.702547,-0.314205
1870376340.000,OLV,recording,shake_phone,12,-0.212607,0.162704,12.510138,2.308064,0.862682,-0.186121
1870376350.000,OLV,recording,shake_phone,12,-0.246897,0.135649,11.704931,2.368101,0.980760,-0.076435
1870376360.000,OLV,recording,shake_phone,12,-0.238614,0.136465,10.878621,2.398069,1.071184,-0.001521
1870376370.000,OLV,recording,shake_phone,12,-0.121885,0.106391,10.033791,2.401525,1.140352,0.034825
1870376380.000,OLV,recording,shake_phone,12,0.053207,0.053144,9.159896,2.386669,1.182381,0.040068
1870376390.000,OLV,recording,shake_phone,12,0.145702,-0.004700,8.204909,2.365437,1.194240,0.022018
1870376400.000,OLV,recording,shake_phone,12,0.130974,-0.073592,7.285204,2.347363,1.176773,-0.010990
1870376410.000,OLV,recording,shake_phone,12,0.044363,-0.119212,6.513054,2.336059,1.134951,-0.051007
1870376420.000,OLV,recording,shake_phone,12,-0.101066,-0.146272,5.854067,2.329834,1.089698,-0.093093
1870376430.000,OLV,recording,shake_phone,12,-0.212536,-0.186021,5.222527,2.321271,1.067886,-0.134510
1870376440.000,OLV,recording,shake_phone,12,-0.245309,-0.260423,4.620963,2.301416,1.080470,-0.170573
1870376450.000,OLV,recording,shake_phone,12,-0.279610,-0.326915,4.090510,2.263501,1.123100,-0.199586
1870376460.000,OLV,recording,shake_phone,12,-0.354239,-0.371083,3.625092,2.201768,1.184131,-0.223481
1870376470.000,OLV,recording,shake_phone,12,-0.480922,-0.394047,3.216491,2.112278,1.245888,-0.242138
1870376480.000,OLV,recording,shake_phone,12,-0.656671,-0.407305,2.817689,1.992512,1.282503,-0.254993
1870376490.000,OLV,recording,shake_phone,12,-0.875875,-0.436620,2.379692,1.832378,1.262335,-0.258729
1870376500.000,OLV,recording,shake_phone,12,-1.154430,-0.413911,1.862838,1.612005,1.156510,-0.246699
1870376510.000,OLV,recording,shake_phone,12,-1.463535,-0.271527,1.316294,1.317688,0.965852,-0.214893
1870376520.000,OLV,recording,shake_phone,12,-1.685798,-0.035984,0.850749,0.955239,0.728249,-0.165849
1870376530.000,OLV,recording,shake_phone,12,-1.750050,0.223824,0.514397,0.542214,0.482459,-0.111194
1870376540.000,OLV,recording,shake_phone,12,-1.717428,0.507655,0.403943,0.097556,0.246381,-0.064931
1870376550.000,OLV,recording,shake_phone,12,-1.634051,0.833309,0.548472,-0.364198,0.020069,-0.038369
1870376560.000,OLV,recording,shake_phone,12,-1.561293,1.159741,0.933971,-0.828950,-0.204589,-0.041603
1870376570.000,OLV,recording,shake_phone,12,-1.507956,1.442532,1.555931,-1.278635,-0.436569,-0.074172
1870376580.000,OLV,recording,shake_phone,12,-1.367475,1.665679,2.374006,-1.695400,-0.679600,-0.129936
1870376590.000,OLV,recording,shake_phone,12,-1.168775,1.851185,3.315408,-2.068092,-0.922022,-0.204375
1870376600.000,OLV,recording,shake_phone,12,-1.040346,1.957051,4.289685,-2.397231,-1.140933,-0.290387
1870376610.000,OLV,recording,shake_phone,12,-0.954154,1.938957,5.220522,-2.694392,-1.323978,-0.371024
1870376620.000,OLV,recording,shake_phone,12,-0.863711,1.868241,6.113762,-2.960742,-1.476506,-0.420870
1870376630.000,OLV,recording,shake_phone,12,-0.839657,1.805873,7.067138,-3.191920,-1.622762,-0.423421
1870376640.000,OLV,recording,shake_phone,12,-0.895286,1.807333,8.195298,-3.391424,-1.792901,-0.371173
1870376650.000,OLV,recording,shake_phone,12,-0.916400,1.914992,9.787864,-3.549443,-2.009360,-0.255702
1870376660.000,OLV,recording,shake_phone,12,-0.669306,2.284005,12.141064,-3.630215,-2.288968,-0.070202
1870376670.000,OLV,recording,shake_phone,12,-0.262402,3.078930,14.698968,-3.596147,-2.573169,0.177766
1870376680.000,OLV,recording,shake_phone,12,0.134419,4.174437,16.968408,-3.433116,-2.721197,0.443948
1870376690.000,OLV,recording,shake_phone,12,0.830484,5.225406,18.962753,-3.149302,-2.630265,0.653254
1870376700.000,OLV,recording,shake_phone,12,1.814608,6.058223,20.476401,-2.769051,-2.298488,0.743935
1870376710.000,OLV,recording,shake_phone,12,2.574125,6.634606,21.465976,-2.319760,-1.788504,0.694695
1870376720.000,OLV,recording,shake_phone,12,2.977942,6.858260,21.950670,-1.825695,-1.191332,0.522162
1870376730.000,OLV,recording,shake_phone,12,3.102732,6.720040,22.072409,-1.307308,-0.619161,0.269551
1870376740.000,OLV,recording,shake_phone,12,2.895550,6.289643,21.887189,-0.779746,-0.171577,-0.006356
1870376750.000,OLV,recording,shake_phone,12,2.420940,5.809574,21.465019,-0.257264,0.101713,-0.251663
1870376760.000,OLV,recording,shake_phone,12,1.836909,5.391716,20.813111,0.243866,0.217698,-0.433003
1870376770.000,OLV,recording,shake_phone,12,1.309438,5.007435,19.973235,0.705956,0.237103,-0.546705
1870376780.000,OLV,recording,shake_phone,12,0.936803,4.600054,19.030669,1.114038,0.228880,-0.613423
1870376790.000,OLV,recording,shake_phone,12,0.725679,4.094618,17.969599,1.457155,0.249219,-0.659707
1870376800.000,OLV,recording,shake_phone,12,0.637737,3.502289,16.880202,1.728557,0.325948,-0.703129
1870376810.000,OLV,recording,shake_phone,12,0.633648,2.906331,15.819467,1.927075,0.463533,-0.750722
1870376820.000,OLV,recording,shake_phone,12,0.620967,2.326364,14.704722,2.053017,0.654540,-0.803156
1870376830.000,OLV,recording,shake_phone,12,0.562582,1.769241,13.566091,2.110341,0.875047,-0.855361
1870376840.000,OLV,recording,shake_phone,12,0.452164,1.224461,12.409174,2.110801,1.089955,-0.897812
1870376850.000,OLV,recording,shake_phone,12,0.275390,0.704657,11.206695,2.068459,1.264596,-0.919013
1870376860.000,OLV,recording,shake_phone,12,0.072724,0.228911,10.017092,1.999976,1.377234,-0.911725
1870376870.000,OLV,recording,shake_phone,12,-0.184894,-0.185196,8.886598,1.919870,1.427618,-0.875537
1870376880.000,OLV,recording,shake_phone,12,-0.488549,-0.586236,7.830421,1.836013,1.427607,-0.813661
1870376890.000,OLV,recording,shake_phone,12,-0.772159,-0.947427,6.877247,1.751323,1.394505,-0.731357
1870376900.000,OLV,recording,shake_phone,12,-1.015554,-1.181880,6.044132,1.664624,1.343865,-0.632554
1870376910.000,OLV,recording,shake_phone,12,-1.171001,-1.317953,5.327103,1.578768,1.288033,-0.527298
1870376920.000,OLV,recording,shake_phone,12,-1.230487,-1.397199,4.683536,1.497582,1.237340,-0.426362
1870376930.000,OLV,recording,shake_phone,12,-1.247060,-1.443678,4.144433,1.422231,1.197841,-0.334979
1870376940.000,OLV,recording,shake_phone,12,-1.235623,-1.461802,3.725302,1.351783,1.165879,-0.257676
1870376950.000,OLV,recording,shake_phone,12,-1.211965,-1.457890,3.375993,1.282226,1.125478,-0.196261
1870376960.000,OLV,recording,shake_phone,12,-1.282944,-1.405583,3.130521,1.208935,1.061480,-0.148905
1870376970.000,OLV,recording,shake_phone,12,-1.459365,-1.268199,2.945102,1.130612,0.967713,-0.107573
1870376980.000,OLV,recording,shake_phone,12,-1.670060,-1.053840,2.731914,1.047659,0.849973,-0.061822
1870376990.000,OLV,recording,shake_phone,12,-1.848097,-0.853897,2.485802,0.957044,0.724293,-0.005019
1870377000.000,OLV,recording,shake_phone,12,-1.951453,-0.683650,2.269260,0.852889,0.606678,0.061767
1870377010.000,OLV,recording,shake_phone,12,-1.996146,-0.535407,2.093749,0.729698,0.506169,0.132755
1870377020.000,OLV,recording,shake_phone,12,-1.959455,-0.393064,1.986138,0.583431,0.422070,0.200711
1870377030.000,OLV,recording,shake_phone,12,-1.845822,-0.250472,1.964154,0.413005,0.343677,0.260696
1870377040.000,OLV,recording,shake_phone,12,-1.673757,-0.103979,1.960780,0.221359,0.254272,0.312760
1870377050.000,OLV,recording,shake_phone,12,-1.492091,0.059745,1.974619,0.011554,0.140271,0.358830
1870377060.000,OLV,recording,shake_phone,12,-1.331518,0.269076,2.050124,-0.214739,0.000087,0.399081
1870377070.000,OLV,recording,shake_phone,12,-1.183192,0.567106,2.256548,-0.457381,-0.164363,0.429761
1870377080.000,OLV,recording,shake_phone,12,-1.052205,0.909033,2.628217,-0.713921,-0.353393,0.444659
1870377090.000,OLV,recording,shake_phone,12,-0.924623,1.295334,3.114502,-0.977839,-0.562428,0.439785
1870377100.000,OLV,recording,shake_phone,12,-0.789125,1.709528,3.611569,-1.245745,-0.777637,0.413468
1870377110.000,OLV,recording,shake_phone,12,-0.703685,2.090711,4.098724,-1.518550,-0.978323,0.367007
1870377120.000,OLV,recording,shake_phone,12,-0.675976,2.419982,4.677047,-1.796708,-1.153186,0.305707
1870377130.000,OLV,recording,shake_phone,12,-0.651212,2.680243,5.409276,-2.076298,-1.312490,0.234090
1870377140.000,OLV,recording,shake_phone,12,-0.566666,2.848527,6.284944,-2.350584,-1.481310,0.156868
1870377150.000,OLV,recording,shake_phone,12,-0.393925,2.954427,7.344702,-2.611119,-1.679192,0.079814
1870377160.000,OLV,recording,shake_phone,12,-0.183803,3.013869,8.711165,-2.851125,-1.907316,0.012461
1870377170.000,OLV,recording,shake_phone,12,0.009007,3.078013,10.385275,-3.063426,-2.148938,-0.028905
1870377180.000,OLV,recording,shake_phone,12,0.252887,3.212058,12.262643,-3.232816,-2.387212,-0.026584
1870377190.000,OLV,recording,shake_phone,12,0.602516,3.543554,14.404278,-3.330441,-2.600565,0.029159
1870377200.000,OLV,recording,shake_phone,12,1.039219,4.137483,16.742521,-3.324439,-2.748890,0.129830
1870377210.000,OLV,recording,shake_phone,12,1.684459,4.923273,19.156178,-3.192196,-2.789556,0.249728
1870377220.000,OLV,recording,shake_phone,12,2.525731,5.806330,21.374971,-2.923979,-2.683364,0.351654
1870377230.000,OLV,recording,shake_phone,12,3.391390,6.557172,22.997718,-2.531149,-2.392091,0.396519
1870377240.000,OLV,recording,shake_phone,12,4.254196,6.943443,23.943240,-2.044062,-1.916885,0.354777
1870377250.000,OLV,recording,shake_phone,12,5.008361,6.849460,24.239438,-1.499412,-1.327820,0.214852
1870377260.000,OLV,recording,shake_phone,12,5.374343,6.335787,23.968931,-0.929624,-0.719698,-0.008829
1870377270.000,OLV,recording,shake_phone,12,5.192577,5.557302,23.118269,-0.363937,-0.164283,-0.275723
1870377280.000,OLV,recording,shake_phone,12,4.571669,4.678918,21.822794,0.174234,0.304648,-0.535685
1870377290.000,OLV,recording,shake_phone,12,3.724238,3.843962,20.349170,0.668984,0.676576,-0.746538
1870377300.000,OLV,recording,shake_phone,12,2.857357,3.094582,18.805080,1.110380,0.952802,-0.886925
1870377310.000,OLV,recording,shake_phone,12,2.130770,2.418152,17.191679,1.493131,1.148864,-0.958223
1870377320.000,OLV,recording,shake_phone,12,1.632346,1.795787,15.628193,1.810150,1.286235,-0.977846
1870377330.000,OLV,recording,shake_phone,12,1.303776,1.226974,14.229551,2.055155,1.381013,-0.971194
1870377340.000,OLV,recording,shake_phone,12,1.066036,0.749948,12.989315,2.227307,1.446940,-0.955143
1870377350.000,OLV,recording,shake_phone,12,0.914778,0.377012,11.838503,2.328142,1.493268,-0.934614
1870377360.000,OLV,recording,shake_phone,12,0.752107,0.109181,10.872339,2.363793,1.512648,-0.910506
1870377370.000,OLV,recording,shake_phone,12,0.547083,-0.026042,10.107674,2.347555,1.493750,-0.882660
1870377380.000,OLV,recording,shake_phone,12,0.306512,-0.049442,9.412206,2.293652,1.442152,-0.851432
1870377390.000,OLV,recording,shake_phone,12,0.071624,-0.063164,8.689817,2.212734,1.385430,-0.819437
1870377400.000,OLV,recording,shake_phone,12,-0.083429,-0.121748,7.951047,2.112516,1.349567,-0.789417
1870377410.000,OLV,recording,shake_phone,12,-0.136860,-0.226388,7.227065,1.999724,1.336831,-0.761450
1870377420.000,OLV,recording,shake_phone,12,-0.093921,-0.326865,6.529409,1.881156,1.334849,-0.732191
1870377430.000,OLV,recording,shake_phone,12,-0.045751,-0.400819,5.861018,1.760246,1.339050,-0.701449
1870377440.000,OLV,recording,shake_phone,12,-0.042483,-0.454291,5.233279,1.634764,1.354912,-0.672382
1870377450.000,OLV,recording,shake_phone,12,-0.107413,-0.510739,4.660479,1.504372,1.379898,-0.648678
1870377460.000,OLV,recording,shake_phone,12,-0.220149,-0.576429,4.069664,1.378294,1.395041,-0.633826
1870377470.000,OLV,recording,shake_phone,12,-0.381607,-0.636767,3.498575,1.257497,1.379105,-0.630487
1870377480.000,OLV,recording,shake_phone,12,-0.647879,-0.719319,3.040394,1.137257,1.324799,-0.640331
1870377490.000,OLV,recording,shake_phone,12,-1.023065,-0.763851,2.731987,1.017241,1.233778,-0.662001
1870377500.000,OLV,recording,shake_phone,12,-1.445269,-0.718382,2.582712,0.895203,1.113218,-0.690253
1870377510.000,OLV,recording,shake_phone,13,-1.823907,-0.647064,2.541184,0.772182,0.971282,-0.716046
1870377520.000,OLV,recording,shake_phone,13,-2.126768,-0.545604,2.564473,0.651780,0.806590,-0.727575
1870377530.000,OLV,recording,shake_phone,13,-2.337795,-0.401919,2.606838,0.539362,0.607711,-0.715784
1870377540.000,OLV,recording,shake_phone,13,-2.418055,-0.239324,2.577785,0.439396,0.369013,-0.679879
1870377550.000,OLV,recording,shake_phone,13,-2.355846,-0.061064,2.378821,0.349116,0.106746,-0.622958
1870377560.000,OLV,recording,shake_phone,13,-2.242408,0.074674,1.992881,0.250435,-0.150242,-0.550623
1870377570.000,OLV,recording,shake_phone,13,-2.123485,0.174280,1.646695,0.113194,-0.388859,-0.471446
1870377580.000,OLV,recording,shake_phone,13,-2.023485,0.301201,1.600397,-0.092011,-0.630651,-0.396389
1870377590.000,OLV,recording,shake_phone,13,-2.141490,0.275027,1.633169,-0.378777,-0.919910,-0.330162
1870377600.000,OLV,recording,shake_phone,13,-2.308094,0.123929,1.611337,-0.740591,-1.254778,-0.269640
1870377610.000,OLV,recording,shake_phone,13,-2.311417,0.075382,1.827284,-1.151467,-1.579379,-0.207714
1870377620.000,OLV,recording,shake_phone,13,-2.261002,0.104027,2.368277,-1.574378,-1.853049,-0.133704
1870377630.000,OLV,recording,shake_phone,13,-2.063808,0.132465,3.108601,-1.976084,-2.074540,-0.038425
1870377640.000,OLV,recording,shake_phone,13,-1.680864,0.061902,3.951347,-2.335539,-2.272338,0.076959
1870377650.000,OLV,recording,shake_phone,13,-1.120285,0.008712,4.945049,-2.645601,-2.476643,0.203020
1870377660.000,OLV,recording,shake_phone,13,-0.545805,-0.068243,6.608435,-2.906584,-2.660100,0.333099
1870377670.000,OLV,recording,shake_phone,13,-0.011515,-0.053907,8.744175,-3.107271,-2.740988,0.458828
1870377680.000,OLV,recording,shake_phone,13,0.807033,0.128336,10.186135,-3.222680,-2.705793,0.568511
1870377690.000,OLV,recording,shake_phone,13,1.482434,0.202751,11.688218,-3.235505,-2.513081,0.659280
1870377700.000,OLV,recording,shake_phone,13,1.765158,0.150619,13.469520,-3.140429,-2.085702,0.733467
1870377710.000,OLV,recording,shake_phone,13,2.066349,0.001868,14.740413,-2.942692,-1.434729,0.795764
1870377720.000,OLV,recording,shake_phone,13,2.129149,-0.074610,15.922469,-2.654242,-0.659672,0.858784
1870377730.000,OLV,recording,shake_phone,13,1.872892,0.279229,16.872019,-2.290237,0.066097,0.934160
1870377740.000,OLV,recording,shake_phone,13,1.408365,1.172309,17.517240,-1.871229,0.598188,1.023291
1870377750.000,OLV,recording,shake_phone,13,1.050568,2.321368,17.754844,-1.424335,0.881900,1.105555
1870377760.000,OLV,recording,shake_phone,13,0.922703,3.341220,17.595209,-1.000358,0.940732,1.128726
1870377770.000,OLV,recording,shake_phone,13,1.004688,4.011354,17.120393,-0.649519,0.822046,1.039048
1870377780.000,OLV,recording,shake_phone,13,1.110913,4.374058,16.484493,-0.399963,0.570238,0.836301
1870377790.000,OLV,recording,shake_phone,13,1.060372,4.725295,16.026174,-0.266278,0.251891,0.584119
1870377800.000,OLV,recording,shake_phone,13,0.884965,5.182195,15.904676,-0.237644,-0.033738,0.363796
1870377810.000,OLV,recording,shake_phone,13,0.745347,5.622838,16.144227,-0.282039,-0.206496,0.215499
1870377820.000,OLV,recording,shake_phone,13,0.735792,5.841974,16.543417,-0.363338,-0.245799,0.119326
1870377830.000,OLV,recording,shake_phone,13,0.830750,5.784752,16.979214,-0.447985,-0.175193,0.026225
1870377840.000,OLV,recording,shake_phone,13,0.892499,5.508519,17.456684,-0.506014,-0.039143,-0.100732
1870377850.000,OLV,recording,shake_phone,13,0.716379,5.072695,17.832970,-0.516661,0.116544,-0.262031
1870377860.000,OLV,recording,shake_phone,13,0.332588,4.502999,18.043354,-0.468679,0.247858,-0.427317
1870377870.000,OLV,recording,shake_phone,13,-0.155430,3.835918,18.141990,-0.362055,0.321341,-0.563350
1870377880.000,OLV,recording,shake_phone,13,-0.698060,3.185190,18.200479,-0.208561,0.333369,-0.650844
1870377890.000,OLV,recording,shake_phone,13,-1.156661,2.564611,18.242213,-0.021935,0.298301,-0.687907
1870377900.000,OLV,recording,shake_phone,13,-1.376203,1.927179,18.288309,0.185582,0.238848,-0.688269
1870377910.000,OLV,recording,shake_phone,13,-1.417945,1.280600,18.318979,0.408415,0.196060,-0.675229
1870377920.000,OLV,recording,shake_phone,13,-1.310846,0.581508,18.306513,0.651548,0.211408,-0.666948
1870377930.000,OLV,recording,shake_phone,13,-1.089380,-0.124900,18.128898,0.917879,0.300315,-0.666356
1870377940.000,OLV,recording,shake_phone,13,-0.881742,-0.789944,17.621965,1.203597,0.466719,-0.662197
1870377950.000,OLV,recording,shake_phone,13,-0.714137,-1.420228,16.731753,1.501937,0.706173,-0.636540
1870377960.000,OLV,recording,shake_phone,13,-0.557405,-1.949404,15.429138,1.806300,0.983807,-0.577509
1870377970.000,OLV,recording,shake_phone,13,-0.328757,-2.396537,13.774151,2.110197,1.241805,-0.485365
1870377980.000,OLV,recording,shake_phone,13,-0.092123,-2.844158,11.952886,2.411858,1.425617,-0.367186
1870377990.000,OLV,recording,shake_phone,13,0.035198,-3.249283,10.145701,2.711353,1.499473,-0.227814
1870378000.000,OLV,recording,shake_phone,13,-0.045731,-3.401367,8.610031,2.996706,1.466808,-0.079967
1870378010.000,OLV,recording,shake_phone,13,-0.354661,-3.264508,7.448086,3.243280,1.374647,0.051847
1870378020.000,OLV,recording,shake_phone,13,-0.711806,-2.979201,6.452494,3.427647,1.286762,0.151600
1870378030.000,OLV,recording,shake_phone,13,-0.938256,-2.661047,5.510586,3.527563,1.246597,0.218008
1870378040.000,OLV,recording,shake_phone,13,-0.930970,-2.365584,4.665046,3.526529,1.257518,0.257599
1870378050.000,OLV,recording,shake_phone,13,-0.723898,-2.138236,3.946227,3.424607,1.289280,0.280798
1870378060.000,OLV,recording,shake_phone,13,-0.485352,-1.980351,3.358133,3.234297,1.298201,0.297723
1870378070.000,OLV,recording,shake_phone,13,-0.398174,-1.820488,2.821634,2.971595,1.255072,0.316370
1870378080.000,OLV,recording,shake_phone,13,-0.428199,-1.614208,2.243056,2.648782,1.164294,0.342880
1870378090.000,OLV,recording,shake_phone,13,-0.504189,-1.363690,1.676347,2.280207,1.063593,0.376384
1870378100.000,OLV,recording,shake_phone,13,-0.605886,-1.081200,1.222636,1.886223,0.993889,0.406027
1870378110.000,OLV,recording,shake_phone,13,-0.710297,-0.802130,0.945243,1.485023,0.965095,0.422535
1870378120.000,OLV,recording,shake_phone,13,-0.796074,-0.587964,0.806477,1.092687,0.956384,0.424723
1870378130.000,OLV,recording,shake_phone,13,-0.857649,-0.446365,0.779640,0.727136,0.938183,0.417832
1870378140.000,OLV,recording,shake_phone,13,-0.907421,-0.365678,0.831821,0.399300,0.890664,0.410283
1870378150.000,OLV,recording,shake_phone,13,-0.973591,-0.276467,0.900796,0.110129,0.809082,0.409660
1870378160.000,OLV,recording,shake_phone,13,-1.038788,-0.163035,0.989270,-0.144665,0.694508,0.417098
1870378170.000,OLV,recording,shake_phone,13,-1.105283,-0.056697,1.108900,-0.373451,0.548465,0.424307
1870378180.000,OLV,recording,shake_phone,13,-1.173941,0.089572,1.268322,-0.585303,0.379576,0.424042
1870378190.000,OLV,recording,shake_phone,13,-1.191496,0.256331,1.435951,-0.789245,0.205973,0.415159
1870378200.000,OLV,recording,shake_phone,13,-1.165712,0.441193,1.600643,-0.993096,0.049371,0.398958
1870378210.000,OLV,recording,shake_phone,13,-1.091679,0.606081,1.779347,-1.203037,-0.072166,0.378322
1870378220.000,OLV,recording,shake_phone,13,-1.003926,0.753682,1.989414,-1.421259,-0.149404,0.355932
1870378230.000,OLV,recording,shake_phone,13,-0.927343,0.881264,2.241811,-1.642863,-0.189869,0.329523
1870378240.000,OLV,recording,shake_phone,13,-0.815067,0.988515,2.546472,-1.859614,-0.213407,0.291637
1870378250.000,OLV,recording,shake_phone,13,-0.669676,1.120205,2.906890,-2.065334,-0.243599,0.232466
1870378260.000,OLV,recording,shake_phone,13,-0.584233,1.284926,3.341618,-2.259440,-0.301792,0.145318
1870378270.000,OLV,recording,shake_phone,13,-0.583086,1.448549,3.865066,-2.445055,-0.402083,0.032903
1870378280.000,OLV,recording,shake_phone,13,-0.589639,1.515153,4.485626,-2.629116,-0.555792,-0.092892
1870378290.000,OLV,recording,shake_phone,13,-0.700180,1.430989,5.300261,-2.821635,-0.775714,-0.207880
1870378300.000,OLV,recording,shake_phone,13,-0.963234,1.321226,6.441701,-3.029559,-1.060887,-0.281262
1870378310.000,OLV,recording,shake_phone,13,-1.238536,1.369158,7.969721,-3.249330,-1.380337,-0.291154
1870378320.000,OLV,recording,shake_phone,13,-1.289580,1.615644,9.897770,-3.451446,-1.684661,-0.236873
1870378330.000,OLV,recording,shake_phone,13,-0.968301,2.006337,12.133517,-3.580134,-1.922969,-0.151545
1870378340.000,OLV,recording,shake_phone,13,-0.525279,2.484542,14.484152,-3.593548,-2.082000,-0.076896
1870378350.000,OLV,recording,shake_phone,13,-0.169836,3.071187,16.985524,-3.479870,-2.196911,-0.032175
1870378360.000,OLV,recording,shake_phone,13,0.141957,3.823492,19.739370,-3.229880,-2.292179,-0.019637
1870378370.000,OLV,recording,shake_phone,13,0.578417,4.735613,22.485204,-2.829430,-2.326395,-0.041233
1870378380.000,OLV,recording,shake_phone,13,1.051832,5.692089,24.891838,-2.277916,-2.204378,-0.102199
1870378390.000,OLV,recording,shake_phone,13,1.234244,6.463968,26.689862,-1.603190,-1.870265,-0.194012
1870378400.000,OLV,recording,shake_phone,13,1.059434,6.781751,27.634796,-0.857477,-1.364835,-0.295207
1870378410.000,OLV,recording,shake_phone,13,0.698548,6.460905,27.540386,-0.109764,-0.796686,-0.386304
1870378420.000,OLV,recording,shake_phone,13,0.349043,5.648643,26.493314,0.562022,-0.289068,-0.456875
1870378430.000,OLV,recording,shake_phone,13,-0.004810,4.743185,24.842883,1.096106,0.085209,-0.504516
1870378440.000,OLV,recording,shake_phone,13,-0.335998,4.068637,22.946669,1.468334,0.334331,-0.526665
1870378450.000,OLV,recording,shake_phone,13,-0.572866,3.612666,21.146536,1.698557,0.512994,-0.526645
1870378460.000,OLV,recording,shake_phone,13,-0.633143,3.163790,19.633248,1.837618,0.672657,-0.520747
1870378470.000,OLV,recording,shake_phone,13,-0.530307,2.604239,18.259070,1.938275,0.838856,-0.530893
1870378480.000,OLV,recording,shake_phone,13,-0.457729,1.906110,16.800748,2.029153,1.018973,-0.565838
1870378490.000,OLV,recording,shake_phone,13,-0.561770,1.113026,15.156175,2.109402,1.203325,-0.609644
1870378500.000,OLV,recording,shake_phone,13,-0.797467,0.355845,13.360252,2.164303,1.366279,-0.635067
1870378510.000,OLV,recording,shake_phone,13,-1.021105,-0.257880,11.670407,2.181599,1.485505,-0.622786
1870378520.000,OLV,recording,shake_phone,13,-1.172174,-0.736967,10.256515,2.159150,1.552202,-0.568151
1870378530.000,OLV,recording,shake_phone,13,-1.240819,-1.126446,9.041555,2.105174,1.570159,-0.480754
1870378540.000,OLV,recording,shake_phone,13,-1.224187,-1.382479,7.957473,2.031620,1.545935,-0.375255
1870378550.000,OLV,recording,shake_phone,13,-1.211340,-1.578346,6.986363,1.948962,1.477247,-0.261916
1870378560.000,OLV,recording,shake_phone,13,-1.237567,-1.719383,6.196525,1.868027,1.359107,-0.145571
1870378570.000,OLV,recording,shake_phone,13,-1.313446,-1.758963,5.555912,1.797599,1.195291,-0.030172
1870378580.000,OLV,recording,shake_phone,13,-1.390965,-1.707445,4.978273,1.736734,1.008794,0.077770
1870378590.000,OLV,recording,shake_phone,13,-1.383691,-1.586293,4.430585,1.677624,0.841281,0.174029
1870378600.000,OLV,recording,shake_phone,13,-1.306676,-1.441677,3.913753,1.610836,0.729606,0.257165
1870378610.000,OLV,recording,shake_phone,13,-1.139491,-1.316704,3.462894,1.531559,0.687977,0.323171
1870378620.000,OLV,recording,shake_phone,13,-0.899680,-1.245033,3.072490,1.439333,0.698207,0.370887
1870378630.000,OLV,recording,shake_phone,13,-0.666853,-1.173195,2.723265,1.336251,0.725633,0.404897
1870378640.000,OLV,recording,shake_phone,13,-0.514109,-1.075858,2.379760,1.226434,0.754521,0.429427
1870378650.000,OLV,recording,shake_phone,13,-0.501081,-0.959570,2.036534,1.110070,0.785597,0.447646
1870378660.000,OLV,recording,shake_phone,13,-0.536023,-0.853132,1.760932,0.986297,0.810288,0.460664
1870378670.000,OLV,recording,shake_phone,13,-0.520888,-0.742870,1.550179,0.853494,0.802014,0.468121
1870378680.000,OLV,recording,shake_phone,13,-0.521477,-0.628755,1.345157,0.705157,0.735999,0.470705
1870378690.000,OLV,recording,shake_phone,13,-0.553033,-0.533085,1.108752,0.529197,0.613907,0.466668
1870378700.000,OLV,recording,shake_phone,13,-0.566758,-0.482684,0.856696,0.310162,0.452803,0.449958
1870378710.000,OLV,recording,shake_phone,13,-0.607966,-0.406531,0.682735,0.036118,0.266950,0.418686
1870378720.000,OLV,recording,shake_phone,13,-0.686282,-0.259415,0.646481,-0.290855,0.068935,0.377808
1870378730.000,OLV,recording,shake_phone,13,-0.765050,-0.078278,0.768458,-0.653523,-0.123933,0.330160
1870378740.000,OLV,recording,shake_phone,13,-0.767005,0.056038,1.017878,-1.028780,-0.287109,0.276052
1870378750.000,OLV,recording,shake_phone,13,-0.681559,0.066262,1.339034,-1.401451,-0.404033,0.214647
1870378760.000,OLV,recording,shake_phone,13,-0.589282,-0.014639,1.754312,-1.766170,-0.489007,0.142801
1870378770.000,OLV,recording,shake_phone,13,-0.533865,-0.116994,2.290711,-2.122341,-0.582512,0.062448
1870378780.000,OLV,recording,shake_phone,13,-0.551814,-0.181565,2.990223,-2.470433,-0.719799,-0.017872
1870378790.000,OLV,recording,shake_phone,13,-0.623059,-0.189474,3.905420,-2.804066,-0.910885,-0.088368
1870378800.000,OLV,recording,shake_phone,13,-0.634666,-0.096053,5.089011,-3.108187,-1.144045,-0.146208
1870378810.000,OLV,recording,shake_phone,13,-0.641736,0.071001,6.563032,-3.366287,-1.398244,-0.194613
1870378820.000,OLV,recording,shake_phone,13,-0.805050,0.268988,8.277880,-3.562619,-1.653397,-0.225689
1870378830.000,OLV,recording,shake_phone,13,-1.073121,0.555307,10.209761,-3.684695,-1.889991,-0.213852
1870378840.000,OLV,recording,shake_phone,13,-1.261941,0.955385,12.450815,-3.721025,-2.083214,-0.133471
1870378850.000,OLV,recording,shake_phone,13,-1.190118,1.412410,14.973048,-3.659666,-2.207203,0.020499
1870378860.000,OLV,recording,shake_phone,13,-0.905650,2.142364,17.524299,-3.493913,-2.233897,0.227031
1870378870.000,OLV,recording,shake_phone,13,-0.477611,3.293881,19.839380,-3.221773,-2.116832,0.448536
1870378880.000,OLV,recording,shake_phone,13,0.239351,4.575637,21.884771,-2.844321,-1.830106,0.623988
1870378890.000,OLV,recording,shake_phone,13,1.018374,5.704814,23.696276,-2.366163,-1.427658,0.678214
1870378900.000,OLV,recording,shake_phone,13,1.488577,6.486375,25.182987,-1.824947,-1.044037,0.573085
1870378910.000,OLV,recording,shake_phone,13,1.586008,6.851077,26.225201,-1.260350,-0.785224,0.330966
1870378920.000,OLV,recording,shake_phone,13,1.316806,6.718864,26.656932,-0.689624,-0.645696,0.017943
1870378930.000,OLV,recording,shake_phone,13,0.843245,6.038195,26.453461,-0.134389,-0.555984,-0.286559
1870378940.000,OLV,recording,shake_phone,13,0.396887,5.032991,25.772494,0.387183,-0.445460,-0.522343
1870378950.000,OLV,recording,shake_phone,13,0.096947,3.968662,24.703626,0.861323,-0.271679,-0.667274
1870378960.000,OLV,recording,shake_phone,13,0.012876,2.934674,23.297429,1.278016,-0.030340,-0.733805
1870378970.000,OLV,recording,shake_phone,13,0.054699,2.017685,21.713328,1.632430,0.253051,-0.745861
1870378980.000,OLV,recording,shake_phone,13,0.096729,1.262906,20.009075,1.922249,0.551535,-0.719807
1870378990.000,OLV,recording,shake_phone,13,0.153400,0.651118,18.161988,2.146929,0.841659,-0.668543
1870379000.000,OLV,recording,shake_phone,13,0.198690,0.135710,16.310214,2.308286,1.107013,-0.608805
1870379010.000,OLV,recording,shake_phone,13,0.188008,-0.321798,14.580235,2.409546,1.332147,-0.555020
1870379020.000,OLV,recording,shake_phone,13,0.170170,-0.787519,12.979315,2.457872,1.498245,-0.511813
1870379030.000,OLV,recording,shake_phone,13,0.134952,-1.201646,11.467216,2.464228,1.592492,-0.472834
1870379040.000,OLV,recording,shake_phone,13,0.081027,-1.506133,10.002538,2.441346,1.613483,-0.425894
1870379050.000,OLV,recording,shake_phone,13,0.023129,-1.727227,8.588204,2.401646,1.572362,-0.361450
1870379060.000,OLV,recording,shake_phone,13,-0.031469,-1.884125,7.169232,2.354780,1.483055,-0.277927
1870379070.000,OLV,recording,shake_phone,13,-0.099097,-1.965390,5.932511,2.304596,1.360538,-0.182905
1870379080.000,OLV,recording,shake_phone,13,-0.201442,-1.954241,5.039952,2.252095,1.224187,-0.092988
1870379090.000,OLV,recording,shake_phone,13,-0.267916,-1.893231,4.371993,2.195984,1.092557,-0.023221
1870379100.000,OLV,recording,shake_phone,13,-0.246029,-1.811051,3.819327,2.133500,0.980824,0.022175
1870379110.000,OLV,recording,shake_phone,13,-0.197582,-1.723727,3.300991,2.062286,0.902708,0.047985
1870379120.000,OLV,recording,shake_phone,13,-0.160191,-1.651249,2.771896,1.978715,0.869444,0.066741
1870379130.000,OLV,recording,shake_phone,13,-0.119205,-1.601154,2.240962,1.879439,0.877470,0.088532
1870379140.000,OLV,recording,shake_phone,13,-0.120751,-1.536851,1.809659,1.763093,0.907225,0.116996
1870379150.000,OLV,recording,shake_phone,13,-0.177657,-1.438269,1.454263,1.631486,0.939135,0.151111
1870379160.000,OLV,recording,shake_phone,13,-0.289233,-1.290711,1.143260,1.483459,0.959326,0.184093
1870379170.000,OLV,recording,shake_phone,13,-0.428537,-1.119458,0.879207,1.311080,0.960634,0.208191
1870379180.000,OLV,recording,shake_phone,13,-0.581062,-0.963479,0.681714,1.116231,0.936180,0.218024
1870379190.000,OLV,recording,shake_phone,13,-0.752775,-0.830913,0.558674,0.901183,0.868065,0.212672
1870379200.000,OLV,recording,shake_phone,13,-0.919763,-0.710824,0.413341,0.658149,0.741900,0.196406
1870379210.000,OLV,recording,shake_phone,13,-1.061017,-0.607405,0.222973,0.382618,0.566206,0.176675
1870379220.000,OLV,recording,shake_phone,13,-1.131109,-0.536679,0.028533,0.079391,0.366251,0.157429
1870379230.000,OLV,recording,shake_phone,13,-1.127836,-0.495336,-0.121316,-0.247316,0.157613,0.135507
1870379240.000,OLV,recording,shake_phone,13,-1.143681,-0.477756,-0.124210,-0.595252,-0.066357,0.107916
1870379250.000,OLV,recording,shake_phone,13,-1.283699,-0.438239,0.072724,-0.961717,-0.326172,0.078386
1870379260.000,OLV,recording,shake_phone,13,-1.482086,-0.323991,0.459504,-1.338905,-0.630548,0.058840
1870379270.000,OLV,recording,shake_phone,13,-1.609035,-0.172799,0.999682,-1.718299,-0.958193,0.057873
1870379280.000,OLV,recording,shake_phone,13,-1.546334,-0.057977,1.695110,-2.096524,-1.267733,0.065429
1870379290.000,OLV,recording,shake_phone,13,-1.250889,-0.008948,2.583226,-2.473420,-1.532070,0.061004
1870379300.000,OLV,recording,shake_phone,13,-0.862560,-0.006305,3.686032,-2.843621,-1.751351,0.029862
1870379310.000,OLV,recording,shake_phone,13,-0.531657,-0.003275,5.052075,-3.195193,-1.934191,-0.025387
1870379320.000,OLV,recording,shake_phone,13,-0.428056,0.040800,6.855071,-3.514812,-2.077398,-0.081943
1870379330.000,OLV,recording,shake_phone,13,-0.652946,0.090825,9.283764,-3.779280,-2.164871,-0.101458
1870379340.000,OLV,recording,shake_phone,13,-1.030897,0.164781,12.254033,-3.950229,-2.202557,-0.042593
1870379350.000,OLV,recording,shake_phone,13,-1.201544,0.510038,15.624324,-3.984615,-2.224670,0.103554
1870379360.000,OLV,recording,shake_phone,13,-1.194979,1.391078,18.863128,-3.856638,-2.222260,0.312872
1870379370.000,OLV,recording,shake_phone,13,-1.122996,2.750317,21.598466,-3.560333,-2.124130,0.553513
1870379380.000,OLV,recording,shake_phone,13,-0.735017,4.101966,24.030744,-3.102251,-1.882928,0.779261
1870379390.000,OLV,recording,shake_phone,13,0.103132,5.165573,26.063349,-2.508930,-1.525040,0.929030
1870379400.000,OLV,recording,shake_phone,13,1.046108,5.962013,27.530903,-1.823594,-1.114571,0.948551
1870379410.000,OLV,recording,shake_phone,13,1.565262,6.405403,28.299733,-1.093993,-0.717481,0.817974
1870379420.000,OLV,recording,shake_phone,13,1.542671,6.484596,28.497692,-0.365811,-0.390513,0.562529
1870379430.000,OLV,recording,shake_phone,13,1.071226,6.192858,28.094652,0.321811,-0.152298,0.248444
1870379440.000,OLV,recording,shake_phone,13,0.425380,5.609272,27.000206,0.939962,0.032884,-0.037538
1870379450.000,OLV,recording,shake_phone,13,-0.029994,4.893088,25.340961,1.474309,0.228544,-0.227448
1870379460.000,OLV,recording,shake_phone,13,-0.055014,4.111553,23.326677,1.923736,0.490134,-0.301582
1870379470.000,OLV,recording,shake_phone,13,0.305896,3.315737,21.108078,2.276826,0.812918,-0.289331
1870379480.000,OLV,recording,shake_phone,13,0.794507,2.587205,18.744641,2.532872,1.155158,-0.238122
1870379490.000,OLV,recording,shake_phone,13,1.220759,1.909420,16.287837,2.709310,1.487310,-0.186019
1870379500.000,OLV,recording,shake_phone,13,1.477912,1.220308,13.977337,2.818083,1.772726,-0.154865
1870379510.000,OLV,recording,shake_phone,13,1.484757,0.534889,11.974650,2.870708,1.975118,-0.147825
1870379520.000,OLV,recording,shake_phone,13,1.235495,-0.053452,10.201075,2.872684,2.082993,-0.153631
1870379530.000,OLV,recording,shake_phone,13,0.872738,-0.516478,8.681902,2.826936,2.111924,-0.159976
1870379540.000,OLV,recording,shake_phone,13,0.553800,-0.884221,7.333767,2.740141,2.082184,-0.160383
1870379550.000,OLV,recording,shake_phone,13,0.298779,-1.136000,6.155280,2.620761,1.999299,-0.152368
1870379560.000,OLV,recording,shake_phone,13,0.101099,-1.330195,5.167522,2.483000,1.862227,-0.133707
1870379570.000,OLV,recording,shake_phone,13,-0.082478,-1.466471,4.296086,2.342288,1.680006,-0.103087
1870379580.000,OLV,recording,shake_phone,13,-0.307727,-1.522171,3.569622,2.204868,1.475589,-0.062271
1870379590.000,OLV,recording,shake_phone,13,-0.573835,-1.543770,2.995923,2.068159,1.275513,-0.018578
1870379600.000,OLV,recording,shake_phone,13,-0.870862,-1.561636,2.531889,1.924786,1.101273,0.019096
1870379610.000,OLV,recording,shake_phone,13,-1.098108,-1.539278,2.131280,1.767435,0.962328,0.048412
1870379620.000,OLV,recording,shake_phone,13,-1.219459,-1.480888,1.768462,1.590378,0.852148,0.072111
1870379630.000,OLV,recording,shake_phone,13,-1.282797,-1.391095,1.469468,1.390334,0.749199,0.095200
1870379640.000,OLV,recording,shake_phone,13,-1.334277,-1.289574,1.242225,1.166926,0.627433,0.124441
1870379650.000,OLV,recording,shake_phone,13,-1.378974,-1.172935,1.116201,0.922236,0.472547,0.163366
1870379660.000,OLV,recording,shake_phone,13,-1.429639,-1.025380,1.077601,0.660270,0.286934,0.205905
1870379670.000,OLV,recording,shake_phone,13,-1.487381,-0.841812,1.094722,0.386911,0.090077,0.243104
1870379680.000,OLV,recording,shake_phone,13,-1.501311,-0.641826,1.141242,0.111233,-0.090056,0.269404
1870379690.000,OLV,recording,shake_phone,13,-1.449047,-0.462906,1.223307,-0.159451,-0.233680,0.281929
1870379700.000,OLV,recording,shake_phone,13,-1.359179,-0.345909,1.322027,-0.422710,-0.334570,0.282273
1870379710.000,OLV,recording,shake_phone,13,-1.235633,-0.277701,1.421599,-0.678974,-0.401140,0.271984
1870379720.000,OLV,recording,shake_phone,13,-1.047771,-0.223765,1.514954,-0.931344,-0.450742,0.249072
1870379730.000,OLV,recording,shake_phone,13,-0.825661,-0.224950,1.627428,-1.186827,-0.508875,0.211476
1870379740.000,OLV,recording,shake_phone,13,-0.640450,-0.267547,1.828264,-1.455397,-0.605009,0.155857
1870379750.000,OLV,recording,shake_phone,13,-0.539800,-0.264834,2.161659,-1.732530,-0.750140,0.084010
1870379760.000,OLV,recording,shake_phone,13,-0.503020,-0.224164,2.693695,-2.009297,-0.941184,0.003443
1870379770.000,OLV,recording,shake_phone,13,-0.498681,-0.193394,3.392457,-2.284532,-1.165512,-0.081208
1870379780.000,OLV,recording,shake_phone,13,-0.501401,-0.198927,4.164646,-2.554888,-1.395103,-0.161458
1870379790.000,OLV,recording,shake_phone,13,-0.536433,-0.213002,5.038461,-2.816166,-1.605060,-0.224244
1870379800.000,OLV,recording,shake_phone,13,-0.593221,-0.216378,6.114211,-3.062896,-1.787146,-0.257956
1870379810.000,OLV,recording,shake_phone,13,-0.625404,-0.193106,7.351952,-3.286108,-1.938308,-0.253255
1870379820.000,OLV,recording,shake_phone,13,-0.528406,-0.112276,8.715056,-3.474761,-2.049604,-0.207844
1870379830.000,OLV,recording,shake_phone,13,-0.196891,0.056399,10.422872,-3.615296,-2.117145,-0.133437
1870379840.000,OLV,recording,shake_phone,13,0.233000,0.467684,12.741058,-3.683806,-2.152130,-0.043081
1870379850.000,OLV,recording,shake_phone,13,0.518768,1.300349,15.354909,-3.652831,-2.150842,0.062869
1870379860.000,OLV,recording,shake_phone,13,0.665731,2.389263,17.929328,-3.504891,-2.074902,0.182081
1870379870.000,OLV,recording,shake_phone,13,0.948953,3.496162,20.358409,-3.235444,-1.893194,0.298081
1870379880.000,OLV,recording,shake_phone,13,1.298959,4.460962,22.425282,-2.855300,-1.615706,0.386105
1870379890.000,OLV,recording,shake_phone,13,1.533171,5.141410,24.159075,-2.386190,-1.294607,0.421814
1870379900.000,OLV,recording,shake_phone,13,1.751932,5.555822,25.489673,-1.851373,-0.991517,0.388860
1870379910.000,OLV,recording,shake_phone,13,1.981020,5.669792,26.268875,-1.276434,-0.721072,0.288435
1870379920.000,OLV,recording,shake_phone,13,2.120740,5.444562,26.423076,-0.688824,-0.456670,0.140685
1870379930.000,OLV,recording,shake_phone,13,2.141817,4.871281,25.983260,-0.116009,-0.181235,-0.027255
1870379940.000,OLV,recording,shake_phone,13,1.969839,4.071242,25.078707,0.418795,0.098368,-0.188941
1870379950.000,OLV,recording,shake_phone,13,1.525320,3.265523,23.857221,0.900058,0.369118,-0.322122
1870379960.000,OLV,recording,shake_phone,13,0.939578,2.563692,22.438210,1.317419,0.624132,-0.411141
1870379970.000,OLV,recording,shake_phone,13,0.422232,1.942113,20.905610,1.667717,0.862445,-0.451733
1870379980.000,OLV,recording,shake_phone,13,0.093843,1.356992,19.306257,1.953167,1.084979,-0.454207
1870379990.000,OLV,recording,shake_phone,13,-0.003966,0.805229,17.696161,2.175360,1.292231,-0.435908
1870380000.000,OLV,recording,shake_phone,13,0.086917,0.290733,16.100071,2.335088,1.478697,-0.411887
1870380010.000,OLV,recording,shake_phone,13,0.259192,-0.203728,14.545766,2.437453,1.622738,-0.393699
1870380020.000,OLV,recording,shake_phone,13,0.339589,-0.664085,13.079170,2.493282,1.698572,-0.385377
1870380030.000,OLV,recording,shake_phone,13,0.244698,-1.026827,11.635895,2.514528,1.703585,-0.380288
1870380040.000,OLV,recording,shake_phone,13,0.063127,-1.289020,10.223559,2.512554,1.659326,-0.369262
1870380050.000,OLV,recording,shake_phone,13,-0.066355,-1.523315,8.917494,2.495340,1.591796,-0.345167
1870380060.000,OLV,recording,shake_phone,13,-0.152198,-1.729591,7.710797,2.468196,1.525921,-0.301278
1870380070.000,OLV,recording,shake_phone,13,-0.242705,-1.899424,6.551105,2.431055,1.487625,-0.230537
1870380080.000,OLV,recording,shake_phone,13,-0.341751,-1.987457,5.493731,2.379492,1.490091,-0.132954
1870380090.000,OLV,recording,shake_phone,13,-0.353397,-1.980639,4.520738,2.309809,1.525328,-0.021431
1870380100.000,OLV,recording,shake_phone,13,-0.230142,-1.920695,3.620395,2.217800,1.567040,0.085117
1870380110.000,OLV,recording,shake_phone,13,-0.139145,-1.829754,2.886269,2.103560,1.582591,0.169263
1870380120.000,OLV,recording,shake_phone,13,-0.192896,-1.699275,2.366795,1.969298,1.542389,0.221521
1870380130.000,OLV,recording,shake_phone,13,-0.394880,-1.516917,1.985887,1.819705,1.432360,0.244384
1870380140.000,OLV,recording,shake_phone,13,-0.695950,-1.311879,1.682253,1.658768,1.266266,0.248042
1870380150.000,OLV,recording,shake_phone,13,-1.042659,-1.125064,1.426521,1.487720,1.075318,0.247786
1870380160.000,OLV,recording,shake_phone,13,-1.368370,-0.967945,1.208092,1.311068,0.893659,0.257239
1870380170.000,OLV,recording,shake_phone,13,-1.582695,-0.832675,1.036938,1.130015,0.747391,0.281787
1870380180.000,OLV,recording,shake_phone,13,-1.698119,-0.722582,0.867610,0.941221,0.652271,0.318752
1870380190.000,OLV,recording,shake_phone,13,-1.669738,-0.644716,0.658306,0.736604,0.612965,0.358350
1870380200.000,OLV,recording,shake_phone,13,-1.527217,-0.571510,0.441150,0.505812,0.610478,0.391666
1870380210.000,OLV,recording,shake_phone,13,-1.371833,-0.481675,0.284250,0.245613,0.599979,0.415545
1870380220.000,OLV,recording,shake_phone,13,-1.226669,-0.374767,0.151825,-0.040966,0.537198,0.430362
1870380230.000,OLV,recording,shake_phone,13,-1.155487,-0.229714,0.034179,-0.351696,0.398412,0.434596
1870380240.000,OLV,recording,shake_phone,13,-1.129425,-0.016608,-0.026749,-0.686764,0.176454,0.422812
1870380250.000,OLV,recording,shake_phone,13,-1.097948,0.263068,0.074726,-1.046544,-0.125936,0.387217
1870380260.000,OLV,recording,shake_phone,13,-1.006978,0.568543,0.452895,-1.424577,-0.495154,0.322009
1870380270.000,OLV,recording,shake_phone,13,-0.786289,0.775674,1.097711,-1.808127,-0.902877,0.227970
1870380280.000,OLV,recording,shake_phone,13,-0.579773,0.823059,1.970561,-2.185551,-1.308550,0.111701
1870380290.000,OLV,recording,shake_phone,13,-0.482348,0.761757,3.073791,-2.543586,-1.678219,-0.015685
1870380300.000,OLV,recording,shake_phone,13,-0.441116,0.676843,4.350986,-2.868126,-2.007750,-0.141016
1870380310.000,OLV,recording,shake_phone,13,-0.415217,0.631418,5.768665,-3.147384,-2.313361,-0.252563
1870380320.000,OLV,recording,shake_phone,13,-0.382047,0.582231,7.210823,-3.361088,-2.576147,-0.338614
1870380330.000,OLV,recording,shake_phone,13,-0.292644,0.451810,8.669257,-3.492794,-2.749170,-0.391963
1870380340.000,OLV,recording,shake_phone,13,-0.168593,0.296303,10.244427,-3.545288,-2.809836,-0.405211
1870380350.000,OLV,recording,shake_phone,13,0.002836,0.397960,12.038048,-3.520285,-2.767088,-0.361485
1870380360.000,OLV,recording,shake_phone,13,0.415411,0.829294,13.943633,-3.409536,-2.643816,-0.257181
1870380370.000,OLV,recording,shake_phone,13,1.032354,1.448328,15.565736,-3.206491,-2.449841,-0.114065
1870380380.000,OLV,recording,shake_phone,13,1.601438,2.078946,16.724341,-2.917625,-2.174231,0.036154
1870380390.000,OLV,recording,shake_phone,13,2.077731,2.476894,17.403189,-2.564289,-1.816026,0.151478
1870380400.000,OLV,recording,shake_phone,13,2.552075,2.573875,17.719021,-2.176719,-1.415339,0.188819
1870380410.000,OLV,recording,shake_phone,13,2.930398,2.385358,17.705363,-1.786583,-1.043971,0.132039
1870380420.000,OLV,recording,shake_phone,13,2.974430,2.032406,17.443479,-1.417979,-0.764780,-0.000459
1870380430.000,OLV,recording,shake_phone,13,2.656135,1.661093,17.037029,-1.085256,-0.598924,-0.166774
1870380440.000,OLV,recording,shake_phone,13,2.057822,1.390046,16.551116,-0.793446,-0.527302,-0.318535
1870380450.000,OLV,recording,shake_phone,13,1.325883,1.262934,15.973047,-0.541764,-0.505739,-0.417515
1870380460.000,OLV,recording,shake_phone,13,0.754049,1.176827,15.336779,-0.327999,-0.497773,-0.448092
1870380470.000,OLV,recording,shake_phone,13,0.539093,1.035229,14.763645,-0.149787,-0.491433,-0.424476
1870380480.000,OLV,recording,shake_phone,13,0.640605,0.863659,14.340202,-0.005243,-0.488945,-0.380827
1870380490.000,OLV,recording,shake_phone,13,0.819325,0.748668,14.079045,0.109420,-0.489164,-0.348141
1870380500.000,OLV,recording,shake_phone,13,1.013976,0.769217,13.883766,0.200283,-0.476055,-0.340582
1870380510.000,OLV,recording,shake_phone,13,1.241572,0.900466,13.677235,0.274090,-0.427362,-0.355988
1870380520.000,OLV,recording,shake_phone,13,1.357794,1.068019,13.496575,0.336593,-0.333706,-0.388130
1870380530.000,OLV,recording,shake_phone,13,1.282193,1.210558,13.366148,0.391804,-0.213919,-0.429709
1870380540.000,OLV,recording,shake_phone,13,1.172246,1.309750,13.315159,0.440365,-0.091951,-0.478009
1870380550.000,OLV,recording,shake_phone,14,1.100530,1.307931,13.481018,0.480923,0.022708,-0.537975
1870380560.000,OLV,recording,shake_phone,14,0.956616,1.195277,13.799505,0.513413,0.123873,-0.605549
1870380570.000,OLV,recording,shake_phone,14,0.646233,1.027687,14.180789,0.540630,0.197439,-0.664017
1870380580.000,OLV,recording,shake_phone,14,0.111248,0.900369,14.704830,0.561585,0.223238,-0.689533
1870380590.000,OLV,recording,shake_phone,14,-0.371643,0.893373,15.289169,0.574649,0.198858,-0.661555
1870380600.000,OLV,recording,shake_phone,14,-0.553320,0.955331,15.966931,0.586208,0.148340,-0.576793
1870380610.000,OLV,recording,shake_phone,14,-0.265868,1.014642,16.721195,0.611402,0.114541,-0.468926
1870380620.000,OLV,recording,shake_phone,14,0.647509,0.945845,17.483569,0.663488,0.124049,-0.398570
1870380630.000,OLV,recording,shake_phone,14,1.547001,0.727236,18.284688,0.743720,0.166663,-0.409197
1870380640.000,OLV,recording,shake_phone,14,1.938345,0.435897,18.840106,0.844524,0.229463,-0.505857
1870380650.000,OLV,recording,shake_phone,14,1.857619,0.033306,19.167295,0.954634,0.300178,-0.662194
1870380660.000,OLV,recording,shake_phone,14,1.384316,-0.502809,19.265549,1.066852,0.370460,-0.830222
1870380670.000,OLV,recording,shake_phone,14,0.831028,-1.078811,18.862812,1.181936,0.463351,-0.952429
1870380680.000,OLV,recording,shake_phone,14,0.437469,-1.651668,17.914560,1.303266,0.610006,-0.981017
1870380690.000,OLV,recording,shake_phone,14,0.407901,-2.143190,16.436001,1.429148,0.817369,-0.896995
1870380700.000,OLV,recording,shake_phone,14,0.761341,-2.485639,14.659534,1.553627,1.071742,-0.717196
1870380710.000,OLV,recording,shake_phone,14,1.221481,-2.679406,12.835464,1.667949,1.345819,-0.479301
1870380720.000,OLV,recording,shake_phone,14,1.857774,-2.643129,10.888199,1.758936,1.598952,-0.227621
1870380730.000,OLV,recording,shake_phone,14,2.639950,-2.447057,8.973829,1.815735,1.774678,-0.006157
1870380740.000,OLV,recording,shake_phone,14,3.036976,-2.151883,7.216237,1.839357,1.820101,0.149156
1870380750.000,OLV,recording,shake_phone,14,2.747020,-1.717079,5.573759,1.837863,1.727440,0.224660
1870380760.000,OLV,recording,shake_phone,14,1.924169,-1.169418,4.236532,1.821958,1.542476,0.235494
1870380770.000,OLV,recording,shake_phone,14,0.902473,-0.562509,3.030601,1.805732,1.322568,0.216796
1870380780.000,OLV,recording,shake_phone,14,-0.017073,-0.064413,1.763227,1.795432,1.116192,0.212056
1870380790.000,OLV,recording,shake_phone,14,-0.367175,0.106096,0.573479,1.781991,0.959345,0.252218
1870380800.000,OLV,recording,shake_phone,14,-0.100526,-0.396655,-0.127824,1.764080,0.846714,0.329410
1870380810.000,OLV,recording,shake_phone,14,0.028671,-0.734647,-0.184427,1.767770,0.744817,0.408015
1870380820.000,OLV,recording,shake_phone,14,-0.028318,-0.411180,0.002119,1.798695,0.663333,0.459163
1870380830.000,OLV,recording,shake_phone,14,0.028453,-0.230133,0.045706,1.823066,0.625031,0.484148
1870380840.000,OLV,recording,shake_phone,14,0.019323,-0.199654,0.008462,1.829055,0.615212,0.497277
1870380850.000,OLV,recording,shake_phone,14,0.031817,-0.229108,0.050666,1.828016,0.617215,0.504537
1870380860.000,OLV,recording,shake_phone,14,0.029071,-0.214526,0.049710,1.823530,0.623936,0.510589
1870380870.000,OLV,recording,shake_phone,14,0.030115,-0.215620,0.054297,1.816272,0.632948,0.516674
1870380880.000,OLV,recording,shake_phone,14,0.020972,-0.219858,0.060000,1.809014,0.645114,0.522307
1870380890.000,OLV,recording,shake_phone,14,0.031222,-0.210631,0.064131,1.802130,0.659302,0.527419
1870380900.000,OLV,recording,shake_phone,14,0.029886,-0.202828,0.065917,1.793157,0.671599,0.531816
1870380910.000,OLV,recording,shake_phone,14,0.029845,-0.202712,0.064298,1.783307,0.682143,0.537163
1870380920.000,OLV,recording,shake_phone,14,0.027922,-0.200624,0.079781,1.773907,0.692255,0.542356
1870380930.000,OLV,recording,shake_phone,14,0.036171,-0.205358,0.022853,1.712522,0.619652,0.534906
1870380940.000,OLV,recording,shake_phone,14,0.002637,0.057968,-2.251847,1.109480,-0.186321,0.405759
1870380950.000,OLV,recording,shake_phone,14,-0.186178,1.389923,-7.514097,-0.858730,-2.525960,-0.062854
1870380960.000,OLV,recording,shake_phone,14,-0.934619,2.641520,-5.138607,-3.446933,-4.612391,-0.723266
1870380970.000,OLV,recording,shake_phone,14,-3.896632,2.602008,5.189263,-5.514999,-4.703172,-1.093952
1870380980.000,OLV,recording,shake_phone,14,-5.310050,1.820272,11.004024,-6.906745,-4.322957,-0.912929
1870380990.000,OLV,recording,shake_phone,14,-1.717773,0.679413,9.583259,-7.522833,-3.805775,-0.374194
1870381000.000,OLV,recording,shake_phone,14,1.578604,0.506964,9.487004,-7.492902,-2.499805,0.089559
1870381010.000,OLV,recording,shake_phone,14,1.709733,0.722494,14.717656,-6.941042,-1.288351,0.393015
1870381020.000,OLV,recording,shake_phone,14,1.565147,-0.220424,16.379895,-6.031809,-0.693773,0.623462
1870381030.000,OLV,recording,shake_phone,14,2.334552,-1.876779,15.554929,-4.967964,-0.433956,0.723104
1870381040.000,OLV,recording,shake_phone,14,2.620472,-2.832652,15.418341,-3.848926,-0.356251,0.674250
1870381050.000,OLV,recording,shake_phone,14,2.928434,-2.846972,16.065865,-2.703988,-0.473070,0.535561
1870381060.000,OLV,recording,shake_phone,14,3.038794,-2.344188,16.602690,-1.557720,-0.662034,0.371732
1870381070.000,OLV,recording,shake_phone,14,3.091896,-1.420521,16.916454,-0.444578,-0.790904,0.226634
1870381080.000,OLV,recording,shake_phone,14,3.185622,-0.423779,16.793146,0.578225,-0.834435,0.114870
1870381090.000,OLV,recording,shake_phone,14,3.437268,0.480519,15.860362,1.412904,-0.800869,0.011654
1870381100.000,OLV,recording,shake_phone,14,3.724543,1.232233,14.578503,1.981608,-0.730435,-0.129732
1870381110.000,OLV,recording,shake_phone,14,3.850008,1.801465,13.131761,2.289899,-0.640872,-0.318416
1870381120.000,OLV,recording,shake_phone,14,3.876123,2.274771,11.682151,2.385416,-0.512967,-0.515461
1870381130.000,OLV,recording,shake_phone,14,3.687487,2.597529,10.669227,2.308855,-0.392705,-0.675237
1870381140.000,OLV,recording,shake_phone,14,3.076194,2.660231,10.310318,2.081038,-0.382556,-0.764588
1870381150.000,OLV,recording,shake_phone,14,2.226826,2.540245,10.604337,1.711041,-0.541850,-0.774582
1870381160.000,OLV,recording,shake_phone,14,1.480945,2.358062,11.178723,1.206653,-0.831832,-0.704889
1870381170.000,OLV,recording,shake_phone,14,1.037987,2.249490,11.845296,0.576942,-1.158317,-0.545198
1870381180.000,OLV,recording,shake_phone,14,1.002417,2.322300,12.796916,-0.086032,-1.376275,-0.314662
1870381190.000,OLV,recording,shake_phone,14,1.452992,2.476889,14.066237,-0.635629,-1.360132,-0.074049
1870381200.000,OLV,recording,shake_phone,14,2.172077,2.424257,15.054495,-0.993563,-1.118539,0.122128
1870381210.000,OLV,recording,shake_phone,14,2.790584,2.152185,15.297668,-1.157859,-0.737572,0.246939
1870381220.000,OLV,recording,shake_phone,14,3.069362,1.820690,14.850202,-1.166056,-0.298897,0.304529
1870381230.000,OLV,recording,shake_phone,14,3.127877,1.549833,14.063577,-1.063896,0.104673,0.313407
1870381240.000,OLV,recording,shake_phone,14,3.071259,1.396311,13.301150,-0.898335,0.386722,0.287257
1870381250.000,OLV,recording,shake_phone,14,2.771953,1.369572,12.849898,-0.696351,0.513988,0.242927
1870381260.000,OLV,recording,shake_phone,14,2.354433,1.492002,12.663563,-0.460859,0.509542,0.201174
1870381270.000,OLV,recording,shake_phone,14,2.111832,1.749843,12.430219,-0.195312,0.431843,0.171126
1870381280.000,OLV,recording,shake_phone,14,2.101278,2.005100,12.342069,0.081152,0.319949,0.141751
1870381290.000,OLV,recording,shake_phone,14,2.182142,2.226993,12.614977,0.336522,0.191154,0.091335
1870381300.000,OLV,recording,shake_phone,14,2.419257,2.424348,12.920532,0.536398,0.073645,0.011562
1870381310.000,OLV,recording,shake_phone,14,2.825188,2.534732,13.215198,0.656496,-0.011743,-0.088792
1870381320.000,OLV,recording,shake_phone,14,3.186716,2.549536,13.814806,0.695522,-0.079584,-0.197001
1870381330.000,OLV,recording,shake_phone,14,3.447047,2.520202,14.509798,0.673259,-0.134286,-0.302368
1870381340.000,OLV,recording,shake_phone,14,3.555546,2.494554,15.124125,0.618822,-0.143253,-0.397731
1870381350.000,OLV,recording,shake_phone,14,3.543378,2.389658,15.572505,0.560600,-0.088190,-0.479540
1870381360.000,OLV,recording,shake_phone,14,3.514927,2.179080,15.863513,0.516080,0.029475,-0.553374
1870381370.000,OLV,recording,shake_phone,14,3.552004,1.867329,16.069085,0.493730,0.193795,-0.626552
1870381380.000,OLV,recording,shake_phone,14,3.720854,1.352983,16.054074,0.492930,0.360611,-0.703158
1870381390.000,OLV,recording,shake_phone,14,3.580267,0.706791,16.137259,0.500357,0.481983,-0.786165
1870381400.000,OLV,recording,shake_phone,14,3.030079,0.133437,16.126297,0.513590,0.546607,-0.858914
1870381410.000,OLV,recording,shake_phone,14,2.438512,-0.352010,15.748525,0.548658,0.600365,-0.887372
1870381420.000,OLV,recording,shake_phone,14,1.911181,-0.845813,15.049582,0.619169,0.707011,-0.846320
1870381430.000,OLV,recording,shake_phone,14,1.671047,-1.300066,13.756802,0.725982,0.882436,-0.731716
1870381440.000,OLV,recording,shake_phone,14,1.716366,-1.615197,12.070446,0.856747,1.091467,-0.559378
1870381450.000,OLV,recording,shake_phone,14,1.660708,-1.645480,10.103473,0.992387,1.264399,-0.353872
1870381460.000,OLV,recording,shake_phone,14,1.172524,-1.242654,7.485041,1.090977,1.317641,-0.138846
1870381470.000,OLV,recording,shake_phone,14,0.601774,-0.499537,4.646268,1.115954,1.214496,0.067374
1870381480.000,OLV,recording,shake_phone,14,0.637631,0.151258,2.218886,1.090658,0.973507,0.239598
1870381490.000,OLV,recording,shake_phone,14,0.935095,0.182681,0.999035,1.080610,0.681671,0.354327
1870381500.000,OLV,recording,shake_phone,14,0.799634,0.326446,0.502079,1.117970,0.428465,0.401088
1870381510.000,OLV,recording,shake_phone,14,0.854253,0.626685,0.066985,1.172168,0.223164,0.380544
1870381520.000,OLV,recording,shake_phone,14,0.852861,0.392842,0.027200,1.212538,0.067149,0.324466
1870381530.000,OLV,recording,shake_phone,14,0.180997,0.012106,0.032970,1.233755,-0.020302,0.281604
1870381540.000,OLV,recording,shake_phone,14,-0.056990,-0.182684,0.061073,1.240411,-0.053280,0.264156
1870381550.000,OLV,recording,shake_phone,14,0.008116,-0.118653,0.047946,1.241252,-0.063699,0.256889
1870381560.000,OLV,recording,shake_phone,14,-0.012076,-0.143476,0.066970,1.240474,-0.064555,0.253292
1870381570.000,OLV,recording,shake_phone,14,0.005222,-0.120656,0.068383,1.238413,-0.061569,0.251374
1870381580.000,OLV,recording,shake_phone,14,-0.010581,-0.130997,0.066438,1.235366,-0.056400,0.250680
1870381590.000,OLV,recording,shake_phone,14,-0.012931,-0.136178,0.068164,1.231740,-0.049958,0.250620
1870381600.000,OLV,recording,shake_phone,14,-0.013242,-0.121653,0.081715,1.227087,-0.042895,0.250764
1870381610.000,OLV,recording,shake_phone,14,-0.005993,-0.134315,0.013847,1.182911,0.015996,0.247534
1870381620.000,OLV,recording,shake_phone,14,-0.024008,-0.259600,-0.582729,0.933970,0.417513,0.216357
1870381630.000,OLV,recording,shake_phone,14,-0.303248,-0.733445,-0.576581,0.326711,1.604444,0.128015
1870381640.000,OLV,recording,shake_phone,14,-1.754403,-0.849363,5.261348,-0.457598,2.830284,0.074986
1870381650.000,OLV,recording,shake_phone,14,-3.744396,0.889800,16.546125,-1.071943,2.005299,0.242677
1870381660.000,OLV,recording,shake_phone,14,-1.673136,2.085934,11.832930,-1.600975,0.247672,0.525836
1870381670.000,OLV,recording,shake_phone,14,-0.241819,1.690588,6.280712,-2.036682,-0.302045,0.703834
1870381680.000,OLV,recording,shake_phone,14,-1.509026,1.430512,10.269897,-2.217430,-0.122801,0.814662
1870381690.000,OLV,recording,shake_phone,14,-0.084587,1.096606,7.885299,-2.223378,0.154232,0.924253
1870381700.000,OLV,recording,shake_phone,14,0.582781,0.951513,8.540146,-2.118489,0.316144,1.009065
1870381710.000,OLV,recording,shake_phone,14,0.491819,0.751166,7.932217,-1.972683,0.386878,1.044404
1870381720.000,OLV,recording,shake_phone,14,0.450723,0.861455,9.209701,-1.800772,0.274341,1.024191
1870381730.000,OLV,recording,shake_phone,14,0.668127,1.057984,9.941524,-1.598193,-0.036549,0.953021
1870381740.000,OLV,recording,shake_phone,14,0.956373,1.306106,10.443708,-1.361624,-0.420616,0.849177
1870381750.000,OLV,recording,shake_phone,14,1.234070,1.572503,11.064288,-1.116395,-0.734908,0.738503
1870381760.000,OLV,recording,shake_phone,14,1.800298,1.933693,11.779485,-0.895380,-0.911976,0.635069
1870381770.000,OLV,recording,shake_phone,14,2.402804,2.302651,12.753905,-0.707826,-0.949222,0.540612
1870381780.000,OLV,recording,shake_phone,14,2.720370,2.585023,13.252351,-0.566064,-0.854899,0.461074
1870381790.000,OLV,recording,shake_phone,14,2.739673,2.664917,13.279251,-0.506020,-0.622550,0.407540
1870381800.000,OLV,recording,shake_phone,14,2.463765,2.506944,13.099357,-0.568055,-0.283548,0.396860
1870381810.000,OLV,recording,shake_phone,14,1.982400,2.367726,12.822864,-0.753887,0.057678,0.432044
1870381820.000,OLV,recording,shake_phone,14,1.601316,2.474520,12.717176,-1.009173,0.321056,0.479098
1870381830.000,OLV,recording,shake_phone,14,1.209728,2.710856,13.125494,-1.246381,0.447965,0.497340
1870381840.000,OLV,recording,shake_phone,14,0.661233,2.855333,13.800642,-1.391383,0.375520,0.480959
1870381850.000,OLV,recording,shake_phone,14,0.065775,2.767623,14.863194,-1.410529,0.103113,0.453305
1870381860.000,OLV,recording,shake_phone,14,-0.379368,2.469650,16.392354,-1.287741,-0.292939,0.452470
1870381870.000,OLV,recording,shake_phone,14,-0.406830,2.296657,18.078621,-1.016533,-0.673345,0.496162
1870381880.000,OLV,recording,shake_phone,14,-0.027073,2.480256,19.757569,-0.615502,-0.884546,0.562349
1870381890.000,OLV,recording,shake_phone,14,0.658832,2.813427,20.808368,-0.128305,-0.840616,0.621556
1870381900.000,OLV,recording,shake_phone,14,1.353622,3.025179,20.723994,0.376439,-0.560203,0.655062
1870381910.000,OLV,recording,shake_phone,14,1.697088,3.070198,19.377325,0.817063,-0.174126,0.658939
1870381920.000,OLV,recording,shake_phone,14,1.617426,3.038039,17.093281,1.128251,0.151943,0.646835
1870381930.000,OLV,recording,shake_phone,14,1.379514,2.903941,14.571065,1.293433,0.303832,0.640506
1870381940.000,OLV,recording,shake_phone,14,1.382425,2.793242,12.476725,1.351659,0.243907,0.635288
1870381950.000,OLV,recording,shake_phone,14,1.622148,2.873974,11.168691,1.366679,0.003029,0.598794
1870381960.000,OLV,recording,shake_phone,14,1.672180,2.988269,10.523056,1.419443,-0.412806,0.513280
1870381970.000,OLV,recording,shake_phone,14,1.332099,2.948031,10.605611,1.613154,-0.993136,0.394031
1870381980.000,OLV,recording,shake_phone,14,0.623917,2.284014,11.118173,2.008902,-1.629767,0.289132
1870381990.000,OLV,recording,shake_phone,14,-0.130919,0.921105,10.938632,2.542567,-2.191283,0.254960
1870382000.000,OLV,recording,shake_phone,14,-0.113357,-0.064867,9.680733,3.062005,-2.549262,0.316551
1870382010.000,OLV,recording,shake_phone,14,0.482726,-0.434726,8.140821,3.460967,-2.685829,0.493482
1870382020.000,OLV,recording,shake_phone,14,0.836735,-1.094755,6.331286,3.715891,-2.741248,0.783571
1870382030.000,OLV,recording,shake_phone,14,0.992562,-1.757677,4.038588,3.845242,-2.845417,1.100332
1870382040.000,OLV,recording,shake_phone,14,0.813813,-1.696536,1.911933,3.823546,-2.898891,1.365673
1870382050.000,OLV,recording,shake_phone,14,0.493051,-0.803148,-1.912548,3.249254,-2.123038,1.629817
1870382060.000,OLV,recording,shake_phone,14,2.570415,1.390211,-3.772060,1.701126,0.068761,1.930924
1870382070.000,OLV,recording,shake_phone,14,5.782296,3.616905,2.701612,0.191908,1.790379,1.992817
1870382080.000,OLV,recording,shake_phone,14,7.813903,4.619256,8.615629,-0.429674,1.758156,1.666223
1870382090.000,OLV,recording,shake_phone,14,8.100212,4.210279,9.545396,-0.630101,0.995073,1.147705
1870382100.000,OLV,recording,shake_phone,14,5.909524,2.389355,10.107299,-0.743253,0.174153,0.624591
1870382110.000,OLV,recording,shake_phone,14,3.868534,0.924009,8.983826,-0.811822,-0.349608,0.221904
1870382120.000,OLV,recording,shake_phone,14,2.595736,0.625720,6.752833,-0.759160,-0.282803,-0.038918
1870382130.000,OLV,recording,shake_phone,14,2.035386,0.700007,5.055317,-0.575206,0.476654,-0.187282
1870382140.000,OLV,recording,shake_phone,14,1.760263,0.678736,4.294242,-0.335988,1.698352,-0.229443
1870382150.000,OLV,recording,shake_phone,14,1.396385,0.867076,3.890261,-0.207560,3.050165,-0.109867
1870382160.000,OLV,recording,shake_phone,14,0.858000,1.014511,3.582764,-0.319328,4.481389,0.160442
1870382170.000,OLV,recording,shake_phone,14,0.427247,1.174788,3.787400,-0.679085,5.932553,0.454743
1870382180.000,OLV,recording,shake_phone,14,1.369484,1.808350,6.279663,-1.101118,6.830925,0.619547
1870382190.000,OLV,recording,shake_phone,14,1.696268,2.009164,9.996212,-1.382070,6.555728,0.552969
1870382200.000,OLV,recording,shake_phone,14,-0.215290,1.264441,13.860865,-1.292418,5.366941,0.242561
1870382210.000,OLV,recording,shake_phone,14,-2.681091,0.388494,13.577072,-0.834941,4.051806,-0.120466
1870382220.000,OLV,recording,shake_phone,14,-4.709885,-0.079441,9.927929,-0.364445,2.826903,-0.240405
1870382230.000,OLV,recording,shake_phone,14,-4.262671,-0.225215,8.721961,-0.017214,1.565019,-0.100711
1870382240.000,OLV,recording,shake_phone,14,-2.399744,-0.310112,7.283344,0.223360,0.292921,0.096166
1870382250.000,OLV,recording,shake_phone,14,-0.815178,-0.071732,6.264696,0.366960,-0.906600,0.205972
1870382260.000,OLV,recording,shake_phone,14,0.104776,0.370229,5.757649,0.431584,-1.966342,0.205241
1870382270.000,OLV,recording,shake_phone,14,0.518158,1.034594,5.932304,0.426050,-2.731459,0.146723
1870382280.000,OLV,recording,shake_phone,14,0.232400,1.721148,6.559604,0.323608,-2.790847,0.107991
1870382290.000,OLV,recording,shake_phone,14,0.415319,2.453719,5.570187,-0.005148,-1.825856,0.132738
1870382300.000,OLV,recording,shake_phone,14,1.825969,3.285446,3.949767,-0.567594,-0.300194,0.170423
1870382310.000,OLV,recording,shake_phone,14,2.178542,3.617724,3.992222,-1.128152,0.872848,0.186560
1870382320.000,OLV,recording,shake_phone,14,1.064242,3.133357,4.973637,-1.556567,1.392065,0.202367
1870382330.000,OLV,recording,shake_phone,14,0.032547,2.247464,6.156080,-1.900890,1.580930,0.212147
1870382340.000,OLV,recording,shake_phone,14,-0.759582,1.646719,7.312259,-2.219294,1.674737,0.238121
1870382350.000,OLV,recording,shake_phone,14,-1.212475,1.601361,8.426380,-2.533672,1.663204,0.303109
1870382360.000,OLV,recording,shake_phone,14,-1.161470,1.729797,9.589603,-2.828650,1.519808,0.372253
1870382370.000,OLV,recording,shake_phone,14,-0.965018,1.579712,10.828328,-3.076998,1.302990,0.408139
1870382380.000,OLV,recording,shake_phone,14,-0.728134,1.218000,12.514187,-3.237731,1.103756,0.406172
1870382390.000,OLV,recording,shake_phone,14,-0.397262,0.799736,14.887689,-3.247499,0.977029,0.372197
1870382400.000,OLV,recording,shake_phone,14,-0.322117,0.334154,17.475112,-3.055163,0.911431,0.321859
1870382410.000,OLV,recording,shake_phone,14,-0.588470,-0.153022,19.419307,-2.673553,0.842015,0.278812
1870382420.000,OLV,recording,shake_phone,14,-0.872831,-0.532591,20.366070,-2.178014,0.703117,0.249570
1870382430.000,OLV,recording,shake_phone,14,-1.043210,-0.670085,20.618664,-1.664411,0.490861,0.221786
1870382440.000,OLV,recording,shake_phone,14,-1.091122,-0.637338,20.459335,-1.212035,0.261685,0.189487
1870382450.000,OLV,recording,shake_phone,14,-1.169975,-0.616620,20.217883,-0.851441,0.074631,0.162619
1870382460.000,OLV,recording,shake_phone,14,-1.309345,-0.655358,20.044916,-0.569040,-0.065746,0.152553
1870382470.000,OLV,recording,shake_phone,14,-1.279320,-0.775229,19.877339,-0.345774,-0.188707,0.153334
1870382480.000,OLV,recording,shake_phone,14,-1.020347,-1.020370,19.625492,-0.167539,-0.307063,0.139755
1870382490.000,OLV,recording,shake_phone,14,-0.833445,-1.367975,19.292524,-0.012647,-0.422756,0.098130
1870382500.000,OLV,recording,shake_phone,14,-1.098310,-1.770374,19.031009,0.152354,-0.539057,0.041871
1870382510.000,OLV,recording,shake_phone,14,-1.843838,-2.217318,18.697082,0.350793,-0.645839,-0.000184
1870382520.000,OLV,recording,shake_phone,14,-2.617997,-2.617498,18.134195,0.569305,-0.696705,-0.001180
1870382530.000,OLV,recording,shake_phone,14,-2.807210,-2.752932,17.692571,0.787631,-0.635340,0.042538
1870382540.000,OLV,recording,shake_phone,14,-2.394442,-2.508619,17.526299,1.020434,-0.470779,0.107567
1870382550.000,OLV,recording,shake_phone,14,-1.976108,-2.222253,17.253536,1.301054,-0.292374,0.166055
1870382560.000,OLV,recording,shake_phone,14,-1.864562,-2.268379,16.434760,1.645628,-0.208544,0.202288
1870382570.000,OLV,recording,shake_phone,14,-1.923006,-2.495683,14.998376,2.034519,-0.272222,0.214471
1870382580.000,OLV,recording,shake_phone,14,-2.018345,-2.585748,12.999844,2.439649,-0.453966,0.210056
1870382590.000,OLV,recording,shake_phone,14,-2.022087,-2.482782,10.380949,2.838543,-0.667510,0.201485
1870382600.000,OLV,recording,shake_phone,14,-1.778319,-2.114194,7.220088,3.156896,-0.777176,0.204684
1870382610.000,OLV,recording,shake_phone,14,-1.577264,-1.145565,3.923000,3.304889,-0.694523,0.238138
1870382620.000,OLV,recording,shake_phone,14,-1.399527,0.073682,1.036699,3.262096,-0.469628,0.290779
1870382630.000,OLV,recording,shake_phone,14,-0.566626,0.536526,-0.270351,3.114127,-0.210878,0.303366
1870382640.000,OLV,recording,shake_phone,14,0.309056,0.306936,-0.091809,2.981622,0.019887,0.249300
1870382650.000,OLV,recording,shake_phone,14,0.306243,0.101013,-0.103133,2.900178,0.238189,0.177794
1870382660.000,OLV,recording,shake_phone,14,0.077351,-0.019890,-0.230597,2.857793,0.449361,0.130952
1870382670.000,OLV,recording,shake_phone,14,0.090431,-0.246830,-0.044965,2.838992,0.593999,0.107849
1870382680.000,OLV,recording,shake_phone,14,0.068182,-0.414445,0.034878,2.828445,0.658151,0.100734
1870382690.000,OLV,recording,shake_phone,14,0.036610,-0.422343,0.048720,2.822025,0.683134,0.102635
1870382700.000,OLV,recording,shake_phone,14,0.048567,-0.414365,0.071729,2.817431,0.691987,0.107682
1870382710.000,OLV,recording,shake_phone,14,0.039599,-0.416362,0.058757,2.813271,0.695127,0.114557
1870382720.000,OLV,recording,shake_phone,14,0.049259,-0.432020,0.074466,2.809127,0.696157,0.122058
1870382730.000,OLV,recording,shake_phone,14,0.050726,-0.410732,0.080953,2.804893,0.695367,0.128987
1870382740.000,OLV,recording,shake_phone,14,0.051267,-0.346285,-0.230580,2.698478,0.726982,0.162311
1870382750.000,OLV,recording,shake_phone,14,0.050241,0.274812,-2.127913,2.143264,0.918142,0.284262
1870382760.000,OLV,recording,shake_phone,14,0.570964,1.446183,-3.569226,1.009249,1.331160,0.406996
1870382770.000,OLV,recording,shake_phone,14,0.950613,2.183952,-3.362943,-0.467333,1.759276,0.351346
1870382780.000,OLV,recording,shake_phone,14,0.573889,2.290938,-2.906754,-2.115889,1.741444,0.122317
1870382790.000,OLV,recording,shake_phone,14,0.815164,2.115597,0.185424,-3.737351,0.846921,-0.221869
1870382800.000,OLV,recording,shake_phone,14,2.187744,2.023475,4.072526,-5.052892,-0.882133,-0.699931
1870382810.000,OLV,recording,shake_phone,14,3.799063,1.994917,9.915675,-5.904894,-2.400863,-1.248513
1870382820.000,OLV,recording,shake_phone,14,1.298213,0.426948,15.124725,-6.316706,-2.212901,-1.611735
1870382830.000,OLV,recording,shake_phone,14,-3.821813,-1.173713,14.181266,-6.330878,-0.915754,-1.575650
1870382840.000,OLV,recording,shake_phone,14,-3.800488,-1.254089,13.928250,-5.939474,-0.127030,-1.273621
1870382850.000,OLV,recording,shake_phone,14,-2.098317,-1.365658,13.817843,-5.241259,-0.053210,-0.975159
1870382860.000,OLV,recording,shake_phone,14,-2.569632,-0.822596,13.113733,-4.359069,-0.167932,-0.801488
1870382870.000,OLV,recording,shake_phone,14,-2.788664,-0.056235,13.429081,-3.328790,-0.105351,-0.726203
1870382880.000,OLV,recording,shake_phone,14,-2.793089,0.205723,12.849129,-2.189984,0.015045,-0.650774
1870382890.000,OLV,recording,shake_phone,14,-2.746915,0.274593,12.607349,-1.046270,0.072897,-0.503281
1870382900.000,OLV,recording,shake_phone,14,-2.738588,0.270166,12.547075,0.011889,0.133045,-0.273244
1870382910.000,OLV,recording,shake_phone,14,-2.486128,0.285980,12.348998,0.934369,0.245266,-0.000625
1870382920.000,OLV,recording,shake_phone,14,-2.112402,0.595676,11.575638,1.582453,0.415352,0.259118
1870382930.000,OLV,recording,shake_phone,14,-1.789553,1.261713,9.692023,1.696660,0.731495,0.432415
1870382940.000,OLV,recording,shake_phone,14,-1.107751,2.279124,7.429831,1.244132,1.131085,0.430872
1870382950.000,OLV,recording,shake_phone,14,-0.760439,2.869419,6.164122,0.450645,1.265367,0.306888
1870382960.000,OLV,recording,shake_phone,14,-1.555801,2.254113,6.244359,-0.484132,1.041031,0.165899
1870382970.000,OLV,recording,shake_phone,14,-2.401631,1.234761,7.470307,-1.394696,0.708128,0.035896
1870382980.000,OLV,recording,shake_phone,14,-2.516773,0.840838,9.667896,-2.149037,0.473601,-0.053406
1870382990.000,OLV,recording,shake_phone,14,-2.327873,0.917691,12.321114,-2.647070,0.389374,-0.096887
1870383000.000,OLV,recording,shake_phone,14,-2.212188,0.920844,14.626325,-2.843796,0.386776,-0.102791
1870383010.000,OLV,recording,shake_phone,14,-2.210659,0.681692,16.519125,-2.736681,0.404150,-0.073804
1870383020.000,OLV,recording,shake_phone,14,-2.220171,0.312126,18.113162,-2.341594,0.440251,-0.017120
1870383030.000,OLV,recording,shake_phone,14,-2.132583,-0.001297,19.266533,-1.706389,0.500681,0.061135
1870383040.000,OLV,recording,shake_phone,14,-2.107310,-0.234308,19.793005,-0.931443,0.563653,0.153068
1870383050.000,OLV,recording,shake_phone,14,-2.258720,-0.407427,19.409530,-0.170859,0.585984,0.240167
1870383060.000,OLV,recording,shake_phone,14,-2.539475,-0.395888,18.275726,0.414353,0.535170,0.304793
1870383070.000,OLV,recording,shake_phone,14,-2.732482,-0.216473,17.044789,0.730998,0.432422,0.339585
1870383080.000,OLV,recording,shake_phone,14,-2.607973,-0.012905,16.245602,0.788246,0.314413,0.341499
1870383090.000,OLV,recording,shake_phone,14,-2.302679,0.150964,16.076728,0.676810,0.175447,0.313295
1870383100.000,OLV,recording,shake_phone,14,-2.113234,0.178127,16.455849,0.514884,0.004384,0.266742
1870383110.000,OLV,recording,shake_phone,14,-1.994512,0.009925,17.099021,0.397557,-0.183922,0.214843
1870383120.000,OLV,recording,shake_phone,14,-1.957285,-0.342762,17.751000,0.374013,-0.359247,0.162498
1870383130.000,OLV,recording,shake_phone,14,-2.085315,-0.848630,18.194924,0.452452,-0.501425,0.112685
1870383140.000,OLV,recording,shake_phone,14,-2.301348,-1.328409,18.364447,0.620962,-0.620645,0.072056
1870383150.000,OLV,recording,shake_phone,14,-2.666383,-1.752806,18.311790,0.867128,-0.726976,0.049118
1870383160.000,OLV,recording,shake_phone,14,-3.155344,-2.155659,18.006695,1.173189,-0.804802,0.050916
1870383170.000,OLV,recording,shake_phone,14,-3.587024,-2.504769,17.431263,1.489357,-0.830601,0.077980
1870383180.000,OLV,recording,shake_phone,14,-3.894070,-2.758261,16.830895,1.761752,-0.804000,0.125413
1870383190.000,OLV,recording,shake_phone,14,-3.818671,-2.777094,16.301748,1.980215,-0.778367,0.172242
1870383200.000,OLV,recording,shake_phone,14,-3.475954,-2.761612,15.539489,2.157294,-0.835300,0.191643
1870383210.000,OLV,recording,shake_phone,14,-3.279027,-2.878619,14.360329,2.305008,-1.015239,0.177650
1870383220.000,OLV,recording,shake_phone,14,-3.132701,-2.949292,12.656580,2.433423,-1.278155,0.139960
1870383230.000,OLV,recording,shake_phone,14,-2.909257,-2.866939,10.211039,2.538060,-1.524385,0.091301
1870383240.000,OLV,recording,shake_phone,14,-2.543411,-2.554108,7.139290,2.596597,-1.643707,0.039259
1870383250.000,OLV,recording,shake_phone,14,-2.219935,-1.977502,4.082937,2.595703,-1.581633,-0.005741
1870383260.000,OLV,recording,shake_phone,14,-1.863208,-1.245709,2.010290,2.578397,-1.381333,-0.038919
1870383270.000,OLV,recording,shake_phone,14,-1.007635,-0.619051,1.306602,2.625788,-1.134806,-0.074889
1870383280.000,OLV,recording,shake_phone,14,-0.591841,-0.115193,0.578930,2.739024,-0.895331,-0.103415
1870383290.000,OLV,recording,shake_phone,14,-0.781016,0.145274,-0.201546,2.846481,-0.655856,-0.097412
1870383300.000,OLV,recording,shake_phone,14,-0.439444,-0.124826,-0.131270,2.913432,-0.450319,-0.073852
1870383310.000,OLV,recording,shake_phone,14,-0.050583,-0.439904,0.019074,2.944827,-0.334370,-0.060380
1870383320.000,OLV,recording,shake_phone,14,-0.016614,-0.462144,0.061274,2.955172,-0.287983,-0.055929
1870383330.000,OLV,recording,shake_phone,14,-0.037400,-0.446724,0.034025,2.957166,-0.270529,-0.055719
1870383340.000,OLV,recording,shake_phone,14,-0.027401,-0.443083,0.038602,2.942528,-0.256432,-0.057048
1870383350.000,OLV,recording,shake_phone,14,0.092453,-0.122112,-0.311267,2.838384,-0.190383,-0.045075
1870383360.000,OLV,recording,shake_phone,14,0.418852,0.751157,-0.848700,2.521206,0.007709,0.009288
1870383370.000,OLV,recording,shake_phone,14,0.714397,1.695932,-1.116077,1.964981,0.353490,0.094163
1870383380.000,OLV,recording,shake_phone,14,0.776714,2.214557,-1.163075,1.252643,0.776528,0.164986
1870383390.000,OLV,recording,shake_phone,14,0.679817,2.372511,-1.237380,0.436253,1.206943,0.204642
1870383400.000,OLV,recording,shake_phone,14,0.536988,2.326710,-1.402343,-0.480344,1.608063,0.209887
1870383410.000,OLV,recording,shake_phone,14,0.436819,2.117500,-1.535134,-1.504267,1.926830,0.165319
1870383420.000,OLV,recording,shake_phone,14,0.384586,1.733890,-1.277666,-2.646683,1.930933,0.044215
1870383430.000,OLV,recording,shake_phone,14,0.792356,1.116503,1.250280,-3.795678,1.211574,-0.197178
1870383440.000,OLV,recording,shake_phone,14,2.850537,0.747415,6.940028,-4.611239,-0.117149,-0.611900
1870383450.000,OLV,recording,shake_phone,14,3.230770,0.767967,11.572221,-4.929201,-1.045643,-1.124529
1870383460.000,OLV,recording,shake_phone,14,-0.694722,-0.030281,14.198220,-4.835854,-0.610862,-1.402467
1870383470.000,OLV,recording,shake_phone,14,-3.251755,-0.584834,13.881084,-4.430721,0.385536,-1.293675
1870383480.000,OLV,recording,shake_phone,14,-2.092661,0.299126,12.644516,-3.795457,0.726434,-1.029155
1870383490.000,OLV,recording,shake_phone,14,-1.568718,0.949556,12.722114,-3.009007,0.533184,-0.804216
1870383500.000,OLV,recording,shake_phone,14,-2.777366,1.173926,11.602381,-2.186096,0.286557,-0.625896
1870383510.000,OLV,recording,shake_phone,14,-3.678605,1.554205,11.661368,-1.396051,0.262824,-0.444863
1870383520.000,OLV,recording,shake_phone,14,-3.509598,1.850762,11.882120,-0.668645,0.491685,-0.232345
1870383530.000,OLV,recording,shake_phone,14,-2.630067,1.744815,12.396566,-0.014081,0.918159,0.033658
1870383540.000,OLV,recording,shake_phone,14,-2.354115,1.642445,12.257212,0.548963,1.419473,0.320238
1870383550.000,OLV,recording,shake_phone,14,-2.096075,1.510778,11.899296,0.973079,1.832468,0.529070
1870383560.000,OLV,recording,shake_phone,14,-1.619574,1.276588,11.369536,1.205715,2.074053,0.566434
1870383570.000,OLV,recording,shake_phone,14,-1.281547,1.351525,10.447332,1.242290,2.119898,0.446851
1870383580.000,OLV,recording,shake_phone,15,-1.454748,1.803078,9.442144,1.137269,1.999852,0.274012
1870383590.000,OLV,recording,shake_phone,15,-2.143170,2.273703,8.408984,0.963068,1.835964,0.133118
1870383600.000,OLV,recording,shake_phone,15,-2.975330,2.614767,7.616513,0.773089,1.761784,0.066067
1870383610.000,OLV,recording,shake_phone,15,-5.137560,3.109797,9.295795,0.664700,1.765552,0.118867
1870383620.000,OLV,recording,shake_phone,15,-6.654486,3.832493,12.826610,0.788762,1.666738,0.319068
1870383630.000,OLV,recording,shake_phone,15,-5.869669,4.157590,15.345353,0.975338,1.385081,0.475738
1870383640.000,OLV,recording,shake_phone,15,-4.927830,4.126990,16.113456,0.880119,0.844099,0.350577
1870383650.000,OLV,recording,shake_phone,15,-1.941091,3.079175,14.758458,0.709374,0.479516,0.023168
1870383660.000,OLV,recording,shake_phone,15,-0.365255,2.743523,11.592073,0.565665,0.419418,-0.313576
1870383670.000,OLV,recording,shake_phone,15,-2.185362,3.324700,9.719336,0.275566,0.306298,-0.592870
1870383680.000,OLV,recording,shake_phone,15,-3.102775,2.721166,9.275443,-0.118792,0.210943,-0.834979
1870383690.000,OLV,recording,shake_phone,15,-3.440704,2.444368,8.008026,-0.637751,0.060034,-1.039602
1870383700.000,OLV,recording,shake_phone,15,-3.164952,2.116274,7.836014,-1.256495,-0.223316,-1.145009
1870383710.000,OLV,recording,shake_phone,15,-2.882194,2.009012,8.068739,-1.842842,-0.559722,-1.109861
1870383720.000,OLV,recording,shake_phone,15,-3.272409,2.397592,9.556826,-2.268811,-0.818980,-0.941865
1870383730.000,OLV,recording,shake_phone,15,-3.291550,2.535339,11.894777,-2.445966,-0.900766,-0.685328
1870383740.000,OLV,recording,shake_phone,15,-3.309292,1.968426,13.829587,-2.350353,-0.811839,-0.417922
1870383750.000,OLV,recording,shake_phone,15,-3.471130,1.316402,14.972132,-2.036232,-0.654351,-0.195994
1870383760.000,OLV,recording,shake_phone,15,-3.367472,0.923223,15.324244,-1.590779,-0.513266,-0.021930
1870383770.000,OLV,recording,shake_phone,15,-2.931459,0.538121,14.328785,-1.127725,-0.434067,0.115671
1870383780.000,OLV,recording,shake_phone,15,-2.539909,0.267437,12.314689,-0.764184,-0.430698,0.209572
1870383790.000,OLV,recording,shake_phone,15,-2.313388,0.306588,10.746805,-0.549951,-0.437559,0.240658
1870383800.000,OLV,recording,shake_phone,15,-2.156361,0.331903,10.055548,-0.428946,-0.350967,0.216140
1870383810.000,OLV,recording,shake_phone,15,-2.225299,0.255221,10.098964,-0.313695,-0.170165,0.186401
1870383820.000,OLV,recording,shake_phone,15,-2.334033,0.155973,10.663382,-0.155411,0.050790,0.191777
1870383830.000,OLV,recording,shake_phone,15,-1.916423,-0.051569,11.738032,0.066050,0.271353,0.216453
1870383840.000,OLV,recording,shake_phone,15,-1.298784,-0.353383,12.466767,0.335358,0.443682,0.218713
1870383850.000,OLV,recording,shake_phone,15,-0.925011,-0.495074,12.319443,0.613271,0.497229,0.172056
1870383860.000,OLV,recording,shake_phone,15,-1.446534,-0.337310,11.404401,0.842125,0.318408,0.057301
1870383870.000,OLV,recording,shake_phone,15,-2.784712,-0.037989,10.135676,0.936614,-0.226866,-0.174383
1870383880.000,OLV,recording,shake_phone,15,-3.437175,0.232112,8.591781,0.827637,-1.070003,-0.572768
1870383890.000,OLV,recording,shake_phone,15,-3.305971,0.543402,6.673736,0.544592,-1.806266,-1.107854
1870383900.000,OLV,recording,shake_phone,15,-2.821374,0.688225,5.168399,0.170575,-2.197563,-1.662331
1870383910.000,OLV,recording,shake_phone,15,-2.196853,0.601695,4.052087,-0.250839,-2.316260,-2.094829
1870383920.000,OLV,recording,shake_phone,15,-2.318017,0.404486,3.939582,-0.670400,-2.268689,-2.310730
1870383930.000,OLV,recording,shake_phone,15,-3.366942,0.039860,6.037584,-0.996919,-2.206042,-2.312631
1870383940.000,OLV,recording,shake_phone,15,-3.970700,-0.265070,8.880994,-1.170011,-2.184538,-2.184063
1870383950.000,OLV,recording,shake_phone,15,-3.214953,-0.312991,10.666131,-1.206328,-2.160404,-2.024632
1870383960.000,OLV,recording,shake_phone,15,-1.717504,-0.372328,11.098033,-1.184418,-2.112624,-1.908383
1870383970.000,OLV,recording,shake_phone,15,-0.181553,-0.576841,10.289420,-1.164352,-2.061062,-1.853358
1870383980.000,OLV,recording,shake_phone,15,0.383034,-0.599009,9.429741,-1.086124,-2.104308,-1.728107
1870383990.000,OLV,recording,shake_phone,15,0.265531,0.348426,9.031201,-0.848062,-2.330894,-1.259769
1870384000.000,OLV,recording,shake_phone,15,-0.143690,0.946948,6.989116,-0.635820,-2.567756,-0.515729
1870384010.000,OLV,recording,shake_phone,15,-0.228261,0.355361,4.749343,-0.619831,-2.694592,0.140311
1870384020.000,OLV,recording,shake_phone,15,0.432830,0.680833,5.477340,-0.533781,-2.727059,0.582464
1870384030.000,OLV,recording,shake_phone,15,-1.607208,0.360219,9.299286,-0.056905,-2.519929,0.840013
1870384040.000,OLV,recording,shake_phone,15,-4.344868,0.406457,12.385106,0.780968,-1.902893,0.955953
1870384050.000,OLV,recording,shake_phone,15,-2.099257,0.066643,12.949985,1.655598,-1.123602,0.943151
1870384060.000,OLV,recording,shake_phone,15,1.924062,-2.646028,11.765186,2.148007,-0.624519,0.867677
1870384070.000,OLV,recording,shake_phone,15,3.584452,-3.117528,8.641363,2.011691,-0.327538,0.797613
1870384080.000,OLV,recording,shake_phone,15,4.241285,-1.168989,7.374014,1.468719,-0.078734,0.597034
1870384090.000,OLV,recording,shake_phone,15,4.886305,0.269681,8.709549,0.993888,-0.015207,0.169481
1870384100.000,OLV,recording,shake_phone,15,4.295611,0.068427,10.615442,0.807693,-0.141640,-0.337645
1870384110.000,OLV,recording,shake_phone,15,3.474062,-0.488278,11.031002,0.785510,-0.324587,-0.765375
1870384120.000,OLV,recording,shake_phone,15,2.758681,-0.427609,10.728388,0.757728,-0.551352,-1.088866
1870384130.000,OLV,recording,shake_phone,15,1.344227,0.034860,10.583608,0.680400,-0.819837,-1.304644
1870384140.000,OLV,recording,shake_phone,15,0.168710,0.499584,10.782331,0.633130,-1.107402,-1.431442
1870384150.000,OLV,recording,shake_phone,15,0.170378,1.043902,10.857457,0.701893,-1.418540,-1.537682
1870384160.000,OLV,recording,shake_phone,15,0.563545,1.396761,11.055022,0.881083,-1.695749,-1.643498
1870384170.000,OLV,recording,shake_phone,15,0.910624,1.040816,11.905768,1.086400,-1.776096,-1.679941
1870384180.000,OLV,recording,shake_phone,15,1.167945,0.233673,12.395501,1.215524,-1.628524,-1.542343
1870384190.000,OLV,recording,shake_phone,15,0.697401,0.173338,12.030152,1.223803,-1.379230,-1.156912
1870384200.000,OLV,recording,shake_phone,15,0.382234,1.007212,11.555510,1.118429,-1.042778,-0.560750
1870384210.000,OLV,recording,shake_phone,15,1.254401,1.733740,10.820594,0.906323,-0.599353,0.070835
1870384220.000,OLV,recording,shake_phone,15,2.757268,2.328768,10.193440,0.597862,-0.155011,0.518086
1870384230.000,OLV,recording,shake_phone,15,3.826687,3.032638,9.713638,0.228295,0.109788,0.672076
1870384240.000,OLV,recording,shake_phone,15,3.988133,3.836706,9.953356,-0.113369,0.066290,0.596066
1870384250.000,OLV,recording,shake_phone,15,4.254536,4.856856,11.456964,-0.283269,-0.241712,0.433303
1870384260.000,OLV,recording,shake_phone,15,4.909948,5.644441,13.612145,-0.164142,-0.606670,0.269737
1870384270.000,OLV,recording,shake_phone,15,5.928130,5.714875,15.354758,0.234525,-0.856045,0.067299
1870384280.000,OLV,recording,shake_phone,15,7.518821,5.214508,16.006179,0.788135,-0.954304,-0.256833
1870384290.000,OLV,recording,shake_phone,15,8.508495,4.725326,15.337161,1.344673,-0.957893,-0.697076
1870384300.000,OLV,recording,shake_phone,15,8.115076,4.615449,13.570934,1.765537,-0.947773,-1.146056
1870384310.000,OLV,recording,shake_phone,15,7.117893,4.649330,11.768967,1.920905,-0.874072,-1.473300
1870384320.000,OLV,recording,shake_phone,15,6.257071,4.737264,10.619062,1.785060,-0.662226,-1.621717
1870384330.000,OLV,recording,shake_phone,15,5.541809,4.890360,10.301179,1.493547,-0.370681,-1.614081
1870384340.000,OLV,recording,shake_phone,15,5.093676,5.200685,11.060795,1.189491,-0.110899,-1.510443
1870384350.000,OLV,recording,shake_phone,15,5.270067,5.491748,12.692969,0.953446,0.070405,-1.381011
1870384360.000,OLV,recording,shake_phone,15,6.144596,5.192933,14.440729,0.859293,0.154754,-1.270668
1870384370.000,OLV,recording,shake_phone,15,7.183479,4.606908,15.520979,0.943834,0.112301,-1.209372
1870384380.000,OLV,recording,shake_phone,15,7.849392,4.201458,16.163544,1.183419,0.042781,-1.241562
1870384390.000,OLV,recording,shake_phone,15,8.059005,3.669567,16.586849,1.534455,0.084835,-1.382534
1870384400.000,OLV,recording,shake_phone,15,7.356365,2.956106,15.844702,1.940717,0.211380,-1.554156
1870384410.000,OLV,recording,shake_phone,15,5.837150,2.592294,14.646277,2.344079,0.320677,-1.664568
1870384420.000,OLV,recording,shake_phone,15,4.790141,2.536915,13.481794,2.708860,0.346060,-1.735810
1870384430.000,OLV,recording,shake_phone,15,4.462976,2.531588,12.144514,3.027790,0.225618,-1.851907
1870384440.000,OLV,recording,shake_phone,15,4.313411,2.571698,10.955202,3.305352,-0.049736,-2.028809
1870384450.000,OLV,recording,shake_phone,15,3.915731,2.392779,10.025241,3.523662,-0.426710,-2.229765
1870384460.000,OLV,recording,shake_phone,15,3.269794,1.881718,9.128634,3.651350,-0.836847,-2.432281
1870384470.000,OLV,recording,shake_phone,15,2.834385,1.549369,8.289976,3.679923,-1.194396,-2.632938
1870384480.000,OLV,recording,shake_phone,15,2.651921,1.680087,8.073379,3.630719,-1.356095,-2.814826
1870384490.000,OLV,recording,shake_phone,15,2.887471,1.709424,8.941137,3.539168,-1.174521,-2.946492
1870384500.000,OLV,recording,shake_phone,15,3.205121,1.554840,8.914594,3.447001,-0.912042,-3.032603
1870384510.000,OLV,recording,shake_phone,15,3.270939,1.560814,8.285328,3.391058,-0.880286,-3.101741
1870384520.000,OLV,recording,shake_phone,15,2.976383,1.349970,8.154865,3.393343,-1.067794,-3.184324
1870384530.000,OLV,recording,shake_phone,15,2.089410,0.976128,7.990764,3.475195,-1.399798,-3.299793
1870384540.000,OLV,recording,shake_phone,15,1.618358,0.872238,8.654937,3.648242,-1.711234,-3.430671
1870384550.000,OLV,recording,shake_phone,15,1.688164,0.939821,8.868310,3.881149,-1.889127,-3.555095
1870384560.000,OLV,recording,shake_phone,15,1.999652,1.123390,8.375261,4.112458,-1.988205,-3.682205
1870384570.000,OLV,recording,shake_phone,15,2.039431,1.376834,7.233594,4.283177,-2.131243,-3.843210
1870384580.000,OLV,recording,shake_phone,15,1.195013,1.392014,5.951678,4.360869,-2.355691,-4.031987
1870384590.000,OLV,recording,shake_phone,15,0.003220,1.352758,5.213416,4.361860,-2.629240,-4.204184
1870384600.000,OLV,recording,shake_phone,15,-0.783213,1.566958,4.892491,4.324113,-2.888331,-4.344865
1870384610.000,OLV,recording,shake_phone,15,-1.527128,1.595887,4.521101,4.260644,-3.096737,-4.448447
1870384620.000,OLV,recording,shake_phone,15,-2.726885,1.483962,3.827559,4.161570,-3.257741,-4.468251
1870384630.000,OLV,recording,shake_phone,15,-4.052658,1.535540,2.650516,4.008265,-3.369670,-4.347049
1870384640.000,OLV,recording,shake_phone,15,-4.664554,1.727760,1.183114,3.780401,-3.444541,-4.093095
1870384650.000,OLV,recording,shake_phone,15,-4.201738,2.374121,0.017416,3.469227,-3.478629,-3.813236
1870384660.000,OLV,recording,shake_phone,15,-3.294308,3.363956,-0.533949,3.070386,-3.412079,-3.630010
1870384670.000,OLV,recording,shake_phone,15,-2.822880,3.791011,-0.757128,2.588488,-3.196444,-3.576682
1870384680.000,OLV,recording,shake_phone,15,-3.320376,3.129457,-0.823702,2.053755,-2.867024,-3.577148
1870384690.000,OLV,recording,shake_phone,15,-4.771180,2.040872,-0.474642,1.515248,-2.477811,-3.515415
1870384700.000,OLV,recording,shake_phone,15,-6.859118,1.007901,0.277670,1.019571,-2.072648,-3.319580
1870384710.000,OLV,recording,shake_phone,15,-8.979407,-0.019754,1.193803,0.607918,-1.734306,-2.984453
1870384720.000,OLV,recording,shake_phone,15,-10.618508,-1.029575,2.316048,0.326009,-1.562471,-2.549151
1870384730.000,OLV,recording,shake_phone,15,-11.543497,-1.908417,3.715361,0.202044,-1.576165,-2.054753
1870384740.000,OLV,recording,shake_phone,15,-12.148410,-2.420497,5.246892,0.222787,-1.663864,-1.515052
1870384750.000,OLV,recording,shake_phone,15,-12.734014,-2.584507,6.690464,0.372814,-1.682097,-0.918678
1870384760.000,OLV,recording,shake_phone,15,-13.159004,-2.434768,7.097163,0.591014,-1.504407,-0.235898
1870384770.000,OLV,recording,shake_phone,15,-13.259110,-2.085793,5.738340,0.730766,-1.081309,0.555884
1870384780.000,OLV,recording,shake_phone,15,-12.342813,-1.289996,3.479887,0.664244,-0.507217,1.409615
1870384790.000,OLV,recording,shake_phone,15,-10.211041,0.377260,1.311606,0.374922,0.054627,2.224895
1870384800.000,OLV,recording,shake_phone,15,-7.321783,2.732915,0.011606,-0.046144,0.484306,2.918159
1870384810.000,OLV,recording,shake_phone,15,-3.594336,5.855714,0.069933,-0.463416,0.775092,3.412649
1870384820.000,OLV,recording,shake_phone,15,0.433757,9.869405,0.877778,-0.762686,0.993594,3.644238
1870384830.000,OLV,recording,shake_phone,15,3.818523,14.103789,1.423710,-0.905543,1.169513,3.613229
1870384840.000,OLV,recording,shake_phone,15,6.501674,17.823924,1.186490,-0.928691,1.241622,3.367291
1870384850.000,OLV,recording,shake_phone,15,8.771842,21.325305,0.588003,-0.890626,1.152256,2.937624
1870384860.000,OLV,recording,shake_phone,15,10.553343,24.667405,0.321097,-0.824334,0.949076,2.335699
1870384870.000,OLV,recording,shake_phone,15,11.616532,26.925631,0.611842,-0.736349,0.740226,1.595395
1870384880.000,OLV,recording,shake_phone,15,12.090749,27.585039,0.674344,-0.647160,0.592473,0.789458
1870384890.000,OLV,recording,shake_phone,15,12.448401,26.787494,0.428157,-0.574556,0.439562,-0.061854
1870384900.000,OLV,recording,shake_phone,15,12.072233,24.754737,1.105297,-0.475197,0.178214,-0.964222
1870384910.000,OLV,recording,shake_phone,15,10.179823,21.922985,2.614892,-0.285940,-0.170664,-1.837731
1870384920.000,OLV,recording,shake_phone,15,7.677681,18.697566,3.889265,-0.009257,-0.527151,-2.589518
1870384930.000,OLV,recording,shake_phone,15,5.516068,15.302313,4.556620,0.294985,-0.827741,-3.190208
1870384940.000,OLV,recording,shake_phone,15,3.584704,11.935587,4.748580,0.562213,-1.034597,-3.642671
1870384950.000,OLV,recording,shake_phone,15,1.570499,8.424912,4.754037,0.752297,-1.142891,-3.949182
1870384960.000,OLV,recording,shake_phone,15,-0.679948,4.495917,5.056688,0.889029,-1.195581,-4.115086
1870384970.000,OLV,recording,shake_phone,15,-3.208034,0.285581,5.791479,1.052890,-1.282627,-4.153089
1870384980.000,OLV,recording,shake_phone,15,-6.342713,-3.490915,6.351455,1.279916,-1.470065,-4.071544
1870384990.000,OLV,recording,shake_phone,15,-10.122663,-6.579287,6.126401,1.501019,-1.733484,-3.831023
1870385000.000,OLV,recording,shake_phone,15,-13.786394,-9.063169,5.545515,1.607343,-1.960308,-3.365223
1870385010.000,OLV,recording,shake_phone,15,-16.749221,-10.586257,5.155196,1.528124,-1.982208,-2.644228
1870385020.000,OLV,recording,shake_phone,15,-18.477691,-11.522221,4.687850,1.224431,-1.704614,-1.707818
1870385030.000,OLV,recording,shake_phone,15,-18.926734,-12.576549,4.566266,0.716925,-1.184445,-0.629352
1870385040.000,OLV,recording,shake_phone,15,-18.553216,-13.018503,5.750718,0.150652,-0.520208,0.545088
1870385050.000,OLV,recording,shake_phone,15,-17.189785,-11.993349,8.021400,-0.247408,0.204211,1.762195
1870385060.000,OLV,recording,shake_phone,15,-14.434734,-9.328281,9.754006,-0.308412,0.914334,2.932870
1870385070.000,OLV,recording,shake_phone,15,-10.203194,-5.183701,9.402171,-0.039723,1.551771,3.950339
1870385080.000,OLV,recording,shake_phone,15,-4.705418,0.165294,6.582038,0.404975,2.048682,4.709111
1870385090.000,OLV,recording,shake_phone,15,1.683276,6.990038,1.638314,0.828729,2.280335,5.093274
1870385100.000,OLV,recording,shake_phone,15,8.085001,15.298160,-4.170711,1.038608,2.136804,4.983539
1870385110.000,OLV,recording,shake_phone,15,12.898917,22.887334,-8.687334,0.915005,1.682107,4.399793
1870385120.000,OLV,recording,shake_phone,15,14.916445,27.556921,-10.716588,0.476208,1.157740,3.539331
1870385130.000,OLV,recording,shake_phone,15,14.461539,29.998344,-11.792953,-0.237043,0.819377,2.605960
1870385140.000,OLV,recording,shake_phone,15,13.206819,30.368334,-11.567563,-1.200740,0.765910,1.684546
1870385150.000,OLV,recording,shake_phone,15,11.942057,28.703990,-8.453909,-2.243119,0.925713,0.785990
1870385160.000,OLV,recording,shake_phone,15,10.953667,25.580843,-3.521759,-3.013370,1.043799,-0.101164
1870385170.000,OLV,recording,shake_phone,15,9.973797,21.536753,3.619014,-3.159250,0.863751,-0.986331
1870385180.000,OLV,recording,shake_phone,15,8.032321,17.237609,9.971043,-2.576105,0.403047,-1.802857
1870385190.000,OLV,recording,shake_phone,15,5.815727,12.473083,12.453244,-1.521694,-0.180188,-2.482229
1870385200.000,OLV,recording,shake_phone,15,3.617247,7.880101,11.861353,-0.415522,-0.731192,-3.017135
1870385210.000,OLV,recording,shake_phone,15,1.057685,3.571703,9.452581,0.438650,-1.120212,-3.401203
1870385220.000,OLV,recording,shake_phone,15,-2.575631,-1.078655,7.460106,0.915697,-1.294511,-3.595010
1870385230.000,OLV,recording,shake_phone,15,-7.223832,-6.031700,6.373637,1.034178,-1.274089,-3.534904
1870385240.000,OLV,recording,shake_phone,15,-12.480186,-10.412204,6.594324,0.922470,-1.117255,-3.149854
1870385250.000,OLV,recording,shake_phone,15,-17.307879,-13.302104,7.628975,0.750457,-0.868457,-2.382122
1870385260.000,OLV,recording,shake_phone,15,-20.444614,-14.363866,9.078465,0.668254,-0.506336,-1.260474
1870385270.000,OLV,recording,shake_phone,15,-21.190900,-12.956331,9.782354,0.762984,-0.004216,0.081268
1870385280.000,OLV,recording,shake_phone,15,-18.936270,-9.406073,8.302703,1.008061,0.564252,1.462358
1870385290.000,OLV,recording,shake_phone,15,-14.492855,-4.294013,4.609932,1.283351,1.087044,2.729220
1870385300.000,OLV,recording,shake_phone,15,-8.160068,2.629233,-0.958072,1.437699,1.408562,3.726106
1870385310.000,OLV,recording,shake_phone,15,0.863416,11.422289,-7.171580,1.332386,1.360823,4.185500
1870385320.000,OLV,recording,shake_phone,15,9.319057,20.468502,-10.915446,0.923584,1.025604,3.937411
1870385330.000,OLV,recording,shake_phone,15,13.429600,26.083823,-11.884725,0.265368,0.700895,3.168951
1870385340.000,OLV,recording,shake_phone,15,13.966966,27.935362,-11.857670,-0.576206,0.551352,2.180585
1870385350.000,OLV,recording,shake_phone,15,12.716349,28.160952,-9.386699,-1.466621,0.509703,1.150315
1870385360.000,OLV,recording,shake_phone,15,9.805191,26.682558,-4.420460,-2.172898,0.484996,0.241648
1870385370.000,OLV,recording,shake_phone,15,6.560763,23.106964,1.685718,-2.494682,0.440296,-0.463984
1870385380.000,OLV,recording,shake_phone,15,4.575277,17.952971,6.296309,-2.408043,0.343163,-1.021534
1870385390.000,OLV,recording,shake_phone,15,3.344136,12.512652,8.786005,-2.035868,0.150603,-1.496962
1870385400.000,OLV,recording,shake_phone,15,2.030512,8.197475,11.284488,-1.481904,-0.128273,-1.913631
1870385410.000,OLV,recording,shake_phone,15,0.179760,4.330904,12.759707,-0.796019,-0.366850,-2.244663
1870385420.000,OLV,recording,shake_phone,15,-2.705426,0.272666,12.687145,-0.075573,-0.464683,-2.428568
1870385430.000,OLV,recording,shake_phone,15,-6.842833,-3.056906,11.188826,0.544645,-0.429798,-2.372608
1870385440.000,OLV,recording,shake_phone,15,-11.218009,-5.630739,9.556638,0.983121,-0.335945,-2.006098
1870385450.000,OLV,recording,shake_phone,15,-13.961108,-7.660132,7.791740,1.219348,-0.233800,-1.348817
1870385460.000,OLV,recording,shake_phone,15,-14.791087,-8.398873,6.306774,1.287609,-0.046893,-0.494794
1870385470.000,OLV,recording,shake_phone,15,-14.672362,-6.793238,5.216115,1.273853,0.325182,0.477682
1870385480.000,OLV,recording,shake_phone,15,-13.664913,-2.996967,3.477916,1.268423,0.844633,1.510526
1870385490.000,OLV,recording,shake_phone,15,-11.129372,2.197030,-0.007268,1.260911,1.329609,2.501138
1870385500.000,OLV,recording,shake_phone,15,-6.086263,8.307989,-4.520049,1.162269,1.548196,3.259995
1870385510.000,OLV,recording,shake_phone,15,1.236839,15.315617,-8.087042,0.935142,1.386397,3.544736
1870385520.000,OLV,recording,shake_phone,15,8.011302,21.605040,-9.866758,0.584163,0.960554,3.246669
1870385530.000,OLV,recording,shake_phone,15,12.840833,25.064324,-11.212304,0.057932,0.457411,2.450605
1870385540.000,OLV,recording,shake_phone,15,15.204260,26.138667,-11.101664,-0.650271,-0.001216,1.340460
1870385550.000,OLV,recording,shake_phone,15,13.985799,25.890802,-7.370336,-1.397028,-0.306819,0.192834
1870385560.000,OLV,recording,shake_phone,15,10.849530,24.210862,-2.005105,-1.973967,-0.403422,-0.775097
1870385570.000,OLV,recording,shake_phone,15,7.561158,20.301348,4.454904,-2.168080,-0.393734,-1.531522
1870385580.000,OLV,recording,shake_phone,15,4.977379,14.472918,9.755114,-1.887698,-0.463548,-2.129071
1870385590.000,OLV,recording,shake_phone,15,2.864102,8.018304,12.769490,-1.236930,-0.684323,-2.628085
1870385600.000,OLV,recording,shake_phone,15,-0.465468,2.352885,14.711808,-0.389220,-0.939957,-2.980199
1870385610.000,OLV,recording,shake_phone,15,-5.268967,-2.013639,14.353577,0.467004,-1.051897,-3.044375
1870385620.000,OLV,recording,shake_phone,15,-10.003066,-4.699035,12.022674,1.127906,-0.929408,-2.738409
1870385630.000,OLV,recording,shake_phone,15,-12.827068,-5.476221,8.773797,1.486976,-0.594477,-2.109667
1870385640.000,OLV,recording,shake_phone,15,-13.336206,-5.064475,5.866039,1.592914,-0.163837,-1.319786
1870385650.000,OLV,recording,shake_phone,15,-12.530699,-3.756501,3.241688,1.566664,0.202289,-0.530573
1870385660.000,OLV,recording,shake_phone,15,-11.392996,-1.506402,0.963633,1.503972,0.415305,0.189611
1870385670.000,OLV,recording,shake_phone,15,-10.059469,1.548948,-1.544266,1.411871,0.520286,0.845421
1870385680.000,OLV,recording,shake_phone,15,-8.217314,5.544872,-4.124343,1.238516,0.570388,1.437040
1870385690.000,OLV,recording,shake_phone,15,-5.238762,10.574373,-6.198479,0.959264,0.547460,1.900584
1870385700.000,OLV,recording,shake_phone,15,-0.785930,15.569198,-7.258430,0.606070,0.406050,2.101111
1870385710.000,OLV,recording,shake_phone,15,3.728349,19.383955,-7.215300,0.213825,0.154154,1.946232
1870385720.000,OLV,recording,shake_phone,15,6.895458,21.377311,-7.197230,-0.252687,-0.114000,1.450405
1870385730.000,OLV,recording,shake_phone,15,8.823816,21.479073,-6.419967,-0.798386,-0.332846,0.711113
1870385740.000,OLV,recording,shake_phone,15,9.077739,20.316448,-3.448448,-1.307574,-0.492997,-0.118314
1870385750.000,OLV,recording,shake_phone,15,7.549478,17.792911,0.572723,-1.641270,-0.604307,-0.886737
1870385760.000,OLV,recording,shake_phone,15,4.673683,13.565932,5.639365,-1.686095,-0.664960,-1.486536
1870385770.000,OLV,recording,shake_phone,15,1.409270,8.443599,9.274887,-1.441783,-0.647999,-1.874481
1870385780.000,OLV,recording,shake_phone,15,-1.516174,3.157450,10.682510,-1.025277,-0.579981,-2.066423
1870385790.000,OLV,recording,shake_phone,15,-5.049376,-1.447811,11.413921,-0.549000,-0.485497,-2.033233
1870385800.000,OLV,recording,shake_phone,15,-8.922996,-4.994625,10.678371,-0.115825,-0.331367,-1.699145
1870385810.000,OLV,recording,shake_phone,15,-12.124720,-7.624488,9.268305,0.174518,-0.102411,-1.051851
1870385820.000,OLV,recording,shake_phone,15,-14.009284,-9.234261,7.406822,0.269710,0.208292,-0.155144
1870385830.000,OLV,recording,shake_phone,15,-14.804170,-9.768149,6.224234,0.207749,0.619379,0.895281
1870385840.000,OLV,recording,shake_phone,15,-14.842561,-9.246839,5.390569,0.078458,1.108477,2.022806
1870385850.000,OLV,recording,shake_phone,15,-14.013997,-8.387670,3.742089,-0.105866,1.607819,3.179399
1870385860.000,OLV,recording,shake_phone,15,-12.276756,-7.437148,1.252892,-0.428129,2.075592,4.328256
1870385870.000,OLV,recording,shake_phone,15,-9.680136,-6.077351,-0.806733,-0.950073,2.536299,5.424375
1870385880.000,OLV,recording,shake_phone,15,-6.216381,-4.636531,-1.998041,-1.672327,3.029108,6.394203
1870385890.000,OLV,recording,shake_phone,15,-2.527380,-3.336206,-2.392505,-2.562146,3.539873,7.167364
1870385900.000,OLV,recording,shake_phone,15,0.785396,-1.993944,-1.704974,-3.555327,4.015057,7.715700
1870385910.000,OLV,recording,shake_phone,15,3.758054,-0.607344,0.290494,-4.543812,4.435529,8.019857
1870385920.000,OLV,recording,shake_phone,15,6.158017,0.560784,3.247860,-5.409349,4.837824,8.074133
1870385930.000,OLV,recording,shake_phone,15,7.324918,1.232507,6.654492,-6.075165,5.250757,7.941134
1870385940.000,OLV,recording,shake_phone,15,7.124707,1.382833,9.976198,-6.523317,5.654711,7.725775
1870385950.000,OLV,recording,shake_phone,15,6.442692,1.234325,12.637409,-6.775417,5.976684,7.495275
1870385960.000,OLV,recording,shake_phone,15,5.684788,1.170030,14.691435,-6.848069,6.116360,7.268252
1870385970.000,OLV,recording,shake_phone,15,4.861952,1.439583,16.281886,-6.732344,5.988315,7.064107
1870385980.000,OLV,recording,shake_phone,15,4.638482,2.024150,17.697649,-6.404854,5.541146,6.900266
1870385990.000,OLV,recording,shake_phone,15,5.601160,2.654588,19.026866,-5.857163,4.829451,6.754002
1870386000.000,OLV,recording,shake_phone,15,8.010478,3.174953,19.604651,-5.149089,4.035533,6.557387
1870386010.000,OLV,recording,shake_phone,15,12.324605,4.223418,19.718488,-4.407397,3.384489,6.152032
1870386020.000,OLV,recording,shake_phone,15,15.960705,5.992810,20.182347,-3.724463,2.993543,5.389555
1870386030.000,OLV,recording,shake_phone,15,15.888151,7.481717,20.155834,-3.098526,2.747203,4.359694
1870386040.000,OLV,recording,shake_phone,15,12.990340,7.562785,18.783777,-2.528358,2.469589,3.324939
1870386050.000,OLV,recording,shake_phone,15,9.407170,6.451593,16.912910,-2.042073,2.118248,2.494212
1870386060.000,OLV,recording,shake_phone,15,6.220140,5.295315,15.402215,-1.650410,1.722178,1.948150
1870386070.000,OLV,recording,shake_phone,15,3.818773,4.297309,14.258845,-1.356288,1.344065,1.663402
1870386080.000,OLV,recording,shake_phone,15,2.587330,3.144239,13.441777,-1.153627,1.106884,1.569329
1870386090.000,OLV,recording,shake_phone,15,1.832864,1.829652,13.037614,-1.036624,1.144103,1.616703
1870386100.000,OLV,recording,shake_phone,15,0.647057,0.505961,12.642443,-1.008830,1.445050,1.790290
1870386110.000,OLV,recording,shake_phone,15,-0.643054,-0.634029,11.738404,-1.059860,1.816206,2.045113
1870386120.000,OLV,recording,shake_phone,15,-1.165153,-1.182009,10.680522,-1.152747,2.058169,2.285552
1870386130.000,OLV,recording,shake_phone,15,-0.928818,-0.910856,9.994397,-1.239456,2.059875,2.414888
1870386140.000,OLV,recording,shake_phone,15,-0.571735,-0.083055,9.457237,-1.285620,1.815524,2.398872
1870386150.000,OLV,recording,shake_phone,15,-0.355668,0.771420,8.753310,-1.300167,1.413089,2.283525
1870386160.000,OLV,recording,shake_phone,15,-0.295713,1.382419,8.034720,-1.315471,0.961730,2.149185
1870386170.000,OLV,recording,shake_phone,15,-0.826013,1.352599,7.479478,-1.370158,0.598157,2.084709
1870386180.000,OLV,recording,shake_phone,15,-1.548470,0.652698,6.932971,-1.530364,0.459517,2.180861
1870386190.000,OLV,recording,shake_phone,15,-0.859679,-0.318156,6.455063,-1.858357,0.533228,2.458140
1870386200.000,OLV,recording,shake_phone,15,1.546869,-1.302988,6.690663,-2.324839,0.732789,2.771531
1870386210.000,OLV,recording,shake_phone,15,3.886799,-1.531653,7.749501,-2.813346,1.002484,2.866801
1870386220.000,OLV,recording,shake_phone,15,5.139853,-0.693731,9.745179,-3.174155,1.222341,2.610910
1870386230.000,OLV,recording,shake_phone,15,5.490651,0.562234,12.330071,-3.226638,1.235256,2.078002
1870386240.000,OLV,recording,shake_phone,15,7.975210,1.097321,19.867780,-2.708980,1.048078,1.354196
1870386250.000,OLV,recording,shake_phone,15,14.862393,1.383736,33.403295,-1.359751,0.813725,0.376030
1870386260.000,OLV,recording,shake_phone,15,12.326042,3.151598,25.002558,0.177145,0.336343,-0.637552
1870386270.000,OLV,recording,shake_phone,15,1.034957,3.005516,7.473442,0.997741,-0.372285,-1.197315
1870386280.000,OLV,recording,shake_phone,15,-2.981306,-0.304902,6.729161,1.129606,-0.972098,-1.186914
1870386290.000,OLV,recording,shake_phone,15,-2.698243,-2.669044,7.497228,0.937385,-1.397839,-0.820562
1870386300.000,OLV,recording,shake_phone,15,-2.047952,-2.846641,9.668331,0.695014,-1.601603,-0.345032
1870386310.000,OLV,recording,shake_phone,15,-1.936150,-1.908696,10.130591,0.536892,-1.563610,0.089726
1870386320.000,OLV,recording,shake_phone,15,-0.917889,-0.853089,10.509365,0.507446,-1.343698,0.390920
1870386330.000,OLV,recording,shake_phone,15,1.136392,-0.467713,10.875483,0.617507,-0.969616,0.480472
1870386340.000,OLV,recording,shake_phone,15,3.198075,-0.879808,12.199170,0.880160,-0.466287,0.348239
1870386350.000,OLV,recording,shake_phone,15,3.803802,-1.671341,13.977531,1.347812,-0.021792,0.086118
1870386360.000,OLV,recording,shake_phone,15,1.625012,-0.989037,17.438458,2.122645,0.102343,-0.128033
1870386370.000,OLV,recording,shake_phone,15,0.498688,0.665002,18.491685,3.181520,0.116236,-0.244902
1870386380.000,OLV,recording,shake_phone,15,0.993811,0.760889,17.024567,4.379716,0.144363,-0.327004
1870386390.000,OLV,recording,shake_phone,15,0.585168,0.205059,15.763172,5.582149,0.148602,-0.365439
1870386400.000,OLV,recording,shake_phone,15,0.947841,-0.372028,13.174745,6.674424,0.294313,-0.320574
1870386410.000,OLV,recording,shake_phone,15,1.530918,-0.694484,11.473159,7.480703,0.712502,-0.177008
1870386420.000,OLV,recording,shake_phone,15,2.751690,-0.059115,8.036147,7.526079,1.827925,0.043985
1870386430.000,OLV,recording,shake_phone,15,3.585821,2.481256,3.858435,6.534906,3.355923,0.310259
1870386440.000,OLV,recording,shake_phone,15,0.475437,5.125416,2.485841,5.111087,4.143001,0.620459
1870386450.000,OLV,recording,shake_phone,15,-4.580295,6.260344,3.969539,3.897664,3.989444,1.027936
1870386460.000,OLV,recording,shake_phone,15,-5.414706,6.101232,4.846368,2.909021,3.434801,1.555038
1870386470.000,OLV,recording,shake_phone,15,-2.894652,5.631655,5.138554,2.011933,2.740458,2.047151
1870386480.000,OLV,recording,shake_phone,15,1.673002,6.449903,6.346744,1.247641,2.116479,2.219603
1870386490.000,OLV,recording,shake_phone,15,4.295624,7.717500,7.940403,0.719095,1.665031,1.974520
1870386500.000,OLV,recording,shake_phone,15,2.691988,7.669492,8.731633,0.383833,1.276144,1.526086
1870386510.000,OLV,recording,shake_phone,15,0.094150,6.555516,9.450112,0.177949,0.859752,1.115464
1870386520.000,OLV,recording,shake_phone,15,-0.910983,5.632557,9.992674,0.089375,0.447229,0.797165
1870386530.000,OLV,recording,shake_phone,15,-0.601939,5.615621,9.267562,0.102077,0.155771,0.526956
1870386540.000,OLV,recording,shake_phone,15,0.276032,5.972430,7.874538,0.181594,0.085420,0.305445
1870386550.000,OLV,recording,shake_phone,15,0.276868,6.418464,7.155567,0.270125,0.206342,0.180934
1870386560.000,OLV,recording,shake_phone,15,-0.792938,7.222088,6.880895,0.313818,0.458514,0.179025
1870386570.000,OLV,recording,shake_phone,15,-1.887831,8.102090,6.733849,0.250213,0.709098,0.280390
1870386580.000,OLV,recording,shake_phone,15,-2.164022,8.594886,7.782113,0.022747,0.723431,0.443263
1870386590.000,OLV,recording,shake_phone,15,-1.946510,8.062355,9.465773,-0.159970,0.533715,0.613351
1870386600.000,OLV,recording,shake_phone,15,-2.097698,7.989982,10.059667,-0.115378,0.349690,0.760651
1870386610.000,OLV,recording,shake_phone,16,-2.168149,8.476507,10.692616,0.074888,0.213331,0.878136
1870386620.000,OLV,recording,shake_phone,16,-2.344950,8.263951,11.619596,0.347531,0.170900,0.994035
1870386630.000,OLV,recording,shake_phone,16,-3.089161,8.279470,12.574381,0.684553,0.262877,1.170266
1870386640.000,OLV,recording,shake_phone,16,-3.446656,8.596283,14.314949,1.105018,0.424047,1.424895
1870386650.000,OLV,recording,shake_phone,16,-3.431765,8.840876,15.608131,1.608624,0.537679,1.729739
1870386660.000,OLV,recording,shake_phone,16,-3.352442,8.562011,15.765000,2.154414,0.509165,2.027944
1870386670.000,OLV,recording,shake_phone,16,-2.829793,8.410969,15.172125,2.682687,0.363227,2.250555
1870386680.000,OLV,recording,shake_phone,16,-1.809672,8.428951,13.983928,3.138520,0.217336,2.362181
1870386690.000,OLV,recording,shake_phone,16,-1.041599,8.302646,12.715403,3.505771,0.199106,2.391424
1870386700.000,OLV,recording,shake_phone,16,-1.329400,8.142984,11.666551,3.808707,0.361675,2.427429
1870386710.000,OLV,recording,shake_phone,16,-2.879350,8.303364,10.859003,4.074181,0.626446,2.591579
1870386720.000,OLV,recording,shake_phone,16,-4.695704,8.856198,10.259109,4.300859,0.827455,2.959931
1870386730.000,OLV,recording,shake_phone,16,-5.097819,9.138338,9.603992,4.467397,0.853289,3.478078
1870386740.000,OLV,recording,shake_phone,16,-4.155780,8.681516,8.685478,4.556858,0.749180,4.002100
1870386750.000,OLV,recording,shake_phone,16,-2.897484,7.698255,7.557731,4.571557,0.642348,4.411838
1870386760.000,OLV,recording,shake_phone,16,-1.816938,6.564491,6.590688,4.542180,0.621067,4.652906
1870386770.000,OLV,recording,shake_phone,16,-1.359259,5.792553,5.924353,4.515312,0.708987,4.748947
1870386780.000,OLV,recording,shake_phone,16,-0.978134,5.396040,5.193568,4.520085,0.896385,4.762349
1870386790.000,OLV,recording,shake_phone,16,-0.500634,5.215089,4.173698,4.548597,1.176081,4.737706
1870386800.000,OLV,recording,shake_phone,16,-0.381401,5.188477,3.039963,4.569200,1.506324,4.723143
1870386810.000,OLV,recording,shake_phone,16,-0.885096,5.037811,2.232064,4.558022,1.801274,4.785219
1870386820.000,OLV,recording,shake_phone,16,-1.390864,4.714511,2.059453,4.512599,1.984180,4.945981
1870386830.000,OLV,recording,shake_phone,16,-1.015525,4.171937,2.058676,4.428088,2.027370,5.147772
1870386840.000,OLV,recording,shake_phone,16,-0.547294,3.115732,1.771546,4.284829,1.959723,5.323482
1870386850.000,OLV,recording,shake_phone,16,0.317101,1.421318,1.383520,4.070858,1.838204,5.425147
1870386860.000,OLV,recording,shake_phone,16,2.250284,-0.805804,0.843670,3.794350,1.743234,5.406122
1870386870.000,OLV,recording,shake_phone,16,4.843924,-3.248547,0.251292,3.498177,1.758124,5.243582
1870386880.000,OLV,recording,shake_phone,16,7.434203,-5.605263,-0.196919,3.227472,1.910488,4.942403
1870386890.000,OLV,recording,shake_phone,16,9.151494,-7.586645,-0.427329,2.997909,2.151296,4.533997
1870386900.000,OLV,recording,shake_phone,16,10.069641,-8.847743,-0.254082,2.809030,2.366567,4.063786
1870386910.000,OLV,recording,shake_phone,16,10.908295,-9.060442,0.269573,2.642670,2.435758,3.537645
1870386920.000,OLV,recording,shake_phone,16,12.050617,-8.218897,1.018676,2.465344,2.313126,2.900536
1870386930.000,OLV,recording,shake_phone,16,13.117315,-6.836156,1.868045,2.247146,2.033271,2.091017
1870386940.000,OLV,recording,shake_phone,16,13.331520,-4.986098,2.254748,1.973107,1.634448,1.114629
1870386950.000,OLV,recording,shake_phone,16,12.359445,-2.129652,1.734455,1.640795,1.111982,0.069314
1870386960.000,OLV,recording,shake_phone,16,10.462886,1.772109,0.501845,1.262491,0.530666,-0.907336
1870386970.000,OLV,recording,shake_phone,16,8.124146,6.583383,-1.163582,0.851163,0.066497,-1.697989
1870386980.000,OLV,recording,shake_phone,16,5.265704,11.871897,-2.779872,0.418500,-0.171168,-2.189818
1870386990.000,OLV,recording,shake_phone,16,2.069505,16.479555,-3.534109,-0.010364,-0.215739,-2.272574
1870387000.000,OLV,recording,shake_phone,16,-0.485466,19.309075,-2.929394,-0.390144,-0.131029,-1.907866
1870387010.000,OLV,recording,shake_phone,16,-1.663377,20.100366,-1.197327,-0.666998,0.049051,-1.181651
1870387020.000,OLV,recording,shake_phone,16,-1.370124,19.337916,0.881648,-0.792716,0.273047,-0.275701
1870387030.000,OLV,recording,shake_phone,16,-0.014347,17.578699,2.559825,-0.746332,0.466779,0.617991
1870387040.000,OLV,recording,shake_phone,16,2.044851,15.339384,3.358395,-0.558294,0.564468,1.351020
1870387050.000,OLV,recording,shake_phone,16,3.998966,12.785640,3.043316,-0.306671,0.553114,1.841272
1870387060.000,OLV,recording,shake_phone,16,5.400427,9.833067,1.985926,-0.086360,0.501299,2.095501
1870387070.000,OLV,recording,shake_phone,16,6.633092,6.760108,1.024601,0.038131,0.499249,2.183816
1870387080.000,OLV,recording,shake_phone,16,7.530140,3.765791,0.498026,0.055058,0.571368,2.195738
1870387090.000,OLV,recording,shake_phone,16,8.381204,0.705802,0.652930,0.000472,0.673498,2.189868
1870387100.000,OLV,recording,shake_phone,16,9.580662,-2.143661,1.230706,-0.066299,0.762150,2.152729
1870387110.000,OLV,recording,shake_phone,16,10.920333,-4.409080,1.900176,-0.087177,0.822209,2.018706
1870387120.000,OLV,recording,shake_phone,16,12.263511,-5.710738,2.586304,-0.018121,0.848526,1.718714
1870387130.000,OLV,recording,shake_phone,16,13.328047,-5.743777,2.953232,0.150565,0.832413,1.218476
1870387140.000,OLV,recording,shake_phone,16,14.074919,-4.352203,3.141147,0.401194,0.764201,0.523294
1870387150.000,OLV,recording,shake_phone,16,13.716407,-1.429281,2.871290,0.685021,0.632784,-0.314772
1870387160.000,OLV,recording,shake_phone,16,11.471045,2.662258,1.717155,0.905873,0.457412,-1.133245
1870387170.000,OLV,recording,shake_phone,16,8.544811,7.370977,0.389207,0.988241,0.268081,-1.759866
1870387180.000,OLV,recording,shake_phone,16,5.556119,12.021290,-0.582067,0.908424,0.070329,-2.103151
1870387190.000,OLV,recording,shake_phone,16,2.720602,15.167658,-1.205060,0.654188,-0.090924,-2.099499
1870387200.000,OLV,recording,shake_phone,16,0.384254,16.405651,-1.562289,0.243116,-0.139194,-1.729105
1870387210.000,OLV,recording,shake_phone,16,-1.154162,16.495188,-1.152015,-0.220051,-0.077878,-1.053082
1870387220.000,OLV,recording,shake_phone,16,-1.014425,15.411206,0.359691,-0.576498,0.016754,-0.228948
1870387230.000,OLV,recording,shake_phone,16,0.915764,12.894394,2.053642,-0.738724,0.100562,0.548566
1870387240.000,OLV,recording,shake_phone,16,3.774621,9.321796,3.065392,-0.729089,0.172914,1.137653
1870387250.000,OLV,recording,shake_phone,16,6.458845,5.362337,3.552426,-0.612312,0.232011,1.499098
1870387260.000,OLV,recording,shake_phone,16,8.882468,1.496408,3.670401,-0.438290,0.268099,1.646548
1870387270.000,OLV,recording,shake_phone,16,11.246442,-1.887182,3.454572,-0.233146,0.273914,1.581881
1870387280.000,OLV,recording,shake_phone,16,12.878112,-4.574989,3.014900,-0.008114,0.249065,1.316621
1870387290.000,OLV,recording,shake_phone,16,13.937693,-6.421158,2.503682,0.227495,0.211178,0.885463
1870387300.000,OLV,recording,shake_phone,16,14.782637,-7.118762,1.990151,0.457208,0.202328,0.326798
1870387310.000,OLV,recording,shake_phone,16,15.337156,-6.210226,1.725051,0.669386,0.240600,-0.340422
1870387320.000,OLV,recording,shake_phone,16,14.878140,-3.161269,1.621070,0.855757,0.262953,-1.109821
1870387330.000,OLV,recording,shake_phone,16,12.363100,1.569900,0.905369,0.984823,0.210724,-1.920450
1870387340.000,OLV,recording,shake_phone,16,8.215243,7.153939,-0.278244,1.017292,0.122147,-2.624214
1870387350.000,OLV,recording,shake_phone,16,2.985280,13.176954,-1.263574,0.930731,0.058471,-3.009070
1870387360.000,OLV,recording,shake_phone,16,-2.100146,17.790208,-1.618434,0.703430,0.054965,-2.870862
1870387370.000,OLV,recording,shake_phone,16,-5.083401,19.506161,-1.163524,0.317309,0.166079,-2.154367
1870387380.000,OLV,recording,shake_phone,16,-5.712438,19.076571,0.055507,-0.157235,0.365039,-1.039254
1870387390.000,OLV,recording,shake_phone,16,-4.049333,17.294164,2.318159,-0.524716,0.511278,0.132892
1870387400.000,OLV,recording,shake_phone,16,-0.421250,14.239519,4.330589,-0.656305,0.524295,1.041382
1870387410.000,OLV,recording,shake_phone,16,3.694369,10.446767,4.817650,-0.613554,0.415782,1.543668
1870387420.000,OLV,recording,shake_phone,16,6.746831,6.741035,4.546940,-0.519831,0.246157,1.681552
1870387430.000,OLV,recording,shake_phone,16,8.639225,3.466708,4.074231,-0.453237,0.083961,1.562836
1870387440.000,OLV,recording,shake_phone,16,9.876354,0.753532,3.513145,-0.434618,-0.050850,1.282760
1870387450.000,OLV,recording,shake_phone,16,10.682407,-1.198511,3.178764,-0.447243,-0.188220,0.898252
1870387460.000,OLV,recording,shake_phone,16,10.956978,-2.467878,2.998149,-0.464510,-0.351418,0.435234
1870387470.000,OLV,recording,shake_phone,16,10.684896,-3.093892,2.896253,-0.458444,-0.527911,-0.072381
1870387480.000,OLV,recording,shake_phone,16,10.287529,-3.181058,2.961215,-0.402961,-0.707998,-0.590559
1870387490.000,OLV,recording,shake_phone,16,9.912004,-2.990108,3.071571,-0.286170,-0.897089,-1.108888
1870387500.000,OLV,recording,shake_phone,16,9.286738,-2.684959,2.981582,-0.126379,-1.096863,-1.639903
1870387510.000,OLV,recording,shake_phone,16,8.281938,-2.103556,2.376486,0.017151,-1.319945,-2.197702
1870387520.000,OLV,recording,shake_phone,16,7.015619,-0.752985,1.126151,0.046174,-1.642607,-2.788454
1870387530.000,OLV,recording,shake_phone,16,5.901192,1.234037,-0.078687,-0.136475,-2.146625,-3.416681
1870387540.000,OLV,recording,shake_phone,16,4.852443,3.126825,-0.629961,-0.587014,-2.798082,-4.067849
1870387550.000,OLV,recording,shake_phone,16,3.969255,4.387338,-0.743610,-1.324389,-3.476823,-4.702777
1870387560.000,OLV,recording,shake_phone,16,3.350929,4.953570,-0.671948,-2.325768,-4.095360,-5.261699
1870387570.000,OLV,recording,shake_phone,16,2.875097,5.187701,-0.131765,-3.474164,-4.646827,-5.690954
1870387580.000,OLV,recording,shake_phone,16,2.709311,5.084837,1.364088,-4.573565,-5.163819,-5.998297
1870387590.000,OLV,recording,shake_phone,16,2.246403,4.429291,3.508085,-5.469190,-5.636131,-6.209266
1870387600.000,OLV,recording,shake_phone,16,1.112397,3.816977,5.882273,-6.098933,-6.019333,-6.299023
1870387610.000,OLV,recording,shake_phone,16,-0.105718,4.071882,7.820349,-6.468492,-6.284573,-6.252094
1870387620.000,OLV,recording,shake_phone,16,-1.283264,5.192563,8.598172,-6.623039,-6.375411,-6.092938
1870387630.000,OLV,recording,shake_phone,16,-2.605775,6.557817,8.901171,-6.591902,-6.237045,-5.824953
1870387640.000,OLV,recording,shake_phone,16,-3.528087,7.718095,9.422090,-6.352065,-5.832839,-5.440704
1870387650.000,OLV,recording,shake_phone,16,-2.640822,8.026536,10.471676,-5.849491,-5.183691,-4.979943
1870387660.000,OLV,recording,shake_phone,16,-0.881904,8.105955,11.779581,-5.071785,-4.445594,-4.519402
1870387670.000,OLV,recording,shake_phone,16,0.504974,9.525822,12.215488,-4.090763,-3.830133,-4.116190
1870387680.000,OLV,recording,shake_phone,16,1.975055,10.451429,11.486169,-3.031476,-3.460865,-3.834771
1870387690.000,OLV,recording,shake_phone,16,1.461677,10.204477,10.408733,-2.014640,-3.320546,-3.692360
1870387700.000,OLV,recording,shake_phone,16,-1.083684,10.918510,9.525770,-1.118059,-3.332328,-3.604529
1870387710.000,OLV,recording,shake_phone,16,-2.616335,12.131417,8.711308,-0.369415,-3.425471,-3.489953
1870387720.000,OLV,recording,shake_phone,16,-2.782513,12.875214,8.012437,0.244670,-3.538522,-3.316601
1870387730.000,OLV,recording,shake_phone,16,-2.557302,13.154368,7.148254,0.728987,-3.609346,-3.093541
1870387740.000,OLV,recording,shake_phone,16,-2.327317,13.213480,6.291197,1.094574,-3.598176,-2.842122
1870387750.000,OLV,recording,shake_phone,16,-2.086334,13.493109,5.307708,1.353624,-3.466511,-2.554830
1870387760.000,OLV,recording,shake_phone,16,-1.606624,13.989565,3.520952,1.473736,-3.145154,-2.204140
1870387770.000,OLV,recording,shake_phone,16,-0.455096,13.687932,1.861647,1.433178,-2.607930,-1.794738
1870387780.000,OLV,recording,shake_phone,16,-0.112663,12.722037,1.283801,1.272505,-1.889477,-1.341223
1870387790.000,OLV,recording,shake_phone,16,-1.156912,12.551394,1.838009,1.084011,-1.109045,-0.851171
1870387800.000,OLV,recording,shake_phone,16,-1.840502,12.587333,3.015345,0.959922,-0.462929,-0.378190
1870387810.000,OLV,recording,shake_phone,16,-1.792197,12.065522,2.800307,0.833974,0.079064,-0.042706
1870387820.000,OLV,recording,shake_phone,16,-0.987081,11.914235,0.531693,0.472404,0.541174,-0.006539
1870387830.000,OLV,recording,shake_phone,16,-0.892204,11.183060,1.219681,0.082120,0.582249,-0.128792
1870387840.000,OLV,recording,shake_phone,16,-1.721531,10.334596,4.094004,-0.000280,0.220713,-0.082109
1870387850.000,OLV,recording,shake_phone,16,-1.770482,11.035746,4.480146,-0.008112,-0.337346,0.060381
1870387860.000,OLV,recording,shake_phone,16,-2.098367,11.426423,4.267035,-0.251720,-1.018804,0.098848
1870387870.000,OLV,recording,shake_phone,16,-1.625934,10.074422,3.377869,-0.610537,-1.375702,0.107133
1870387880.000,OLV,recording,shake_phone,16,0.220830,8.688218,2.226175,-0.877408,-1.328100,0.150745
1870387890.000,OLV,recording,shake_phone,16,1.238410,9.034162,2.190650,-1.142070,-1.301551,0.145395
1870387900.000,OLV,recording,shake_phone,16,1.370888,9.644116,2.849666,-1.556284,-1.378323,0.022070
1870387910.000,OLV,recording,shake_phone,16,1.505792,8.738198,2.622035,-2.125095,-1.396426,-0.186948
1870387920.000,OLV,recording,shake_phone,16,1.590053,7.417618,2.177400,-2.766722,-1.288497,-0.388405
1870387930.000,OLV,recording,shake_phone,16,1.765628,6.492353,3.411717,-3.365593,-1.152860,-0.545337
1870387940.000,OLV,recording,shake_phone,16,2.157313,5.696808,5.096360,-3.803886,-1.032027,-0.675550
1870387950.000,OLV,recording,shake_phone,16,2.514521,5.630811,5.698188,-4.083517,-0.892949,-0.817393
1870387960.000,OLV,recording,shake_phone,16,2.452932,6.215729,6.303917,-4.236397,-0.841026,-1.003906
1870387970.000,OLV,recording,shake_phone,16,2.551902,6.378845,7.112841,-4.229849,-0.980818,-1.219808
1870387980.000,OLV,recording,shake_phone,16,2.724605,5.874223,7.429043,-4.053160,-1.207945,-1.401801
1870387990.000,OLV,recording,shake_phone,16,2.259409,5.500621,7.513138,-3.761696,-1.291888,-1.488587
1870388000.000,OLV,recording,shake_phone,16,1.653788,5.668233,7.820209,-3.420756,-1.176204,-1.486841
1870388010.000,OLV,recording,shake_phone,16,1.366046,6.127442,8.485146,-3.042255,-0.988636,-1.455409
1870388020.000,OLV,recording,shake_phone,16,1.078725,6.544195,9.028786,-2.609172,-0.860351,-1.428544
1870388030.000,OLV,recording,shake_phone,16,0.648843,6.659949,9.167763,-2.125049,-0.827242,-1.406299
1870388040.000,OLV,recording,shake_phone,16,0.300352,6.482941,8.858412,-1.610415,-0.840367,-1.384437
1870388050.000,OLV,recording,shake_phone,16,-0.503502,6.355463,8.415477,-1.075537,-0.878073,-1.299696
1870388060.000,OLV,recording,shake_phone,16,-3.154343,7.294353,8.529028,-0.465705,-0.992552,-0.978970
1870388070.000,OLV,recording,shake_phone,16,-4.412132,8.559178,8.868861,0.276569,-1.206804,-0.425889
1870388080.000,OLV,recording,shake_phone,16,-1.902160,8.945667,9.157176,1.034403,-1.492880,0.027052
1870388090.000,OLV,recording,shake_phone,16,0.429023,9.221677,8.580364,1.456409,-1.730876,0.114554
1870388100.000,OLV,recording,shake_phone,16,1.560536,9.232003,4.061889,1.177179,-1.641518,-0.159007
1870388110.000,OLV,recording,shake_phone,16,2.263479,7.942176,0.836925,0.425505,-1.325684,-0.520916
1870388120.000,OLV,recording,shake_phone,16,2.625657,6.749879,2.750032,-0.282276,-0.992185,-0.635578
1870388130.000,OLV,recording,shake_phone,16,2.273213,6.766255,4.924524,-0.812927,-0.636080,-0.445515
1870388140.000,OLV,recording,shake_phone,16,1.499829,6.684434,6.383618,-1.221677,-0.345752,-0.123826
1870388150.000,OLV,recording,shake_phone,16,1.327129,6.374436,6.622487,-1.573441,-0.139394,0.148944
1870388160.000,OLV,recording,shake_phone,16,1.494429,6.187621,6.505758,-1.890567,-0.021121,0.276183
1870388170.000,OLV,recording,shake_phone,16,2.138347,5.647300,7.472509,-2.109301,-0.023509,0.216256
1870388180.000,OLV,recording,shake_phone,16,2.510602,5.040201,8.736077,-2.124421,-0.115688,-0.020086
1870388190.000,OLV,recording,shake_phone,16,1.943871,5.292669,9.101876,-1.899305,-0.207282,-0.335204
1870388200.000,OLV,recording,shake_phone,16,1.316498,5.459797,9.497961,-1.474912,-0.255621,-0.606788
1870388210.000,OLV,recording,shake_phone,16,1.085313,5.160774,9.568367,-0.959596,-0.197543,-0.751461
1870388220.000,OLV,recording,shake_phone,16,0.595798,4.691008,8.817579,-0.510861,-0.022583,-0.712469
1870388230.000,OLV,recording,shake_phone,16,-0.226318,4.587398,7.392570,-0.236849,0.065380,-0.496464
1870388240.000,OLV,recording,shake_phone,16,-0.762646,5.202999,5.756326,-0.176482,-0.022234,-0.180996
1870388250.000,OLV,recording,shake_phone,16,-0.597935,6.139160,4.465499,-0.313322,-0.186726,0.103104
1870388260.000,OLV,recording,shake_phone,16,0.481025,6.635590,3.710527,-0.564688,-0.419886,0.220413
1870388270.000,OLV,recording,shake_phone,16,1.924208,6.476859,3.730911,-0.848644,-0.723489,0.126068
1870388280.000,OLV,recording,shake_phone,16,2.701127,5.886596,4.568298,-1.119729,-1.039774,-0.103974
1870388290.000,OLV,recording,shake_phone,16,2.846979,5.242361,6.228234,-1.308273,-1.301203,-0.342920
1870388300.000,OLV,recording,shake_phone,16,2.546970,4.840359,8.602162,-1.301541,-1.478214,-0.503232
1870388310.000,OLV,recording,shake_phone,16,2.221764,4.739385,10.763506,-1.033614,-1.612329,-0.578025
1870388320.000,OLV,recording,shake_phone,16,2.380723,4.818129,12.097021,-0.533372,-1.741361,-0.617253
1870388330.000,OLV,recording,shake_phone,16,2.736662,5.021091,12.594333,0.103226,-1.883710,-0.666871
1870388340.000,OLV,recording,shake_phone,16,2.865549,5.311829,12.418842,0.760812,-2.065832,-0.731365
1870388350.000,OLV,recording,shake_phone,16,2.856262,5.788567,11.796094,1.352796,-2.285506,-0.797154
1870388360.000,OLV,recording,shake_phone,16,2.708219,6.481761,10.485820,1.822021,-2.508258,-0.867472
1870388370.000,OLV,recording,shake_phone,16,3.214984,7.236684,9.701548,2.152106,-2.786669,-0.968538
1870388380.000,OLV,recording,shake_phone,16,4.718778,8.108257,10.397669,2.402788,-3.138734,-1.157792
1870388390.000,OLV,recording,shake_phone,16,6.124173,8.996272,11.186119,2.668292,-3.376345,-1.455048
1870388400.000,OLV,recording,shake_phone,16,6.232435,9.519639,11.485186,2.976462,-3.368752,-1.785528
1870388410.000,OLV,recording,shake_phone,16,4.999585,9.858352,11.029222,3.251816,-3.173790,-2.031079
1870388420.000,OLV,recording,shake_phone,16,3.694097,10.259553,9.901625,3.395330,-2.900140,-2.125273
1870388430.000,OLV,recording,shake_phone,16,2.974038,10.795031,8.851401,3.386628,-2.636543,-2.107634
1870388440.000,OLV,recording,shake_phone,16,3.058384,11.639673,8.216953,3.284504,-2.417797,-2.064057
1870388450.000,OLV,recording,shake_phone,16,3.541107,12.636899,7.778124,3.157839,-2.214873,-2.050966
1870388460.000,OLV,recording,shake_phone,16,3.892195,13.360529,7.248392,3.027893,-2.005306,-2.081462
1870388470.000,OLV,recording,shake_phone,16,4.202174,13.652118,7.022282,2.908089,-1.829788,-2.168805
1870388480.000,OLV,recording,shake_phone,16,4.590459,13.744903,7.278538,2.848795,-1.726463,-2.328737
1870388490.000,OLV,recording,shake_phone,16,4.992497,13.777582,7.848006,2.898997,-1.687147,-2.555163
1870388500.000,OLV,recording,shake_phone,16,5.000665,13.756832,8.413666,3.075300,-1.686093,-2.821007
1870388510.000,OLV,recording,shake_phone,16,4.719249,13.570444,8.294079,3.340033,-1.708049,-3.096287
1870388520.000,OLV,recording,shake_phone,16,4.430703,13.364038,7.699933,3.618356,-1.742490,-3.368395
1870388530.000,OLV,recording,shake_phone,16,3.776585,13.102739,6.786326,3.842550,-1.749299,-3.613750
1870388540.000,OLV,recording,shake_phone,16,2.938382,12.673315,5.752066,3.980168,-1.707559,-3.798906
1870388550.000,OLV,recording,shake_phone,16,2.122664,12.390611,4.772409,4.043960,-1.665978,-3.916903
1870388560.000,OLV,recording,shake_phone,16,1.960811,12.284380,4.128536,4.078359,-1.709860,-4.017398
1870388570.000,OLV,recording,shake_phone,16,2.237831,12.269228,3.975094,4.134390,-1.877085,-4.166447
1870388580.000,OLV,recording,shake_phone,16,2.052072,12.136501,3.537449,4.196448,-2.080737,-4.351825
1870388590.000,OLV,recording,shake_phone,16,1.780743,11.572722,2.581323,4.191168,-2.227033,-4.525651
1870388600.000,OLV,recording,shake_phone,16,1.355338,10.843576,1.596807,4.090744,-2.318453,-4.669441
1870388610.000,OLV,recording,shake_phone,16,1.255399,10.106780,0.552396,3.922804,-2.435765,-4.806855
1870388620.000,OLV,recording,shake_phone,16,2.099413,9.827204,0.212479,3.748520,-2.654347,-5.012198
1870388630.000,OLV,recording,shake_phone,16,2.456400,9.729612,0.377563,3.603035,-2.885394,-5.295952
1870388640.000,OLV,recording,shake_phone,16,1.669266,8.601330,0.139801,3.442508,-2.974151,-5.568453
1870388650.000,OLV,recording,shake_phone,16,0.189932,6.923430,0.188464,3.233533,-2.881691,-5.744086
1870388660.000,OLV,recording,shake_phone,16,-1.338552,5.524556,0.827269,3.036974,-2.686524,-5.809603
1870388670.000,OLV,recording,shake_phone,16,-2.273330,4.543164,1.700830,2.947161,-2.532588,-5.810879
1870388680.000,OLV,recording,shake_phone,16,-2.703097,3.824341,1.826766,2.986273,-2.522083,-5.788730
1870388690.000,OLV,recording,shake_phone,16,-2.389026,3.274046,1.203473,3.093486,-2.665735,-5.780780
1870388700.000,OLV,recording,shake_phone,16,-1.709858,3.206438,0.810061,3.205471,-2.923469,-5.819112
1870388710.000,OLV,recording,shake_phone,16,-0.782628,3.777323,0.785577,3.294187,-3.197985,-5.915308
1870388720.000,OLV,recording,shake_phone,16,-0.173965,4.386464,0.545036,3.330117,-3.327126,-6.051565
1870388730.000,OLV,recording,shake_phone,16,-1.001671,4.356613,-0.232711,3.264222,-3.218990,-6.161081
1870388740.000,OLV,recording,shake_phone,16,-2.801502,3.679530,-1.239024,3.067848,-2.937944,-6.157611
1870388750.000,OLV,recording,shake_phone,16,-4.947725,2.670129,-2.074959,2.759974,-2.602996,-5.984752
1870388760.000,OLV,recording,shake_phone,16,-6.641784,1.649907,-2.336347,2.383534,-2.308155,-5.654151
1870388770.000,OLV,recording,shake_phone,16,-7.705217,0.896805,-1.939108,1.990743,-2.095943,-5.230213
1870388780.000,OLV,recording,shake_phone,16,-8.314858,0.488955,-1.389680,1.626333,-1.961629,-4.783602
1870388790.000,OLV,recording,shake_phone,16,-7.958924,0.129993,-1.029886,1.306630,-1.914299,-4.392516
1870388800.000,OLV,recording,shake_phone,16,-6.552033,-0.067700,-0.982457,1.039631,-1.975979,-4.146423
1870388810.000,OLV,recording,shake_phone,16,-4.909542,-0.171133,-0.773445,0.853789,-2.103521,-4.090874
1870388820.000,OLV,recording,shake_phone,16,-4.156343,-0.634863,-0.003825,0.778518,-2.206198,-4.182255
1870388830.000,OLV,recording,shake_phone,16,-5.041883,-1.605943,0.953804,0.804411,-2.221586,-4.298286
1870388840.000,OLV,recording,shake_phone,16,-7.110687,-2.703504,1.842130,0.884665,-2.131185,-4.288589
1870388850.000,OLV,recording,shake_phone,16,-9.456211,-3.446809,2.336031,0.955091,-1.927316,-4.045103
1870388860.000,OLV,recording,shake_phone,16,-11.349569,-3.425622,2.114384,0.944306,-1.607919,-3.579840
1870388870.000,OLV,recording,shake_phone,16,-12.277397,-2.983319,1.258939,0.805511,-1.187965,-2.984198
1870388880.000,OLV,recording,shake_phone,16,-12.823935,-2.740052,0.098794,0.522341,-0.690780,-2.317059
1870388890.000,OLV,recording,shake_phone,16,-13.426797,-2.839282,-1.002141,0.101633,-0.151596,-1.586145
1870388900.000,OLV,recording,shake_phone,16,-13.858383,-2.989289,-1.505201,-0.406661,0.391028,-0.801886
1870388910.000,OLV,recording,shake_phone,16,-13.762160,-3.084821,-1.413391,-0.919076,0.858069,-0.009320
1870388920.000,OLV,recording,shake_phone,16,-12.904792,-3.166522,-1.131778,-1.345302,1.093246,0.727655
1870388930.000,OLV,recording,shake_phone,16,-11.262252,-2.564423,-0.891444,-1.624962,0.984882,1.319533
1870388940.000,OLV,recording,shake_phone,16,-8.995887,-1.449627,-0.441682,-1.747245,0.599443,1.686829
1870388950.000,OLV,recording,shake_phone,16,-5.790781,-0.354379,0.626273,-1.728721,0.119069,1.766002
1870388960.000,OLV,recording,shake_phone,16,-2.435048,1.000478,2.108468,-1.570608,-0.269870,1.531780
1870388970.000,OLV,recording,shake_phone,16,0.139511,2.454150,3.463444,-1.275045,-0.459715,1.035696
1870388980.000,OLV,recording,shake_phone,16,2.510433,3.671996,4.303138,-0.880040,-0.459519,0.326869
1870388990.000,OLV,recording,shake_phone,16,3.376811,4.411917,4.952877,-0.409657,-0.365173,-0.544749
1870389000.000,OLV,recording,shake_phone,16,2.202979,4.425099,5.602605,0.148245,-0.267464,-1.471310
1870389010.000,OLV,recording,shake_phone,16,-0.573424,3.652155,5.593332,0.778374,-0.184249,-2.303811
1870389020.000,OLV,recording,shake_phone,16,-4.632838,2.067182,4.408608,1.378518,-0.105435,-2.903050
1870389030.000,OLV,recording,shake_phone,16,-8.819801,0.158657,1.999540,1.796300,-0.019054,-3.193449
1870389040.000,OLV,recording,shake_phone,16,-12.026530,-1.492056,-0.746862,1.928840,0.064426,-3.175950
1870389050.000,OLV,recording,shake_phone,16,-13.655296,-2.889923,-3.225204,1.762986,0.084948,-2.920851
1870389060.000,OLV,recording,shake_phone,16,-13.813554,-4.047617,-5.060619,1.353790,-0.019529,-2.537937
1870389070.000,OLV,recording,shake_phone,16,-13.465772,-4.837359,-5.454678,0.800802,-0.219718,-2.117661
1870389080.000,OLV,recording,shake_phone,16,-13.313681,-5.714489,-4.500306,0.213906,-0.418450,-1.698027
1870389090.000,OLV,recording,shake_phone,16,-13.109918,-6.559211,-2.979531,-0.320495,-0.549250,-1.281390
1870389100.000,OLV,recording,shake_phone,16,-12.984697,-7.075890,-1.139144,-0.733244,-0.586070,-0.860672
1870389110.000,OLV,recording,shake_phone,16,-13.143990,-7.286819,0.719392,-0.976343,-0.544990,-0.419885
1870389120.000,OLV,recording,shake_phone,16,-12.943592,-7.144570,2.062016,-1.047322,-0.473735,0.042297
1870389130.000,OLV,recording,shake_phone,16,-12.217512,-6.625931,2.923152,-0.973154,-0.388784,0.503370
1870389140.000,OLV,recording,shake_phone,16,-11.558180,-5.847718,3.635776,-0.784699,-0.261947,0.953589
1870389150.000,OLV,recording,shake_phone,16,-10.848777,-5.180107,3.993138,-0.535673,-0.080819,1.376524
1870389160.000,OLV,recording,shake_phone,16,-9.774364,-4.614813,3.511940,-0.306481,0.140094,1.753101
1870389170.000,OLV,recording,shake_phone,16,-7.962104,-3.826990,1.964501,-0.179784,0.355573,2.051858
1870389180.000,OLV,recording,shake_phone,16,-5.663751,-2.651708,0.173161,-0.189200,0.483866,2.208301
1870389190.000,OLV,recording,shake_phone,16,-3.951961,-1.466926,-0.771778,-0.292716,0.506189,2.210877
1870389200.000,OLV,recording,shake_phone,16,-2.788641,-0.785180,-0.923445,-0.426339,0.466117,2.112390
1870389210.000,OLV,recording,shake_phone,16,-2.294640,-0.414299,-0.304702,-0.533838,0.414033,1.981644
1870389220.000,OLV,recording,shake_phone,16,-2.793941,-0.300827,0.655942,-0.584632,0.411061,1.894504
1870389230.000,OLV,recording,shake_phone,16,-3.832937,-0.627713,1.432108,-0.596411,0.495711,1.916966
1870389240.000,OLV,recording,shake_phone,16,-5.175738,-1.229381,1.639284,-0.616812,0.684180,2.106731
1870389250.000,OLV,recording,shake_phone,16,-6.974741,-2.073732,1.232513,-0.708840,0.984598,2.522472
1870389260.000,OLV,recording,shake_phone,16,-8.726915,-3.066363,0.657469,-0.927562,1.374457,3.179766
1870389270.000,OLV,recording,shake_phone,16,-9.414140,-3.947098,0.353422,-1.282325,1.820826,4.002105
1870389280.000,OLV,recording,shake_phone,16,-9.314818,-4.625489,0.174216,-1.753920,2.317524,4.883119
1870389290.000,OLV,recording,shake_phone,16,-8.774319,-5.099550,-0.183728,-2.335087,2.861732,5.758298
1870389300.000,OLV,recording,shake_phone,16,-7.483059,-5.515463,-0.754665,-3.029794,3.418649,6.573723
1870389310.000,OLV,recording,shake_phone,16,-5.907565,-5.965064,-1.036284,-3.808303,3.922263,7.274227
1870389320.000,OLV,recording,shake_phone,16,-4.638285,-6.094229,-0.733435,-4.589753,4.319198,7.835976
1870389330.000,OLV,recording,shake_phone,16,-4.013761,-5.906998,-0.139824,-5.288869,4.589255,8.278450
1870389340.000,OLV,recording,shake_phone,16,-3.891804,-5.916642,0.514139,-5.867176,4.723912,8.652533
1870389350.000,OLV,recording,shake_phone,16,-3.589651,-6.270322,0.990431,-6.336305,4.732488,9.000222
1870389360.000,OLV,recording,shake_phone,16,-3.037288,-6.819624,1.321021,-6.731914,4.646075,9.331309
1870389370.000,OLV,recording,shake_phone,16,-2.711115,-7.106444,1.585240,-7.100877,4.501936,9.644561
1870389380.000,OLV,recording,shake_phone,16,-2.028174,-6.788662,2.054384,-7.480545,4.353836,9.913064
1870389390.000,OLV,recording,shake_phone,16,-0.785735,-5.732088,3.128446,-7.864412,4.279530,10.089995
1870389400.000,OLV,recording,shake_phone,16,0.947695,-4.374943,4.486429,-8.231785,4.362451,10.153415
1870389410.000,OLV,recording,shake_phone,16,3.419890,-3.186419,5.802989,-8.599499,4.661360,10.067172
1870389420.000,OLV,recording,shake_phone,16,5.899118,-2.228249,7.000521,-9.008572,5.139507,9.778022
1870389430.000,OLV,recording,shake_phone,16,7.827624,-1.670440,7.950573,-9.455732,5.604893,9.285433
1870389440.000,OLV,recording,shake_phone,16,8.603480,-1.046707,9.341042,-9.868829,5.835383,8.625401
1870389450.000,OLV,recording,shake_phone,16,7.809299,0.070019,11.808634,-10.114179,5.713583,7.852021
1870389460.000,OLV,recording,shake_phone,16,6.152788,1.284652,15.456541,-10.023073,5.247491,7.073034
1870389470.000,OLV,recording,shake_phone,16,4.407465,1.914912,19.162740,-9.507323,4.578665,6.433347
1870389480.000,OLV,recording,shake_phone,16,3.568377,1.978176,21.097310,-8.649105,3.878811,6.005460
1870389490.000,OLV,recording,shake_phone,16,4.431923,2.147890,21.342796,-7.645848,3.241981,5.709829
1870389500.000,OLV,recording,shake_phone,16,6.534496,2.652675,20.972928,-6.682239,2.680803,5.376080
1870389510.000,OLV,recording,shake_phone,16,8.296881,3.497258,20.924608,-5.836861,2.146016,4.905202
1870389520.000,OLV,recording,shake_phone,16,8.971221,4.679418,22.370954,-5.046644,1.616677,4.367898
1870389530.000,OLV,recording,shake_phone,16,10.267421,5.992264,24.523221,-4.197874,1.208629,3.858118
1870389540.000,OLV,recording,shake_phone,16,11.734722,7.250308,25.464095,-3.290691,1.036717,3.370310
1870389550.000,OLV,recording,shake_phone,16,11.620968,8.445492,24.995813,-2.434758,1.067164,2.903633
1870389560.000,OLV,recording,shake_phone,16,10.330036,9.408285,23.503871,-1.727362,1.228381,2.506919
1870389570.000,OLV,recording,shake_phone,16,8.801452,9.839308,20.967593,-1.229382,1.486832,2.209961
1870389580.000,OLV,recording,shake_phone,16,7.613004,9.750704,18.045794,-0.971334,1.795184,1.986609
1870389590.000,OLV,recording,shake_phone,16,6.393786,9.417398,15.556196,-0.930421,2.060117,1.787637
1870389600.000,OLV,recording,shake_phone,16,4.828286,9.121349,13.289719,-1.037314,2.164814,1.591151
1870389610.000,OLV,recording,shake_phone,16,3.305791,9.250574,11.081747,-1.219379,2.041443,1.408076
1870389620.000,OLV,recording,shake_phone,16,1.799037,9.254713,8.958065,-1.450510,1.740829,1.269091
1870389630.000,OLV,recording,shake_phone,17,0.241986,8.243456,6.865311,-1.762194,1.364093,1.194805
1870389640.000,OLV,recording,shake_phone,17,-0.020193,6.064510,5.309318,-2.189002,1.025169,1.163765
1870389650.000,OLV,recording,shake_phone,17,0.987392,3.485132,4.906869,-2.700859,0.841573,1.130197
1870389660.000,OLV,recording,shake_phone,17,2.318929,1.249540,6.107066,-3.149566,0.829630,1.044927
1870389670.000,OLV,recording,shake_phone,17,6.015188,-0.908445,16.342317,-3.074307,1.024131,0.779032
1870389680.000,OLV,recording,shake_phone,17,9.837454,-0.621162,31.710485,-2.015708,1.337865,0.207680
1870389690.000,OLV,recording,shake_phone,17,4.962902,2.159743,22.726264,-0.748560,1.072218,-0.383334
1870389700.000,OLV,recording,shake_phone,17,-2.522978,4.116179,6.541338,-0.082526,0.391725,-0.632135
1870389710.000,OLV,recording,shake_phone,17,-2.520937,4.592980,5.242170,0.177925,0.098248,-0.593464
1870389720.000,OLV,recording,shake_phone,17,0.648576,2.059774,5.944874,0.294837,0.113946,-0.509736
1870389730.000,OLV,recording,shake_phone,17,1.605595,-0.841661,11.380650,0.490088,0.012839,-0.481185
1870389740.000,OLV,recording,shake_phone,17,0.136699,-1.439443,14.260069,0.793927,-0.294150,-0.429489
1870389750.000,OLV,recording,shake_phone,17,-0.348448,-0.689718,14.088308,1.080917,-0.546228,-0.315502
1870389760.000,OLV,recording,shake_phone,17,-0.192041,0.645288,13.246621,1.289282,-0.628069,-0.150702
1870389770.000,OLV,recording,shake_phone,17,1.064846,0.917417,12.637697,1.463201,-0.546562,-0.021955
1870389780.000,OLV,recording,shake_phone,17,2.931735,0.942406,12.232116,1.658938,-0.378032,-0.056327
1870389790.000,OLV,recording,shake_phone,17,3.330761,0.724292,11.684636,1.909083,-0.227002,-0.225015
1870389800.000,OLV,recording,shake_phone,17,2.421736,0.988265,11.393757,2.216402,-0.126611,-0.395730
1870389810.000,OLV,recording,shake_phone,17,1.380797,1.743373,10.985372,2.541072,-0.034716,-0.499176
1870389820.000,OLV,recording,shake_phone,17,0.783816,2.012261,10.431969,2.818383,0.111440,-0.539169
1870389830.000,OLV,recording,shake_phone,17,0.446585,2.534751,9.888617,3.036139,0.439498,-0.565124
1870389840.000,OLV,recording,shake_phone,17,0.803439,3.276107,9.166323,3.183244,0.933472,-0.642150
1870389850.000,OLV,recording,shake_phone,17,1.476518,3.807007,8.940611,3.179066,1.342571,-0.781044
1870389860.000,OLV,recording,shake_phone,17,1.144399,4.371396,9.909956,3.006991,1.539071,-0.884050
1870389870.000,OLV,recording,shake_phone,17,0.218809,4.916811,10.416373,2.727756,1.560012,-0.853698
1870389880.000,OLV,recording,shake_phone,17,-0.354027,5.308735,9.461931,2.350322,1.370955,-0.705816
1870389890.000,OLV,recording,shake_phone,17,-0.326906,5.580306,8.583211,1.890456,0.981644,-0.530188
1870389900.000,OLV,recording,shake_phone,17,0.242178,5.824602,8.356264,1.428618,0.554633,-0.415027
1870389910.000,OLV,recording,shake_phone,17,1.099135,5.857133,7.562337,0.999765,0.260319,-0.400401
1870389920.000,OLV,recording,shake_phone,17,1.737954,5.881023,5.950686,0.567129,0.160762,-0.473125
1870389930.000,OLV,recording,shake_phone,17,1.919490,5.616435,4.385947,0.113268,0.221322,-0.537335
1870389940.000,OLV,recording,shake_phone,17,2.353934,4.931226,3.688667,-0.362061,0.398138,-0.516710
1870389950.000,OLV,recording,shake_phone,17,3.361113,4.245496,3.512284,-0.908760,0.703978,-0.555022
1870389960.000,OLV,recording,shake_phone,17,2.717558,3.923446,5.915725,-1.446365,0.896171,-0.758006
1870389970.000,OLV,recording,shake_phone,17,0.955377,4.481480,13.300472,-1.636896,0.473720,-1.006744
1870389980.000,OLV,recording,shake_phone,17,-0.067857,4.725574,14.444181,-1.365443,-0.146135,-1.187979
1870389990.000,OLV,recording,shake_phone,17,-1.473339,3.859464,10.215471,-0.823060,-0.414143,-1.202598
1870390000.000,OLV,recording,shake_phone,17,-1.501239,1.783089,7.740629,-0.275854,-0.554884,-1.049482
1870390010.000,OLV,recording,shake_phone,17,-1.513996,0.619911,4.922573,0.067291,-0.625721,-0.797276
1870390020.000,OLV,recording,shake_phone,17,-3.089031,1.295093,5.026749,0.206754,-0.492980,-0.443452
1870390030.000,OLV,recording,shake_phone,17,-3.971214,1.957916,6.675998,0.208516,-0.014291,0.027473
1870390040.000,OLV,recording,shake_phone,17,-3.754251,3.343770,9.231910,0.034214,0.416156,0.577688
1870390050.000,OLV,recording,shake_phone,17,-1.718629,5.011264,10.034390,-0.405143,0.218022,1.072660
1870390060.000,OLV,recording,shake_phone,17,1.288030,6.256655,10.805055,-1.001895,-0.298372,1.350062
1870390070.000,OLV,recording,shake_phone,17,4.594625,7.786626,11.479501,-1.553476,-0.553557,1.296259
1870390080.000,OLV,recording,shake_phone,17,7.034881,9.109159,12.750657,-1.959865,-0.495997,0.909945
1870390090.000,OLV,recording,shake_phone,17,7.538482,9.717131,15.078288,-2.151370,-0.306412,0.310411
1870390100.000,OLV,recording,shake_phone,17,6.536244,9.499472,17.524129,-2.032836,-0.061329,-0.334564
1870390110.000,OLV,recording,shake_phone,17,4.868379,8.279118,19.171016,-1.551062,0.226807,-0.887934
1870390120.000,OLV,recording,shake_phone,17,3.421028,6.292459,19.205510,-0.760005,0.515736,-1.281401
1870390130.000,OLV,recording,shake_phone,17,2.409186,4.067922,17.343548,0.196007,0.748956,-1.509543
1870390140.000,OLV,recording,shake_phone,17,1.890592,2.273589,14.339130,1.160294,0.863643,-1.605407
1870390150.000,OLV,recording,shake_phone,17,1.346325,1.134758,11.100503,2.016991,0.806597,-1.619819
1870390160.000,OLV,recording,shake_phone,17,0.094638,0.316295,7.786088,2.679081,0.581451,-1.586382
1870390170.000,OLV,recording,shake_phone,17,-1.204779,-0.099800,4.625756,3.081526,0.225448,-1.539530
1870390180.000,OLV,recording,shake_phone,17,-2.217823,0.068069,2.269995,3.204681,-0.212724,-1.516740
1870390190.000,OLV,recording,shake_phone,17,-3.232753,0.408239,0.842377,3.085786,-0.644440,-1.511075
1870390200.000,OLV,recording,shake_phone,17,-3.930473,0.574744,-0.002756,2.781786,-0.963696,-1.481209
1870390210.000,OLV,recording,shake_phone,17,-4.235582,0.444836,-0.457987,2.336922,-1.107327,-1.390829
1870390220.000,OLV,recording,shake_phone,17,-4.357757,0.081509,-0.456420,1.807097,-1.068701,-1.225011
1870390230.000,OLV,recording,shake_phone,17,-4.472207,-0.426444,0.062649,1.275427,-0.874633,-0.983144
1870390240.000,OLV,recording,shake_phone,17,-4.204807,-0.753952,0.482829,0.809596,-0.578972,-0.693856
1870390250.000,OLV,recording,shake_phone,17,-3.481472,-0.779942,0.628683,0.423164,-0.240274,-0.424325
1870390260.000,OLV,recording,shake_phone,17,-2.847087,-0.783145,0.878961,0.101561,0.095042,-0.225677
1870390270.000,OLV,recording,shake_phone,17,-2.375069,-0.665611,0.846209,-0.183011,0.370896,-0.100928
1870390280.000,OLV,recording,shake_phone,17,-2.229174,-0.344389,0.651444,-0.463904,0.542629,-0.037389
1870390290.000,OLV,recording,shake_phone,17,-2.324830,0.077914,0.524580,-0.758247,0.607228,-0.017972
1870390300.000,OLV,recording,shake_phone,17,-2.316213,0.385127,0.250611,-1.070096,0.567922,-0.019573
1870390310.000,OLV,recording,shake_phone,17,-2.296182,0.431745,-0.296607,-1.418892,0.419871,-0.025169
1870390320.000,OLV,recording,shake_phone,17,-2.505463,0.508384,-0.726457,-1.830967,0.165077,-0.027560
1870390330.000,OLV,recording,shake_phone,17,-2.957309,0.830158,-0.702415,-2.298034,-0.179902,-0.005078
1870390340.000,OLV,recording,shake_phone,17,-3.609425,1.248831,-0.097689,-2.796274,-0.600188,0.083146
1870390350.000,OLV,recording,shake_phone,17,-4.119165,1.693646,1.245563,-3.314424,-1.082011,0.263906
1870390360.000,OLV,recording,shake_phone,17,-3.974510,2.055590,3.326339,-3.833649,-1.564182,0.528640
1870390370.000,OLV,recording,shake_phone,17,-2.765986,2.309233,6.360126,-4.308609,-1.976937,0.837471
1870390380.000,OLV,recording,shake_phone,17,-0.232081,2.560764,11.512954,-4.630420,-2.357021,1.123247
1870390390.000,OLV,recording,shake_phone,17,3.657504,2.961087,18.803264,-4.598350,-2.776940,1.275354
1870390400.000,OLV,recording,shake_phone,17,7.192300,3.635799,25.754938,-4.098757,-3.065557,1.190217
1870390410.000,OLV,recording,shake_phone,17,8.584483,4.890384,30.954618,-3.219895,-2.922341,0.863031
1870390420.000,OLV,recording,shake_phone,17,8.035603,6.488364,34.238814,-2.158032,-2.323755,0.399658
1870390430.000,OLV,recording,shake_phone,17,6.351790,7.482206,35.071746,-1.147040,-1.484414,-0.053108
1870390440.000,OLV,recording,shake_phone,17,4.687952,7.002085,33.584619,-0.354001,-0.576495,-0.388244
1870390450.000,OLV,recording,shake_phone,17,3.687924,5.282871,30.986670,0.197005,0.320601,-0.565883
1870390460.000,OLV,recording,shake_phone,17,2.932602,3.479362,28.356726,0.587281,1.132076,-0.596743
1870390470.000,OLV,recording,shake_phone,17,2.089118,2.262416,25.791463,0.936276,1.786642,-0.513624
1870390480.000,OLV,recording,shake_phone,17,1.532732,1.580672,22.997903,1.340831,2.249410,-0.363244
1870390490.000,OLV,recording,shake_phone,17,1.476554,0.995098,19.552429,1.818008,2.517985,-0.206056
1870390500.000,OLV,recording,shake_phone,17,1.733852,0.256797,15.471577,2.308932,2.607809,-0.090184
1870390510.000,OLV,recording,shake_phone,17,1.909180,-0.500263,11.427680,2.741239,2.537136,-0.026849
1870390520.000,OLV,recording,shake_phone,17,1.742556,-1.015519,7.972449,3.070178,2.335861,-0.006401
1870390530.000,OLV,recording,shake_phone,17,1.362627,-1.247315,5.178972,3.278261,2.060276,-0.020259
1870390540.000,OLV,recording,shake_phone,17,0.935198,-1.328657,2.835771,3.356148,1.774331,-0.061574
1870390550.000,OLV,recording,shake_phone,17,0.494869,-1.343839,0.879041,3.292700,1.517475,-0.118776
1870390560.000,OLV,recording,shake_phone,17,0.081620,-1.143676,-0.562327,3.086527,1.301731,-0.174031
1870390570.000,OLV,recording,shake_phone,17,-0.190247,-0.694246,-1.439189,2.777394,1.113768,-0.202936
1870390580.000,OLV,recording,shake_phone,17,-0.335652,-0.582605,-1.512647,2.424595,0.902236,-0.179828
1870390590.000,OLV,recording,shake_phone,17,-0.600561,-0.828110,-1.116647,2.077887,0.665457,-0.115527
1870390600.000,OLV,recording,shake_phone,17,-0.728750,-0.880577,-0.605637,1.790206,0.497077,-0.043854
1870390610.000,OLV,recording,shake_phone,17,-0.531186,-0.780553,-0.159008,1.591430,0.448129,0.024464
1870390620.000,OLV,recording,shake_phone,17,-0.451796,-0.666943,-0.073229,1.463333,0.479348,0.094851
1870390630.000,OLV,recording,shake_phone,17,-0.530618,-0.680629,-0.104079,1.359827,0.534652,0.174887
1870390640.000,OLV,recording,shake_phone,17,-0.612536,-0.534278,-0.233961,1.234435,0.554942,0.263653
1870390650.000,OLV,recording,shake_phone,17,-0.674970,-0.162084,-0.413751,1.051098,0.475459,0.351562
1870390660.000,OLV,recording,shake_phone,17,-0.837611,0.254975,-0.620672,0.788055,0.261290,0.431579
1870390670.000,OLV,recording,shake_phone,17,-1.020532,0.836047,-0.784885,0.440283,-0.078872,0.495822
1870390680.000,OLV,recording,shake_phone,17,-1.219496,1.562917,-0.888719,0.024580,-0.505540,0.531684
1870390690.000,OLV,recording,shake_phone,17,-1.462359,2.318186,-0.880840,-0.425479,-0.965256,0.536322
1870390700.000,OLV,recording,shake_phone,17,-1.809641,3.089485,-0.873625,-0.899023,-1.416226,0.520475
1870390710.000,OLV,recording,shake_phone,17,-2.270328,3.882633,-0.954375,-1.424226,-1.852281,0.507863
1870390720.000,OLV,recording,shake_phone,17,-2.736619,4.638844,-1.092010,-2.047713,-2.265002,0.532644
1870390730.000,OLV,recording,shake_phone,17,-3.057824,5.200551,-1.116593,-2.824973,-2.544038,0.622003
1870390740.000,OLV,recording,shake_phone,17,-3.069732,5.427106,-0.503213,-3.810971,-2.462033,0.786567
1870390750.000,OLV,recording,shake_phone,17,-2.479759,5.068913,0.695715,-5.028935,-1.862306,1.033532
1870390760.000,OLV,recording,shake_phone,17,-0.475092,3.899065,2.407604,-6.451237,-0.794279,1.346160
1870390770.000,OLV,recording,shake_phone,17,2.020455,1.913410,8.112436,-7.979355,0.573780,1.621412
1870390780.000,OLV,recording,shake_phone,17,4.325777,-0.969172,18.134404,-9.334698,1.468469,1.636292
1870390790.000,OLV,recording,shake_phone,17,7.547886,-4.719683,36.108884,-9.773297,0.558036,1.134923
1870390800.000,OLV,recording,shake_phone,17,7.376121,-6.133437,48.122316,-8.650992,-1.038417,0.253379
1870390810.000,OLV,recording,shake_phone,17,2.010547,-3.749928,47.343694,-6.236013,-1.096293,-0.415462
1870390820.000,OLV,recording,shake_phone,17,-1.823976,-2.243625,43.932743,-3.490142,-0.102522,-0.466817
1870390830.000,OLV,recording,shake_phone,17,-2.951977,-3.015468,35.071744,-1.182811,0.807949,-0.039746
1870390840.000,OLV,recording,shake_phone,17,-2.392703,-4.146750,28.435726,0.558633,1.476278,0.411221
1870390850.000,OLV,recording,shake_phone,17,-0.603174,-4.784512,22.657343,1.816910,1.892123,0.574241
1870390860.000,OLV,recording,shake_phone,17,-0.489642,-4.148647,17.909965,2.612183,1.962134,0.542360
1870390870.000,OLV,recording,shake_phone,17,-0.917963,-2.628539,13.888237,3.002149,1.747735,0.540340
1870390880.000,OLV,recording,shake_phone,17,-0.590159,-1.637670,10.610648,3.108650,1.451305,0.595933
1870390890.000,OLV,recording,shake_phone,17,0.196884,-1.450754,8.237328,3.039271,1.204874,0.607884
1870390900.000,OLV,recording,shake_phone,17,0.662432,-1.353711,6.548495,2.891730,1.050297,0.528005
1870390910.000,OLV,recording,shake_phone,17,0.586207,-1.212259,5.374771,2.738452,0.978388,0.405525
1870390920.000,OLV,recording,shake_phone,17,0.274075,-1.114524,4.328042,2.612981,0.950153,0.309831
1870390930.000,OLV,recording,shake_phone,17,0.035239,-1.043297,3.304319,2.512623,0.925794,0.267982
1870390940.000,OLV,recording,shake_phone,17,-0.042457,-0.886828,2.277280,2.410939,0.896959,0.266042
1870390950.000,OLV,recording,shake_phone,17,-0.084843,-0.703458,1.211705,2.278264,0.872367,0.280268
1870390960.000,OLV,recording,shake_phone,17,-0.212496,-0.540547,0.242583,2.090069,0.844344,0.299847
1870390970.000,OLV,recording,shake_phone,17,-0.335860,-0.315325,-0.440995,1.837620,0.791033,0.326306
1870390980.000,OLV,recording,shake_phone,17,-0.362344,-0.135311,-0.717347,1.542848,0.685960,0.364156
1870390990.000,OLV,recording,shake_phone,17,-0.190188,-0.047864,-0.632400,1.243029,0.499979,0.411188
1870391000.000,OLV,recording,shake_phone,17,-0.044520,0.004902,-0.413449,0.968732,0.237196,0.457464
1870391010.000,OLV,recording,shake_phone,17,-0.165548,0.162415,-0.292909,0.729779,-0.048696,0.499805
1870391020.000,OLV,recording,shake_phone,17,-0.303291,0.507370,-0.211844,0.517070,-0.319733,0.538539
1870391030.000,OLV,recording,shake_phone,17,-0.327510,0.960140,-0.040537,0.314729,-0.577675,0.568162
1870391040.000,OLV,recording,shake_phone,17,-0.294721,1.392394,0.135219,0.100210,-0.834045,0.577892
1870391050.000,OLV,recording,shake_phone,17,-0.231133,1.790213,0.354081,-0.150705,-1.090755,0.553222
1870391060.000,OLV,recording,shake_phone,17,-0.170602,2.087880,0.740235,-0.449833,-1.310822,0.485929
1870391070.000,OLV,recording,shake_phone,17,-0.076016,2.204062,1.190982,-0.795211,-1.432160,0.378995
1870391080.000,OLV,recording,shake_phone,17,0.038524,2.128487,1.511961,-1.184553,-1.434556,0.243768
1870391090.000,OLV,recording,shake_phone,17,0.072323,1.913268,1.745691,-1.629056,-1.349861,0.096348
1870391100.000,OLV,recording,shake_phone,17,-0.024046,1.617566,1.984076,-2.149257,-1.219271,-0.045043
1870391110.000,OLV,recording,shake_phone,17,-0.163599,1.278472,2.281140,-2.753768,-1.077402,-0.164179
1870391120.000,OLV,recording,shake_phone,17,-0.201360,0.885501,2.758633,-3.450854,-0.954964,-0.249788
1870391130.000,OLV,recording,shake_phone,17,0.039414,0.395179,4.249640,-4.228074,-0.897305,-0.310202
1870391140.000,OLV,recording,shake_phone,17,1.111458,-0.270828,8.950115,-4.890148,-1.123725,-0.392495
1870391150.000,OLV,recording,shake_phone,17,3.001924,-1.258926,17.776018,-5.069577,-1.898159,-0.558691
1870391160.000,OLV,recording,shake_phone,17,3.799905,-2.071866,26.164724,-4.541165,-2.849019,-0.805017
1870391170.000,OLV,recording,shake_phone,17,3.159197,-2.051225,31.181304,-3.384958,-3.262681,-1.058332
1870391180.000,OLV,recording,shake_phone,17,2.338802,-1.675010,34.284850,-1.855541,-3.000368,-1.234148
1870391190.000,OLV,recording,shake_phone,17,0.986654,-1.649872,34.536687,-0.258150,-2.316971,-1.259288
1870391200.000,OLV,recording,shake_phone,17,-0.429866,-1.915806,31.668971,1.088884,-1.430730,-1.110894
1870391210.000,OLV,recording,shake_phone,17,-0.955097,-2.057676,26.875647,1.926861,-0.555877,-0.823048
1870391220.000,OLV,recording,shake_phone,17,-0.654467,-1.824997,21.609919,2.184552,0.158881,-0.459244
1870391230.000,OLV,recording,shake_phone,17,0.129829,-1.262836,17.542330,2.038816,0.721980,-0.103964
1870391240.000,OLV,recording,shake_phone,17,1.161102,-0.668957,14.838497,1.771316,1.117777,0.164623
1870391250.000,OLV,recording,shake_phone,17,2.008934,-0.144643,12.530044,1.578780,1.219612,0.304416
1870391260.000,OLV,recording,shake_phone,17,2.317185,0.342713,10.218875,1.533687,0.920415,0.318496
1870391270.000,OLV,recording,shake_phone,17,2.446439,0.993719,7.980357,1.646882,0.195950,0.232141
1870391280.000,OLV,recording,shake_phone,17,2.377203,1.905663,6.087286,1.895625,-0.844989,0.065295
1870391290.000,OLV,recording,shake_phone,17,1.486447,2.359794,4.613186,2.206768,-1.953176,-0.150538
1870391300.000,OLV,recording,shake_phone,17,0.079751,2.040031,3.649966,2.500523,-2.951282,-0.330185
1870391310.000,OLV,recording,shake_phone,17,-1.074383,1.337749,2.937167,2.729722,-3.831865,-0.380161
1870391320.000,OLV,recording,shake_phone,17,-1.733525,0.683703,1.907312,2.867372,-4.624394,-0.308229
1870391330.000,OLV,recording,shake_phone,17,-1.913597,0.206627,1.092470,2.941331,-5.272400,-0.206377
1870391340.000,OLV,recording,shake_phone,17,-1.523396,-0.206892,0.559262,2.988308,-5.697982,-0.146598
1870391350.000,OLV,recording,shake_phone,17,-0.610963,-0.464545,0.085341,3.009888,-5.916466,-0.149835
1870391360.000,OLV,recording,shake_phone,17,-0.351378,-0.521063,0.034405,3.012107,-6.008946,-0.198931
1870391370.000,OLV,recording,shake_phone,17,-0.507281,-0.319008,-0.618836,2.681120,-5.556767,-0.139237
1870391380.000,OLV,recording,shake_phone,17,-0.320359,1.696651,-7.100334,1.144516,-3.192529,0.471721
1870391390.000,OLV,recording,shake_phone,17,2.304184,3.580304,-6.487383,-1.170505,0.742209,1.644191
1870391400.000,OLV,recording,shake_phone,17,6.002944,2.800067,1.690071,-2.912650,4.497629,2.531106
1870391410.000,OLV,recording,shake_phone,17,6.075591,1.240364,3.508612,-3.788144,7.344175,2.654207
1870391420.000,OLV,recording,shake_phone,17,5.268865,0.895549,6.084427,-3.987455,9.483684,2.213564
1870391430.000,OLV,recording,shake_phone,17,5.227004,1.125489,10.162876,-3.747280,10.953446,1.556693
1870391440.000,OLV,recording,shake_phone,17,3.038517,0.126772,12.356418,-3.386783,11.317290,1.037318
1870391450.000,OLV,recording,shake_phone,17,0.687995,-1.426457,13.936153,-3.000157,10.728320,0.625991
1870391460.000,OLV,recording,shake_phone,17,-1.988312,-2.758826,14.277454,-2.420860,9.982771,0.118812
1870391470.000,OLV,recording,shake_phone,17,-5.329387,-2.824668,11.364447,-1.714540,9.449649,-0.342830
1870391480.000,OLV,recording,shake_phone,17,-6.691060,-2.472224,11.989062,-1.058684,8.726025,-0.527526
1870391490.000,OLV,recording,shake_phone,17,-7.330795,-2.136502,12.007961,-0.500392,7.626948,-0.426337
1870391500.000,OLV,recording,shake_phone,17,-7.623124,-1.987517,12.279092,-0.035771,6.193859,-0.131414
1870391510.000,OLV,recording,shake_phone,17,-8.228641,-1.757159,12.062584,0.352216,4.555642,0.256458
1870391520.000,OLV,recording,shake_phone,17,-8.464169,-1.539026,11.502112,0.678812,2.864639,0.647695
1870391530.000,OLV,recording,shake_phone,17,-8.089919,-1.228699,10.846285,0.949590,1.212782,0.981526
1870391540.000,OLV,recording,shake_phone,17,-7.143012,-0.867208,10.571507,1.178942,-0.389149,1.228169
1870391550.000,OLV,recording,shake_phone,17,-5.945573,-0.416661,10.922564,1.389472,-1.959230,1.373445
1870391560.000,OLV,recording,shake_phone,17,-4.809429,0.232387,11.539379,1.596181,-3.487266,1.401593
1870391570.000,OLV,recording,shake_phone,17,-3.833060,1.063900,12.133364,1.784181,-4.939430,1.304934
1870391580.000,OLV,recording,shake_phone,17,-2.918979,1.966269,12.478288,1.900959,-6.299965,1.106328
1870391590.000,OLV,recording,shake_phone,17,-1.735724,2.759529,12.466593,1.875184,-7.583326,0.848299
1870391600.000,OLV,recording,shake_phone,17,-0.333659,3.251881,11.873238,1.543469,-8.582788,0.571516
1870391610.000,OLV,recording,shake_phone,17,1.745721,3.576954,9.097221,0.551086,-8.340612,0.289860
1870391620.000,OLV,recording,shake_phone,17,3.330561,2.821931,7.706028,-1.021695,-6.246223,-0.012353
1870391630.000,OLV,recording,shake_phone,17,3.176217,2.508130,9.434800,-2.448180,-3.949612,-0.199884
1870391640.000,OLV,recording,shake_phone,17,2.670678,2.587892,11.951625,-3.287480,-2.907088,-0.162851
1870391650.000,OLV,recording,shake_phone,17,1.422075,1.328306,14.956274,-3.583131,-2.445943,-0.053504
1870391660.000,OLV,recording,shake_phone,17,-0.000954,0.737013,17.168421,-3.438742,-1.778215,-0.011254
1870391670.000,OLV,recording,shake_phone,17,0.220145,0.854782,19.028990,-2.925376,-0.930148,-0.049348
1870391680.000,OLV,recording,shake_phone,17,0.840690,1.176153,19.601483,-2.126348,-0.252190,-0.132961
1870391690.000,OLV,recording,shake_phone,17,0.690065,1.038488,19.948303,-1.134126,0.127042,-0.195446
1870391700.000,OLV,recording,shake_phone,17,-0.018309,0.676426,20.284147,-0.026567,0.315922,-0.160254
1870391710.000,OLV,recording,shake_phone,17,-0.649243,0.306013,20.602668,1.065897,0.440072,-0.001292
1870391720.000,OLV,recording,shake_phone,17,-0.356460,0.199341,20.397582,2.012828,0.504065,0.245999
1870391730.000,OLV,recording,shake_phone,17,0.368583,0.240011,19.650694,2.750824,0.481384,0.524535
1870391740.000,OLV,recording,shake_phone,17,0.900113,0.124145,18.445012,3.240515,0.396238,0.765176
1870391750.000,OLV,recording,shake_phone,17,1.159204,-0.121297,16.746423,3.452111,0.301098,0.897810
1870391760.000,OLV,recording,shake_phone,17,1.624002,-0.295383,14.796777,3.371410,0.205695,0.873831
1870391770.000,OLV,recording,shake_phone,17,2.217501,-0.423175,13.060090,3.083214,-0.001212,0.690686
1870391780.000,OLV,recording,shake_phone,17,2.260297,-0.702801,11.719999,2.761514,-0.396116,0.403655
1870391790.000,OLV,recording,shake_phone,17,1.941378,-1.196640,10.242356,2.547379,-0.848780,0.082206
1870391800.000,OLV,recording,shake_phone,17,1.776572,-1.683485,8.236056,2.462242,-1.155842,-0.218874
1870391810.000,OLV,recording,shake_phone,17,1.706222,-1.786207,5.908241,2.431206,-1.212989,-0.452719
1870391820.000,OLV,recording,shake_phone,17,1.477638,-1.301549,3.631481,2.375738,-1.044794,-0.594510
1870391830.000,OLV,recording,shake_phone,17,1.340163,-0.311411,1.952652,2.252820,-0.740022,-0.643673
1870391840.000,OLV,recording,shake_phone,17,1.312718,0.876788,1.276723,2.050282,-0.386727,-0.599011
1870391850.000,OLV,recording,shake_phone,17,1.121947,1.847530,1.378489,1.799005,-0.089665,-0.464761
1870391860.000,OLV,recording,shake_phone,17,0.710012,2.191381,1.647271,1.561859,0.052556,-0.274577
1870391870.000,OLV,recording,shake_phone,17,0.240953,1.861089,1.518614,1.372157,0.036973,-0.076526
1870391880.000,OLV,recording,shake_phone,17,0.024138,1.156037,0.944596,1.215756,-0.058797,0.087577
1870391890.000,OLV,recording,shake_phone,17,0.178569,0.484846,0.276250,1.070535,-0.157870,0.184003
1870391900.000,OLV,recording,shake_phone,17,0.484500,-0.033318,-0.320235,0.922947,-0.221889,0.206326
1870391910.000,OLV,recording,shake_phone,17,0.521633,-0.524840,-0.636994,0.771593,-0.248903,0.192682
1870391920.000,OLV,recording,shake_phone,17,0.121035,-0.840244,-0.450853,0.634675,-0.249973,0.199609
1870391930.000,OLV,recording,shake_phone,17,-0.079201,-0.800750,-0.196603,0.524531,-0.245891,0.246709
1870391940.000,OLV,recording,shake_phone,17,-0.030268,-0.706420,-0.127517,0.433517,-0.256232,0.321729
1870391950.000,OLV,recording,shake_phone,17,-0.087010,-0.696178,-0.080058,0.353116,-0.281635,0.419637
1870391960.000,OLV,recording,shake_phone,17,-0.097904,-0.615973,-0.079056,0.277557,-0.314509,0.542668
1870391970.000,OLV,recording,shake_phone,17,-0.117835,-0.463399,-0.100118,0.192010,-0.341865,0.696965
1870391980.000,OLV,recording,shake_phone,17,-0.040056,-0.207111,-0.259390,0.054264,-0.321498,0.884411
1870391990.000,OLV,recording,shake_phone,17,0.230646,0.291822,-0.595060,-0.200385,-0.157021,1.084114
1870392000.000,OLV,recording,shake_phone,17,0.724522,1.068768,-1.077994,-0.643292,0.271599,1.268072
1870392010.000,OLV,recording,shake_phone,17,1.153209,1.854013,-1.513878,-1.320319,0.991949,1.426405
1870392020.000,OLV,recording,shake_phone,17,1.249482,2.469323,-1.803257,-2.262540,1.852629,1.569672
1870392030.000,OLV,recording,shake_phone,17,1.965597,3.203645,-0.590143,-3.471699,2.673851,1.666268
1870392040.000,OLV,recording,shake_phone,17,6.977919,4.707784,9.356771,-4.632656,3.588473,1.533472
1870392050.000,OLV,recording,shake_phone,17,8.442820,6.448220,18.829003,-5.296310,4.488700,1.062614
1870392060.000,OLV,recording,shake_phone,17,1.760818,6.822947,21.526358,-5.434601,4.738778,0.501079
1870392070.000,OLV,recording,shake_phone,17,-3.414485,5.054929,27.420246,-5.156876,4.322068,0.149547
1870392080.000,OLV,recording,shake_phone,17,-6.416227,1.940947,31.734932,-4.525780,3.585207,0.108297
1870392090.000,OLV,recording,shake_phone,17,-7.163061,-0.259152,32.892394,-3.642109,2.510614,0.277899
1870392100.000,OLV,recording,shake_phone,17,-5.244901,-0.899072,33.235699,-2.543379,1.187416,0.429447
1870392110.000,OLV,recording,shake_phone,17,-2.531874,-1.066015,32.666961,-1.291442,-0.090687,0.403293
1870392120.000,OLV,recording,shake_phone,17,-0.489707,-1.298805,30.249643,0.002197,-1.133364,0.184503
1870392130.000,OLV,recording,shake_phone,17,0.115437,-1.443518,26.764654,1.217350,-1.933917,-0.127401
1870392140.000,OLV,recording,shake_phone,17,-0.491792,-1.402227,22.362552,2.269512,-2.515968,-0.409748
1870392150.000,OLV,recording,shake_phone,17,-1.070734,-1.107511,17.955457,3.106907,-2.877898,-0.587212
1870392160.000,OLV,recording,shake_phone,17,-1.431434,-0.434613,13.229733,3.685310,-3.000592,-0.643331
1870392170.000,OLV,recording,shake_phone,17,-1.247973,0.511812,8.558181,3.965021,-2.855132,-0.600806
1870392180.000,OLV,recording,shake_phone,17,-0.194014,1.324122,4.892113,3.955674,-2.475696,-0.516898
1870392190.000,OLV,recording,shake_phone,17,1.435292,1.603503,2.717341,3.731691,-2.016189,-0.475807
1870392200.000,OLV,recording,shake_phone,17,1.440838,1.450456,1.059662,3.339190,-1.579863,-0.473765
1870392210.000,OLV,recording,shake_phone,17,0.384896,1.170760,0.000576,2.809184,-1.090376,-0.426158
1870392220.000,OLV,recording,shake_phone,17,0.262989,1.084226,-0.119493,2.236038,-0.516248,-0.322747
1870392230.000,OLV,recording,shake_phone,17,0.262960,0.989682,-0.254765,1.726490,0.051435,-0.202326
1870392240.000,OLV,recording,shake_phone,17,0.441712,0.603224,-0.222512,1.335834,0.546003,-0.085677
1870392250.000,OLV,recording,shake_phone,17,0.651403,0.337873,-0.139246,1.081003,0.956483,0.014425
1870392260.000,OLV,recording,shake_phone,17,0.645024,0.275074,0.185006,0.969681,1.301772,0.088830
1870392270.000,OLV,recording,shake_phone,17,0.872479,0.105766,0.747323,0.967227,1.661206,0.121552
1870392280.000,OLV,recording,shake_phone,17,1.777981,-0.091267,1.708378,1.034424,2.201966,0.099767
1870392290.000,OLV,recording,shake_phone,17,2.211027,0.107217,2.267157,1.152487,2.948228,0.028876
1870392300.000,OLV,recording,shake_phone,17,1.517085,0.212991,1.694970,1.281154,3.688819,-0.058463
1870392310.000,OLV,recording,shake_phone,17,0.710775,0.022270,0.851628,1.383227,4.235094,-0.119475
1870392320.000,OLV,recording,shake_phone,17,0.432257,-0.103971,0.492766,1.457103,4.587445,-0.144641
1870392330.000,OLV,recording,shake_phone,17,0.347090,-0.005729,0.948075,1.539861,4.902151,-0.151257
1870392340.000,OLV,recording,shake_phone,17,-0.122999,0.635565,1.372732,1.216705,4.524248,-0.253014
1870392350.000,OLV,recording,shake_phone,17,-9.205947,9.480226,0.345421,-0.511062,1.798023,-0.592536
1870392360.000,OLV,recording,shake_phone,17,-18.581481,16.595384,11.535553,-2.377380,-0.832112,-0.632365
1870392370.000,OLV,recording,shake_phone,17,-13.306591,11.922584,19.633033,-2.705434,-0.812418,-0.086132
1870392380.000,OLV,recording,shake_phone,17,-3.294721,7.356730,18.937075,-2.077081,0.189906,0.253917
1870392390.000,OLV,recording,shake_phone,17,2.342337,4.554826,19.181378,-1.288041,0.944684,0.030203
1870392400.000,OLV,recording,shake_phone,17,2.969060,2.712035,12.642876,-0.763182,1.126796,-0.359517
1870392410.000,OLV,recording,shake_phone,17,1.487011,1.379073,12.583401,-0.554740,0.643896,-0.626880
1870392420.000,OLV,recording,shake_phone,17,-0.453678,1.000065,10.928280,-0.550723,-0.286637,-0.775039
1870392430.000,OLV,recording,shake_phone,17,-2.092077,0.878252,8.920672,-0.666803,-1.040204,-0.863490
1870392440.000,OLV,recording,shake_phone,17,-4.242408,1.328697,8.683634,-0.929032,-1.376008,-0.892827
1870392450.000,OLV,recording,shake_phone,17,-4.066093,1.349019,9.044757,-1.194705,-1.340251,-0.858878
1870392460.000,OLV,recording,shake_phone,17,-1.967598,2.259956,8.947655,-1.287875,-1.113313,-0.835034
1870392470.000,OLV,recording,shake_phone,17,-0.876498,4.217880,10.461545,-1.252544,-0.965891,-0.865323
1870392480.000,OLV,recording,shake_phone,17,-0.118303,5.393036,12.176121,-1.127364,-0.909535,-0.925359
1870392490.000,OLV,recording,shake_phone,17,0.911029,5.497149,13.453642,-0.863468,-0.775674,-0.988450
1870392500.000,OLV,recording,shake_phone,17,1.172580,4.889829,13.747599,-0.465046,-0.426703,-1.019762
1870392510.000,OLV,recording,shake_phone,17,0.723767,3.853137,12.929837,-0.013474,0.127425,-0.992567
1870392520.000,OLV,recording,shake_phone,17,0.323703,2.586021,11.031216,0.360753,0.700870,-0.912317
1870392530.000,OLV,recording,shake_phone,17,-0.203854,1.791813,8.831334,0.544146,1.094798,-0.813240
1870392540.000,OLV,recording,shake_phone,17,-1.155838,1.961068,7.191755,0.516822,1.246043,-0.716034
1870392550.000,OLV,recording,shake_phone,17,-2.529156,2.864489,6.249061,0.315443,1.168835,-0.609882
1870392560.000,OLV,recording,shake_phone,17,-3.809148,3.407163,6.102481,0.004949,0.880691,-0.492031
1870392570.000,OLV,recording,shake_phone,17,-4.524188,3.754398,6.928467,-0.312361,0.453822,-0.364438
1870392580.000,OLV,recording,shake_phone,17,-3.622222,4.647287,7.454446,-0.585586,0.008286,-0.254228
1870392590.000,OLV,recording,shake_phone,17,-2.449963,5.374163,8.855443,-0.784083,-0.565873,-0.189409
1870392600.000,OLV,recording,shake_phone,17,-2.174197,5.419163,11.326494,-0.868046,-1.460305,-0.153055
1870392610.000,OLV,recording,shake_phone,17,-1.538696,4.807407,13.590016,-0.879680,-2.659888,-0.135878
1870392620.000,OLV,recording,shake_phone,17,-1.499320,3.834070,15.526166,-0.934064,-3.763463,-0.132937
1870392630.000,OLV,recording,shake_phone,17,-1.011061,3.239347,15.157216,-1.014673,-4.154977,-0.115970
1870392640.000,OLV,recording,shake_phone,17,0.494794,2.846995,16.274764,-0.970824,-3.677982,-0.038553
1870392650.000,OLV,recording,shake_phone,17,1.693108,2.407655,19.142831,-0.716270,-2.593883,0.084247
1870392660.000,OLV,recording,shake_phone,18,2.288296,2.466612,20.681327,-0.266281,-1.245266,0.156912
1870392670.000,OLV,recording,shake_phone,18,2.728292,2.514984,20.664319,0.292836,0.057131,0.105814
1870392680.000,OLV,recording,shake_phone,18,2.655002,2.578902,18.678634,0.869030,1.091070,-0.064677
1870392690.000,OLV,recording,shake_phone,18,1.896535,2.643050,16.001209,1.393372,1.736673,-0.294307
1870392700.000,OLV,recording,shake_phone,18,0.774490,2.789182,13.573492,1.824553,1.969863,-0.516410
1870392710.000,OLV,recording,shake_phone,18,-0.465803,2.948125,11.809498,2.143186,1.826601,-0.685293
1870392720.000,OLV,recording,shake_phone,18,-1.572615,3.082637,10.767533,2.344550,1.395768,-0.783057
1870392730.000,OLV,recording,shake_phone,18,-2.455429,3.147772,10.072333,2.436430,0.810945,-0.813833
1870392740.000,OLV,recording,shake_phone,18,-2.817270,3.120458,9.548488,2.431672,0.212308,-0.799586
1870392750.000,OLV,recording,shake_phone,18,-2.532478,2.937308,8.827820,2.352057,-0.265841,-0.769482
1870392760.000,OLV,recording,shake_phone,18,-1.834547,2.542704,7.730308,2.231288,-0.518734,-0.746741
1870392770.000,OLV,recording,shake_phone,18,-1.105949,2.061732,6.533424,2.102096,-0.542410,-0.746571
1870392780.000,OLV,recording,shake_phone,18,-0.598074,1.625749,5.402256,1.989256,-0.425149,-0.772681
1870392790.000,OLV,recording,shake_phone,18,-0.369197,1.230915,4.382521,1.905981,-0.258951,-0.816916
1870392800.000,OLV,recording,shake_phone,18,-0.419614,0.864372,3.499729,1.850655,-0.094021,-0.864128
1870392810.000,OLV,recording,shake_phone,18,-0.669336,0.608474,2.765654,1.814052,0.051518,-0.895739
1870392820.000,OLV,recording,shake_phone,18,-1.081612,0.465087,2.136969,1.785100,0.170236,-0.895472
1870392830.000,OLV,recording,shake_phone,18,-1.579298,0.378348,1.580216,1.750460,0.247291,-0.850550
1870392840.000,OLV,recording,shake_phone,18,-2.059608,0.309616,1.027532,1.683672,0.249253,-0.760992
1870392850.000,OLV,recording,shake_phone,18,-2.432675,0.310775,0.491156,1.547641,0.138668,-0.642977
1870392860.000,OLV,recording,shake_phone,18,-2.613549,0.438223,0.113778,1.320642,-0.082879,-0.521040
1870392870.000,OLV,recording,shake_phone,18,-2.613705,0.499960,-0.123941,1.013696,-0.356836,-0.409870
1870392880.000,OLV,recording,shake_phone,18,-2.427608,0.529082,-0.145242,0.672680,-0.588474,-0.313332
1870392890.000,OLV,recording,shake_phone,18,-2.347555,0.692660,0.075669,0.356747,-0.695957,-0.236923
1870392900.000,OLV,recording,shake_phone,18,-2.422050,0.804551,0.254677,0.094223,-0.676360,-0.174213
1870392910.000,OLV,recording,shake_phone,18,-2.435138,0.812175,0.263487,-0.135031,-0.603818,-0.110473
1870392920.000,OLV,recording,shake_phone,18,-2.368236,0.764763,0.086605,-0.372582,-0.561714,-0.039749
1870392930.000,OLV,recording,shake_phone,18,-2.211546,0.724341,-0.139601,-0.650842,-0.604615,0.035518
1870392940.000,OLV,recording,shake_phone,18,-2.157594,0.817845,-0.219650,-0.982024,-0.754949,0.113980
1870392950.000,OLV,recording,shake_phone,18,-2.275136,1.171471,-0.121221,-1.373353,-1.006749,0.198536
1870392960.000,OLV,recording,shake_phone,18,-2.454037,1.723322,0.397162,-1.826131,-1.334263,0.294321
1870392970.000,OLV,recording,shake_phone,18,-2.599427,2.327997,2.338946,-2.276499,-1.686727,0.408949
1870392980.000,OLV,recording,shake_phone,18,-1.958469,2.804430,4.902317,-2.645929,-1.986580,0.536635
1870392990.000,OLV,recording,shake_phone,18,-0.350003,3.100429,7.800191,-2.906596,-2.237043,0.647418
1870393000.000,OLV,recording,shake_phone,18,1.287678,3.435137,11.578512,-3.044311,-2.469075,0.716528
1870393010.000,OLV,recording,shake_phone,18,2.734166,4.219678,15.348517,-3.048416,-2.616494,0.742810
1870393020.000,OLV,recording,shake_phone,18,3.629094,5.746796,19.226461,-2.907019,-2.600563,0.732579
1870393030.000,OLV,recording,shake_phone,18,4.013341,7.568032,22.645949,-2.615473,-2.382111,0.675958
1870393040.000,OLV,recording,shake_phone,18,4.500091,8.759620,24.975952,-2.195915,-1.970125,0.543631
1870393050.000,OLV,recording,shake_phone,18,4.927682,8.812606,25.868909,-1.695569,-1.434153,0.320835
1870393060.000,OLV,recording,shake_phone,18,4.965851,7.990638,25.842619,-1.166889,-0.890491,0.040488
1870393070.000,OLV,recording,shake_phone,18,4.538468,7.041841,25.371942,-0.648250,-0.446202,-0.225755
1870393080.000,OLV,recording,shake_phone,18,3.649462,6.501331,24.565387,-0.158769,-0.121089,-0.411018
1870393090.000,OLV,recording,shake_phone,18,2.707454,6.239036,23.277924,0.293089,0.145114,-0.483738
1870393100.000,OLV,recording,shake_phone,18,2.143016,5.849958,21.462001,0.699464,0.406099,-0.450860
1870393110.000,OLV,recording,shake_phone,18,2.079062,5.245827,19.329889,1.056586,0.672581,-0.352065
1870393120.000,OLV,recording,shake_phone,18,2.313145,4.576661,17.027757,1.370767,0.929067,-0.242234
1870393130.000,OLV,recording,shake_phone,18,2.609156,4.024863,14.627325,1.639279,1.148388,-0.172850
1870393140.000,OLV,recording,shake_phone,18,2.809133,3.605867,12.333303,1.856742,1.316857,-0.171293
1870393150.000,OLV,recording,shake_phone,18,2.712831,3.237059,10.352526,2.026817,1.427954,-0.233120
1870393160.000,OLV,recording,shake_phone,18,2.263755,2.923568,8.754312,2.153362,1.465702,-0.331018
1870393170.000,OLV,recording,shake_phone,18,1.627178,2.632221,7.447310,2.241404,1.433361,-0.430230
1870393180.000,OLV,recording,shake_phone,18,0.986538,2.288558,6.225411,2.293137,1.361045,-0.502364
1870393190.000,OLV,recording,shake_phone,18,0.462757,1.869580,5.046170,2.303902,1.280725,-0.532297
1870393200.000,OLV,recording,shake_phone,18,0.041687,1.460000,3.952761,2.269850,1.213164,-0.522752
1870393210.000,OLV,recording,shake_phone,18,-0.224643,1.086496,2.956361,2.191568,1.163583,-0.486737
1870393220.000,OLV,recording,shake_phone,18,-0.381474,0.760118,2.048854,2.070924,1.123504,-0.435275
1870393230.000,OLV,recording,shake_phone,18,-0.587111,0.525336,1.316892,1.910206,1.079904,-0.371814
1870393240.000,OLV,recording,shake_phone,18,-0.905838,0.408704,0.772257,1.715818,1.020261,-0.296511
1870393250.000,OLV,recording,shake_phone,18,-1.288157,0.377199,0.382610,1.500517,0.943271,-0.208648
1870393260.000,OLV,recording,shake_phone,18,-1.598398,0.388257,0.128944,1.275219,0.863496,-0.110386
1870393270.000,OLV,recording,shake_phone,18,-1.772272,0.395995,-0.065601,1.047205,0.799297,-0.009949
1870393280.000,OLV,recording,shake_phone,18,-1.830718,0.419384,-0.234391,0.816295,0.759422,0.083379
1870393290.000,OLV,recording,shake_phone,18,-1.795507,0.463685,-0.354095,0.579509,0.739351,0.165256
1870393300.000,OLV,recording,shake_phone,18,-1.671328,0.545261,-0.435489,0.330085,0.719693,0.235782
1870393310.000,OLV,recording,shake_phone,18,-1.532063,0.719368,-0.521095,0.051868,0.677448,0.294835
1870393320.000,OLV,recording,shake_phone,18,-1.429612,1.042820,-0.576973,-0.271630,0.596740,0.337510
1870393330.000,OLV,recording,shake_phone,18,-1.318195,1.575668,-0.485078,-0.652492,0.458290,0.353611
1870393340.000,OLV,recording,shake_phone,18,-1.442944,2.237138,-0.153376,-1.090023,0.241129,0.342198
1870393350.000,OLV,recording,shake_phone,18,-2.022284,2.875261,0.465821,-1.570244,-0.066800,0.329730
1870393360.000,OLV,recording,shake_phone,18,-2.632574,3.510391,1.801159,-2.060932,-0.459573,0.350594
1870393370.000,OLV,recording,shake_phone,18,-2.525556,4.175953,3.776738,-2.502193,-0.875497,0.408101
1870393380.000,OLV,recording,shake_phone,18,-1.524918,4.664083,5.959192,-2.831997,-1.231714,0.467365
1870393390.000,OLV,recording,shake_phone,18,-0.055141,5.051104,8.516718,-3.012366,-1.533027,0.480870
1870393400.000,OLV,recording,shake_phone,18,1.681390,5.722575,11.261088,-3.034862,-1.846848,0.404204
1870393410.000,OLV,recording,shake_phone,18,3.206986,6.673501,13.942128,-2.916872,-2.185004,0.210404
1870393420.000,OLV,recording,shake_phone,18,4.021149,7.767685,16.990723,-2.690023,-2.503645,-0.060184
1870393430.000,OLV,recording,shake_phone,18,4.291133,8.955419,21.116853,-2.347759,-2.765392,-0.339886
1870393440.000,OLV,recording,shake_phone,18,4.334706,9.945650,25.846390,-1.835940,-2.856455,-0.600110
1870393450.000,OLV,recording,shake_phone,18,4.403994,9.959378,28.915138,-1.154608,-2.573995,-0.825828
1870393460.000,OLV,recording,shake_phone,18,4.564620,8.762326,28.971868,-0.417811,-1.858467,-1.000520
1870393470.000,OLV,recording,shake_phone,18,4.534061,7.243098,26.986905,0.218927,-0.891764,-1.106129
1870393480.000,OLV,recording,shake_phone,18,4.026785,6.204882,24.014538,0.656188,0.089072,-1.121033
1870393490.000,OLV,recording,shake_phone,18,3.207687,5.838768,20.873712,0.885113,0.941925,-1.039676
1870393500.000,OLV,recording,shake_phone,18,2.621292,5.783559,18.047547,0.975223,1.611906,-0.900827
1870393510.000,OLV,recording,shake_phone,18,2.445886,5.478937,15.560498,1.017864,2.090682,-0.769541
1870393520.000,OLV,recording,shake_phone,18,2.324176,4.804967,13.348009,1.073098,2.382642,-0.688675
1870393530.000,OLV,recording,shake_phone,18,1.863118,4.014825,11.356565,1.157083,2.489045,-0.649937
1870393540.000,OLV,recording,shake_phone,18,0.804436,3.322484,9.585793,1.251122,2.406315,-0.599853
1870393550.000,OLV,recording,shake_phone,18,-0.425936,2.657672,8.117459,1.329648,2.160547,-0.494148
1870393560.000,OLV,recording,shake_phone,18,-1.152673,1.938112,7.143712,1.396758,1.820660,-0.338311
1870393570.000,OLV,recording,shake_phone,18,-1.799703,1.439377,6.351393,1.477620,1.435879,-0.152333
1870393580.000,OLV,recording,shake_phone,18,-2.761497,1.037955,5.213392,1.563383,1.027084,0.053315
1870393590.000,OLV,recording,shake_phone,18,-3.237771,0.323807,3.944368,1.600825,0.646088,0.232882
1870393600.000,OLV,recording,shake_phone,18,-3.237603,-0.416553,2.842593,1.537070,0.334484,0.351688
1870393610.000,OLV,recording,shake_phone,18,-3.295337,-1.044855,1.790889,1.350754,0.104196,0.440645
1870393620.000,OLV,recording,shake_phone,18,-3.263479,-1.517026,0.694083,1.047905,-0.013588,0.551748
1870393630.000,OLV,recording,shake_phone,18,-2.874533,-1.716885,-0.258997,0.663513,-0.010897,0.706301
1870393640.000,OLV,recording,shake_phone,18,-1.635715,-1.709967,-0.664150,0.266924,0.066767,0.856184
1870393650.000,OLV,recording,shake_phone,18,-0.454260,-1.133596,-0.420681,-0.058575,0.161636,0.935649
1870393660.000,OLV,recording,shake_phone,18,-0.099301,-0.492230,-0.104334,-0.271798,0.227723,0.903169
1870393670.000,OLV,recording,shake_phone,18,-0.043684,-0.361837,0.013858,-0.400377,0.240666,0.669516
1870393680.000,OLV,recording,shake_phone,18,-0.536602,0.017553,0.043425,-0.503877,0.201343,0.108958
1870393690.000,OLV,recording,shake_phone,18,-3.011304,1.790824,-0.109031,-0.648390,0.092974,-0.703086
1870393700.000,OLV,recording,shake_phone,18,-6.528518,4.206843,-0.475462,-0.893626,-0.162072,-1.365886
1870393710.000,OLV,recording,shake_phone,18,-7.704305,4.778717,-0.570024,-1.254248,-0.666462,-1.601032
1870393720.000,OLV,recording,shake_phone,18,-6.315616,3.497949,-0.086696,-1.674916,-1.453074,-1.509467
1870393730.000,OLV,recording,shake_phone,18,-4.027071,1.662167,1.253352,-2.047579,-2.436667,-1.292759
1870393740.000,OLV,recording,shake_phone,18,-2.451540,0.715987,4.052761,-2.241757,-3.455922,-1.058245
1870393750.000,OLV,recording,shake_phone,18,-1.380411,1.138439,6.947401,-2.253091,-4.199405,-0.812281
1870393760.000,OLV,recording,shake_phone,18,0.043950,1.565213,9.400994,-2.269138,-4.121552,-0.534195
1870393770.000,OLV,recording,shake_phone,18,1.746318,1.480701,11.294101,-2.325772,-3.381236,-0.242548
1870393780.000,OLV,recording,shake_phone,18,3.175533,1.593048,12.198806,-2.389159,-2.458879,0.061425
1870393790.000,OLV,recording,shake_phone,18,3.577171,2.295638,13.327823,-2.467012,-1.580295,0.410662
1870393800.000,OLV,recording,shake_phone,18,3.325518,3.202670,14.015428,-2.459354,-0.931548,0.757555
1870393810.000,OLV,recording,shake_phone,18,3.241974,3.702964,13.948758,-2.314922,-0.468035,0.998349
1870393820.000,OLV,recording,shake_phone,18,3.660648,4.063117,13.790664,-2.068802,-0.284066,1.082270
1870393830.000,OLV,recording,shake_phone,18,4.161044,4.718033,14.262960,-1.773974,-0.481074,1.033498
1870393840.000,OLV,recording,shake_phone,18,4.697003,5.448815,15.580011,-1.444903,-0.928974,0.892647
1870393850.000,OLV,recording,shake_phone,18,5.664407,5.937831,17.272123,-1.065707,-1.348606,0.690596
1870393860.000,OLV,recording,shake_phone,18,6.961225,6.174984,18.617518,-0.635434,-1.549514,0.457108
1870393870.000,OLV,recording,shake_phone,18,7.975210,6.335435,19.275319,-0.186788,-1.510113,0.216179
1870393880.000,OLV,recording,shake_phone,18,8.296819,6.442793,19.040346,0.219629,-1.292227,-0.022919
1870393890.000,OLV,recording,shake_phone,18,7.858531,6.344990,17.928091,0.517630,-1.006480,-0.250169
1870393900.000,OLV,recording,shake_phone,18,7.000785,6.120158,16.742715,0.695888,-0.820753,-0.446730
1870393910.000,OLV,recording,shake_phone,18,6.387284,5.986908,16.607204,0.817208,-0.811993,-0.610065
1870393920.000,OLV,recording,shake_phone,18,6.373805,5.744058,17.382992,0.982467,-0.889070,-0.761162
1870393930.000,OLV,recording,shake_phone,18,6.454628,5.161473,18.001791,1.263221,-0.974017,-0.906216
1870393940.000,OLV,recording,shake_phone,18,6.350412,4.698384,18.184308,1.652329,-1.078452,-1.034535
1870393950.000,OLV,recording,shake_phone,18,6.238771,4.548416,18.027479,2.095294,-1.184710,-1.153423
1870393960.000,OLV,recording,shake_phone,18,6.006216,4.272091,17.142237,2.536440,-1.199406,-1.272128
1870393970.000,OLV,recording,shake_phone,18,5.401943,3.659683,15.213825,2.915359,-1.062964,-1.365209
1870393980.000,OLV,recording,shake_phone,18,4.618131,3.125919,12.685749,3.182835,-0.840460,-1.403091
1870393990.000,OLV,recording,shake_phone,18,4.149761,2.912460,10.203493,3.327329,-0.675610,-1.416414
1870394000.000,OLV,recording,shake_phone,18,4.171882,2.879768,8.255138,3.372702,-0.660887,-1.481719
1870394010.000,OLV,recording,shake_phone,18,4.274834,2.717000,6.941965,3.364137,-0.767101,-1.634017
1870394020.000,OLV,recording,shake_phone,18,3.809154,2.218801,6.015053,3.338996,-0.928764,-1.832906
1870394030.000,OLV,recording,shake_phone,18,2.784711,1.675841,5.240648,3.305823,-1.102008,-2.013218
1870394040.000,OLV,recording,shake_phone,18,1.630197,1.318249,4.175866,3.229922,-1.202219,-2.131726
1870394050.000,OLV,recording,shake_phone,18,0.474175,0.878244,2.475083,3.031064,-1.111031,-2.167461
1870394060.000,OLV,recording,shake_phone,18,-0.768057,0.069284,0.396930,2.626680,-0.814834,-2.118218
1870394070.000,OLV,recording,shake_phone,18,-2.196074,-0.841522,-1.176788,2.009439,-0.450299,-2.000678
1870394080.000,OLV,recording,shake_phone,18,-3.706173,-1.501907,-1.507519,1.286447,-0.170211,-1.838740
1870394090.000,OLV,recording,shake_phone,18,-5.130525,-1.909139,-0.589428,0.623488,-0.034513,-1.638494
1870394100.000,OLV,recording,shake_phone,18,-6.351111,-2.211664,0.821122,0.141946,-0.034664,-1.386891
1870394110.000,OLV,recording,shake_phone,18,-6.966683,-2.523141,2.262775,-0.106215,-0.176513,-1.082682
1870394120.000,OLV,recording,shake_phone,18,-7.162346,-2.620045,3.655971,-0.102573,-0.488906,-0.739249
1870394130.000,OLV,recording,shake_phone,18,-7.286899,-2.288625,4.639979,0.132752,-0.976738,-0.368661
1870394140.000,OLV,recording,shake_phone,18,-6.934921,-1.639865,4.818178,0.517700,-1.603443,0.025427
1870394150.000,OLV,recording,shake_phone,18,-5.811933,-0.692925,4.241105,0.916378,-2.246444,0.440828
1870394160.000,OLV,recording,shake_phone,18,-4.199003,0.647122,3.144424,1.176347,-2.714935,0.854947
1870394170.000,OLV,recording,shake_phone,18,-2.236631,2.261180,1.847536,1.177496,-2.897228,1.233846
1870394180.000,OLV,recording,shake_phone,18,0.463994,3.949569,0.998442,0.879694,-2.813464,1.540153
1870394190.000,OLV,recording,shake_phone,18,3.874933,5.962356,1.249103,0.345136,-2.543822,1.719327
1870394200.000,OLV,recording,shake_phone,18,7.236280,8.394341,2.706902,-0.296636,-2.181737,1.727998
1870394210.000,OLV,recording,shake_phone,18,10.033801,10.619455,4.954181,-0.910482,-1.806981,1.577395
1870394220.000,OLV,recording,shake_phone,18,12.335522,12.370782,7.565391,-1.397042,-1.461437,1.315392
1870394230.000,OLV,recording,shake_phone,18,14.533443,13.957179,10.194132,-1.710719,-1.147206,0.969158
1870394240.000,OLV,recording,shake_phone,18,16.209327,15.203595,12.495116,-1.844599,-0.846863,0.547731
1870394250.000,OLV,recording,shake_phone,18,16.627346,15.709097,14.397975,-1.806457,-0.597360,0.076584
1870394260.000,OLV,recording,shake_phone,18,16.191517,15.760776,16.714877,-1.576033,-0.514115,-0.412345
1870394270.000,OLV,recording,shake_phone,18,15.744258,15.547077,19.762632,-1.080492,-0.621512,-0.893522
1870394280.000,OLV,recording,shake_phone,18,15.801906,14.898463,22.174859,-0.274457,-0.816694,-1.369131
1870394290.000,OLV,recording,shake_phone,18,16.083118,13.998398,22.633729,0.766662,-1.042726,-1.872750
1870394300.000,OLV,recording,shake_phone,18,15.768979,13.000942,20.979236,1.866340,-1.316644,-2.418306
1870394310.000,OLV,recording,shake_phone,18,14.704609,11.814963,17.839775,2.831803,-1.647051,-2.972131
1870394320.000,OLV,recording,shake_phone,18,13.446624,10.574901,14.574103,3.549496,-1.985465,-3.499299
1870394330.000,OLV,recording,shake_phone,18,12.127334,9.241145,11.844318,4.013742,-2.268368,-3.974216
1870394340.000,OLV,recording,shake_phone,18,10.655693,7.826012,9.560241,4.257736,-2.461101,-4.365343
1870394350.000,OLV,recording,shake_phone,18,9.078269,6.416191,7.740252,4.332799,-2.546658,-4.668351
1870394360.000,OLV,recording,shake_phone,18,7.349999,4.947459,6.217000,4.306487,-2.566321,-4.887173
1870394370.000,OLV,recording,shake_phone,18,5.679474,3.567682,4.831666,4.225377,-2.610473,-5.021987
1870394380.000,OLV,recording,shake_phone,18,4.363262,2.465579,3.624805,4.107985,-2.730888,-5.105532
1870394390.000,OLV,recording,shake_phone,18,3.332504,1.432173,2.680204,3.953582,-2.904831,-5.177323
1870394400.000,OLV,recording,shake_phone,18,2.167945,0.279596,1.916702,3.754268,-3.066444,-5.234626
1870394410.000,OLV,recording,shake_phone,18,0.643525,-0.668909,1.171024,3.494670,-3.153455,-5.242968
1870394420.000,OLV,recording,shake_phone,18,-1.261507,-1.400535,0.497279,3.150550,-3.129510,-5.159996
1870394430.000,OLV,recording,shake_phone,18,-3.389355,-2.190576,0.057235,2.717355,-2.981454,-4.948657
1870394440.000,OLV,recording,shake_phone,18,-5.618427,-2.954448,-0.058025,2.212037,-2.719669,-4.591716
1870394450.000,OLV,recording,shake_phone,18,-7.818953,-3.461556,0.220836,1.661712,-2.376979,-4.094558
1870394460.000,OLV,recording,shake_phone,18,-9.627319,-3.738622,0.890300,1.110354,-1.987110,-3.478623
1870394470.000,OLV,recording,shake_phone,18,-10.866695,-3.965157,1.734372,0.610974,-1.574415,-2.777277
1870394480.000,OLV,recording,shake_phone,18,-11.534603,-4.221904,2.567030,0.199587,-1.176601,-2.029228
1870394490.000,OLV,recording,shake_phone,18,-11.706112,-4.496660,3.502174,-0.098519,-0.851163,-1.277271
1870394500.000,OLV,recording,shake_phone,18,-11.611870,-4.624072,4.550466,-0.253969,-0.621614,-0.559122
1870394510.000,OLV,recording,shake_phone,18,-11.430414,-4.532303,5.440292,-0.260527,-0.466982,0.116895
1870394520.000,OLV,recording,shake_phone,18,-10.863701,-4.190225,5.854551,-0.148044,-0.361259,0.764803
1870394530.000,OLV,recording,shake_phone,18,-9.578358,-3.358620,5.803551,0.037047,-0.268643,1.378810
1870394540.000,OLV,recording,shake_phone,18,-8.044037,-2.001214,5.416385,0.241187,-0.115677,1.946975
1870394550.000,OLV,recording,shake_phone,18,-6.798889,-0.356188,4.569022,0.387275,0.151587,2.483952
1870394560.000,OLV,recording,shake_phone,18,-5.480390,1.746631,3.282750,0.405995,0.535286,3.020870
1870394570.000,OLV,recording,shake_phone,18,-3.060897,4.816190,1.570588,0.269578,1.001160,3.541090
1870394580.000,OLV,recording,shake_phone,18,0.685757,8.668989,-0.340835,-0.011456,1.471455,3.962955
1870394590.000,OLV,recording,shake_phone,18,5.092024,12.744155,-2.103529,-0.411430,1.861480,4.194877
1870394600.000,OLV,recording,shake_phone,18,9.476036,16.681693,-3.500040,-0.911415,2.121109,4.182089
1870394610.000,OLV,recording,shake_phone,18,13.703444,19.947893,-4.065114,-1.474022,2.251084,3.895971
1870394620.000,OLV,recording,shake_phone,18,17.646526,22.178605,-3.157062,-2.008961,2.231146,3.295400
1870394630.000,OLV,recording,shake_phone,18,20.141889,23.633362,-0.232850,-2.353694,2.018150,2.405218
1870394640.000,OLV,recording,shake_phone,18,20.330659,24.616340,4.188985,-2.330737,1.645875,1.357104
1870394650.000,OLV,recording,shake_phone,18,18.943438,24.664567,8.328095,-1.855819,1.206057,0.303775
1870394660.000,OLV,recording,shake_phone,18,17.161735,23.463900,10.432068,-0.994161,0.756367,-0.677301
1870394670.000,OLV,recording,shake_phone,18,15.165335,21.496437,10.025028,0.054841,0.275934,-1.582574
1870394680.000,OLV,recording,shake_phone,18,12.657350,19.086879,7.790904,1.046995,-0.258656,-2.400413
1870394690.000,OLV,recording,shake_phone,18,9.871474,16.270711,4.845816,1.800902,-0.796929,-3.087765
1870394700.000,OLV,recording,shake_phone,18,6.890280,13.544295,2.145820,2.229990,-1.257357,-3.596271
1870394710.000,OLV,recording,shake_phone,18,4.081415,11.134197,0.043899,2.320778,-1.597441,-3.901317
1870394720.000,OLV,recording,shake_phone,18,2.098556,8.887557,-1.212314,2.125082,-1.802713,-4.035706
1870394730.000,OLV,recording,shake_phone,18,0.633437,6.920734,-1.472506,1.742887,-1.855475,-4.059740
1870394740.000,OLV,recording,shake_phone,18,-0.809061,5.153778,-0.991706,1.277381,-1.763092,-4.003549
1870394750.000,OLV,recording,shake_phone,18,-2.299827,3.422793,-0.128384,0.810806,-1.572255,-3.875639
1870394760.000,OLV,recording,shake_phone,18,-3.547413,1.775815,1.059601,0.409796,-1.368540,-3.694975
1870394770.000,OLV,recording,shake_phone,18,-4.520171,0.304614,2.778041,0.142966,-1.234894,-3.487079
1870394780.000,OLV,recording,shake_phone,18,-5.962707,-0.927295,4.814054,0.065325,-1.172321,-3.240613
1870394790.000,OLV,recording,shake_phone,18,-7.965500,-2.044824,6.398117,0.172599,-1.129014,-2.909407
1870394800.000,OLV,recording,shake_phone,18,-9.565232,-3.165948,7.263976,0.408617,-1.092042,-2.475130
1870394810.000,OLV,recording,shake_phone,18,-10.521178,-4.119869,7.579825,0.708786,-1.062748,-1.971176
1870394820.000,OLV,recording,shake_phone,18,-11.324712,-4.790676,7.335011,1.011473,-1.002181,-1.428599
1870394830.000,OLV,recording,shake_phone,18,-12.156829,-5.324910,6.652695,1.264814,-0.858305,-0.826690
1870394840.000,OLV,recording,shake_phone,18,-12.882539,-5.526302,5.845740,1.447659,-0.614543,-0.149974
1870394850.000,OLV,recording,shake_phone,18,-13.164501,-5.069058,5.032850,1.574210,-0.282061,0.596345
1870394860.000,OLV,recording,shake_phone,18,-12.600141,-3.839206,4.019263,1.661915,0.120518,1.392924
1870394870.000,OLV,recording,shake_phone,18,-11.196840,-2.022308,2.604475,1.704587,0.536183,2.196186
1870394880.000,OLV,recording,shake_phone,18,-9.093737,0.258854,0.788354,1.690089,0.854323,2.958007
1870394890.000,OLV,recording,shake_phone,18,-5.790959,3.269460,-1.137103,1.625981,0.971899,3.606085
1870394900.000,OLV,recording,shake_phone,18,-1.106848,7.234674,-2.931497,1.536727,0.876353,4.039689
1870394910.000,OLV,recording,shake_phone,18,4.273328,11.896146,-4.670870,1.423425,0.672961,4.161496
1870394920.000,OLV,recording,shake_phone,18,9.229164,16.537911,-6.469725,1.233969,0.537866,3.936457
1870394930.000,OLV,recording,shake_phone,18,12.508913,20.322188,-8.234176,0.889375,0.592443,3.445661
1870394940.000,OLV,recording,shake_phone,18,13.934843,22.986219,-9.434359,0.353754,0.822087,2.831177
1870394950.000,OLV,recording,shake_phone,18,14.377251,24.504194,-9.657408,-0.314634,1.087723,2.170570
1870394960.000,OLV,recording,shake_phone,18,14.448828,24.710553,-8.609950,-0.985941,1.207978,1.451929
1870394970.000,OLV,recording,shake_phone,18,14.866009,24.120445,-6.314174,-1.509030,1.092131,0.630708
1870394980.000,OLV,recording,shake_phone,18,14.015906,22.986966,-2.771315,-1.740599,0.782752,-0.254919
1870394990.000,OLV,recording,shake_phone,18,11.037926,20.874106,0.878336,-1.622528,0.376893,-1.053036
1870395000.000,OLV,recording,shake_phone,18,8.354909,18.320433,3.191255,-1.238851,-0.057029,-1.673030
1870395010.000,OLV,recording,shake_phone,18,6.344956,16.091425,4.334020,-0.730047,-0.467123,-2.136142
1870395020.000,OLV,recording,shake_phone,18,4.743359,14.142959,4.380424,-0.216782,-0.798087,-2.470433
1870395030.000,OLV,recording,shake_phone,18,3.620377,12.229814,3.657139,0.205644,-1.006211,-2.699292
1870395040.000,OLV,recording,shake_phone,18,2.598540,10.317611,2.616176,0.475461,-1.082122,-2.853271
1870395050.000,OLV,recording,shake_phone,18,1.490558,8.449429,1.651768,0.579303,-1.074854,-2.953871
1870395060.000,OLV,recording,shake_phone,18,0.395949,6.601998,0.995985,0.550852,-1.061461,-3.013873
1870395070.000,OLV,recording,shake_phone,18,-0.716260,4.788808,0.783742,0.441812,-1.081763,-3.042833
1870395080.000,OLV,recording,shake_phone,18,-2.119740,3.079618,1.067568,0.301342,-1.101040,-3.034779
1870395090.000,OLV,recording,shake_phone,18,-4.069659,1.508954,1.769159,0.171033,-1.056384,-2.957468
1870395100.000,OLV,recording,shake_phone,18,-6.350001,0.136393,2.652874,0.090069,-0.917908,-2.760589
1870395110.000,OLV,recording,shake_phone,18,-8.595136,-0.974257,3.446768,0.089489,-0.709521,-2.405263
1870395120.000,OLV,recording,shake_phone,18,-10.379429,-1.733701,3.931071,0.168317,-0.508084,-1.918667
1870395130.000,OLV,recording,shake_phone,18,-11.356536,-2.217740,4.065506,0.300016,-0.372466,-1.368484
1870395140.000,OLV,recording,shake_phone,18,-11.587213,-2.611651,3.843833,0.452622,-0.287979,-0.808095
1870395150.000,OLV,recording,shake_phone,18,-11.471438,-2.957750,3.320941,0.593258,-0.211206,-0.266492
1870395160.000,OLV,recording,shake_phone,18,-11.263725,-3.007647,2.651736,0.694391,-0.103944,0.263411
1870395170.000,OLV,recording,shake_phone,18,-10.937062,-2.623789,1.774752,0.729028,0.063863,0.799359
1870395180.000,OLV,recording,shake_phone,18,-10.430703,-1.755192,0.723278,0.675925,0.291399,1.351016
1870395190.000,OLV,recording,shake_phone,18,-9.495437,-0.203932,-0.211652,0.543416,0.564003,1.915656
1870395200.000,OLV,recording,shake_phone,18,-7.916426,2.019246,-1.110117,0.360518,0.862956,2.470570
1870395210.000,OLV,recording,shake_phone,18,-5.822591,4.822098,-2.329248,0.140023,1.128893,2.980250
1870395220.000,OLV,recording,shake_phone,18,-3.135425,8.273946,-3.858444,-0.128742,1.260791,3.386106
1870395230.000,OLV,recording,shake_phone,18,0.454183,12.033713,-5.174334,-0.454103,1.188735,3.604132
1870395240.000,OLV,recording,shake_phone,18,4.659489,15.471484,-5.750832,-0.821476,0.967765,3.571362
1870395250.000,OLV,recording,shake_phone,18,8.616328,18.217963,-5.434353,-1.200771,0.751014,3.281797
1870395260.000,OLV,recording,shake_phone,18,11.423121,20.343405,-4.297873,-1.555225,0.659629,2.778898
1870395270.000,OLV,recording,shake_phone,18,12.482204,22.011480,-2.611756,-1.832386,0.702851,2.156973
1870395280.000,OLV,recording,shake_phone,18,12.409966,23.001810,-0.803649,-1.977221,0.799760,1.514690
1870395290.000,OLV,recording,shake_phone,18,12.348039,23.092170,0.726234,-1.963956,0.846425,0.864464
1870395300.000,OLV,recording,shake_phone,18,12.413179,22.207580,1.847867,-1.806726,0.751114,0.162526
1870395310.000,OLV,recording,shake_phone,18,12.095244,20.610920,3.143781,-1.519237,0.472758,-0.600492
1870395320.000,OLV,recording,shake_phone,18,10.879150,18.671073,4.729946,-1.095503,0.068320,-1.368956
1870395330.000,OLV,recording,shake_phone,18,8.975155,16.523338,5.767200,-0.567850,-0.361749,-2.057901
1870395340.000,OLV,recording,shake_phone,18,7.141776,14.282792,5.961946,-0.019367,-0.732990,-2.632364
1870395350.000,OLV,recording,shake_phone,18,5.244512,12.036694,5.484633,0.466340,-0.983780,-3.097021
1870395360.000,OLV,recording,shake_phone,18,3.053865,9.756055,4.601365,0.834563,-1.105675,-3.440676
1870395370.000,OLV,recording,shake_phone,18,0.750307,7.522598,3.579267,1.065170,-1.134243,-3.648537
1870395380.000,OLV,recording,shake_phone,18,-1.591738,5.546560,2.660009,1.163729,-1.110272,-3.719937
1870395390.000,OLV,recording,shake_phone,18,-3.793622,3.880856,2.044758,1.151813,-1.055974,-3.658767
1870395400.000,OLV,recording,shake_phone,18,-5.477133,2.406893,1.734052,1.066076,-0.968853,-3.480253
1870395410.000,OLV,recording,shake_phone,18,-6.738743,1.041067,1.589018,0.953900,-0.859405,-3.227602
1870395420.000,OLV,recording,shake_phone,18,-7.985643,-0.247880,1.490808,0.842090,-0.758517,-2.932295
1870395430.000,OLV,recording,shake_phone,18,-9.430751,-1.450749,1.549207,0.735487,-0.671482,-2.586118
1870395440.000,OLV,recording,shake_phone,18,-10.937293,-2.487342,1.888745,0.646588,-0.569768,-2.167949
1870395450.000,OLV,recording,shake_phone,18,-12.168899,-3.305730,2.376759,0.593869,-0.429465,-1.678665
1870395460.000,OLV,recording,shake_phone,18,-13.033744,-3.905529,2.758440,0.588748,-0.268759,-1.136831
1870395470.000,OLV,recording,shake_phone,18,-13.599862,-4.160344,3.006447,0.639689,-0.130519,-0.547437
1870395480.000,OLV,recording,shake_phone,18,-14.009704,-3.770489,3.099729,0.751841,-0.031450,0.101845
1870395490.000,OLV,recording,shake_phone,18,-13.783942,-2.605622,2.786616,0.906965,0.049359,0.808838
1870395500.000,OLV,recording,shake_phone,18,-12.608873,-0.725528,1.846384,1.058413,0.122912,1.527829
1870395510.000,OLV,recording,shake_phone,18,-11.135186,1.751770,0.422547,1.150933,0.180310,2.229056
1870395520.000,OLV,recording,shake_phone,18,-8.872891,4.533720,-1.283783,1.131712,0.262204,2.901385
1870395530.000,OLV,recording,shake_phone,18,-5.033117,7.621273,-3.317091,0.949322,0.430155,3.461683
1870395540.000,OLV,recording,shake_phone,18,-0.133457,11.139710,-5.519295,0.563159,0.662621,3.765391
1870395550.000,OLV,recording,shake_phone,18,4.592817,14.590863,-7.187693,-0.015139,0.864022,3.726523
1870395560.000,OLV,recording,shake_phone,18,8.311279,17.398634,-7.524077,-0.684365,0.963600,3.385562
1870395570.000,OLV,recording,shake_phone,18,11.182719,19.671926,-6.343029,-1.299353,0.959041,2.823258
1870395580.000,OLV,recording,shake_phone,18,12.774834,21.293373,-4.079360,-1.745159,0.885261,2.100786
1870395590.000,OLV,recording,shake_phone,18,12.597419,21.903965,-1.281646,-1.957450,0.783728,1.285189
1870395600.000,OLV,recording,shake_phone,18,11.032993,21.415628,1.514881,-1.913774,0.668656,0.456546
1870395610.000,OLV,recording,shake_phone,18,8.686544,19.797052,3.756214,-1.627703,0.511565,-0.312643
1870395620.000,OLV,recording,shake_phone,18,6.018624,17.563488,5.094722,-1.147160,0.281048,-0.966385
1870395630.000,OLV,recording,shake_phone,18,3.417422,15.422271,5.311201,-0.567177,-0.020560,-1.465480
1870395640.000,OLV,recording,shake_phone,18,1.479869,13.515982,4.478850,-0.015679,-0.341704,-1.815484
1870395650.000,OLV,recording,shake_phone,18,0.199377,11.727907,3.064256,0.396069,-0.603469,-2.050205
1870395660.000,OLV,recording,shake_phone,18,-0.786187,10.052388,1.651574,0.612685,-0.748885,-2.194502
1870395670.000,OLV,recording,shake_phone,18,-1.744651,8.480965,0.619270,0.641038,-0.769094,-2.262934
1870395680.000,OLV,recording,shake_phone,18,-2.816290,6.979144,0.064275,0.533426,-0.702581,-2.262256
1870395690.000,OLV,recording,shake_phone,18,-4.003685,5.577377,-0.028703,0.356549,-0.595704,-2.195545
1870395700.000,OLV,recording,shake_phone,19,-5.321789,4.371260,0.200888,0.165524,-0.476880,-2.058223
1870395710.000,OLV,recording,shake_phone,19,-6.661632,3.391863,0.606746,-0.004061,-0.362898,-1.842655
1870395720.000,OLV,recording,shake_phone,19,-7.777503,2.583063,1.099906,-0.132245,-0.257711,-1.551750
1870395730.000,OLV,recording,shake_phone,19,-8.549205,1.892474,1.548773,-0.209354,-0.156203,-1.201762
1870395740.000,OLV,recording,shake_phone,19,-9.043195,1.210491,1.918439,-0.236157,-0.058067,-0.812812
1870395750.000,OLV,recording,shake_phone,19,-9.424952,0.536458,2.275488,-0.213565,0.032568,-0.405591
1870395760.000,OLV,recording,shake_phone,19,-9.756505,0.063919,2.616739,-0.138893,0.102464,0.003543
1870395770.000,OLV,recording,shake_phone,19,-9.943957,-0.183814,2.772403,-0.019159,0.139553,0.413379
1870395780.000,OLV,recording,shake_phone,19,-10.016156,-0.179624,2.569949,0.117292,0.159498,0.835481
1870395790.000,OLV,recording,shake_phone,19,-9.995246,0.203287,1.961850,0.224178,0.186410,1.283957
1870395800.000,OLV,recording,shake_phone,19,-9.777484,1.016831,1.132097,0.259474,0.230053,1.768998
1870395810.000,OLV,recording,shake_phone,19,-9.162857,2.331683,0.266801,0.206742,0.289259,2.291079
1870395820.000,OLV,recording,shake_phone,19,-7.835724,4.148791,-0.502072,0.070523,0.367780,2.830939
1870395830.000,OLV,recording,shake_phone,19,-5.330656,6.414742,-1.255924,-0.141112,0.480193,3.326529
1870395840.000,OLV,recording,shake_phone,19,-1.684268,9.032363,-2.218478,-0.439235,0.632881,3.679755
1870395850.000,OLV,recording,shake_phone,19,2.378490,11.861398,-3.181322,-0.851741,0.819738,3.818471
1870395860.000,OLV,recording,shake_phone,19,6.326140,14.551054,-3.633711,-1.381697,1.024403,3.716432
1870395870.000,OLV,recording,shake_phone,19,9.809253,16.559071,-2.999536,-1.969279,1.205452,3.364536
1870395880.000,OLV,recording,shake_phone,19,12.274545,17.755752,-0.878456,-2.483393,1.315965,2.772312
1870395890.000,OLV,recording,shake_phone,19,13.006162,18.363138,2.469577,-2.761260,1.329649,2.007302
1870395900.000,OLV,recording,shake_phone,19,11.900314,18.412981,6.246668,-2.678090,1.231557,1.197938
1870395910.000,OLV,recording,shake_phone,19,9.803470,18.048045,9.329358,-2.198598,1.015823,0.465606
1870395920.000,OLV,recording,shake_phone,19,7.943173,17.395255,10.775607,-1.400630,0.695487,-0.148362
1870395930.000,OLV,recording,shake_phone,19,6.750866,16.437442,10.304934,-0.460618,0.307952,-0.677091
1870395940.000,OLV,recording,shake_phone,19,5.778744,15.254835,8.398267,0.417096,-0.085609,-1.157057
1870395950.000,OLV,recording,shake_phone,19,4.909130,13.973219,6.069760,1.091178,-0.418901,-1.597592
1870395960.000,OLV,recording,shake_phone,19,3.861781,12.674198,3.949680,1.516659,-0.648959,-1.985159
1870395970.000,OLV,recording,shake_phone,19,2.566593,11.448151,2.225863,1.703787,-0.771032,-2.295306
1870395980.000,OLV,recording,shake_phone,19,1.337559,10.219520,1.090688,1.697438,-0.802790,-2.517375
1870395990.000,OLV,recording,shake_phone,19,0.134318,8.983396,0.572786,1.573737,-0.761738,-2.661234
1870396000.000,OLV,recording,shake_phone,19,-1.243666,7.723468,0.485678,1.405535,-0.666182,-2.734689
1870396010.000,OLV,recording,shake_phone,19,-2.781280,6.509804,0.521835,1.239543,-0.531530,-2.733269
1870396020.000,OLV,recording,shake_phone,19,-4.433675,5.332692,0.455772,1.089901,-0.378006,-2.656799
1870396030.000,OLV,recording,shake_phone,19,-6.235860,4.136399,0.302661,0.949707,-0.236536,-2.504320
1870396040.000,OLV,recording,shake_phone,19,-8.071419,3.018190,0.198580,0.818144,-0.130109,-2.261763
1870396050.000,OLV,recording,shake_phone,19,-9.564301,1.964598,0.196815,0.707214,-0.064073,-1.920776
1870396060.000,OLV,recording,shake_phone,19,-10.496834,1.036694,0.213589,0.625128,-0.037066,-1.500843
1870396070.000,OLV,recording,shake_phone,19,-10.940668,0.258290,0.166223,0.566257,-0.040394,-1.046806
1870396080.000,OLV,recording,shake_phone,19,-11.238261,-0.378781,0.033746,0.514491,-0.049314,-0.595240
1870396090.000,OLV,recording,shake_phone,19,-11.593964,-0.889337,-0.185577,0.451815,-0.040273,-0.145163
1870396100.000,OLV,recording,shake_phone,19,-11.871157,-1.218918,-0.385610,0.372784,-0.003206,0.325873
1870396110.000,OLV,recording,shake_phone,19,-12.192655,-1.177367,-0.509238,0.286132,0.061324,0.845222
1870396120.000,OLV,recording,shake_phone,19,-12.348342,-0.721201,-0.768611,0.187737,0.139500,1.436406
1870396130.000,OLV,recording,shake_phone,19,-11.795330,0.235926,-1.260817,0.051749,0.217026,2.091903
1870396140.000,OLV,recording,shake_phone,19,-10.512198,1.728500,-1.944358,-0.152990,0.300277,2.786047
1870396150.000,OLV,recording,shake_phone,19,-8.373517,3.454593,-2.741216,-0.455910,0.414322,3.486926
1870396160.000,OLV,recording,shake_phone,19,-5.034811,5.255536,-3.542528,-0.884249,0.604649,4.123023
1870396170.000,OLV,recording,shake_phone,19,-0.806621,7.302008,-4.105417,-1.459081,0.925948,4.594816
1870396180.000,OLV,recording,shake_phone,19,3.265450,9.556365,-4.171427,-2.194292,1.412476,4.844068
1870396190.000,OLV,recording,shake_phone,19,6.475572,11.547267,-3.620870,-3.088546,2.047883,4.879892
1870396200.000,OLV,recording,shake_phone,19,8.841525,12.916780,-2.254501,-4.093408,2.743752,4.727615
1870396210.000,OLV,recording,shake_phone,19,10.323008,13.661087,0.176169,-5.093450,3.398623,4.408675
1870396220.000,OLV,recording,shake_phone,19,10.699563,13.737088,3.646505,-5.934754,3.951178,3.958663
1870396230.000,OLV,recording,shake_phone,19,10.024179,13.126849,7.825392,-6.465343,4.358928,3.417375
1870396240.000,OLV,recording,shake_phone,19,8.441317,12.153593,12.191762,-6.543644,4.566489,2.830546
1870396250.000,OLV,recording,shake_phone,19,6.350218,11.197001,15.883643,-6.069610,4.518026,2.264450
1870396260.000,OLV,recording,shake_phone,19,4.324427,10.359483,17.890576,-5.114868,4.230778,1.799221
1870396270.000,OLV,recording,shake_phone,19,2.859796,9.540889,17.641755,-3.899827,3.795893,1.460554
1870396280.000,OLV,recording,shake_phone,19,1.846342,8.776933,15.392126,-2.672567,3.301015,1.209648
1870396290.000,OLV,recording,shake_phone,19,0.891900,8.069173,12.374777,-1.631790,2.815608,1.017283
1870396300.000,OLV,recording,shake_phone,19,-0.002152,7.266740,9.744259,-0.848117,2.400660,0.881169
1870396310.000,OLV,recording,shake_phone,19,-0.946023,6.428232,7.624990,-0.303978,2.095475,0.817195
1870396320.000,OLV,recording,shake_phone,19,-2.040965,5.767251,5.769250,0.034045,1.923829,0.845064
1870396330.000,OLV,recording,shake_phone,19,-3.040034,5.215068,4.000696,0.186180,1.889507,0.966062
1870396340.000,OLV,recording,shake_phone,19,-3.684222,4.645712,2.472052,0.171303,1.959259,1.157264
1870396350.000,OLV,recording,shake_phone,19,-4.017463,4.087848,1.416527,0.025431,2.082627,1.382790
1870396360.000,OLV,recording,shake_phone,19,-4.111766,3.637621,0.872902,-0.194788,2.205689,1.612789
1870396370.000,OLV,recording,shake_phone,19,-4.094774,3.332511,0.713404,-0.425810,2.262814,1.838233
1870396380.000,OLV,recording,shake_phone,19,-4.056710,3.194405,0.665286,-0.632260,2.211573,2.065685
1870396390.000,OLV,recording,shake_phone,19,-3.914290,3.191326,0.341413,-0.837580,2.079478,2.301386
1870396400.000,OLV,recording,shake_phone,19,-3.594785,3.141846,-0.312972,-1.115343,1.934328,2.539615
1870396410.000,OLV,recording,shake_phone,19,-2.959024,2.901769,-0.905456,-1.535993,1.836829,2.761835
1870396420.000,OLV,recording,shake_phone,19,-1.910142,2.508145,-0.773977,-2.105404,1.812798,2.936255
1870396430.000,OLV,recording,shake_phone,19,-0.759614,2.173259,0.414649,-2.746569,1.844380,3.031389
1870396440.000,OLV,recording,shake_phone,19,0.135196,2.081681,2.293478,-3.342078,1.903126,3.043664
1870396450.000,OLV,recording,shake_phone,19,0.799741,2.101886,4.350817,-3.811619,1.965095,2.993871
1870396460.000,OLV,recording,shake_phone,19,1.576113,2.171121,6.350974,-4.144370,2.018116,2.893688
1870396470.000,OLV,recording,shake_phone,19,2.547540,2.314740,8.308178,-4.349253,2.070820,2.730291
1870396480.000,OLV,recording,shake_phone,19,3.476435,2.529163,10.148356,-4.418956,2.112237,2.481173
1870396490.000,OLV,recording,shake_phone,19,4.157633,2.893469,11.719419,-4.340020,2.061903,2.130010
1870396500.000,OLV,recording,shake_phone,19,4.210722,3.252861,13.077680,-4.097145,1.835493,1.694091
1870396510.000,OLV,recording,shake_phone,19,3.458199,3.335925,14.384447,-3.688826,1.441675,1.244765
1870396520.000,OLV,recording,shake_phone,19,2.420900,3.264961,15.534459,-3.144601,0.965821,0.862133
1870396530.000,OLV,recording,shake_phone,19,1.707159,3.317538,15.889189,-2.536891,0.516927,0.593658
1870396540.000,OLV,recording,shake_phone,19,1.484328,3.404195,15.236060,-1.998979,0.141662,0.442403
1870396550.000,OLV,recording,shake_phone,19,1.602006,3.317573,13.937906,-1.638005,-0.234987,0.396455
1870396560.000,OLV,recording,shake_phone,19,1.136323,2.635814,12.450199,-1.438874,-0.757560,0.505852
1870396570.000,OLV,recording,shake_phone,19,0.275977,1.998523,11.570251,-1.299600,-1.486590,0.805705
1870396580.000,OLV,recording,shake_phone,19,-0.004933,2.094572,11.348468,-1.158613,-2.258768,1.217498
1870396590.000,OLV,recording,shake_phone,19,0.842245,2.819751,11.571259,-1.134439,-2.651300,1.569449
1870396600.000,OLV,recording,shake_phone,19,2.273750,3.612268,12.399264,-1.302631,-2.427914,1.722260
1870396610.000,OLV,recording,shake_phone,19,3.589687,3.809244,13.268013,-1.499816,-1.759636,1.691138
1870396620.000,OLV,recording,shake_phone,19,5.071335,3.630326,14.278030,-1.512179,-0.925536,1.567884
1870396630.000,OLV,recording,shake_phone,19,5.887429,3.056446,15.495195,-1.234440,-0.185509,1.421124
1870396640.000,OLV,recording,shake_phone,19,5.827355,2.688141,16.100537,-0.708622,0.278676,1.277217
1870396650.000,OLV,recording,shake_phone,19,5.308519,2.505913,16.037612,-0.042030,0.404269,1.139687
1870396660.000,OLV,recording,shake_phone,19,4.711692,2.405742,15.240418,0.672956,0.278239,1.010852
1870396670.000,OLV,recording,shake_phone,19,4.057987,2.428438,13.851078,1.351003,0.041357,0.894800
1870396680.000,OLV,recording,shake_phone,19,3.235841,2.611720,12.200752,1.905816,-0.213659,0.802567
1870396690.000,OLV,recording,shake_phone,19,2.262281,2.853909,10.364682,2.274103,-0.417688,0.754978
1870396700.000,OLV,recording,shake_phone,19,1.368158,2.986359,8.623531,2.435036,-0.511565,0.778416
1870396710.000,OLV,recording,shake_phone,19,0.685276,2.891363,7.213347,2.408263,-0.484038,0.891202
1870396720.000,OLV,recording,shake_phone,19,0.194912,2.562974,6.170017,2.247180,-0.344703,1.091424
1870396730.000,OLV,recording,shake_phone,19,0.028454,2.165286,5.455237,2.005062,-0.079403,1.365478
1870396740.000,OLV,recording,shake_phone,19,0.379507,1.900015,4.598151,1.679877,0.302266,1.688955
1870396750.000,OLV,recording,shake_phone,19,1.045776,1.962314,3.208442,1.211179,0.689375,1.992831
1870396760.000,OLV,recording,shake_phone,19,1.536902,2.193868,1.780085,0.564440,0.973077,2.171815
1870396770.000,OLV,recording,shake_phone,19,2.054781,2.443398,1.249585,-0.191091,1.167678,2.183649
1870396780.000,OLV,recording,shake_phone,19,2.637775,2.657918,2.092460,-0.905528,1.227691,2.080509
1870396790.000,OLV,recording,shake_phone,19,2.662446,2.715856,4.061284,-1.420012,1.026924,1.958215
1870396800.000,OLV,recording,shake_phone,19,2.166304,2.834115,5.197971,-1.678792,0.677488,1.920241
1870396810.000,OLV,recording,shake_phone,19,1.850249,2.891664,5.225057,-1.807376,0.356048,1.979193
1870396820.000,OLV,recording,shake_phone,19,2.283911,2.763679,5.930295,-1.965060,0.111962,2.056361
1870396830.000,OLV,recording,shake_phone,19,3.377430,2.393297,7.237357,-2.159095,0.071452,2.087958
1870396840.000,OLV,recording,shake_phone,19,4.665041,1.920854,8.403046,-2.332864,0.326162,2.021070
1870396850.000,OLV,recording,shake_phone,19,5.523485,1.642418,8.843907,-2.502115,0.818036,1.821210
1870396860.000,OLV,recording,shake_phone,19,5.757976,1.437720,8.722849,-2.713107,1.391746,1.524700
1870396870.000,OLV,recording,shake_phone,19,6.039693,1.233608,8.809947,-2.960172,1.781878,1.214311
1870396880.000,OLV,recording,shake_phone,19,7.055842,0.688486,10.692880,-3.118779,1.669784,0.896749
1870396890.000,OLV,recording,shake_phone,19,7.674299,0.478687,14.128853,-2.918316,1.047798,0.517332
1870396900.000,OLV,recording,shake_phone,19,6.256477,1.650917,16.470967,-2.182551,0.355494,0.149592
1870396910.000,OLV,recording,shake_phone,19,4.250425,2.800905,16.222997,-1.141683,-0.160418,-0.066068
1870396920.000,OLV,recording,shake_phone,19,3.517080,2.424194,13.676432,-0.241381,-0.550561,-0.134337
1870396930.000,OLV,recording,shake_phone,19,3.547191,1.388594,10.449295,0.255817,-0.772445,-0.162623
1870396940.000,OLV,recording,shake_phone,19,3.671103,0.627135,8.183854,0.331733,-0.796475,-0.198253
1870396950.000,OLV,recording,shake_phone,19,4.075422,0.279604,7.488525,0.099552,-0.694062,-0.234792
1870396960.000,OLV,recording,shake_phone,19,5.144012,0.272985,8.591523,-0.264681,-0.489239,-0.291893
1870396970.000,OLV,recording,shake_phone,19,5.897331,0.352464,10.951753,-0.628083,-0.026343,-0.381356
1870396980.000,OLV,recording,shake_phone,19,4.853213,0.452035,12.005575,-0.981941,0.586878,-0.482431
1870396990.000,OLV,recording,shake_phone,19,3.109138,0.734681,11.564181,-1.315863,0.986678,-0.563981
1870397000.000,OLV,recording,shake_phone,19,2.234170,0.919890,11.837094,-1.531046,1.178745,-0.601744
1870397010.000,OLV,recording,shake_phone,19,2.044376,0.830392,12.463912,-1.574002,1.275951,-0.616622
1870397020.000,OLV,recording,shake_phone,19,2.301880,0.598305,12.795602,-1.486729,1.230522,-0.659252
1870397030.000,OLV,recording,shake_phone,19,2.492816,0.263588,12.976059,-1.319792,1.053290,-0.756223
1870397040.000,OLV,recording,shake_phone,19,2.565996,-0.097800,12.907083,-1.103043,0.813301,-0.901156
1870397050.000,OLV,recording,shake_phone,19,2.743119,-0.456658,13.029615,-0.852739,0.543106,-1.076148
1870397060.000,OLV,recording,shake_phone,19,3.099337,-0.927854,13.914988,-0.560489,0.239889,-1.264330
1870397070.000,OLV,recording,shake_phone,19,3.256662,-1.383619,15.124192,-0.210165,-0.055780,-1.448760
1870397080.000,OLV,recording,shake_phone,19,3.219266,-1.795983,16.100276,0.192354,-0.260439,-1.616787
1870397090.000,OLV,recording,shake_phone,19,3.302175,-2.278442,16.610818,0.627082,-0.334993,-1.753237
1870397100.000,OLV,recording,shake_phone,19,3.314188,-2.516063,16.557762,1.079333,-0.276832,-1.832749
1870397110.000,OLV,recording,shake_phone,19,3.217959,-2.427207,16.080326,1.520288,-0.094606,-1.836113
1870397120.000,OLV,recording,shake_phone,19,3.103054,-2.133516,15.620306,1.926132,0.171294,-1.763736
1870397130.000,OLV,recording,shake_phone,19,2.903715,-1.628498,15.427102,2.295928,0.454374,-1.626829
1870397140.000,OLV,recording,shake_phone,19,2.799019,-0.984640,15.144026,2.623995,0.698027,-1.446583
1870397150.000,OLV,recording,shake_phone,19,2.845564,-0.265833,14.551503,2.899477,0.910646,-1.259297
1870397160.000,OLV,recording,shake_phone,19,2.765266,0.390770,13.556566,3.114666,1.148573,-1.099276
1870397170.000,OLV,recording,shake_phone,19,2.515428,0.833097,12.140732,3.265286,1.438719,-0.983905
1870397180.000,OLV,recording,shake_phone,19,2.107671,1.043190,10.495538,3.347778,1.753612,-0.909429
1870397190.000,OLV,recording,shake_phone,19,1.645116,1.083786,8.744916,3.363274,2.031690,-0.857516
1870397200.000,OLV,recording,shake_phone,19,1.326664,1.102971,6.957074,3.317842,2.219245,-0.810240
1870397210.000,OLV,recording,shake_phone,19,1.046378,1.136610,5.311476,3.220708,2.304875,-0.754744
1870397220.000,OLV,recording,shake_phone,19,0.636351,1.168914,3.909126,3.086602,2.305509,-0.682603
1870397230.000,OLV,recording,shake_phone,19,0.069258,1.151958,2.783358,2.942803,2.244800,-0.585116
1870397240.000,OLV,recording,shake_phone,19,-0.721152,0.966088,2.031655,2.822474,2.161885,-0.453985
1870397250.000,OLV,recording,shake_phone,19,-0.853439,0.474447,1.289713,2.741010,2.102858,-0.310858
1870397260.000,OLV,recording,shake_phone,19,-0.350344,0.025743,0.548698,2.674436,2.037265,-0.202421
1870397270.000,OLV,recording,shake_phone,19,-0.313089,0.050440,-0.136336,2.537900,1.792937,-0.150723
1870397280.000,OLV,recording,shake_phone,19,-0.587491,0.384392,-0.972395,2.230941,1.205753,-0.149338
1870397290.000,OLV,recording,shake_phone,19,-0.908957,0.751768,-1.236226,1.789227,0.385652,-0.170405
1870397300.000,OLV,recording,shake_phone,19,-0.968436,0.938287,-0.722609,1.371180,-0.362003,-0.164242
1870397310.000,OLV,recording,shake_phone,19,-0.962777,1.083569,-0.309007,1.056056,-0.897727,-0.118332
1870397320.000,OLV,recording,shake_phone,19,-1.133456,1.418610,-0.353076,0.796336,-1.312882,-0.067154
1870397330.000,OLV,recording,shake_phone,19,-1.491014,2.006317,-0.610926,0.502100,-1.764156,-0.034444
1870397340.000,OLV,recording,shake_phone,19,-2.076210,2.892007,-1.034189,0.075451,-2.361740,-0.019339
1870397350.000,OLV,recording,shake_phone,19,-2.684802,3.824629,-1.389003,-0.566972,-2.995614,-0.013723
1870397360.000,OLV,recording,shake_phone,19,-3.147394,4.319899,-1.173121,-1.422479,-3.306777,0.007431
1870397370.000,OLV,recording,shake_phone,19,-3.864174,4.023675,0.996035,-2.363148,-2.995219,0.126382
1870397380.000,OLV,recording,shake_phone,19,-5.029461,3.263856,5.858033,-3.238703,-2.009208,0.461962
1870397390.000,OLV,recording,shake_phone,19,-3.144809,2.540214,8.773104,-4.060567,-1.001860,0.991914
1870397400.000,OLV,recording,shake_phone,19,0.791009,1.601561,12.003478,-4.706175,-0.633284,1.499980
1870397410.000,OLV,recording,shake_phone,19,3.317507,0.927669,16.655486,-4.960178,-0.578795,1.755643
1870397420.000,OLV,recording,shake_phone,19,5.651576,1.074533,18.250593,-4.863094,-0.360813,1.692012
1870397430.000,OLV,recording,shake_phone,19,6.910169,1.587386,19.610093,-4.547272,0.017693,1.425660
1870397440.000,OLV,recording,shake_phone,19,6.571091,2.716265,20.375274,-4.089694,0.387044,1.120335
1870397450.000,OLV,recording,shake_phone,19,4.986411,3.836945,21.003427,-3.513526,0.644025,0.867750
1870397460.000,OLV,recording,shake_phone,19,3.468018,4.222593,21.041915,-2.858023,0.697012,0.664389
1870397470.000,OLV,recording,shake_phone,19,2.479980,4.050162,20.805627,-2.177469,0.533803,0.454990
1870397480.000,OLV,recording,shake_phone,19,1.839638,3.838786,21.337572,-1.532391,0.218955,0.178657
1870397490.000,OLV,recording,shake_phone,19,1.678633,3.938404,22.352249,-0.959687,-0.148071,-0.177890
1870397500.000,OLV,recording,shake_phone,19,2.392714,3.750420,22.953453,-0.445044,-0.406514,-0.571250
1870397510.000,OLV,recording,shake_phone,19,3.503126,2.935239,22.942966,0.058109,-0.425811,-0.958086
1870397520.000,OLV,recording,shake_phone,19,4.024960,1.615126,22.069959,0.579268,-0.252721,-1.292005
1870397530.000,OLV,recording,shake_phone,19,3.644912,0.362637,20.414888,1.105323,-0.030988,-1.497543
1870397540.000,OLV,recording,shake_phone,19,2.617191,-0.375694,18.455696,1.614868,0.194557,-1.516215
1870397550.000,OLV,recording,shake_phone,19,1.474260,-0.808410,16.374927,2.097678,0.468939,-1.342470
1870397560.000,OLV,recording,shake_phone,19,0.715993,-1.048796,14.083937,2.536121,0.806298,-1.024425
1870397570.000,OLV,recording,shake_phone,19,0.535558,-0.939792,11.619096,2.908783,1.155821,-0.651596
1870397580.000,OLV,recording,shake_phone,19,0.857895,-0.518784,9.014384,3.193064,1.438296,-0.323942
1870397590.000,OLV,recording,shake_phone,19,1.285570,-0.063032,6.498978,3.371819,1.620152,-0.108295
1870397600.000,OLV,recording,shake_phone,19,1.454262,0.287816,4.376870,3.444696,1.712777,-0.019128
1870397610.000,OLV,recording,shake_phone,19,1.296299,0.526040,2.620976,3.418667,1.728949,-0.032016
1870397620.000,OLV,recording,shake_phone,19,0.924319,0.640257,1.168116,3.292382,1.669816,-0.106796
1870397630.000,OLV,recording,shake_phone,19,0.419709,0.622133,-0.071735,3.056857,1.534074,-0.200158
1870397640.000,OLV,recording,shake_phone,19,-0.177649,0.521776,-1.041734,2.722167,1.355677,-0.270526
1870397650.000,OLV,recording,shake_phone,19,-0.760350,0.413512,-1.626906,2.334487,1.201402,-0.286395
1870397660.000,OLV,recording,shake_phone,19,-1.093227,0.278215,-1.651591,1.950212,1.107650,-0.240471
1870397670.000,OLV,recording,shake_phone,19,-0.687485,-0.038985,-0.960733,1.604800,1.044505,-0.156352
1870397680.000,OLV,recording,shake_phone,19,-0.211430,-0.360645,-0.346750,1.320119,0.997897,-0.070115
1870397690.000,OLV,recording,shake_phone,19,-0.275918,-0.414673,-0.255764,1.093545,0.983730,-0.001007
1870397700.000,OLV,recording,shake_phone,19,-0.374115,-0.333605,-0.276452,0.889749,0.978802,0.042832
1870397710.000,OLV,recording,shake_phone,19,-0.497330,-0.188018,-0.446336,0.658868,0.913319,0.049671
1870397720.000,OLV,recording,shake_phone,19,-0.713312,0.115337,-0.734509,0.343524,0.683442,0.013605
1870397730.000,OLV,recording,shake_phone,19,-1.154534,0.682704,-1.089196,-0.106616,0.193671,-0.055328
1870397740.000,OLV,recording,shake_phone,19,-1.948153,1.569515,-1.251469,-0.698712,-0.573139,-0.111176
1870397750.000,OLV,recording,shake_phone,19,-3.169395,2.707612,-0.904472,-1.379418,-1.527773,-0.083688
1870397760.000,OLV,recording,shake_phone,19,-4.214073,3.711573,0.454399,-2.096214,-2.405571,0.052521
1870397770.000,OLV,recording,shake_phone,19,-4.406776,4.244565,4.460333,-2.776467,-2.795127,0.244549
1870397780.000,OLV,recording,shake_phone,19,-2.489040,4.057038,8.830076,-3.227467,-2.832782,0.419723
1870397790.000,OLV,recording,shake_phone,19,1.737315,3.213344,8.948724,-3.426990,-2.749551,0.501912
1870397800.000,OLV,recording,shake_phone,19,3.974224,3.037659,9.966126,-3.507721,-2.534502,0.473032
1870397810.000,OLV,recording,shake_phone,19,3.683936,3.727551,12.849125,-3.515836,-2.360042,0.390550
1870397820.000,OLV,recording,shake_phone,19,3.753214,4.499517,14.405992,-3.484062,-2.241129,0.276529
1870397830.000,OLV,recording,shake_phone,19,4.149562,5.354741,16.771296,-3.405004,-2.135471,0.116061
1870397840.000,OLV,recording,shake_phone,19,4.857207,5.859203,19.172377,-3.241743,-2.023066,-0.093108
1870397850.000,OLV,recording,shake_phone,19,5.339286,5.686647,21.404381,-2.960357,-1.834729,-0.326295
1870397860.000,OLV,recording,shake_phone,19,5.458583,4.863552,22.773945,-2.555965,-1.516540,-0.548895
1870397870.000,OLV,recording,shake_phone,19,5.030986,3.701724,23.592273,-2.056938,-1.105985,-0.726710
1870397880.000,OLV,recording,shake_phone,19,4.205136,2.577556,24.068015,-1.506288,-0.704511,-0.828626
1870397890.000,OLV,recording,shake_phone,19,3.649228,1.804307,24.054953,-0.942262,-0.368116,-0.848307
1870397900.000,OLV,recording,shake_phone,19,3.762207,1.327618,23.669896,-0.396794,-0.086978,-0.818470
1870397910.000,OLV,recording,shake_phone,19,3.974550,0.993489,23.194941,0.103491,0.138412,-0.789830
1870397920.000,OLV,recording,shake_phone,19,3.823915,0.794053,22.432057,0.551500,0.299847,-0.790521
1870397930.000,OLV,recording,shake_phone,19,3.519083,0.643312,21.061943,0.954516,0.454635,-0.806852
1870397940.000,OLV,recording,shake_phone,19,3.248119,0.447362,18.962649,1.310250,0.679150,-0.803624
1870397950.000,OLV,recording,shake_phone,19,2.957458,0.324112,16.306400,1.602041,0.990606,-0.755491
1870397960.000,OLV,recording,shake_phone,19,2.491032,0.300587,13.474140,1.803660,1.345358,-0.658654
1870397970.000,OLV,recording,shake_phone,19,2.000077,0.351716,10.631304,1.908355,1.679894,-0.518975
1870397980.000,OLV,recording,shake_phone,19,1.755506,0.456386,7.971726,1.947394,1.947734,-0.357508
1870397990.000,OLV,recording,shake_phone,19,1.753761,0.516969,5.469128,1.961959,2.115753,-0.212213
1870398000.000,OLV,recording,shake_phone,19,1.695151,0.440746,2.901666,1.977492,2.148722,-0.113240
1870398010.000,OLV,recording,shake_phone,19,1.391729,0.346186,0.603284,1.998526,2.034022,-0.081646
1870398020.000,OLV,recording,shake_phone,19,0.937069,0.083851,-0.541811,2.023533,1.829143,-0.120070
1870398030.000,OLV,recording,shake_phone,19,0.449611,-0.167582,-0.532928,2.048938,1.634868,-0.184976
1870398040.000,OLV,recording,shake_phone,19,0.127933,-0.191545,-0.153422,2.067039,1.505465,-0.226476
1870398050.000,OLV,recording,shake_phone,19,0.063908,-0.233052,0.054522,2.077136,1.435969,-0.238393
1870398060.000,OLV,recording,shake_phone,19,0.063000,-0.245772,0.047867,2.082651,1.404299,-0.235629
1870398070.000,OLV,recording,shake_phone,19,0.073709,-0.255600,0.066180,2.085499,1.388075,-0.228342
1870398080.000,OLV,recording,shake_phone,19,0.067797,-0.251899,0.053900,2.086432,1.378104,-0.218409
1870398090.000,OLV,recording,shake_phone,19,0.074052,-0.260668,0.065069,2.086973,1.372104,-0.206984
1870398100.000,OLV,recording,shake_phone,19,0.068062,-0.247310,0.060685,2.085526,1.364893,-0.195737
1870398110.000,OLV,recording,shake_phone,19,-0.010816,-0.174197,-0.053308,2.029900,1.264907,-0.181330
1870398120.000,OLV,recording,shake_phone,19,-0.498930,0.379603,-1.135673,1.667448,0.632705,-0.179801
1870398130.000,OLV,recording,shake_phone,19,-1.646907,1.828079,-2.834136,0.697256,-1.048793,-0.235603
1870398140.000,OLV,recording,shake_phone,19,-3.075843,3.560351,-2.253042,-0.577138,-3.236256,-0.282226
1870398150.000,OLV,recording,shake_phone,19,-4.127623,4.540336,-0.441707,-1.719373,-4.739280,-0.219423
1870398160.000,OLV,recording,shake_phone,19,-5.332899,4.188397,5.846963,-2.730729,-4.850892,-0.085173
1870398170.000,OLV,recording,shake_phone,19,-5.149610,2.913366,14.627489,-3.299408,-4.152424,0.163110
1870398180.000,OLV,recording,shake_phone,19,0.418137,1.490484,11.858869,-3.428029,-3.422343,0.524288
1870398190.000,OLV,recording,shake_phone,19,3.405079,1.406538,10.448972,-3.375140,-2.568726,0.862305
1870398200.000,OLV,recording,shake_phone,19,1.410386,1.928704,13.668800,-3.109546,-1.583202,1.107251
1870398210.000,OLV,recording,shake_phone,19,1.365221,1.789664,12.093562,-2.732203,-0.643106,1.230878
1870398220.000,OLV,recording,shake_phone,19,1.422134,2.068719,12.378780,-2.293085,0.048086,1.232295
1870398230.000,OLV,recording,shake_phone,19,1.653776,2.486082,11.965343,-1.800964,0.404728,1.130818
1870398240.000,OLV,recording,shake_phone,19,1.478520,3.144843,11.505900,-1.281341,0.448816,0.970115
1870398250.000,OLV,recording,shake_phone,19,1.240938,3.781968,10.910298,-0.775483,0.240457,0.781313
1870398260.000,OLV,recording,shake_phone,19,1.235716,4.333846,10.562670,-0.320490,-0.162913,0.568382
1870398270.000,OLV,recording,shake_phone,19,1.502949,4.888627,10.976129,0.022211,-0.752989,0.342735
1870398280.000,OLV,recording,shake_phone,19,1.927724,5.686932,11.699136,0.168429,-1.535047,0.135546
1870398290.000,OLV,recording,shake_phone,19,2.238190,6.521055,12.372598,0.064182,-2.386019,-0.009419
1870398300.000,OLV,recording,shake_phone,19,2.626751,6.993987,13.200378,-0.240882,-3.035026,-0.060304
1870398310.000,OLV,recording,shake_phone,19,3.815218,6.929244,14.822628,-0.628699,-3.274623,-0.035023
1870398320.000,OLV,recording,shake_phone,19,5.760430,6.314562,17.069139,-0.988700,-3.098998,0.005007
1870398330.000,OLV,recording,shake_phone,19,7.483195,5.671561,19.293130,-1.243995,-2.600992,-0.006411
1870398340.000,OLV,recording,shake_phone,19,8.496197,5.387567,21.150196,-1.367380,-1.887097,-0.111797
1870398350.000,OLV,recording,shake_phone,19,8.803908,5.111122,22.424187,-1.367649,-1.081773,-0.300740
1870398360.000,OLV,recording,shake_phone,19,8.523407,4.544218,22.789705,-1.264370,-0.311972,-0.517419
1870398370.000,OLV,recording,shake_phone,19,7.850070,3.672995,22.234078,-1.079933,0.330158,-0.694355
1870398380.000,OLV,recording,shake_phone,19,6.814402,2.638779,21.118962,-0.834121,0.824040,-0.776388
1870398390.000,OLV,recording,shake_phone,19,5.655309,1.528352,19.646342,-0.537677,1.216438,-0.749248
1870398400.000,OLV,recording,shake_phone,19,4.957221,0.541833,17.770245,-0.198658,1.572290,-0.644467
1870398410.000,OLV,recording,shake_phone,19,4.659120,-0.113299,15.465673,0.162722,1.917003,-0.507117
1870398420.000,OLV,recording,shake_phone,19,4.315804,-0.398793,12.853874,0.518043,2.209534,-0.375171
1870398430.000,OLV,recording,shake_phone,19,3.787499,-0.334500,10.229762,0.844079,2.387517,-0.275388
1870398440.000,OLV,recording,shake_phone,19,3.287566,-0.066963,7.620457,1.121033,2.425856,-0.224250
1870398450.000,OLV,recording,shake_phone,19,2.948053,0.255496,5.165241,1.339800,2.330794,-0.229578
1870398460.000,OLV,recording,shake_phone,19,2.615439,0.456480,3.066242,1.509950,2.129359,-0.294399
1870398470.000,OLV,recording,shake_phone,19,2.230484,0.361769,1.171459,1.634669,1.871927,-0.418666
1870398480.000,OLV,recording,shake_phone,19,1.637565,0.087926,-0.403352,1.694919,1.606629,-0.577614
1870398490.000,OLV,recording,shake_phone,19,0.830924,-0.157114,-0.826805,1.707615,1.347850,-0.706321
1870398500.000,OLV,recording,shake_phone,19,0.266281,-0.219815,-0.298146,1.711477,1.124609,-0.770630
1870398510.000,OLV,recording,shake_phone,19,0.051009,-0.204844,0.028314,1.716068,0.988262,-0.794399
1870398520.000,OLV,recording,shake_phone,19,0.009753,-0.225292,0.058818,1.721416,0.925331,-0.800205
1870398530.000,OLV,recording,shake_phone,19,0.040824,-0.211441,0.055726,1.726886,0.892083,-0.798807
1870398540.000,OLV,recording,shake_phone,19,0.017702,-0.219800,0.072217,1.731778,0.871777,-0.795057
1870398550.000,OLV,recording,shake_phone,19,0.024139,-0.225040,0.077274,1.736322,0.857191,-0.789508
1870398560.000,OLV,recording,shake_phone,19,0.025965,-0.231708,0.078972,1.741304,0.844860,-0.783728
1870398570.000,OLV,recording,shake_phone,19,0.029593,-0.222804,0.091223,1.745291,0.833208,-0.778447
1870398580.000,OLV,recording,shake_phone,19,0.031615,-0.212542,0.081994,1.748084,0.821329,-0.772797
1870398590.000,OLV,recording,shake_phone,19,0.029119,-0.206457,0.075537,1.750171,0.807793,-0.766330
1870398600.000,OLV,recording,shake_phone,19,0.034592,-0.204190,0.086331,1.751796,0.793053,-0.760391
1870398610.000,OLV,recording,shake_phone,19,-0.013836,-0.129181,-0.137358,1.554433,0.654918,-0.765389
1870398620.000,OLV,recording,shake_phone,19,-0.832904,0.794099,-2.479724,0.470549,-0.067588,-0.792468
1870398630.000,OLV,recording,shake_phone,19,-5.379833,3.285423,4.805384,-1.434957,-1.551360,-0.690627
1870398640.000,OLV,recording,shake_phone,19,-8.782495,5.252292,16.124906,-2.700550,-2.920124,-0.234879
1870398650.000,OLV,recording,shake_phone,19,-3.492181,4.406218,10.273126,-3.084614,-3.025283,0.276997
1870398660.000,OLV,recording,shake_phone,19,1.478003,3.372916,7.760018,-3.170912,-2.045444,0.554496
1870398670.000,OLV,recording,shake_phone,19,2.386229,3.116066,12.227000,-2.946746,-1.114283,0.710300
1870398680.000,OLV,recording,shake_phone,19,3.776784,2.419319,11.433392,-2.552177,-0.710176,0.721813
1870398690.000,OLV,recording,shake_phone,19,3.687456,2.112242,11.300119,-2.102045,-0.650614,0.535538
1870398700.000,OLV,recording,shake_phone,19,2.369036,2.012558,11.261263,-1.643062,-0.770243,0.233116
1870398710.000,OLV,recording,shake_phone,19,0.757912,2.124907,12.069625,-1.184241,-1.022699,-0.037972
1870398720.000,OLV,recording,shake_phone,20,-0.231679,2.358101,12.947895,-0.752849,-1.333502,-0.177081
1870398730.000,OLV,recording,shake_phone,20,-0.176147,2.849762,13.598173,-0.392388,-1.627488,-0.157363
1870398740.000,OLV,recording,shake_phone,20,0.534538,3.550452,14.090400,-0.160606,-1.901667,-0.016266
1870398750.000,OLV,recording,shake_phone,20,1.260130,4.228190,14.055578,-0.115112,-2.141265,0.168620
1870398760.000,OLV,recording,shake_phone,20,1.980297,4.975433,14.073989,-0.248118,-2.251139,0.322064
1870398770.000,OLV,recording,shake_phone,20,2.920176,5.651476,14.567545,-0.491747,-2.164978,0.402404
1870398780.000,OLV,recording,shake_phone,20,3.822831,5.977982,15.551978,-0.772808,-1.910331,0.403206
1870398790.000,OLV,recording,shake_phone,20,4.505826,5.979976,16.684791,-1.017110,-1.544824,0.340868
1870398800.000,OLV,recording,shake_phone,20,4.968633,5.861348,17.717674,-1.163610,-1.128342,0.236240
1870398810.000,OLV,recording,shake_phone,20,5.139650,5.698633,18.628897,-1.182455,-0.723481,0.109789
1870398820.000,OLV,recording,shake_phone,20,5.098630,5.500328,19.322000,-1.078254,-0.391813,-0.016512
1870398830.000,OLV,recording,shake_phone,20,5.056784,5.191945,19.710843,-0.881413,-0.162795,-0.134636
1870398840.000,OLV,recording,shake_phone,20,4.911883,4.851319,19.928738,-0.623287,-0.009271,-0.245839
1870398850.000,OLV,recording,shake_phone,20,4.693068,4.484202,19.901722,-0.333519,0.126458,-0.346699
1870398860.000,OLV,recording,shake_phone,20,4.772574,3.925039,19.578763,-0.048777,0.280596,-0.440142
1870398870.000,OLV,recording,shake_phone,20,5.054885,3.312228,19.113399,0.202217,0.437657,-0.534973
1870398880.000,OLV,recording,shake_phone,20,5.232568,2.740254,18.531252,0.410367,0.583189,-0.634590
1870398890.000,OLV,recording,shake_phone,20,5.112342,2.149854,17.975230,0.578042,0.731933,-0.724277
1870398900.000,OLV,recording,shake_phone,20,4.652181,1.486397,17.047488,0.715289,0.918675,-0.768946
1870398910.000,OLV,recording,shake_phone,20,4.150924,0.810480,15.361364,0.827809,1.177892,-0.742591
1870398920.000,OLV,recording,shake_phone,20,3.755239,0.282679,13.181108,0.914602,1.486747,-0.650591
1870398930.000,OLV,recording,shake_phone,20,3.321239,0.032045,10.786060,0.992697,1.751637,-0.522085
1870398940.000,OLV,recording,shake_phone,20,2.928135,0.084671,8.394332,1.095784,1.891461,-0.403811
1870398950.000,OLV,recording,shake_phone,20,2.664134,0.270536,6.188646,1.250164,1.894925,-0.340843
1870398960.000,OLV,recording,shake_phone,20,2.383021,0.395824,4.129773,1.444406,1.788310,-0.353858
1870398970.000,OLV,recording,shake_phone,20,2.110597,0.498912,2.235975,1.624094,1.613743,-0.452892
1870398980.000,OLV,recording,shake_phone,20,1.874426,0.689037,0.685980,1.735951,1.422349,-0.629690
1870398990.000,OLV,recording,shake_phone,20,1.256664,0.625953,-0.074586,1.779820,1.249702,-0.810647
1870399000.000,OLV,recording,shake_phone,20,0.484315,0.170820,-0.107486,1.799621,1.106108,-0.914815
1870399010.000,OLV,recording,shake_phone,20,0.294016,-0.118328,-0.103359,1.820506,0.958717,-0.944604
1870399020.000,OLV,recording,shake_phone,20,0.265416,-0.185337,-0.074804,1.842524,0.793852,-0.935249
1870399030.000,OLV,recording,shake_phone,20,0.074916,-0.266856,0.028731,1.861456,0.661811,-0.909841
1870399040.000,OLV,recording,shake_phone,20,0.005436,-0.256595,0.062474,1.873762,0.587276,-0.889608
1870399050.000,OLV,recording,shake_phone,20,0.011575,-0.243676,0.063151,1.880957,0.548880,-0.878928
1870399060.000,OLV,recording,shake_phone,20,0.010638,-0.249433,0.069902,1.885143,0.524727,-0.872708
1870399070.000,OLV,recording,shake_phone,20,0.002453,-0.248377,0.063914,1.887864,0.506631,-0.868977
1870399080.000,OLV,recording,shake_phone,20,0.005335,-0.248020,0.072435,1.887317,0.492628,-0.864376
1870399090.000,OLV,recording,shake_phone,20,-0.000777,-0.253656,-0.016579,1.856485,0.501620,-0.854557
1870399100.000,OLV,recording,shake_phone,20,-0.020815,-0.282177,-0.445547,1.711886,0.599401,-0.840221
1870399110.000,OLV,recording,shake_phone,20,0.002043,-0.298289,-0.967407,1.378443,0.852015,-0.832234
1870399120.000,OLV,recording,shake_phone,20,0.089388,-0.164758,-1.460871,0.809797,1.338160,-0.832274
1870399130.000,OLV,recording,shake_phone,20,0.000809,0.409815,-1.949121,-0.099711,1.928577,-0.802140
1870399140.000,OLV,recording,shake_phone,20,-1.349901,2.085747,-1.264732,-1.502633,1.828677,-0.633842
1870399150.000,OLV,recording,shake_phone,20,-5.539434,4.311563,4.973788,-3.001177,0.554299,-0.242632
1870399160.000,OLV,recording,shake_phone,20,-8.289251,4.804587,12.297612,-3.835390,-0.945717,0.247970
1870399170.000,OLV,recording,shake_phone,20,-5.365464,3.355019,9.758782,-4.111024,-1.542590,0.578222
1870399180.000,OLV,recording,shake_phone,20,-1.576226,2.538135,7.431586,-4.195600,-1.495343,0.701291
1870399190.000,OLV,recording,shake_phone,20,-0.088802,2.360015,10.349302,-4.066158,-1.614157,0.739876
1870399200.000,OLV,recording,shake_phone,20,0.896384,1.941366,11.343746,-3.781699,-2.005078,0.702296
1870399210.000,OLV,recording,shake_phone,20,1.449735,2.119679,13.099889,-3.419534,-2.433876,0.557668
1870399220.000,OLV,recording,shake_phone,20,0.933580,2.590696,15.800818,-2.988769,-2.813390,0.363492
1870399230.000,OLV,recording,shake_phone,20,0.497142,3.322688,18.637917,-2.481488,-3.104903,0.209905
1870399240.000,OLV,recording,shake_phone,20,0.810747,4.175016,20.635978,-1.912611,-3.185972,0.127606
1870399250.000,OLV,recording,shake_phone,20,2.014854,4.749901,21.993719,-1.308421,-2.976684,0.086539
1870399260.000,OLV,recording,shake_phone,20,3.572123,4.938080,22.961414,-0.705127,-2.539364,0.035348
1870399270.000,OLV,recording,shake_phone,20,4.854894,4.868996,23.586920,-0.145155,-2.008271,-0.065774
1870399280.000,OLV,recording,shake_phone,20,5.073416,4.784581,24.109498,0.347022,-1.484080,-0.206260
1870399290.000,OLV,recording,shake_phone,20,4.447904,4.762606,24.107445,0.768167,-0.969546,-0.324685
1870399300.000,OLV,recording,shake_phone,20,3.823204,4.677041,23.409720,1.116562,-0.405605,-0.375373
1870399310.000,OLV,recording,shake_phone,20,3.683151,4.449948,22.088913,1.381789,0.233185,-0.364143
1870399320.000,OLV,recording,shake_phone,20,3.958844,4.127817,20.316034,1.550431,0.903396,-0.327249
1870399330.000,OLV,recording,shake_phone,20,4.077522,3.750012,18.446229,1.619085,1.522929,-0.296453
1870399340.000,OLV,recording,shake_phone,20,3.805591,3.462101,16.515621,1.603338,2.012637,-0.281649
1870399350.000,OLV,recording,shake_phone,20,3.495510,3.333897,14.430943,1.528426,2.332880,-0.283979
1870399360.000,OLV,recording,shake_phone,20,3.159582,3.181909,12.547851,1.424419,2.492490,-0.305667
1870399370.000,OLV,recording,shake_phone,20,2.711143,2.914321,11.020300,1.324683,2.537945,-0.336724
1870399380.000,OLV,recording,shake_phone,20,2.255396,2.534774,9.592440,1.249488,2.537620,-0.358003
1870399390.000,OLV,recording,shake_phone,20,1.956347,2.025196,8.069040,1.199972,2.557769,-0.359893
1870399400.000,OLV,recording,shake_phone,20,1.750722,1.494899,6.537416,1.169371,2.621428,-0.344374
1870399410.000,OLV,recording,shake_phone,20,1.529169,1.072858,5.048658,1.151969,2.699518,-0.319647
1870399420.000,OLV,recording,shake_phone,20,1.308019,0.766478,3.613792,1.146347,2.744770,-0.300797
1870399430.000,OLV,recording,shake_phone,20,1.043628,0.545283,2.367645,1.156235,2.712092,-0.301409
1870399440.000,OLV,recording,shake_phone,20,0.641037,0.325081,1.401598,1.182779,2.583608,-0.323628
1870399450.000,OLV,recording,shake_phone,20,0.130603,0.123845,0.802441,1.218668,2.378662,-0.359796
1870399460.000,OLV,recording,shake_phone,20,-0.313610,-0.011846,0.511673,1.251186,2.137604,-0.391699
1870399470.000,OLV,recording,shake_phone,20,-0.677146,-0.110065,0.481666,1.264984,1.905232,-0.396090
1870399480.000,OLV,recording,shake_phone,20,-1.157696,-0.143514,0.631718,1.249182,1.686642,-0.360020
1870399490.000,OLV,recording,shake_phone,20,-1.639996,-0.046439,0.729793,1.199469,1.450608,-0.283793
1870399500.000,OLV,recording,shake_phone,20,-1.934231,0.158854,0.629536,1.104248,1.177413,-0.176447
1870399510.000,OLV,recording,shake_phone,20,-2.173438,0.317046,0.350737,0.936353,0.860440,-0.054076
1870399520.000,OLV,recording,shake_phone,20,-2.351565,0.422733,0.023063,0.686172,0.527336,0.071940
1870399530.000,OLV,recording,shake_phone,20,-2.347570,0.548310,-0.237386,0.387336,0.244031,0.197207
1870399540.000,OLV,recording,shake_phone,20,-2.043131,0.629128,-0.346369,0.080250,0.024905,0.312454
1870399550.000,OLV,recording,shake_phone,20,-1.601795,0.679318,-0.349994,-0.215756,-0.189583,0.404096
1870399560.000,OLV,recording,shake_phone,20,-1.269795,0.847557,-0.254511,-0.496140,-0.443244,0.459207
1870399570.000,OLV,recording,shake_phone,20,-1.053388,1.205156,-0.063734,-0.780485,-0.770665,0.465909
1870399580.000,OLV,recording,shake_phone,20,-1.223925,1.593921,0.019060,-1.124340,-1.255644,0.431969
1870399590.000,OLV,recording,shake_phone,20,-1.733456,1.990917,0.309487,-1.564959,-1.945478,0.388954
1870399600.000,OLV,recording,shake_phone,20,-2.642159,2.466041,2.322895,-2.051815,-2.691358,0.390150
1870399610.000,OLV,recording,shake_phone,20,-3.391117,2.957436,5.592453,-2.502807,-3.232966,0.492590
1870399620.000,OLV,recording,shake_phone,20,-2.564740,3.110781,8.697323,-2.816426,-3.533114,0.699663
1870399630.000,OLV,recording,shake_phone,20,-0.782050,2.934120,11.375266,-2.891848,-3.717729,0.941643
1870399640.000,OLV,recording,shake_phone,20,0.588800,3.195858,13.938680,-2.748776,-3.767589,1.113563
1870399650.000,OLV,recording,shake_phone,20,1.852773,4.167578,16.284705,-2.458230,-3.640990,1.147306
1870399660.000,OLV,recording,shake_phone,20,3.438714,5.394890,17.997993,-2.054912,-3.350432,1.019986
1870399670.000,OLV,recording,shake_phone,20,4.603068,6.593752,19.893941,-1.584128,-2.930340,0.756994
1870399680.000,OLV,recording,shake_phone,20,5.120915,7.451987,21.651326,-1.103652,-2.483901,0.418711
1870399690.000,OLV,recording,shake_phone,20,5.307804,7.601288,22.834281,-0.688196,-2.119270,0.057777
1870399700.000,OLV,recording,shake_phone,20,5.299448,7.219861,23.359264,-0.411173,-1.870234,-0.267998
1870399710.000,OLV,recording,shake_phone,20,4.976502,6.792853,23.987673,-0.264940,-1.632407,-0.508136
1870399720.000,OLV,recording,shake_phone,20,4.822108,6.431181,24.812920,-0.165861,-1.241688,-0.648784
1870399730.000,OLV,recording,shake_phone,20,5.057451,5.872393,25.314386,-0.030105,-0.597298,-0.717706
1870399740.000,OLV,recording,shake_phone,20,5.276982,5.090482,24.848341,0.185239,0.296055,-0.748362
1870399750.000,OLV,recording,shake_phone,20,5.248114,4.201309,23.039694,0.469774,1.313003,-0.752342
1870399760.000,OLV,recording,shake_phone,20,4.774096,3.425984,20.342738,0.779040,2.266913,-0.737004
1870399770.000,OLV,recording,shake_phone,20,4.083354,2.885254,17.368213,1.074321,3.021097,-0.712274
1870399780.000,OLV,recording,shake_phone,20,3.563159,2.442049,14.316866,1.330401,3.521251,-0.691355
1870399790.000,OLV,recording,shake_phone,20,3.199460,2.060749,11.374821,1.534887,3.760025,-0.695214
1870399800.000,OLV,recording,shake_phone,20,2.738541,1.758991,8.695267,1.690474,3.750318,-0.737833
1870399810.000,OLV,recording,shake_phone,20,2.061687,1.489238,6.376068,1.801506,3.534646,-0.813262
1870399820.000,OLV,recording,shake_phone,20,1.243479,1.209809,4.538693,1.863731,3.187582,-0.895817
1870399830.000,OLV,recording,shake_phone,20,0.477869,0.916291,3.126177,1.871480,2.787350,-0.955653
1870399840.000,OLV,recording,shake_phone,20,-0.109067,0.591369,2.008955,1.824715,2.400773,-0.973393
1870399850.000,OLV,recording,shake_phone,20,-0.424622,0.236460,1.070149,1.725542,2.079093,-0.943381
1870399860.000,OLV,recording,shake_phone,20,-0.461613,-0.073064,0.224507,1.572439,1.847661,-0.876716
1870399870.000,OLV,recording,shake_phone,20,-0.399118,-0.339289,-0.489171,1.369093,1.703473,-0.793332
1870399880.000,OLV,recording,shake_phone,20,-0.363087,-0.530200,-0.885093,1.136794,1.619355,-0.707974
1870399890.000,OLV,recording,shake_phone,20,-0.205640,-0.582968,-0.756125,0.914783,1.547934,-0.632440
1870399900.000,OLV,recording,shake_phone,20,0.154209,-0.663605,-0.271007,0.746466,1.466732,-0.588133
1870399910.000,OLV,recording,shake_phone,20,0.255389,-0.771389,-0.055480,0.642317,1.379022,-0.594439
1870399920.000,OLV,recording,shake_phone,20,0.177703,-0.637324,-0.026030,0.583405,1.284076,-0.653371
1870399930.000,OLV,recording,shake_phone,20,0.050025,-0.440650,0.111842,0.552877,1.163976,-0.746655
1870399940.000,OLV,recording,shake_phone,20,-0.403037,-0.266252,0.111424,0.515776,0.973056,-0.828649
1870399950.000,OLV,recording,shake_phone,20,-2.243314,0.242024,-0.467366,0.381572,0.682440,-0.803923
1870399960.000,OLV,recording,shake_phone,20,-5.245354,1.006207,-1.429824,0.047103,0.277506,-0.579487
1870399970.000,OLV,recording,shake_phone,20,-6.144374,1.251876,-1.687993,-0.488427,-0.307239,-0.231739
1870399980.000,OLV,recording,shake_phone,20,-4.903778,1.120690,-1.252834,-1.132245,-1.143309,0.077116
1870399990.000,OLV,recording,shake_phone,20,-3.653819,1.402624,-0.320355,-1.785985,-2.250379,0.286454
1870400000.000,OLV,recording,shake_phone,20,-2.676822,1.943882,0.900127,-2.402611,-3.554924,0.404635
1870400010.000,OLV,recording,shake_phone,20,-2.122264,2.343248,1.735569,-3.009348,-4.599736,0.465360
1870400020.000,OLV,recording,shake_phone,20,-2.824947,2.893866,6.170785,-3.629159,-4.667928,0.576558
1870400030.000,OLV,recording,shake_phone,20,-2.411129,3.701153,13.833219,-4.012846,-4.380076,0.850978
1870400040.000,OLV,recording,shake_phone,20,1.839958,3.529073,17.654065,-3.893358,-4.383908,1.108289
1870400050.000,OLV,recording,shake_phone,20,4.641174,2.659730,18.093014,-3.413987,-4.003472,1.057485
1870400060.000,OLV,recording,shake_phone,20,4.284178,2.961447,19.115938,-2.765603,-3.111789,0.764051
1870400070.000,OLV,recording,shake_phone,20,3.261829,4.460749,21.850417,-1.932951,-2.122286,0.465475
1870400080.000,OLV,recording,shake_phone,20,1.915595,5.588403,23.854658,-0.934127,-1.264670,0.227213
1870400090.000,OLV,recording,shake_phone,20,1.422446,5.768936,24.511485,0.059299,-0.713859,-0.007196
1870400100.000,OLV,recording,shake_phone,20,0.944720,5.558247,23.918285,0.810128,-0.614098,-0.251739
1870400110.000,OLV,recording,shake_phone,20,0.236810,5.570637,22.275011,1.200668,-0.766570,-0.439134
1870400120.000,OLV,recording,shake_phone,20,0.031126,5.565533,21.577375,1.293905,-0.810893,-0.513982
1870400130.000,OLV,recording,shake_phone,20,0.922478,4.997540,21.519972,1.215832,-0.580664,-0.505125
1870400140.000,OLV,recording,shake_phone,20,1.817730,4.189396,21.349117,1.090951,-0.053968,-0.469951
1870400150.000,OLV,recording,shake_phone,20,2.166124,3.607032,20.668613,1.007386,0.691678,-0.433533
1870400160.000,OLV,recording,shake_phone,20,2.250836,3.136197,19.161990,1.001163,1.497242,-0.401359
1870400170.000,OLV,recording,shake_phone,20,2.132987,2.652642,16.969901,1.068948,2.194008,-0.382630
1870400180.000,OLV,recording,shake_phone,20,2.003503,2.259812,14.550884,1.198722,2.662319,-0.391454
1870400190.000,OLV,recording,shake_phone,20,1.841567,1.924059,12.093533,1.383492,2.857605,-0.433541
1870400200.000,OLV,recording,shake_phone,20,1.562659,1.523611,9.549368,1.599517,2.796642,-0.501086
1870400210.000,OLV,recording,shake_phone,20,1.105063,1.148002,7.053160,1.795657,2.535982,-0.578226
1870400220.000,OLV,recording,shake_phone,20,0.568091,0.923031,4.896071,1.911276,2.169970,-0.646440
1870400230.000,OLV,recording,shake_phone,20,0.288052,0.821648,3.224024,1.902873,1.807534,-0.697627
1870400240.000,OLV,recording,shake_phone,20,0.412288,0.697225,1.955977,1.768961,1.531515,-0.739267
1870400250.000,OLV,recording,shake_phone,20,0.577103,0.440029,0.953678,1.543238,1.349868,-0.775463
1870400260.000,OLV,recording,shake_phone,20,0.400043,0.053926,0.174189,1.280784,1.209369,-0.793759
1870400270.000,OLV,recording,shake_phone,20,-0.042370,-0.364761,-0.361964,1.042235,1.048287,-0.776031
1870400280.000,OLV,recording,shake_phone,20,-0.471847,-0.647584,-0.553777,0.870914,0.829408,-0.717106
1870400290.000,OLV,recording,shake_phone,20,-0.402196,-1.147413,-0.377731,0.782899,0.588811,-0.649815
1870400300.000,OLV,recording,shake_phone,20,0.038559,-1.537423,-0.056264,0.763698,0.409584,-0.625554
1870400310.000,OLV,recording,shake_phone,20,0.311341,-1.218233,0.005621,0.769694,0.324827,-0.667584
1870400320.000,OLV,recording,shake_phone,20,0.375630,-0.896007,-0.029926,0.769751,0.296542,-0.755590
1870400330.000,OLV,recording,shake_phone,20,0.269954,-0.733299,0.028844,0.755131,0.258997,-0.849956
1870400340.000,OLV,recording,shake_phone,20,0.097956,-0.592084,0.006756,0.700335,0.125816,-0.927922
1870400350.000,OLV,recording,shake_phone,20,-0.242016,-0.496452,-0.051806,0.540280,-0.263063,-0.973130
1870400360.000,OLV,recording,shake_phone,20,-1.308724,-0.219835,-0.004715,0.202846,-1.092344,-0.944904
1870400370.000,OLV,recording,shake_phone,20,-3.052887,0.387667,0.233971,-0.283781,-2.317535,-0.787021
1870400380.000,OLV,recording,shake_phone,20,-4.683461,1.187334,0.700881,-0.836840,-3.698769,-0.470677
1870400390.000,OLV,recording,shake_phone,20,-6.299890,1.850053,1.982112,-1.463235,-4.810620,-0.013008
1870400400.000,OLV,recording,shake_phone,20,-6.643823,2.277239,9.842480,-2.013343,-5.031572,0.528716
1870400410.000,OLV,recording,shake_phone,20,-3.493145,3.587567,17.614869,-2.073081,-4.602095,1.064501
1870400420.000,OLV,recording,shake_phone,20,0.868018,5.240565,16.323362,-1.735496,-3.936223,1.472964
1870400430.000,OLV,recording,shake_phone,20,2.868251,6.303792,16.681985,-1.338965,-3.030111,1.634008
1870400440.000,OLV,recording,shake_phone,20,3.520860,8.009487,19.793871,-0.937554,-2.254849,1.529173
1870400450.000,OLV,recording,shake_phone,20,4.101353,9.364979,20.832186,-0.599089,-1.807272,1.234520
1870400460.000,OLV,recording,shake_phone,20,4.275537,9.718444,21.155982,-0.340501,-1.503664,0.826706
1870400470.000,OLV,recording,shake_phone,20,4.165802,9.770701,21.509571,-0.158091,-1.176608,0.395266
1870400480.000,OLV,recording,shake_phone,20,3.936549,9.466006,21.563100,-0.046108,-0.804580,0.028944
1870400490.000,OLV,recording,shake_phone,20,3.624987,8.760461,21.455518,0.025616,-0.378851,-0.239029
1870400500.000,OLV,recording,shake_phone,20,3.314862,7.991364,21.170755,0.095632,0.122299,-0.418682
1870400510.000,OLV,recording,shake_phone,20,3.249334,7.252864,20.577745,0.200081,0.709451,-0.536973
1870400520.000,OLV,recording,shake_phone,20,3.284642,6.410459,19.273141,0.334929,1.324950,-0.618191
1870400530.000,OLV,recording,shake_phone,20,3.131807,5.548346,17.453407,0.472863,1.897239,-0.678776
1870400540.000,OLV,recording,shake_phone,20,2.834781,4.811676,15.382971,0.598159,2.385298,-0.729842
1870400550.000,OLV,recording,shake_phone,20,2.513905,4.042868,13.086977,0.703576,2.752208,-0.775274
1870400560.000,OLV,recording,shake_phone,20,2.153573,3.281190,10.688359,0.784110,2.974330,-0.817064
1870400570.000,OLV,recording,shake_phone,20,1.753949,2.642208,8.495840,0.840728,3.044979,-0.858237
1870400580.000,OLV,recording,shake_phone,20,1.337834,2.017396,6.659171,0.884301,2.970083,-0.898771
1870400590.000,OLV,recording,shake_phone,20,1.002178,1.399362,5.207107,0.930770,2.769231,-0.937151
1870400600.000,OLV,recording,shake_phone,20,0.710734,0.822186,3.968002,0.980231,2.498942,-0.974280
1870400610.000,OLV,recording,shake_phone,20,0.312649,0.322027,2.767505,1.012950,2.228540,-0.997702
1870400620.000,OLV,recording,shake_phone,20,-0.178891,-0.051124,1.742173,1.015436,1.982642,-0.978493
1870400630.000,OLV,recording,shake_phone,20,-0.778515,-0.347761,0.872989,0.985409,1.748702,-0.898554
1870400640.000,OLV,recording,shake_phone,20,-1.352920,-0.601739,0.039393,0.921957,1.521080,-0.763160
1870400650.000,OLV,recording,shake_phone,20,-1.760695,-0.767909,-0.608706,0.826563,1.310092,-0.588110
1870400660.000,OLV,recording,shake_phone,20,-2.023596,-0.843681,-0.820866,0.711927,1.138235,-0.391867
1870400670.000,OLV,recording,shake_phone,20,-2.157044,-0.971111,-0.556954,0.603280,1.013621,-0.187253
1870400680.000,OLV,recording,shake_phone,20,-2.274871,-0.917675,-0.375149,0.502657,0.891536,0.015126
1870400690.000,OLV,recording,shake_phone,20,-2.206344,-0.509222,-0.531908,0.372813,0.722138,0.194012
1870400700.000,OLV,recording,shake_phone,20,-1.909510,-0.139663,-0.571129,0.185546,0.498590,0.333622
1870400710.000,OLV,recording,shake_phone,20,-1.711559,0.101743,-0.362917,-0.051146,0.182258,0.445982
1870400720.000,OLV,recording,shake_phone,20,-1.754821,0.318704,-0.145044,-0.335588,-0.318805,0.555742
1870400730.000,OLV,recording,shake_phone,20,-1.960688,0.632029,-0.014496,-0.680919,-1.063898,0.677063
1870400740.000,OLV,recording,shake_phone,20,-2.271326,1.020179,0.170403,-1.079213,-2.052942,0.816741
1870400750.000,OLV,recording,shake_phone,20,-2.618014,1.435631,0.460094,-1.528389,-3.246079,0.977575
1870400760.000,OLV,recording,shake_phone,20,-2.615888,1.917129,0.943019,-2.096030,-4.240113,1.136163
1870400770.000,OLV,recording,shake_phone,20,-2.721939,2.485943,5.947377,-2.762358,-4.253955,1.274549
1870400780.000,OLV,recording,shake_phone,20,-1.774853,3.443810,13.373160,-3.155366,-3.937671,1.470145
1870400790.000,OLV,recording,shake_phone,20,1.864391,4.028636,17.165339,-3.032076,-3.922741,1.626321
1870400800.000,OLV,recording,shake_phone,20,4.406292,3.883190,18.364553,-2.589912,-3.567403,1.522564
1870400810.000,OLV,recording,shake_phone,20,4.542536,4.454948,21.008475,-1.948829,-2.948911,1.225386
1870400820.000,OLV,recording,shake_phone,20,4.207590,5.760992,23.763739,-1.160123,-2.329338,0.898188
1870400830.000,OLV,recording,shake_phone,20,3.523414,6.632299,23.191332,-0.387256,-1.710565,0.598031
1870400840.000,OLV,recording,shake_phone,20,3.289476,6.917801,22.810692,0.204608,-1.191601,0.334589
1870400850.000,OLV,recording,shake_phone,20,3.150198,7.218915,21.543442,0.517557,-0.798759,0.111568
1870400860.000,OLV,recording,shake_phone,20,3.055290,7.395362,20.308138,0.569034,-0.426353,-0.063352
1870400870.000,OLV,recording,shake_phone,20,3.281281,7.232254,19.496827,0.448511,0.001753,-0.192638
1870400880.000,OLV,recording,shake_phone,20,3.262533,6.774312,19.227845,0.288022,0.500485,-0.287703
1870400890.000,OLV,recording,shake_phone,20,3.140766,6.151684,19.027345,0.211408,1.054162,-0.366197
1870400900.000,OLV,recording,shake_phone,20,3.075401,5.460324,18.210633,0.260293,1.599084,-0.437498
1870400910.000,OLV,recording,shake_phone,20,2.821249,4.823605,16.849353,0.410134,2.065628,-0.500400
1870400920.000,OLV,recording,shake_phone,20,2.468094,4.271548,15.117872,0.612858,2.415287,-0.554094
1870400930.000,OLV,recording,shake_phone,20,2.232558,3.683041,13.186795,0.816478,2.637301,-0.605114
1870400940.000,OLV,recording,shake_phone,20,2.193115,3.112903,11.299057,0.986748,2.738819,-0.671628
1870400950.000,OLV,recording,shake_phone,20,2.126847,2.581153,9.604861,1.116893,2.743425,-0.764886
1870400960.000,OLV,recording,shake_phone,20,1.819965,2.006414,8.078661,1.211010,2.691164,-0.868471
1870400970.000,OLV,recording,shake_phone,20,1.327686,1.381727,6.555293,1.265606,2.616043,-0.951704
1870400980.000,OLV,recording,shake_phone,20,0.705188,0.803471,5.038433,1.270963,2.531916,-0.986651
1870400990.000,OLV,recording,shake_phone,20,0.049752,0.328941,3.752969,1.226820,2.435085,-0.956655
1870401000.000,OLV,recording,shake_phone,20,-0.494784,-0.030729,2.685870,1.144822,2.320095,-0.864730
1870401010.000,OLV,recording,shake_phone,20,-0.871860,-0.280496,1.752054,1.037626,2.190813,-0.728639
1870401020.000,OLV,recording,shake_phone,20,-1.080277,-0.481738,0.959987,0.920846,2.044375,-0.572709
1870401030.000,OLV,recording,shake_phone,20,-1.177139,-0.614823,0.328920,0.808110,1.875678,-0.419527
1870401040.000,OLV,recording,shake_phone,20,-1.209587,-0.669879,-0.175940,0.700769,1.702203,-0.289504
1870401050.000,OLV,recording,shake_phone,20,-1.248241,-0.677593,-0.536486,0.593144,1.555140,-0.193031
1870401060.000,OLV,recording,shake_phone,20,-1.489220,-0.719437,-0.643579,0.487678,1.436473,-0.115906
1870401070.000,OLV,recording,shake_phone,20,-1.898753,-0.745221,-0.452247,0.385848,1.323725,-0.035903
1870401080.000,OLV,recording,shake_phone,20,-2.185606,-0.669536,-0.327917,0.262984,1.174552,0.056179
1870401090.000,OLV,recording,shake_phone,20,-2.409925,-0.573744,-0.380016,0.098671,0.946760,0.163648
1870401100.000,OLV,recording,shake_phone,20,-2.702203,-0.470271,-0.374247,-0.103740,0.622825,0.291612
1870401110.000,OLV,recording,shake_phone,20,-2.980630,-0.299802,-0.356278,-0.346296,0.188071,0.438323
1870401120.000,OLV,recording,shake_phone,20,-3.303786,0.022360,-0.297496,-0.637650,-0.371799,0.600598
1870401130.000,OLV,recording,shake_phone,20,-3.673293,0.516855,-0.137693,-0.972565,-1.074226,0.793134
1870401140.000,OLV,recording,shake_phone,20,-4.005217,1.137105,0.249797,-1.330105,-1.945775,1.037866
1870401150.000,OLV,recording,shake_phone,20,-4.112634,1.743813,0.736326,-1.705611,-3.009377,1.328967
1870401160.000,OLV,recording,shake_phone,20,-3.834329,2.274995,1.468974,-2.122624,-4.081136,1.628229
1870401170.000,OLV,recording,shake_phone,20,-3.184768,3.432370,5.554649,-2.587907,-4.682773,1.905789
1870401180.000,OLV,recording,shake_phone,20,-1.956928,5.255284,12.703026,-2.909504,-5.020887,2.163680
1870401190.000,OLV,recording,shake_phone,20,2.189511,6.173400,17.156361,-2.840382,-5.345361,2.298270
1870401200.000,OLV,recording,shake_phone,20,7.446725,6.157149,19.368216,-2.501584,-5.203678,2.082035
1870401210.000,OLV,recording,shake_phone,20,9.961776,6.701391,24.207264,-2.002529,-4.545004,1.488254
1870401220.000,OLV,recording,shake_phone,20,9.571027,7.653406,27.736177,-1.309977,-3.436952,0.766617
1870401230.000,OLV,recording,shake_phone,20,6.815381,7.833485,27.204295,-0.547935,-1.955756,0.198493
1870401240.000,OLV,recording,shake_phone,20,4.514090,6.932341,25.949497,0.113505,-0.518138,-0.092216
1870401250.000,OLV,recording,shake_phone,20,3.382006,5.835521,22.994925,0.525275,0.514395,-0.168695
1870401260.000,OLV,recording,shake_phone,20,2.746191,5.479328,19.890360,0.660260,1.088197,-0.153428
1870401270.000,OLV,recording,shake_phone,20,2.370267,5.531272,18.008673,0.627188,1.351787,-0.141467
1870401280.000,OLV,recording,shake_phone,20,2.099425,5.368837,17.289045,0.571985,1.475047,-0.167677
1870401290.000,OLV,recording,shake_phone,20,1.940560,4.823481,16.799624,0.596727,1.572656,-0.220301
1870401300.000,OLV,recording,shake_phone,20,2.198888,3.983723,15.958525,0.719054,1.671327,-0.296062
1870401310.000,OLV,recording,shake_phone,20,2.306697,3.192415,14.944276,0.891958,1.763822,-0.392339
1870401320.000,OLV,recording,shake_phone,20,1.889399,2.635263,13.855751,1.063498,1.869964,-0.484705
1870401330.000,OLV,recording,shake_phone,20,1.561380,2.219935,12.518471,1.199357,2.019671,-0.550739
1870401340.000,OLV,recording,shake_phone,20,1.449208,1.836845,10.986984,1.276181,2.213124,-0.589816
1870401350.000,OLV,recording,shake_phone,20,1.220827,1.500100,9.450422,1.297203,2.409727,-0.605179
1870401360.000,OLV,recording,shake_phone,20,0.932273,1.198940,7.918459,1.290009,2.554544,-0.603268
1870401370.000,OLV,recording,shake_phone,20,0.659365,0.933777,6.507704,1.280902,2.613131,-0.596697
1870401380.000,OLV,recording,shake_phone,20,0.272986,0.754620,5.201603,1.278222,2.584692,-0.588240
1870401390.000,OLV,recording,shake_phone,20,-0.241351,0.682214,3.985575,1.276256,2.480604,-0.572499
1870401400.000,OLV,recording,shake_phone,20,-0.761493,0.609579,2.864909,1.264391,2.307312,-0.544075
1870401410.000,OLV,recording,shake_phone,20,-1.112204,0.421362,1.843443,1.231046,2.074116,-0.504045
1870401420.000,OLV,recording,shake_phone,20,-1.359375,0.174297,1.018206,1.169189,1.799967,-0.455137
1870401430.000,OLV,recording,shake_phone,20,-1.667647,-0.034650,0.333159,1.079072,1.519442,-0.391284
1870401440.000,OLV,recording,shake_phone,20,-1.979828,-0.154022,-0.233510,0.968059,1.266127,-0.301554
1870401450.000,OLV,recording,shake_phone,20,-2.235106,-0.175205,-0.647276,0.841600,1.042657,-0.180725
1870401460.000,OLV,recording,shake_phone,20,-2.467919,-0.105597,-0.904317,0.689820,0.829155,-0.033567
1870401470.000,OLV,recording,shake_phone,20,-2.774151,0.033108,-0.919597,0.499047,0.614763,0.129155
1870401480.000,OLV,recording,shake_phone,20,-3.024023,0.225918,-0.684785,0.272746,0.385625,0.297142
1870401490.000,OLV,recording,shake_phone,20,-2.924346,0.468831,-0.513959,0.015724,0.081112,0.455838
1870401500.000,OLV,recording,shake_phone,20,-2.608005,0.724847,-0.454754,-0.277552,-0.350919,0.584148
1870401510.000,OLV,recording,shake_phone,20,-2.348915,1.005694,-0.307172,-0.613405,-0.901284,0.670254
1870401520.000,OLV,recording,shake_phone,20,-2.109447,1.391459,-0.024688,-1.004150,-1.500527,0.723130
1870401530.000,OLV,recording,shake_phone,20,-1.870976,1.819140,0.634085,-1.470666,-2.015734,0.767138
1870401540.000,OLV,recording,shake_phone,20,-1.897615,2.134851,1.918198,-1.988701,-2.390704,0.834498
1870401550.000,OLV,recording,shake_phone,20,-2.186226,2.560520,4.539481,-2.453744,-2.661037,0.959898
1870401560.000,OLV,recording,shake_phone,20,-1.966616,3.343087,7.469460,-2.786439,-2.945157,1.135175
1870401570.000,OLV,recording,shake_phone,20,-0.715654,4.053581,9.938191,-2.962782,-3.301041,1.275744
1870401580.000,OLV,recording,shake_phone,20,0.959111,4.417519,12.938361,-2.959611,-3.623015,1.284740
1870401590.000,OLV,recording,shake_phone,20,2.543328,4.877523,16.531353,-2.752940,-3.846848,1.120462
1870401600.000,OLV,recording,shake_phone,20,3.990392,5.538439,20.159177,-2.331060,-3.916093,0.798944
1870401610.000,OLV,recording,shake_phone,20,4.997122,5.897075,22.702946,-1.739582,-3.721871,0.383892
1870401620.000,OLV,recording,shake_phone,20,5.343140,5.814981,24.359797,-1.055318,-3.189575,-0.026240
1870401630.000,OLV,recording,shake_phone,20,5.059387,5.618991,25.212576,-0.348254,-2.362327,-0.340368
1870401640.000,OLV,recording,shake_phone,20,4.632949,5.381480,25.250222,0.302199,-1.405435,-0.524589
1870401650.000,OLV,recording,shake_phone,20,4.184179,5.133739,24.572879,0.822086,-0.510840,-0.603748
1870401660.000,OLV,recording,shake_phone,20,3.407352,5.119892,22.791760,1.143353,0.228249,-0.610773
1870401670.000,OLV,recording,shake_phone,20,2.623780,5.219441,20.283432,1.250414,0.858431,-0.571653
1870401680.000,OLV,recording,shake_phone,20,2.475427,5.095544,17.844820,1.198920,1.435678,-0.524128
1870401690.000,OLV,recording,shake_phone,20,2.632442,4.673833,15.699678,1.060578,1.946859,-0.503244
1870401700.000,OLV,recording,shake_phone,20,2.648297,4.187355,14.026552,0.905059,2.357705,-0.522874
1870401710.000,OLV,recording,shake_phone,20,2.391206,3.712227,12.674125,0.788499,2.639581,-0.574855
1870401720.000,OLV,recording,shake_phone,20,1.851470,3.163268,11.539073,0.745230,2.792762,-0.635517
1870401730.000,OLV,recording,shake_phone,20,1.197095,2.563176,10.458431,0.785406,2.847085,-0.676655
1870401740.000,OLV,recording,shake_phone,20,0.683252,1.929330,9.304583,0.894337,2.833643,-0.684049