timestamp_ms,user_name,phase,action_label,segment_index,acc_x,acc_y,acc_z,gyro_x,gyro_y,gyro_z
2017984690.000,Miguel,recording,shake_phone,1,-0.986753,7.215655,6.553771,0.095787,0.002085,0.033996
2017984700.000,Miguel,recording,shake_phone,1,-1.137646,7.340053,6.642471,0.076878,0.003466,0.011750
2017984710.000,Miguel,recording,shake_phone,1,-1.264287,7.267121,6.579024,0.051546,0.026446,-0.015724
2017984720.000,Miguel,recording,shake_phone,1,-1.338706,7.146536,6.454684,0.006366,0.073638,-0.039310
2017984730.000,Miguel,recording,shake_phone,1,-1.433395,7.085171,6.375063,-0.059138,0.128749,-0.046380
2017984740.000,Miguel,recording,shake_phone,1,-1.493524,7.050925,6.219079,-0.139697,0.189224,-0.031063
2017984750.000,Miguel,recording,shake_phone,1,-1.424686,7.093877,6.066578,-0.237194,0.244890,-0.001255
2017984760.000,Miguel,recording,shake_phone,1,-1.336073,7.272840,6.050150,-0.355168,0.272114,0.032128
2017984770.000,Miguel,recording,shake_phone,1,-1.166390,7.512245,6.275145,-0.479254,0.270346,0.059960
2017984780.000,Miguel,recording,shake_phone,1,-0.871714,7.605871,6.528898,-0.590683,0.254943,0.068953
2017984790.000,Miguel,recording,shake_phone,1,-0.674182,7.572868,6.770986,-0.688124,0.228922,0.053178
2017984800.000,Miguel,recording,shake_phone,1,-0.736009,7.501805,7.018327,-0.788086,0.199723,0.023608
2017984810.000,Miguel,recording,shake_phone,1,-0.910856,7.403661,6.855778,-0.922395,0.205282,-0.005768
2017984820.000,Miguel,recording,shake_phone,1,-1.103257,7.186173,6.395428,-1.124398,0.282747,-0.021409
2017984830.000,Miguel,recording,shake_phone,1,-1.437710,6.931188,6.036046,-1.398274,0.429090,0.020052
2017984840.000,Miguel,recording,shake_phone,1,-2.138574,6.708050,5.830762,-1.714874,0.599730,0.183476
2017984850.000,Miguel,recording,shake_phone,1,-2.175753,6.072179,5.769032,-2.034527,0.750147,0.460356
2017984860.000,Miguel,recording,shake_phone,1,-1.604028,5.553843,6.086341,-2.307928,0.883096,0.771010
2017984870.000,Miguel,recording,shake_phone,1,-1.125535,5.234339,6.726346,-2.475095,1.026541,1.032940
2017984880.000,Miguel,recording,shake_phone,1,-0.912102,5.214071,7.409189,-2.502465,1.175363,1.174032
2017984890.000,Miguel,recording,shake_phone,1,-1.083372,5.036808,7.968062,-2.395977,1.261387,1.193679
2017984900.000,Miguel,recording,shake_phone,1,-1.171370,4.685509,8.248190,-2.194739,1.203186,1.130302
2017984910.000,Miguel,recording,shake_phone,1,-1.034182,4.494091,8.444325,-1.936921,0.969311,1.005595
2017984920.000,Miguel,recording,shake_phone,1,-0.804954,4.401103,8.581388,-1.653036,0.611854,0.855008
2017984930.000,Miguel,recording,shake_phone,1,-0.514759,4.555256,8.477915,-1.397376,0.258751,0.727564
2017984940.000,Miguel,recording,shake_phone,1,-0.350339,4.724342,8.427485,-1.207406,0.034058,0.658118
2017984950.000,Miguel,recording,shake_phone,1,-0.214339,4.636303,8.391992,-1.082555,-0.040032,0.606353
2017984960.000,Miguel,recording,shake_phone,1,-0.264034,4.316610,8.648792,-0.987748,-0.064632,0.506751
2017984970.000,Miguel,recording,shake_phone,1,-0.556293,4.111896,9.332254,-0.874759,-0.161753,0.370540
2017984980.000,Miguel,recording,shake_phone,1,-0.902644,4.175584,9.673743,-0.739257,-0.363905,0.256122
2017984990.000,Miguel,recording,shake_phone,1,-1.240365,4.316783,9.628485,-0.594283,-0.619111,0.212373
2017985000.000,Miguel,recording,shake_phone,1,-1.358471,4.375499,9.619527,-0.429399,-0.838434,0.244195
2017985010.000,Miguel,recording,shake_phone,1,-1.198290,4.471076,9.690484,-0.233988,-0.933952,0.299984
2017985020.000,Miguel,recording,shake_phone,1,-0.910842,4.694308,9.635613,-0.016640,-0.921128,0.331089
2017985030.000,Miguel,recording,shake_phone,1,-0.820140,4.580542,9.176356,0.158164,-0.883589,0.342514
2017985040.000,Miguel,recording,shake_phone,1,-0.904163,4.361874,8.883839,0.228871,-0.875202,0.357635
2017985050.000,Miguel,recording,shake_phone,1,-0.795426,4.459239,9.146360,0.233177,-0.907688,0.369428
2017985060.000,Miguel,recording,shake_phone,1,-0.855541,4.610571,9.441778,0.247180,-0.926305,0.363076
2017985070.000,Miguel,recording,shake_phone,1,-1.113815,4.898542,9.334822,0.285747,-0.857645,0.350145
2017985080.000,Miguel,recording,shake_phone,1,-0.953758,5.012786,8.640642,0.293618,-0.695009,0.336088
2017985090.000,Miguel,recording,shake_phone,1,-0.395882,4.961816,7.927037,0.231232,-0.522551,0.305636
2017985100.000,Miguel,recording,shake_phone,1,-0.062734,4.947579,7.843442,0.143887,-0.394204,0.264736
2017985110.000,Miguel,recording,shake_phone,1,-0.027278,4.958712,8.128192,0.088634,-0.290250,0.222944
2017985120.000,Miguel,recording,shake_phone,1,0.066442,5.110701,8.466390,0.061187,-0.200888,0.168994
2017985130.000,Miguel,recording,shake_phone,1,0.332259,5.093764,8.956786,0.047569,-0.123363,0.095134
2017985140.000,Miguel,recording,shake_phone,1,0.493539,4.781749,9.416390,0.060827,-0.071585,0.008493
2017985150.000,Miguel,recording,shake_phone,1,0.432406,4.492178,9.567757,0.104519,-0.074752,-0.083898
2017985160.000,Miguel,recording,shake_phone,1,0.262370,4.353663,9.465661,0.167333,-0.116913,-0.173070
2017985170.000,Miguel,recording,shake_phone,1,0.077764,4.429463,9.181489,0.233228,-0.150492,-0.238544
2017985180.000,Miguel,recording,shake_phone,1,-0.081647,4.594142,8.720631,0.282133,-0.156801,-0.271996
2017985190.000,Miguel,recording,shake_phone,1,-0.210500,4.750896,8.226431,0.299846,-0.143219,-0.282204
2017985200.000,Miguel,recording,shake_phone,1,-0.370132,4.841941,7.899330,0.280980,-0.125581,-0.275124
2017985210.000,Miguel,recording,shake_phone,1,-0.472324,4.932434,7.691900,0.228786,-0.127103,-0.250724
2017985220.000,Miguel,recording,shake_phone,1,-0.340065,4.975502,7.455466,0.139695,-0.138439,-0.209439
2017985230.000,Miguel,recording,shake_phone,1,-0.051259,4.736151,7.749800,0.024124,-0.085471,-0.143930
2017985240.000,Miguel,recording,shake_phone,1,0.167393,4.333369,8.218389,-0.088140,0.072442,-0.046899
2017985250.000,Miguel,recording,shake_phone,1,0.233803,4.336466,8.205536,-0.193687,0.251048,0.062653
2017985260.000,Miguel,recording,shake_phone,1,0.191843,4.700356,8.004379,-0.304304,0.349300,0.150508
2017985270.000,Miguel,recording,shake_phone,1,-0.064799,5.028099,7.961244,-0.399661,0.361854,0.206807
2017985280.000,Miguel,recording,shake_phone,1,-0.427468,5.204075,8.004319,-0.451876,0.334300,0.244438
2017985290.000,Miguel,recording,shake_phone,1,-0.657906,5.216999,8.260233,-0.465091,0.287631,0.279394
2017985300.000,Miguel,recording,shake_phone,1,-0.669795,4.989739,8.749878,-0.446062,0.227520,0.329811
2017985310.000,Miguel,recording,shake_phone,1,-0.498728,4.761929,9.211802,-0.384865,0.151383,0.396083
2017985320.000,Miguel,recording,shake_phone,1,0.002590,4.611090,9.465473,-0.271416,0.047185,0.452035
2017985330.000,Miguel,recording,shake_phone,1,0.395290,4.510300,9.638561,-0.102669,-0.068649,0.476486
2017985340.000,Miguel,recording,shake_phone,1,0.517381,4.530302,9.548645,0.101947,-0.187696,0.457550
2017985350.000,Miguel,recording,shake_phone,1,0.552040,4.701935,9.242462,0.295492,-0.337460,0.380382
2017985360.000,Miguel,recording,shake_phone,1,0.612386,4.963015,8.886576,0.435997,-0.512002,0.245802
2017985370.000,Miguel,recording,shake_phone,1,0.979207,5.255885,8.423339,0.503717,-0.605708,0.086634
2017985380.000,Miguel,recording,shake_phone,1,1.355000,5.617153,7.955898,0.470456,-0.513260,-0.071182
2017985390.000,Miguel,recording,shake_phone,1,0.864801,5.819939,7.556156,0.308577,-0.270838,-0.224806
2017985400.000,Miguel,recording,shake_phone,1,0.163429,5.655790,7.378090,0.059436,-0.023121,-0.355393
2017985410.000,Miguel,recording,shake_phone,1,-0.037999,5.378012,7.778305,-0.180877,0.059401,-0.441712
2017985420.000,Miguel,recording,shake_phone,1,0.174293,5.122575,8.690228,-0.330177,-0.110149,-0.494218
2017985430.000,Miguel,recording,shake_phone,1,0.409101,4.837274,9.532927,-0.357305,-0.463897,-0.544559
2017985440.000,Miguel,recording,shake_phone,1,0.596645,4.544211,9.914634,-0.285750,-0.855554,-0.613461
2017985450.000,Miguel,recording,shake_phone,1,0.987227,4.388408,9.963544,-0.151829,-1.181568,-0.700380
2017985460.000,Miguel,recording,shake_phone,1,1.473855,4.547057,9.904847,0.023757,-1.435445,-0.797351
2017985470.000,Miguel,recording,shake_phone,1,2.090696,4.843364,9.708292,0.219197,-1.628136,-0.904243
2017985480.000,Miguel,recording,shake_phone,1,2.443591,4.743688,9.374575,0.414185,-1.763139,-1.002753
2017985490.000,Miguel,recording,shake_phone,1,1.793794,4.156188,9.190775,0.606366,-1.879626,-1.040664
2017985500.000,Miguel,recording,shake_phone,1,1.742792,4.747010,9.449552,0.786644,-1.958531,-1.042071
2017985510.000,Miguel,recording,shake_phone,1,1.716729,5.334276,9.406981,0.925640,-1.979253,-1.094639
2017985520.000,Miguel,recording,shake_phone,1,1.454374,5.285720,9.080314,1.008287,-1.990526,-1.201137
2017985530.000,Miguel,recording,shake_phone,1,1.359243,5.262659,8.931040,1.054804,-2.030657,-1.300142
2017985540.000,Miguel,recording,shake_phone,1,1.457235,5.175011,8.898848,1.097538,-2.108087,-1.361992
2017985550.000,Miguel,recording,shake_phone,1,1.873652,5.099380,8.989927,1.158295,-2.204783,-1.407926
2017985560.000,Miguel,recording,shake_phone,1,2.257304,5.153353,9.104643,1.238934,-2.294096,-1.469199
2017985570.000,Miguel,recording,shake_phone,1,2.247983,5.265146,9.060435,1.320169,-2.327856,-1.543984
2017985580.000,Miguel,recording,shake_phone,1,1.947347,5.386620,8.764196,1.374459,-2.265404,-1.602558
2017985590.000,Miguel,recording,shake_phone,1,1.631029,5.572753,8.251096,1.378542,-2.130465,-1.627867
2017985600.000,Miguel,recording,shake_phone,1,1.310492,5.799719,7.771271,1.321378,-1.980503,-1.623295
2017985610.000,Miguel,recording,shake_phone,1,0.861148,5.969589,7.484192,1.215965,-1.843058,-1.585345
2017985620.000,Miguel,recording,shake_phone,1,0.416778,6.015186,7.357521,1.098651,-1.716378,-1.502676
2017985630.000,Miguel,recording,shake_phone,1,0.149280,6.059004,7.286304,0.996356,-1.599967,-1.376238
2017985640.000,Miguel,recording,shake_phone,1,0.163682,6.154684,7.175711,0.911497,-1.492648,-1.223337
2017985650.000,Miguel,recording,shake_phone,1,0.445101,6.227210,6.947872,0.836899,-1.379822,-1.069876
2017985660.000,Miguel,recording,shake_phone,1,0.855453,6.290898,6.631277,0.757245,-1.242864,-0.936393
2017985670.000,Miguel,recording,shake_phone,1,1.230347,6.391432,6.361706,0.660249,-1.079944,-0.832832
2017985680.000,Miguel,recording,shake_phone,1,1.481021,6.474929,6.223114,0.550193,-0.903118,-0.761441
2017985690.000,Miguel,recording,shake_phone,1,1.574687,6.518781,6.226271,0.443970,-0.725775,-0.717337
2017985700.000,Miguel,recording,shake_phone,1,1.495010,6.558110,6.379208,0.362567,-0.564399,-0.690583
2017985710.000,Miguel,recording,shake_phone,1,1.309684,6.588320,6.584375,0.319659,-0.435441,-0.668983
2017985720.000,Miguel,recording,shake_phone,1,1.106445,6.604649,6.662153,0.313428,-0.346110,-0.643686
2017985730.000,Miguel,recording,shake_phone,1,1.003205,6.653097,6.559556,0.324201,-0.299926,-0.615449
2017985740.000,Miguel,recording,shake_phone,1,1.027220,6.739680,6.372393,0.327199,-0.301070,-0.590201
2017985750.000,Miguel,recording,shake_phone,1,1.057365,6.800724,6.292043,0.317145,-0.333383,-0.571168
2017985760.000,Miguel,recording,shake_phone,1,1.030993,6.788508,6.347411,0.306646,-0.361747,-0.556951
2017985770.000,Miguel,recording,shake_phone,1,0.999437,6.761224,6.434913,0.305271,-0.365447,-0.542234
2017985780.000,Miguel,recording,shake_phone,1,1.029072,6.805029,6.465535,0.311129,-0.353805,-0.525997
2017985790.000,Miguel,recording,shake_phone,1,1.099935,6.890385,6.343142,0.313526,-0.350053,-0.513643
2017985800.000,Miguel,recording,shake_phone,1,1.105784,6.950124,6.175216,0.307515,-0.360638,-0.506402
2017985810.000,Miguel,recording,shake_phone,1,1.014906,7.023023,6.063001,0.294609,-0.372488,-0.499340
2017985820.000,Miguel,recording,shake_phone,1,0.892673,7.079646,6.045640,0.275897,-0.369741,-0.485629
2017985830.000,Miguel,recording,shake_phone,1,0.751609,7.101790,6.077664,0.253204,-0.343575,-0.459513
2017985840.000,Miguel,recording,shake_phone,1,0.599520,7.102630,6.127398,0.230406,-0.298478,-0.419556
2017985850.000,Miguel,recording,shake_phone,1,0.551382,7.096524,6.175506,0.214526,-0.251035,-0.370778
2017985860.000,Miguel,recording,shake_phone,1,0.635124,7.089354,6.174282,0.209764,-0.218535,-0.322615
2017985870.000,Miguel,recording,shake_phone,1,0.682686,7.097308,6.148576,0.211923,-0.203822,-0.279622
2017985880.000,Miguel,recording,shake_phone,1,0.656900,7.085759,6.103487,0.213304,-0.196356,-0.238278
2017985890.000,Miguel,recording,shake_phone,1,0.609811,7.083960,6.029707,0.207333,-0.187320,-0.194771
2017985900.000,Miguel,recording,shake_phone,1,0.623696,7.130272,5.923200,0.189296,-0.180269,-0.151023
2017985910.000,Miguel,recording,shake_phone,1,0.692475,7.182796,5.871591,0.162154,-0.176441,-0.111095
2017985920.000,Miguel,recording,shake_phone,1,0.726898,7.200861,5.876665,0.134866,-0.165296,-0.074560
2017985930.000,Miguel,recording,shake_phone,1,0.711506,7.221826,5.898750,0.112044,-0.132375,-0.034651
2017985940.000,Miguel,recording,shake_phone,1,0.703493,7.230983,5.828148,0.087744,-0.066261,0.015618
2017985950.000,Miguel,recording,shake_phone,1,0.765799,7.233912,5.612685,0.047061,0.026096,0.074017
2017985960.000,Miguel,recording,shake_phone,1,0.880383,7.294373,5.429739,-0.020707,0.122403,0.130566
2017985970.000,Miguel,recording,shake_phone,1,0.994650,7.335287,5.421609,-0.108566,0.207792,0.178420
2017985980.000,Miguel,recording,shake_phone,1,1.213453,7.299545,5.518593,-0.198753,0.277994,0.213054
2017985990.000,Miguel,recording,shake_phone,1,1.564224,7.233452,5.729833,-0.278041,0.327791,0.225967
2017986000.000,Miguel,recording,shake_phone,1,1.786642,7.169704,6.044930,-0.337779,0.352168,0.213606
2017986010.000,Miguel,recording,shake_phone,1,1.847578,7.144530,6.446979,-0.367329,0.350540,0.183916
2017986020.000,Miguel,recording,shake_phone,1,1.883633,7.085985,6.837836,-0.357793,0.326227,0.147644
2017986030.000,Miguel,recording,shake_phone,1,1.900293,7.008650,7.110304,-0.309482,0.284829,0.110465
2017986040.000,Miguel,recording,shake_phone,1,1.949712,6.984878,7.212267,-0.234821,0.230324,0.071255
2017986050.000,Miguel,recording,shake_phone,1,2.058968,6.993135,7.186066,-0.155775,0.167468,0.027404
2017986060.000,Miguel,recording,shake_phone,1,2.065496,6.984227,7.160130,-0.088111,0.111590,-0.017962
2017986070.000,Miguel,recording,shake_phone,1,1.938512,7.002719,7.136478,-0.032009,0.079615,-0.055063
2017986080.000,Miguel,recording,shake_phone,1,1.785855,7.054670,7.066291,0.012501,0.072257,-0.076620
2017986090.000,Miguel,recording,shake_phone,1,1.690985,7.120988,6.984644,0.040283,0.081068,-0.084682
2017986100.000,Miguel,recording,shake_phone,1,1.652546,7.160357,6.949440,0.054638,0.102790,-0.084362
2017986110.000,Miguel,recording,shake_phone,1,1.683559,7.181749,6.965170,0.067762,0.135260,-0.083067
2017986120.000,Miguel,recording,shake_phone,1,1.699976,7.195068,7.005396,0.087474,0.172145,-0.086534
2017986130.000,Miguel,recording,shake_phone,1,1.587036,7.175993,7.022437,0.116426,0.208070,-0.092234
2017986140.000,Miguel,recording,shake_phone,1,1.344829,7.192723,7.005244,0.156438,0.246515,-0.092916
2017986150.000,Miguel,recording,shake_phone,1,0.900545,7.223865,6.868366,0.204563,0.297608,-0.078115
2017986160.000,Miguel,recording,shake_phone,1,0.110625,7.211504,6.624830,0.249889,0.330107,-0.037996
2017986170.000,Miguel,recording,shake_phone,1,-0.992713,7.208802,6.420532,0.285926,0.244903,0.038016
2017986180.000,Miguel,recording,shake_phone,1,-2.221518,7.237994,6.226476,0.316859,-0.053913,0.157898
2017986190.000,Miguel,recording,shake_phone,1,-3.158305,7.353994,6.015309,0.350696,-0.582255,0.319866
2017986200.000,Miguel,recording,shake_phone,1,-3.583468,7.475597,5.834184,0.398364,-1.250723,0.516175
2017986210.000,Miguel,recording,shake_phone,1,-3.473050,7.432901,5.696558,0.473416,-1.908777,0.733444
2017986220.000,Miguel,recording,shake_phone,1,-2.515497,7.133721,5.157898,0.560513,-2.390912,0.965948
2017986230.000,Miguel,recording,shake_phone,1,-0.410910,6.794882,4.533730,0.605346,-2.534231,1.195044
2017986240.000,Miguel,recording,shake_phone,1,2.464294,6.450815,4.319906,0.559754,-2.282501,1.370915
2017986250.000,Miguel,recording,shake_phone,1,5.682928,6.022726,4.678324,0.417985,-1.705045,1.447443
2017986260.000,Miguel,recording,shake_phone,1,8.482636,5.809509,5.570757,0.222013,-0.902077,1.392434
2017986270.000,Miguel,recording,shake_phone,1,10.397650,6.142320,6.508333,0.015420,0.010164,1.178715
2017986280.000,Miguel,recording,shake_phone,1,11.099159,6.788098,7.202883,-0.175869,0.879880,0.810911
2017986290.000,Miguel,recording,shake_phone,1,10.172399,7.254646,7.738670,-0.312514,1.549047,0.357343
2017986300.000,Miguel,recording,shake_phone,1,8.065203,7.457663,8.099461,-0.354327,1.919819,-0.077343
2017986310.000,Miguel,recording,shake_phone,1,5.195816,7.703266,8.113007,-0.291728,1.979347,-0.417424
2017986320.000,Miguel,recording,shake_phone,1,1.661503,8.163068,7.883109,-0.134390,1.720312,-0.622971
2017986330.000,Miguel,recording,shake_phone,1,-1.741352,8.672557,7.428145,0.103127,1.104500,-0.656638
2017986340.000,Miguel,recording,shake_phone,1,-3.528654,8.621934,6.548874,0.383040,0.229606,-0.514501
2017986350.000,Miguel,recording,shake_phone,1,-3.501905,8.133172,5.145570,0.627281,-0.604333,-0.255730
2017986360.000,Miguel,recording,shake_phone,1,-2.591348,7.768025,3.587115,0.743564,-1.133118,0.047761
2017986370.000,Miguel,recording,shake_phone,1,-1.148895,7.531558,2.320989,0.680402,-1.294926,0.348248
2017986380.000,Miguel,recording,shake_phone,1,0.772263,7.197451,1.701230,0.459537,-1.152567,0.601968
2017986390.000,Miguel,recording,shake_phone,1,2.985623,6.797857,1.932827,0.161983,-0.796976,0.763758
2017986400.000,Miguel,recording,shake_phone,1,5.046203,6.613558,2.723550,-0.131962,-0.317560,0.800019
2017986410.000,Miguel,recording,shake_phone,1,6.151848,6.742077,3.675651,-0.384027,0.181927,0.707973
2017986420.000,Miguel,recording,shake_phone,1,6.115468,6.915415,4.692560,-0.578973,0.570844,0.534366
2017986430.000,Miguel,recording,shake_phone,1,5.488541,7.028286,5.804479,-0.692928,0.768464,0.346747
2017986440.000,Miguel,recording,shake_phone,1,4.817526,7.090837,6.794399,-0.706039,0.800088,0.183035
2017986450.000,Miguel,recording,shake_phone,1,4.346971,7.150020,7.445123,-0.631775,0.741908,0.044013
2017986460.000,Miguel,recording,shake_phone,1,3.989387,7.234621,7.759937,-0.510176,0.657594,-0.082610
2017986470.000,Miguel,recording,shake_phone,1,3.658740,7.250800,7.769720,-0.381700,0.589192,-0.201243
2017986480.000,Miguel,recording,shake_phone,1,3.273392,7.206425,7.604127,-0.272485,0.560380,-0.301207
2017986490.000,Miguel,recording,shake_phone,1,2.761711,7.152352,7.362101,-0.189830,0.566686,-0.368583
2017986500.000,Miguel,recording,shake_phone,1,2.163040,7.080522,7.074310,-0.132904,0.582315,-0.393887
2017986510.000,Miguel,recording,shake_phone,1,1.589656,7.005590,6.786389,-0.100754,0.577915,-0.373835
2017986520.000,Miguel,recording,shake_phone,1,1.205158,6.952019,6.571413,-0.086965,0.535737,-0.317954
2017986530.000,Miguel,recording,shake_phone,1,1.075276,6.936211,6.451785,-0.081785,0.460287,-0.242898
2017986540.000,Miguel,recording,shake_phone,1,1.127562,6.914560,6.384535,-0.078016,0.376793,-0.164427
2017986550.000,Miguel,recording,shake_phone,1,1.251083,6.898771,6.290951,-0.074593,0.317199,-0.093444
2017986560.000,Miguel,recording,shake_phone,1,1.376773,6.904958,6.141467,-0.077528,0.294633,-0.034382
2017986570.000,Miguel,recording,shake_phone,1,1.475227,6.956500,5.983159,-0.097140,0.293557,0.013591
2017986580.000,Miguel,recording,shake_phone,1,1.515977,7.047866,5.881610,-0.137145,0.295002,0.054292
2017986590.000,Miguel,recording,shake_phone,1,1.507889,7.114383,5.860714,-0.189294,0.294562,0.090713
2017986600.000,Miguel,recording,shake_phone,1,1.513437,7.173048,5.944392,-0.242105,0.293039,0.123600
2017986610.000,Miguel,recording,shake_phone,1,1.543550,7.187932,6.076661,-0.287610,0.290607,0.151179
2017986620.000,Miguel,recording,shake_phone,1,1.588064,7.154949,6.211503,-0.321934,0.290775,0.171903
2017986630.000,Miguel,recording,shake_phone,1,1.673958,7.094791,6.323089,-0.345443,0.297216,0.186810
2017986640.000,Miguel,recording,shake_phone,1,1.794980,7.011534,6.412878,-0.359106,0.312913,0.196775
2017986650.000,Miguel,recording,shake_phone,1,1.950621,6.904130,6.455503,-0.366213,0.337286,0.198443
2017986660.000,Miguel,recording,shake_phone,1,2.066535,6.811069,6.483624,-0.372704,0.362580,0.190156
2017986670.000,Miguel,recording,shake_phone,1,2.126286,6.751047,6.575696,-0.379637,0.379049,0.176527
2017986680.000,Miguel,recording,shake_phone,1,2.180634,6.714640,6.720423,-0.380582,0.378500,0.161509
2017986690.000,Miguel,recording,shake_phone,1,2.249427,6.681342,6.900176,-0.365737,0.358843,0.144024
2017986700.000,Miguel,recording,shake_phone,1,2.297954,6.650706,7.027342,-0.331354,0.322579,0.119292
2017986710.000,Miguel,recording,shake_phone,1,2.283962,6.663553,7.058957,-0.285324,0.268443,0.085312
2017986720.000,Miguel,recording,shake_phone,1,2.231498,6.696872,7.065200,-0.239769,0.193505,0.046664
2017986730.000,Miguel,recording,shake_phone,1,2.165688,6.702088,7.115868,-0.198899,0.105534,0.008853
2017986740.000,Miguel,recording,shake_phone,1,2.084853,6.682997,7.195770,-0.156802,0.021747,-0.025263
2017986750.000,Miguel,recording,shake_phone,1,1.995317,6.669024,7.250086,-0.108723,-0.045307,-0.050775
2017986760.000,Miguel,recording,shake_phone,1,1.920909,6.680005,7.204040,-0.061641,-0.087946,-0.062675
2017986770.000,Miguel,recording,shake_phone,1,1.894032,6.713412,7.070735,-0.031082,-0.103571,-0.062176
2017986780.000,Miguel,recording,shake_phone,1,1.874027,6.750746,6.952790,-0.024382,-0.097997,-0.052655
2017986790.000,Miguel,recording,shake_phone,1,1.881193,6.782575,6.919516,-0.034400,-0.079315,-0.037111
2017986800.000,Miguel,recording,shake_phone,1,1.899571,6.799735,6.953498,-0.049044,-0.053010,-0.019812
2017986810.000,Miguel,recording,shake_phone,1,1.917933,6.790621,6.959225,-0.060329,-0.022058,-0.003586
2017986820.000,Miguel,recording,shake_phone,1,1.930818,6.758325,6.936900,-0.068315,0.009946,0.009784
2017986830.000,Miguel,recording,shake_phone,1,1.959680,6.720066,6.952979,-0.074757,0.036553,0.017155
2017986840.000,Miguel,recording,shake_phone,1,2.042361,6.692555,7.024667,-0.076845,0.053252,0.016513
2017986850.000,Miguel,recording,shake_phone,1,2.072507,6.645892,7.125645,-0.069072,0.063287,0.010499
2017986860.000,Miguel,recording,shake_phone,1,2.034709,6.580209,7.187595,-0.050559,0.070359,0.003042
2017986870.000,Miguel,recording,shake_phone,1,1.954338,6.553500,7.192254,-0.026527,0.068875,-0.003570
2017986880.000,Miguel,recording,shake_phone,1,1.885935,6.566445,7.146340,-0.001732,0.054451,-0.008119
2017986890.000,Miguel,recording,shake_phone,1,1.924174,6.586828,7.060023,0.018404,0.035296,-0.012894
2017986900.000,Miguel,recording,shake_phone,1,1.988435,6.611450,6.978171,0.029548,0.020012,-0.021595
2017986910.000,Miguel,recording,shake_phone,1,1.965627,6.622045,6.907660,0.033844,0.010251,-0.033302
2017986920.000,Miguel,recording,shake_phone,1,1.875235,6.637361,6.893618,0.035205,0.003400,-0.043860
2017986930.000,Miguel,recording,shake_phone,1,1.807401,6.646382,6.890439,0.035752,-0.004916,-0.050046
2017986940.000,Miguel,recording,shake_phone,1,1.774890,6.635740,6.884159,0.034554,-0.011280,-0.052997
2017986950.000,Miguel,recording,shake_phone,1,1.747626,6.608414,6.885206,0.029684,-0.009916,-0.052924
2017986960.000,Miguel,recording,shake_phone,1,1.691854,6.592987,6.925816,0.023523,-0.004600,-0.046563
2017986970.000,Miguel,recording,shake_phone,1,1.636812,6.595244,6.988212,0.020469,-0.001776,-0.034749
2017986980.000,Miguel,recording,shake_phone,1,1.629410,6.614610,7.078445,0.025008,-0.003470,-0.021223
2017986990.000,Miguel,recording,shake_phone,1,1.683195,6.630498,7.109675,0.040796,-0.007264,-0.008263
2017987000.000,Miguel,recording,shake_phone,1,1.786623,6.612364,7.040614,0.061567,-0.007727,0.000426
2017987010.000,Miguel,recording,shake_phone,1,1.862719,6.619973,6.929185,0.075047,-0.003388,0.002563
2017987020.000,Miguel,recording,shake_phone,1,1.860283,6.629660,6.866010,0.079036,0.002629,0.000890
2017987030.000,Miguel,recording,shake_phone,1,1.787094,6.643393,6.844190,0.080317,0.007962,-0.000061
2017987040.000,Miguel,recording,shake_phone,1,1.670979,6.673108,6.815217,0.084116,0.010357,0.002382
2017987050.000,Miguel,recording,shake_phone,1,1.521943,6.704574,6.764897,0.089642,0.006784,0.011015
2017987060.000,Miguel,recording,shake_phone,1,1.403012,6.720579,6.655409,0.091126,-0.004105,0.029258
2017987070.000,Miguel,recording,shake_phone,1,1.413723,6.709704,6.527589,0.083066,-0.019100,0.052104
2017987080.000,Miguel,recording,shake_phone,1,1.578797,6.670481,6.431574,0.064192,-0.029838,0.069861
2017987090.000,Miguel,recording,shake_phone,1,1.797992,6.657222,6.389965,0.038289,-0.033063,0.076908
2017987100.000,Miguel,recording,shake_phone,1,1.905703,6.693011,6.431662,0.013081,-0.033676,0.074341
2017987110.000,Miguel,recording,shake_phone,1,1.942359,6.749630,6.516696,-0.007070,-0.027894,0.069672
2017987120.000,Miguel,recording,shake_phone,1,2.014070,6.792086,6.588152,-0.026176,-0.005311,0.066265
2017987130.000,Miguel,recording,shake_phone,1,2.104257,6.776756,6.618403,-0.049507,0.031254,0.062512
2017987140.000,Miguel,recording,shake_phone,1,2.157879,6.757191,6.680974,-0.073234,0.068763,0.055804
2017987150.000,Miguel,recording,shake_phone,1,2.165415,6.762080,6.787283,-0.089773,0.094799,0.043959
2017987160.000,Miguel,recording,shake_phone,1,2.108424,6.781032,6.895746,-0.095583,0.099682,0.029509
2017987170.000,Miguel,recording,shake_phone,1,2.048916,6.785712,6.952428,-0.093021,0.080538,0.014904
2017987180.000,Miguel,recording,shake_phone,1,2.018480,6.764931,6.994334,-0.085812,0.044693,0.000569
2017987190.000,Miguel,recording,shake_phone,1,1.990477,6.730312,7.068803,-0.072093,0.006576,-0.012515
2017987200.000,Miguel,recording,shake_phone,1,1.964999,6.700243,7.129667,-0.050557,-0.021334,-0.021742
2017987210.000,Miguel,recording,shake_phone,1,1.938939,6.697757,7.120484,-0.025153,-0.032786,-0.025128
2017987220.000,Miguel,recording,shake_phone,1,1.919854,6.704257,7.061701,-0.004383,-0.026896,-0.022316
2017987230.000,Miguel,recording,shake_phone,1,1.916195,6.667291,6.984491,0.007480,-0.008678,-0.014224
2017987240.000,Miguel,recording,shake_phone,1,1.918857,6.637133,6.933286,0.012984,0.014903,-0.005542
2017987250.000,Miguel,recording,shake_phone,1,1.941865,6.634532,6.872245,0.014553,0.037667,-0.000482
2017987260.000,Miguel,recording,shake_phone,1,1.949271,6.666037,6.777598,0.012498,0.051957,-0.000119
2017987270.000,Miguel,recording,shake_phone,1,1.892862,6.686295,6.707569,0.005432,0.052106,-0.003795
2017987280.000,Miguel,recording,shake_phone,1,1.824924,6.681669,6.681439,-0.004805,0.036252,-0.009243
2017987290.000,Miguel,recording,shake_phone,1,1.824842,6.688175,6.683077,-0.015096,0.009808,-0.014497
2017987300.000,Miguel,recording,shake_phone,1,1.857252,6.705173,6.714046,-0.025597,-0.015641,-0.019116
2017987310.000,Miguel,recording,shake_phone,1,1.880061,6.695357,6.786860,-0.034047,-0.027788,-0.022770
2017987320.000,Miguel,recording,shake_phone,1,1.889865,6.670416,6.848814,-0.037999,-0.020913,-0.025480
2017987330.000,Miguel,recording,shake_phone,1,1.867474,6.674128,6.864917,-0.040755,-0.002230,-0.026383
2017987340.000,Miguel,recording,shake_phone,1,1.792879,6.666688,6.863242,-0.043332,0.016200,-0.024211
2017987350.000,Miguel,recording,shake_phone,1,1.725042,6.685033,6.870313,-0.043945,0.023802,-0.018395
2017987360.000,Miguel,recording,shake_phone,1,1.721216,6.728863,6.867397,-0.045820,0.020628,-0.010199
2017987370.000,Miguel,recording,shake_phone,1,1.744551,6.707337,6.852668,-0.053261,0.018324,-0.001930
2017987380.000,Miguel,recording,shake_phone,1,1.771202,6.651845,6.898258,-0.062512,0.021369,0.005685
2017987390.000,Miguel,recording,shake_phone,1,1.787121,6.632471,6.990062,-0.065314,0.025327,0.011671
2017987400.000,Miguel,recording,shake_phone,1,1.768279,6.623445,7.052810,-0.059223,0.026811,0.015758
2017987410.000,Miguel,recording,shake_phone,1,1.745492,6.605516,7.078308,-0.045884,0.024932,0.019631
2017987420.000,Miguel,recording,shake_phone,1,1.786116,6.590358,7.053111,-0.029381,0.019977,0.024170
2017987430.000,Miguel,recording,shake_phone,1,1.913392,6.588756,6.974276,-0.017001,0.012947,0.024381
2017987440.000,Miguel,recording,shake_phone,1,2.018402,6.596669,6.905181,-0.012196,0.007815,0.016094
2017987450.000,Miguel,recording,shake_phone,1,2.061883,6.579642,6.894648,-0.012334,0.006515,0.002117
2017987460.000,Miguel,recording,shake_phone,1,2.011199,6.598485,6.920126,-0.012860,0.005150,-0.012319
2017987470.000,Miguel,recording,shake_phone,1,1.892879,6.618906,6.937555,-0.009385,0.003813,-0.022413
2017987480.000,Miguel,recording,shake_phone,1,1.807796,6.627411,6.922712,-0.003017,0.004138,-0.026712
2017987490.000,Miguel,recording,shake_phone,1,1.760542,6.650083,6.905527,-0.000126,0.002998,-0.025337
2017987500.000,Miguel,recording,shake_phone,1,1.713503,6.649913,6.906387,-0.001660,-0.000659,-0.019088
2017987510.000,Miguel,recording,shake_phone,1,1.674170,6.651658,6.921103,-0.003381,-0.006283,-0.011343
2017987520.000,Miguel,recording,shake_phone,1,1.629110,6.681479,6.934137,-0.002822,-0.012478,-0.001881
2017987530.000,Miguel,recording,shake_phone,1,1.640048,6.697452,6.897087,-0.004548,-0.014904,0.012030
2017987540.000,Miguel,recording,shake_phone,1,1.694942,6.675482,6.849337,-0.014301,-0.009449,0.027679
2017987550.000,Miguel,recording,shake_phone,1,1.759859,6.644088,6.860018,-0.028952,0.002907,0.040833
2017987560.000,Miguel,recording,shake_phone,1,1.846401,6.607219,6.928691,-0.041057,0.018535,0.048341
2017987570.000,Miguel,recording,shake_phone,1,1.916253,6.591165,6.961673,-0.047237,0.034130,0.047673
2017987580.000,Miguel,recording,shake_phone,1,1.930195,6.560822,6.990755,-0.048602,0.043572,0.039665
2017987590.000,Miguel,recording,shake_phone,1,1.900794,6.526755,7.032709,-0.043778,0.038987,0.029312
2017987600.000,Miguel,recording,shake_phone,1,1.848590,6.535899,7.060850,-0.030403,0.019825,0.020836
2017987610.000,Miguel,recording,shake_phone,1,1.884080,6.569024,7.041350,-0.013530,-0.004963,0.012729
2017987620.000,Miguel,recording,shake_phone,1,1.970122,6.581309,7.013635,-0.000450,-0.024245,0.002684
2017987630.000,Miguel,recording,shake_phone,1,1.993227,6.587504,7.010055,0.008460,-0.032478,-0.007398
2017987640.000,Miguel,recording,shake_phone,1,1.948688,6.602914,7.007775,0.015997,-0.033156,-0.014373
2017987650.000,Miguel,recording,shake_phone,1,1.841929,6.625746,6.993866,0.022812,-0.033442,-0.015741
2017987660.000,Miguel,recording,shake_phone,1,1.738446,6.657444,6.937916,0.027795,-0.038144,-0.010570
2017987670.000,Miguel,recording,shake_phone,1,1.704766,6.679052,6.869464,0.028193,-0.045330,-0.000100
2017987680.000,Miguel,recording,shake_phone,1,1.798102,6.694982,6.814543,0.020958,-0.046497,0.011286
2017987690.000,Miguel,recording,shake_phone,1,1.989856,6.682532,6.783847,0.006099,-0.033964,0.016967
2017987700.000,Miguel,recording,shake_phone,2,2.122638,6.655135,6.812759,-0.012513,-0.008502,0.014025
2017987710.000,Miguel,recording,shake_phone,2,2.123025,6.647606,6.905748,-0.027302,0.016207,0.004988
2017987720.000,Miguel,recording,shake_phone,2,2.033247,6.648635,7.018980,-0.030572,0.023228,-0.004873
2017987730.000,Miguel,recording,shake_phone,2,1.957988,6.638482,7.093378,-0.019463,0.006887,-0.015090
2017987740.000,Miguel,recording,shake_phone,2,1.982600,6.652656,7.160622,0.001315,-0.033675,-0.029600
2017987750.000,Miguel,recording,shake_phone,2,1.964541,6.620030,7.195686,0.029660,-0.088718,-0.046509
2017987760.000,Miguel,recording,shake_phone,2,1.920342,6.580905,7.174115,0.065355,-0.139907,-0.061277
2017987770.000,Miguel,recording,shake_phone,2,1.899038,6.595802,7.068081,0.098240,-0.177835,-0.072053
2017987780.000,Miguel,recording,shake_phone,2,1.874667,6.631316,6.931375,0.115767,-0.193895,-0.076501
2017987790.000,Miguel,recording,shake_phone,2,1.877515,6.651072,6.813111,0.113407,-0.180816,-0.073052
2017987800.000,Miguel,recording,shake_phone,2,1.879727,6.663638,6.744105,0.095715,-0.143094,-0.062846
2017987810.000,Miguel,recording,shake_phone,2,1.847174,6.680750,6.739548,0.072351,-0.094055,-0.049981
2017987820.000,Miguel,recording,shake_phone,2,1.786758,6.707012,6.747203,0.052241,-0.045898,-0.036849
2017987830.000,Miguel,recording,shake_phone,2,1.722224,6.721482,6.733999,0.037035,-0.004531,-0.020728
2017987840.000,Miguel,recording,shake_phone,2,1.757196,6.704091,6.679654,0.021719,0.030084,-0.003603
2017987850.000,Miguel,recording,shake_phone,2,1.826822,6.702248,6.632434,0.001273,0.057610,0.007843
2017987860.000,Miguel,recording,shake_phone,2,1.849984,6.699736,6.664965,-0.020201,0.073178,0.012975
2017987870.000,Miguel,recording,shake_phone,2,1.808524,6.660672,6.732790,-0.034443,0.073660,0.014506
2017987880.000,Miguel,recording,shake_phone,2,1.739651,6.627053,6.799929,-0.037028,0.060580,0.015019
2017987890.000,Miguel,recording,shake_phone,2,1.698071,6.605664,6.815762,-0.029560,0.038365,0.016846
2017987900.000,Miguel,recording,shake_phone,2,1.758058,6.623873,6.761516,-0.022047,0.014269,0.018494
2017987910.000,Miguel,recording,shake_phone,2,1.873922,6.627040,6.718149,-0.023939,-0.001386,0.016947
2017987920.000,Miguel,recording,shake_phone,2,1.938053,6.617061,6.724949,-0.032750,-0.002920,0.012416
2017987930.000,Miguel,recording,shake_phone,2,1.899967,6.634180,6.794592,-0.039876,0.004519,0.007416
2017987940.000,Miguel,recording,shake_phone,2,1.785644,6.695514,6.856993,-0.042419,0.011363,0.004636
2017987950.000,Miguel,recording,shake_phone,2,1.633657,6.764761,6.905605,-0.043456,0.010378,0.006873
2017987960.000,Miguel,recording,shake_phone,2,1.517861,6.737124,6.928906,-0.044977,0.000037,0.019595
2017987970.000,Miguel,recording,shake_phone,2,1.549083,6.656014,6.950479,-0.044969,-0.010844,0.042610
2017987980.000,Miguel,recording,shake_phone,2,1.701430,6.598884,6.942474,-0.042273,-0.011581,0.066405
2017987990.000,Miguel,recording,shake_phone,2,1.854605,6.614596,6.928121,-0.039252,-0.001267,0.083098
2017988000.000,Miguel,recording,shake_phone,2,2.005831,6.621248,6.912132,-0.040446,0.013361,0.089053
2017988010.000,Miguel,recording,shake_phone,2,2.151361,6.569714,6.889985,-0.046171,0.025897,0.084199
2017988020.000,Miguel,recording,shake_phone,2,2.272034,6.548339,6.894184,-0.053432,0.033281,0.070137
2017988030.000,Miguel,recording,shake_phone,2,2.350297,6.558284,6.921938,-0.060410,0.033832,0.048867
2017988040.000,Miguel,recording,shake_phone,2,2.353885,6.576104,6.963470,-0.065377,0.031306,0.023239
2017988050.000,Miguel,recording,shake_phone,2,2.284437,6.577335,7.047261,-0.066921,0.030879,-0.002403
2017988060.000,Miguel,recording,shake_phone,2,2.137728,6.592592,7.156727,-0.061492,0.031560,-0.021292
2017988070.000,Miguel,recording,shake_phone,2,1.994364,6.589864,7.239137,-0.045411,0.030691,-0.030714
2017988080.000,Miguel,recording,shake_phone,2,1.894707,6.599701,7.241181,-0.020756,0.025671,-0.033087
2017988090.000,Miguel,recording,shake_phone,2,1.801157,6.633941,7.199739,0.006151,0.012564,-0.030260
2017988100.000,Miguel,recording,shake_phone,2,1.812402,6.663193,7.094817,0.027088,-0.008072,-0.024571
2017988110.000,Miguel,recording,shake_phone,2,1.983294,6.687044,6.977796,0.033612,-0.025392,-0.021360
2017988120.000,Miguel,recording,shake_phone,2,2.131098,6.687641,6.910258,0.026446,-0.025698,-0.024086
2017988130.000,Miguel,recording,shake_phone,2,2.150287,6.668049,6.941426,0.014899,-0.005969,-0.030486
2017988140.000,Miguel,recording,shake_phone,2,2.080771,6.642654,6.988769,0.007013,0.024255,-0.035286
2017988150.000,Miguel,recording,shake_phone,2,1.962838,6.645603,7.003007,0.005102,0.050582,-0.035214
2017988160.000,Miguel,recording,shake_phone,2,1.867847,6.642996,6.995263,0.005151,0.061538,-0.031879
2017988170.000,Miguel,recording,shake_phone,2,1.840138,6.649423,6.977527,0.005538,0.055533,-0.029307
2017988180.000,Miguel,recording,shake_phone,2,1.847096,6.631282,7.005539,0.010010,0.038533,-0.030037
2017988190.000,Miguel,recording,shake_phone,2,1.846607,6.622088,7.034691,0.019922,0.016815,-0.033254
2017988200.000,Miguel,recording,shake_phone,2,1.812270,6.604612,7.033263,0.034257,-0.005750,-0.036261
2017988210.000,Miguel,recording,shake_phone,2,1.732592,6.608896,6.985484,0.051529,-0.026788,-0.036132
2017988220.000,Miguel,recording,shake_phone,2,1.720295,6.619299,6.886717,0.066636,-0.043912,-0.032447
2017988230.000,Miguel,recording,shake_phone,2,1.868576,6.631446,6.745684,0.070704,-0.052473,-0.031322
2017988240.000,Miguel,recording,shake_phone,2,2.042836,6.628811,6.614218,0.058291,-0.045517,-0.038569
2017988250.000,Miguel,recording,shake_phone,2,2.061804,6.632309,6.566664,0.033663,-0.024143,-0.051260
2017988260.000,Miguel,recording,shake_phone,2,1.928812,6.652023,6.605747,0.005749,0.000875,-0.060185
2017988270.000,Miguel,recording,shake_phone,2,1.743083,6.646932,6.689288,-0.018970,0.020900,-0.058322
2017988280.000,Miguel,recording,shake_phone,2,1.611814,6.634162,6.783008,-0.037672,0.032031,-0.046079
2017988290.000,Miguel,recording,shake_phone,2,1.549785,6.635890,6.893636,-0.048224,0.029391,-0.028542
2017988300.000,Miguel,recording,shake_phone,2,1.551801,6.634136,7.042943,-0.045583,0.011112,-0.010760
2017988310.000,Miguel,recording,shake_phone,2,1.601668,6.625223,7.139893,-0.025040,-0.018182,0.004151
2017988320.000,Miguel,recording,shake_phone,2,1.730548,6.608493,7.107011,0.006267,-0.052917,0.011261
2017988330.000,Miguel,recording,shake_phone,2,1.895715,6.623481,6.982890,0.033337,-0.087795,0.006378
2017988340.000,Miguel,recording,shake_phone,2,2.001755,6.645167,6.833557,0.047342,-0.116537,-0.008511
2017988350.000,Miguel,recording,shake_phone,2,2.015524,6.633280,6.710201,0.044768,-0.131000,-0.026557
2017988360.000,Miguel,recording,shake_phone,2,1.986763,6.641221,6.677775,0.027376,-0.121764,-0.038928
2017988370.000,Miguel,recording,shake_phone,2,1.936456,6.652874,6.736644,0.003306,-0.084443,-0.040209
2017988380.000,Miguel,recording,shake_phone,2,1.887878,6.665886,6.822559,-0.019415,-0.026164,-0.031887
2017988390.000,Miguel,recording,shake_phone,2,1.835152,6.690094,6.905191,-0.036431,0.037377,-0.018315
2017988400.000,Miguel,recording,shake_phone,2,1.786933,6.687831,6.927226,-0.046818,0.088764,-0.005032
2017988410.000,Miguel,recording,shake_phone,2,1.759730,6.682313,6.955466,-0.051748,0.114293,0.003351
2017988420.000,Miguel,recording,shake_phone,2,1.744232,6.646291,6.987655,-0.049276,0.109811,0.006089
2017988430.000,Miguel,recording,shake_phone,2,1.781280,6.589649,6.988607,-0.038610,0.081296,0.002348
2017988440.000,Miguel,recording,shake_phone,2,1.809721,6.559213,6.983009,-0.025756,0.038715,-0.007259
2017988450.000,Miguel,recording,shake_phone,2,1.765025,6.535957,6.998295,-0.011907,-0.007549,-0.016802
2017988460.000,Miguel,recording,shake_phone,2,1.717392,6.536267,7.006547,0.004491,-0.046226,-0.019955
2017988470.000,Miguel,recording,shake_phone,2,1.717319,6.561765,6.960271,0.017851,-0.068497,-0.015839
2017988480.000,Miguel,recording,shake_phone,2,1.823752,6.599393,6.915507,0.022246,-0.068728,-0.009592
2017988490.000,Miguel,recording,shake_phone,2,1.929876,6.592755,6.900821,0.018666,-0.046353,-0.005433
2017988500.000,Miguel,recording,shake_phone,2,1.955500,6.605916,6.903090,0.012441,-0.012448,-0.004185
2017988510.000,Miguel,recording,shake_phone,2,1.921580,6.647397,6.907374,0.007075,0.015636,-0.006594
2017988520.000,Miguel,recording,shake_phone,2,1.832171,6.659928,6.923758,0.005176,0.026996,-0.010851
2017988530.000,Miguel,recording,shake_phone,2,1.729818,6.667512,6.963810,0.009024,0.020715,-0.012921
2017988540.000,Miguel,recording,shake_phone,2,1.663524,6.665395,6.979090,0.018887,0.003811,-0.010252
2017988550.000,Miguel,recording,shake_phone,2,1.654277,6.655403,6.920030,0.029516,-0.015086,-0.003016
2017988560.000,Miguel,recording,shake_phone,2,1.735125,6.662923,6.822691,0.031803,-0.029036,0.005918
2017988570.000,Miguel,recording,shake_phone,2,1.795821,6.653585,6.746480,0.022426,-0.032212,0.013859
2017988580.000,Miguel,recording,shake_phone,2,1.848794,6.624705,6.726871,0.005361,-0.022083,0.020956
2017988590.000,Miguel,recording,shake_phone,2,1.945694,6.614664,6.736961,-0.014718,0.001497,0.025412
2017988600.000,Miguel,recording,shake_phone,2,2.019430,6.610319,6.770315,-0.035243,0.035313,0.024574
2017988610.000,Miguel,recording,shake_phone,2,2.043759,6.609361,6.825034,-0.052814,0.070136,0.019936
2017988620.000,Miguel,recording,shake_phone,2,1.982271,6.625791,6.911280,-0.063751,0.093631,0.014297
2017988630.000,Miguel,recording,shake_phone,2,1.903335,6.655093,6.999141,-0.066802,0.098114,0.009201
2017988640.000,Miguel,recording,shake_phone,2,1.855179,6.669139,7.065439,-0.060692,0.085095,0.004926
2017988650.000,Miguel,recording,shake_phone,2,1.830602,6.659864,7.091557,-0.045697,0.060848,0.000504
2017988660.000,Miguel,recording,shake_phone,2,1.829964,6.646019,7.062672,-0.027605,0.030573,-0.004882
2017988670.000,Miguel,recording,shake_phone,2,1.820402,6.629771,7.027326,-0.012947,0.001634,-0.010391
2017988680.000,Miguel,recording,shake_phone,2,1.827590,6.590896,7.001759,-0.003089,-0.017887,-0.015162
2017988690.000,Miguel,recording,shake_phone,2,1.856061,6.582295,6.959728,0.001892,-0.027258,-0.019504
2017988700.000,Miguel,recording,shake_phone,2,1.852315,6.572638,6.963544,0.002707,-0.028101,-0.022526
2017988710.000,Miguel,recording,shake_phone,2,1.844757,6.558865,6.991750,0.003831,-0.021415,-0.023320
2017988720.000,Miguel,recording,shake_phone,2,1.854622,6.583844,7.001622,0.007331,-0.011794,-0.023252
2017988730.000,Miguel,recording,shake_phone,2,1.864384,6.616481,6.980940,0.010284,-0.003972,-0.023586
2017988740.000,Miguel,recording,shake_phone,2,1.843886,6.650380,6.940719,0.010254,0.002081,-0.025029
2017988750.000,Miguel,recording,shake_phone,2,1.787933,6.661564,6.883652,0.007921,0.007765,-0.026198
2017988760.000,Miguel,recording,shake_phone,2,1.708039,6.654314,6.861219,0.003259,0.013049,-0.023788
2017988770.000,Miguel,recording,shake_phone,2,1.632921,6.661299,6.849770,-0.004437,0.018118,-0.017273
2017988780.000,Miguel,recording,shake_phone,2,1.580852,6.656483,6.865044,-0.011904,0.021630,-0.007711
2017988790.000,Miguel,recording,shake_phone,2,1.541471,6.616040,6.899494,-0.014612,0.022034,0.004298
2017988800.000,Miguel,recording,shake_phone,2,1.517239,6.598187,6.918441,-0.011403,0.018209,0.017814
2017988810.000,Miguel,recording,shake_phone,2,1.558073,6.592139,6.917572,-0.004665,0.008402,0.031095
2017988820.000,Miguel,recording,shake_phone,2,1.692991,6.576339,6.861247,0.001692,-0.005643,0.038926
2017988830.000,Miguel,recording,shake_phone,2,1.872898,6.582098,6.768879,0.002805,-0.020475,0.035185
2017988840.000,Miguel,recording,shake_phone,2,1.939512,6.594320,6.705634,-0.004394,-0.033375,0.021995
2017988850.000,Miguel,recording,shake_phone,2,1.891540,6.612940,6.689025,-0.018923,-0.041532,0.009259
2017988860.000,Miguel,recording,shake_phone,2,1.820532,6.621139,6.702483,-0.038297,-0.044011,0.002781
2017988870.000,Miguel,recording,shake_phone,2,1.768052,6.626684,6.784352,-0.056701,-0.038741,0.002951
2017988880.000,Miguel,recording,shake_phone,2,1.725057,6.622623,6.899701,-0.067219,-0.026419,0.009581
2017988890.000,Miguel,recording,shake_phone,2,1.717662,6.617299,6.961669,-0.069011,-0.012450,0.020567
2017988900.000,Miguel,recording,shake_phone,2,1.767237,6.608049,6.988104,-0.067095,-0.000974,0.031740
2017988910.000,Miguel,recording,shake_phone,2,1.863071,6.582564,7.000970,-0.064576,0.005104,0.038996
2017988920.000,Miguel,recording,shake_phone,2,1.992465,6.560059,7.044357,-0.060078,0.006865,0.038818
2017988930.000,Miguel,recording,shake_phone,2,2.094246,6.547598,7.105673,-0.052595,0.008101,0.030413
2017988940.000,Miguel,recording,shake_phone,2,2.126656,6.539106,7.138553,-0.042927,0.011336,0.016773
2017988950.000,Miguel,recording,shake_phone,2,2.128230,6.535792,7.160200,-0.032839,0.017225,0.001887
2017988960.000,Miguel,recording,shake_phone,2,2.095493,6.541166,7.195422,-0.023483,0.024520,-0.009960
2017988970.000,Miguel,recording,shake_phone,2,2.064052,6.565437,7.225377,-0.014510,0.030877,-0.018579
2017988980.000,Miguel,recording,shake_phone,2,2.053606,6.591501,7.274339,-0.004661,0.035434,-0.027689
2017988990.000,Miguel,recording,shake_phone,2,2.037954,6.575075,7.344832,0.009304,0.038513,-0.036090
2017989000.000,Miguel,recording,shake_phone,2,2.031303,6.536845,7.429277,0.031733,0.042297,-0.042862
2017989010.000,Miguel,recording,shake_phone,2,2.171712,6.493964,7.492982,0.062680,0.054642,-0.053567
2017989020.000,Miguel,recording,shake_phone,2,2.321341,6.480708,7.460399,0.096500,0.082969,-0.073443
2017989030.000,Miguel,recording,shake_phone,2,2.313302,6.494650,7.403856,0.128804,0.124006,-0.099836
2017989040.000,Miguel,recording,shake_phone,2,2.173610,6.526194,7.362440,0.157765,0.165503,-0.124215
2017989050.000,Miguel,recording,shake_phone,2,1.946766,6.567087,7.300709,0.181028,0.195822,-0.138019
2017989060.000,Miguel,recording,shake_phone,2,1.673603,6.616623,7.206225,0.198182,0.208061,-0.136755
2017989070.000,Miguel,recording,shake_phone,2,1.416281,6.669516,7.107720,0.210650,0.198769,-0.122455
2017989080.000,Miguel,recording,shake_phone,2,1.230275,6.704207,7.046899,0.220062,0.171302,-0.099313
2017989090.000,Miguel,recording,shake_phone,2,1.098348,6.702586,7.038909,0.231481,0.134031,-0.073251
2017989100.000,Miguel,recording,shake_phone,2,1.019622,6.662604,7.079978,0.255589,0.089140,-0.050425
2017989110.000,Miguel,recording,shake_phone,2,1.006370,6.600612,7.150091,0.304630,0.038961,-0.032019
2017989120.000,Miguel,recording,shake_phone,2,0.945986,6.650515,7.125389,0.379719,-0.008908,-0.014696
2017989130.000,Miguel,recording,shake_phone,2,0.817197,6.716481,6.868115,0.462804,-0.057329,0.007078
2017989140.000,Miguel,recording,shake_phone,2,0.940195,6.705206,6.378603,0.520671,-0.121045,0.033886
2017989150.000,Miguel,recording,shake_phone,2,1.322297,6.737236,5.866364,0.523958,-0.201974,0.052726
2017989160.000,Miguel,recording,shake_phone,2,1.559075,6.847701,5.564879,0.471375,-0.286870,0.049029
2017989170.000,Miguel,recording,shake_phone,2,1.448203,6.968979,5.529981,0.390022,-0.386740,0.022771
2017989180.000,Miguel,recording,shake_phone,2,1.004887,7.096005,5.548059,0.306934,-0.560167,-0.020309
2017989190.000,Miguel,recording,shake_phone,2,0.378053,7.205677,5.205037,0.225552,-0.916590,-0.076446
2017989200.000,Miguel,recording,shake_phone,2,0.279570,7.430206,4.163275,0.122094,-1.574679,-0.155528
2017989210.000,Miguel,recording,shake_phone,2,0.877323,7.683049,2.837516,-0.039736,-2.560830,-0.291841
2017989220.000,Miguel,recording,shake_phone,2,1.682120,7.619078,2.291196,-0.259255,-3.760042,-0.482133
2017989230.000,Miguel,recording,shake_phone,2,2.330923,7.178053,2.794140,-0.473841,-4.904803,-0.637660
2017989240.000,Miguel,recording,shake_phone,2,2.852329,6.692602,3.318368,-0.641046,-5.619249,-0.646034
2017989250.000,Miguel,recording,shake_phone,2,3.985766,6.182331,4.051552,-0.804685,-5.562646,-0.440158
2017989260.000,Miguel,recording,shake_phone,2,5.886877,5.087736,5.851681,-1.023618,-4.524548,-0.018991
2017989270.000,Miguel,recording,shake_phone,2,7.113866,4.327211,8.100632,-1.272790,-2.485077,0.550680
2017989280.000,Miguel,recording,shake_phone,2,7.575380,4.972896,10.113677,-1.432986,0.230436,1.113747
2017989290.000,Miguel,recording,shake_phone,2,7.274152,6.286235,11.592303,-1.399793,2.927870,1.492052
2017989300.000,Miguel,recording,shake_phone,2,6.316191,6.998650,11.539480,-1.205728,4.792428,1.588110
2017989310.000,Miguel,recording,shake_phone,2,4.977451,7.432487,9.825329,-0.998038,5.228546,1.380566
2017989320.000,Miguel,recording,shake_phone,2,3.260806,8.040890,8.121666,-0.830240,4.131705,0.916808
2017989330.000,Miguel,recording,shake_phone,2,2.786630,8.131074,7.967613,-0.567028,1.963204,0.273136
2017989340.000,Miguel,recording,shake_phone,2,3.534833,7.856009,8.721056,-0.118058,-0.467386,-0.462686
2017989350.000,Miguel,recording,shake_phone,2,3.614110,7.486671,8.667386,0.407587,-2.397345,-1.125973
2017989360.000,Miguel,recording,shake_phone,2,2.412730,6.589527,7.487364,0.845632,-3.388503,-1.514994
2017989370.000,Miguel,recording,shake_phone,2,1.097985,5.583104,6.138726,1.123819,-3.421925,-1.523227
2017989380.000,Miguel,recording,shake_phone,2,0.334974,5.427050,4.630814,1.227076,-2.751679,-1.195139
2017989390.000,Miguel,recording,shake_phone,2,0.308425,5.837291,3.133950,1.126215,-1.697188,-0.666428
2017989400.000,Miguel,recording,shake_phone,2,1.282042,6.003814,2.107696,0.797995,-0.563975,-0.101933
2017989410.000,Miguel,recording,shake_phone,2,2.831433,6.059767,1.835015,0.275654,0.408462,0.346412
2017989420.000,Miguel,recording,shake_phone,2,4.041710,6.288129,2.630650,-0.327612,1.092428,0.599056
2017989430.000,Miguel,recording,shake_phone,2,4.501106,6.580291,4.665572,-0.844315,1.477831,0.666556
2017989440.000,Miguel,recording,shake_phone,2,4.432680,6.694145,7.119744,-1.132075,1.627095,0.611331
2017989450.000,Miguel,recording,shake_phone,2,4.182304,6.592200,8.877442,-1.159208,1.638079,0.495116
2017989460.000,Miguel,recording,shake_phone,2,3.859069,6.423586,9.629784,-1.004542,1.603610,0.364689
2017989470.000,Miguel,recording,shake_phone,2,3.453007,6.220670,9.611506,-0.777233,1.556744,0.253659
2017989480.000,Miguel,recording,shake_phone,2,3.130734,6.041239,9.176607,-0.556615,1.473679,0.168861
2017989490.000,Miguel,recording,shake_phone,2,2.949384,5.940960,8.661507,-0.379067,1.325186,0.091979
2017989500.000,Miguel,recording,shake_phone,2,2.836105,5.902027,8.239381,-0.246423,1.107992,0.008445
2017989510.000,Miguel,recording,shake_phone,2,2.699738,5.785751,7.928414,-0.145734,0.847848,-0.077304
2017989520.000,Miguel,recording,shake_phone,2,2.578360,5.638544,7.672060,-0.063478,0.585657,-0.156503
2017989530.000,Miguel,recording,shake_phone,2,2.441285,5.543649,7.513811,0.011152,0.354535,-0.223273
2017989540.000,Miguel,recording,shake_phone,2,2.251020,5.490367,7.463428,0.086356,0.170140,-0.268243
2017989550.000,Miguel,recording,shake_phone,2,2.076531,5.482499,7.403908,0.166493,0.035606,-0.284055
2017989560.000,Miguel,recording,shake_phone,2,1.945865,5.509012,7.320810,0.247748,-0.051242,-0.271002
2017989570.000,Miguel,recording,shake_phone,2,1.874271,5.662653,7.157112,0.315531,-0.094524,-0.233755
2017989580.000,Miguel,recording,shake_phone,2,1.848728,5.889955,6.946759,0.356049,-0.100782,-0.180277
2017989590.000,Miguel,recording,shake_phone,2,1.852455,6.090970,6.758441,0.364532,-0.077500,-0.119968
2017989600.000,Miguel,recording,shake_phone,2,1.906614,6.261984,6.576190,0.342075,-0.036700,-0.063129
2017989610.000,Miguel,recording,shake_phone,2,2.008896,6.421703,6.417473,0.294363,0.004253,-0.019518
2017989620.000,Miguel,recording,shake_phone,2,2.122729,6.586699,6.338877,0.230593,0.031180,0.002614
2017989630.000,Miguel,recording,shake_phone,2,2.230216,6.652736,6.404637,0.160571,0.039325,0.002261
2017989640.000,Miguel,recording,shake_phone,2,2.275483,6.576745,6.506808,0.093580,0.034227,-0.009259
2017989650.000,Miguel,recording,shake_phone,2,2.277450,6.424095,6.614476,0.039592,0.027169,-0.017645
2017989660.000,Miguel,recording,shake_phone,2,2.279567,6.322057,6.787267,0.004231,0.025686,-0.016949
2017989670.000,Miguel,recording,shake_phone,2,2.317604,6.268616,6.962428,-0.012653,0.027043,-0.007856
2017989680.000,Miguel,recording,shake_phone,2,2.352710,6.213313,7.034048,-0.013249,0.027594,0.008152
2017989690.000,Miguel,recording,shake_phone,2,2.383682,6.166369,7.040232,-0.002602,0.029124,0.029743
2017989700.000,Miguel,recording,shake_phone,2,2.426828,6.172974,7.049639,0.012568,0.034892,0.054868
2017989710.000,Miguel,recording,shake_phone,2,2.524678,6.246913,7.053976,0.026789,0.045491,0.077037
2017989720.000,Miguel,recording,shake_phone,2,2.627227,6.298550,7.019978,0.035885,0.058764,0.090773
2017989730.000,Miguel,recording,shake_phone,2,2.692176,6.340812,6.974466,0.037168,0.074151,0.096039
2017989740.000,Miguel,recording,shake_phone,2,2.744209,6.412826,6.954880,0.031134,0.092495,0.093045
2017989750.000,Miguel,recording,shake_phone,2,2.742024,6.490488,6.971633,0.019316,0.110950,0.083697
2017989760.000,Miguel,recording,shake_phone,2,2.709946,6.529148,7.022886,0.004611,0.121912,0.072325
2017989770.000,Miguel,recording,shake_phone,2,2.658774,6.503174,7.072617,-0.008094,0.121751,0.063362
2017989780.000,Miguel,recording,shake_phone,2,2.613705,6.466492,7.134698,-0.014084,0.115064,0.058260
2017989790.000,Miguel,recording,shake_phone,2,2.626710,6.440352,7.194475,-0.010758,0.108481,0.054441
2017989800.000,Miguel,recording,shake_phone,2,2.676455,6.404395,7.181394,-0.002073,0.104027,0.049769
2017989810.000,Miguel,recording,shake_phone,2,2.651750,6.368761,7.096085,0.004320,0.100280,0.043160
2017989820.000,Miguel,recording,shake_phone,2,2.548225,6.343051,7.019240,0.004348,0.093722,0.036465
2017989830.000,Miguel,recording,shake_phone,2,2.396231,6.331005,7.005725,0.001061,0.079164,0.034736
2017989840.000,Miguel,recording,shake_phone,2,2.349776,6.359828,7.046292,0.000332,0.058021,0.039117
2017989850.000,Miguel,recording,shake_phone,2,2.399075,6.369865,7.130794,0.004726,0.039011,0.046114
2017989860.000,Miguel,recording,shake_phone,2,2.458924,6.349328,7.190881,0.015565,0.026900,0.052313
2017989870.000,Miguel,recording,shake_phone,2,2.507317,6.351449,7.179830,0.032089,0.020116,0.055809
2017989880.000,Miguel,recording,shake_phone,2,2.498137,6.365863,7.115702,0.049334,0.015501,0.057352
2017989890.000,Miguel,recording,shake_phone,2,2.470321,6.392037,7.030350,0.060835,0.009703,0.058535
2017989900.000,Miguel,recording,shake_phone,2,2.519285,6.425875,7.000328,0.061917,0.003454,0.060085
2017989910.000,Miguel,recording,shake_phone,2,2.605054,6.400660,6.974700,0.053716,0.004610,0.060673
2017989920.000,Miguel,recording,shake_phone,2,2.658939,6.363210,6.968746,0.043675,0.018940,0.056916
2017989930.000,Miguel,recording,shake_phone,2,2.631918,6.368484,6.969813,0.038810,0.039548,0.049152
2017989940.000,Miguel,recording,shake_phone,2,2.563766,6.376958,6.959986,0.040109,0.051694,0.042132
2017989950.000,Miguel,recording,shake_phone,2,2.516989,6.389278,6.940583,0.041732,0.047139,0.036915
2017989960.000,Miguel,recording,shake_phone,2,2.504479,6.400273,6.929600,0.040024,0.029507,0.030676
2017989970.000,Miguel,recording,shake_phone,2,2.464377,6.393792,6.938907,0.040731,0.006793,0.022452
2017989980.000,Miguel,recording,shake_phone,2,2.393122,6.368915,6.945274,0.048046,-0.017475,0.014612
2017989990.000,Miguel,recording,shake_phone,2,2.337578,6.353113,6.877241,0.057079,-0.040285,0.009845
2017990000.000,Miguel,recording,shake_phone,2,2.292947,6.364702,6.784289,0.060433,-0.058047,0.009219
2017990010.000,Miguel,recording,shake_phone,2,2.247120,6.357944,6.748850,0.055441,-0.070282,0.013510
2017990020.000,Miguel,recording,shake_phone,2,2.199225,6.348032,6.717208,0.045238,-0.075840,0.022877
2017990030.000,Miguel,recording,shake_phone,2,2.251243,6.364054,6.684055,0.032436,-0.070660,0.035997
2017990040.000,Miguel,recording,shake_phone,2,2.390480,6.371229,6.665664,0.014550,-0.051530,0.047484
2017990050.000,Miguel,recording,shake_phone,2,2.486472,6.356100,6.657053,-0.010449,-0.024260,0.053297
2017990060.000,Miguel,recording,shake_phone,2,2.500879,6.307981,6.672116,-0.039307,0.001652,0.054314
2017990070.000,Miguel,recording,shake_phone,2,2.439785,6.288988,6.737617,-0.064338,0.021248,0.052567
2017990080.000,Miguel,recording,shake_phone,2,2.419384,6.281273,6.803551,-0.081276,0.028966,0.050155
2017990090.000,Miguel,recording,shake_phone,2,2.448693,6.277562,6.876980,-0.094361,0.020611,0.046559
2017990100.000,Miguel,recording,shake_phone,2,2.446923,6.228863,6.970930,-0.104878,0.001760,0.042026
2017990110.000,Miguel,recording,shake_phone,2,2.418358,6.186882,7.059854,-0.106613,-0.018727,0.038528
2017990120.000,Miguel,recording,shake_phone,2,2.414152,6.185962,7.151958,-0.096458,-0.036692,0.035605
2017990130.000,Miguel,recording,shake_phone,2,2.457574,6.193456,7.271493,-0.076452,-0.049355,0.033353
2017990140.000,Miguel,recording,shake_phone,2,2.508978,6.159977,7.376103,-0.048258,-0.055884,0.033343
2017990150.000,Miguel,recording,shake_phone,2,2.546745,6.139616,7.414722,-0.014378,-0.058904,0.034634
2017990160.000,Miguel,recording,shake_phone,2,2.603368,6.168242,7.353668,0.018952,-0.062991,0.034529
2017990170.000,Miguel,recording,shake_phone,2,2.647679,6.231739,7.195271,0.041525,-0.070168,0.032157
2017990180.000,Miguel,recording,shake_phone,2,2.669174,6.285204,7.058474,0.044732,-0.075441,0.029262
2017990190.000,Miguel,recording,shake_phone,2,2.693865,6.336557,7.024036,0.030837,-0.073275,0.027608
2017990200.000,Miguel,recording,shake_phone,2,2.679175,6.381197,7.077179,0.013331,-0.060696,0.027846
2017990210.000,Miguel,recording,shake_phone,2,2.660412,6.412110,7.127335,0.003583,-0.039513,0.030553
2017990220.000,Miguel,recording,shake_phone,2,2.681552,6.426544,7.116095,0.001620,-0.018169,0.034020
2017990230.000,Miguel,recording,shake_phone,2,2.737497,6.408167,7.084182,0.003025,-0.005089,0.032570
2017990240.000,Miguel,recording,shake_phone,2,2.780493,6.381171,7.064214,0.007243,-0.004152,0.023096
2017990250.000,Miguel,recording,shake_phone,2,2.774072,6.350152,7.041661,0.016035,-0.015149,0.008436
2017990260.000,Miguel,recording,shake_phone,2,2.731163,6.338695,6.981573,0.027729,-0.038471,-0.006518
2017990270.000,Miguel,recording,shake_phone,2,2.690764,6.348994,6.894785,0.036690,-0.068221,-0.018282
2017990280.000,Miguel,recording,shake_phone,2,2.682091,6.339229,6.842779,0.037526,-0.089171,-0.025746
2017990290.000,Miguel,recording,shake_phone,2,2.671029,6.343384,6.853658,0.031164,-0.091598,-0.026955
2017990300.000,Miguel,recording,shake_phone,2,2.618005,6.352397,6.879757,0.023335,-0.077701,-0.020527
2017990310.000,Miguel,recording,shake_phone,2,2.555967,6.377197,6.879630,0.016790,-0.054877,-0.007262
2017990320.000,Miguel,recording,shake_phone,2,2.558251,6.416662,6.848734,0.009419,-0.027508,0.009682
2017990330.000,Miguel,recording,shake_phone,2,2.615510,6.442355,6.806401,-0.002500,0.001685,0.023391
2017990340.000,Miguel,recording,shake_phone,2,2.687071,6.447654,6.777806,-0.018662,0.028342,0.030632
2017990350.000,Miguel,recording,shake_phone,2,2.679358,6.443376,6.749713,-0.035736,0.054204,0.036746
2017990360.000,Miguel,recording,shake_phone,2,2.660710,6.441421,6.682783,-0.056238,0.089274,0.046615
2017990370.000,Miguel,recording,shake_phone,2,2.650798,6.437445,6.643970,-0.087530,0.140174,0.059791
2017990380.000,Miguel,recording,shake_phone,2,2.608589,6.406092,6.684295,-0.127526,0.200930,0.074777
2017990390.000,Miguel,recording,shake_phone,2,2.515643,6.334559,6.775808,-0.164300,0.261164,0.092248
2017990400.000,Miguel,recording,shake_phone,2,2.417282,6.249466,6.887543,-0.189660,0.312362,0.112540
2017990410.000,Miguel,recording,shake_phone,2,2.371171,6.182506,7.005576,-0.199444,0.347779,0.132349
2017990420.000,Miguel,recording,shake_phone,2,2.435824,6.079955,7.134955,-0.186996,0.375325,0.142194
2017990430.000,Miguel,recording,shake_phone,2,2.603161,5.915967,7.342183,-0.141947,0.415815,0.134141
2017990440.000,Miguel,recording,shake_phone,2,2.685972,5.885788,7.552925,-0.066760,0.470748,0.117313
2017990450.000,Miguel,recording,shake_phone,2,2.682163,6.003825,7.512709,0.010093,0.518629,0.105586
2017990460.000,Miguel,recording,shake_phone,2,2.725764,6.082368,7.244642,0.056889,0.545353,0.096054
2017990470.000,Miguel,recording,shake_phone,2,2.764965,6.128268,7.025457,0.065020,0.548779,0.078154
2017990480.000,Miguel,recording,shake_phone,2,2.676317,6.230868,6.946727,0.046936,0.529550,0.052763
2017990490.000,Miguel,recording,shake_phone,2,2.536304,6.307350,6.964106,0.020886,0.490176,0.026295
2017990500.000,Miguel,recording,shake_phone,2,2.428305,6.359921,7.019528,-0.001132,0.432855,0.001095
2017990510.000,Miguel,recording,shake_phone,2,2.337386,6.409967,7.060642,-0.017980,0.358213,-0.021225
2017990520.000,Miguel,recording,shake_phone,2,2.264794,6.412105,7.111845,-0.031670,0.272202,-0.039225
2017990530.000,Miguel,recording,shake_phone,2,2.259452,6.381770,7.191555,-0.040022,0.188062,-0.053734
2017990540.000,Miguel,recording,shake_phone,2,2.334912,6.335152,7.315324,-0.039974,0.116548,-0.068760
2017990550.000,Miguel,recording,shake_phone,2,2.372607,6.266339,7.416975,-0.030835,0.061974,-0.086912
2017990560.000,Miguel,recording,shake_phone,2,2.354196,6.186406,7.443303,-0.014714,0.026175,-0.104314
2017990570.000,Miguel,recording,shake_phone,2,2.346459,6.122348,7.421586,0.004216,0.008858,-0.115647
2017990580.000,Miguel,recording,shake_phone,2,2.310960,6.102344,7.382771,0.019352,0.007468,-0.121197
2017990590.000,Miguel,recording,shake_phone,2,2.232288,6.143050,7.331443,0.026622,0.016097,-0.120090
2017990600.000,Miguel,recording,shake_phone,2,2.157745,6.190645,7.264546,0.026887,0.024845,-0.111032
2017990610.000,Miguel,recording,shake_phone,2,2.125515,6.231661,7.211780,0.020871,0.027164,-0.099109
2017990620.000,Miguel,recording,shake_phone,2,2.133387,6.235722,7.181888,0.011238,0.024792,-0.089885
2017990630.000,Miguel,recording,shake_phone,2,2.144722,6.219112,7.190693,0.001805,0.021548,-0.084752
2017990640.000,Miguel,recording,shake_phone,2,2.125415,6.213664,7.192669,-0.006639,0.018336,-0.083854
2017990650.000,Miguel,recording,shake_phone,2,2.081062,6.200876,7.211207,-0.013068,0.014769,-0.086289
2017990660.000,Miguel,recording,shake_phone,2,2.019451,6.212892,7.239764,-0.014889,0.009404,-0.087823
2017990670.000,Miguel,recording,shake_phone,2,1.967878,6.241466,7.266624,-0.011882,0.000478,-0.085759
2017990680.000,Miguel,recording,shake_phone,2,1.952891,6.265207,7.286463,-0.005565,-0.010714,-0.081217
2017990690.000,Miguel,recording,shake_phone,2,1.951838,6.285206,7.268678,0.001134,-0.019842,-0.074669
2017990700.000,Miguel,recording,shake_phone,2,1.995387,6.286870,7.244379,0.003410,-0.026009,-0.067150
2017990710.000,Miguel,recording,shake_phone,2,2.038169,6.262377,7.216612,0.000083,-0.030049,-0.061446
2017990720.000,Miguel,recording,shake_phone,3,2.042802,6.222416,7.221701,-0.005125,-0.028916,-0.056798
2017990730.000,Miguel,recording,shake_phone,3,2.030068,6.174362,7.251029,-0.005805,-0.021313,-0.049849
2017990740.000,Miguel,recording,shake_phone,3,2.055127,6.130656,7.287859,0.004064,-0.009695,-0.041220
2017990750.000,Miguel,recording,shake_phone,3,2.120499,6.112146,7.254101,0.024615,0.003554,-0.035434
2017990760.000,Miguel,recording,shake_phone,3,2.145391,6.147405,7.173122,0.048433,0.015790,-0.035411
2017990770.000,Miguel,recording,shake_phone,3,2.116307,6.219498,7.071609,0.064097,0.022137,-0.038791
2017990780.000,Miguel,recording,shake_phone,3,2.061763,6.285766,7.019306,0.066910,0.022163,-0.041663
2017990790.000,Miguel,recording,shake_phone,3,2.007094,6.296328,7.046085,0.062819,0.022973,-0.041483
2017990800.000,Miguel,recording,shake_phone,3,1.985511,6.292380,7.113403,0.059940,0.028632,-0.035879
2017990810.000,Miguel,recording,shake_phone,3,2.003407,6.337280,7.189771,0.063084,0.036891,-0.026302
2017990820.000,Miguel,recording,shake_phone,3,2.036562,6.373432,7.230603,0.072338,0.044668,-0.017399
2017990830.000,Miguel,recording,shake_phone,3,2.091514,6.395284,7.224233,0.084545,0.048533,-0.012480
2017990840.000,Miguel,recording,shake_phone,3,2.163379,6.398579,7.133629,0.094504,0.045247,-0.013766
2017990850.000,Miguel,recording,shake_phone,3,2.186209,6.388823,7.037582,0.097680,0.034391,-0.021521
2017990860.000,Miguel,recording,shake_phone,3,2.194604,6.353395,6.959866,0.093014,0.017933,-0.032524
2017990870.000,Miguel,recording,shake_phone,3,2.217062,6.337137,6.884922,0.079733,-0.000552,-0.043902
2017990880.000,Miguel,recording,shake_phone,3,2.209703,6.387157,6.833470,0.055127,-0.017291,-0.054610
2017990890.000,Miguel,recording,shake_phone,3,2.204269,6.455300,6.857515,0.020452,-0.030063,-0.063699
2017990900.000,Miguel,recording,shake_phone,3,2.197272,6.484977,6.911250,-0.017706,-0.036668,-0.069361
2017990910.000,Miguel,recording,shake_phone,3,2.217700,6.474297,6.950794,-0.054861,-0.033254,-0.071308
2017990920.000,Miguel,recording,shake_phone,3,2.246760,6.381312,7.011771,-0.089986,-0.016540,-0.070681
2017990930.000,Miguel,recording,shake_phone,3,2.251974,6.256895,7.101698,-0.119573,0.013348,-0.068455
2017990940.000,Miguel,recording,shake_phone,3,2.201157,6.176727,7.227250,-0.136999,0.051153,-0.066321
2017990950.000,Miguel,recording,shake_phone,3,2.078695,6.139700,7.364415,-0.139697,0.084980,-0.064349
2017990960.000,Miguel,recording,shake_phone,3,1.956795,6.130054,7.457151,-0.130969,0.103292,-0.060820
2017990970.000,Miguel,recording,shake_phone,3,1.882163,6.154791,7.502953,-0.113628,0.103187,-0.054684
2017990980.000,Miguel,recording,shake_phone,3,1.865016,6.158544,7.522745,-0.089843,0.088344,-0.047338
2017990990.000,Miguel,recording,shake_phone,3,1.932942,6.186049,7.503314,-0.064743,0.066014,-0.042894
2017991000.000,Miguel,recording,shake_phone,3,2.048631,6.198163,7.474689,-0.042576,0.044189,-0.043935
2017991010.000,Miguel,recording,shake_phone,3,2.139898,6.163175,7.434278,-0.025558,0.027894,-0.049250
2017991020.000,Miguel,recording,shake_phone,3,2.169904,6.131263,7.373177,-0.015476,0.020530,-0.058053
2017991030.000,Miguel,recording,shake_phone,3,2.175167,6.154510,7.355945,-0.011853,0.023706,-0.069725
2017991040.000,Miguel,recording,shake_phone,3,2.182468,6.193322,7.388108,-0.009980,0.037600,-0.082004
2017991050.000,Miguel,recording,shake_phone,3,2.169818,6.213613,7.434989,-0.004861,0.061770,-0.093710
2017991060.000,Miguel,recording,shake_phone,3,2.120249,6.234516,7.418198,0.002335,0.091530,-0.103480
2017991070.000,Miguel,recording,shake_phone,3,2.064548,6.289205,7.341486,0.005195,0.116478,-0.109820
2017991080.000,Miguel,recording,shake_phone,3,2.032622,6.362594,7.251813,-0.001614,0.128542,-0.115055
2017991090.000,Miguel,recording,shake_phone,3,1.987623,6.424946,7.225262,-0.016574,0.128235,-0.122561
2017991100.000,Miguel,recording,shake_phone,3,1.919463,6.424193,7.271572,-0.033228,0.120181,-0.132193
2017991110.000,Miguel,recording,shake_phone,3,1.813761,6.409405,7.347854,-0.045947,0.108378,-0.140211
2017991120.000,Miguel,recording,shake_phone,3,1.685311,6.390048,7.448083,-0.049411,0.095766,-0.142282
2017991130.000,Miguel,recording,shake_phone,3,1.586742,6.348031,7.586821,-0.038326,0.083881,-0.136834
2017991140.000,Miguel,recording,shake_phone,3,1.544181,6.311864,7.673443,-0.011506,0.071029,-0.125779
2017991150.000,Miguel,recording,shake_phone,3,1.538580,6.295429,7.643693,0.025874,0.055062,-0.114472
2017991160.000,Miguel,recording,shake_phone,3,1.557599,6.305315,7.508424,0.063643,0.036731,-0.108186
2017991170.000,Miguel,recording,shake_phone,3,1.596495,6.295709,7.335077,0.091298,0.019170,-0.108552
2017991180.000,Miguel,recording,shake_phone,3,1.596562,6.283766,7.175795,0.103045,0.002439,-0.115215
2017991190.000,Miguel,recording,shake_phone,3,1.583445,6.269476,7.073407,0.099682,-0.016322,-0.123916
2017991200.000,Miguel,recording,shake_phone,3,1.567035,6.246284,7.063146,0.087348,-0.035958,-0.127084
2017991210.000,Miguel,recording,shake_phone,3,1.497328,6.234517,7.120001,0.075644,-0.052700,-0.119953
2017991220.000,Miguel,recording,shake_phone,3,1.473184,6.254435,7.189067,0.071325,-0.064079,-0.103635
2017991230.000,Miguel,recording,shake_phone,3,1.520380,6.270357,7.212034,0.072751,-0.069854,-0.083146
2017991240.000,Miguel,recording,shake_phone,3,1.587781,6.280191,7.170840,0.074468,-0.071327,-0.062141
2017991250.000,Miguel,recording,shake_phone,3,1.659213,6.285874,7.122166,0.073829,-0.070905,-0.044172
2017991260.000,Miguel,recording,shake_phone,3,1.752037,6.297603,7.057953,0.068780,-0.069392,-0.033674
2017991270.000,Miguel,recording,shake_phone,3,1.824335,6.342539,6.994796,0.057363,-0.066723,-0.030586
2017991280.000,Miguel,recording,shake_phone,3,1.883680,6.391046,6.980571,0.042463,-0.065091,-0.031152
2017991290.000,Miguel,recording,shake_phone,3,1.922824,6.448734,6.990435,0.026926,-0.065888,-0.034783
2017991300.000,Miguel,recording,shake_phone,3,1.928130,6.535128,7.015803,0.010901,-0.069767,-0.041617
2017991310.000,Miguel,recording,shake_phone,3,1.905416,6.606884,7.080647,-0.005830,-0.075015,-0.049414
2017991320.000,Miguel,recording,shake_phone,3,1.858750,6.602524,7.166873,-0.021266,-0.078088,-0.055584
2017991330.000,Miguel,recording,shake_phone,3,1.815959,6.574123,7.240703,-0.031214,-0.076691,-0.058483
2017991340.000,Miguel,recording,shake_phone,3,1.804542,6.530097,7.291251,-0.035226,-0.066427,-0.060495
2017991350.000,Miguel,recording,shake_phone,3,1.788840,6.455618,7.300951,-0.036696,-0.045154,-0.062572
2017991360.000,Miguel,recording,shake_phone,3,1.752929,6.396313,7.315397,-0.037332,-0.018193,-0.062745
2017991370.000,Miguel,recording,shake_phone,3,1.754273,6.355187,7.343458,-0.034622,0.007239,-0.062030
2017991380.000,Miguel,recording,shake_phone,3,1.774094,6.315051,7.376733,-0.025891,0.025335,-0.062816
2017991390.000,Miguel,recording,shake_phone,3,1.749346,6.278050,7.377017,-0.011601,0.032100,-0.066570
2017991400.000,Miguel,recording,shake_phone,3,1.706549,6.236082,7.348842,0.007108,0.025802,-0.072994
2017991410.000,Miguel,recording,shake_phone,3,1.699021,6.191979,7.294638,0.027291,0.008597,-0.081168
2017991420.000,Miguel,recording,shake_phone,3,1.691007,6.168541,7.204987,0.044388,-0.012671,-0.089623
2017991430.000,Miguel,recording,shake_phone,3,1.639501,6.172855,7.103584,0.055162,-0.028491,-0.097084
2017991440.000,Miguel,recording,shake_phone,3,1.564070,6.194409,7.025662,0.055538,-0.034533,-0.100340
2017991450.000,Miguel,recording,shake_phone,3,1.496266,6.241066,6.980538,0.044518,-0.032159,-0.096261
2017991460.000,Miguel,recording,shake_phone,3,1.462503,6.295200,6.969599,0.028396,-0.023018,-0.087020
2017991470.000,Miguel,recording,shake_phone,3,1.450374,6.352798,6.975616,0.012839,-0.010269,-0.076160
2017991480.000,Miguel,recording,shake_phone,3,1.469615,6.380793,6.994637,-0.002280,0.003153,-0.065547
2017991490.000,Miguel,recording,shake_phone,3,1.435321,6.358019,7.009514,-0.018211,0.014556,-0.054984
2017991500.000,Miguel,recording,shake_phone,3,1.364447,6.320248,7.013778,-0.034254,0.022276,-0.043345
2017991510.000,Miguel,recording,shake_phone,3,1.324891,6.298393,7.041108,-0.049343,0.027317,-0.029254
2017991520.000,Miguel,recording,shake_phone,3,1.318570,6.302436,7.124601,-0.060558,0.030909,-0.012781
2017991530.000,Miguel,recording,shake_phone,3,1.344529,6.302345,7.241305,-0.063218,0.032959,0.004884
2017991540.000,Miguel,recording,shake_phone,3,1.364739,6.307361,7.349613,-0.055289,0.034627,0.023903
2017991550.000,Miguel,recording,shake_phone,3,1.457900,6.300746,7.426763,-0.038044,0.038105,0.042251
2017991560.000,Miguel,recording,shake_phone,3,1.628942,6.276570,7.437823,-0.016194,0.042125,0.053530
2017991570.000,Miguel,recording,shake_phone,3,1.758882,6.264686,7.391818,0.005589,0.042129,0.053847
2017991580.000,Miguel,recording,shake_phone,3,1.813125,6.273804,7.311339,0.025334,0.033783,0.044692
2017991590.000,Miguel,recording,shake_phone,3,1.819815,6.267775,7.198087,0.038207,0.015225,0.030039
2017991600.000,Miguel,recording,shake_phone,3,1.792296,6.254901,7.095076,0.040164,-0.009318,0.015249
2017991610.000,Miguel,recording,shake_phone,3,1.742076,6.263047,7.057522,0.034922,-0.029248,0.006521
2017991620.000,Miguel,recording,shake_phone,3,1.751188,6.275108,7.086878,0.028214,-0.033070,0.006257
2017991630.000,Miguel,recording,shake_phone,3,1.793039,6.304605,7.119701,0.020747,-0.017609,0.010127
2017991640.000,Miguel,recording,shake_phone,3,1.779842,6.376339,7.149996,0.011746,0.006733,0.014031
2017991650.000,Miguel,recording,shake_phone,3,1.764886,6.459421,7.161287,0.003677,0.024573,0.017663
2017991660.000,Miguel,recording,shake_phone,3,1.772583,6.521266,7.143283,-0.002914,0.029022,0.017549
2017991670.000,Miguel,recording,shake_phone,3,1.805864,6.551838,7.116085,-0.010656,0.023169,0.009525
2017991680.000,Miguel,recording,shake_phone,3,1.794599,6.555519,7.144316,-0.019963,0.012188,-0.003638
2017991690.000,Miguel,recording,shake_phone,3,1.741568,6.553566,7.202549,-0.027574,0.001784,-0.015599
2017991700.000,Miguel,recording,shake_phone,3,1.703164,6.532242,7.285195,-0.030854,-0.002271,-0.022755
2017991710.000,Miguel,recording,shake_phone,3,1.665437,6.503150,7.362451,-0.029662,0.002667,-0.025038
2017991720.000,Miguel,recording,shake_phone,3,1.631587,6.474409,7.405574,-0.024245,0.016711,-0.022566
2017991730.000,Miguel,recording,shake_phone,3,1.616112,6.456972,7.409534,-0.015726,0.034611,-0.015949
2017991740.000,Miguel,recording,shake_phone,3,1.658437,6.427320,7.374980,-0.006776,0.047526,-0.008804
2017991750.000,Miguel,recording,shake_phone,3,1.748228,6.371907,7.317905,0.000256,0.051077,-0.007225
2017991760.000,Miguel,recording,shake_phone,3,1.817951,6.304857,7.266406,0.004721,0.045678,-0.015232
2017991770.000,Miguel,recording,shake_phone,3,1.830756,6.249129,7.215394,0.006934,0.033581,-0.030128
2017991780.000,Miguel,recording,shake_phone,3,1.784099,6.233896,7.215519,0.007958,0.019990,-0.045927
2017991790.000,Miguel,recording,shake_phone,3,1.695291,6.237554,7.237980,0.009639,0.009449,-0.057553
2017991800.000,Miguel,recording,shake_phone,3,1.599060,6.251239,7.273767,0.013996,0.003866,-0.060686
2017991810.000,Miguel,recording,shake_phone,3,1.512397,6.276523,7.292395,0.020226,0.003566,-0.054461
2017991820.000,Miguel,recording,shake_phone,3,1.488818,6.315669,7.272471,0.025756,0.006604,-0.043414
2017991830.000,Miguel,recording,shake_phone,3,1.523731,6.352810,7.250988,0.029975,0.011478,-0.033520
2017991840.000,Miguel,recording,shake_phone,3,1.562048,6.384379,7.212160,0.031846,0.018590,-0.027841
2017991850.000,Miguel,recording,shake_phone,3,1.578252,6.402759,7.172340,0.028489,0.026135,-0.026204
2017991860.000,Miguel,recording,shake_phone,3,1.589127,6.413695,7.114646,0.017728,0.029792,-0.026565
2017991870.000,Miguel,recording,shake_phone,3,1.579737,6.407620,7.105308,0.000770,0.029700,-0.026625
2017991880.000,Miguel,recording,shake_phone,3,1.561290,6.382317,7.176142,-0.015623,0.027964,-0.024669
2017991890.000,Miguel,recording,shake_phone,3,1.575597,6.364700,7.252686,-0.025885,0.025955,-0.020487
2017991900.000,Miguel,recording,shake_phone,3,1.608134,6.353593,7.317855,-0.029259,0.024828,-0.014995
2017991910.000,Miguel,recording,shake_phone,3,1.622957,6.355874,7.363909,-0.026285,0.024045,-0.010039
2017991920.000,Miguel,recording,shake_phone,3,1.656421,6.347603,7.397032,-0.017458,0.023770,-0.008382
2017991930.000,Miguel,recording,shake_phone,3,1.681347,6.347144,7.414707,-0.003367,0.023340,-0.011072
2017991940.000,Miguel,recording,shake_phone,3,1.651288,6.355208,7.407456,0.013448,0.019126,-0.017492
2017991950.000,Miguel,recording,shake_phone,3,1.590736,6.376243,7.387278,0.029676,0.008294,-0.025230
2017991960.000,Miguel,recording,shake_phone,3,1.519087,6.413001,7.364676,0.044852,-0.007425,-0.029398
2017991970.000,Miguel,recording,shake_phone,3,1.490400,6.437260,7.320753,0.059230,-0.020867,-0.028331
2017991980.000,Miguel,recording,shake_phone,3,1.542497,6.443158,7.233327,0.068369,-0.024074,-0.025689
2017991990.000,Miguel,recording,shake_phone,3,1.619319,6.443109,7.153368,0.067978,-0.017217,-0.024333
2017992000.000,Miguel,recording,shake_phone,3,1.673624,6.429510,7.121302,0.060443,-0.004918,-0.024696
2017992010.000,Miguel,recording,shake_phone,3,1.696564,6.427314,7.116599,0.051105,0.008640,-0.027098
2017992020.000,Miguel,recording,shake_phone,3,1.666452,6.420896,7.135137,0.044631,0.018023,-0.030680
2017992030.000,Miguel,recording,shake_phone,3,1.591102,6.410182,7.155363,0.042636,0.020602,-0.034222
2017992040.000,Miguel,recording,shake_phone,3,1.522172,6.410468,7.152142,0.044870,0.016908,-0.036840
2017992050.000,Miguel,recording,shake_phone,3,1.502177,6.427892,7.137671,0.049240,0.009330,-0.037436
2017992060.000,Miguel,recording,shake_phone,3,1.489351,6.453368,7.145724,0.053031,0.000690,-0.036060
2017992070.000,Miguel,recording,shake_phone,3,1.489175,6.455763,7.136154,0.057624,-0.006992,-0.033643
2017992080.000,Miguel,recording,shake_phone,3,1.506979,6.457874,7.084496,0.062483,-0.011145,-0.032113
2017992090.000,Miguel,recording,shake_phone,3,1.503647,6.453192,7.006379,0.061877,-0.012361,-0.032012
2017992100.000,Miguel,recording,shake_phone,3,1.492055,6.460452,6.928446,0.051474,-0.012817,-0.031565
2017992110.000,Miguel,recording,shake_phone,3,1.482009,6.447374,6.909564,0.034185,-0.011297,-0.029564
2017992120.000,Miguel,recording,shake_phone,3,1.465587,6.426503,6.972191,0.017730,-0.007557,-0.026539
2017992130.000,Miguel,recording,shake_phone,3,1.455109,6.419397,7.049062,0.006536,-0.003993,-0.022747
2017992140.000,Miguel,recording,shake_phone,3,1.465475,6.445095,7.078231,-0.000411,-0.001639,-0.018167
2017992150.000,Miguel,recording,shake_phone,3,1.469758,6.469382,7.113748,-0.004725,-0.000841,-0.012864
2017992160.000,Miguel,recording,shake_phone,3,1.471769,6.485121,7.144932,-0.005616,-0.001337,-0.006878
2017992170.000,Miguel,recording,shake_phone,3,1.476963,6.492360,7.160783,-0.003136,-0.001578,-0.001968
2017992180.000,Miguel,recording,shake_phone,3,1.532268,6.481755,7.167389,-0.001072,0.001045,0.001445
2017992190.000,Miguel,recording,shake_phone,3,1.619459,6.452295,7.197352,-0.002127,0.010760,0.002636
2017992200.000,Miguel,recording,shake_phone,3,1.720079,6.402422,7.305589,-0.002427,0.033179,0.000713
2017992210.000,Miguel,recording,shake_phone,3,1.789140,6.365206,7.498863,0.002947,0.071683,-0.004089
2017992220.000,Miguel,recording,shake_phone,3,1.755149,6.360125,7.740259,0.017294,0.124890,-0.006897
2017992230.000,Miguel,recording,shake_phone,3,1.743797,6.293772,7.993915,0.046762,0.197291,-0.000015
2017992240.000,Miguel,recording,shake_phone,3,1.858597,6.168499,8.184811,0.096152,0.296322,0.013695
2017992250.000,Miguel,recording,shake_phone,3,2.023465,6.086484,8.306018,0.162390,0.417050,0.025426
2017992260.000,Miguel,recording,shake_phone,3,2.195922,6.048519,8.478069,0.241126,0.546634,0.031253
2017992270.000,Miguel,recording,shake_phone,3,2.481680,6.023500,8.519793,0.325477,0.678755,0.021693
2017992280.000,Miguel,recording,shake_phone,3,2.848844,6.050346,8.529643,0.402436,0.807448,-0.015930
2017992290.000,Miguel,recording,shake_phone,3,3.020181,6.043715,8.661832,0.466232,0.918757,-0.082349
2017992300.000,Miguel,recording,shake_phone,3,2.758867,6.032093,8.805299,0.529878,0.987147,-0.165645
2017992310.000,Miguel,recording,shake_phone,3,2.112758,6.060237,8.895808,0.615655,0.985237,-0.244999
2017992320.000,Miguel,recording,shake_phone,3,1.287191,6.268002,8.921544,0.740408,0.916175,-0.296715
2017992330.000,Miguel,recording,shake_phone,3,0.346829,6.606899,8.722040,0.907771,0.823379,-0.298740
2017992340.000,Miguel,recording,shake_phone,3,-0.573272,6.706866,8.103858,1.088757,0.717423,-0.254174
2017992350.000,Miguel,recording,shake_phone,3,-1.575930,6.734049,7.227174,1.249775,0.505718,-0.188693
2017992360.000,Miguel,recording,shake_phone,3,-2.484760,7.265573,6.100700,1.375832,0.069143,-0.121835
2017992370.000,Miguel,recording,shake_phone,3,-2.915718,8.179587,4.378909,1.430467,-0.656701,-0.090850
2017992380.000,Miguel,recording,shake_phone,3,-2.970921,8.992724,2.069414,1.363611,-1.687481,-0.139585
2017992390.000,Miguel,recording,shake_phone,3,-2.430375,9.510788,-0.181772,1.148717,-2.949746,-0.265585
2017992400.000,Miguel,recording,shake_phone,3,-1.453685,9.335305,-1.044668,0.817202,-4.172176,-0.403951
2017992410.000,Miguel,recording,shake_phone,3,-0.228233,8.236847,-0.354002,0.459389,-4.963431,-0.456604
2017992420.000,Miguel,recording,shake_phone,3,1.329127,6.613639,1.352343,0.157871,-5.051512,-0.345842
2017992430.000,Miguel,recording,shake_phone,3,3.489412,5.184200,3.903049,-0.052320,-4.334653,-0.050173
2017992440.000,Miguel,recording,shake_phone,3,5.172010,4.973676,6.502981,-0.177093,-2.834651,0.369108
2017992450.000,Miguel,recording,shake_phone,3,6.963404,5.554402,8.644720,-0.247660,-0.796244,0.753730
2017992460.000,Miguel,recording,shake_phone,3,9.129342,5.839334,9.619980,-0.320069,1.211737,0.902066
2017992470.000,Miguel,recording,shake_phone,3,9.766211,6.147820,9.309265,-0.427343,2.481483,0.727123
2017992480.000,Miguel,recording,shake_phone,3,8.601391,6.935868,9.053423,-0.507072,2.688263,0.314504
2017992490.000,Miguel,recording,shake_phone,3,7.139850,7.625886,9.688264,-0.458184,2.109392,-0.216087
2017992500.000,Miguel,recording,shake_phone,3,5.006759,8.103925,10.541413,-0.242512,1.213312,-0.767472
2017992510.000,Miguel,recording,shake_phone,3,1.756201,8.281396,10.783634,0.108950,0.253419,-1.220108
2017992520.000,Miguel,recording,shake_phone,3,-1.892861,8.337562,10.399082,0.539638,-0.715669,-1.462612
2017992530.000,Miguel,recording,shake_phone,3,-4.362911,8.438921,9.086257,0.969918,-1.580112,-1.451800
2017992540.000,Miguel,recording,shake_phone,3,-5.056251,8.314883,6.682060,1.285201,-2.134060,-1.223177
2017992550.000,Miguel,recording,shake_phone,3,-4.667216,8.035600,3.987362,1.389419,-2.269443,-0.848339
2017992560.000,Miguel,recording,shake_phone,3,-3.552974,7.757308,1.797871,1.262651,-2.034034,-0.405544
2017992570.000,Miguel,recording,shake_phone,3,-1.812064,7.522634,0.429468,0.957216,-1.560977,0.019699
2017992580.000,Miguel,recording,shake_phone,3,0.142306,7.291133,-0.043987,0.554098,-1.009019,0.350730
2017992590.000,Miguel,recording,shake_phone,3,1.931935,7.011451,0.369410,0.126297,-0.506883,0.545851
2017992600.000,Miguel,recording,shake_phone,3,2.998651,6.854810,1.530862,-0.263018,-0.126449,0.610956
2017992610.000,Miguel,recording,shake_phone,3,3.318044,6.866552,3.118550,-0.550936,0.102965,0.586570
2017992620.000,Miguel,recording,shake_phone,3,3.277650,6.954433,4.637593,-0.692944,0.198355,0.518972
2017992630.000,Miguel,recording,shake_phone,3,3.207305,7.011630,5.704747,-0.698120,0.213351,0.437846
2017992640.000,Miguel,recording,shake_phone,3,3.183171,7.000909,6.294989,-0.617444,0.198049,0.355391
2017992650.000,Miguel,recording,shake_phone,3,3.030338,6.985861,6.520083,-0.508593,0.178816,0.279907
2017992660.000,Miguel,recording,shake_phone,3,2.775112,7.028811,6.552433,-0.418525,0.166676,0.219273
2017992670.000,Miguel,recording,shake_phone,3,2.478893,7.111363,6.567733,-0.370442,0.166287,0.177883
2017992680.000,Miguel,recording,shake_phone,3,2.153764,7.170931,6.637410,-0.357978,0.177021,0.156970
2017992690.000,Miguel,recording,shake_phone,3,1.856180,7.228546,6.695258,-0.358795,0.193577,0.156888
2017992700.000,Miguel,recording,shake_phone,3,1.690706,7.291197,6.696800,-0.354847,0.207043,0.174734
2017992710.000,Miguel,recording,shake_phone,3,1.694991,7.301052,6.669639,-0.340210,0.209944,0.201520
2017992720.000,Miguel,recording,shake_phone,3,1.968970,7.210141,6.679566,-0.317993,0.206562,0.227045
2017992730.000,Miguel,recording,shake_phone,3,2.464759,7.047909,6.767326,-0.289285,0.215662,0.244090
2017992740.000,Miguel,recording,shake_phone,3,2.828869,6.898171,6.861307,-0.247899,0.250924,0.249346
2017992750.000,Miguel,recording,shake_phone,3,2.957565,6.813982,6.901703,-0.186319,0.304130,0.244890
2017992760.000,Miguel,recording,shake_phone,3,2.918002,6.829125,6.918634,-0.103822,0.355778,0.236577
2017992770.000,Miguel,recording,shake_phone,3,2.845675,6.895500,6.897670,-0.007118,0.392203,0.230013
2017992780.000,Miguel,recording,shake_phone,3,2.744651,6.957574,6.792047,0.091080,0.418052,0.226707
2017992790.000,Miguel,recording,shake_phone,3,2.627986,7.048124,6.631382,0.174370,0.443965,0.224844
2017992800.000,Miguel,recording,shake_phone,3,2.501546,7.172612,6.393995,0.226671,0.463625,0.225801
2017992810.000,Miguel,recording,shake_phone,3,2.386905,7.329956,6.163723,0.238873,0.461034,0.232193
2017992820.000,Miguel,recording,shake_phone,3,2.375833,7.477346,5.994297,0.214810,0.433022,0.241769
2017992830.000,Miguel,recording,shake_phone,3,2.404602,7.571339,5.917924,0.170976,0.397040,0.250713
2017992840.000,Miguel,recording,shake_phone,3,2.474781,7.602292,5.961276,0.128072,0.369982,0.254975
2017992850.000,Miguel,recording,shake_phone,3,2.639865,7.624581,6.018791,0.097408,0.347140,0.247840
2017992860.000,Miguel,recording,shake_phone,3,2.777122,7.641768,6.035656,0.078709,0.314415,0.224160
2017992870.000,Miguel,recording,shake_phone,3,2.829389,7.605308,6.031388,0.069998,0.266719,0.186462
2017992880.000,Miguel,recording,shake_phone,3,2.827060,7.534440,6.010174,0.071912,0.209033,0.142911
2017992890.000,Miguel,recording,shake_phone,3,2.832719,7.462713,6.002331,0.083427,0.151243,0.099183
2017992900.000,Miguel,recording,shake_phone,3,2.840746,7.401658,5.969599,0.099002,0.103600,0.059149
2017992910.000,Miguel,recording,shake_phone,3,2.833119,7.360502,5.912464,0.110174,0.069429,0.025976
2017992920.000,Miguel,recording,shake_phone,3,2.772057,7.351549,5.872502,0.110479,0.047562,-0.001328
2017992930.000,Miguel,recording,shake_phone,3,2.623008,7.361119,5.907585,0.101219,0.039041,-0.022319
2017992940.000,Miguel,recording,shake_phone,3,2.462473,7.399471,5.981316,0.088611,0.044349,-0.032418
2017992950.000,Miguel,recording,shake_phone,3,2.300758,7.415321,6.017620,0.076931,0.063016,-0.028587
2017992960.000,Miguel,recording,shake_phone,3,2.163877,7.444712,6.043467,0.066221,0.093468,-0.011875
2017992970.000,Miguel,recording,shake_phone,3,2.049504,7.483114,6.067651,0.054198,0.135876,0.014066
2017992980.000,Miguel,recording,shake_phone,3,1.976669,7.493899,6.084088,0.040820,0.189795,0.044552
2017992990.000,Miguel,recording,shake_phone,3,2.053517,7.500411,6.071105,0.027492,0.243265,0.074467
2017993000.000,Miguel,recording,shake_phone,3,2.161985,7.492416,6.044326,0.013221,0.282845,0.100126
2017993010.000,Miguel,recording,shake_phone,3,2.244719,7.445328,6.016982,-0.002646,0.307314,0.118447
2017993020.000,Miguel,recording,shake_phone,3,2.369311,7.388091,6.028053,-0.017612,0.320262,0.125611
2017993030.000,Miguel,recording,shake_phone,3,2.497520,7.338680,6.036874,-0.029934,0.325444,0.118832
2017993040.000,Miguel,recording,shake_phone,3,2.605087,7.300555,6.031101,-0.040237,0.323549,0.097436
2017993050.000,Miguel,recording,shake_phone,3,2.617001,7.273132,6.009307,-0.049880,0.311642,0.064419
2017993060.000,Miguel,recording,shake_phone,3,2.497256,7.269417,6.043114,-0.056713,0.290607,0.027119
2017993070.000,Miguel,recording,shake_phone,3,2.320098,7.271483,6.085082,-0.056598,0.262897,-0.005358
2017993080.000,Miguel,recording,shake_phone,3,2.128349,7.268299,6.101479,-0.048016,0.228932,-0.027118
2017993090.000,Miguel,recording,shake_phone,3,1.947097,7.241010,6.120620,-0.032962,0.197151,-0.034172
2017993100.000,Miguel,recording,shake_phone,3,1.801034,7.165892,6.150329,-0.017615,0.184978,-0.023288
2017993110.000,Miguel,recording,shake_phone,3,1.698801,7.089739,6.190233,-0.006155,0.203268,0.004472
2017993120.000,Miguel,recording,shake_phone,3,1.675725,7.082427,6.245070,0.002674,0.248836,0.043578
2017993130.000,Miguel,recording,shake_phone,3,1.715472,7.091753,6.265884,0.008976,0.307775,0.086359
2017993140.000,Miguel,recording,shake_phone,3,1.846036,7.090539,6.200229,0.011190,0.358265,0.122956
2017993150.000,Miguel,recording,shake_phone,3,2.039203,7.162616,6.118409,0.007776,0.379106,0.140733
2017993160.000,Miguel,recording,shake_phone,3,2.158609,7.272088,6.105115,0.001872,0.359239,0.130368
2017993170.000,Miguel,recording,shake_phone,3,2.161250,7.353560,6.198588,0.004464,0.300344,0.094374
2017993180.000,Miguel,recording,shake_phone,3,2.085931,7.361780,6.270059,0.021026,0.216120,0.047262
2017993190.000,Miguel,recording,shake_phone,3,1.981561,7.368151,6.257613,0.045960,0.122147,0.001511
2017993200.000,Miguel,recording,shake_phone,3,1.848939,7.382250,6.187359,0.068958,0.033083,-0.035378
2017993210.000,Miguel,recording,shake_phone,3,1.703738,7.383801,6.079670,0.081450,-0.034876,-0.055937
2017993220.000,Miguel,recording,shake_phone,3,1.657870,7.399033,5.990355,0.079684,-0.072639,-0.059751
2017993230.000,Miguel,recording,shake_phone,3,1.747406,7.351688,5.920750,0.064951,-0.080281,-0.053059
2017993240.000,Miguel,recording,shake_phone,3,1.869372,7.266882,5.906299,0.044125,-0.062105,-0.041977
2017993250.000,Miguel,recording,shake_phone,3,1.964129,7.238651,5.947647,0.023222,-0.027168,-0.030006
2017993260.000,Miguel,recording,shake_phone,3,1.974170,7.242921,5.982910,0.005574,0.010980,-0.018104
2017993270.000,Miguel,recording,shake_phone,3,1.940865,7.268810,6.013576,-0.006165,0.040010,-0.007354
2017993280.000,Miguel,recording,shake_phone,3,1.899101,7.295815,6.020784,-0.013273,0.050444,0.001630
2017993290.000,Miguel,recording,shake_phone,3,1.853285,7.339426,6.042826,-0.018934,0.037936,0.008036
2017993300.000,Miguel,recording,shake_phone,3,1.867163,7.371355,6.042704,-0.024155,0.008229,0.008977
2017993310.000,Miguel,recording,shake_phone,3,1.942634,7.352704,6.039449,-0.027498,-0.026458,0.003287
2017993320.000,Miguel,recording,shake_phone,3,1.988292,7.346380,6.048562,-0.027913,-0.057924,-0.009772
2017993330.000,Miguel,recording,shake_phone,3,1.989560,7.375734,6.011279,-0.029156,-0.081837,-0.028267
2017993340.000,Miguel,recording,shake_phone,3,1.995245,7.392785,5.913550,-0.037051,-0.093281,-0.047666
2017993350.000,Miguel,recording,shake_phone,3,2.014298,7.411112,5.826236,-0.055675,-0.083762,-0.069383
2017993360.000,Miguel,recording,shake_phone,3,1.974074,7.471434,5.655040,-0.089491,-0.042598,-0.096182
2017993370.000,Miguel,recording,shake_phone,3,1.905192,7.593165,5.311383,-0.149043,0.035960,-0.126858
2017993380.000,Miguel,recording,shake_phone,3,1.637353,7.816464,4.935745,-0.249125,0.165784,-0.158118
2017993390.000,Miguel,recording,shake_phone,3,1.279818,7.832930,4.515510,-0.406161,0.358199,-0.170912
2017993400.000,Miguel,recording,shake_phone,3,1.004351,7.472447,4.076809,-0.632924,0.590415,-0.133122
2017993410.000,Miguel,recording,shake_phone,3,0.922616,7.050337,3.909365,-0.917952,0.823214,-0.038882
2017993420.000,Miguel,recording,shake_phone,3,1.286381,6.811493,4.295366,-1.219224,1.018547,0.072901
2017993430.000,Miguel,recording,shake_phone,3,1.799162,6.740599,5.133365,-1.474475,1.156545,0.153858
2017993440.000,Miguel,recording,shake_phone,3,2.023266,6.755673,6.226174,-1.617823,1.264854,0.189649
2017993450.000,Miguel,recording,shake_phone,3,1.960829,6.744475,7.235740,-1.620384,1.376185,0.188874
2017993460.000,Miguel,recording,shake_phone,3,1.668889,6.730999,7.722574,-1.519377,1.465545,0.158941
2017993470.000,Miguel,recording,shake_phone,3,1.308580,6.696548,7.652251,-1.380941,1.468168,0.111776
2017993480.000,Miguel,recording,shake_phone,3,1.166238,6.445260,7.460688,-1.252446,1.340365,0.059865
2017993490.000,Miguel,recording,shake_phone,3,1.278402,6.161028,7.517526,-1.146685,1.087467,0.001468
2017993500.000,Miguel,recording,shake_phone,3,1.506077,5.971287,7.808979,-1.044681,0.778727,-0.073863
2017993510.000,Miguel,recording,shake_phone,3,1.566330,5.998906,8.229425,-0.922629,0.519043,-0.163621
2017993520.000,Miguel,recording,shake_phone,3,1.240970,6.110786,8.529219,-0.784006,0.360227,-0.240197
2017993530.000,Miguel,recording,shake_phone,3,0.723639,6.017313,8.485439,-0.655032,0.283053,-0.275557
2017993540.000,Miguel,recording,shake_phone,3,0.284237,5.937739,8.276046,-0.553337,0.261226,-0.265877
2017993550.000,Miguel,recording,shake_phone,3,0.009566,5.968295,8.065565,-0.485329,0.270901,-0.222812
2017993560.000,Miguel,recording,shake_phone,3,0.121994,5.893537,7.726923,-0.457908,0.285003,-0.161421
2017993570.000,Miguel,recording,shake_phone,3,0.572561,5.762346,7.461721,-0.471366,0.295438,-0.102585
2017993580.000,Miguel,recording,shake_phone,3,0.968788,5.734385,7.369041,-0.517745,0.312956,-0.066373
2017993590.000,Miguel,recording,shake_phone,3,1.159873,5.735466,7.311319,-0.587702,0.365168,-0.054560
2017993600.000,Miguel,recording,shake_phone,3,1.222712,5.701472,7.302720,-0.674266,0.466759,-0.055708
2017993610.000,Miguel,recording,shake_phone,3,1.218644,5.652546,7.350272,-0.766924,0.603601,-0.057822
2017993620.000,Miguel,recording,shake_phone,3,0.731095,5.715555,7.738414,-0.839703,0.741716,-0.047495
2017993630.000,Miguel,recording,shake_phone,3,-0.498002,5.977443,8.832915,-0.845585,0.827213,0.001549
2017993640.000,Miguel,recording,shake_phone,3,-1.323638,5.483518,9.755696,-0.741926,0.825258,0.100900
2017993650.000,Miguel,recording,shake_phone,3,-1.132082,4.783812,10.071509,-0.538799,0.724685,0.219741
2017993660.000,Miguel,recording,shake_phone,3,-0.666280,4.765059,9.966438,-0.297790,0.551890,0.323270
2017993670.000,Miguel,recording,shake_phone,3,-0.228538,5.044287,9.680507,-0.085436,0.373257,0.389583
2017993680.000,Miguel,recording,shake_phone,3,0.250603,5.131748,9.320431,0.066201,0.232491,0.404545
2017993690.000,Miguel,recording,shake_phone,3,0.596628,5.186549,9.092396,0.164076,0.140342,0.375070
2017993700.000,Miguel,recording,shake_phone,3,0.884693,5.512980,9.014429,0.226170,0.093691,0.312599
2017993710.000,Miguel,recording,shake_phone,3,1.398779,5.969612,8.640883,0.251811,0.082697,0.222976
2017993720.000,Miguel,recording,shake_phone,3,1.052274,5.342594,8.342602,0.238671,0.091990,0.144998
2017993730.000,Miguel,recording,shake_phone,3,0.696354,5.317454,8.250726,0.210681,0.103385,0.114443
2017993740.000,Miguel,recording,shake_phone,3,0.629982,5.549301,8.227307,0.193003,0.080213,0.114987
2017993750.000,Miguel,recording,shake_phone,4,0.566687,5.483527,8.130628,0.189176,-0.024277,0.120772
2017993760.000,Miguel,recording,shake_phone,4,0.798068,5.445390,7.987525,0.197379,-0.205307,0.107471
2017993770.000,Miguel,recording,shake_phone,4,1.090438,5.291546,8.130177,0.223918,-0.408668,0.066772
2017993780.000,Miguel,recording,shake_phone,4,1.519063,5.373972,8.441484,0.278322,-0.572555,0.004250
2017993790.000,Miguel,recording,shake_phone,4,1.917889,5.519165,8.499063,0.354872,-0.646714,-0.084665
2017993800.000,Miguel,recording,shake_phone,4,1.893255,5.602229,8.310510,0.426293,-0.629214,-0.185331
2017993810.000,Miguel,recording,shake_phone,4,1.385750,5.684197,8.221482,0.472734,-0.567232,-0.254308
2017993820.000,Miguel,recording,shake_phone,4,0.710548,5.839984,8.333067,0.510556,-0.543700,-0.265960
2017993830.000,Miguel,recording,shake_phone,4,0.874390,6.371896,8.065816,0.557264,-0.614557,-0.263962
2017993840.000,Miguel,recording,shake_phone,4,0.624412,6.367782,7.643341,0.590122,-0.667388,-0.291001
2017993850.000,Miguel,recording,shake_phone,4,-0.121434,5.982436,7.678973,0.599099,-0.612752,-0.305034
2017993860.000,Miguel,recording,shake_phone,4,-0.026274,6.157503,7.578073,0.604914,-0.627131,-0.280429
2017993870.000,Miguel,recording,shake_phone,4,0.659800,6.349946,7.138912,0.593833,-0.750130,-0.262724
2017993880.000,Miguel,recording,shake_phone,4,1.081403,6.193270,7.159525,0.558422,-0.814147,-0.271296
2017993890.000,Miguel,recording,shake_phone,4,1.176348,6.125655,7.481625,0.527866,-0.782736,-0.278127
2017993900.000,Miguel,recording,shake_phone,4,0.990717,6.132343,7.615407,0.514023,-0.685498,-0.262127
2017993910.000,Miguel,recording,shake_phone,4,0.674829,6.123879,7.626628,0.517139,-0.559746,-0.222406
2017993920.000,Miguel,recording,shake_phone,4,0.360876,6.191366,7.498115,0.534941,-0.474769,-0.167608
2017993930.000,Miguel,recording,shake_phone,4,0.255825,6.352802,7.122119,0.552730,-0.478008,-0.114103
2017993940.000,Miguel,recording,shake_phone,4,0.657261,6.526180,6.624004,0.550402,-0.551073,-0.088102
2017993950.000,Miguel,recording,shake_phone,4,1.196758,6.541485,6.348482,0.517731,-0.648872,-0.101859
2017993960.000,Miguel,recording,shake_phone,4,1.485171,6.445987,6.363663,0.462731,-0.723034,-0.135958
2017993970.000,Miguel,recording,shake_phone,4,1.601731,6.360111,6.578139,0.401141,-0.709308,-0.165105
2017993980.000,Miguel,recording,shake_phone,4,1.421643,6.370291,6.812700,0.346858,-0.569507,-0.171039
2017993990.000,Miguel,recording,shake_phone,4,1.053157,6.571166,6.889867,0.305289,-0.357972,-0.147940
2017994000.000,Miguel,recording,shake_phone,4,0.740455,6.750361,6.817570,0.271044,-0.186951,-0.106229
2017994010.000,Miguel,recording,shake_phone,4,0.557472,6.686509,6.725651,0.238919,-0.120753,-0.057687
2017994020.000,Miguel,recording,shake_phone,4,0.613213,6.522395,6.698009,0.211185,-0.151202,-0.014503
2017994030.000,Miguel,recording,shake_phone,4,0.975026,6.476729,6.774549,0.195500,-0.240509,0.004504
2017994040.000,Miguel,recording,shake_phone,4,1.361576,6.511489,6.855862,0.195677,-0.344182,-0.010862
2017994050.000,Miguel,recording,shake_phone,4,1.544034,6.499343,6.886594,0.205406,-0.425020,-0.047866
2017994060.000,Miguel,recording,shake_phone,4,1.592546,6.459555,6.817404,0.210328,-0.471819,-0.083338
2017994070.000,Miguel,recording,shake_phone,4,1.516624,6.491806,6.687349,0.199912,-0.486690,-0.101014
2017994080.000,Miguel,recording,shake_phone,4,1.454488,6.608457,6.611861,0.175074,-0.481278,-0.100029
2017994090.000,Miguel,recording,shake_phone,4,1.469607,6.704720,6.590104,0.144372,-0.477368,-0.093696
2017994100.000,Miguel,recording,shake_phone,4,1.521622,6.740991,6.532950,0.114436,-0.488202,-0.093350
2017994110.000,Miguel,recording,shake_phone,4,1.621096,6.789991,6.477475,0.087982,-0.521694,-0.103246
2017994120.000,Miguel,recording,shake_phone,4,1.706094,6.763289,6.533678,0.069789,-0.583894,-0.125041
2017994130.000,Miguel,recording,shake_phone,4,1.741047,6.674637,6.883091,0.078846,-0.677281,-0.155180
2017994140.000,Miguel,recording,shake_phone,4,1.666620,6.512915,7.442911,0.139793,-0.802208,-0.180660
2017994150.000,Miguel,recording,shake_phone,4,1.691988,6.480158,7.632907,0.230559,-0.944960,-0.190979
2017994160.000,Miguel,recording,shake_phone,4,2.011286,6.697617,7.244828,0.293620,-1.080080,-0.197231
2017994170.000,Miguel,recording,shake_phone,4,2.387050,6.773310,7.137485,0.334547,-1.198880,-0.218239
2017994180.000,Miguel,recording,shake_phone,4,2.597098,6.787942,7.152655,0.393225,-1.323420,-0.258716
2017994190.000,Miguel,recording,shake_phone,4,2.538376,6.813879,6.986635,0.462489,-1.473092,-0.305746
2017994200.000,Miguel,recording,shake_phone,4,2.291244,6.765152,6.930643,0.521385,-1.634209,-0.337574
2017994210.000,Miguel,recording,shake_phone,4,2.083771,6.784310,7.119667,0.571024,-1.794331,-0.343050
2017994220.000,Miguel,recording,shake_phone,4,2.049615,6.942555,7.276567,0.620853,-1.953666,-0.337030
2017994230.000,Miguel,recording,shake_phone,4,2.111457,7.177963,6.960259,0.657206,-2.108051,-0.344882
2017994240.000,Miguel,recording,shake_phone,4,2.190935,7.447532,6.300055,0.652944,-2.264863,-0.369222
2017994250.000,Miguel,recording,shake_phone,4,2.417388,7.574727,5.797063,0.606796,-2.424848,-0.394287
2017994260.000,Miguel,recording,shake_phone,4,2.981272,7.565253,5.662620,0.543498,-2.554112,-0.412389
2017994270.000,Miguel,recording,shake_phone,4,3.612580,7.426487,5.785202,0.484061,-2.586846,-0.430510
2017994280.000,Miguel,recording,shake_phone,4,3.863140,7.245931,5.947889,0.435657,-2.467189,-0.448707
2017994290.000,Miguel,recording,shake_phone,4,3.893018,7.198470,6.194318,0.404799,-2.219601,-0.450343
2017994300.000,Miguel,recording,shake_phone,4,3.818908,7.272208,6.450159,0.400252,-1.920887,-0.426320
2017994310.000,Miguel,recording,shake_phone,4,3.704370,7.377407,6.579179,0.423601,-1.629478,-0.386163
2017994320.000,Miguel,recording,shake_phone,4,3.639026,7.440460,6.573609,0.467747,-1.375838,-0.342367
2017994330.000,Miguel,recording,shake_phone,4,3.664611,7.443866,6.407337,0.519831,-1.172535,-0.300205
2017994340.000,Miguel,recording,shake_phone,4,3.779726,7.452480,6.163974,0.567096,-1.029902,-0.264715
2017994350.000,Miguel,recording,shake_phone,4,3.950930,7.475075,5.947201,0.603887,-0.948944,-0.241696
2017994360.000,Miguel,recording,shake_phone,4,4.150372,7.500992,5.858140,0.636275,-0.909041,-0.236020
2017994370.000,Miguel,recording,shake_phone,4,4.329009,7.552764,5.809383,0.677179,-0.877137,-0.253559
2017994380.000,Miguel,recording,shake_phone,4,4.411319,7.652674,5.647763,0.729340,-0.840855,-0.296000
2017994390.000,Miguel,recording,shake_phone,4,4.311277,7.751216,5.337794,0.779100,-0.825985,-0.353467
2017994400.000,Miguel,recording,shake_phone,4,4.131564,7.835314,5.037604,0.812781,-0.860567,-0.410060
2017994410.000,Miguel,recording,shake_phone,4,4.076662,7.891965,4.850239,0.831028,-0.938805,-0.458651
2017994420.000,Miguel,recording,shake_phone,4,4.130922,7.932970,4.667611,0.840180,-1.024921,-0.504213
2017994430.000,Miguel,recording,shake_phone,4,4.159587,8.050888,4.410173,0.838036,-1.087025,-0.552435
2017994440.000,Miguel,recording,shake_phone,4,4.111234,8.118642,4.125237,0.815978,-1.124608,-0.600806
2017994450.000,Miguel,recording,shake_phone,4,3.997794,8.073067,3.961218,0.771830,-1.148294,-0.640587
2017994460.000,Miguel,recording,shake_phone,4,3.917808,8.018679,3.927044,0.717217,-1.149947,-0.666673
2017994470.000,Miguel,recording,shake_phone,4,3.928384,8.029529,3.988385,0.670007,-1.119405,-0.682418
2017994480.000,Miguel,recording,shake_phone,4,3.928923,8.091976,4.048692,0.639932,-1.061507,-0.693918
2017994490.000,Miguel,recording,shake_phone,4,3.806452,8.176776,4.039323,0.626634,-0.990732,-0.704396
2017994500.000,Miguel,recording,shake_phone,4,3.579869,8.243912,3.949514,0.625645,-0.928676,-0.713000
2017994510.000,Miguel,recording,shake_phone,4,3.390650,8.319809,3.804645,0.628148,-0.894761,-0.715105
2017994520.000,Miguel,recording,shake_phone,4,3.277050,8.365852,3.600241,0.621259,-0.887728,-0.708111
2017994530.000,Miguel,recording,shake_phone,4,3.228679,8.416272,3.389845,0.595474,-0.883244,-0.694474
2017994540.000,Miguel,recording,shake_phone,4,3.202781,8.443537,3.253840,0.550537,-0.861384,-0.677444
2017994550.000,Miguel,recording,shake_phone,4,3.154506,8.428779,3.228230,0.496188,-0.814478,-0.657527
2017994560.000,Miguel,recording,shake_phone,4,3.082907,8.420724,3.290474,0.446075,-0.739576,-0.633193
2017994570.000,Miguel,recording,shake_phone,4,3.019225,8.435489,3.391235,0.409442,-0.650157,-0.604106
2017994580.000,Miguel,recording,shake_phone,4,2.922016,8.422302,3.419770,0.386213,-0.560370,-0.569569
2017994590.000,Miguel,recording,shake_phone,4,2.883206,8.418164,3.299722,0.366126,-0.466874,-0.530857
2017994600.000,Miguel,recording,shake_phone,4,2.971356,8.443110,3.093572,0.337413,-0.368143,-0.497140
2017994610.000,Miguel,recording,shake_phone,4,3.005860,8.519245,2.930985,0.296868,-0.275908,-0.479531
2017994620.000,Miguel,recording,shake_phone,4,2.880989,8.569533,2.884572,0.247810,-0.208163,-0.474250
2017994630.000,Miguel,recording,shake_phone,4,2.668256,8.537925,2.954936,0.197919,-0.175664,-0.467392
2017994640.000,Miguel,recording,shake_phone,4,2.513977,8.517990,3.133361,0.159779,-0.170536,-0.452988
2017994650.000,Miguel,recording,shake_phone,4,2.476683,8.504529,3.369908,0.146074,-0.176369,-0.434737
2017994660.000,Miguel,recording,shake_phone,4,2.471247,8.527552,3.514895,0.159494,-0.184346,-0.418564
2017994670.000,Miguel,recording,shake_phone,4,2.480935,8.533049,3.499058,0.186399,-0.195731,-0.405986
2017994680.000,Miguel,recording,shake_phone,4,2.512113,8.484835,3.396645,0.211223,-0.210500,-0.394506
2017994690.000,Miguel,recording,shake_phone,4,2.533999,8.466517,3.324939,0.229056,-0.221110,-0.383365
2017994700.000,Miguel,recording,shake_phone,4,2.497641,8.494478,3.252119,0.240368,-0.226179,-0.372910
2017994710.000,Miguel,recording,shake_phone,4,2.438396,8.548147,3.223188,0.246392,-0.232555,-0.361513
2017994720.000,Miguel,recording,shake_phone,4,2.455833,8.564301,3.240482,0.251262,-0.240155,-0.348708
2017994730.000,Miguel,recording,shake_phone,4,2.529746,8.593826,3.266448,0.260399,-0.237839,-0.337587
2017994740.000,Miguel,recording,shake_phone,4,2.578600,8.655070,3.244693,0.273744,-0.215716,-0.331215
2017994750.000,Miguel,recording,shake_phone,4,2.586148,8.695238,3.155165,0.285394,-0.178860,-0.330246
2017994760.000,Miguel,recording,shake_phone,4,2.509711,8.704292,3.069672,0.290835,-0.141197,-0.332447
2017994770.000,Miguel,recording,shake_phone,4,2.353930,8.742475,3.022217,0.292858,-0.112548,-0.330761
2017994780.000,Miguel,recording,shake_phone,4,2.212647,8.781390,2.982603,0.295862,-0.099503,-0.320399
2017994790.000,Miguel,recording,shake_phone,4,2.178627,8.800183,2.880303,0.299641,-0.106931,-0.304028
2017994800.000,Miguel,recording,shake_phone,4,2.214457,8.851868,2.765705,0.301682,-0.135424,-0.288384
2017994810.000,Miguel,recording,shake_phone,4,2.275420,8.888072,2.681820,0.300537,-0.177156,-0.278634
2017994820.000,Miguel,recording,shake_phone,4,2.365577,8.887974,2.570916,0.294898,-0.214651,-0.274982
2017994830.000,Miguel,recording,shake_phone,4,2.449292,8.867587,2.466043,0.280624,-0.230460,-0.277175
2017994840.000,Miguel,recording,shake_phone,4,2.462252,8.878877,2.423976,0.256181,-0.221056,-0.285888
2017994850.000,Miguel,recording,shake_phone,4,2.380373,8.948414,2.462222,0.230083,-0.196789,-0.297073
2017994860.000,Miguel,recording,shake_phone,4,2.277518,9.002574,2.539897,0.213439,-0.167778,-0.301331
2017994870.000,Miguel,recording,shake_phone,4,2.262872,8.985975,2.547650,0.206469,-0.135484,-0.294180
2017994880.000,Miguel,recording,shake_phone,4,2.252390,8.975124,2.486114,0.201724,-0.099301,-0.279863
2017994890.000,Miguel,recording,shake_phone,4,2.165365,9.011478,2.399652,0.192727,-0.062840,-0.260140
2017994900.000,Miguel,recording,shake_phone,4,2.073153,9.031079,2.335532,0.177574,-0.028310,-0.234228
2017994910.000,Miguel,recording,shake_phone,4,2.006003,9.056176,2.287693,0.156716,0.006933,-0.204423
2017994920.000,Miguel,recording,shake_phone,4,1.961631,9.070618,2.241232,0.130467,0.044038,-0.173159
2017994930.000,Miguel,recording,shake_phone,4,1.931912,9.074460,2.214911,0.103224,0.075682,-0.142207
2017994940.000,Miguel,recording,shake_phone,4,1.925599,9.087591,2.246154,0.083198,0.090020,-0.113876
2017994950.000,Miguel,recording,shake_phone,4,1.970274,9.085295,2.298564,0.074951,0.084921,-0.090318
2017994960.000,Miguel,recording,shake_phone,4,2.001488,9.099375,2.389933,0.078752,0.072057,-0.072687
2017994970.000,Miguel,recording,shake_phone,4,2.030232,9.153196,2.479566,0.091611,0.065185,-0.060777
2017994980.000,Miguel,recording,shake_phone,4,2.127726,9.127919,2.508029,0.106272,0.070536,-0.054322
2017994990.000,Miguel,recording,shake_phone,4,2.198035,9.051952,2.491258,0.121052,0.084660,-0.053363
2017995000.000,Miguel,recording,shake_phone,4,2.136957,9.041483,2.432590,0.137718,0.093884,-0.054742
2017995010.000,Miguel,recording,shake_phone,4,1.997585,9.079029,2.284425,0.150153,0.086291,-0.054108
2017995020.000,Miguel,recording,shake_phone,4,1.931564,9.095799,2.126192,0.151019,0.064099,-0.050811
2017995030.000,Miguel,recording,shake_phone,4,1.917248,9.087662,2.081261,0.140557,0.036012,-0.048172
2017995040.000,Miguel,recording,shake_phone,4,1.846787,9.122536,2.142853,0.127754,0.004055,-0.051460
2017995050.000,Miguel,recording,shake_phone,4,1.511538,9.114289,2.283325,0.127560,-0.035033,-0.063578
2017995060.000,Miguel,recording,shake_phone,4,0.701565,9.065353,2.361577,0.154642,-0.080793,-0.073357
2017995070.000,Miguel,recording,shake_phone,4,-0.448831,9.071105,2.278056,0.212370,-0.140575,-0.054292
2017995080.000,Miguel,recording,shake_phone,4,-1.757495,9.015692,1.810262,0.283651,-0.211464,0.017275
2017995090.000,Miguel,recording,shake_phone,4,-3.059642,8.627816,0.752756,0.329745,-0.269116,0.152228
2017995100.000,Miguel,recording,shake_phone,4,-3.889091,8.142329,-0.322366,0.308559,-0.341293,0.337887
2017995110.000,Miguel,recording,shake_phone,4,-3.716004,7.846543,-0.801510,0.213208,-0.533915,0.538134
2017995120.000,Miguel,recording,shake_phone,4,-2.771053,7.883716,-0.472085,0.086798,-0.897968,0.727890
2017995130.000,Miguel,recording,shake_phone,4,-1.140544,8.041959,0.324342,-0.010969,-1.308233,0.915688
2017995140.000,Miguel,recording,shake_phone,4,1.673590,7.953205,0.983956,-0.063701,-1.573769,1.116675
2017995150.000,Miguel,recording,shake_phone,4,5.946022,8.160056,0.992939,-0.120581,-1.557417,1.306942
2017995160.000,Miguel,recording,shake_phone,4,10.988729,9.135956,0.574937,-0.256001,-1.187465,1.404229
2017995170.000,Miguel,recording,shake_phone,4,15.885352,10.459463,0.120558,-0.515571,-0.494762,1.288031
2017995180.000,Miguel,recording,shake_phone,4,18.695666,11.479769,0.196685,-0.880513,0.364549,0.878811
2017995190.000,Miguel,recording,shake_phone,4,17.779288,11.789076,1.529704,-1.261023,1.140302,0.232151
2017995200.000,Miguel,recording,shake_phone,4,13.270317,11.308473,3.820524,-1.527856,1.583400,-0.474887
2017995210.000,Miguel,recording,shake_phone,4,6.769282,10.491815,6.253657,-1.554126,1.553062,-1.072207
2017995220.000,Miguel,recording,shake_phone,4,0.200390,9.774193,8.402757,-1.238863,1.059588,-1.465521
2017995230.000,Miguel,recording,shake_phone,4,-6.033020,8.977473,9.439351,-0.580194,0.244227,-1.583978
2017995240.000,Miguel,recording,shake_phone,4,-10.880311,8.205612,7.977335,0.221589,-0.626998,-1.376564
2017995250.000,Miguel,recording,shake_phone,4,-12.999564,7.566569,4.543808,0.860064,-1.254708,-0.873072
2017995260.000,Miguel,recording,shake_phone,4,-12.400213,6.806615,1.421851,1.182174,-1.474136,-0.167373
2017995270.000,Miguel,recording,shake_phone,4,-9.066591,5.908387,-0.859671,1.217574,-1.296109,0.612279
2017995280.000,Miguel,recording,shake_phone,4,-3.260671,5.404663,-2.805172,1.017993,-0.849105,1.296167
2017995290.000,Miguel,recording,shake_phone,4,3.456043,5.765836,-4.004148,0.625784,-0.310684,1.718005
2017995300.000,Miguel,recording,shake_phone,4,8.435247,6.525604,-3.818474,0.127847,0.148616,1.797381
2017995310.000,Miguel,recording,shake_phone,4,10.375598,7.297558,-2.322194,-0.353031,0.403478,1.590145
2017995320.000,Miguel,recording,shake_phone,4,9.904138,8.190463,-0.067485,-0.709016,0.425411,1.248816
2017995330.000,Miguel,recording,shake_phone,4,8.423051,9.073101,2.114489,-0.887216,0.300312,0.913588
2017995340.000,Miguel,recording,shake_phone,4,7.048695,9.603005,3.336704,-0.918511,0.156995,0.649508
2017995350.000,Miguel,recording,shake_phone,4,6.107798,9.893567,3.614618,-0.893315,0.075945,0.463146
2017995360.000,Miguel,recording,shake_phone,4,5.631455,9.986949,3.496472,-0.892412,0.081996,0.333527
2017995370.000,Miguel,recording,shake_phone,4,5.285044,9.800409,3.410229,-0.940923,0.172043,0.236671
2017995380.000,Miguel,recording,shake_phone,4,4.532002,9.363791,3.645372,-1.014407,0.304275,0.171203
2017995390.000,Miguel,recording,shake_phone,4,3.565682,8.899281,4.232308,-1.072249,0.421016,0.153208
2017995400.000,Miguel,recording,shake_phone,4,2.896228,8.465503,4.933647,-1.077994,0.500739,0.186088
2017995410.000,Miguel,recording,shake_phone,4,2.678597,8.096605,5.545355,-1.009237,0.557257,0.251515
2017995420.000,Miguel,recording,shake_phone,4,2.719870,7.865441,5.920024,-0.866798,0.603258,0.325313
2017995430.000,Miguel,recording,shake_phone,4,2.892575,7.810483,6.069793,-0.665630,0.630520,0.390310
2017995440.000,Miguel,recording,shake_phone,4,3.171078,7.893400,6.011816,-0.425993,0.619599,0.437570
2017995450.000,Miguel,recording,shake_phone,4,3.597808,8.021499,5.695585,-0.175043,0.566313,0.458651
2017995460.000,Miguel,recording,shake_phone,4,4.138811,8.144653,5.056698,0.055321,0.479404,0.442857
2017995470.000,Miguel,recording,shake_phone,4,4.700477,8.230659,4.161402,0.230901,0.355941,0.385125
2017995480.000,Miguel,recording,shake_phone,4,5.074309,8.378087,3.320200,0.326754,0.194436,0.288794
2017995490.000,Miguel,recording,shake_phone,4,5.117076,8.552825,2.781107,0.343209,0.013791,0.169660
2017995500.000,Miguel,recording,shake_phone,4,4.880646,8.680774,2.516483,0.302051,-0.152848,0.052050
2017995510.000,Miguel,recording,shake_phone,4,4.504865,8.732826,2.430113,0.226186,-0.269085,-0.042945
2017995520.000,Miguel,recording,shake_phone,4,4.133683,8.731339,2.477554,0.131146,-0.312509,-0.101880
2017995530.000,Miguel,recording,shake_phone,4,3.829764,8.701735,2.586873,0.029268,-0.284501,-0.119971
2017995540.000,Miguel,recording,shake_phone,4,3.614826,8.613340,2.768712,-0.066964,-0.198708,-0.100671
2017995550.000,Miguel,recording,shake_phone,4,3.477621,8.515627,2.977226,-0.147624,-0.068398,-0.053423
2017995560.000,Miguel,recording,shake_phone,4,3.408286,8.408370,3.138524,-0.209706,0.091250,0.012333
2017995570.000,Miguel,recording,shake_phone,4,3.423480,8.291479,3.261061,-0.256184,0.260066,0.088010
2017995580.000,Miguel,recording,shake_phone,4,3.512559,8.259532,3.439053,-0.288141,0.415564,0.160568
2017995590.000,Miguel,recording,shake_phone,4,3.568782,8.247549,3.621341,-0.300208,0.540623,0.216902
2017995600.000,Miguel,recording,shake_phone,4,3.545782,8.195910,3.759515,-0.290180,0.626038,0.254698
2017995610.000,Miguel,recording,shake_phone,4,3.499704,8.141040,3.807739,-0.264671,0.665068,0.278424
2017995620.000,Miguel,recording,shake_phone,4,3.549961,8.140326,3.792749,-0.232120,0.653501,0.288453
2017995630.000,Miguel,recording,shake_phone,4,3.674893,8.166072,3.798492,-0.197566,0.591835,0.282173
2017995640.000,Miguel,recording,shake_phone,4,3.746452,8.175136,3.790286,-0.164533,0.489068,0.261503
2017995650.000,Miguel,recording,shake_phone,4,3.743392,8.164907,3.784151,-0.136096,0.366130,0.234041
2017995660.000,Miguel,recording,shake_phone,4,3.715719,8.199184,3.823381,-0.111893,0.246728,0.207214
2017995670.000,Miguel,recording,shake_phone,4,3.702838,8.244910,3.885234,-0.088350,0.151793,0.187191
2017995680.000,Miguel,recording,shake_phone,4,3.766493,8.262612,3.893328,-0.065089,0.098912,0.177631
2017995690.000,Miguel,recording,shake_phone,4,3.890074,8.306598,3.832493,-0.048696,0.093058,0.175792
2017995700.000,Miguel,recording,shake_phone,4,4.018351,8.362817,3.794766,-0.044010,0.122564,0.174521
2017995710.000,Miguel,recording,shake_phone,4,4.078320,8.368590,3.770719,-0.049610,0.172389,0.170413
2017995720.000,Miguel,recording,shake_phone,4,4.022578,8.332058,3.771165,-0.060760,0.229942,0.166744
2017995730.000,Miguel,recording,shake_phone,4,3.924119,8.314590,3.784584,-0.073548,0.282578,0.168096
2017995740.000,Miguel,recording,shake_phone,4,3.899040,8.313873,3.822334,-0.088304,0.321609,0.173927
2017995750.000,Miguel,recording,shake_phone,4,3.932289,8.292737,3.911313,-0.101715,0.342961,0.177792
2017995760.000,Miguel,recording,shake_phone,4,3.945014,8.206284,3.993187,-0.105257,0.349835,0.175217
2017995770.000,Miguel,recording,shake_phone,4,3.956926,8.112826,4.047068,-0.097058,0.346220,0.167734
2017995780.000,Miguel,recording,shake_phone,4,3.968117,8.082024,4.058436,-0.080529,0.329016,0.156157
2017995790.000,Miguel,recording,shake_phone,4,4.002032,8.125768,4.061468,-0.057699,0.292431,0.136425
2017995800.000,Miguel,recording,shake_phone,4,4.015943,8.133356,4.058251,-0.032285,0.235137,0.107879
2017995810.000,Miguel,recording,shake_phone,4,3.992693,8.042941,4.018231,-0.010869,0.163642,0.077773
2017995820.000,Miguel,recording,shake_phone,4,3.978411,7.995878,3.988329,0.004912,0.091209,0.050956
2017995830.000,Miguel,recording,shake_phone,4,3.947875,8.032839,4.007554,0.019536,0.032367,0.027539
2017995840.000,Miguel,recording,shake_phone,4,3.901684,8.085791,4.058791,0.035750,-0.005047,0.008357
2017995850.000,Miguel,recording,shake_phone,4,3.859772,8.123915,4.071727,0.053281,-0.022416,-0.006630
2017995860.000,Miguel,recording,shake_phone,4,3.800202,8.124297,4.057925,0.071030,-0.028864,-0.017655
2017995870.000,Miguel,recording,shake_phone,4,3.717166,8.106495,4.010026,0.088074,-0.034821,-0.024106
2017995880.000,Miguel,recording,shake_phone,4,3.650188,8.078337,3.946814,0.101469,-0.046759,-0.024707
2017995890.000,Miguel,recording,shake_phone,4,3.635590,8.079753,3.867948,0.106834,-0.063095,-0.018630
2017995900.000,Miguel,recording,shake_phone,4,3.720952,8.104675,3.800340,0.102691,-0.070770,-0.010415
2017995910.000,Miguel,recording,shake_phone,4,3.798589,8.130190,3.765477,0.091534,-0.055976,-0.005934
2017995920.000,Miguel,recording,shake_phone,4,3.799196,8.134623,3.758670,0.077523,-0.021116,-0.003900
2017995930.000,Miguel,recording,shake_phone,4,3.757137,8.106752,3.758194,0.061986,0.020197,-0.000903
2017995940.000,Miguel,recording,shake_phone,4,3.687672,8.084286,3.737172,0.041680,0.060410,0.006552
2017995950.000,Miguel,recording,shake_phone,4,3.572792,8.024131,3.592717,0.003652,0.100853,0.025122
2017995960.000,Miguel,recording,shake_phone,4,3.468178,7.931707,3.397455,-0.060762,0.153906,0.055692
2017995970.000,Miguel,recording,shake_phone,4,3.512122,7.953829,3.480565,-0.131356,0.236905,0.089855
2017995980.000,Miguel,recording,shake_phone,4,3.593624,8.006933,3.745845,-0.178531,0.343467,0.119139
2017995990.000,Miguel,recording,shake_phone,4,3.585219,8.002405,3.919519,-0.195229,0.445549,0.141629
2017996000.000,Miguel,recording,shake_phone,4,3.532767,7.981844,3.970562,-0.195010,0.516369,0.160689
2017996010.000,Miguel,recording,shake_phone,4,3.570885,8.012540,4.024554,-0.191066,0.534439,0.176157
2017996020.000,Miguel,recording,shake_phone,4,3.702951,8.065513,4.131244,-0.186016,0.497013,0.181839
2017996030.000,Miguel,recording,shake_phone,4,3.840811,8.055105,4.262493,-0.172962,0.427266,0.172813
2017996040.000,Miguel,recording,shake_phone,4,3.907109,8.018278,4.392736,-0.143150,0.349137,0.148406
2017996050.000,Miguel,recording,shake_phone,4,3.938779,8.050711,4.470780,-0.094904,0.270696,0.109019
2017996060.000,Miguel,recording,shake_phone,4,3.895707,8.095520,4.498321,-0.036609,0.189000,0.063385
2017996070.000,Miguel,recording,shake_phone,4,3.846382,8.077528,4.440248,0.016476,0.102281,0.026484
2017996080.000,Miguel,recording,shake_phone,4,3.844051,8.028282,4.333126,0.054428,0.023006,0.000900
2017996090.000,Miguel,recording,shake_phone,4,3.853588,8.002208,4.272334,0.078517,-0.029631,-0.019891
2017996100.000,Miguel,recording,shake_phone,4,3.822402,8.031119,4.246919,0.096175,-0.049292,-0.037816
2017996110.000,Miguel,recording,shake_phone,4,3.791402,8.047186,4.185670,0.110297,-0.045335,-0.048091
2017996120.000,Miguel,recording,shake_phone,4,3.799571,8.037062,4.072524,0.116732,-0.028371,-0.050336
2017996130.000,Miguel,recording,shake_phone,4,3.800375,8.009907,3.963022,0.112074,-0.005693,-0.051381
2017996140.000,Miguel,recording,shake_phone,4,3.739327,8.022926,3.929736,0.099020,0.014636,-0.053109
2017996150.000,Miguel,recording,shake_phone,4,3.639888,8.056023,3.990295,0.087734,0.025818,-0.053885
2017996160.000,Miguel,recording,shake_phone,4,3.589147,8.065106,4.038885,0.085601,0.025537,-0.054121
2017996170.000,Miguel,recording,shake_phone,4,3.603766,8.053501,4.003543,0.090489,0.013533,-0.054409
2017996180.000,Miguel,recording,shake_phone,4,3.636703,8.063671,3.917707,0.094989,-0.007758,-0.055007
2017996190.000,Miguel,recording,shake_phone,4,3.650710,8.097762,3.848311,0.092345,-0.029851,-0.056636
2017996200.000,Miguel,recording,shake_phone,4,3.625912,8.110190,3.819116,0.082826,-0.044516,-0.057929
2017996210.000,Miguel,recording,shake_phone,4,3.554962,8.106287,3.805102,0.069631,-0.048816,-0.054050
2017996220.000,Miguel,recording,shake_phone,4,3.501086,8.126475,3.776623,0.052265,-0.041237,-0.039630
2017996230.000,Miguel,recording,shake_phone,4,3.506886,8.131763,3.761349,0.028255,-0.020220,-0.017355
2017996240.000,Miguel,recording,shake_phone,4,3.547144,8.110694,3.776421,-0.001168,0.013509,0.005467
2017996250.000,Miguel,recording,shake_phone,4,3.588346,8.104879,3.819438,-0.029885,0.054886,0.025195
2017996260.000,Miguel,recording,shake_phone,4,3.632631,8.124217,3.884279,-0.051937,0.092498,0.039221
2017996270.000,Miguel,recording,shake_phone,4,3.669411,8.115759,3.940551,-0.065634,0.116193,0.045748
2017996280.000,Miguel,recording,shake_phone,4,3.671486,8.062115,3.987373,-0.071007,0.124279,0.044090
2017996290.000,Miguel,recording,shake_phone,4,3.656973,8.030593,4.027073,-0.068973,0.115903,0.036031
2017996300.000,Miguel,recording,shake_phone,4,3.624650,8.043675,4.052474,-0.061663,0.090700,0.025418
2017996310.000,Miguel,recording,shake_phone,4,3.636204,8.040068,4.063081,-0.051902,0.054282,0.013796
2017996320.000,Miguel,recording,shake_phone,4,3.641723,8.009809,4.079333,-0.041462,0.016280,0.002488
2017996330.000,Miguel,recording,shake_phone,4,3.598511,8.016634,4.121063,-0.029230,-0.015104,-0.004022
2017996340.000,Miguel,recording,shake_phone,4,3.585902,8.027037,4.152198,-0.015938,-0.033418,-0.003510
2017996350.000,Miguel,recording,shake_phone,4,3.596873,8.026386,4.142534,-0.005368,-0.034653,0.001426
2017996360.000,Miguel,recording,shake_phone,4,3.600266,8.028965,4.106230,-0.000164,-0.022128,0.007921
2017996370.000,Miguel,recording,shake_phone,4,3.641530,8.065344,4.053773,-0.000387,-0.004149,0.013958
2017996380.000,Miguel,recording,shake_phone,4,3.708657,8.113427,4.007222,-0.005524,0.011986,0.017436
2017996390.000,Miguel,recording,shake_phone,4,3.752688,8.109885,3.996898,-0.014731,0.023648,0.016710
2017996400.000,Miguel,recording,shake_phone,4,3.738849,8.095909,4.025054,-0.025173,0.031537,0.012310
2017996410.000,Miguel,recording,shake_phone,4,3.685623,8.095803,4.072645,-0.032367,0.035025,0.007850
2017996420.000,Miguel,recording,shake_phone,4,3.634729,8.070162,4.111631,-0.034701,0.033720,0.007146
2017996430.000,Miguel,recording,shake_phone,4,3.625859,8.076497,4.123854,-0.033837,0.028964,0.010336
2017996440.000,Miguel,recording,shake_phone,4,3.727487,8.092741,4.098910,-0.031985,0.024393,0.013075
2017996450.000,Miguel,recording,shake_phone,4,3.861055,8.092536,4.054576,-0.032942,0.024392,0.010749
2017996460.000,Miguel,recording,shake_phone,4,3.908282,8.062833,4.039876,-0.039453,0.029766,0.003575
2017996470.000,Miguel,recording,shake_phone,4,3.875811,8.045527,4.070807,-0.048922,0.039615,-0.005612
2017996480.000,Miguel,recording,shake_phone,4,3.786842,8.042923,4.146081,-0.055213,0.051631,-0.014201
2017996490.000,Miguel,recording,shake_phone,4,3.668549,8.047674,4.246964,-0.052787,0.059219,-0.019982
2017996500.000,Miguel,recording,shake_phone,4,3.518079,8.050427,4.344701,-0.038009,0.053988,-0.020031
2017996510.000,Miguel,recording,shake_phone,4,3.441605,8.035053,4.347934,-0.012945,0.034895,-0.012946
2017996520.000,Miguel,recording,shake_phone,4,3.560323,8.020940,4.236788,0.010169,0.010812,-0.005737
2017996530.000,Miguel,recording,shake_phone,4,3.756808,8.027152,4.129591,0.021418,-0.007764,-0.007239
2017996540.000,Miguel,recording,shake_phone,4,3.843088,8.036441,4.048847,0.021568,-0.016306,-0.016768
2017996550.000,Miguel,recording,shake_phone,4,3.818753,8.061285,4.023583,0.015634,-0.014607,-0.027739
2017996560.000,Miguel,recording,shake_phone,4,3.768460,8.058069,4.059162,0.006979,-0.004202,-0.035153
2017996570.000,Miguel,recording,shake_phone,4,3.718666,8.051988,4.076541,-0.002691,0.012301,-0.037695
2017996580.000,Miguel,recording,shake_phone,4,3.647905,8.055176,4.093675,-0.011269,0.030849,-0.037345
2017996590.000,Miguel,recording,shake_phone,4,3.547320,8.058122,4.129683,-0.016570,0.044185,-0.034316
2017996600.000,Miguel,recording,shake_phone,4,3.455977,8.063891,4.189365,-0.016227,0.046675,-0.027085
2017996610.000,Miguel,recording,shake_phone,4,3.442788,8.039447,4.234435,-0.010087,0.040068,-0.017283
2017996620.000,Miguel,recording,shake_phone,4,3.516921,8.024405,4.204367,-0.001686,0.029047,-0.009271
2017996630.000,Miguel,recording,shake_phone,4,3.638024,8.034788,4.125883,0.001308,0.017113,-0.006416
2017996640.000,Miguel,recording,shake_phone,4,3.729112,8.029516,4.076335,-0.004364,0.009911,-0.009728
2017996650.000,Miguel,recording,shake_phone,4,3.750190,8.013883,4.098953,-0.012423,0.012631,-0.016628
2017996660.000,Miguel,recording,shake_phone,4,3.689802,8.012023,4.173958,-0.015892,0.023410,-0.021316
2017996670.000,Miguel,recording,shake_phone,4,3.627106,8.026050,4.220229,-0.014024,0.035597,-0.021724
2017996680.000,Miguel,recording,shake_phone,4,3.594424,8.040469,4.229774,-0.010267,0.043467,-0.020231
2017996690.000,Miguel,recording,shake_phone,4,3.552362,8.042630,4.228015,-0.006296,0.044016,-0.019434
2017996700.000,Miguel,recording,shake_phone,4,3.501185,8.036757,4.244129,-0.000649,0.037286,-0.020454
2017996710.000,Miguel,recording,shake_phone,4,3.439305,8.022166,4.247706,0.008711,0.025554,-0.018836
2017996720.000,Miguel,recording,shake_phone,4,3.442401,8.026977,4.185643,0.018622,0.012177,-0.010635
2017996730.000,Miguel,recording,shake_phone,4,3.595068,8.051721,4.095276,0.020548,0.004154,-0.001639
2017996740.000,Miguel,recording,shake_phone,4,3.770693,8.065686,4.044838,0.012764,0.009753,0.000347
2017996750.000,Miguel,recording,shake_phone,4,3.813411,8.063241,4.074168,0.002001,0.029719,-0.005189
2017996760.000,Miguel,recording,shake_phone,4,3.760591,8.063619,4.134529,-0.005645,0.052808,-0.012967
2017996770.000,Miguel,recording,shake_phone,4,3.690409,8.076007,4.156993,-0.007886,0.065937,-0.018456
2017996780.000,Miguel,recording,shake_phone,5,3.638150,8.096475,4.137172,-0.007145,0.066096,-0.022106
2017996790.000,Miguel,recording,shake_phone,5,3.614015,8.100847,4.115776,-0.009070,0.056926,-0.025565
2017996800.000,Miguel,recording,shake_phone,5,3.614616,8.096015,4.109429,-0.013902,0.044325,-0.028200
2017996810.000,Miguel,recording,shake_phone,5,3.614071,8.087937,4.161989,-0.015502,0.035500,-0.029782
2017996820.000,Miguel,recording,shake_phone,5,3.620900,8.100652,4.237882,-0.011458,0.033375,-0.030147
2017996830.000,Miguel,recording,shake_phone,5,3.658436,8.121956,4.258063,-0.004603,0.034044,-0.029748
2017996840.000,Miguel,recording,shake_phone,5,3.699257,8.138116,4.218536,0.002121,0.033084,-0.031164
2017996850.000,Miguel,recording,shake_phone,5,3.720598,8.134348,4.199314,0.007409,0.030956,-0.035606
2017996860.000,Miguel,recording,shake_phone,5,3.711638,8.134739,4.200358,0.010675,0.028911,-0.042711
2017996870.000,Miguel,recording,shake_phone,5,3.686510,8.132366,4.192763,0.012562,0.026381,-0.050574
2017996880.000,Miguel,recording,shake_phone,5,3.661526,8.124404,4.176598,0.013675,0.023931,-0.056959
2017996890.000,Miguel,recording,shake_phone,5,3.653884,8.106056,4.166579,0.013257,0.023253,-0.061053
2017996900.000,Miguel,recording,shake_phone,5,3.642726,8.085014,4.176917,0.012661,0.026423,-0.063158
2017996910.000,Miguel,recording,shake_phone,5,3.619336,8.094669,4.186587,0.013242,0.033833,-0.063809
2017996920.000,Miguel,recording,shake_phone,5,3.614807,8.115357,4.171707,0.013042,0.043043,-0.062496
2017996930.000,Miguel,recording,shake_phone,5,3.608681,8.110676,4.121731,0.010387,0.052546,-0.061930
2017996940.000,Miguel,recording,shake_phone,5,3.580210,8.111581,4.107096,0.006151,0.060350,-0.064106
2017996950.000,Miguel,recording,shake_phone,5,3.546988,8.120498,4.114319,0.001160,0.063437,-0.066849
2017996960.000,Miguel,recording,shake_phone,5,3.509516,8.108442,4.116053,-0.003977,0.061497,-0.068158
2017996970.000,Miguel,recording,shake_phone,5,3.462888,8.081806,4.135822,-0.009071,0.057875,-0.066511
2017996980.000,Miguel,recording,shake_phone,5,3.443899,8.066534,4.174673,-0.014223,0.056685,-0.062928
2017996990.000,Miguel,recording,shake_phone,5,3.461749,8.068536,4.238075,-0.016066,0.060707,-0.059538
2017997000.000,Miguel,recording,shake_phone,5,3.467257,8.084117,4.328836,-0.011721,0.068414,-0.057811
2017997010.000,Miguel,recording,shake_phone,5,3.476011,8.077529,4.363912,-0.001387,0.073516,-0.058331
2017997020.000,Miguel,recording,shake_phone,5,3.471065,8.071766,4.341602,0.013539,0.071746,-0.061229
2017997030.000,Miguel,recording,shake_phone,5,3.494572,8.088399,4.270656,0.027857,0.062022,-0.066356
2017997040.000,Miguel,recording,shake_phone,5,3.517887,8.105524,4.195943,0.035042,0.047527,-0.074247
2017997050.000,Miguel,recording,shake_phone,5,3.484029,8.107970,4.175779,0.035169,0.034385,-0.084086
2017997060.000,Miguel,recording,shake_phone,5,3.419689,8.108418,4.182854,0.033722,0.026961,-0.090638
2017997070.000,Miguel,recording,shake_phone,5,3.365886,8.113407,4.188688,0.032585,0.026629,-0.090897
2017997080.000,Miguel,recording,shake_phone,5,3.355427,8.113958,4.176795,0.030819,0.032373,-0.087805
2017997090.000,Miguel,recording,shake_phone,5,3.347751,8.120394,4.165980,0.027963,0.040540,-0.084103
2017997100.000,Miguel,recording,shake_phone,5,3.319791,8.121443,4.176160,0.024877,0.045436,-0.079392
2017997110.000,Miguel,recording,shake_phone,5,3.335467,8.108473,4.182938,0.023025,0.045619,-0.074877
2017997120.000,Miguel,recording,shake_phone,5,3.379089,8.106350,4.172002,0.022158,0.043957,-0.073726
2017997130.000,Miguel,recording,shake_phone,5,3.398743,8.130541,4.144819,0.020889,0.042685,-0.075501
2017997140.000,Miguel,recording,shake_phone,5,3.371620,8.127857,4.133574,0.018003,0.042292,-0.077240
2017997150.000,Miguel,recording,shake_phone,5,3.342452,8.143415,4.155799,0.014026,0.042805,-0.078582
2017997160.000,Miguel,recording,shake_phone,5,3.315857,8.166883,4.196144,0.011393,0.044625,-0.078809
2017997170.000,Miguel,recording,shake_phone,5,3.297202,8.165286,4.238034,0.011632,0.047697,-0.076290
2017997180.000,Miguel,recording,shake_phone,5,3.289777,8.154452,4.257142,0.013740,0.051476,-0.072082
2017997190.000,Miguel,recording,shake_phone,5,3.307173,8.150352,4.264323,0.017877,0.055414,-0.069702
2017997200.000,Miguel,recording,shake_phone,5,3.335585,8.172653,4.251659,0.025203,0.057924,-0.071097
2017997210.000,Miguel,recording,shake_phone,5,3.316811,8.192922,4.253342,0.034458,0.055545,-0.074229
2017997220.000,Miguel,recording,shake_phone,5,3.281999,8.192914,4.224368,0.042714,0.046910,-0.076966
2017997230.000,Miguel,recording,shake_phone,5,3.264908,8.190218,4.186605,0.047651,0.035984,-0.079343
2017997240.000,Miguel,recording,shake_phone,5,3.263364,8.193062,4.155467,0.048948,0.028515,-0.080980
2017997250.000,Miguel,recording,shake_phone,5,3.237419,8.205118,4.128537,0.046862,0.027101,-0.080612
2017997260.000,Miguel,recording,shake_phone,5,3.215883,8.203861,4.120959,0.042473,0.031742,-0.077545
2017997270.000,Miguel,recording,shake_phone,5,3.222147,8.202408,4.124005,0.037526,0.041677,-0.073259
2017997280.000,Miguel,recording,shake_phone,5,3.271907,8.206062,4.119568,0.032593,0.053251,-0.071563
2017997290.000,Miguel,recording,shake_phone,5,3.326121,8.212440,4.098322,0.027939,0.061545,-0.073796
2017997300.000,Miguel,recording,shake_phone,5,3.340189,8.233113,4.099460,0.022959,0.063056,-0.079280
2017997310.000,Miguel,recording,shake_phone,5,3.294240,8.258670,4.099630,0.017704,0.056714,-0.086286
2017997320.000,Miguel,recording,shake_phone,5,3.255677,8.235838,4.098098,0.012487,0.047873,-0.092330
2017997330.000,Miguel,recording,shake_phone,5,3.242451,8.210729,4.119667,0.006407,0.044247,-0.095937
2017997340.000,Miguel,recording,shake_phone,5,3.217574,8.186302,4.165230,0.000282,0.049139,-0.096408
2017997350.000,Miguel,recording,shake_phone,5,3.192776,8.182964,4.237880,-0.000527,0.060514,-0.095371
2017997360.000,Miguel,recording,shake_phone,5,3.203449,8.201086,4.291122,0.008376,0.070022,-0.095279
2017997370.000,Miguel,recording,shake_phone,5,3.241017,8.231091,4.278165,0.022565,0.070287,-0.099047
2017997380.000,Miguel,recording,shake_phone,5,3.226050,8.265369,4.205019,0.034520,0.059009,-0.107640
2017997390.000,Miguel,recording,shake_phone,5,3.138652,8.277182,4.141993,0.040208,0.037846,-0.116372
2017997400.000,Miguel,recording,shake_phone,5,3.064001,8.277556,4.096513,0.038449,0.015687,-0.119672
2017997410.000,Miguel,recording,shake_phone,5,3.021285,8.278286,4.085748,0.030627,0.004165,-0.116039
2017997420.000,Miguel,recording,shake_phone,5,3.015057,8.281432,4.134348,0.020030,0.008534,-0.107384
2017997430.000,Miguel,recording,shake_phone,5,3.059975,8.273469,4.188625,0.011107,0.027721,-0.096759
2017997440.000,Miguel,recording,shake_phone,5,3.112954,8.263746,4.218751,0.007410,0.054902,-0.087541
2017997450.000,Miguel,recording,shake_phone,5,3.140720,8.276058,4.202065,0.007553,0.078205,-0.083651
2017997460.000,Miguel,recording,shake_phone,5,3.123625,8.286980,4.180608,0.008765,0.088054,-0.087053
2017997470.000,Miguel,recording,shake_phone,5,3.072134,8.291652,4.171567,0.010082,0.081681,-0.094303
2017997480.000,Miguel,recording,shake_phone,5,2.999103,8.284246,4.160859,0.011005,0.065872,-0.100283
2017997490.000,Miguel,recording,shake_phone,5,2.962499,8.239615,4.166694,0.011382,0.049696,-0.103271
2017997500.000,Miguel,recording,shake_phone,5,2.921122,8.220945,4.188548,0.012608,0.036490,-0.102427
2017997510.000,Miguel,recording,shake_phone,5,2.916222,8.222904,4.211192,0.016310,0.027494,-0.097304
2017997520.000,Miguel,recording,shake_phone,5,2.970115,8.250199,4.172975,0.020527,0.023402,-0.091166
2017997530.000,Miguel,recording,shake_phone,5,2.973019,8.276674,4.122735,0.022355,0.022796,-0.087123
2017997540.000,Miguel,recording,shake_phone,5,2.961094,8.288926,4.080061,0.020532,0.023579,-0.083940
2017997550.000,Miguel,recording,shake_phone,5,2.939427,8.302403,4.058051,0.013750,0.024531,-0.079770
2017997560.000,Miguel,recording,shake_phone,5,2.916316,8.320292,4.052065,0.002669,0.025901,-0.073999
2017997570.000,Miguel,recording,shake_phone,5,2.920839,8.331753,4.079162,-0.010481,0.027805,-0.065880
2017997580.000,Miguel,recording,shake_phone,5,2.919079,8.347849,4.122629,-0.023247,0.030246,-0.054921
2017997590.000,Miguel,recording,shake_phone,5,2.926218,8.367337,4.205648,-0.031466,0.034438,-0.041626
2017997600.000,Miguel,recording,shake_phone,5,3.010528,8.379529,4.253575,-0.034144,0.038739,-0.029869
2017997610.000,Miguel,recording,shake_phone,5,3.124802,8.403109,4.252178,-0.034442,0.040641,-0.025852
2017997620.000,Miguel,recording,shake_phone,5,3.234803,8.396662,4.240639,-0.035159,0.040899,-0.031927
2017997630.000,Miguel,recording,shake_phone,5,3.345380,8.376391,4.239754,-0.038222,0.040329,-0.046636
2017997640.000,Miguel,recording,shake_phone,5,3.400934,8.384676,4.245152,-0.045278,0.039317,-0.067189
2017997650.000,Miguel,recording,shake_phone,5,3.378115,8.381537,4.288503,-0.054650,0.040933,-0.089991
2017997660.000,Miguel,recording,shake_phone,5,3.322908,8.360011,4.349270,-0.061411,0.048741,-0.111095
2017997670.000,Miguel,recording,shake_phone,5,3.265263,8.335783,4.451984,-0.061899,0.062495,-0.127487
2017997680.000,Miguel,recording,shake_phone,5,3.179977,8.322281,4.586397,-0.052531,0.078379,-0.137547
2017997690.000,Miguel,recording,shake_phone,5,3.129472,8.294320,4.698769,-0.030754,0.091466,-0.143344
2017997700.000,Miguel,recording,shake_phone,5,3.193069,8.292563,4.709001,0.000322,0.097648,-0.152748
2017997710.000,Miguel,recording,shake_phone,5,3.281897,8.297025,4.621982,0.032753,0.094428,-0.172729
2017997720.000,Miguel,recording,shake_phone,5,3.275441,8.296181,4.535764,0.059397,0.082338,-0.202567
2017997730.000,Miguel,recording,shake_phone,5,3.189113,8.279671,4.458414,0.081061,0.067454,-0.235023
2017997740.000,Miguel,recording,shake_phone,5,3.035860,8.285080,4.415722,0.099610,0.054919,-0.263689
2017997750.000,Miguel,recording,shake_phone,5,2.850225,8.322958,4.363559,0.110540,0.038120,-0.284809
2017997760.000,Miguel,recording,shake_phone,5,2.670967,8.342483,4.300014,0.115350,0.020109,-0.295756
2017997770.000,Miguel,recording,shake_phone,5,2.557650,8.310644,4.309836,0.121613,0.012158,-0.297321
2017997780.000,Miguel,recording,shake_phone,5,2.479647,8.326917,4.301156,0.132258,0.010847,-0.292314
2017997790.000,Miguel,recording,shake_phone,5,2.433583,8.350482,4.237676,0.144513,0.011852,-0.284011
2017997800.000,Miguel,recording,shake_phone,5,2.441817,8.363787,4.106992,0.151297,0.015618,-0.276380
2017997810.000,Miguel,recording,shake_phone,5,2.451044,8.364533,3.960851,0.147095,0.022244,-0.273158
2017997820.000,Miguel,recording,shake_phone,5,2.414703,8.365750,3.867020,0.131922,0.029911,-0.274575
2017997830.000,Miguel,recording,shake_phone,5,2.355115,8.368528,3.836581,0.108980,0.036111,-0.277679
2017997840.000,Miguel,recording,shake_phone,5,2.260218,8.367802,3.867466,0.084541,0.039098,-0.280273
2017997850.000,Miguel,recording,shake_phone,5,2.139011,8.378657,3.937901,0.066441,0.037228,-0.278673
2017997860.000,Miguel,recording,shake_phone,5,2.043924,8.405139,4.016980,0.059095,0.031413,-0.271662
2017997870.000,Miguel,recording,shake_phone,5,1.967602,8.393578,4.043491,0.061432,0.024479,-0.261746
2017997880.000,Miguel,recording,shake_phone,5,1.937022,8.385014,4.019351,0.067268,0.017386,-0.251286
2017997890.000,Miguel,recording,shake_phone,5,1.919142,8.376100,3.956362,0.071218,0.009810,-0.243168
2017997900.000,Miguel,recording,shake_phone,5,1.888968,8.359926,3.879103,0.072343,0.002866,-0.238219
2017997910.000,Miguel,recording,shake_phone,5,1.835099,8.379069,3.827381,0.069758,-0.004025,-0.234698
2017997920.000,Miguel,recording,shake_phone,5,1.797751,8.390552,3.784779,0.060924,-0.011522,-0.231369
2017997930.000,Miguel,recording,shake_phone,5,1.747305,8.382057,3.782412,0.047308,-0.018201,-0.229191
2017997940.000,Miguel,recording,shake_phone,5,1.659468,8.345630,3.796254,0.035553,-0.024354,-0.230677
2017997950.000,Miguel,recording,shake_phone,5,1.536960,8.273217,3.817544,0.032087,-0.036043,-0.237561
2017997960.000,Miguel,recording,shake_phone,5,1.292335,8.148073,3.854623,0.041588,-0.072376,-0.252058
2017997970.000,Miguel,recording,shake_phone,5,0.927176,8.012985,3.897562,0.073331,-0.156645,-0.280207
2017997980.000,Miguel,recording,shake_phone,5,0.467729,7.915483,3.934356,0.143889,-0.277230,-0.329501
2017997990.000,Miguel,recording,shake_phone,5,-0.403555,7.847407,3.790744,0.262718,-0.380837,-0.394973
2017998000.000,Miguel,recording,shake_phone,5,-1.969846,7.728559,3.137021,0.413678,-0.425403,-0.451377
2017998010.000,Miguel,recording,shake_phone,5,-3.981599,7.546044,2.040379,0.542227,-0.436467,-0.467409
2017998020.000,Miguel,recording,shake_phone,5,-6.093294,7.392527,0.975501,0.580194,-0.513856,-0.407118
2017998030.000,Miguel,recording,shake_phone,5,-8.264026,7.361715,0.373437,0.514395,-0.735892,-0.217417
2017998040.000,Miguel,recording,shake_phone,5,-9.823373,6.976757,0.342813,0.408396,-1.054862,0.138863
2017998050.000,Miguel,recording,shake_phone,5,-10.140242,6.300907,0.409597,0.320947,-1.334621,0.654124
2017998060.000,Miguel,recording,shake_phone,5,-8.844408,5.699918,-0.001512,0.225425,-1.479787,1.294447
2017998070.000,Miguel,recording,shake_phone,5,-5.159203,5.095486,-0.602433,0.044554,-1.474270,1.988432
2017998080.000,Miguel,recording,shake_phone,5,1.903508,4.527961,-0.420235,-0.259930,-1.324108,2.608198
2017998090.000,Miguel,recording,shake_phone,5,11.392976,4.774097,0.785629,-0.660743,-1.022423,2.981498
2017998100.000,Miguel,recording,shake_phone,5,21.218901,6.328785,2.554798,-1.107352,-0.537132,2.919277
2017998110.000,Miguel,recording,shake_phone,5,27.761823,8.134866,4.776276,-1.540335,0.168652,2.327610
2017998120.000,Miguel,recording,shake_phone,5,27.873806,9.181885,7.653926,-1.870641,1.005989,1.348236
2017998130.000,Miguel,recording,shake_phone,5,22.432093,9.840740,11.195824,-1.985742,1.691728,0.287131
2017998140.000,Miguel,recording,shake_phone,5,14.910995,10.548871,14.418316,-1.785965,1.953015,-0.619438
2017998150.000,Miguel,recording,shake_phone,5,7.473862,11.236616,16.512901,-1.217783,1.704130,-1.274997
2017998160.000,Miguel,recording,shake_phone,5,1.306926,11.148998,16.394570,-0.329946,1.036283,-1.652517
2017998170.000,Miguel,recording,shake_phone,5,-3.117388,10.207435,13.226987,0.670756,0.171250,-1.754412
2017998180.000,Miguel,recording,shake_phone,5,-6.217202,9.481386,8.226680,1.500092,-0.610849,-1.589896
2017998190.000,Miguel,recording,shake_phone,5,-8.377770,9.106770,3.606920,1.977121,-1.058188,-1.186763
2017998200.000,Miguel,recording,shake_phone,5,-9.722004,8.433887,0.258187,2.111092,-1.081846,-0.586535
2017998210.000,Miguel,recording,shake_phone,5,-9.561896,7.357271,-2.202807,1.994185,-0.786432,0.150244
2017998220.000,Miguel,recording,shake_phone,5,-7.106156,6.286461,-4.439358,1.681429,-0.365157,0.903949
2017998230.000,Miguel,recording,shake_phone,5,-2.832543,5.685649,-5.981013,1.201264,-0.038581,1.515151
2017998240.000,Miguel,recording,shake_phone,5,2.582423,5.395516,-6.235907,0.598605,0.031399,1.843869
2017998250.000,Miguel,recording,shake_phone,5,7.384823,5.444963,-5.061051,-0.044872,-0.157617,1.836946
2017998260.000,Miguel,recording,shake_phone,5,9.919039,6.014763,-2.561424,-0.612713,-0.473634,1.573370
2017998270.000,Miguel,recording,shake_phone,5,10.129505,6.832156,0.454725,-1.003055,-0.768295,1.218168
2017998280.000,Miguel,recording,shake_phone,5,9.085543,7.503584,2.913090,-1.190299,-0.956131,0.903944
2017998290.000,Miguel,recording,shake_phone,5,7.797360,8.027952,4.301710,-1.227443,-1.028670,0.670630
2017998300.000,Miguel,recording,shake_phone,5,6.593793,8.526832,4.926446,-1.194772,-1.030668,0.504133
2017998310.000,Miguel,recording,shake_phone,5,5.535582,8.830331,5.240429,-1.148766,-1.016189,0.384903
2017998320.000,Miguel,recording,shake_phone,5,4.595171,8.846034,5.532676,-1.108657,-1.018033,0.302722
2017998330.000,Miguel,recording,shake_phone,5,3.756899,8.703938,5.997999,-1.061897,-1.044573,0.257577
2017998340.000,Miguel,recording,shake_phone,5,3.198145,8.452794,6.580472,-0.978132,-1.082141,0.250884
2017998350.000,Miguel,recording,shake_phone,5,3.124544,8.070380,6.968677,-0.835244,-1.104785,0.273376
2017998360.000,Miguel,recording,shake_phone,5,3.380740,7.661664,6.957731,-0.635303,-1.091604,0.308880
2017998370.000,Miguel,recording,shake_phone,5,3.746441,7.331859,6.565078,-0.401954,-1.035877,0.346734
2017998380.000,Miguel,recording,shake_phone,5,4.162680,7.103357,5.875940,-0.169057,-0.942767,0.386452
2017998390.000,Miguel,recording,shake_phone,5,4.604492,7.004359,5.125072,0.031591,-0.816199,0.427694
2017998400.000,Miguel,recording,shake_phone,5,5.157776,7.018708,4.459431,0.173970,-0.646341,0.457415
2017998410.000,Miguel,recording,shake_phone,5,5.765664,7.032960,3.885131,0.242047,-0.419616,0.464837
2017998420.000,Miguel,recording,shake_phone,5,6.026027,6.932921,3.461790,0.240902,-0.141391,0.461258
2017998430.000,Miguel,recording,shake_phone,5,5.882581,6.845828,3.296208,0.196245,0.160423,0.466890
2017998440.000,Miguel,recording,shake_phone,5,5.546693,6.934453,3.379574,0.137814,0.449733,0.492465
2017998450.000,Miguel,recording,shake_phone,5,5.170297,7.192688,3.523300,0.080250,0.687937,0.538759
2017998460.000,Miguel,recording,shake_phone,5,5.000740,7.459790,3.527565,0.017926,0.842918,0.587610
2017998470.000,Miguel,recording,shake_phone,5,5.021758,7.633834,3.459898,-0.060018,0.911115,0.614385
2017998480.000,Miguel,recording,shake_phone,5,5.035815,7.744210,3.465508,-0.155361,0.910818,0.614692
2017998490.000,Miguel,recording,shake_phone,5,5.015954,7.801059,3.569660,-0.260409,0.868206,0.599551
2017998500.000,Miguel,recording,shake_phone,5,5.055377,7.800215,3.795148,-0.361169,0.814750,0.580929
2017998510.000,Miguel,recording,shake_phone,5,5.140427,7.683189,4.144866,-0.438614,0.776877,0.561937
2017998520.000,Miguel,recording,shake_phone,5,5.241742,7.484307,4.555464,-0.474525,0.768127,0.539091
2017998530.000,Miguel,recording,shake_phone,5,5.282820,7.256628,4.952126,-0.461734,0.779623,0.513421
2017998540.000,Miguel,recording,shake_phone,5,5.300827,7.065964,5.223925,-0.406780,0.789673,0.489963
2017998550.000,Miguel,recording,shake_phone,5,5.437348,6.927428,5.279485,-0.326375,0.788272,0.468777
2017998560.000,Miguel,recording,shake_phone,5,5.624346,6.795277,5.141994,-0.241914,0.778025,0.445976
2017998570.000,Miguel,recording,shake_phone,5,5.725632,6.757986,4.944551,-0.172272,0.757455,0.417939
2017998580.000,Miguel,recording,shake_phone,5,5.728768,6.831521,4.809151,-0.123585,0.714298,0.382048
2017998590.000,Miguel,recording,shake_phone,5,5.680942,6.939052,4.731709,-0.091665,0.636703,0.337603
2017998600.000,Miguel,recording,shake_phone,5,5.620852,7.011354,4.727400,-0.072764,0.522697,0.288622
2017998610.000,Miguel,recording,shake_phone,5,5.572743,7.040941,4.794629,-0.061557,0.379647,0.241387
2017998620.000,Miguel,recording,shake_phone,5,5.611290,7.108238,4.907566,-0.051822,0.222322,0.196159
2017998630.000,Miguel,recording,shake_phone,5,5.749964,7.189847,5.027804,-0.039363,0.075587,0.147477
2017998640.000,Miguel,recording,shake_phone,5,5.829195,7.240829,5.103635,-0.021935,-0.032816,0.093849
2017998650.000,Miguel,recording,shake_phone,5,5.774431,7.243950,5.139978,-0.001397,-0.090308,0.043237
2017998660.000,Miguel,recording,shake_phone,5,5.660116,7.225496,5.123512,0.016606,-0.100633,0.005192
2017998670.000,Miguel,recording,shake_phone,5,5.564830,7.192723,5.056306,0.028937,-0.072647,-0.016616
2017998680.000,Miguel,recording,shake_phone,5,5.499141,7.163512,4.967266,0.034897,-0.017960,-0.025058
2017998690.000,Miguel,recording,shake_phone,5,5.429699,7.128269,4.892158,0.034283,0.050729,-0.027366
2017998700.000,Miguel,recording,shake_phone,5,5.360929,7.106014,4.869718,0.031988,0.119619,-0.031427
2017998710.000,Miguel,recording,shake_phone,5,5.312366,7.099486,4.975234,0.038899,0.175278,-0.041528
2017998720.000,Miguel,recording,shake_phone,5,5.224548,7.052376,5.075038,0.064391,0.210808,-0.054515
2017998730.000,Miguel,recording,shake_phone,5,5.101065,6.999078,5.042417,0.105350,0.225170,-0.064685
2017998740.000,Miguel,recording,shake_phone,5,4.990712,6.966344,4.898165,0.147126,0.219509,-0.071945
2017998750.000,Miguel,recording,shake_phone,5,4.878506,6.977787,4.729365,0.177601,0.196591,-0.080427
2017998760.000,Miguel,recording,shake_phone,5,4.773264,7.029017,4.663144,0.197463,0.162326,-0.092964
2017998770.000,Miguel,recording,shake_phone,5,4.654395,7.057886,4.684512,0.215064,0.123325,-0.108162
2017998780.000,Miguel,recording,shake_phone,5,4.505533,7.026509,4.683648,0.237151,0.079815,-0.117279
2017998790.000,Miguel,recording,shake_phone,5,4.342138,6.985817,4.584237,0.259298,0.030912,-0.108239
2017998800.000,Miguel,recording,shake_phone,5,4.260876,6.992705,4.403184,0.266379,-0.014017,-0.079537
2017998810.000,Miguel,recording,shake_phone,5,4.332974,7.043434,4.244362,0.250215,-0.040236,-0.042698
2017998820.000,Miguel,recording,shake_phone,5,4.556076,7.104907,4.179512,0.216523,-0.037756,-0.010453
2017998830.000,Miguel,recording,shake_phone,5,4.780086,7.144374,4.126378,0.173638,-0.005004,0.011766
2017998840.000,Miguel,recording,shake_phone,5,4.903728,7.173625,4.101291,0.122989,0.048605,0.024879
2017998850.000,Miguel,recording,shake_phone,5,4.925860,7.187721,4.128593,0.066162,0.108145,0.031628
2017998860.000,Miguel,recording,shake_phone,5,4.908163,7.197133,4.243928,0.012648,0.165909,0.034046
2017998870.000,Miguel,recording,shake_phone,5,4.921730,7.203131,4.448796,-0.025311,0.223510,0.031004
2017998880.000,Miguel,recording,shake_phone,5,4.951863,7.216591,4.609601,-0.042197,0.279293,0.021005
2017998890.000,Miguel,recording,shake_phone,5,4.945761,7.199246,4.699974,-0.043903,0.320972,0.006798
2017998900.000,Miguel,recording,shake_phone,5,4.885329,7.167111,4.738223,-0.039946,0.338345,-0.007418
2017998910.000,Miguel,recording,shake_phone,5,4.762314,7.156621,4.758059,-0.033431,0.335031,-0.018804
2017998920.000,Miguel,recording,shake_phone,5,4.654007,7.148898,4.778429,-0.021736,0.320261,-0.023426
2017998930.000,Miguel,recording,shake_phone,5,4.602050,7.139221,4.759644,-0.006299,0.300526,-0.020566
2017998940.000,Miguel,recording,shake_phone,5,4.575441,7.141651,4.687136,0.006112,0.279667,-0.015852
2017998950.000,Miguel,recording,shake_phone,5,4.547708,7.138361,4.625206,0.012552,0.260095,-0.012835
2017998960.000,Miguel,recording,shake_phone,5,4.562975,7.156049,4.637102,0.015056,0.246941,-0.012839
2017998970.000,Miguel,recording,shake_phone,5,4.659325,7.172617,4.682285,0.016702,0.244410,-0.016508
2017998980.000,Miguel,recording,shake_phone,5,4.729555,7.136615,4.704849,0.019469,0.253056,-0.020167
2017998990.000,Miguel,recording,shake_phone,5,4.739360,7.132010,4.679704,0.019991,0.271488,-0.021778
2017999000.000,Miguel,recording,shake_phone,5,4.711576,7.155529,4.647537,0.014743,0.292236,-0.024299
2017999010.000,Miguel,recording,shake_phone,5,4.636304,7.201572,4.669420,0.008010,0.302538,-0.029623
2017999020.000,Miguel,recording,shake_phone,5,4.510760,7.247307,4.684601,0.004486,0.289843,-0.031602
2017999030.000,Miguel,recording,shake_phone,5,4.392606,7.228018,4.636018,-0.000281,0.252382,-0.022771
2017999040.000,Miguel,recording,shake_phone,5,4.374706,7.186959,4.572796,-0.014149,0.200156,-0.007518
2017999050.000,Miguel,recording,shake_phone,5,4.433774,7.229219,4.602197,-0.035883,0.143601,0.004825
2017999060.000,Miguel,recording,shake_phone,5,4.483516,7.255455,4.720628,-0.054845,0.096282,0.009564
2017999070.000,Miguel,recording,shake_phone,5,4.521824,7.216409,4.839845,-0.061004,0.070549,0.006834
2017999080.000,Miguel,recording,shake_phone,5,4.545960,7.189925,4.922740,-0.053594,0.064775,0.002822
2017999090.000,Miguel,recording,shake_phone,5,4.534799,7.182281,4.934148,-0.040689,0.070991,0.003011
2017999100.000,Miguel,recording,shake_phone,5,4.525323,7.160463,4.883640,-0.030160,0.085085,0.006273
2017999110.000,Miguel,recording,shake_phone,5,4.568991,7.137556,4.839352,-0.023707,0.105551,0.008151
2017999120.000,Miguel,recording,shake_phone,5,4.656533,7.141890,4.830728,-0.020093,0.134181,0.007063
2017999130.000,Miguel,recording,shake_phone,5,4.698840,7.151610,4.811894,-0.019696,0.169378,0.006903
2017999140.000,Miguel,recording,shake_phone,5,4.686207,7.154239,4.794003,-0.024633,0.202991,0.009682
2017999150.000,Miguel,recording,shake_phone,5,4.667855,7.167591,4.773643,-0.036676,0.230752,0.012225
2017999160.000,Miguel,recording,shake_phone,5,4.658028,7.184250,4.803137,-0.051544,0.254718,0.011478
2017999170.000,Miguel,recording,shake_phone,5,4.652741,7.190980,4.885799,-0.062795,0.277848,0.007058
2017999180.000,Miguel,recording,shake_phone,5,4.635132,7.190122,4.969587,-0.069269,0.299527,-0.001965
2017999190.000,Miguel,recording,shake_phone,5,4.619959,7.182469,5.026837,-0.071383,0.316663,-0.015052
2017999200.000,Miguel,recording,shake_phone,5,4.557811,7.149508,5.064432,-0.069279,0.327460,-0.028621
2017999210.000,Miguel,recording,shake_phone,5,4.457300,7.155315,5.092287,-0.062739,0.330375,-0.040696
2017999220.000,Miguel,recording,shake_phone,5,4.366485,7.168629,5.107758,-0.052333,0.322353,-0.049304
2017999230.000,Miguel,recording,shake_phone,5,4.293906,7.161431,5.124546,-0.038867,0.304570,-0.053160
2017999240.000,Miguel,recording,shake_phone,5,4.324168,7.123729,5.125948,-0.024397,0.286613,-0.054935
2017999250.000,Miguel,recording,shake_phone,5,4.372954,7.100237,5.102400,-0.013661,0.279288,-0.057713
2017999260.000,Miguel,recording,shake_phone,5,4.342960,7.093809,5.096674,-0.008833,0.284885,-0.060612
2017999270.000,Miguel,recording,shake_phone,5,4.258066,7.096852,5.111717,-0.010066,0.297065,-0.060366
2017999280.000,Miguel,recording,shake_phone,5,4.216511,7.122261,5.153140,-0.015216,0.311850,-0.056720
2017999290.000,Miguel,recording,shake_phone,5,4.202543,7.116865,5.196237,-0.018647,0.333196,-0.052072
2017999300.000,Miguel,recording,shake_phone,5,4.163946,7.119593,5.258333,-0.015807,0.363305,-0.045952
2017999310.000,Miguel,recording,shake_phone,5,4.114909,7.129330,5.322658,-0.006729,0.395241,-0.036874
2017999320.000,Miguel,recording,shake_phone,5,4.051986,7.128777,5.322235,0.003939,0.421366,-0.025002
2017999330.000,Miguel,recording,shake_phone,5,4.008788,7.138667,5.265923,0.009963,0.440355,-0.011490
2017999340.000,Miguel,recording,shake_phone,5,4.023978,7.145896,5.210980,0.007788,0.451827,0.000222
2017999350.000,Miguel,recording,shake_phone,5,4.037795,7.127316,5.210629,-0.000066,0.455177,0.007383
2017999360.000,Miguel,recording,shake_phone,5,4.005513,7.114976,5.259630,-0.007233,0.452120,0.011168
2017999370.000,Miguel,recording,shake_phone,5,3.946360,7.097105,5.321741,-0.009238,0.445122,0.014216
2017999380.000,Miguel,recording,shake_phone,5,3.939854,7.087171,5.359681,-0.006696,0.437857,0.016636
2017999390.000,Miguel,recording,shake_phone,5,3.953023,7.080680,5.366482,-0.002746,0.432292,0.018208
2017999400.000,Miguel,recording,shake_phone,5,3.954621,7.083870,5.367978,0.001263,0.425320,0.020553
2017999410.000,Miguel,recording,shake_phone,5,3.936165,7.122161,5.357089,0.004376,0.411268,0.022810
2017999420.000,Miguel,recording,shake_phone,5,3.918357,7.140950,5.356658,0.005484,0.390869,0.023682
2017999430.000,Miguel,recording,shake_phone,5,3.889300,7.123751,5.369290,0.005468,0.368199,0.023169
2017999440.000,Miguel,recording,shake_phone,5,3.849447,7.122824,5.393168,0.006133,0.343819,0.021816
2017999450.000,Miguel,recording,shake_phone,5,3.908485,7.122729,5.473717,0.008620,0.320061,0.018884
2017999460.000,Miguel,recording,shake_phone,5,3.969465,7.123184,5.560029,0.016278,0.301683,0.012369
2017999470.000,Miguel,recording,shake_phone,5,3.956161,7.116004,5.606555,0.030878,0.294226,0.004709
2017999480.000,Miguel,recording,shake_phone,5,3.893684,7.118319,5.580978,0.046477,0.297024,-0.000057
2017999490.000,Miguel,recording,shake_phone,5,3.836200,7.134040,5.534614,0.058061,0.301545,-0.000843
2017999500.000,Miguel,recording,shake_phone,5,3.862285,7.157643,5.505057,0.065182,0.305452,0.000763
2017999510.000,Miguel,recording,shake_phone,5,3.951852,7.156316,5.485588,0.068831,0.312535,0.000229
2017999520.000,Miguel,recording,shake_phone,5,4.000498,7.161932,5.486732,0.071383,0.323151,-0.006504
2017999530.000,Miguel,recording,shake_phone,5,4.016254,7.182508,5.484521,0.072495,0.336350,-0.018601
2017999540.000,Miguel,recording,shake_phone,5,3.949177,7.176665,5.480496,0.070815,0.350709,-0.029940
2017999550.000,Miguel,recording,shake_phone,5,3.838953,7.175490,5.472031,0.067608,0.363815,-0.034191
2017999560.000,Miguel,recording,shake_phone,5,3.784138,7.202334,5.481270,0.064009,0.373404,-0.032409
2017999570.000,Miguel,recording,shake_phone,5,3.718854,7.246902,5.518598,0.062916,0.376940,-0.030106
2017999580.000,Miguel,recording,shake_phone,5,3.627432,7.274862,5.551918,0.067410,0.373323,-0.028580
2017999590.000,Miguel,recording,shake_phone,5,3.567991,7.291684,5.509064,0.073880,0.366407,-0.025546
2017999600.000,Miguel,recording,shake_phone,5,3.540298,7.291549,5.415567,0.074953,0.362865,-0.020041
2017999610.000,Miguel,recording,shake_phone,5,3.522341,7.273873,5.346694,0.064801,0.369497,-0.012045
2017999620.000,Miguel,recording,shake_phone,5,3.520770,7.253981,5.347165,0.044330,0.391029,-0.001973
2017999630.000,Miguel,recording,shake_phone,5,3.569215,7.223887,5.432803,0.021768,0.427590,0.007680
2017999640.000,Miguel,recording,shake_phone,5,3.613102,7.190549,5.529021,0.005826,0.476651,0.014448
2017999650.000,Miguel,recording,shake_phone,5,3.555139,7.189575,5.585857,-0.000843,0.529501,0.019186
2017999660.000,Miguel,recording,shake_phone,5,3.425287,7.203477,5.602821,-0.002576,0.571739,0.025459
2017999670.000,Miguel,recording,shake_phone,5,3.313069,7.187447,5.606417,-0.002569,0.596564,0.034925
2017999680.000,Miguel,recording,shake_phone,5,3.243928,7.173409,5.594354,-0.000089,0.602613,0.046072
2017999690.000,Miguel,recording,shake_phone,5,3.222199,7.183661,5.588563,0.003075,0.588841,0.055012
2017999700.000,Miguel,recording,shake_phone,5,3.223867,7.198542,5.581732,0.003540,0.560510,0.059194
2017999710.000,Miguel,recording,shake_phone,5,3.239088,7.184256,5.595771,0.001523,0.531368,0.060032
2017999720.000,Miguel,recording,shake_phone,5,3.276703,7.160663,5.632818,-0.002208,0.515115,0.058396
2017999730.000,Miguel,recording,shake_phone,5,3.259952,7.154357,5.662607,-0.007126,0.512684,0.054931
2017999740.000,Miguel,recording,shake_phone,5,3.155172,7.164857,5.673957,-0.011463,0.515155,0.053929
2017999750.000,Miguel,recording,shake_phone,5,3.013934,7.155880,5.672127,-0.016343,0.513972,0.060285
2017999760.000,Miguel,recording,shake_phone,5,2.894830,7.157948,5.684521,-0.021479,0.504685,0.072968
2017999770.000,Miguel,recording,shake_phone,5,2.821295,7.177117,5.692612,-0.024914,0.484987,0.087874
2017999780.000,Miguel,recording,shake_phone,5,2.820203,7.185995,5.705956,-0.027262,0.453758,0.102264
2017999790.000,Miguel,recording,shake_phone,5,2.907384,7.182376,5.716840,-0.029278,0.411399,0.112560
2017999800.000,Miguel,recording,shake_phone,6,3.022407,7.183262,5.733782,-0.031239,0.359545,0.113975
2017999810.000,Miguel,recording,shake_phone,6,3.117268,7.166168,5.764227,-0.032510,0.303406,0.104756
2017999820.000,Miguel,recording,shake_phone,6,3.162599,7.171652,5.765622,-0.032944,0.246504,0.087943
2017999830.000,Miguel,recording,shake_phone,6,3.187557,7.199782,5.762087,-0.034513,0.189493,0.068204
2017999840.000,Miguel,recording,shake_phone,6,3.213143,7.206178,5.785314,-0.038785,0.139525,0.048805
2017999850.000,Miguel,recording,shake_phone,6,3.280964,7.197625,5.850367,-0.044112,0.108975,0.032192
2017999860.000,Miguel,recording,shake_phone,6,3.359278,7.186177,5.945854,-0.047535,0.106844,0.019205
2017999870.000,Miguel,recording,shake_phone,6,3.384716,7.184479,6.003661,-0.048259,0.129855,0.009824
2017999880.000,Miguel,recording,shake_phone,6,3.384108,7.202418,6.029753,-0.047521,0.164506,0.002891
2017999890.000,Miguel,recording,shake_phone,6,3.400060,7.188286,6.038872,-0.046954,0.199546,-0.004745
2017999900.000,Miguel,recording,shake_phone,6,3.419832,7.176330,6.076330,-0.046919,0.228948,-0.014333
2017999910.000,Miguel,recording,shake_phone,6,3.413217,7.186994,6.122317,-0.047134,0.247044,-0.025725
2017999920.000,Miguel,recording,shake_phone,6,3.414606,7.186910,6.149550,-0.047025,0.249537,-0.038253
2017999930.000,Miguel,recording,shake_phone,6,3.444497,7.183615,6.210189,-0.044810,0.236573,-0.052198
2017999940.000,Miguel,recording,shake_phone,6,3.464620,7.203754,6.326441,-0.038612,0.211317,-0.069602
2017999950.000,Miguel,recording,shake_phone,6,3.486456,7.234322,6.449465,-0.022720,0.178422,-0.092005
2017999960.000,Miguel,recording,shake_phone,6,3.534005,7.235359,6.503927,0.005643,0.143459,-0.120113
2017999970.000,Miguel,recording,shake_phone,6,3.603080,7.239658,6.462346,0.038473,0.108786,-0.154600
2017999980.000,Miguel,recording,shake_phone,6,3.607116,7.262338,6.398819,0.067422,0.075154,-0.194960
2017999990.000,Miguel,recording,shake_phone,6,3.510597,7.256060,6.366253,0.091471,0.046607,-0.235049
2018000000.000,Miguel,recording,shake_phone,6,3.381841,7.234417,6.355703,0.113175,0.026036,-0.267080
2018000010.000,Miguel,recording,shake_phone,6,3.266538,7.218872,6.356084,0.134795,0.014877,-0.288155
2018000020.000,Miguel,recording,shake_phone,6,3.157738,7.236188,6.331119,0.156092,0.014175,-0.299177
2018000030.000,Miguel,recording,shake_phone,6,3.039731,7.262704,6.275507,0.174306,0.018817,-0.302517
2018000040.000,Miguel,recording,shake_phone,6,2.993585,7.275201,6.182638,0.188943,0.023504,-0.302534
2018000050.000,Miguel,recording,shake_phone,6,3.036486,7.302257,6.068311,0.199262,0.026672,-0.305549
2018000060.000,Miguel,recording,shake_phone,6,3.081132,7.327321,6.001194,0.202901,0.026211,-0.315634
2018000070.000,Miguel,recording,shake_phone,6,3.056660,7.352549,5.978518,0.202568,0.019427,-0.331380
2018000080.000,Miguel,recording,shake_phone,6,2.967007,7.369153,5.951710,0.201683,0.004984,-0.347161
2018000090.000,Miguel,recording,shake_phone,6,2.859319,7.374403,5.944306,0.200139,-0.013912,-0.358433
2018000100.000,Miguel,recording,shake_phone,6,2.802471,7.394041,5.957809,0.199247,-0.034705,-0.365157
2018000110.000,Miguel,recording,shake_phone,6,2.803081,7.418687,5.993106,0.202688,-0.056820,-0.371727
2018000120.000,Miguel,recording,shake_phone,6,2.801587,7.438301,6.000149,0.212094,-0.078964,-0.380635
2018000130.000,Miguel,recording,shake_phone,6,2.783112,7.454273,5.954385,0.224876,-0.101033,-0.390650
2018000140.000,Miguel,recording,shake_phone,6,2.753298,7.466756,5.894488,0.236235,-0.122793,-0.400728
2018000150.000,Miguel,recording,shake_phone,6,2.711321,7.473904,5.850556,0.244400,-0.141981,-0.411297
2018000160.000,Miguel,recording,shake_phone,6,2.668122,7.490471,5.854692,0.251714,-0.154748,-0.421665
2018000170.000,Miguel,recording,shake_phone,6,2.605126,7.489791,5.876376,0.261017,-0.160095,-0.428443
2018000180.000,Miguel,recording,shake_phone,6,2.564729,7.522529,5.849057,0.271379,-0.162834,-0.430851
2018000190.000,Miguel,recording,shake_phone,6,2.583892,7.576027,5.785485,0.278823,-0.165164,-0.432075
2018000200.000,Miguel,recording,shake_phone,6,2.611250,7.597097,5.738622,0.282402,-0.162192,-0.435372
2018000210.000,Miguel,recording,shake_phone,6,2.606447,7.616366,5.720335,0.281795,-0.149519,-0.440624
2018000220.000,Miguel,recording,shake_phone,6,2.565241,7.645353,5.688082,0.277371,-0.128465,-0.447345
2018000230.000,Miguel,recording,shake_phone,6,2.464968,7.668329,5.680463,0.273567,-0.106303,-0.453893
2018000240.000,Miguel,recording,shake_phone,6,2.345438,7.698706,5.662089,0.272966,-0.089832,-0.455921
2018000250.000,Miguel,recording,shake_phone,6,2.280744,7.707090,5.578747,0.271768,-0.079731,-0.453791
2018000260.000,Miguel,recording,shake_phone,6,2.262020,7.707024,5.513526,0.266221,-0.074723,-0.452651
2018000270.000,Miguel,recording,shake_phone,6,2.243760,7.721692,5.505840,0.258646,-0.074783,-0.454201
2018000280.000,Miguel,recording,shake_phone,6,2.215250,7.730273,5.517830,0.254308,-0.078159,-0.457278
2018000290.000,Miguel,recording,shake_phone,6,2.158768,7.762616,5.515378,0.255269,-0.081739,-0.460894
2018000300.000,Miguel,recording,shake_phone,6,2.056903,7.771685,5.534931,0.260117,-0.082750,-0.462638
2018000310.000,Miguel,recording,shake_phone,6,1.965599,7.763690,5.513749,0.267386,-0.081313,-0.461103
2018000320.000,Miguel,recording,shake_phone,6,1.961657,7.785487,5.459185,0.275789,-0.079590,-0.458942
2018000330.000,Miguel,recording,shake_phone,6,2.008894,7.820998,5.370426,0.281992,-0.076036,-0.460479
2018000340.000,Miguel,recording,shake_phone,6,2.061455,7.827896,5.298294,0.282381,-0.067159,-0.467542
2018000350.000,Miguel,recording,shake_phone,6,2.029991,7.828507,5.310670,0.280101,-0.054123,-0.478026
2018000360.000,Miguel,recording,shake_phone,6,1.920756,7.860144,5.337231,0.280206,-0.040215,-0.486306
2018000370.000,Miguel,recording,shake_phone,6,1.779384,7.885715,5.317485,0.282697,-0.025990,-0.487572
2018000380.000,Miguel,recording,shake_phone,6,1.687875,7.908179,5.265865,0.285715,-0.009623,-0.482804
2018000390.000,Miguel,recording,shake_phone,6,1.659442,7.933773,5.203569,0.286150,0.011168,-0.476371
2018000400.000,Miguel,recording,shake_phone,6,1.636882,7.965982,5.158775,0.283405,0.034182,-0.472409
2018000410.000,Miguel,recording,shake_phone,6,1.591007,7.989208,5.144111,0.280479,0.052561,-0.470957
2018000420.000,Miguel,recording,shake_phone,6,1.497439,7.983876,5.139653,0.279020,0.063558,-0.468904
2018000430.000,Miguel,recording,shake_phone,6,1.427636,7.977427,5.163811,0.279570,0.071755,-0.464627
2018000440.000,Miguel,recording,shake_phone,6,1.412191,7.982984,5.195798,0.283629,0.081242,-0.459547
2018000450.000,Miguel,recording,shake_phone,6,1.361144,8.008760,5.221508,0.292823,0.090500,-0.456615
2018000460.000,Miguel,recording,shake_phone,6,1.233118,8.027081,5.176883,0.305960,0.094610,-0.454421
2018000470.000,Miguel,recording,shake_phone,6,1.116835,8.062942,5.063406,0.317485,0.091897,-0.448704
2018000480.000,Miguel,recording,shake_phone,6,1.029228,8.083157,4.936968,0.323225,0.085902,-0.437851
2018000490.000,Miguel,recording,shake_phone,6,0.948296,8.101052,4.817255,0.321296,0.078046,-0.423694
2018000500.000,Miguel,recording,shake_phone,6,0.896352,8.155309,4.757530,0.312657,0.067037,-0.410087
2018000510.000,Miguel,recording,shake_phone,6,0.895301,8.170144,4.803282,0.304614,0.055187,-0.399460
2018000520.000,Miguel,recording,shake_phone,6,0.879415,8.159443,4.837825,0.302659,0.044727,-0.390436
2018000530.000,Miguel,recording,shake_phone,6,0.823672,8.146010,4.834658,0.304146,0.036364,-0.380958
2018000540.000,Miguel,recording,shake_phone,6,0.781036,8.155958,4.839646,0.305182,0.030794,-0.370980
2018000550.000,Miguel,recording,shake_phone,6,0.703826,8.181740,4.858384,0.308020,0.026831,-0.358235
2018000560.000,Miguel,recording,shake_phone,6,0.598189,8.233483,4.826057,0.312636,0.024756,-0.338869
2018000570.000,Miguel,recording,shake_phone,6,0.549408,8.280799,4.686513,0.311257,0.026878,-0.315215
2018000580.000,Miguel,recording,shake_phone,6,0.545814,8.316438,4.552003,0.299994,0.031638,-0.291850
2018000590.000,Miguel,recording,shake_phone,6,0.598584,8.349949,4.513126,0.282626,0.039074,-0.271662
2018000600.000,Miguel,recording,shake_phone,6,0.704632,8.346715,4.568376,0.265827,0.055849,-0.258770
2018000610.000,Miguel,recording,shake_phone,6,0.779535,8.304509,4.679423,0.256447,0.080388,-0.252097
2018000620.000,Miguel,recording,shake_phone,6,0.810288,8.277652,4.780285,0.258638,0.102434,-0.248123
2018000630.000,Miguel,recording,shake_phone,6,0.827425,8.273951,4.826586,0.271456,0.116205,-0.248246
2018000640.000,Miguel,recording,shake_phone,6,0.799785,8.304277,4.815510,0.290803,0.121171,-0.251919
2018000650.000,Miguel,recording,shake_phone,6,0.722572,8.352972,4.720844,0.309977,0.116666,-0.255902
2018000660.000,Miguel,recording,shake_phone,6,0.662203,8.389563,4.551958,0.319732,0.101045,-0.259659
2018000670.000,Miguel,recording,shake_phone,6,0.635200,8.422679,4.464417,0.319678,0.074115,-0.264189
2018000680.000,Miguel,recording,shake_phone,6,0.614459,8.469074,4.462117,0.319205,0.037663,-0.271009
2018000690.000,Miguel,recording,shake_phone,6,0.599703,8.503552,4.464958,0.323083,-0.004034,-0.281918
2018000700.000,Miguel,recording,shake_phone,6,0.594780,8.506860,4.437288,0.329703,-0.047840,-0.296821
2018000710.000,Miguel,recording,shake_phone,6,0.615034,8.479763,4.475329,0.339832,-0.092892,-0.313461
2018000720.000,Miguel,recording,shake_phone,6,0.633545,8.440319,4.615881,0.360204,-0.133740,-0.329892
2018000730.000,Miguel,recording,shake_phone,6,0.630917,8.449368,4.681268,0.394344,-0.170024,-0.346291
2018000740.000,Miguel,recording,shake_phone,6,0.635048,8.505114,4.593006,0.432717,-0.209468,-0.363783
2018000750.000,Miguel,recording,shake_phone,6,0.721139,8.575791,4.412988,0.461929,-0.252864,-0.385753
2018000760.000,Miguel,recording,shake_phone,6,0.849763,8.627032,4.226665,0.477160,-0.294190,-0.417598
2018000770.000,Miguel,recording,shake_phone,6,0.892153,8.661911,4.074026,0.479159,-0.332716,-0.459452
2018000780.000,Miguel,recording,shake_phone,6,0.796230,8.727674,3.953219,0.470139,-0.371954,-0.504248
2018000790.000,Miguel,recording,shake_phone,6,0.594984,8.778823,3.882204,0.454357,-0.408777,-0.542931
2018000800.000,Miguel,recording,shake_phone,6,0.362435,8.774144,3.863113,0.436692,-0.437876,-0.567849
2018000810.000,Miguel,recording,shake_phone,6,0.192267,8.722088,3.819158,0.420148,-0.457007,-0.578338
2018000820.000,Miguel,recording,shake_phone,6,0.090581,8.692101,3.694385,0.402355,-0.465689,-0.581345
2018000830.000,Miguel,recording,shake_phone,6,-0.038104,8.725854,3.486186,0.380677,-0.462692,-0.584435
2018000840.000,Miguel,recording,shake_phone,6,-0.294851,8.801343,3.225160,0.356299,-0.448490,-0.588212
2018000850.000,Miguel,recording,shake_phone,6,-0.739030,8.831107,2.821578,0.325357,-0.435920,-0.579116
2018000860.000,Miguel,recording,shake_phone,6,-1.550795,8.690169,2.341262,0.279560,-0.451659,-0.533137
2018000870.000,Miguel,recording,shake_phone,6,-2.669960,8.574297,1.840648,0.220318,-0.536996,-0.436007
2018000880.000,Miguel,recording,shake_phone,6,-3.886122,8.822467,1.321561,0.160466,-0.748926,-0.293968
2018000890.000,Miguel,recording,shake_phone,6,-5.077267,9.280408,0.596594,0.094422,-1.135485,-0.115368
2018000900.000,Miguel,recording,shake_phone,6,-6.445317,9.475281,-0.376341,-0.013496,-1.681749,0.114360
2018000910.000,Miguel,recording,shake_phone,6,-7.650476,9.382688,-1.336717,-0.193027,-2.288382,0.430936
2018000920.000,Miguel,recording,shake_phone,6,-7.735504,8.976213,-1.894102,-0.441972,-2.808759,0.854617
2018000930.000,Miguel,recording,shake_phone,6,-6.128612,8.252843,-1.870657,-0.731379,-3.087229,1.343782
2018000940.000,Miguel,recording,shake_phone,6,-2.984805,7.447305,-1.345949,-1.041205,-2.999369,1.804805
2018000950.000,Miguel,recording,shake_phone,6,0.905920,6.752305,-0.270640,-1.368232,-2.510307,2.158291
2018000960.000,Miguel,recording,shake_phone,6,5.544251,6.447144,1.196882,-1.698660,-1.638774,2.335286
2018000970.000,Miguel,recording,shake_phone,6,10.595694,6.671057,3.012077,-1.992328,-0.434922,2.244236
2018000980.000,Miguel,recording,shake_phone,6,14.500423,7.049385,5.430115,-2.181962,0.867212,1.831009
2018000990.000,Miguel,recording,shake_phone,6,15.976862,7.305567,7.625545,-2.234343,1.902611,1.134681
2018001000.000,Miguel,recording,shake_phone,6,14.370971,7.967024,9.315323,-2.153065,2.435901,0.305071
2018001010.000,Miguel,recording,shake_phone,6,10.658827,8.684460,11.083928,-1.902890,2.437242,-0.456430
2018001020.000,Miguel,recording,shake_phone,6,6.545678,8.680485,12.427156,-1.455223,1.956542,-1.025456
2018001030.000,Miguel,recording,shake_phone,6,2.611687,8.705817,12.632790,-0.861279,1.099068,-1.373388
2018001040.000,Miguel,recording,shake_phone,6,-0.780654,8.877193,11.554971,-0.232079,0.056226,-1.523887
2018001050.000,Miguel,recording,shake_phone,6,-3.498071,8.823922,9.652271,0.322764,-0.950755,-1.502384
2018001060.000,Miguel,recording,shake_phone,6,-5.630182,8.621650,7.102524,0.719284,-1.711930,-1.302412
2018001070.000,Miguel,recording,shake_phone,6,-7.397853,8.414413,4.321330,0.900472,-2.121079,-0.911922
2018001080.000,Miguel,recording,shake_phone,6,-8.836238,8.358295,1.891177,0.858613,-2.194045,-0.336600
2018001090.000,Miguel,recording,shake_phone,6,-8.810852,8.049608,0.068873,0.630525,-1.984505,0.372300
2018001100.000,Miguel,recording,shake_phone,6,-6.488232,7.358531,-1.010395,0.262611,-1.534748,1.095252
2018001110.000,Miguel,recording,shake_phone,6,-2.645329,6.616053,-1.197544,-0.196279,-0.909158,1.691147
2018001120.000,Miguel,recording,shake_phone,6,1.122924,6.215816,-0.360081,-0.671171,-0.253461,2.064041
2018001130.000,Miguel,recording,shake_phone,6,4.232824,6.063510,1.403577,-1.067241,0.249688,2.177363
2018001140.000,Miguel,recording,shake_phone,6,6.839137,6.077000,3.572569,-1.311680,0.497615,2.036997
2018001150.000,Miguel,recording,shake_phone,6,8.451123,6.353595,5.538781,-1.388028,0.503115,1.679892
2018001160.000,Miguel,recording,shake_phone,6,8.867902,6.754162,7.089589,-1.329971,0.354333,1.185532
2018001170.000,Miguel,recording,shake_phone,6,8.447044,7.109988,8.004323,-1.199960,0.191695,0.662929
2018001180.000,Miguel,recording,shake_phone,6,7.585987,7.293239,8.194373,-1.069150,0.158073,0.202784
2018001190.000,Miguel,recording,shake_phone,6,6.277265,7.220871,7.935917,-0.989738,0.306772,-0.143162
2018001200.000,Miguel,recording,shake_phone,6,4.720496,7.078884,7.747295,-0.969890,0.562144,-0.356804
2018001210.000,Miguel,recording,shake_phone,6,3.273072,6.912114,7.895722,-0.977746,0.795173,-0.450205
2018001220.000,Miguel,recording,shake_phone,6,2.141125,6.734458,8.208494,-0.968497,0.924958,-0.454323
2018001230.000,Miguel,recording,shake_phone,6,1.410127,6.581244,8.478328,-0.912490,0.938958,-0.403537
2018001240.000,Miguel,recording,shake_phone,6,0.994023,6.464016,8.575866,-0.801877,0.864429,-0.321169
2018001250.000,Miguel,recording,shake_phone,6,0.746729,6.425888,8.496887,-0.642861,0.745070,-0.217563
2018001260.000,Miguel,recording,shake_phone,6,0.606651,6.475668,8.298757,-0.456862,0.626792,-0.103357
2018001270.000,Miguel,recording,shake_phone,6,0.601499,6.610709,7.986583,-0.270206,0.532089,0.010464
2018001280.000,Miguel,recording,shake_phone,6,0.723193,6.767114,7.476328,-0.104727,0.456960,0.113769
2018001290.000,Miguel,recording,shake_phone,6,0.895043,6.918103,6.910822,0.025103,0.384446,0.197576
2018001300.000,Miguel,recording,shake_phone,6,1.069105,7.034645,6.290416,0.109303,0.304601,0.260510
2018001310.000,Miguel,recording,shake_phone,6,1.267805,7.139649,5.669857,0.134128,0.232448,0.306587
2018001320.000,Miguel,recording,shake_phone,6,1.453765,7.269526,5.154472,0.093811,0.184216,0.340760
2018001330.000,Miguel,recording,shake_phone,6,1.612221,7.439328,4.847471,0.000050,0.164234,0.365785
2018001340.000,Miguel,recording,shake_phone,6,1.705068,7.569001,4.796722,-0.124792,0.171669,0.382238
2018001350.000,Miguel,recording,shake_phone,6,1.736482,7.567694,4.933550,-0.258532,0.199408,0.393158
2018001360.000,Miguel,recording,shake_phone,6,1.737076,7.474613,5.169399,-0.382250,0.238751,0.401662
2018001370.000,Miguel,recording,shake_phone,6,1.702018,7.373505,5.473163,-0.479820,0.286309,0.407641
2018001380.000,Miguel,recording,shake_phone,6,1.711494,7.308089,5.717218,-0.546653,0.343122,0.408999
2018001390.000,Miguel,recording,shake_phone,6,1.751265,7.201954,5.770783,-0.592986,0.403078,0.405256
2018001400.000,Miguel,recording,shake_phone,6,1.857401,7.032061,5.758232,-0.630672,0.451273,0.399983
2018001410.000,Miguel,recording,shake_phone,6,1.981759,6.806120,5.800933,-0.662730,0.476814,0.393722
2018001420.000,Miguel,recording,shake_phone,6,1.985580,6.637939,5.951049,-0.684826,0.477748,0.386571
2018001430.000,Miguel,recording,shake_phone,6,1.821958,6.538886,6.208066,-0.690752,0.454338,0.384157
2018001440.000,Miguel,recording,shake_phone,6,1.574643,6.468410,6.400262,-0.681837,0.414604,0.395357
2018001450.000,Miguel,recording,shake_phone,6,1.370986,6.376526,6.472705,-0.668993,0.378978,0.429468
2018001460.000,Miguel,recording,shake_phone,6,1.296754,6.313740,6.537734,-0.662761,0.360277,0.487569
2018001470.000,Miguel,recording,shake_phone,6,1.327485,6.312066,6.690330,-0.666228,0.358403,0.557402
2018001480.000,Miguel,recording,shake_phone,6,1.480315,6.324940,6.880524,-0.677985,0.369494,0.622135
2018001490.000,Miguel,recording,shake_phone,6,1.660294,6.294861,7.043398,-0.694129,0.397056,0.671656
2018001500.000,Miguel,recording,shake_phone,6,1.777651,6.258179,7.221894,-0.708229,0.448191,0.706357
2018001510.000,Miguel,recording,shake_phone,6,1.900790,6.202045,7.365878,-0.716922,0.515319,0.731294
2018001520.000,Miguel,recording,shake_phone,6,2.029948,6.106431,7.444333,-0.722984,0.578936,0.747546
2018001530.000,Miguel,recording,shake_phone,6,2.123816,6.036927,7.583403,-0.728011,0.623191,0.751684
2018001540.000,Miguel,recording,shake_phone,6,2.239354,5.982050,7.878380,-0.724339,0.647460,0.742074
2018001550.000,Miguel,recording,shake_phone,6,2.279466,5.833959,8.264518,-0.700668,0.659029,0.726424
2018001560.000,Miguel,recording,shake_phone,6,2.199584,5.603449,8.637503,-0.651790,0.660481,0.718077
2018001570.000,Miguel,recording,shake_phone,6,2.206767,5.375025,8.923917,-0.579668,0.644895,0.721188
2018001580.000,Miguel,recording,shake_phone,6,2.313742,5.236155,9.118132,-0.487542,0.605649,0.726533
2018001590.000,Miguel,recording,shake_phone,6,2.468645,5.182298,9.194446,-0.378943,0.546534,0.720544
2018001600.000,Miguel,recording,shake_phone,6,2.576053,5.176990,9.196397,-0.262192,0.477347,0.697735
2018001610.000,Miguel,recording,shake_phone,6,2.587397,5.171394,9.144853,-0.148204,0.407896,0.665218
2018001620.000,Miguel,recording,shake_phone,6,2.583611,5.152769,8.999373,-0.048036,0.348490,0.631941
2018001630.000,Miguel,recording,shake_phone,6,2.621218,5.185399,8.812343,0.030808,0.312958,0.599650
2018001640.000,Miguel,recording,shake_phone,6,2.656377,5.256530,8.575474,0.087305,0.306332,0.563852
2018001650.000,Miguel,recording,shake_phone,6,2.754864,5.363993,8.330442,0.122266,0.311840,0.521180
2018001660.000,Miguel,recording,shake_phone,6,2.854352,5.449922,8.072821,0.135721,0.304136,0.470649
2018001670.000,Miguel,recording,shake_phone,6,2.849956,5.471695,7.834103,0.129267,0.275294,0.413903
2018001680.000,Miguel,recording,shake_phone,6,2.786593,5.518741,7.683960,0.108883,0.232339,0.355889
2018001690.000,Miguel,recording,shake_phone,6,2.703410,5.550373,7.625256,0.081999,0.182308,0.301158
2018001700.000,Miguel,recording,shake_phone,6,2.610648,5.534014,7.687071,0.056756,0.128685,0.254675
2018001710.000,Miguel,recording,shake_phone,6,2.515722,5.533901,7.865145,0.044471,0.078511,0.221256
2018001720.000,Miguel,recording,shake_phone,6,2.418022,5.535720,7.996668,0.052195,0.045102,0.201473
2018001730.000,Miguel,recording,shake_phone,6,2.317578,5.548926,8.040413,0.076963,0.031477,0.192249
2018001740.000,Miguel,recording,shake_phone,6,2.191821,5.586990,8.005420,0.111043,0.028581,0.192698
2018001750.000,Miguel,recording,shake_phone,6,2.066156,5.645833,7.905885,0.147837,0.030962,0.203657
2018001760.000,Miguel,recording,shake_phone,6,2.069643,5.671108,7.688880,0.178597,0.035947,0.224181
2018001770.000,Miguel,recording,shake_phone,6,2.196424,5.684776,7.426783,0.189844,0.040814,0.251522
2018001780.000,Miguel,recording,shake_phone,6,2.353487,5.732795,7.283316,0.175301,0.046590,0.280914
2018001790.000,Miguel,recording,shake_phone,6,2.521143,5.778210,7.267055,0.143902,0.054902,0.305758
2018001800.000,Miguel,recording,shake_phone,6,2.696414,5.815433,7.293648,0.108008,0.064990,0.317966
2018001810.000,Miguel,recording,shake_phone,6,2.843632,5.838646,7.316729,0.074265,0.073029,0.310759
2018001820.000,Miguel,recording,shake_phone,6,2.934861,5.880087,7.411456,0.049161,0.072257,0.285088
2018001830.000,Miguel,recording,shake_phone,6,2.948154,5.868162,7.536009,0.038532,0.059059,0.249822
2018001840.000,Miguel,recording,shake_phone,6,2.883712,5.818345,7.620384,0.042500,0.035251,0.214681
2018001850.000,Miguel,recording,shake_phone,6,2.828482,5.814356,7.688028,0.058055,0.002002,0.184763
2018001860.000,Miguel,recording,shake_phone,6,2.847169,5.834319,7.713602,0.080365,-0.036732,0.158496
2018001870.000,Miguel,recording,shake_phone,6,2.929875,5.823452,7.639681,0.102610,-0.073515,0.131388
2018001880.000,Miguel,recording,shake_phone,6,2.991913,5.840214,7.537951,0.115976,-0.105920,0.101056
2018001890.000,Miguel,recording,shake_phone,6,2.979744,5.880116,7.500111,0.117315,-0.134610,0.066765
2018001900.000,Miguel,recording,shake_phone,6,2.909471,5.913943,7.534359,0.114675,-0.156616,0.032576
2018001910.000,Miguel,recording,shake_phone,6,2.811155,5.893936,7.570906,0.115140,-0.170264,0.006022
2018001920.000,Miguel,recording,shake_phone,6,2.690248,5.846996,7.576695,0.116902,-0.176554,-0.008150
2018001930.000,Miguel,recording,shake_phone,6,2.593369,5.839158,7.586027,0.117741,-0.173451,-0.009491
2018001940.000,Miguel,recording,shake_phone,6,2.525941,5.853161,7.594829,0.118993,-0.157253,-0.001989
2018001950.000,Miguel,recording,shake_phone,6,2.508306,5.891646,7.615709,0.121749,-0.127918,0.009774
2018001960.000,Miguel,recording,shake_phone,6,2.512223,5.898850,7.555522,0.124049,-0.091172,0.022132
2018001970.000,Miguel,recording,shake_phone,6,2.507736,5.871153,7.434023,0.120905,-0.057333,0.032568
2018001980.000,Miguel,recording,shake_phone,6,2.514305,5.840608,7.349379,0.110110,-0.035737,0.040644
2018001990.000,Miguel,recording,shake_phone,6,2.548982,5.816788,7.321503,0.094861,-0.028257,0.044981
2018002000.000,Miguel,recording,shake_phone,6,2.634400,5.804975,7.337543,0.080145,-0.030629,0.042828
2018002010.000,Miguel,recording,shake_phone,6,2.751294,5.790423,7.352877,0.067567,-0.036757,0.033031
2018002020.000,Miguel,recording,shake_phone,6,2.806616,5.791127,7.386260,0.057160,-0.041847,0.016770
2018002030.000,Miguel,recording,shake_phone,6,2.769856,5.789592,7.462030,0.050852,-0.043832,-0.002506
2018002040.000,Miguel,recording,shake_phone,6,2.698124,5.790923,7.504802,0.051093,-0.043494,-0.020597
2018002050.000,Miguel,recording,shake_phone,6,2.584833,5.774097,7.474924,0.055483,-0.043490,-0.033715
2018002060.000,Miguel,recording,shake_phone,6,2.484998,5.770457,7.403316,0.058018,-0.045858,-0.039589
2018002070.000,Miguel,recording,shake_phone,6,2.449964,5.779799,7.368742,0.055523,-0.049022,-0.040253
2018002080.000,Miguel,recording,shake_phone,6,2.433187,5.763494,7.374921,0.049540,-0.051180,-0.039463
2018002090.000,Miguel,recording,shake_phone,6,2.397242,5.753637,7.393517,0.044745,-0.052965,-0.036445
2018002100.000,Miguel,recording,shake_phone,6,2.333319,5.755635,7.417651,0.044101,-0.052578,-0.028971
2018002110.000,Miguel,recording,shake_phone,6,2.288843,5.770244,7.409141,0.047190,-0.049422,-0.016529
2018002120.000,Miguel,recording,shake_phone,6,2.302711,5.777523,7.375972,0.049586,-0.046162,-0.000588
2018002130.000,Miguel,recording,shake_phone,6,2.375598,5.779264,7.364905,0.047882,-0.041951,0.014563
2018002140.000,Miguel,recording,shake_phone,6,2.438511,5.785799,7.372877,0.044903,-0.034111,0.025503
2018002150.000,Miguel,recording,shake_phone,6,2.477772,5.814337,7.381195,0.044207,-0.024701,0.031566
2018002160.000,Miguel,recording,shake_phone,6,2.464861,5.851431,7.379799,0.045458,-0.020259,0.035262
2018002170.000,Miguel,recording,shake_phone,6,2.442357,5.884263,7.342272,0.045601,-0.023266,0.039216
2018002180.000,Miguel,recording,shake_phone,6,2.507640,5.919317,7.286114,0.042066,-0.029417,0.042351
2018002190.000,Miguel,recording,shake_phone,6,2.611736,5.923411,7.245028,0.034672,-0.034841,0.040496
2018002200.000,Miguel,recording,shake_phone,6,2.657433,5.920327,7.203894,0.024231,-0.040165,0.032009
2018002210.000,Miguel,recording,shake_phone,6,2.655751,5.924697,7.204486,0.011776,-0.046074,0.021816
2018002220.000,Miguel,recording,shake_phone,6,2.685060,5.920815,7.226044,-0.003155,-0.050092,0.014834
2018002230.000,Miguel,recording,shake_phone,6,2.742026,5.891464,7.359381,-0.020662,-0.048756,0.011440
2018002240.000,Miguel,recording,shake_phone,6,2.791333,5.852488,7.632340,-0.029170,-0.040356,0.011641
2018002250.000,Miguel,recording,shake_phone,6,2.859928,5.814039,7.890229,-0.014570,-0.025926,0.014401
2018002260.000,Miguel,recording,shake_phone,6,2.968986,5.798268,8.020699,0.019339,-0.010552,0.014919
2018002270.000,Miguel,recording,shake_phone,6,3.090975,5.802879,8.045555,0.059735,-0.002496,0.008253
2018002280.000,Miguel,recording,shake_phone,6,3.193772,5.819169,7.998517,0.098536,-0.004639,-0.006533
2018002290.000,Miguel,recording,shake_phone,6,3.298856,5.865176,7.916167,0.129620,-0.013447,-0.030119
2018002300.000,Miguel,recording,shake_phone,6,3.408813,5.939710,7.854269,0.150624,-0.026503,-0.063847
2018002310.000,Miguel,recording,shake_phone,6,3.442294,6.004396,7.820546,0.165177,-0.045127,-0.105271
2018002320.000,Miguel,recording,shake_phone,6,3.427294,6.037029,7.823315,0.179360,-0.071181,-0.148204
2018002330.000,Miguel,recording,shake_phone,6,3.396034,6.012467,7.858862,0.199144,-0.100951,-0.186853
2018002340.000,Miguel,recording,shake_phone,6,3.406169,6.004274,7.909478,0.225750,-0.126742,-0.222161
2018002350.000,Miguel,recording,shake_phone,6,3.487014,6.024861,7.980698,0.258771,-0.145913,-0.259829
2018002360.000,Miguel,recording,shake_phone,6,3.539471,6.012618,8.070908,0.299168,-0.160663,-0.301633
2018002370.000,Miguel,recording,shake_phone,6,3.494195,5.996452,8.098781,0.347818,-0.170724,-0.342858
2018002380.000,Miguel,recording,shake_phone,6,3.364756,6.012641,8.064533,0.402024,-0.178375,-0.379914
2018002390.000,Miguel,recording,shake_phone,6,3.189281,6.051729,7.969115,0.455485,-0.190664,-0.410927
2018002400.000,Miguel,recording,shake_phone,6,3.041964,6.107506,7.816483,0.505096,-0.212173,-0.434710
2018002410.000,Miguel,recording,shake_phone,6,2.967621,6.180469,7.645971,0.549383,-0.243779,-0.455605
2018002420.000,Miguel,recording,shake_phone,6,2.902467,6.240982,7.482517,0.586769,-0.282492,-0.478280
2018002430.000,Miguel,recording,shake_phone,6,2.803633,6.293813,7.288175,0.615306,-0.322790,-0.500989
2018002440.000,Miguel,recording,shake_phone,6,2.708171,6.351595,7.097501,0.631551,-0.362548,-0.519184
2018002450.000,Miguel,recording,shake_phone,6,2.629315,6.407413,6.914432,0.634401,-0.399827,-0.531990
2018002460.000,Miguel,recording,shake_phone,6,2.593431,6.463027,6.797222,0.627315,-0.429150,-0.541028
2018002470.000,Miguel,recording,shake_phone,6,2.572433,6.517439,6.730942,0.616426,-0.446227,-0.546596
2018002480.000,Miguel,recording,shake_phone,6,2.576829,6.565510,6.674123,0.605606,-0.447585,-0.549299
2018002490.000,Miguel,recording,shake_phone,6,2.609810,6.610114,6.600629,0.594614,-0.431193,-0.551620
2018002500.000,Miguel,recording,shake_phone,6,2.618128,6.648705,6.534969,0.581960,-0.400406,-0.554894
2018002510.000,Miguel,recording,shake_phone,6,2.601547,6.684846,6.461866,0.566946,-0.363068,-0.558996
2018002520.000,Miguel,recording,shake_phone,6,2.557429,6.717959,6.369301,0.548843,-0.328992,-0.563818
2018002530.000,Miguel,recording,shake_phone,6,2.472356,6.768526,6.326098,0.528610,-0.308844,-0.568939
2018002540.000,Miguel,recording,shake_phone,6,2.411482,6.822239,6.335857,0.511667,-0.307373,-0.574295
2018002550.000,Miguel,recording,shake_phone,6,2.390141,6.860734,6.341763,0.503368,-0.321060,-0.581013
2018002560.000,Miguel,recording,shake_phone,6,2.334495,6.921158,6.328230,0.502751,-0.347126,-0.591252
2018002570.000,Miguel,recording,shake_phone,6,2.254100,6.958516,6.312110,0.506366,-0.387510,-0.603463
2018002580.000,Miguel,recording,shake_phone,6,2.161203,6.982210,6.294488,0.514082,-0.437354,-0.612449
2018002590.000,Miguel,recording,shake_phone,6,2.070744,7.027774,6.273071,0.525191,-0.483625,-0.616416
2018002600.000,Miguel,recording,shake_phone,6,2.039440,7.079426,6.249281,0.537292,-0.519718,-0.615104
2018002610.000,Miguel,recording,shake_phone,6,2.078212,7.105016,6.241290,0.549554,-0.544504,-0.608893
2018002620.000,Miguel,recording,shake_phone,6,2.149208,7.126388,6.214936,0.561722,-0.557574,-0.602108
2018002630.000,Miguel,recording,shake_phone,6,2.206897,7.167702,6.165817,0.574375,-0.559327,-0.599116
2018002640.000,Miguel,recording,shake_phone,6,2.215799,7.231290,6.072083,0.585039,-0.553462,-0.600900
2018002650.000,Miguel,recording,shake_phone,6,2.200119,7.304101,5.951973,0.588929,-0.551897,-0.605537
2018002660.000,Miguel,recording,shake_phone,6,2.160042,7.382052,5.862210,0.586600,-0.564061,-0.611644
2018002670.000,Miguel,recording,shake_phone,6,2.105686,7.443639,5.833467,0.583578,-0.585890,-0.618664
2018002680.000,Miguel,recording,shake_phone,6,2.066057,7.473533,5.823905,0.585036,-0.610245,-0.626382
2018002690.000,Miguel,recording,shake_phone,6,2.040981,7.510567,5.819073,0.591756,-0.639821,-0.633980
2018002700.000,Miguel,recording,shake_phone,6,2.038281,7.552340,5.791635,0.603579,-0.674774,-0.640304
2018002710.000,Miguel,recording,shake_phone,6,2.049803,7.572777,5.754874,0.618838,-0.708366,-0.647021
2018002720.000,Miguel,recording,shake_phone,6,2.056740,7.588165,5.701069,0.633680,-0.738456,-0.657261
2018002730.000,Miguel,recording,shake_phone,6,2.019788,7.599441,5.652235,0.646985,-0.766282,-0.669709
2018002740.000,Miguel,recording,shake_phone,6,1.959622,7.628922,5.568343,0.659660,-0.789076,-0.679066
2018002750.000,Miguel,recording,shake_phone,6,1.901166,7.682729,5.468863,0.670776,-0.802438,-0.682157
2018002760.000,Miguel,recording,shake_phone,6,1.876946,7.743909,5.319197,0.676587,-0.802959,-0.678512
2018002770.000,Miguel,recording,shake_phone,6,1.888467,7.790533,5.146107,0.672418,-0.788322,-0.668582
2018002780.000,Miguel,recording,shake_phone,6,1.863526,7.859592,5.020132,0.656422,-0.760406,-0.653171
2018002790.000,Miguel,recording,shake_phone,6,1.829191,7.944291,4.938744,0.633348,-0.721258,-0.635028
2018002800.000,Miguel,recording,shake_phone,6,1.824264,8.009331,4.878036,0.608296,-0.676414,-0.618734
2018002810.000,Miguel,recording,shake_phone,6,1.798528,8.056829,4.803309,0.582981,-0.634385,-0.603962
2018002820.000,Miguel,recording,shake_phone,6,1.746490,8.069183,4.718841,0.557920,-0.597160,-0.587733
2018002830.000,Miguel,recording,shake_phone,7,1.719808,8.092435,4.629424,0.531741,-0.566521,-0.570715
2018002840.000,Miguel,recording,shake_phone,7,1.710826,8.121306,4.583072,0.504800,-0.546171,-0.553845
2018002850.000,Miguel,recording,shake_phone,7,1.705017,8.151931,4.572013,0.481568,-0.532433,-0.538773
2018002860.000,Miguel,recording,shake_phone,7,1.704834,8.175040,4.532496,0.463466,-0.520803,-0.526608
2018002870.000,Miguel,recording,shake_phone,7,1.716452,8.213593,4.474159,0.446312,-0.511144,-0.517198
2018002880.000,Miguel,recording,shake_phone,7,1.724125,8.279128,4.432560,0.427851,-0.502119,-0.510491
2018002890.000,Miguel,recording,shake_phone,7,1.703380,8.357772,4.399663,0.409484,-0.492887,-0.504078
2018002900.000,Miguel,recording,shake_phone,7,1.649217,8.385416,4.375424,0.393613,-0.482332,-0.491986
2018002910.000,Miguel,recording,shake_phone,7,1.610009,8.375812,4.335702,0.380766,-0.466377,-0.471673
2018002920.000,Miguel,recording,shake_phone,7,1.637222,8.405945,4.286596,0.367987,-0.444339,-0.446520
2018002930.000,Miguel,recording,shake_phone,7,1.707929,8.430281,4.212193,0.350666,-0.420815,-0.423036
2018002940.000,Miguel,recording,shake_phone,7,1.777915,8.471027,4.105357,0.327074,-0.397190,-0.408295
2018002950.000,Miguel,recording,shake_phone,7,1.810954,8.569926,4.061731,0.298562,-0.373222,-0.404992
2018002960.000,Miguel,recording,shake_phone,7,1.786922,8.626352,4.113219,0.269460,-0.348935,-0.410387
2018002970.000,Miguel,recording,shake_phone,7,1.730461,8.616040,4.210768,0.248207,-0.323542,-0.417623
2018002980.000,Miguel,recording,shake_phone,7,1.645922,8.592916,4.327682,0.240362,-0.300480,-0.420919
2018002990.000,Miguel,recording,shake_phone,7,1.540590,8.576956,4.395041,0.245864,-0.283814,-0.418977
2018003000.000,Miguel,recording,shake_phone,7,1.440497,8.622415,4.454532,0.263226,-0.277674,-0.412066
2018003010.000,Miguel,recording,shake_phone,7,1.373846,8.674454,4.471717,0.290265,-0.280329,-0.401119
2018003020.000,Miguel,recording,shake_phone,7,1.361160,8.669427,4.348857,0.318610,-0.279818,-0.388862
2018003030.000,Miguel,recording,shake_phone,7,1.382811,8.652282,4.146275,0.336316,-0.271239,-0.378432
2018003040.000,Miguel,recording,shake_phone,7,1.420696,8.683228,3.952382,0.337811,-0.257519,-0.370954
2018003050.000,Miguel,recording,shake_phone,7,1.412334,8.703661,3.786793,0.324648,-0.239948,-0.364712
2018003060.000,Miguel,recording,shake_phone,7,1.317077,8.733260,3.682229,0.302443,-0.222110,-0.357426
2018003070.000,Miguel,recording,shake_phone,7,1.222003,8.775987,3.639677,0.276828,-0.206558,-0.346482
2018003080.000,Miguel,recording,shake_phone,7,1.165433,8.782891,3.632025,0.251571,-0.193172,-0.330937
2018003090.000,Miguel,recording,shake_phone,7,1.132115,8.785907,3.608851,0.228993,-0.180731,-0.313763
2018003100.000,Miguel,recording,shake_phone,7,1.121002,8.810045,3.580977,0.209193,-0.163531,-0.298139
2018003110.000,Miguel,recording,shake_phone,7,1.115266,8.839887,3.584084,0.191068,-0.140204,-0.285829
2018003120.000,Miguel,recording,shake_phone,7,1.091679,8.839619,3.657353,0.176958,-0.118296,-0.277506
2018003130.000,Miguel,recording,shake_phone,7,0.988845,8.799736,3.705686,0.170317,-0.102201,-0.268735
2018003140.000,Miguel,recording,shake_phone,7,0.862714,8.754903,3.631247,0.166133,-0.087868,-0.251612
2018003150.000,Miguel,recording,shake_phone,7,0.807172,8.738471,3.506684,0.154631,-0.068923,-0.224798
2018003160.000,Miguel,recording,shake_phone,7,0.817764,8.757702,3.443383,0.133022,-0.042739,-0.194120
2018003170.000,Miguel,recording,shake_phone,7,0.860175,8.764744,3.475283,0.108052,-0.011368,-0.165661
2018003180.000,Miguel,recording,shake_phone,7,0.908568,8.769109,3.537358,0.088002,0.020000,-0.143361
2018003190.000,Miguel,recording,shake_phone,7,0.926306,8.773307,3.570408,0.075670,0.044430,-0.128135
2018003200.000,Miguel,recording,shake_phone,7,0.920046,8.776105,3.561468,0.068073,0.054615,-0.120054
2018003210.000,Miguel,recording,shake_phone,7,0.920526,8.791639,3.518598,0.061589,0.046747,-0.118989
2018003220.000,Miguel,recording,shake_phone,7,0.874394,8.797929,3.527317,0.055880,0.024284,-0.121507
2018003230.000,Miguel,recording,shake_phone,7,0.817502,8.801283,3.556214,0.052259,-0.005088,-0.122437
2018003240.000,Miguel,recording,shake_phone,7,0.824396,8.812139,3.570285,0.050108,-0.034269,-0.120212
2018003250.000,Miguel,recording,shake_phone,7,0.858454,8.832348,3.595283,0.048690,-0.056820,-0.118050
2018003260.000,Miguel,recording,shake_phone,7,0.888305,8.832031,3.683146,0.051481,-0.068984,-0.117364
2018003270.000,Miguel,recording,shake_phone,7,0.889861,8.837819,3.742720,0.061461,-0.072154,-0.116732
2018003280.000,Miguel,recording,shake_phone,7,0.839870,8.857412,3.704028,0.073552,-0.070762,-0.113980
2018003290.000,Miguel,recording,shake_phone,7,0.810487,8.885599,3.582328,0.078413,-0.068899,-0.106504
2018003300.000,Miguel,recording,shake_phone,7,0.834687,8.901611,3.471936,0.070357,-0.066281,-0.095887
2018003310.000,Miguel,recording,shake_phone,7,0.879529,8.904255,3.426366,0.051689,-0.059009,-0.086165
2018003320.000,Miguel,recording,shake_phone,7,0.904947,8.926920,3.426625,0.029134,-0.046777,-0.078022
2018003330.000,Miguel,recording,shake_phone,7,0.922049,8.943322,3.488345,0.008653,-0.033637,-0.070687
2018003340.000,Miguel,recording,shake_phone,7,0.946814,8.952982,3.571634,-0.005232,-0.024202,-0.062918
2018003350.000,Miguel,recording,shake_phone,7,1.011679,8.939255,3.631680,-0.011907,-0.021911,-0.056061
2018003360.000,Miguel,recording,shake_phone,7,1.097059,8.943946,3.669540,-0.012363,-0.027850,-0.053993
2018003370.000,Miguel,recording,shake_phone,7,1.144830,8.941637,3.673702,-0.009079,-0.038034,-0.057569
2018003380.000,Miguel,recording,shake_phone,7,1.129674,8.932373,3.663248,-0.007523,-0.046627,-0.064307
2018003390.000,Miguel,recording,shake_phone,7,1.059061,8.930256,3.656761,-0.010241,-0.050480,-0.068774
2018003400.000,Miguel,recording,shake_phone,7,1.003590,8.928641,3.651446,-0.016915,-0.048045,-0.066242
2018003410.000,Miguel,recording,shake_phone,7,1.009960,8.944666,3.674165,-0.025629,-0.038196,-0.057316
2018003420.000,Miguel,recording,shake_phone,7,1.048627,8.959106,3.719810,-0.031927,-0.022676,-0.047100
2018003430.000,Miguel,recording,shake_phone,7,1.055829,8.962156,3.791158,-0.031868,-0.007894,-0.038409
2018003440.000,Miguel,recording,shake_phone,7,1.043617,8.969378,3.836920,-0.023593,0.000237,-0.030258
2018003450.000,Miguel,recording,shake_phone,7,1.097466,8.964678,3.811030,-0.011359,-0.000688,-0.025134
2018003460.000,Miguel,recording,shake_phone,7,1.168591,8.965572,3.721169,-0.002211,-0.008392,-0.028675
2018003470.000,Miguel,recording,shake_phone,7,1.170562,8.965173,3.641287,0.000121,-0.017884,-0.040723
2018003480.000,Miguel,recording,shake_phone,7,1.099024,8.954574,3.627553,-0.003889,-0.026280,-0.053669
2018003490.000,Miguel,recording,shake_phone,7,1.032900,8.937181,3.642186,-0.010542,-0.030708,-0.061618
2018003500.000,Miguel,recording,shake_phone,7,0.997185,8.915695,3.670061,-0.017786,-0.029154,-0.064927
2018003510.000,Miguel,recording,shake_phone,7,0.997145,8.897885,3.711493,-0.024154,-0.024264,-0.065483
2018003520.000,Miguel,recording,shake_phone,7,0.987183,8.901902,3.749150,-0.025867,-0.018912,-0.063649
2018003530.000,Miguel,recording,shake_phone,7,0.955390,8.897817,3.769950,-0.021197,-0.015006,-0.059705
2018003540.000,Miguel,recording,shake_phone,7,0.917002,8.896694,3.755886,-0.013181,-0.016078,-0.054438
2018003550.000,Miguel,recording,shake_phone,7,0.886561,8.886735,3.705391,-0.006972,-0.023106,-0.049533
2018003560.000,Miguel,recording,shake_phone,7,0.848350,8.872559,3.661992,-0.004801,-0.033185,-0.045719
2018003570.000,Miguel,recording,shake_phone,7,0.807964,8.871731,3.632106,-0.005587,-0.043678,-0.041482
2018003580.000,Miguel,recording,shake_phone,7,0.796463,8.865696,3.587735,-0.010526,-0.053462,-0.035571
2018003590.000,Miguel,recording,shake_phone,7,0.817314,8.856330,3.574670,-0.020467,-0.061114,-0.027921
2018003600.000,Miguel,recording,shake_phone,7,0.871939,8.889727,3.579757,-0.032448,-0.064816,-0.020351
2018003610.000,Miguel,recording,shake_phone,7,0.944587,8.924629,3.595865,-0.043548,-0.062719,-0.014268
2018003620.000,Miguel,recording,shake_phone,7,0.991846,8.932892,3.636471,-0.052521,-0.054197,-0.009814
2018003630.000,Miguel,recording,shake_phone,7,0.988098,8.937385,3.659752,-0.060605,-0.041899,-0.005837
2018003640.000,Miguel,recording,shake_phone,7,0.986423,8.939818,3.638730,-0.071910,-0.027464,-0.001426
2018003650.000,Miguel,recording,shake_phone,7,1.032288,8.923156,3.570845,-0.088950,-0.010457,0.001979
2018003660.000,Miguel,recording,shake_phone,7,1.038787,8.889589,3.599645,-0.108901,0.008527,0.004470
2018003670.000,Miguel,recording,shake_phone,7,1.004342,8.879745,3.739416,-0.125207,0.025794,0.008338
2018003680.000,Miguel,recording,shake_phone,7,0.985817,8.846523,3.911584,-0.131504,0.035844,0.015885
2018003690.000,Miguel,recording,shake_phone,7,0.983457,8.781286,4.089071,-0.122327,0.031962,0.026875
2018003700.000,Miguel,recording,shake_phone,7,1.033671,8.778250,4.240269,-0.093868,0.009309,0.034002
2018003710.000,Miguel,recording,shake_phone,7,1.132511,8.824564,4.282305,-0.049131,-0.026227,0.028440
2018003720.000,Miguel,recording,shake_phone,7,1.207552,8.857175,4.198415,-0.000966,-0.070065,0.009605
2018003730.000,Miguel,recording,shake_phone,7,1.284098,8.875479,4.030007,0.034420,-0.122471,-0.017828
2018003740.000,Miguel,recording,shake_phone,7,1.369055,8.906282,3.901193,0.050977,-0.176662,-0.050379
2018003750.000,Miguel,recording,shake_phone,7,1.377918,8.909598,3.860296,0.054797,-0.222558,-0.084932
2018003760.000,Miguel,recording,shake_phone,7,1.359813,8.925165,3.870388,0.054424,-0.251663,-0.118921
2018003770.000,Miguel,recording,shake_phone,7,1.363470,8.972357,3.862998,0.052608,-0.262589,-0.151226
2018003780.000,Miguel,recording,shake_phone,7,1.360186,8.981454,3.814432,0.049030,-0.261630,-0.181931
2018003790.000,Miguel,recording,shake_phone,7,1.349842,8.953091,3.765950,0.045205,-0.255837,-0.210831
2018003800.000,Miguel,recording,shake_phone,7,1.331353,8.929048,3.752704,0.042425,-0.249648,-0.237073
2018003810.000,Miguel,recording,shake_phone,7,1.294241,8.911926,3.748534,0.041859,-0.244535,-0.262361
2018003820.000,Miguel,recording,shake_phone,7,1.219984,8.908364,3.745060,0.044272,-0.240960,-0.287956
2018003830.000,Miguel,recording,shake_phone,7,1.114369,8.923882,3.740395,0.047854,-0.241688,-0.312058
2018003840.000,Miguel,recording,shake_phone,7,1.007775,8.935204,3.724857,0.052232,-0.251629,-0.334776
2018003850.000,Miguel,recording,shake_phone,7,0.915822,8.920964,3.696721,0.058239,-0.272492,-0.358392
2018003860.000,Miguel,recording,shake_phone,7,0.813804,8.861533,3.712567,0.067607,-0.300791,-0.385064
2018003870.000,Miguel,recording,shake_phone,7,0.702052,8.772189,3.803175,0.088896,-0.333229,-0.419215
2018003880.000,Miguel,recording,shake_phone,7,0.559806,8.712222,3.961638,0.133276,-0.368290,-0.463183
2018003890.000,Miguel,recording,shake_phone,7,0.341083,8.682454,4.026147,0.203800,-0.394619,-0.515341
2018003900.000,Miguel,recording,shake_phone,7,-0.038626,8.665908,3.886358,0.290542,-0.380547,-0.572831
2018003910.000,Miguel,recording,shake_phone,7,-0.671586,8.621198,3.506896,0.377790,-0.309492,-0.626779
2018003920.000,Miguel,recording,shake_phone,7,-1.751307,8.385111,2.964068,0.454826,-0.224017,-0.663098
2018003930.000,Miguel,recording,shake_phone,7,-3.179673,8.138792,2.157331,0.518484,-0.179266,-0.670044
2018003940.000,Miguel,recording,shake_phone,7,-4.817379,7.848032,1.178849,0.563358,-0.196893,-0.634993
2018003950.000,Miguel,recording,shake_phone,7,-6.643016,7.547454,0.158585,0.567109,-0.296522,-0.521118
2018003960.000,Miguel,recording,shake_phone,7,-8.642075,7.462694,-0.674776,0.492745,-0.509651,-0.244975
2018003970.000,Miguel,recording,shake_phone,7,-9.815436,7.338155,-1.203724,0.302202,-0.829704,0.264623
2018003980.000,Miguel,recording,shake_phone,7,-8.659832,7.115688,-1.286445,-0.009147,-1.180951,0.955442
2018003990.000,Miguel,recording,shake_phone,7,-4.500368,7.119844,-0.576830,-0.379919,-1.458028,1.648366
2018004000.000,Miguel,recording,shake_phone,7,2.343914,7.683055,1.001287,-0.726666,-1.527828,2.138408
2018004010.000,Miguel,recording,shake_phone,7,10.419591,8.810959,2.292040,-1.039057,-1.234301,2.267298
2018004020.000,Miguel,recording,shake_phone,7,16.886604,9.710094,3.153744,-1.356139,-0.536283,1.973494
2018004030.000,Miguel,recording,shake_phone,7,19.678588,9.865450,4.760670,-1.635943,0.405059,1.315220
2018004040.000,Miguel,recording,shake_phone,7,18.331549,9.658183,7.188242,-1.762106,1.296289,0.453437
2018004050.000,Miguel,recording,shake_phone,7,13.431933,9.606901,9.331666,-1.670405,1.782539,-0.384057
2018004060.000,Miguel,recording,shake_phone,7,6.950166,9.866926,10.810327,-1.375286,1.582488,-1.032087
2018004070.000,Miguel,recording,shake_phone,7,0.619363,9.993721,11.814847,-0.887152,0.732801,-1.421937
2018004080.000,Miguel,recording,shake_phone,7,-4.408928,9.769898,11.607215,-0.247489,-0.354573,-1.526356
2018004090.000,Miguel,recording,shake_phone,7,-7.883374,9.355590,9.307886,0.383876,-1.175505,-1.364278
2018004100.000,Miguel,recording,shake_phone,7,-10.264501,8.881671,5.783919,0.821024,-1.476158,-0.968402
2018004110.000,Miguel,recording,shake_phone,7,-11.883021,8.176226,2.440752,0.989291,-1.323197,-0.376485
2018004120.000,Miguel,recording,shake_phone,7,-12.560256,7.304785,0.017966,0.939737,-0.956803,0.351436
2018004130.000,Miguel,recording,shake_phone,7,-12.063860,6.552612,-1.569100,0.754911,-0.620417,1.138087
2018004140.000,Miguel,recording,shake_phone,7,-9.859929,5.875705,-2.687207,0.471450,-0.434436,1.892281
2018004150.000,Miguel,recording,shake_phone,7,-5.726896,5.257587,-3.061167,0.114064,-0.370437,2.517356
2018004160.000,Miguel,recording,shake_phone,7,-0.609264,4.981539,-2.657696,-0.271987,-0.331873,2.933426
2018004170.000,Miguel,recording,shake_phone,7,4.061041,5.219711,-1.689976,-0.641519,-0.252524,3.099362
2018004180.000,Miguel,recording,shake_phone,7,7.314106,5.787972,-0.348099,-0.956379,-0.135021,3.021281
2018004190.000,Miguel,recording,shake_phone,7,8.811484,6.448251,1.175970,-1.193593,-0.024719,2.756003
2018004200.000,Miguel,recording,shake_phone,7,8.797575,7.027206,2.584199,-1.355025,0.042070,2.403943
2018004210.000,Miguel,recording,shake_phone,7,7.892411,7.368195,3.676631,-1.461381,0.069897,2.064143
2018004220.000,Miguel,recording,shake_phone,7,6.699952,7.512037,4.419406,-1.539648,0.097487,1.795816
2018004230.000,Miguel,recording,shake_phone,7,5.575648,7.532170,4.877207,-1.614390,0.171741,1.620390
2018004240.000,Miguel,recording,shake_phone,7,4.696747,7.387658,5.171707,-1.703474,0.325359,1.531826
2018004250.000,Miguel,recording,shake_phone,7,4.156515,7.027661,5.474641,-1.805609,0.542490,1.503446
2018004260.000,Miguel,recording,shake_phone,7,3.886702,6.578781,6.001749,-1.895164,0.749298,1.497213
2018004270.000,Miguel,recording,shake_phone,7,3.822534,6.237766,6.781511,-1.935155,0.869146,1.478405
2018004280.000,Miguel,recording,shake_phone,7,4.058804,6.099430,7.688465,-1.894679,0.870822,1.425906
2018004290.000,Miguel,recording,shake_phone,7,4.398060,6.093980,8.597908,-1.760376,0.769047,1.334737
2018004300.000,Miguel,recording,shake_phone,7,4.744412,6.125016,9.381798,-1.528140,0.599279,1.216110
2018004310.000,Miguel,recording,shake_phone,7,5.110624,6.156157,9.858050,-1.205531,0.393661,1.089410
2018004320.000,Miguel,recording,shake_phone,7,5.481613,6.230937,9.874441,-0.837927,0.182691,0.971980
2018004330.000,Miguel,recording,shake_phone,7,5.728663,6.321723,9.357044,-0.486521,0.002196,0.871058
2018004340.000,Miguel,recording,shake_phone,7,5.838221,6.420150,8.478437,-0.201313,-0.110023,0.786393
2018004350.000,Miguel,recording,shake_phone,7,5.870647,6.549218,7.422299,-0.018330,-0.130787,0.717983
2018004360.000,Miguel,recording,shake_phone,7,5.897861,6.686044,6.409182,0.048770,-0.062620,0.668507
2018004370.000,Miguel,recording,shake_phone,7,5.950029,6.813674,5.658303,0.006218,0.074810,0.638880
2018004380.000,Miguel,recording,shake_phone,7,5.967495,6.871326,5.330173,-0.117774,0.257188,0.620497
2018004390.000,Miguel,recording,shake_phone,7,5.953939,6.837961,5.489290,-0.273775,0.453935,0.606074
2018004400.000,Miguel,recording,shake_phone,7,5.819144,6.738652,5.977049,-0.408309,0.631761,0.598051
2018004410.000,Miguel,recording,shake_phone,7,5.588012,6.637598,6.488704,-0.489414,0.771346,0.598660
2018004420.000,Miguel,recording,shake_phone,7,5.405915,6.553115,6.848829,-0.514001,0.862088,0.598248
2018004430.000,Miguel,recording,shake_phone,7,5.323422,6.489364,7.081299,-0.492760,0.891991,0.582734
2018004440.000,Miguel,recording,shake_phone,7,5.202382,6.387114,7.120352,-0.441262,0.861933,0.552552
2018004450.000,Miguel,recording,shake_phone,7,5.033901,6.253866,7.049432,-0.376550,0.794579,0.518263
2018004460.000,Miguel,recording,shake_phone,7,5.002711,6.159668,7.028300,-0.310014,0.718344,0.483972
2018004470.000,Miguel,recording,shake_phone,7,5.159928,6.061583,7.084374,-0.245453,0.649654,0.445186
2018004480.000,Miguel,recording,shake_phone,7,5.283779,5.968393,7.138187,-0.179741,0.594183,0.399685
2018004490.000,Miguel,recording,shake_phone,7,5.241632,5.917591,7.104123,-0.113394,0.552079,0.353250
2018004500.000,Miguel,recording,shake_phone,7,5.162115,5.947451,7.007820,-0.056324,0.514362,0.311423
2018004510.000,Miguel,recording,shake_phone,7,5.068099,5.988696,6.902916,-0.016548,0.470862,0.271696
2018004520.000,Miguel,recording,shake_phone,7,4.923667,6.049449,6.847523,0.009583,0.421395,0.230039
2018004530.000,Miguel,recording,shake_phone,7,4.778900,6.114038,6.842860,0.031309,0.373032,0.190062
2018004540.000,Miguel,recording,shake_phone,7,4.644987,6.148067,6.758849,0.047786,0.335508,0.158583
2018004550.000,Miguel,recording,shake_phone,7,4.547252,6.152673,6.598802,0.050197,0.313540,0.136022
2018004560.000,Miguel,recording,shake_phone,7,4.528791,6.134645,6.511949,0.035023,0.305276,0.116609
2018004570.000,Miguel,recording,shake_phone,7,4.534673,6.097093,6.550151,0.007625,0.310265,0.096363
2018004580.000,Miguel,recording,shake_phone,7,4.522018,6.031205,6.704288,-0.019941,0.333088,0.075294
2018004590.000,Miguel,recording,shake_phone,7,4.468042,5.967180,6.907979,-0.035918,0.374661,0.055752
2018004600.000,Miguel,recording,shake_phone,7,4.355652,5.874603,7.054892,-0.036315,0.423400,0.042338
2018004610.000,Miguel,recording,shake_phone,7,4.222049,5.833253,7.188926,-0.021752,0.467496,0.038076
2018004620.000,Miguel,recording,shake_phone,7,4.071180,5.810675,7.258137,0.004251,0.505013,0.041308
2018004630.000,Miguel,recording,shake_phone,7,3.919075,5.770657,7.243014,0.036888,0.535297,0.047397
2018004640.000,Miguel,recording,shake_phone,7,3.801451,5.747279,7.187486,0.072031,0.552484,0.054379
2018004650.000,Miguel,recording,shake_phone,7,3.678179,5.739427,7.099437,0.103366,0.551521,0.064330
2018004660.000,Miguel,recording,shake_phone,7,3.587446,5.740399,7.033988,0.127002,0.535458,0.078208
2018004670.000,Miguel,recording,shake_phone,7,3.548350,5.748632,7.028677,0.145149,0.512947,0.093082
2018004680.000,Miguel,recording,shake_phone,7,3.545971,5.752447,7.036950,0.161174,0.491134,0.105083
2018004690.000,Miguel,recording,shake_phone,7,3.531892,5.796504,7.010689,0.175220,0.474303,0.113881
2018004700.000,Miguel,recording,shake_phone,7,3.473064,5.819568,6.942166,0.183571,0.463976,0.123110
2018004710.000,Miguel,recording,shake_phone,7,3.407115,5.820020,6.882999,0.183886,0.458234,0.135907
2018004720.000,Miguel,recording,shake_phone,7,3.370771,5.853032,6.869314,0.179197,0.456865,0.150822
2018004730.000,Miguel,recording,shake_phone,7,3.407201,5.894936,6.877478,0.173470,0.462308,0.163741
2018004740.000,Miguel,recording,shake_phone,7,3.446024,5.897893,6.872866,0.168778,0.472488,0.172034
2018004750.000,Miguel,recording,shake_phone,7,3.435536,5.907982,6.894201,0.166116,0.478346,0.176793
2018004760.000,Miguel,recording,shake_phone,7,3.432205,5.932161,6.927566,0.166852,0.471669,0.180549
2018004770.000,Miguel,recording,shake_phone,7,3.482696,5.938149,6.934483,0.171419,0.455112,0.182737
2018004780.000,Miguel,recording,shake_phone,7,3.582094,5.966698,6.957394,0.178094,0.438480,0.179000
2018004790.000,Miguel,recording,shake_phone,7,3.681521,5.962617,7.000907,0.185582,0.423218,0.167367
2018004800.000,Miguel,recording,shake_phone,7,3.736308,5.953302,7.050588,0.195189,0.405128,0.151070
2018004810.000,Miguel,recording,shake_phone,7,3.744327,5.961206,7.075821,0.208690,0.383786,0.132246
2018004820.000,Miguel,recording,shake_phone,7,3.689580,5.987055,7.068964,0.226269,0.357325,0.110291
2018004830.000,Miguel,recording,shake_phone,7,3.617960,6.034500,7.053252,0.246566,0.320533,0.086129
2018004840.000,Miguel,recording,shake_phone,7,3.542520,6.066311,7.010327,0.266809,0.270310,0.063123
2018004850.000,Miguel,recording,shake_phone,7,3.440177,6.084535,6.933199,0.284273,0.210461,0.045961
2018004860.000,Miguel,recording,shake_phone,7,3.361042,6.108827,6.841049,0.297451,0.148694,0.036695
2018004870.000,Miguel,recording,shake_phone,7,3.330313,6.142441,6.757802,0.305613,0.092922,0.032964
2018004880.000,Miguel,recording,shake_phone,7,3.321265,6.169875,6.696148,0.308967,0.054009,0.033148
2018004890.000,Miguel,recording,shake_phone,7,3.315286,6.221106,6.660439,0.309264,0.039945,0.036818
2018004900.000,Miguel,recording,shake_phone,7,3.406302,6.248622,6.617378,0.307652,0.051571,0.041272
2018004910.000,Miguel,recording,shake_phone,7,3.498951,6.240917,6.530143,0.301853,0.084404,0.044894
2018004920.000,Miguel,recording,shake_phone,7,3.489349,6.249491,6.417705,0.286447,0.125330,0.049882
2018004930.000,Miguel,recording,shake_phone,7,3.441120,6.314185,6.372497,0.261240,0.158924,0.057003
2018004940.000,Miguel,recording,shake_phone,7,3.403816,6.368481,6.378907,0.234300,0.180038,0.062463
2018004950.000,Miguel,recording,shake_phone,7,3.361593,6.390898,6.411531,0.212297,0.191190,0.064443
2018004960.000,Miguel,recording,shake_phone,7,3.336073,6.410320,6.482155,0.196519,0.192639,0.064256
2018004970.000,Miguel,recording,shake_phone,7,3.378664,6.389421,6.556293,0.186119,0.182166,0.062249
2018004980.000,Miguel,recording,shake_phone,7,3.406646,6.362345,6.627643,0.181705,0.161515,0.057959
2018004990.000,Miguel,recording,shake_phone,7,3.385273,6.358668,6.678929,0.185092,0.137062,0.050447
2018005000.000,Miguel,recording,shake_phone,7,3.384857,6.364894,6.675538,0.194631,0.115126,0.040560
2018005010.000,Miguel,recording,shake_phone,7,3.436435,6.357340,6.612941,0.202995,0.097599,0.030145
2018005020.000,Miguel,recording,shake_phone,7,3.443965,6.348016,6.502085,0.202432,0.083684,0.021219
2018005030.000,Miguel,recording,shake_phone,7,3.411944,6.360600,6.427930,0.191785,0.074676,0.015415
2018005040.000,Miguel,recording,shake_phone,7,3.337862,6.398665,6.432364,0.177123,0.069433,0.012076
2018005050.000,Miguel,recording,shake_phone,7,3.253978,6.434403,6.461202,0.164649,0.070482,0.012492
2018005060.000,Miguel,recording,shake_phone,7,3.317081,6.426053,6.519308,0.154962,0.088980,0.017520
2018005070.000,Miguel,recording,shake_phone,7,3.424071,6.393832,6.564712,0.146834,0.128923,0.024268
2018005080.000,Miguel,recording,shake_phone,7,3.435028,6.384523,6.593792,0.140331,0.180085,0.030276
2018005090.000,Miguel,recording,shake_phone,7,3.385283,6.418043,6.611533,0.136079,0.226758,0.032948
2018005100.000,Miguel,recording,shake_phone,7,3.268479,6.438909,6.619660,0.134544,0.254071,0.031877
2018005110.000,Miguel,recording,shake_phone,7,3.156423,6.458035,6.626009,0.137282,0.254311,0.030926
2018005120.000,Miguel,recording,shake_phone,7,3.115890,6.481024,6.595732,0.144359,0.231390,0.031320
2018005130.000,Miguel,recording,shake_phone,7,3.119477,6.499123,6.513348,0.149743,0.192894,0.030891
2018005140.000,Miguel,recording,shake_phone,7,3.154960,6.522696,6.464699,0.148176,0.144828,0.028427
2018005150.000,Miguel,recording,shake_phone,7,3.143187,6.534435,6.450549,0.142420,0.097587,0.024066
2018005160.000,Miguel,recording,shake_phone,7,3.110201,6.538489,6.438906,0.137870,0.062565,0.019848
2018005170.000,Miguel,recording,shake_phone,7,3.100495,6.542556,6.397776,0.134071,0.042890,0.017462
2018005180.000,Miguel,recording,shake_phone,7,3.106817,6.529152,6.364204,0.127473,0.036224,0.017409
2018005190.000,Miguel,recording,shake_phone,7,3.079902,6.492068,6.353952,0.119119,0.038325,0.019877
2018005200.000,Miguel,recording,shake_phone,7,3.022448,6.482010,6.378887,0.112440,0.045065,0.025182
2018005210.000,Miguel,recording,shake_phone,7,2.953873,6.473165,6.357028,0.107829,0.051590,0.033149
2018005220.000,Miguel,recording,shake_phone,7,2.901283,6.477156,6.295464,0.103230,0.052732,0.043342
2018005230.000,Miguel,recording,shake_phone,7,2.909792,6.511552,6.221883,0.094514,0.046234,0.056848
2018005240.000,Miguel,recording,shake_phone,7,3.042794,6.514874,6.169721,0.076861,0.035867,0.070214
2018005250.000,Miguel,recording,shake_phone,7,3.213174,6.523295,6.176911,0.051047,0.031794,0.076307
2018005260.000,Miguel,recording,shake_phone,7,3.292971,6.561365,6.233513,0.023943,0.037479,0.075080
2018005270.000,Miguel,recording,shake_phone,7,3.279827,6.583161,6.310663,0.002158,0.047483,0.070951
2018005280.000,Miguel,recording,shake_phone,7,3.210815,6.599206,6.378059,-0.011540,0.056792,0.067387
2018005290.000,Miguel,recording,shake_phone,7,3.186925,6.604972,6.399945,-0.019374,0.064419,0.065376
2018005300.000,Miguel,recording,shake_phone,7,3.214773,6.598437,6.403338,-0.026473,0.072058,0.063014
2018005310.000,Miguel,recording,shake_phone,7,3.227167,6.559503,6.418060,-0.034324,0.078233,0.059770
2018005320.000,Miguel,recording,shake_phone,7,3.215730,6.526306,6.469356,-0.040236,0.079637,0.056559
2018005330.000,Miguel,recording,shake_phone,7,3.185885,6.501147,6.491235,-0.042875,0.075429,0.053947
2018005340.000,Miguel,recording,shake_phone,7,3.151507,6.481439,6.484757,-0.043602,0.066888,0.054121
2018005350.000,Miguel,recording,shake_phone,7,3.205111,6.473402,6.513818,-0.045605,0.059401,0.057987
2018005360.000,Miguel,recording,shake_phone,7,3.322493,6.472807,6.576633,-0.048227,0.060471,0.061554
2018005370.000,Miguel,recording,shake_phone,7,3.411200,6.486286,6.657670,-0.046198,0.072517,0.060033
2018005380.000,Miguel,recording,shake_phone,7,3.410475,6.519526,6.707454,-0.038026,0.088376,0.052751
2018005390.000,Miguel,recording,shake_phone,7,3.332099,6.523193,6.691760,-0.027606,0.098841,0.043237
2018005400.000,Miguel,recording,shake_phone,7,3.217876,6.518910,6.653333,-0.020537,0.100403,0.035308
2018005410.000,Miguel,recording,shake_phone,7,3.147285,6.516295,6.645025,-0.017863,0.092148,0.031251
2018005420.000,Miguel,recording,shake_phone,7,3.104392,6.517524,6.646708,-0.015455,0.075333,0.030555
2018005430.000,Miguel,recording,shake_phone,7,3.100015,6.508575,6.633287,-0.011596,0.055321,0.031338
2018005440.000,Miguel,recording,shake_phone,7,3.192546,6.499832,6.597691,-0.010042,0.040210,0.031126
2018005450.000,Miguel,recording,shake_phone,7,3.297573,6.494894,6.594628,-0.012928,0.034823,0.026023
2018005460.000,Miguel,recording,shake_phone,7,3.347506,6.474535,6.613139,-0.016655,0.036854,0.016496
2018005470.000,Miguel,recording,shake_phone,7,3.361499,6.464092,6.629676,-0.016983,0.040191,0.004885
2018005480.000,Miguel,recording,shake_phone,7,3.316260,6.463816,6.615527,-0.014555,0.039008,-0.007287
2018005490.000,Miguel,recording,shake_phone,7,3.236843,6.458523,6.631282,-0.012579,0.032724,-0.016137
2018005500.000,Miguel,recording,shake_phone,7,3.185552,6.425488,6.656500,-0.011299,0.025844,-0.020206
2018005510.000,Miguel,recording,shake_phone,7,3.205038,6.411480,6.661526,-0.009040,0.023016,-0.022025
2018005520.000,Miguel,recording,shake_phone,7,3.235196,6.419799,6.655120,-0.006195,0.024149,-0.024427
2018005530.000,Miguel,recording,shake_phone,7,3.238928,6.426731,6.652724,-0.003959,0.026379,-0.028609
2018005540.000,Miguel,recording,shake_phone,7,3.244153,6.427079,6.678483,-0.000731,0.029220,-0.033983
2018005550.000,Miguel,recording,shake_phone,7,3.248027,6.433225,6.702643,0.005384,0.033029,-0.039875
2018005560.000,Miguel,recording,shake_phone,7,3.250302,6.459980,6.695346,0.013170,0.035514,-0.047444
2018005570.000,Miguel,recording,shake_phone,7,3.231692,6.488260,6.661691,0.019018,0.032528,-0.057471
2018005580.000,Miguel,recording,shake_phone,7,3.194145,6.495328,6.630776,0.021709,0.025679,-0.067186
2018005590.000,Miguel,recording,shake_phone,7,3.126498,6.493660,6.637951,0.023716,0.020494,-0.072949
2018005600.000,Miguel,recording,shake_phone,7,3.041927,6.511658,6.622578,0.025601,0.018463,-0.072198
2018005610.000,Miguel,recording,shake_phone,7,2.953414,6.526656,6.612815,0.024860,0.019971,-0.063245
2018005620.000,Miguel,recording,shake_phone,7,2.895339,6.518999,6.637785,0.021084,0.025286,-0.046893
2018005630.000,Miguel,recording,shake_phone,7,2.902164,6.512450,6.676971,0.016787,0.034919,-0.027058
2018005640.000,Miguel,recording,shake_phone,7,2.951514,6.508384,6.692307,0.014288,0.050562,-0.007955
2018005650.000,Miguel,recording,shake_phone,7,3.035533,6.506255,6.696032,0.014618,0.069860,0.007136
2018005660.000,Miguel,recording,shake_phone,7,3.140019,6.501058,6.715086,0.017633,0.088725,0.014456
2018005670.000,Miguel,recording,shake_phone,7,3.201149,6.496834,6.713013,0.022332,0.104440,0.013092
2018005680.000,Miguel,recording,shake_phone,7,3.182207,6.494272,6.689413,0.027605,0.110765,0.005874
2018005690.000,Miguel,recording,shake_phone,7,3.141570,6.486697,6.648786,0.032075,0.104379,-0.003370
2018005700.000,Miguel,recording,shake_phone,7,3.118064,6.485784,6.618813,0.034118,0.089356,-0.011039
2018005710.000,Miguel,recording,shake_phone,7,3.112281,6.494919,6.623516,0.034129,0.072035,-0.016203
2018005720.000,Miguel,recording,shake_phone,7,3.123826,6.506010,6.630127,0.032909,0.058048,-0.019453
2018005730.000,Miguel,recording,shake_phone,7,3.141446,6.517260,6.634308,0.030194,0.050716,-0.022800
2018005740.000,Miguel,recording,shake_phone,7,3.168315,6.526575,6.630615,0.027000,0.050699,-0.027944
2018005750.000,Miguel,recording,shake_phone,7,3.178266,6.530989,6.629205,0.023569,0.055665,-0.033232
2018005760.000,Miguel,recording,shake_phone,7,3.149206,6.537165,6.651872,0.020365,0.063051,-0.037474
2018005770.000,Miguel,recording,shake_phone,7,3.101066,6.533131,6.675521,0.019145,0.070350,-0.040858
2018005780.000,Miguel,recording,shake_phone,7,3.067079,6.525235,6.667541,0.019906,0.075733,-0.042777
2018005790.000,Miguel,recording,shake_phone,7,3.021954,6.523543,6.658292,0.021123,0.080126,-0.042572
2018005800.000,Miguel,recording,shake_phone,7,2.983075,6.527707,6.672987,0.022171,0.083047,-0.040792
2018005810.000,Miguel,recording,shake_phone,7,2.969569,6.543429,6.680934,0.024382,0.083610,-0.037940
2018005820.000,Miguel,recording,shake_phone,7,2.971333,6.549225,6.671248,0.028082,0.083683,-0.034605
2018005830.000,Miguel,recording,shake_phone,7,2.985501,6.544503,6.660396,0.030360,0.084586,-0.031672
2018005840.000,Miguel,recording,shake_phone,7,3.013217,6.553990,6.638344,0.029000,0.087654,-0.029261
2018005850.000,Miguel,recording,shake_phone,8,3.055613,6.553926,6.612485,0.024620,0.095376,-0.028830
2018005860.000,Miguel,recording,shake_phone,8,3.076807,6.545848,6.623238,0.018892,0.107710,-0.030707
2018005870.000,Miguel,recording,shake_phone,8,3.056663,6.551018,6.652721,0.013998,0.121442,-0.031904
2018005880.000,Miguel,recording,shake_phone,8,3.062323,6.562557,6.689734,0.009947,0.131242,-0.032035
2018005890.000,Miguel,recording,shake_phone,8,3.085467,6.567718,6.738350,0.006774,0.134200,-0.033914
2018005900.000,Miguel,recording,shake_phone,8,3.111010,6.574780,6.769563,0.007544,0.133308,-0.039184
2018005910.000,Miguel,recording,shake_phone,8,3.103418,6.582026,6.786750,0.011917,0.130456,-0.047359
2018005920.000,Miguel,recording,shake_phone,8,3.067000,6.589135,6.788829,0.016337,0.125588,-0.056366
2018005930.000,Miguel,recording,shake_phone,8,3.003551,6.598041,6.776725,0.018802,0.119859,-0.062116
2018005940.000,Miguel,recording,shake_phone,8,2.977750,6.602755,6.767920,0.019608,0.116282,-0.063428
2018005950.000,Miguel,recording,shake_phone,8,2.991897,6.607169,6.794579,0.020656,0.117789,-0.064410
2018005960.000,Miguel,recording,shake_phone,8,3.026563,6.612550,6.822095,0.024164,0.123369,-0.067730
2018005970.000,Miguel,recording,shake_phone,8,3.045125,6.609359,6.844592,0.031005,0.130421,-0.074132
2018005980.000,Miguel,recording,shake_phone,8,3.040890,6.603787,6.878083,0.040255,0.134222,-0.083965
2018005990.000,Miguel,recording,shake_phone,8,2.983779,6.573518,6.889927,0.052229,0.129838,-0.095579
2018006000.000,Miguel,recording,shake_phone,8,2.902896,6.575677,6.882343,0.066419,0.118105,-0.105620
2018006010.000,Miguel,recording,shake_phone,8,2.856136,6.590791,6.825036,0.078932,0.103425,-0.111914
2018006020.000,Miguel,recording,shake_phone,8,2.828156,6.609881,6.766810,0.086266,0.091664,-0.114752
2018006030.000,Miguel,recording,shake_phone,8,2.835545,6.625909,6.722285,0.088341,0.088480,-0.115115
2018006040.000,Miguel,recording,shake_phone,8,2.852355,6.650907,6.713674,0.086812,0.094333,-0.113684
2018006050.000,Miguel,recording,shake_phone,8,2.841898,6.671943,6.754419,0.083511,0.104993,-0.111881
2018006060.000,Miguel,recording,shake_phone,8,2.834956,6.659982,6.809880,0.082418,0.116630,-0.110988
2018006070.000,Miguel,recording,shake_phone,8,2.851029,6.666282,6.842758,0.087064,0.126016,-0.112456
2018006080.000,Miguel,recording,shake_phone,8,2.827337,6.683562,6.837468,0.095978,0.128987,-0.117788
2018006090.000,Miguel,recording,shake_phone,8,2.775330,6.703165,6.782800,0.105050,0.123398,-0.125556
2018006100.000,Miguel,recording,shake_phone,8,2.743728,6.698868,6.722028,0.111261,0.112570,-0.132782
2018006110.000,Miguel,recording,shake_phone,8,2.744960,6.704610,6.694909,0.114498,0.102485,-0.139068
2018006120.000,Miguel,recording,shake_phone,8,2.756943,6.747762,6.677827,0.115057,0.098951,-0.143837
2018006130.000,Miguel,recording,shake_phone,8,2.786738,6.748433,6.652002,0.111442,0.104981,-0.147251
2018006140.000,Miguel,recording,shake_phone,8,2.812259,6.742734,6.670531,0.105405,0.117500,-0.152075
2018006150.000,Miguel,recording,shake_phone,8,2.802354,6.753569,6.704647,0.102645,0.130876,-0.157978
2018006160.000,Miguel,recording,shake_phone,8,2.803130,6.761190,6.703729,0.103654,0.140481,-0.165079
2018006170.000,Miguel,recording,shake_phone,8,2.817489,6.772091,6.691216,0.103938,0.143121,-0.175824
2018006180.000,Miguel,recording,shake_phone,8,2.788562,6.781585,6.709929,0.103224,0.139778,-0.188442
2018006190.000,Miguel,recording,shake_phone,8,2.743460,6.796511,6.775124,0.105550,0.134358,-0.200011
2018006200.000,Miguel,recording,shake_phone,8,2.710730,6.813864,6.842339,0.112939,0.129149,-0.209291
2018006210.000,Miguel,recording,shake_phone,8,2.699186,6.839839,6.853696,0.124032,0.125778,-0.217562
2018006220.000,Miguel,recording,shake_phone,8,2.699050,6.844120,6.810820,0.135726,0.125324,-0.227688
2018006230.000,Miguel,recording,shake_phone,8,2.653726,6.857048,6.780309,0.146959,0.125123,-0.240809
2018006240.000,Miguel,recording,shake_phone,8,2.571573,6.863085,6.755446,0.158788,0.119506,-0.254506
2018006250.000,Miguel,recording,shake_phone,8,2.516036,6.868158,6.703553,0.169556,0.107628,-0.266674
2018006260.000,Miguel,recording,shake_phone,8,2.496679,6.885533,6.662541,0.177254,0.093003,-0.280038
2018006270.000,Miguel,recording,shake_phone,8,2.448656,6.880909,6.721513,0.185884,0.077981,-0.294430
2018006280.000,Miguel,recording,shake_phone,8,2.361896,6.884562,6.802707,0.203268,0.063978,-0.306916
2018006290.000,Miguel,recording,shake_phone,8,2.264906,6.901381,6.773141,0.228844,0.049791,-0.315732
2018006300.000,Miguel,recording,shake_phone,8,2.190840,6.917374,6.652329,0.252411,0.035017,-0.320778
2018006310.000,Miguel,recording,shake_phone,8,2.124585,6.938834,6.521583,0.267239,0.021636,-0.323982
2018006320.000,Miguel,recording,shake_phone,8,2.067069,6.958207,6.415484,0.273858,0.011387,-0.325636
2018006330.000,Miguel,recording,shake_phone,8,2.063383,6.989987,6.288321,0.271762,0.005436,-0.326031
2018006340.000,Miguel,recording,shake_phone,8,2.075087,7.015271,6.195815,0.258538,0.003728,-0.326515
2018006350.000,Miguel,recording,shake_phone,8,2.032385,7.022245,6.216928,0.239444,0.006601,-0.326429
2018006360.000,Miguel,recording,shake_phone,8,1.986562,7.033601,6.338087,0.227126,0.013846,-0.326556
2018006370.000,Miguel,recording,shake_phone,8,1.979347,7.032444,6.456690,0.230256,0.019371,-0.329967
2018006380.000,Miguel,recording,shake_phone,8,1.955099,7.028009,6.489617,0.246730,0.015648,-0.335973
2018006390.000,Miguel,recording,shake_phone,8,1.899783,7.032895,6.446931,0.268626,-0.001224,-0.343077
2018006400.000,Miguel,recording,shake_phone,8,1.860753,7.072867,6.386033,0.291260,-0.031101,-0.351252
2018006410.000,Miguel,recording,shake_phone,8,1.878407,7.120841,6.315833,0.312229,-0.068480,-0.362168
2018006420.000,Miguel,recording,shake_phone,8,1.948268,7.151003,6.266336,0.329952,-0.108790,-0.378531
2018006430.000,Miguel,recording,shake_phone,8,1.996524,7.189083,6.237012,0.345251,-0.152146,-0.399793
2018006440.000,Miguel,recording,shake_phone,8,2.042022,7.246287,6.239856,0.359853,-0.199831,-0.425780
2018006450.000,Miguel,recording,shake_phone,8,2.112501,7.261455,6.263541,0.375661,-0.253815,-0.457911
2018006460.000,Miguel,recording,shake_phone,8,2.219732,7.282570,6.266394,0.393739,-0.318586,-0.498863
2018006470.000,Miguel,recording,shake_phone,8,2.389504,7.306457,6.274225,0.414913,-0.407918,-0.557048
2018006480.000,Miguel,recording,shake_phone,8,2.622553,7.297822,6.380747,0.443009,-0.546853,-0.642042
2018006490.000,Miguel,recording,shake_phone,8,2.842758,7.264273,6.521361,0.487037,-0.749597,-0.757180
2018006500.000,Miguel,recording,shake_phone,8,3.024490,7.243196,6.687128,0.556530,-1.013926,-0.905971
2018006510.000,Miguel,recording,shake_phone,8,3.134544,7.246040,6.949741,0.654645,-1.332497,-1.084433
2018006520.000,Miguel,recording,shake_phone,8,3.121729,7.277743,7.144015,0.776465,-1.675246,-1.271508
2018006530.000,Miguel,recording,shake_phone,8,3.006942,7.318599,7.109771,0.907821,-1.978554,-1.446254
2018006540.000,Miguel,recording,shake_phone,8,2.829748,7.394774,6.869017,1.027485,-2.186400,-1.596366
2018006550.000,Miguel,recording,shake_phone,8,2.592361,7.525399,6.490950,1.113202,-2.284841,-1.708056
2018006560.000,Miguel,recording,shake_phone,8,2.326161,7.640360,6.022859,1.152680,-2.286976,-1.773816
2018006570.000,Miguel,recording,shake_phone,8,2.067673,7.754985,5.562110,1.146529,-2.207311,-1.798568
2018006580.000,Miguel,recording,shake_phone,8,1.811614,7.875205,5.134005,1.102089,-2.058815,-1.788016
2018006590.000,Miguel,recording,shake_phone,8,1.565665,7.969436,4.794926,1.028189,-1.857434,-1.747591
2018006600.000,Miguel,recording,shake_phone,8,1.280039,8.074196,4.584307,0.935489,-1.623566,-1.683131
2018006610.000,Miguel,recording,shake_phone,8,0.947179,8.152134,4.472209,0.838513,-1.383174,-1.599384
2018006620.000,Miguel,recording,shake_phone,8,0.625771,8.206130,4.423123,0.750815,-1.160537,-1.500818
2018006630.000,Miguel,recording,shake_phone,8,0.368133,8.268546,4.343035,0.677728,-0.970219,-1.394656
2018006640.000,Miguel,recording,shake_phone,8,0.197136,8.312061,4.181084,0.614997,-0.814953,-1.289747
2018006650.000,Miguel,recording,shake_phone,8,0.106368,8.337412,4.028914,0.557261,-0.695780,-1.192619
2018006660.000,Miguel,recording,shake_phone,8,0.096339,8.353885,3.894887,0.501091,-0.612425,-1.108794
2018006670.000,Miguel,recording,shake_phone,8,0.155433,8.346647,3.740259,0.444297,-0.556260,-1.043183
2018006680.000,Miguel,recording,shake_phone,8,0.221296,8.335117,3.611437,0.385864,-0.516886,-0.997365
2018006690.000,Miguel,recording,shake_phone,8,0.217928,8.356254,3.583540,0.327441,-0.488949,-0.967633
2018006700.000,Miguel,recording,shake_phone,8,0.093674,8.404513,3.668396,0.275471,-0.470566,-0.944626
2018006710.000,Miguel,recording,shake_phone,8,-0.074959,8.443454,3.777951,0.234968,-0.459251,-0.915902
2018006720.000,Miguel,recording,shake_phone,8,-0.193299,8.453621,3.876405,0.205188,-0.445225,-0.874883
2018006730.000,Miguel,recording,shake_phone,8,-0.238815,8.460614,3.965044,0.184242,-0.417908,-0.824135
2018006740.000,Miguel,recording,shake_phone,8,-0.223253,8.472461,3.998080,0.169202,-0.375839,-0.769992
2018006750.000,Miguel,recording,shake_phone,8,-0.186588,8.475051,3.937151,0.152806,-0.319833,-0.719876
2018006760.000,Miguel,recording,shake_phone,8,-0.172755,8.448179,3.864676,0.130497,-0.252845,-0.678848
2018006770.000,Miguel,recording,shake_phone,8,-0.150406,8.414050,3.828977,0.103298,-0.183538,-0.649151
2018006780.000,Miguel,recording,shake_phone,8,-0.166002,8.356435,3.834505,0.075710,-0.119197,-0.631789
2018006790.000,Miguel,recording,shake_phone,8,-0.300852,8.306427,3.838370,0.052214,-0.064383,-0.626399
2018006800.000,Miguel,recording,shake_phone,8,-0.537539,8.231350,3.870829,0.036481,-0.027562,-0.630324
2018006810.000,Miguel,recording,shake_phone,8,-0.940860,8.101179,3.976483,0.040160,-0.028051,-0.637873
2018006820.000,Miguel,recording,shake_phone,8,-1.596412,7.934613,4.165068,0.082860,-0.091813,-0.640954
2018006830.000,Miguel,recording,shake_phone,8,-2.662600,7.669314,4.428512,0.179670,-0.255836,-0.615278
2018006840.000,Miguel,recording,shake_phone,8,-3.986350,7.499066,4.528080,0.327734,-0.559371,-0.523954
2018006850.000,Miguel,recording,shake_phone,8,-5.687411,7.687373,4.291948,0.511355,-0.966316,-0.339178
2018006860.000,Miguel,recording,shake_phone,8,-8.195766,8.088296,3.471097,0.692786,-1.363016,-0.036027
2018006870.000,Miguel,recording,shake_phone,8,-11.388825,8.568384,1.946105,0.785780,-1.650362,0.424405
2018006880.000,Miguel,recording,shake_phone,8,-13.718698,8.786231,0.473632,0.715625,-1.806619,1.071662
2018006890.000,Miguel,recording,shake_phone,8,-12.787123,8.113440,-0.060636,0.503720,-1.821569,1.865873
2018006900.000,Miguel,recording,shake_phone,8,-8.936245,6.715718,-0.004957,0.221324,-1.593228,2.689233
2018006910.000,Miguel,recording,shake_phone,8,-3.183105,5.530003,-0.457450,-0.127673,-1.024518,3.381685
2018006920.000,Miguel,recording,shake_phone,8,3.718956,5.148517,-1.007149,-0.588224,-0.175700,3.783789
2018006930.000,Miguel,recording,shake_phone,8,10.884772,5.659540,-0.642927,-1.130402,0.750966,3.759435
2018006940.000,Miguel,recording,shake_phone,8,17.417841,6.774935,1.300027,-1.635435,1.496718,3.206375
2018006950.000,Miguel,recording,shake_phone,8,22.601992,7.815332,4.215530,-1.982094,1.848327,2.112694
2018006960.000,Miguel,recording,shake_phone,8,24.548334,8.375629,7.264780,-2.081141,1.768325,0.631511
2018006970.000,Miguel,recording,shake_phone,8,21.347140,8.324118,10.395601,-1.868274,1.334876,-0.907694
2018006980.000,Miguel,recording,shake_phone,8,14.387051,7.842937,13.216149,-1.333604,0.547774,-2.150153
2018006990.000,Miguel,recording,shake_phone,8,6.465576,7.971895,14.822360,-0.563574,-0.539345,-2.893737
2018007000.000,Miguel,recording,shake_phone,8,-0.977328,9.003647,14.188129,0.254458,-1.556187,-3.085658
2018007010.000,Miguel,recording,shake_phone,8,-7.546102,9.951524,11.373427,0.898022,-2.071052,-2.749370
2018007020.000,Miguel,recording,shake_phone,8,-12.701605,9.714230,7.202306,1.207380,-2.012873,-1.962340
2018007030.000,Miguel,recording,shake_phone,8,-15.734339,8.631512,3.634463,1.168694,-1.615678,-0.855057
2018007040.000,Miguel,recording,shake_phone,8,-16.877738,7.508763,1.669941,0.918555,-1.156262,0.396780
2018007050.000,Miguel,recording,shake_phone,8,-16.133935,6.494180,1.049605,0.636400,-0.828529,1.617180
2018007060.000,Miguel,recording,shake_phone,8,-12.787884,5.343772,0.880284,0.423391,-0.631835,2.665614
2018007070.000,Miguel,recording,shake_phone,8,-7.300438,4.299316,0.407226,0.272573,-0.432008,3.435057
2018007080.000,Miguel,recording,shake_phone,8,-1.121560,3.901694,0.144208,0.149925,-0.185217,3.862208
2018007090.000,Miguel,recording,shake_phone,8,4.890786,4.178549,0.454494,0.052071,0.057573,3.917358
2018007100.000,Miguel,recording,shake_phone,8,10.070471,4.939092,0.894221,-0.022505,0.244699,3.587943
2018007110.000,Miguel,recording,shake_phone,8,13.151518,5.915749,1.158536,-0.104133,0.319734,2.947342
2018007120.000,Miguel,recording,shake_phone,8,13.796905,6.976615,1.349983,-0.253974,0.267694,2.165188
2018007130.000,Miguel,recording,shake_phone,8,13.137000,7.988830,1.818365,-0.513635,0.219755,1.422905
2018007140.000,Miguel,recording,shake_phone,8,11.855956,8.394735,2.829296,-0.840236,0.362426,0.845708
2018007150.000,Miguel,recording,shake_phone,8,9.988614,8.287557,4.115898,-1.144895,0.733372,0.477992
2018007160.000,Miguel,recording,shake_phone,8,7.835751,8.045172,5.276439,-1.376772,1.207140,0.299707
2018007170.000,Miguel,recording,shake_phone,8,5.906151,7.805862,6.133206,-1.528854,1.627405,0.248041
2018007180.000,Miguel,recording,shake_phone,8,4.366242,7.647094,6.740752,-1.609933,1.901365,0.251723
2018007190.000,Miguel,recording,shake_phone,8,3.207949,7.474242,7.130323,-1.630843,2.007818,0.258012
2018007200.000,Miguel,recording,shake_phone,8,2.387031,7.223938,7.483321,-1.592163,1.959777,0.244086
2018007210.000,Miguel,recording,shake_phone,8,1.899173,6.932141,8.074738,-1.479183,1.769160,0.213957
2018007220.000,Miguel,recording,shake_phone,8,1.651306,6.658956,8.857215,-1.274241,1.455837,0.185396
2018007230.000,Miguel,recording,shake_phone,8,1.491923,6.386128,9.495242,-0.971719,1.071757,0.181104
2018007240.000,Miguel,recording,shake_phone,8,1.465266,6.189804,9.726714,-0.589520,0.682809,0.215318
2018007250.000,Miguel,recording,shake_phone,8,1.707800,6.135104,9.483011,-0.174080,0.333255,0.284069
2018007260.000,Miguel,recording,shake_phone,8,2.140497,6.282084,8.817734,0.217661,0.044358,0.363653
2018007270.000,Miguel,recording,shake_phone,8,2.699773,6.572986,7.828937,0.538890,-0.168560,0.424869
2018007280.000,Miguel,recording,shake_phone,8,3.223553,6.893889,6.714800,0.757730,-0.297210,0.456027
2018007290.000,Miguel,recording,shake_phone,8,3.615834,7.203648,5.647405,0.857378,-0.342691,0.462776
2018007300.000,Miguel,recording,shake_phone,8,3.886171,7.538133,4.795847,0.838700,-0.308082,0.455694
2018007310.000,Miguel,recording,shake_phone,8,4.070744,7.770589,4.238640,0.719988,-0.201243,0.441211
2018007320.000,Miguel,recording,shake_phone,8,4.272626,7.848636,4.059579,0.533231,-0.044427,0.421384
2018007330.000,Miguel,recording,shake_phone,8,4.426930,7.840448,4.221268,0.321730,0.134442,0.399624
2018007340.000,Miguel,recording,shake_phone,8,4.434632,7.741300,4.624071,0.129833,0.318269,0.380359
2018007350.000,Miguel,recording,shake_phone,8,4.330807,7.596161,5.046561,-0.014554,0.497198,0.367286
2018007360.000,Miguel,recording,shake_phone,8,4.181318,7.424674,5.325375,-0.108267,0.658552,0.359949
2018007370.000,Miguel,recording,shake_phone,8,4.006337,7.222259,5.521859,-0.159827,0.783159,0.353203
2018007380.000,Miguel,recording,shake_phone,8,3.797925,6.998148,5.712650,-0.176471,0.850988,0.344026
2018007390.000,Miguel,recording,shake_phone,8,3.609500,6.834360,5.915411,-0.161194,0.857112,0.334620
2018007400.000,Miguel,recording,shake_phone,8,3.489784,6.750971,6.070935,-0.117109,0.814001,0.326209
2018007410.000,Miguel,recording,shake_phone,8,3.404070,6.717862,6.130608,-0.053553,0.739192,0.316936
2018007420.000,Miguel,recording,shake_phone,8,3.340936,6.730918,6.105234,0.015973,0.647418,0.308202
2018007430.000,Miguel,recording,shake_phone,8,3.273281,6.818251,6.039866,0.079714,0.548279,0.303153
2018007440.000,Miguel,recording,shake_phone,8,3.294743,6.973486,5.936136,0.130966,0.451258,0.299716
2018007450.000,Miguel,recording,shake_phone,8,3.405846,7.139381,5.802000,0.166167,0.368005,0.294927
2018007460.000,Miguel,recording,shake_phone,8,3.496986,7.246179,5.626998,0.183230,0.306449,0.288711
2018007470.000,Miguel,recording,shake_phone,8,3.541409,7.343477,5.480390,0.180682,0.263000,0.279581
2018007480.000,Miguel,recording,shake_phone,8,3.573708,7.439045,5.397911,0.159430,0.222807,0.264449
2018007490.000,Miguel,recording,shake_phone,8,3.712861,7.501984,5.368145,0.123575,0.174082,0.241352
2018007500.000,Miguel,recording,shake_phone,8,3.902645,7.458095,5.396992,0.078168,0.120560,0.211707
2018007510.000,Miguel,recording,shake_phone,8,4.042662,7.364189,5.537435,0.032999,0.072519,0.178334
2018007520.000,Miguel,recording,shake_phone,8,4.076370,7.326952,5.795213,0.002272,0.035985,0.141343
2018007530.000,Miguel,recording,shake_phone,8,3.995389,7.304699,6.088302,0.000043,0.014701,0.101546
2018007540.000,Miguel,recording,shake_phone,8,3.848192,7.233216,6.288370,0.029135,0.006914,0.065564
2018007550.000,Miguel,recording,shake_phone,8,3.757421,7.124829,6.240959,0.074065,0.007421,0.040249
2018007560.000,Miguel,recording,shake_phone,8,3.771124,7.058132,6.039496,0.113102,0.014582,0.025769
2018007570.000,Miguel,recording,shake_phone,8,3.778042,7.063909,5.854772,0.133391,0.030579,0.016468
2018007580.000,Miguel,recording,shake_phone,8,3.711439,7.110534,5.758689,0.137459,0.055668,0.008032
2018007590.000,Miguel,recording,shake_phone,8,3.564316,7.145049,5.736010,0.134218,0.083188,0.003629
2018007600.000,Miguel,recording,shake_phone,8,3.416749,7.166491,5.738799,0.130227,0.104517,0.005949
2018007610.000,Miguel,recording,shake_phone,8,3.317378,7.184961,5.730317,0.127816,0.113092,0.013405
2018007620.000,Miguel,recording,shake_phone,8,3.238617,7.199256,5.712844,0.125134,0.106862,0.024324
2018007630.000,Miguel,recording,shake_phone,8,3.174666,7.218223,5.705271,0.123334,0.091429,0.035831
2018007640.000,Miguel,recording,shake_phone,8,3.121390,7.216225,5.724220,0.124582,0.075927,0.045839
2018007650.000,Miguel,recording,shake_phone,8,3.116798,7.205046,5.763797,0.128250,0.069325,0.055479
2018007660.000,Miguel,recording,shake_phone,8,3.169252,7.165673,5.722677,0.130870,0.073941,0.066470
2018007670.000,Miguel,recording,shake_phone,8,3.234449,7.126136,5.658644,0.128777,0.084223,0.076894
2018007680.000,Miguel,recording,shake_phone,8,3.241151,7.113653,5.662325,0.124983,0.093017,0.083853
2018007690.000,Miguel,recording,shake_phone,8,3.207900,7.103946,5.713891,0.126529,0.096188,0.086564
2018007700.000,Miguel,recording,shake_phone,8,3.197111,7.100348,5.712551,0.136196,0.089436,0.085412
2018007710.000,Miguel,recording,shake_phone,8,3.171962,7.081248,5.617376,0.147818,0.065235,0.082460
2018007720.000,Miguel,recording,shake_phone,8,3.139795,7.055781,5.496872,0.152365,0.022479,0.079961
2018007730.000,Miguel,recording,shake_phone,8,3.103208,7.067173,5.411655,0.147221,-0.028837,0.079106
2018007740.000,Miguel,recording,shake_phone,8,3.109981,7.108146,5.388558,0.136217,-0.070757,0.079936
2018007750.000,Miguel,recording,shake_phone,8,3.173634,7.139183,5.402705,0.123214,-0.090817,0.081620
2018007760.000,Miguel,recording,shake_phone,8,3.230676,7.149071,5.429047,0.109034,-0.087354,0.083846
2018007770.000,Miguel,recording,shake_phone,8,3.290030,7.153125,5.423126,0.093322,-0.063799,0.088943
2018007780.000,Miguel,recording,shake_phone,8,3.323968,7.156594,5.440148,0.076316,-0.031191,0.097839
2018007790.000,Miguel,recording,shake_phone,8,3.351928,7.167082,5.512794,0.060880,-0.005452,0.106427
2018007800.000,Miguel,recording,shake_phone,8,3.357776,7.194818,5.592610,0.051734,0.002507,0.110708
2018007810.000,Miguel,recording,shake_phone,8,3.345302,7.233852,5.636621,0.049507,-0.007747,0.111587
2018007820.000,Miguel,recording,shake_phone,8,3.371776,7.251461,5.616005,0.048355,-0.026589,0.113448
2018007830.000,Miguel,recording,shake_phone,8,3.478003,7.227364,5.581259,0.043033,-0.041056,0.117556
2018007840.000,Miguel,recording,shake_phone,8,3.594525,7.217095,5.581326,0.034469,-0.044403,0.120605
2018007850.000,Miguel,recording,shake_phone,8,3.648073,7.227085,5.612967,0.026773,-0.035886,0.119311
2018007860.000,Miguel,recording,shake_phone,8,3.658912,7.229409,5.663105,0.024757,-0.017381,0.116345
2018007870.000,Miguel,recording,shake_phone,8,3.683351,7.234404,5.704513,0.028986,0.003817,0.115699
2018007880.000,Miguel,recording,shake_phone,8,3.739735,7.243566,5.711819,0.035408,0.018256,0.114709
2018007890.000,Miguel,recording,shake_phone,8,3.777118,7.219146,5.710235,0.042354,0.022428,0.109161
2018007900.000,Miguel,recording,shake_phone,8,3.751707,7.209379,5.721005,0.051586,0.018010,0.098664
2018007910.000,Miguel,recording,shake_phone,8,3.695611,7.240527,5.713243,0.065814,0.007727,0.085916
2018007920.000,Miguel,recording,shake_phone,8,3.644641,7.257548,5.678133,0.083270,-0.006155,0.073541
2018007930.000,Miguel,recording,shake_phone,8,3.621390,7.250512,5.573500,0.097148,-0.020608,0.064410
2018007940.000,Miguel,recording,shake_phone,8,3.675952,7.255113,5.455081,0.099533,-0.029786,0.060471
2018007950.000,Miguel,recording,shake_phone,8,3.740001,7.261796,5.368490,0.087744,-0.027497,0.059214
2018007960.000,Miguel,recording,shake_phone,8,3.745714,7.276407,5.346964,0.068400,-0.012234,0.057953
2018007970.000,Miguel,recording,shake_phone,8,3.677816,7.295233,5.400493,0.050677,0.010689,0.057329
2018007980.000,Miguel,recording,shake_phone,8,3.606661,7.288029,5.450401,0.037978,0.031840,0.059879
2018007990.000,Miguel,recording,shake_phone,8,3.578175,7.268554,5.459080,0.028826,0.043907,0.065451
2018008000.000,Miguel,recording,shake_phone,8,3.598657,7.248199,5.451930,0.021549,0.045289,0.068853
2018008010.000,Miguel,recording,shake_phone,8,3.623026,7.255322,5.466698,0.016500,0.036453,0.067069
2018008020.000,Miguel,recording,shake_phone,8,3.609230,7.238190,5.491237,0.014373,0.019916,0.061016
2018008030.000,Miguel,recording,shake_phone,8,3.589889,7.228259,5.515140,0.015256,0.002509,0.053548
2018008040.000,Miguel,recording,shake_phone,8,3.572694,7.224280,5.531467,0.020904,-0.007936,0.048742
2018008050.000,Miguel,recording,shake_phone,8,3.551244,7.210237,5.539540,0.029506,-0.008238,0.047380
2018008060.000,Miguel,recording,shake_phone,8,3.524050,7.178861,5.524385,0.036674,-0.001582,0.049949
2018008070.000,Miguel,recording,shake_phone,8,3.517565,7.165131,5.481786,0.039942,0.010479,0.057156
2018008080.000,Miguel,recording,shake_phone,8,3.510794,7.174976,5.441369,0.037627,0.028780,0.067981
2018008090.000,Miguel,recording,shake_phone,8,3.538427,7.185257,5.406448,0.029143,0.050310,0.082817
2018008100.000,Miguel,recording,shake_phone,8,3.582889,7.190855,5.404980,0.015231,0.071027,0.100133
2018008110.000,Miguel,recording,shake_phone,8,3.652844,7.214308,5.428952,-0.000759,0.091889,0.115734
2018008120.000,Miguel,recording,shake_phone,8,3.719405,7.231116,5.482541,-0.015341,0.114591,0.126774
2018008130.000,Miguel,recording,shake_phone,8,3.703138,7.234473,5.545000,-0.024977,0.136370,0.132594
2018008140.000,Miguel,recording,shake_phone,8,3.630067,7.228601,5.615371,-0.026355,0.151682,0.133740
2018008150.000,Miguel,recording,shake_phone,8,3.568408,7.215408,5.654275,-0.019928,0.155997,0.132360
2018008160.000,Miguel,recording,shake_phone,8,3.537562,7.189448,5.658165,-0.008281,0.150652,0.130296
2018008170.000,Miguel,recording,shake_phone,8,3.520097,7.155864,5.662333,0.004464,0.142492,0.128271
2018008180.000,Miguel,recording,shake_phone,8,3.520839,7.125503,5.677490,0.017102,0.138707,0.129357
2018008190.000,Miguel,recording,shake_phone,8,3.572479,7.091478,5.671161,0.030857,0.143974,0.134603
2018008200.000,Miguel,recording,shake_phone,8,3.639645,7.078155,5.622292,0.042986,0.161410,0.139021
2018008210.000,Miguel,recording,shake_phone,8,3.647445,7.089854,5.570850,0.050046,0.187520,0.139559
2018008220.000,Miguel,recording,shake_phone,8,3.585978,7.087546,5.536026,0.051822,0.212091,0.139820
2018008230.000,Miguel,recording,shake_phone,8,3.511997,7.079601,5.527421,0.051360,0.228434,0.140465
2018008240.000,Miguel,recording,shake_phone,8,3.450501,7.103299,5.559554,0.053315,0.233598,0.136618
2018008250.000,Miguel,recording,shake_phone,8,3.375242,7.128305,5.606718,0.062172,0.223245,0.128393
2018008260.000,Miguel,recording,shake_phone,8,3.295552,7.091955,5.596710,0.077412,0.195894,0.120909
2018008270.000,Miguel,recording,shake_phone,8,3.271230,7.102981,5.555103,0.093476,0.158849,0.116755
2018008280.000,Miguel,recording,shake_phone,8,3.345385,7.107133,5.493384,0.106235,0.124462,0.112255
2018008290.000,Miguel,recording,shake_phone,8,3.457953,7.088301,5.397987,0.113355,0.103311,0.101336
2018008300.000,Miguel,recording,shake_phone,8,3.505627,7.059300,5.335641,0.114313,0.100890,0.085925
2018008310.000,Miguel,recording,shake_phone,8,3.488506,7.050101,5.286687,0.108815,0.114831,0.074188
2018008320.000,Miguel,recording,shake_phone,8,3.461150,7.037072,5.231160,0.096433,0.138298,0.069778
2018008330.000,Miguel,recording,shake_phone,8,3.421244,7.025054,5.206814,0.077408,0.166195,0.072296
2018008340.000,Miguel,recording,shake_phone,8,3.404923,7.047010,5.225384,0.052338,0.197914,0.082121
2018008350.000,Miguel,recording,shake_phone,8,3.419921,7.111356,5.304394,0.025617,0.235465,0.097124
2018008360.000,Miguel,recording,shake_phone,8,3.454918,7.169508,5.390664,0.002719,0.280547,0.112822
2018008370.000,Miguel,recording,shake_phone,8,3.495510,7.191097,5.462021,-0.015824,0.332868,0.127298
2018008380.000,Miguel,recording,shake_phone,8,3.537557,7.182199,5.519366,-0.032333,0.389405,0.141788
2018008390.000,Miguel,recording,shake_phone,8,3.542032,7.176267,5.572809,-0.049156,0.445670,0.158544
2018008400.000,Miguel,recording,shake_phone,8,3.539411,7.190750,5.607861,-0.069118,0.495659,0.178589
2018008410.000,Miguel,recording,shake_phone,8,3.549616,7.190934,5.645987,-0.093779,0.532906,0.200835
2018008420.000,Miguel,recording,shake_phone,8,3.597004,7.170142,5.714949,-0.120578,0.553926,0.222350
2018008430.000,Miguel,recording,shake_phone,8,3.693503,7.150755,5.843020,-0.142465,0.563073,0.238227
2018008440.000,Miguel,recording,shake_phone,8,3.825438,7.158341,5.984544,-0.153251,0.566682,0.243691
2018008450.000,Miguel,recording,shake_phone,8,3.929714,7.158559,6.088834,-0.150248,0.566999,0.239240
2018008460.000,Miguel,recording,shake_phone,8,3.981415,7.142273,6.141670,-0.136718,0.561149,0.230645
2018008470.000,Miguel,recording,shake_phone,8,4.047200,7.150988,6.157841,-0.120688,0.543639,0.218300
2018008480.000,Miguel,recording,shake_phone,8,4.144655,7.154172,6.166407,-0.106465,0.510318,0.194811
2018008490.000,Miguel,recording,shake_phone,8,4.170031,7.161264,6.229527,-0.089806,0.457670,0.156592
2018008500.000,Miguel,recording,shake_phone,8,4.115431,7.172760,6.282345,-0.066171,0.387131,0.109920
2018008510.000,Miguel,recording,shake_phone,8,4.025192,7.145553,6.307142,-0.038642,0.300008,0.062752
2018008520.000,Miguel,recording,shake_phone,8,3.937638,7.121610,6.342449,-0.009759,0.201510,0.019027
2018008530.000,Miguel,recording,shake_phone,8,3.890797,7.091331,6.393712,0.022195,0.107315,-0.018279
2018008540.000,Miguel,recording,shake_phone,8,3.879828,7.056389,6.448140,0.057219,0.033673,-0.047937
2018008550.000,Miguel,recording,shake_phone,8,3.861971,7.031414,6.430240,0.093293,-0.008865,-0.070654
2018008560.000,Miguel,recording,shake_phone,8,3.821148,7.038637,6.335592,0.126193,-0.019847,-0.085410
2018008570.000,Miguel,recording,shake_phone,8,3.792403,7.070148,6.203655,0.149299,-0.008212,-0.092283
2018008580.000,Miguel,recording,shake_phone,8,3.793580,7.106436,6.067723,0.158569,0.016129,-0.096194
2018008590.000,Miguel,recording,shake_phone,8,3.767630,7.136326,5.981164,0.157410,0.044220,-0.103280
2018008600.000,Miguel,recording,shake_phone,8,3.684069,7.165809,5.927986,0.151616,0.068464,-0.115123
2018008610.000,Miguel,recording,shake_phone,8,3.571659,7.166409,5.898487,0.142590,0.085891,-0.126841
2018008620.000,Miguel,recording,shake_phone,8,3.449933,7.147780,5.910809,0.133439,0.094077,-0.133692
2018008630.000,Miguel,recording,shake_phone,8,3.341985,7.112124,5.952174,0.129927,0.089772,-0.136676
2018008640.000,Miguel,recording,shake_phone,8,3.234249,7.087250,5.970446,0.135370,0.073642,-0.136825
2018008650.000,Miguel,recording,shake_phone,8,3.161648,7.094480,5.961576,0.147879,0.050114,-0.133684
2018008660.000,Miguel,recording,shake_phone,8,3.148773,7.098249,5.939792,0.163310,0.024722,-0.129924
2018008670.000,Miguel,recording,shake_phone,8,3.164949,7.110206,5.879275,0.180092,0.003284,-0.129630
2018008680.000,Miguel,recording,shake_phone,8,3.156824,7.133360,5.758418,0.193574,-0.011457,-0.132819
2018008690.000,Miguel,recording,shake_phone,8,3.133546,7.149920,5.621063,0.196074,-0.019750,-0.135097
2018008700.000,Miguel,recording,shake_phone,8,3.115613,7.163382,5.543449,0.185597,-0.021178,-0.133256
2018008710.000,Miguel,recording,shake_phone,8,3.087020,7.175077,5.528581,0.166135,-0.012977,-0.126938
2018008720.000,Miguel,recording,shake_phone,8,3.040651,7.179568,5.558823,0.142554,0.005427,-0.116942
2018008730.000,Miguel,recording,shake_phone,8,3.005517,7.199162,5.600157,0.118802,0.028889,-0.104786
2018008740.000,Miguel,recording,shake_phone,8,3.010882,7.241745,5.659493,0.099284,0.050385,-0.092788
2018008750.000,Miguel,recording,shake_phone,8,3.008100,7.241445,5.736333,0.086813,0.065909,-0.083170
2018008760.000,Miguel,recording,shake_phone,8,3.000514,7.239696,5.770671,0.081700,0.075453,-0.076214
2018008770.000,Miguel,recording,shake_phone,8,3.011037,7.248750,5.771872,0.082509,0.079651,-0.071610
2018008780.000,Miguel,recording,shake_phone,8,3.049539,7.246525,5.756357,0.085951,0.079027,-0.072124
2018008790.000,Miguel,recording,shake_phone,8,3.065787,7.236575,5.747046,0.089753,0.072886,-0.078887
2018008800.000,Miguel,recording,shake_phone,8,3.047593,7.223746,5.752549,0.094109,0.060590,-0.086675
2018008810.000,Miguel,recording,shake_phone,8,2.990104,7.199624,5.760007,0.099551,0.045647,-0.089953
2018008820.000,Miguel,recording,shake_phone,8,2.956105,7.188608,5.759449,0.104405,0.035568,-0.087492
2018008830.000,Miguel,recording,shake_phone,8,2.998293,7.209651,5.759964,0.108360,0.036701,-0.080882
2018008840.000,Miguel,recording,shake_phone,8,3.054538,7.260936,5.755666,0.113481,0.048960,-0.073149
2018008850.000,Miguel,recording,shake_phone,8,3.077497,7.320415,5.727787,0.118476,0.067162,-0.067242
2018008860.000,Miguel,recording,shake_phone,8,3.073625,7.360297,5.699052,0.120150,0.085410,-0.063379
2018008870.000,Miguel,recording,shake_phone,8,3.077555,7.369405,5.659114,0.117590,0.099065,-0.061264
2018008880.000,Miguel,recording,shake_phone,8,3.103162,7.401798,5.662083,0.112130,0.107025,-0.061987
2018008890.000,Miguel,recording,shake_phone,9,3.135170,7.421073,5.682857,0.106205,0.109701,-0.065668
2018008900.000,Miguel,recording,shake_phone,9,3.147642,7.414614,5.690083,0.101982,0.107671,-0.070721
2018008910.000,Miguel,recording,shake_phone,9,3.119606,7.434277,5.704903,0.099747,0.101673,-0.075339
2018008920.000,Miguel,recording,shake_phone,9,3.115581,7.460150,5.723044,0.098994,0.093117,-0.078560
2018008930.000,Miguel,recording,shake_phone,9,3.150338,7.476356,5.720110,0.099518,0.087049,-0.081897
2018008940.000,Miguel,recording,shake_phone,9,3.194934,7.479140,5.685272,0.099652,0.087310,-0.087989
2018008950.000,Miguel,recording,shake_phone,9,3.213729,7.462529,5.670243,0.098446,0.092860,-0.096660
2018008960.000,Miguel,recording,shake_phone,9,3.184396,7.461570,5.672819,0.097049,0.098738,-0.105231
2018008970.000,Miguel,recording,shake_phone,9,3.130109,7.481077,5.672023,0.096160,0.100722,-0.111837
2018008980.000,Miguel,recording,shake_phone,9,3.082336,7.491233,5.661806,0.096201,0.096118,-0.117533
2018008990.000,Miguel,recording,shake_phone,9,3.029439,7.495064,5.669357,0.098632,0.084491,-0.123159
2018009000.000,Miguel,recording,shake_phone,9,3.037090,7.505834,5.671640,0.103522,0.069976,-0.127857
2018009010.000,Miguel,recording,shake_phone,9,3.124756,7.520112,5.637039,0.109850,0.057649,-0.134363
2018009020.000,Miguel,recording,shake_phone,9,3.184783,7.538176,5.587740,0.116450,0.049637,-0.147314
2018009030.000,Miguel,recording,shake_phone,9,3.155647,7.554783,5.518055,0.119954,0.042384,-0.165008
2018009040.000,Miguel,recording,shake_phone,9,3.081813,7.562020,5.483103,0.117188,0.029865,-0.181955
2018009050.000,Miguel,recording,shake_phone,9,3.054874,7.580363,5.507366,0.110547,0.010523,-0.196070
2018009060.000,Miguel,recording,shake_phone,9,3.102270,7.599602,5.576823,0.107304,-0.009672,-0.209162
2018009070.000,Miguel,recording,shake_phone,9,3.177690,7.629244,5.640784,0.110728,-0.025029,-0.225036
2018009080.000,Miguel,recording,shake_phone,9,3.238654,7.648570,5.660245,0.118792,-0.037597,-0.246813
2018009090.000,Miguel,recording,shake_phone,9,3.239385,7.654671,5.670616,0.129332,-0.051315,-0.272641
2018009100.000,Miguel,recording,shake_phone,9,3.168471,7.664243,5.659890,0.140407,-0.066926,-0.297858
2018009110.000,Miguel,recording,shake_phone,9,3.057500,7.678098,5.630766,0.150318,-0.084295,-0.320230
2018009120.000,Miguel,recording,shake_phone,9,2.981135,7.685642,5.575330,0.156978,-0.101929,-0.338882
2018009130.000,Miguel,recording,shake_phone,9,2.942636,7.698047,5.526241,0.158308,-0.115054,-0.353689
2018009140.000,Miguel,recording,shake_phone,9,2.928404,7.689935,5.513212,0.156765,-0.121893,-0.366114
2018009150.000,Miguel,recording,shake_phone,9,2.929423,7.683622,5.559507,0.156774,-0.124160,-0.377047
2018009160.000,Miguel,recording,shake_phone,9,2.895687,7.679719,5.597985,0.160536,-0.123301,-0.387531
2018009170.000,Miguel,recording,shake_phone,9,2.849398,7.701664,5.604151,0.168735,-0.121488,-0.398075
2018009180.000,Miguel,recording,shake_phone,9,2.796795,7.721478,5.598351,0.178377,-0.120093,-0.407452
2018009190.000,Miguel,recording,shake_phone,9,2.727102,7.726472,5.585761,0.186561,-0.120912,-0.415247
2018009200.000,Miguel,recording,shake_phone,9,2.657816,7.728962,5.555892,0.192416,-0.125468,-0.420544
2018009210.000,Miguel,recording,shake_phone,9,2.632898,7.748293,5.515218,0.193835,-0.133565,-0.422192
2018009220.000,Miguel,recording,shake_phone,9,2.693318,7.779026,5.464778,0.188884,-0.141108,-0.425636
2018009230.000,Miguel,recording,shake_phone,9,2.804236,7.804845,5.483714,0.180413,-0.143892,-0.436605
2018009240.000,Miguel,recording,shake_phone,9,2.891429,7.807881,5.601513,0.177145,-0.144474,-0.455635
2018009250.000,Miguel,recording,shake_phone,9,2.941795,7.806598,5.692629,0.185571,-0.147012,-0.485023
2018009260.000,Miguel,recording,shake_phone,9,2.994633,7.809403,5.680125,0.202298,-0.156548,-0.525442
2018009270.000,Miguel,recording,shake_phone,9,2.969789,7.819778,5.636957,0.219865,-0.178214,-0.571082
2018009280.000,Miguel,recording,shake_phone,9,2.869968,7.827894,5.625754,0.234627,-0.212134,-0.614349
2018009290.000,Miguel,recording,shake_phone,9,2.766893,7.844108,5.666250,0.249407,-0.250418,-0.651675
2018009300.000,Miguel,recording,shake_phone,9,2.662170,7.871765,5.735591,0.269998,-0.281164,-0.683520
2018009310.000,Miguel,recording,shake_phone,9,2.570528,7.884712,5.809301,0.298830,-0.300150,-0.711469
2018009320.000,Miguel,recording,shake_phone,9,2.487756,7.862110,5.877452,0.336818,-0.313647,-0.735387
2018009330.000,Miguel,recording,shake_phone,9,2.358303,7.866989,5.841007,0.382145,-0.327663,-0.754904
2018009340.000,Miguel,recording,shake_phone,9,2.184694,7.938068,5.734927,0.428247,-0.342602,-0.771682
2018009350.000,Miguel,recording,shake_phone,9,2.030482,7.967905,5.615562,0.469289,-0.361474,-0.783273
2018009360.000,Miguel,recording,shake_phone,9,1.974534,7.986876,5.474495,0.503860,-0.384462,-0.790168
2018009370.000,Miguel,recording,shake_phone,9,2.038312,8.029492,5.304953,0.532487,-0.404860,-0.800213
2018009380.000,Miguel,recording,shake_phone,9,2.036684,8.076552,5.163135,0.554460,-0.420574,-0.816141
2018009390.000,Miguel,recording,shake_phone,9,1.942950,8.089798,5.034467,0.570144,-0.433602,-0.834657
2018009400.000,Miguel,recording,shake_phone,9,1.822740,8.102505,4.910589,0.580944,-0.446605,-0.852050
2018009410.000,Miguel,recording,shake_phone,9,1.661005,8.131029,4.810677,0.589017,-0.459935,-0.865231
2018009420.000,Miguel,recording,shake_phone,9,1.478635,8.179251,4.694486,0.596405,-0.467706,-0.872441
2018009430.000,Miguel,recording,shake_phone,9,1.343411,8.217305,4.493623,0.597057,-0.467600,-0.874110
2018009440.000,Miguel,recording,shake_phone,9,1.300191,8.247859,4.298730,0.583094,-0.465512,-0.872069
2018009450.000,Miguel,recording,shake_phone,9,1.284788,8.287973,4.159441,0.557844,-0.464503,-0.869423
2018009460.000,Miguel,recording,shake_phone,9,1.256044,8.318525,4.101478,0.531721,-0.462902,-0.867123
2018009470.000,Miguel,recording,shake_phone,9,1.165342,8.325142,3.990598,0.506990,-0.463648,-0.863737
2018009480.000,Miguel,recording,shake_phone,9,1.037955,8.368852,3.822000,0.477855,-0.475273,-0.859879
2018009490.000,Miguel,recording,shake_phone,9,0.956773,8.453964,3.691452,0.442982,-0.499218,-0.856533
2018009500.000,Miguel,recording,shake_phone,9,0.916894,8.524437,3.547654,0.402906,-0.524004,-0.854666
2018009510.000,Miguel,recording,shake_phone,9,0.900511,8.566745,3.430287,0.354468,-0.540749,-0.855049
2018009520.000,Miguel,recording,shake_phone,9,0.852632,8.609646,3.372739,0.296054,-0.545221,-0.855075
2018009530.000,Miguel,recording,shake_phone,9,0.789270,8.645983,3.367241,0.233034,-0.531735,-0.852951
2018009540.000,Miguel,recording,shake_phone,9,0.707959,8.678195,3.421960,0.173587,-0.501101,-0.848615
2018009550.000,Miguel,recording,shake_phone,9,0.548311,8.704868,3.546292,0.122572,-0.459707,-0.840482
2018009560.000,Miguel,recording,shake_phone,9,0.377013,8.706987,3.725291,0.082573,-0.411716,-0.827704
2018009570.000,Miguel,recording,shake_phone,9,0.297721,8.672799,3.901134,0.055100,-0.362171,-0.809671
2018009580.000,Miguel,recording,shake_phone,9,0.246519,8.620510,4.074787,0.042876,-0.318861,-0.785347
2018009590.000,Miguel,recording,shake_phone,9,0.238346,8.609131,4.205840,0.047515,-0.282846,-0.758537
2018009600.000,Miguel,recording,shake_phone,9,0.299111,8.629924,4.225302,0.063806,-0.250199,-0.737507
2018009610.000,Miguel,recording,shake_phone,9,0.383466,8.650156,4.151781,0.082730,-0.219880,-0.728694
2018009620.000,Miguel,recording,shake_phone,9,0.481671,8.673852,4.026937,0.097443,-0.194803,-0.736022
2018009630.000,Miguel,recording,shake_phone,9,0.504362,8.684631,3.929775,0.105481,-0.179007,-0.758304
2018009640.000,Miguel,recording,shake_phone,9,0.378438,8.671859,3.884012,0.108436,-0.175489,-0.787648
2018009650.000,Miguel,recording,shake_phone,9,0.218577,8.629258,3.883810,0.109556,-0.188122,-0.815877
2018009660.000,Miguel,recording,shake_phone,9,0.063224,8.553901,3.960891,0.111757,-0.215955,-0.839120
2018009670.000,Miguel,recording,shake_phone,9,-0.061165,8.491326,4.041316,0.119499,-0.252423,-0.858604
2018009680.000,Miguel,recording,shake_phone,9,-0.124602,8.482138,4.086625,0.135086,-0.291250,-0.877069
2018009690.000,Miguel,recording,shake_phone,9,-0.200712,8.477003,4.074806,0.155395,-0.329340,-0.896505
2018009700.000,Miguel,recording,shake_phone,9,-0.317581,8.462074,4.025800,0.176399,-0.367895,-0.917826
2018009710.000,Miguel,recording,shake_phone,9,-0.495732,8.488930,3.939199,0.194522,-0.408212,-0.935799
2018009720.000,Miguel,recording,shake_phone,9,-0.669134,8.523108,3.824129,0.206028,-0.448532,-0.944640
2018009730.000,Miguel,recording,shake_phone,9,-0.819028,8.521972,3.714609,0.207379,-0.484575,-0.944243
2018009740.000,Miguel,recording,shake_phone,9,-1.000083,8.509070,3.635611,0.197778,-0.510187,-0.934523
2018009750.000,Miguel,recording,shake_phone,9,-1.159119,8.538016,3.626529,0.181089,-0.524353,-0.914420
2018009760.000,Miguel,recording,shake_phone,9,-1.264350,8.542808,3.613573,0.159769,-0.529442,-0.886227
2018009770.000,Miguel,recording,shake_phone,9,-1.326729,8.509570,3.612894,0.136179,-0.524588,-0.854427
2018009780.000,Miguel,recording,shake_phone,9,-1.441197,8.474325,3.646763,0.115071,-0.509070,-0.820017
2018009790.000,Miguel,recording,shake_phone,9,-1.575348,8.438918,3.597503,0.096611,-0.485549,-0.783323
2018009800.000,Miguel,recording,shake_phone,9,-1.661697,8.439456,3.521226,0.076384,-0.465514,-0.746410
2018009810.000,Miguel,recording,shake_phone,9,-1.773720,8.406553,3.530034,0.054943,-0.464824,-0.709010
2018009820.000,Miguel,recording,shake_phone,9,-1.977869,8.338948,3.575067,0.040561,-0.495498,-0.667932
2018009830.000,Miguel,recording,shake_phone,9,-2.155243,8.334125,3.620735,0.037478,-0.563381,-0.618486
2018009840.000,Miguel,recording,shake_phone,9,-2.229716,8.370900,3.661693,0.044438,-0.661100,-0.560393
2018009850.000,Miguel,recording,shake_phone,9,-2.248714,8.360567,3.654705,0.057925,-0.774704,-0.499039
2018009860.000,Miguel,recording,shake_phone,9,-2.208814,8.353002,3.564427,0.069307,-0.897182,-0.442046
2018009870.000,Miguel,recording,shake_phone,9,-2.213459,8.424875,3.431454,0.069417,-1.027058,-0.393168
2018009880.000,Miguel,recording,shake_phone,9,-2.309429,8.483461,3.258782,0.052466,-1.158610,-0.344925
2018009890.000,Miguel,recording,shake_phone,9,-2.450175,8.507563,3.103247,0.015201,-1.272614,-0.285962
2018009900.000,Miguel,recording,shake_phone,9,-2.556221,8.467781,3.012523,-0.041159,-1.348468,-0.212940
2018009910.000,Miguel,recording,shake_phone,9,-2.715679,8.404339,3.043937,-0.106383,-1.388566,-0.124038
2018009920.000,Miguel,recording,shake_phone,9,-3.067239,8.333875,3.164047,-0.163593,-1.423427,-0.007864
2018009930.000,Miguel,recording,shake_phone,9,-3.572371,8.266212,3.210781,-0.204355,-1.497868,0.152311
2018009940.000,Miguel,recording,shake_phone,9,-3.725342,8.320056,3.076461,-0.244395,-1.623305,0.361813
2018009950.000,Miguel,recording,shake_phone,9,-3.122700,8.411711,2.822903,-0.310787,-1.751733,0.597415
2018009960.000,Miguel,recording,shake_phone,9,-1.843590,8.294095,2.514178,-0.418528,-1.832960,0.812467
2018009970.000,Miguel,recording,shake_phone,9,-0.050155,8.052628,2.281063,-0.568318,-1.865140,0.958394
2018009980.000,Miguel,recording,shake_phone,9,2.040831,8.046075,2.498126,-0.742503,-1.864026,1.007558
2018009990.000,Miguel,recording,shake_phone,9,4.481169,8.461063,3.183662,-0.906999,-1.788051,0.951337
2018010000.000,Miguel,recording,shake_phone,9,6.906484,9.059085,3.891953,-1.039761,-1.525740,0.778662
2018010010.000,Miguel,recording,shake_phone,9,8.671528,9.442855,4.367407,-1.146241,-1.002647,0.489839
2018010020.000,Miguel,recording,shake_phone,9,9.388750,9.511748,4.763768,-1.239486,-0.274276,0.112269
2018010030.000,Miguel,recording,shake_phone,9,9.074342,9.377848,5.421976,-1.309189,0.484925,-0.318147
2018010040.000,Miguel,recording,shake_phone,9,7.976425,9.174507,6.478706,-1.315101,1.066170,-0.771365
2018010050.000,Miguel,recording,shake_phone,9,6.065813,8.863788,7.668229,-1.221147,1.317139,-1.212964
2018010060.000,Miguel,recording,shake_phone,9,2.980010,8.403817,8.763823,-1.013546,1.165255,-1.590280
2018010070.000,Miguel,recording,shake_phone,9,-1.004071,8.448637,9.825970,-0.674417,0.661524,-1.829022
2018010080.000,Miguel,recording,shake_phone,9,-5.714905,8.901579,10.661760,-0.194911,0.012566,-1.842626
2018010090.000,Miguel,recording,shake_phone,9,-10.621513,8.801712,10.494008,0.362186,-0.542341,-1.555623
2018010100.000,Miguel,recording,shake_phone,9,-14.879331,8.204429,8.902289,0.862169,-0.859501,-0.932370
2018010110.000,Miguel,recording,shake_phone,9,-17.438313,7.725142,6.445334,1.180994,-0.916833,-0.016863
2018010120.000,Miguel,recording,shake_phone,9,-17.282695,7.105491,3.979336,1.284945,-0.790053,1.048313
2018010130.000,Miguel,recording,shake_phone,9,-14.446829,6.167601,1.820849,1.223705,-0.592896,2.069367
2018010140.000,Miguel,recording,shake_phone,9,-9.067981,5.342330,-0.210229,1.044974,-0.378314,2.875502
2018010150.000,Miguel,recording,shake_phone,9,-2.120226,4.986627,-1.920610,0.748899,-0.103551,3.355094
2018010160.000,Miguel,recording,shake_phone,9,4.307931,5.416349,-3.152736,0.304637,0.254244,3.434424
2018010170.000,Miguel,recording,shake_phone,9,8.826892,6.285889,-3.094257,-0.267070,0.566279,3.094138
2018010180.000,Miguel,recording,shake_phone,9,11.100081,7.052902,-1.066021,-0.809854,0.663599,2.453316
2018010190.000,Miguel,recording,shake_phone,9,11.400369,7.949565,2.386047,-1.146779,0.593088,1.713408
2018010200.000,Miguel,recording,shake_phone,9,10.436360,8.881191,5.737696,-1.231091,0.564095,1.031768
2018010210.000,Miguel,recording,shake_phone,9,8.969806,9.281509,7.542157,-1.147528,0.692997,0.493417
2018010220.000,Miguel,recording,shake_phone,9,7.082448,9.184755,8.128752,-1.010871,0.933852,0.126167
2018010230.000,Miguel,recording,shake_phone,9,4.931426,8.796843,8.331035,-0.873300,1.152647,-0.078856
2018010240.000,Miguel,recording,shake_phone,9,2.808614,8.265753,8.525469,-0.726572,1.202322,-0.150865
2018010250.000,Miguel,recording,shake_phone,9,1.200626,8.065408,8.798502,-0.544745,1.024571,-0.125676
2018010260.000,Miguel,recording,shake_phone,9,0.412420,8.222105,8.741243,-0.334836,0.727427,-0.051234
2018010270.000,Miguel,recording,shake_phone,9,0.160888,8.363474,8.223712,-0.133705,0.485137,0.027826
2018010280.000,Miguel,recording,shake_phone,9,0.019709,8.352962,7.633310,0.035938,0.378328,0.098530
2018010290.000,Miguel,recording,shake_phone,9,-0.167915,8.233651,7.117357,0.176218,0.384058,0.174185
2018010300.000,Miguel,recording,shake_phone,9,-0.259729,8.085304,6.615922,0.294619,0.447738,0.268175
2018010310.000,Miguel,recording,shake_phone,9,-0.146008,8.021357,6.084488,0.390514,0.536728,0.376416
2018010320.000,Miguel,recording,shake_phone,9,0.178351,8.022808,5.572484,0.458462,0.645415,0.479016
2018010330.000,Miguel,recording,shake_phone,9,0.555813,8.017936,5.151341,0.497729,0.762173,0.554726
2018010340.000,Miguel,recording,shake_phone,9,0.773328,8.031368,4.809644,0.512586,0.850261,0.595689
2018010350.000,Miguel,recording,shake_phone,9,0.819443,8.063804,4.511864,0.505541,0.872339,0.608959
2018010360.000,Miguel,recording,shake_phone,9,0.788164,8.096496,4.263321,0.475449,0.821324,0.607290
2018010370.000,Miguel,recording,shake_phone,9,0.711677,8.116876,4.149385,0.423338,0.721414,0.599712
2018010380.000,Miguel,recording,shake_phone,9,0.615623,8.143530,4.184964,0.361037,0.613740,0.592348
2018010390.000,Miguel,recording,shake_phone,9,0.593912,8.171670,4.247109,0.301717,0.533371,0.590422
2018010400.000,Miguel,recording,shake_phone,9,0.683209,8.146467,4.260561,0.245288,0.493007,0.595718
2018010410.000,Miguel,recording,shake_phone,9,0.796387,8.107124,4.237537,0.185014,0.487541,0.608732
2018010420.000,Miguel,recording,shake_phone,9,0.836797,8.021021,4.252106,0.122661,0.508822,0.629429
2018010430.000,Miguel,recording,shake_phone,9,0.869500,7.944100,4.313471,0.069538,0.549757,0.655102
2018010440.000,Miguel,recording,shake_phone,9,0.930593,7.889560,4.340327,0.028384,0.593803,0.681524
2018010450.000,Miguel,recording,shake_phone,9,0.958513,7.863975,4.344995,-0.007542,0.619101,0.704813
2018010460.000,Miguel,recording,shake_phone,9,0.998385,7.860731,4.319891,-0.041367,0.611784,0.721698
2018010470.000,Miguel,recording,shake_phone,9,1.091559,7.893604,4.336300,-0.073046,0.574857,0.730846
2018010480.000,Miguel,recording,shake_phone,9,1.247194,7.943562,4.418367,-0.101720,0.522310,0.734775
2018010490.000,Miguel,recording,shake_phone,9,1.413389,8.036449,4.527105,-0.127354,0.469111,0.735656
2018010500.000,Miguel,recording,shake_phone,9,1.536087,8.176596,4.664920,-0.152079,0.429928,0.733999
2018010510.000,Miguel,recording,shake_phone,9,1.710639,8.278999,4.868951,-0.176067,0.408706,0.730521
2018010520.000,Miguel,recording,shake_phone,9,1.853845,8.305445,5.096701,-0.193146,0.402818,0.724124
2018010530.000,Miguel,recording,shake_phone,9,1.895243,8.303056,5.315953,-0.196918,0.409742,0.715054
2018010540.000,Miguel,recording,shake_phone,9,1.923369,8.322746,5.488277,-0.186478,0.419081,0.705444
2018010550.000,Miguel,recording,shake_phone,9,2.023709,8.385246,5.583976,-0.164699,0.418628,0.691413
2018010560.000,Miguel,recording,shake_phone,9,2.135763,8.394967,5.613723,-0.135956,0.402090,0.666900
2018010570.000,Miguel,recording,shake_phone,9,2.178615,8.328673,5.593040,-0.105085,0.369579,0.635154
2018010580.000,Miguel,recording,shake_phone,9,2.169289,8.252858,5.608969,-0.073211,0.324381,0.602382
2018010590.000,Miguel,recording,shake_phone,9,2.138175,8.220620,5.694809,-0.035206,0.270183,0.571105
2018010600.000,Miguel,recording,shake_phone,9,2.149351,8.179081,5.777528,0.014281,0.209843,0.543066
2018010610.000,Miguel,recording,shake_phone,9,2.283018,8.109013,5.745699,0.073201,0.148810,0.514868
2018010620.000,Miguel,recording,shake_phone,9,2.482371,8.029787,5.623979,0.132647,0.095740,0.479782
2018010630.000,Miguel,recording,shake_phone,9,2.630457,7.974178,5.457553,0.183850,0.052954,0.434991
2018010640.000,Miguel,recording,shake_phone,9,2.685937,7.949930,5.286403,0.221517,0.017510,0.383654
2018010650.000,Miguel,recording,shake_phone,9,2.645578,7.943465,5.169129,0.245797,-0.014423,0.332154
2018010660.000,Miguel,recording,shake_phone,9,2.589229,7.970078,5.094457,0.258696,-0.044065,0.287772
2018010670.000,Miguel,recording,shake_phone,9,2.578492,7.996798,5.053141,0.258954,-0.063832,0.255838
2018010680.000,Miguel,recording,shake_phone,9,2.590741,7.990699,5.006927,0.247777,-0.063518,0.234518
2018010690.000,Miguel,recording,shake_phone,9,2.529042,7.999340,5.027217,0.230210,-0.042299,0.220087
2018010700.000,Miguel,recording,shake_phone,9,2.375158,8.040823,5.130691,0.214598,-0.008311,0.211737
2018010710.000,Miguel,recording,shake_phone,9,2.263187,8.083796,5.242038,0.211781,0.026293,0.208616
2018010720.000,Miguel,recording,shake_phone,9,2.241978,8.099797,5.231648,0.220965,0.053233,0.208492
2018010730.000,Miguel,recording,shake_phone,9,2.250782,8.077075,5.080193,0.227155,0.071054,0.209028
2018010740.000,Miguel,recording,shake_phone,9,2.290001,8.079358,4.949247,0.221654,0.082176,0.208297
2018010750.000,Miguel,recording,shake_phone,9,2.301614,8.089046,4.910481,0.210197,0.090173,0.204041
2018010760.000,Miguel,recording,shake_phone,9,2.304957,8.103293,4.955617,0.203064,0.099158,0.195288
2018010770.000,Miguel,recording,shake_phone,9,2.347961,8.119867,4.990677,0.203248,0.112652,0.185655
2018010780.000,Miguel,recording,shake_phone,9,2.358465,8.117581,4.941412,0.203935,0.126178,0.182424
2018010790.000,Miguel,recording,shake_phone,9,2.359493,8.095988,4.847811,0.196895,0.134238,0.187341
2018010800.000,Miguel,recording,shake_phone,9,2.395999,8.107623,4.795880,0.181637,0.137514,0.193714
2018010810.000,Miguel,recording,shake_phone,9,2.411992,8.166916,4.851792,0.166642,0.140153,0.195388
2018010820.000,Miguel,recording,shake_phone,9,2.382938,8.195924,4.922402,0.159334,0.145298,0.193670
2018010830.000,Miguel,recording,shake_phone,9,2.370550,8.198669,4.922101,0.158530,0.150782,0.192815
2018010840.000,Miguel,recording,shake_phone,9,2.367918,8.183615,4.861311,0.158828,0.151028,0.191318
2018010850.000,Miguel,recording,shake_phone,9,2.342077,8.163666,4.807692,0.158241,0.143738,0.186484
2018010860.000,Miguel,recording,shake_phone,9,2.317074,8.140860,4.771154,0.158870,0.131139,0.181174
2018010870.000,Miguel,recording,shake_phone,9,2.280568,8.138655,4.748398,0.162094,0.116195,0.177908
2018010880.000,Miguel,recording,shake_phone,9,2.272651,8.156474,4.724651,0.166087,0.101990,0.176976
2018010890.000,Miguel,recording,shake_phone,9,2.275103,8.153294,4.642692,0.167698,0.089971,0.178413
2018010900.000,Miguel,recording,shake_phone,9,2.270439,8.135171,4.531522,0.163293,0.080617,0.181321
2018010910.000,Miguel,recording,shake_phone,9,2.272631,8.149181,4.459596,0.153297,0.072872,0.185870
2018010920.000,Miguel,recording,shake_phone,9,2.280764,8.216921,4.436885,0.141016,0.065821,0.193523
2018010930.000,Miguel,recording,shake_phone,9,2.334828,8.298621,4.341528,0.125191,0.064830,0.204335
2018010940.000,Miguel,recording,shake_phone,9,2.444707,8.341563,4.214091,0.098837,0.076552,0.214012
2018010950.000,Miguel,recording,shake_phone,9,2.526686,8.371303,4.143649,0.058906,0.098244,0.216872
2018010960.000,Miguel,recording,shake_phone,9,2.518316,8.367384,4.177144,0.012756,0.122499,0.213856
2018010970.000,Miguel,recording,shake_phone,9,2.438547,8.351360,4.272556,-0.030184,0.143126,0.209310
2018010980.000,Miguel,recording,shake_phone,9,2.357658,8.300682,4.366797,-0.064301,0.155771,0.205770
2018010990.000,Miguel,recording,shake_phone,9,2.344902,8.257934,4.419243,-0.089910,0.160407,0.204617
2018011000.000,Miguel,recording,shake_phone,9,2.388157,8.224646,4.438210,-0.111782,0.162657,0.205163
2018011010.000,Miguel,recording,shake_phone,9,2.446119,8.183863,4.449393,-0.133069,0.168863,0.205540
2018011020.000,Miguel,recording,shake_phone,9,2.482494,8.155018,4.491788,-0.150991,0.176385,0.205066
2018011030.000,Miguel,recording,shake_phone,9,2.457426,8.146666,4.620634,-0.159801,0.177971,0.204831
2018011040.000,Miguel,recording,shake_phone,9,2.441184,8.147827,4.686299,-0.159121,0.171431,0.206524
2018011050.000,Miguel,recording,shake_phone,9,2.514292,8.140587,4.614070,-0.157850,0.161406,0.208819
2018011060.000,Miguel,recording,shake_phone,9,2.646354,8.131462,4.517793,-0.167061,0.155408,0.205351
2018011070.000,Miguel,recording,shake_phone,9,2.735806,8.118369,4.542887,-0.186148,0.154931,0.193127
2018011080.000,Miguel,recording,shake_phone,9,2.703224,8.116360,4.704718,-0.202372,0.154054,0.177225
2018011090.000,Miguel,recording,shake_phone,9,2.604357,8.109372,4.870788,-0.204931,0.146541,0.162797
2018011100.000,Miguel,recording,shake_phone,9,2.513694,8.090634,4.973907,-0.195119,0.130729,0.152832
2018011110.000,Miguel,recording,shake_phone,9,2.491752,8.052318,5.016731,-0.181509,0.110850,0.149018
2018011120.000,Miguel,recording,shake_phone,9,2.545692,8.013660,5.053363,-0.168825,0.092987,0.148482
2018011130.000,Miguel,recording,shake_phone,9,2.578183,7.992796,5.124016,-0.154935,0.081706,0.146598
2018011140.000,Miguel,recording,shake_phone,9,2.564375,7.995048,5.214312,-0.136409,0.078496,0.145612
2018011150.000,Miguel,recording,shake_phone,9,2.563199,7.958909,5.219137,-0.116647,0.080589,0.151100
2018011160.000,Miguel,recording,shake_phone,9,2.627007,7.909109,5.149832,-0.104050,0.086654,0.160743
2018011170.000,Miguel,recording,shake_phone,9,2.678136,7.921589,5.129970,-0.100942,0.097649,0.167220
2018011180.000,Miguel,recording,shake_phone,9,2.654053,7.936340,5.214616,-0.101559,0.111274,0.167684
2018011190.000,Miguel,recording,shake_phone,9,2.663353,7.911316,5.314905,-0.098642,0.123795,0.165549
2018011200.000,Miguel,recording,shake_phone,9,2.729390,7.856727,5.343923,-0.092102,0.136202,0.163012
2018011210.000,Miguel,recording,shake_phone,9,2.757586,7.829281,5.339332,-0.086121,0.149060,0.157471
2018011220.000,Miguel,recording,shake_phone,9,2.709483,7.844231,5.374887,-0.079138,0.154820,0.147724
2018011230.000,Miguel,recording,shake_phone,9,2.619204,7.872456,5.462384,-0.064954,0.147831,0.138609
2018011240.000,Miguel,recording,shake_phone,9,2.562016,7.845002,5.479994,-0.042967,0.132332,0.137837
2018011250.000,Miguel,recording,shake_phone,9,2.646499,7.788694,5.396214,-0.023112,0.117443,0.145404
2018011260.000,Miguel,recording,shake_phone,9,2.792010,7.767941,5.306825,-0.012033,0.111241,0.150865
2018011270.000,Miguel,recording,shake_phone,9,2.830518,7.775665,5.291515,-0.006656,0.115508,0.147082
2018011280.000,Miguel,recording,shake_phone,9,2.769526,7.775386,5.309578,-0.003209,0.124016,0.138647
2018011290.000,Miguel,recording,shake_phone,9,2.663618,7.759458,5.332712,-0.000547,0.128297,0.136467
2018011300.000,Miguel,recording,shake_phone,9,2.578409,7.750086,5.321697,0.000837,0.129183,0.145646
2018011310.000,Miguel,recording,shake_phone,9,2.562632,7.758748,5.296656,-0.000449,0.132623,0.160942
2018011320.000,Miguel,recording,shake_phone,9,2.604015,7.791577,5.311685,-0.002260,0.139916,0.176007
2018011330.000,Miguel,recording,shake_phone,9,2.680472,7.849367,5.342959,0.000285,0.150266,0.187606
2018011340.000,Miguel,recording,shake_phone,9,2.750630,7.882884,5.340878,0.008530,0.160859,0.192702
2018011350.000,Miguel,recording,shake_phone,9,2.756891,7.871618,5.289939,0.018668,0.166489,0.190551
2018011360.000,Miguel,recording,shake_phone,9,2.753085,7.874410,5.212643,0.025790,0.161662,0.182846
2018011370.000,Miguel,recording,shake_phone,9,2.813316,7.881439,5.151223,0.028609,0.146836,0.169952
2018011380.000,Miguel,recording,shake_phone,9,2.877934,7.868251,5.091747,0.029212,0.128133,0.151087
2018011390.000,Miguel,recording,shake_phone,9,2.878751,7.852516,5.062538,0.030796,0.108366,0.127867
2018011400.000,Miguel,recording,shake_phone,9,2.822629,7.837861,5.039732,0.033246,0.086315,0.104576
2018011410.000,Miguel,recording,shake_phone,9,2.744502,7.848276,5.019700,0.035360,0.059883,0.084966
2018011420.000,Miguel,recording,shake_phone,9,2.673930,7.858041,4.987073,0.037640,0.029870,0.071781
2018011430.000,Miguel,recording,shake_phone,9,2.651288,7.855131,4.909734,0.035738,0.004274,0.066227
2018011440.000,Miguel,recording,shake_phone,9,2.707095,7.852192,4.807067,0.023945,-0.008279,0.065074
2018011450.000,Miguel,recording,shake_phone,9,2.754385,7.857560,4.785004,0.004598,-0.005811,0.065278
2018011460.000,Miguel,recording,shake_phone,9,2.782678,7.886582,4.809236,-0.015774,0.009041,0.067093
2018011470.000,Miguel,recording,shake_phone,9,2.771098,7.900796,4.813449,-0.035278,0.032221,0.071304
2018011480.000,Miguel,recording,shake_phone,9,2.752079,7.900103,4.834451,-0.055930,0.058538,0.078551
2018011490.000,Miguel,recording,shake_phone,9,2.779435,7.888861,4.909154,-0.075957,0.081391,0.086508
2018011500.000,Miguel,recording,shake_phone,9,2.774758,7.902374,5.020356,-0.088553,0.098428,0.091281
2018011510.000,Miguel,recording,shake_phone,9,2.727646,7.892056,5.093062,-0.091221,0.110877,0.092112
2018011520.000,Miguel,recording,shake_phone,9,2.678371,7.849766,5.100900,-0.089081,0.116953,0.091148
2018011530.000,Miguel,recording,shake_phone,9,2.637403,7.830515,5.076751,-0.088019,0.115590,0.091269
2018011540.000,Miguel,recording,shake_phone,9,2.601440,7.803427,5.067593,-0.088447,0.108330,0.092739
2018011550.000,Miguel,recording,shake_phone,9,2.551428,7.783667,5.099805,-0.087001,0.096168,0.093848
2018011560.000,Miguel,recording,shake_phone,9,2.508620,7.765440,5.153916,-0.081313,0.078543,0.096286
2018011570.000,Miguel,recording,shake_phone,9,2.506369,7.730410,5.182215,-0.072694,0.057612,0.103083
2018011580.000,Miguel,recording,shake_phone,9,2.589016,7.683031,5.162202,-0.066825,0.040546,0.112473
2018011590.000,Miguel,recording,shake_phone,9,2.734533,7.652089,5.145304,-0.066728,0.034322,0.119092
2018011600.000,Miguel,recording,shake_phone,9,2.792959,7.666346,5.168540,-0.069692,0.039970,0.119644
2018011610.000,Miguel,recording,shake_phone,9,2.775792,7.679762,5.213465,-0.073348,0.051692,0.117077
2018011620.000,Miguel,recording,shake_phone,9,2.719536,7.662591,5.240758,-0.077431,0.060986,0.116945
2018011630.000,Miguel,recording,shake_phone,9,2.654047,7.659580,5.278668,-0.080347,0.063696,0.121309
2018011640.000,Miguel,recording,shake_phone,9,2.645778,7.672293,5.304567,-0.081219,0.061840,0.128611
2018011650.000,Miguel,recording,shake_phone,9,2.708519,7.677507,5.313153,-0.082693,0.058760,0.134770
2018011660.000,Miguel,recording,shake_phone,9,2.787524,7.667575,5.291873,-0.087122,0.057038,0.136839
2018011670.000,Miguel,recording,shake_phone,9,2.828344,7.650375,5.321893,-0.091439,0.056419,0.135829
2018011680.000,Miguel,recording,shake_phone,9,2.836172,7.651443,5.377999,-0.091017,0.057159,0.135105
2018011690.000,Miguel,recording,shake_phone,9,2.880572,7.639377,5.422167,-0.085984,0.061924,0.135363
2018011700.000,Miguel,recording,shake_phone,9,2.928278,7.613259,5.445752,-0.078891,0.069302,0.134116
2018011710.000,Miguel,recording,shake_phone,9,2.955897,7.607327,5.465244,-0.070953,0.073871,0.131564
2018011720.000,Miguel,recording,shake_phone,9,2.970311,7.611011,5.474543,-0.062312,0.073083,0.128787
2018011730.000,Miguel,recording,shake_phone,9,2.982825,7.619786,5.471549,-0.052922,0.067035,0.124537
2018011740.000,Miguel,recording,shake_phone,9,3.000104,7.632400,5.473169,-0.043773,0.055967,0.118458
2018011750.000,Miguel,recording,shake_phone,9,3.034576,7.630926,5.445953,-0.036025,0.042031,0.110541
2018011760.000,Miguel,recording,shake_phone,9,3.094220,7.639844,5.409982,-0.031585,0.028597,0.100575
2018011770.000,Miguel,recording,shake_phone,9,3.159507,7.657302,5.407591,-0.030922,0.018197,0.089212
2018011780.000,Miguel,recording,shake_phone,9,3.181612,7.675358,5.402767,-0.031356,0.012005,0.076576
2018011790.000,Miguel,recording,shake_phone,9,3.159549,7.676956,5.395911,-0.032806,0.010319,0.064180
2018011800.000,Miguel,recording,shake_phone,9,3.111293,7.655833,5.413992,-0.035757,0.011841,0.053928
2018011810.000,Miguel,recording,shake_phone,9,3.064916,7.646525,5.469383,-0.036151,0.013953,0.045927
2018011820.000,Miguel,recording,shake_phone,9,3.009775,7.658832,5.522607,-0.029553,0.014175,0.040312
2018011830.000,Miguel,recording,shake_phone,9,2.975412,7.657153,5.534978,-0.016294,0.011101,0.036200
2018011840.000,Miguel,recording,shake_phone,9,2.964236,7.635304,5.485250,-0.001444,0.003216,0.032682
2018011850.000,Miguel,recording,shake_phone,9,2.942964,7.614214,5.423982,0.009593,-0.009653,0.030706
2018011860.000,Miguel,recording,shake_phone,9,2.948599,7.605524,5.382711,0.015390,-0.021267,0.030290
2018011870.000,Miguel,recording,shake_phone,9,3.035348,7.606525,5.324111,0.014458,-0.025349,0.029409
2018011880.000,Miguel,recording,shake_phone,9,3.116018,7.618465,5.266387,0.006737,-0.022269,0.026201
2018011890.000,Miguel,recording,shake_phone,9,3.129346,7.622510,5.268733,-0.004202,-0.014114,0.020002
2018011900.000,Miguel,recording,shake_phone,9,3.090619,7.631231,5.297975,-0.013973,-0.003621,0.012387
2018011910.000,Miguel,recording,shake_phone,9,3.030410,7.618031,5.325780,-0.020634,0.005327,0.005787
2018011920.000,Miguel,recording,shake_phone,10,2.970672,7.605499,5.397859,-0.023214,0.008643,0.002123
2018011930.000,Miguel,recording,shake_phone,10,2.927549,7.594653,5.450383,-0.019841,0.003528,0.002797
2018011940.000,Miguel,recording,shake_phone,10,2.937791,7.597630,5.456653,-0.012945,-0.005959,0.005156
2018011950.000,Miguel,recording,shake_phone,10,2.990940,7.604339,5.472068,-0.005402,-0.013215,0.005486
2018011960.000,Miguel,recording,shake_phone,10,3.019602,7.606189,5.472827,0.002275,-0.016084,0.003524
2018011970.000,Miguel,recording,shake_phone,10,3.016325,7.607285,5.421239,0.007784,-0.016817,0.001786
2018011980.000,Miguel,recording,shake_phone,10,3.048115,7.611831,5.379469,0.007175,-0.017819,0.001595
2018011990.000,Miguel,recording,shake_phone,10,3.131677,7.612288,5.417257,0.002248,-0.015576,0.000646
2018012000.000,Miguel,recording,shake_phone,10,3.204572,7.608035,5.493786,-0.000723,-0.005312,-0.003176
2018012010.000,Miguel,recording,shake_phone,10,3.234232,7.606995,5.533921,-0.000368,0.009745,-0.009147
2018012020.000,Miguel,recording,shake_phone,10,3.272337,7.622003,5.529696,0.001110,0.022020,-0.017065
2018012030.000,Miguel,recording,shake_phone,10,3.312169,7.641858,5.533154,0.003262,0.027206,-0.029221
2018012040.000,Miguel,recording,shake_phone,10,3.303884,7.668533,5.566639,0.008326,0.024365,-0.046084
2018012050.000,Miguel,recording,shake_phone,10,3.249749,7.688115,5.611004,0.018289,0.014248,-0.063825
2018012060.000,Miguel,recording,shake_phone,10,3.265218,7.672389,5.633716,0.031929,-0.001426,-0.080167
2018012070.000,Miguel,recording,shake_phone,10,3.355891,7.636474,5.650373,0.047624,-0.020027,-0.098468
2018012080.000,Miguel,recording,shake_phone,10,3.438344,7.627565,5.667284,0.065213,-0.038176,-0.120959
2018012090.000,Miguel,recording,shake_phone,10,3.568885,7.658813,5.659227,0.084253,-0.057847,-0.149380
2018012100.000,Miguel,recording,shake_phone,10,3.771979,7.708727,5.654399,0.103687,-0.084764,-0.189220
2018012110.000,Miguel,recording,shake_phone,10,3.963585,7.740459,5.675222,0.125300,-0.118407,-0.245556
2018012120.000,Miguel,recording,shake_phone,10,4.083452,7.772059,5.753299,0.152919,-0.154195,-0.317894
2018012130.000,Miguel,recording,shake_phone,10,4.140040,7.794377,5.839788,0.186543,-0.193600,-0.398034
2018012140.000,Miguel,recording,shake_phone,10,4.127980,7.806932,5.895862,0.224660,-0.239824,-0.478873
2018012150.000,Miguel,recording,shake_phone,10,4.030795,7.844495,5.930898,0.267086,-0.288412,-0.557613
2018012160.000,Miguel,recording,shake_phone,10,3.878335,7.894715,5.906319,0.311732,-0.333833,-0.631394
2018012170.000,Miguel,recording,shake_phone,10,3.704955,7.929489,5.816183,0.354433,-0.374211,-0.695807
2018012180.000,Miguel,recording,shake_phone,10,3.548426,7.977112,5.693694,0.390387,-0.408032,-0.747024
2018012190.000,Miguel,recording,shake_phone,10,3.381604,8.024425,5.552992,0.416735,-0.431755,-0.785260
2018012200.000,Miguel,recording,shake_phone,10,3.270469,8.025276,5.409678,0.436848,-0.436640,-0.813600
2018012210.000,Miguel,recording,shake_phone,10,3.396034,8.047668,5.330609,0.453388,-0.417606,-0.839986
2018012220.000,Miguel,recording,shake_phone,10,3.597044,8.050303,5.286012,0.465874,-0.374953,-0.874827
2018012230.000,Miguel,recording,shake_phone,10,3.676593,8.020378,5.216551,0.477165,-0.317597,-0.923780
2018012240.000,Miguel,recording,shake_phone,10,3.567075,8.033382,5.200932,0.491128,-0.272428,-0.982603
2018012250.000,Miguel,recording,shake_phone,10,3.244335,8.052962,5.201773,0.511374,-0.261754,-1.038958
2018012260.000,Miguel,recording,shake_phone,10,2.867654,8.073391,5.132309,0.537322,-0.285089,-1.082424
2018012270.000,Miguel,recording,shake_phone,10,2.583324,8.105924,4.986048,0.561408,-0.332083,-1.110159
2018012280.000,Miguel,recording,shake_phone,10,2.401828,8.164567,4.815300,0.575607,-0.388558,-1.124520
2018012290.000,Miguel,recording,shake_phone,10,2.355148,8.235568,4.630365,0.576870,-0.434700,-1.131751
2018012300.000,Miguel,recording,shake_phone,10,2.348715,8.308275,4.503315,0.567833,-0.453862,-1.139517
2018012310.000,Miguel,recording,shake_phone,10,2.271374,8.357133,4.465122,0.553777,-0.440078,-1.149662
2018012320.000,Miguel,recording,shake_phone,10,2.099921,8.381329,4.418200,0.537557,-0.399536,-1.156691
2018012330.000,Miguel,recording,shake_phone,10,1.878394,8.395943,4.320216,0.517374,-0.343934,-1.154127
2018012340.000,Miguel,recording,shake_phone,10,1.625614,8.438602,4.236398,0.491835,-0.285886,-1.139250
2018012350.000,Miguel,recording,shake_phone,10,1.348063,8.472659,4.179938,0.463844,-0.235293,-1.111642
2018012360.000,Miguel,recording,shake_phone,10,1.183061,8.507914,4.088604,0.435447,-0.195376,-1.075238
2018012370.000,Miguel,recording,shake_phone,10,1.149865,8.566914,3.978219,0.405540,-0.166326,-1.039407
2018012380.000,Miguel,recording,shake_phone,10,1.062907,8.608067,3.927411,0.376331,-0.151963,-1.010742
2018012390.000,Miguel,recording,shake_phone,10,0.893944,8.631069,3.910614,0.352578,-0.157672,-0.987631
2018012400.000,Miguel,recording,shake_phone,10,0.734509,8.639791,3.878373,0.334384,-0.181742,-0.965121
2018012410.000,Miguel,recording,shake_phone,10,0.683363,8.633221,3.836547,0.317140,-0.213460,-0.943623
2018012420.000,Miguel,recording,shake_phone,10,0.717941,8.626408,3.777569,0.297060,-0.240321,-0.926752
2018012430.000,Miguel,recording,shake_phone,10,0.731021,8.612033,3.722313,0.274765,-0.255541,-0.915473
2018012440.000,Miguel,recording,shake_phone,10,0.675202,8.611099,3.718231,0.253581,-0.260865,-0.907204
2018012450.000,Miguel,recording,shake_phone,10,0.573862,8.609400,3.723945,0.233514,-0.261651,-0.897483
2018012460.000,Miguel,recording,shake_phone,10,0.450403,8.629749,3.689702,0.212593,-0.259795,-0.884999
2018012470.000,Miguel,recording,shake_phone,10,0.350707,8.672960,3.695962,0.192571,-0.254812,-0.871513
2018012480.000,Miguel,recording,shake_phone,10,0.211766,8.722145,3.733153,0.176577,-0.246671,-0.856153
2018012490.000,Miguel,recording,shake_phone,10,0.038635,8.745794,3.760195,0.164739,-0.238347,-0.835248
2018012500.000,Miguel,recording,shake_phone,10,-0.068479,8.765273,3.748948,0.154238,-0.232237,-0.809103
2018012510.000,Miguel,recording,shake_phone,10,-0.075206,8.773949,3.679015,0.140561,-0.227829,-0.783799
2018012520.000,Miguel,recording,shake_phone,10,-0.042688,8.772521,3.607686,0.121574,-0.225560,-0.764675
2018012530.000,Miguel,recording,shake_phone,10,-0.077022,8.783473,3.593047,0.100479,-0.224828,-0.751684
2018012540.000,Miguel,recording,shake_phone,10,-0.122443,8.802803,3.614743,0.080969,-0.224056,-0.742572
2018012550.000,Miguel,recording,shake_phone,10,-0.148881,8.792693,3.672702,0.065059,-0.221766,-0.736616
2018012560.000,Miguel,recording,shake_phone,10,-0.210847,8.771686,3.761214,0.054730,-0.217795,-0.731984
2018012570.000,Miguel,recording,shake_phone,10,-0.309831,8.721081,3.883859,0.052953,-0.211910,-0.724870
2018012580.000,Miguel,recording,shake_phone,10,-0.414905,8.667030,3.986289,0.060718,-0.202534,-0.713211
2018012590.000,Miguel,recording,shake_phone,10,-0.527793,8.667064,4.051754,0.075768,-0.193040,-0.696787
2018012600.000,Miguel,recording,shake_phone,10,-0.622207,8.694214,4.067401,0.094432,-0.187478,-0.675771
2018012610.000,Miguel,recording,shake_phone,10,-0.728875,8.710750,4.044340,0.112675,-0.184076,-0.651000
2018012620.000,Miguel,recording,shake_phone,10,-0.819318,8.718741,3.991796,0.129331,-0.179330,-0.624502
2018012630.000,Miguel,recording,shake_phone,10,-0.866539,8.732426,3.941850,0.143759,-0.172180,-0.597186
2018012640.000,Miguel,recording,shake_phone,10,-0.942470,8.722630,3.902940,0.154002,-0.162923,-0.569337
2018012650.000,Miguel,recording,shake_phone,10,-1.045572,8.712668,3.835787,0.159314,-0.152806,-0.540679
2018012660.000,Miguel,recording,shake_phone,10,-1.133996,8.677830,3.739547,0.158700,-0.143196,-0.509153
2018012670.000,Miguel,recording,shake_phone,10,-1.175238,8.643342,3.620632,0.148453,-0.131938,-0.473081
2018012680.000,Miguel,recording,shake_phone,10,-1.169820,8.642196,3.493795,0.125678,-0.116426,-0.436278
2018012690.000,Miguel,recording,shake_phone,10,-1.151838,8.638622,3.456427,0.095342,-0.097558,-0.404607
2018012700.000,Miguel,recording,shake_phone,10,-1.181515,8.638547,3.509857,0.068737,-0.077172,-0.376719
2018012710.000,Miguel,recording,shake_phone,10,-1.212402,8.623985,3.569080,0.052122,-0.058831,-0.350421
2018012720.000,Miguel,recording,shake_phone,10,-1.241138,8.618048,3.592354,0.042397,-0.047557,-0.326144
2018012730.000,Miguel,recording,shake_phone,10,-1.315051,8.622110,3.596227,0.035520,-0.044831,-0.301384
2018012740.000,Miguel,recording,shake_phone,10,-1.402978,8.629057,3.563709,0.028645,-0.048135,-0.273784
2018012750.000,Miguel,recording,shake_phone,10,-1.458991,8.626482,3.483201,0.017080,-0.051753,-0.244001
2018012760.000,Miguel,recording,shake_phone,10,-1.504425,8.635890,3.419779,-0.002193,-0.049352,-0.211392
2018012770.000,Miguel,recording,shake_phone,10,-1.578216,8.632519,3.390488,-0.030485,-0.037789,-0.174126
2018012780.000,Miguel,recording,shake_phone,10,-1.611874,8.612083,3.392389,-0.064920,-0.017250,-0.134346
2018012790.000,Miguel,recording,shake_phone,10,-1.608795,8.611441,3.442842,-0.097819,0.008862,-0.095936
2018012800.000,Miguel,recording,shake_phone,10,-1.587883,8.621074,3.529052,-0.124100,0.035057,-0.060310
2018012810.000,Miguel,recording,shake_phone,10,-1.550625,8.607084,3.593256,-0.141335,0.054894,-0.029565
2018012820.000,Miguel,recording,shake_phone,10,-1.466104,8.594089,3.626967,-0.149614,0.063111,-0.007602
2018012830.000,Miguel,recording,shake_phone,10,-1.396748,8.579362,3.674781,-0.151592,0.058108,0.004988
2018012840.000,Miguel,recording,shake_phone,10,-1.388047,8.541855,3.714941,-0.147925,0.039715,0.010823
2018012850.000,Miguel,recording,shake_phone,10,-1.400588,8.485653,3.760409,-0.139325,0.008153,0.010746
2018012860.000,Miguel,recording,shake_phone,10,-1.460947,8.461895,3.809215,-0.125912,-0.034876,0.006773
2018012870.000,Miguel,recording,shake_phone,10,-1.614432,8.435562,3.834234,-0.106841,-0.088034,0.003899
2018012880.000,Miguel,recording,shake_phone,10,-1.867941,8.412028,3.846975,-0.085944,-0.151708,0.009506
2018012890.000,Miguel,recording,shake_phone,10,-2.364583,8.424136,3.790135,-0.066195,-0.225182,0.037337
2018012900.000,Miguel,recording,shake_phone,10,-3.157104,8.330927,3.611875,-0.050205,-0.314637,0.107987
2018012910.000,Miguel,recording,shake_phone,10,-4.134990,8.216468,3.273169,-0.049903,-0.451387,0.240464
2018012920.000,Miguel,recording,shake_phone,10,-5.415670,8.105603,2.780974,-0.076882,-0.691108,0.438897
2018012930.000,Miguel,recording,shake_phone,10,-6.624047,7.960470,2.093485,-0.123604,-1.081643,0.677142
2018012940.000,Miguel,recording,shake_phone,10,-7.666072,7.781010,1.455270,-0.172109,-1.657250,0.925496
2018012950.000,Miguel,recording,shake_phone,10,-8.746865,7.662188,1.177283,-0.208432,-2.405252,1.205134
2018012960.000,Miguel,recording,shake_phone,10,-8.780379,7.113661,1.313029,-0.223143,-3.154196,1.550546
2018012970.000,Miguel,recording,shake_phone,10,-7.221361,6.357147,1.804945,-0.213045,-3.651533,1.952891
2018012980.000,Miguel,recording,shake_phone,10,-4.134487,5.946524,2.034973,-0.197597,-3.699108,2.359870
2018012990.000,Miguel,recording,shake_phone,10,0.916857,6.057188,1.411585,-0.241619,-3.211521,2.673766
2018013000.000,Miguel,recording,shake_phone,10,7.774512,6.812870,-0.082513,-0.440767,-2.247280,2.744053
2018013010.000,Miguel,recording,shake_phone,10,15.204028,8.052167,-1.669468,-0.840173,-1.012531,2.415089
2018013020.000,Miguel,recording,shake_phone,10,20.804747,8.757561,-1.963509,-1.369393,0.166983,1.625553
2018013030.000,Miguel,recording,shake_phone,10,23.062000,8.356363,-0.651990,-1.898014,0.975732,0.453149
2018013040.000,Miguel,recording,shake_phone,10,21.573808,7.967819,2.297830,-2.287896,1.256823,-0.900977
2018013050.000,Miguel,recording,shake_phone,10,16.637073,8.422319,6.461893,-2.411095,1.098980,-2.164105
2018013060.000,Miguel,recording,shake_phone,10,9.937267,8.722198,10.361678,-2.222278,0.707994,-3.106824
2018013070.000,Miguel,recording,shake_phone,10,2.283998,8.131785,13.554993,-1.739095,0.180071,-3.588581
2018013080.000,Miguel,recording,shake_phone,10,-5.918508,8.066750,16.126237,-0.985598,-0.454600,-3.525224
2018013090.000,Miguel,recording,shake_phone,10,-12.855207,8.921277,16.887510,-0.081626,-1.036823,-2.910379
2018013100.000,Miguel,recording,shake_phone,10,-16.848718,9.241365,14.705929,0.734346,-1.325403,-1.841048
2018013110.000,Miguel,recording,shake_phone,10,-17.983852,8.671789,10.905012,1.271072,-1.213812,-0.501613
2018013120.000,Miguel,recording,shake_phone,10,-16.639236,7.632794,7.294253,1.502328,-0.776157,0.894562
2018013130.000,Miguel,recording,shake_phone,10,-13.652642,6.469705,4.308449,1.512110,-0.195573,2.153867
2018013140.000,Miguel,recording,shake_phone,10,-9.424504,5.371765,2.032466,1.396002,0.278998,3.131076
2018013150.000,Miguel,recording,shake_phone,10,-3.948169,4.721447,0.487541,1.218919,0.493214,3.742200
2018013160.000,Miguel,recording,shake_phone,10,2.161235,4.765506,-0.467626,1.003912,0.511450,3.953959
2018013170.000,Miguel,recording,shake_phone,10,7.916863,5.450215,-1.089098,0.734220,0.485818,3.764969
2018013180.000,Miguel,recording,shake_phone,10,11.884131,6.350150,-1.233544,0.396174,0.469215,3.215107
2018013190.000,Miguel,recording,shake_phone,10,13.400567,7.167152,-0.334690,0.032210,0.436108,2.430292
2018013200.000,Miguel,recording,shake_phone,10,12.709827,7.884057,1.455886,-0.283682,0.417726,1.609134
2018013210.000,Miguel,recording,shake_phone,10,10.638168,8.385876,3.266888,-0.509250,0.499979,0.939312
2018013220.000,Miguel,recording,shake_phone,10,8.199630,8.411937,4.465596,-0.656782,0.719642,0.519949
2018013230.000,Miguel,recording,shake_phone,10,5.946139,8.174115,5.043478,-0.766754,1.023101,0.344929
2018013240.000,Miguel,recording,shake_phone,10,4.147455,8.053824,5.443724,-0.859710,1.305162,0.339314
2018013250.000,Miguel,recording,shake_phone,10,2.928368,8.037800,5.816182,-0.927633,1.497034,0.405889
2018013260.000,Miguel,recording,shake_phone,10,2.244003,7.964925,6.084304,-0.962097,1.586910,0.466628
2018013270.000,Miguel,recording,shake_phone,10,1.872365,7.870030,6.411109,-0.956199,1.572333,0.483975
2018013280.000,Miguel,recording,shake_phone,10,1.764763,7.772482,6.924892,-0.894111,1.449039,0.453073
2018013290.000,Miguel,recording,shake_phone,10,1.751027,7.666104,7.556221,-0.757812,1.231258,0.390907
2018013300.000,Miguel,recording,shake_phone,10,1.632026,7.563486,8.072285,-0.541505,0.960774,0.326669
2018013310.000,Miguel,recording,shake_phone,10,1.508006,7.481284,8.272885,-0.263452,0.683360,0.283050
2018013320.000,Miguel,recording,shake_phone,10,1.554312,7.443621,8.129789,0.042000,0.424337,0.265597
2018013330.000,Miguel,recording,shake_phone,10,1.777342,7.447991,7.662177,0.335821,0.194045,0.266423
2018013340.000,Miguel,recording,shake_phone,10,2.056442,7.511535,6.923859,0.580095,0.009151,0.274322
2018013350.000,Miguel,recording,shake_phone,10,2.308357,7.645191,6.060905,0.747659,-0.111689,0.282940
2018013360.000,Miguel,recording,shake_phone,10,2.472675,7.874754,5.277125,0.828377,-0.159356,0.291820
2018013370.000,Miguel,recording,shake_phone,10,2.555277,8.143732,4.663700,0.826348,-0.134573,0.304048
2018013380.000,Miguel,recording,shake_phone,10,2.612542,8.362061,4.194736,0.751899,-0.051219,0.320866
2018013390.000,Miguel,recording,shake_phone,10,2.672541,8.502644,3.843091,0.621221,0.068055,0.339500
2018013400.000,Miguel,recording,shake_phone,10,2.681746,8.597498,3.664897,0.457234,0.198491,0.355844
2018013410.000,Miguel,recording,shake_phone,10,2.634420,8.623740,3.708204,0.286834,0.316950,0.366709
2018013420.000,Miguel,recording,shake_phone,10,2.588586,8.501720,3.854590,0.135030,0.410183,0.371436
2018013430.000,Miguel,recording,shake_phone,10,2.552401,8.288543,4.042061,0.013357,0.472273,0.372572
2018013440.000,Miguel,recording,shake_phone,10,2.564990,8.140255,4.269801,-0.077432,0.501854,0.372198
2018013450.000,Miguel,recording,shake_phone,10,2.648051,8.019836,4.505163,-0.137278,0.507251,0.366743
2018013460.000,Miguel,recording,shake_phone,10,2.698613,7.853149,4.722107,-0.167716,0.498117,0.351734
2018013470.000,Miguel,recording,shake_phone,10,2.654504,7.709538,4.894342,-0.171952,0.478138,0.329012
2018013480.000,Miguel,recording,shake_phone,10,2.521524,7.652384,5.073684,-0.152973,0.445152,0.305254
2018013490.000,Miguel,recording,shake_phone,10,2.328229,7.662211,5.232618,-0.114026,0.394086,0.287435
2018013500.000,Miguel,recording,shake_phone,10,2.186675,7.718128,5.262914,-0.060400,0.321984,0.280669
2018013510.000,Miguel,recording,shake_phone,10,2.168111,7.763815,5.166167,-0.005033,0.233736,0.284270
2018013520.000,Miguel,recording,shake_phone,10,2.225943,7.836122,5.044118,0.035015,0.147581,0.290897
2018013530.000,Miguel,recording,shake_phone,10,2.336122,7.952683,4.989692,0.054890,0.080124,0.294250
2018013540.000,Miguel,recording,shake_phone,10,2.385813,8.067149,4.996917,0.060254,0.037198,0.294679
2018013550.000,Miguel,recording,shake_phone,10,2.359888,8.122788,5.027846,0.056751,0.020632,0.299059
2018013560.000,Miguel,recording,shake_phone,10,2.361906,8.111987,5.011751,0.048805,0.029616,0.313681
2018013570.000,Miguel,recording,shake_phone,10,2.471834,8.091798,4.932553,0.033516,0.060124,0.336397
2018013580.000,Miguel,recording,shake_phone,10,2.639782,8.091427,4.877972,0.005859,0.104938,0.358568
2018013590.000,Miguel,recording,shake_phone,10,2.745668,8.077958,4.907453,-0.028812,0.158622,0.373295
2018013600.000,Miguel,recording,shake_phone,10,2.808024,8.032896,4.970729,-0.059481,0.217115,0.379203
2018013610.000,Miguel,recording,shake_phone,10,2.933041,7.970865,5.036551,-0.081466,0.267868,0.376264
2018013620.000,Miguel,recording,shake_phone,10,3.097132,7.896418,5.060804,-0.096885,0.296771,0.362622
2018013630.000,Miguel,recording,shake_phone,10,3.174834,7.821339,5.095510,-0.108244,0.298593,0.336736
2018013640.000,Miguel,recording,shake_phone,10,3.159993,7.774707,5.175460,-0.113636,0.273069,0.300348
2018013650.000,Miguel,recording,shake_phone,10,3.062744,7.746822,5.298184,-0.106095,0.226170,0.261212
2018013660.000,Miguel,recording,shake_phone,10,2.970437,7.716474,5.408564,-0.083372,0.168225,0.227578
2018013670.000,Miguel,recording,shake_phone,10,2.983090,7.675302,5.444057,-0.054212,0.110928,0.201623
2018013680.000,Miguel,recording,shake_phone,10,3.020899,7.649964,5.430663,-0.029179,0.066377,0.180133
2018013690.000,Miguel,recording,shake_phone,10,2.995932,7.670179,5.443750,-0.010274,0.039697,0.159308
2018013700.000,Miguel,recording,shake_phone,10,2.911205,7.713818,5.502201,0.008191,0.027663,0.140581
2018013710.000,Miguel,recording,shake_phone,10,2.835180,7.734529,5.522593,0.031551,0.023864,0.126493
2018013720.000,Miguel,recording,shake_phone,10,2.802747,7.747211,5.447888,0.055360,0.022151,0.119516
2018013730.000,Miguel,recording,shake_phone,10,2.809619,7.743162,5.286535,0.067421,0.021941,0.120496
2018013740.000,Miguel,recording,shake_phone,10,2.840787,7.760332,5.172926,0.063048,0.025894,0.124727
2018013750.000,Miguel,recording,shake_phone,10,2.848909,7.768983,5.177809,0.050543,0.034687,0.129651
2018013760.000,Miguel,recording,shake_phone,10,2.801397,7.766302,5.251453,0.040856,0.047656,0.135080
2018013770.000,Miguel,recording,shake_phone,10,2.774354,7.757949,5.285213,0.038896,0.061285,0.141438
2018013780.000,Miguel,recording,shake_phone,10,2.834921,7.738406,5.265164,0.040805,0.072122,0.150463
2018013790.000,Miguel,recording,shake_phone,10,2.929917,7.730272,5.197729,0.038697,0.082071,0.158023
2018013800.000,Miguel,recording,shake_phone,10,2.988036,7.722735,5.156316,0.031326,0.093648,0.157856
2018013810.000,Miguel,recording,shake_phone,10,2.954443,7.733239,5.198446,0.024747,0.101852,0.149255
2018013820.000,Miguel,recording,shake_phone,10,2.856454,7.722400,5.275833,0.026707,0.098813,0.137325
2018013830.000,Miguel,recording,shake_phone,10,2.737060,7.691858,5.308731,0.038830,0.080746,0.128927
2018013840.000,Miguel,recording,shake_phone,10,2.732802,7.668984,5.262639,0.053218,0.051500,0.125272
2018013850.000,Miguel,recording,shake_phone,10,2.840024,7.644891,5.183493,0.061192,0.023361,0.121128
2018013860.000,Miguel,recording,shake_phone,10,2.906577,7.642254,5.130645,0.062350,0.006564,0.112850
2018013870.000,Miguel,recording,shake_phone,10,2.890436,7.668011,5.157377,0.062594,0.000803,0.103806
2018013880.000,Miguel,recording,shake_phone,10,2.823869,7.688723,5.176906,0.066051,-0.001457,0.101169
2018013890.000,Miguel,recording,shake_phone,10,2.822198,7.697622,5.097036,0.069578,-0.002253,0.107997
2018013900.000,Miguel,recording,shake_phone,10,2.947948,7.735355,4.964880,0.064631,0.005410,0.117157
2018013910.000,Miguel,recording,shake_phone,10,3.076402,7.787190,4.891643,0.047457,0.026376,0.120237
2018013920.000,Miguel,recording,shake_phone,10,3.068233,7.815467,4.884975,0.023233,0.055501,0.119247
2018013930.000,Miguel,recording,shake_phone,10,2.973466,7.818922,4.927607,-0.000545,0.083237,0.121428
2018013940.000,Miguel,recording,shake_phone,10,2.896778,7.801394,4.974945,-0.020748,0.103265,0.128984
2018013950.000,Miguel,recording,shake_phone,10,2.876689,7.794697,5.033945,-0.037294,0.115248,0.138600
2018013960.000,Miguel,recording,shake_phone,10,2.864109,7.790422,5.072926,-0.049897,0.123324,0.148001
2018013970.000,Miguel,recording,shake_phone,10,2.875846,7.773545,5.092137,-0.058535,0.131348,0.157866
2018013980.000,Miguel,recording,shake_phone,10,2.898467,7.748720,5.117715,-0.064703,0.141884,0.168162
2018013990.000,Miguel,recording,shake_phone,10,2.939164,7.741522,5.119486,-0.070527,0.155242,0.176959
2018014000.000,Miguel,recording,shake_phone,10,2.974930,7.741713,5.106570,-0.077594,0.169442,0.182187
2018014010.000,Miguel,recording,shake_phone,10,2.970432,7.727511,5.115712,-0.085202,0.181369,0.183520
2018014020.000,Miguel,recording,shake_phone,10,2.922272,7.691899,5.133216,-0.090619,0.189528,0.183442
2018014030.000,Miguel,recording,shake_phone,10,2.877209,7.669259,5.197797,-0.093178,0.195730,0.184711
2018014040.000,Miguel,recording,shake_phone,10,2.875953,7.639433,5.312281,-0.090727,0.202684,0.186405
2018014050.000,Miguel,recording,shake_phone,10,2.870728,7.587869,5.401775,-0.079864,0.212110,0.186979
2018014060.000,Miguel,recording,shake_phone,10,2.842663,7.526750,5.419728,-0.063165,0.223044,0.187493
2018014070.000,Miguel,recording,shake_phone,10,2.805705,7.507911,5.386082,-0.045755,0.232261,0.188602
2018014080.000,Miguel,recording,shake_phone,10,2.815590,7.504646,5.336353,-0.031503,0.236673,0.188064
2018014090.000,Miguel,recording,shake_phone,10,2.874116,7.502937,5.260058,-0.022478,0.237173,0.183496
2018014100.000,Miguel,recording,shake_phone,10,2.894173,7.506613,5.210197,-0.018968,0.238246,0.175085
2018014110.000,Miguel,recording,shake_phone,10,2.869731,7.495538,5.203648,-0.020775,0.242361,0.165797
2018014120.000,Miguel,recording,shake_phone,10,2.862590,7.494714,5.268209,-0.024745,0.249088,0.158979
2018014130.000,Miguel,recording,shake_phone,10,2.823334,7.495656,5.379659,-0.026669,0.256281,0.156725
2018014140.000,Miguel,recording,shake_phone,10,2.772606,7.499490,5.428977,-0.026070,0.262679,0.160708
2018014150.000,Miguel,recording,shake_phone,10,2.762002,7.510444,5.417162,-0.025554,0.268752,0.170418
2018014160.000,Miguel,recording,shake_phone,10,2.788343,7.512100,5.409206,-0.028075,0.274469,0.184199
2018014170.000,Miguel,recording,shake_phone,10,2.813321,7.505628,5.433659,-0.031537,0.279747,0.200470
2018014180.000,Miguel,recording,shake_phone,10,2.830698,7.498626,5.482819,-0.031561,0.285167,0.218260
2018014190.000,Miguel,recording,shake_phone,10,2.919660,7.498434,5.495450,-0.029603,0.290376,0.235788
2018014200.000,Miguel,recording,shake_phone,10,3.059906,7.509024,5.475294,-0.030599,0.296011,0.249425
2018014210.000,Miguel,recording,shake_phone,10,3.158332,7.523348,5.438299,-0.036444,0.306367,0.255032
2018014220.000,Miguel,recording,shake_phone,10,3.208783,7.531967,5.448134,-0.044972,0.322699,0.250364
2018014230.000,Miguel,recording,shake_phone,10,3.212201,7.532936,5.518587,-0.052145,0.340103,0.238718
2018014240.000,Miguel,recording,shake_phone,10,3.150748,7.514043,5.558655,-0.054704,0.352421,0.227090
2018014250.000,Miguel,recording,shake_phone,10,3.041001,7.502016,5.566573,-0.054056,0.355019,0.222170
2018014260.000,Miguel,recording,shake_phone,10,2.980264,7.481939,5.571468,-0.054193,0.349127,0.225861
2018014270.000,Miguel,recording,shake_phone,10,3.036529,7.452879,5.593742,-0.055234,0.340848,0.232719
2018014280.000,Miguel,recording,shake_phone,10,3.119684,7.435062,5.634803,-0.054228,0.334334,0.234976
2018014290.000,Miguel,recording,shake_phone,10,3.126919,7.404564,5.679545,-0.048963,0.329630,0.230251
2018014300.000,Miguel,recording,shake_phone,10,3.092158,7.380291,5.695690,-0.040065,0.322730,0.221935
2018014310.000,Miguel,recording,shake_phone,10,3.021902,7.353125,5.680848,-0.030446,0.309615,0.213391
2018014320.000,Miguel,recording,shake_phone,10,2.939580,7.339191,5.649672,-0.023544,0.290543,0.208147
2018014330.000,Miguel,recording,shake_phone,10,2.896118,7.329892,5.629879,-0.020939,0.270042,0.209376
2018014340.000,Miguel,recording,shake_phone,10,2.913261,7.327506,5.612028,-0.023363,0.254417,0.216663
2018014350.000,Miguel,recording,shake_phone,10,2.941850,7.350497,5.625231,-0.030625,0.246323,0.226131
2018014360.000,Miguel,recording,shake_phone,10,2.956853,7.351593,5.668435,-0.037708,0.244971,0.234958
2018014370.000,Miguel,recording,shake_phone,10,2.971721,7.339723,5.677166,-0.042643,0.250431,0.243802
2018014380.000,Miguel,recording,shake_phone,10,3.015984,7.338401,5.655549,-0.048091,0.262880,0.250552
2018014390.000,Miguel,recording,shake_phone,10,3.034185,7.316817,5.674570,-0.054016,0.279702,0.253298
2018014400.000,Miguel,recording,shake_phone,10,2.971789,7.298616,5.702537,-0.058357,0.296604,0.257027
2018014410.000,Miguel,recording,shake_phone,10,2.914044,7.279118,5.728157,-0.062382,0.309109,0.266328
2018014420.000,Miguel,recording,shake_phone,10,2.933409,7.277009,5.762570,-0.068083,0.314431,0.277607
2018014430.000,Miguel,recording,shake_phone,10,2.947620,7.281926,5.807059,-0.071496,0.314429,0.285975
2018014440.000,Miguel,recording,shake_phone,10,2.944575,7.295250,5.868817,-0.068730,0.313208,0.291945
2018014450.000,Miguel,recording,shake_phone,10,2.983596,7.284488,5.918312,-0.060806,0.311487,0.297646
2018014460.000,Miguel,recording,shake_phone,10,3.037894,7.244909,5.915553,-0.050250,0.309168,0.303206
2018014470.000,Miguel,recording,shake_phone,10,3.063830,7.216277,5.866602,-0.041157,0.308195,0.309862
2018014480.000,Miguel,recording,shake_phone,10,3.135389,7.211566,5.806548,-0.038455,0.309216,0.318795
2018014490.000,Miguel,recording,shake_phone,10,3.274317,7.212289,5.778894,-0.043159,0.311244,0.323552
2018014500.000,Miguel,recording,shake_phone,10,3.439234,7.230578,5.812363,-0.051342,0.311748,0.316678
2018014510.000,Miguel,recording,shake_phone,10,3.538195,7.261333,5.859865,-0.057581,0.307443,0.298521
2018014520.000,Miguel,recording,shake_phone,10,3.549315,7.292409,5.887763,-0.060711,0.292332,0.274398
2018014530.000,Miguel,recording,shake_phone,10,3.549425,7.310539,5.909302,-0.060797,0.262249,0.247141
2018014540.000,Miguel,recording,shake_phone,10,3.541019,7.337087,5.969217,-0.056489,0.220252,0.218137
2018014550.000,Miguel,recording,shake_phone,10,3.548080,7.344596,6.036188,-0.047348,0.174718,0.190554
2018014560.000,Miguel,recording,shake_phone,10,3.642587,7.316888,6.061603,-0.035192,0.135218,0.164643
2018014570.000,Miguel,recording,shake_phone,10,3.750174,7.304521,6.039900,-0.024881,0.108199,0.137680
2018014580.000,Miguel,recording,shake_phone,10,3.830231,7.310486,6.023529,-0.019185,0.098365,0.108951
2018014590.000,Miguel,recording,shake_phone,10,3.863154,7.314643,6.050996,-0.015963,0.104752,0.080732
2018014600.000,Miguel,recording,shake_phone,10,3.842896,7.309591,6.107078,-0.012639,0.119344,0.054811
2018014610.000,Miguel,recording,shake_phone,10,3.799576,7.308599,6.180887,-0.008243,0.133196,0.032192
2018014620.000,Miguel,recording,shake_phone,10,3.772980,7.307580,6.232689,0.000229,0.140359,0.012173
2018014630.000,Miguel,recording,shake_phone,10,3.780244,7.306711,6.265483,0.015743,0.139163,-0.010106
2018014640.000,Miguel,recording,shake_phone,10,3.803144,7.307482,6.290216,0.037373,0.129986,-0.037328
2018014650.000,Miguel,recording,shake_phone,10,3.778640,7.320784,6.281452,0.061087,0.115089,-0.066631
2018014660.000,Miguel,recording,shake_phone,10,3.732676,7.317434,6.222483,0.081416,0.098370,-0.094770
2018014670.000,Miguel,recording,shake_phone,10,3.704782,7.304072,6.148413,0.094613,0.083638,-0.120942
2018014680.000,Miguel,recording,shake_phone,10,3.634963,7.313141,6.115608,0.100968,0.074424,-0.144811
2018014690.000,Miguel,recording,shake_phone,10,3.530076,7.305037,6.130445,0.105941,0.070990,-0.163433
2018014700.000,Miguel,recording,shake_phone,10,3.430780,7.300254,6.161189,0.115945,0.068594,-0.176138
2018014710.000,Miguel,recording,shake_phone,10,3.323748,7.330013,6.186761,0.130858,0.065182,-0.184848
2018014720.000,Miguel,recording,shake_phone,10,3.271828,7.347553,6.148742,0.147030,0.064437,-0.189018
2018014730.000,Miguel,recording,shake_phone,10,3.288638,7.358422,6.054191,0.159398,0.069106,-0.190844
2018014740.000,Miguel,recording,shake_phone,10,3.263775,7.379822,5.952480,0.163310,0.077840,-0.193961
2018014750.000,Miguel,recording,shake_phone,10,3.194162,7.406813,5.869561,0.158431,0.087426,-0.197909
2018014760.000,Miguel,recording,shake_phone,10,3.125997,7.418161,5.841425,0.147963,0.096140,-0.200690
2018014770.000,Miguel,recording,shake_phone,10,3.061920,7.401624,5.862410,0.138069,0.103748,-0.201827
2018014780.000,Miguel,recording,shake_phone,10,3.018540,7.389201,5.912465,0.134404,0.109243,-0.203243
2018014790.000,Miguel,recording,shake_phone,10,2.989704,7.388783,5.988981,0.139878,0.110562,-0.206585
2018014800.000,Miguel,recording,shake_phone,10,2.943667,7.383398,6.016333,0.154622,0.105248,-0.210498
2018014810.000,Miguel,recording,shake_phone,10,2.904720,7.383220,5.949662,0.172492,0.092828,-0.213907
2018014820.000,Miguel,recording,shake_phone,10,2.857301,7.382482,5.881384,0.186378,0.077557,-0.217507
2018014830.000,Miguel,recording,shake_phone,10,2.785730,7.381593,5.822158,0.194071,0.063336,-0.219401
2018014840.000,Miguel,recording,shake_phone,10,2.731202,7.387208,5.775603,0.196169,0.054253,-0.217048
2018014850.000,Miguel,recording,shake_phone,10,2.748016,7.427287,5.730754,0.193630,0.055983,-0.213530
2018014860.000,Miguel,recording,shake_phone,10,2.756001,7.444157,5.676472,0.186518,0.066344,-0.211988
2018014870.000,Miguel,recording,shake_phone,10,2.724338,7.450719,5.659728,0.177194,0.077140,-0.211160
2018014880.000,Miguel,recording,shake_phone,10,2.661769,7.468695,5.685582,0.170130,0.085949,-0.211178
2018014890.000,Miguel,recording,shake_phone,10,2.616246,7.470032,5.719694,0.168016,0.091932,-0.211419
2018014900.000,Miguel,recording,shake_phone,10,2.591173,7.470953,5.724667,0.169793,0.092113,-0.211285
2018014910.000,Miguel,recording,shake_phone,10,2.537514,7.469718,5.705594,0.173241,0.087055,-0.212650
2018014920.000,Miguel,recording,shake_phone,10,2.457470,7.477768,5.690737,0.176936,0.077368,-0.214942
2018014930.000,Miguel,recording,shake_phone,10,2.395421,7.482891,5.660027,0.180451,0.063050,-0.215869
2018014940.000,Miguel,recording,shake_phone,10,2.346044,7.495081,5.613879,0.183373,0.046806,-0.213719
2018014950.000,Miguel,recording,shake_phone,10,2.350382,7.505303,5.541834,0.182737,0.033862,-0.209207
2018014960.000,Miguel,recording,shake_phone,11,2.401489,7.525293,5.490791,0.175926,0.028056,-0.205841
2018014970.000,Miguel,recording,shake_phone,11,2.435660,7.560934,5.456053,0.164624,0.029685,-0.206178
2018014980.000,Miguel,recording,shake_phone,11,2.425313,7.569251,5.430189,0.151504,0.039432,-0.209672
2018014990.000,Miguel,recording,shake_phone,11,2.388697,7.571985,5.431629,0.137403,0.056262,-0.212817
2018015000.000,Miguel,recording,shake_phone,11,2.342584,7.582150,5.432303,0.122634,0.074702,-0.213346
2018015010.000,Miguel,recording,shake_phone,11,2.326520,7.586699,5.474141,0.109332,0.089140,-0.214646
2018015020.000,Miguel,recording,shake_phone,11,2.349538,7.605673,5.481394,0.100729,0.096427,-0.221015
2018015030.000,Miguel,recording,shake_phone,11,2.323843,7.635620,5.483097,0.096592,0.094130,-0.231100
2018015040.000,Miguel,recording,shake_phone,11,2.269646,7.644961,5.486334,0.094277,0.081859,-0.239979
2018015050.000,Miguel,recording,shake_phone,11,2.273394,7.642653,5.530984,0.094247,0.063217,-0.246633
2018015060.000,Miguel,recording,shake_phone,11,2.277838,7.650685,5.582194,0.099498,0.044038,-0.255306
2018015070.000,Miguel,recording,shake_phone,11,2.224594,7.653628,5.604361,0.109961,0.028224,-0.266402
2018015080.000,Miguel,recording,shake_phone,11,2.140964,7.652299,5.602488,0.121671,0.015879,-0.275609
2018015090.000,Miguel,recording,shake_phone,11,2.057519,7.651204,5.581240,0.131047,0.008016,-0.280217
2018015100.000,Miguel,recording,shake_phone,11,1.974101,7.640561,5.547152,0.136157,0.007156,-0.278052
2018015110.000,Miguel,recording,shake_phone,11,1.923746,7.671307,5.493487,0.136265,0.013803,-0.269481
2018015120.000,Miguel,recording,shake_phone,11,1.904495,7.702064,5.466507,0.133386,0.025658,-0.258219
2018015130.000,Miguel,recording,shake_phone,11,1.878517,7.723830,5.467499,0.129684,0.039522,-0.245340
2018015140.000,Miguel,recording,shake_phone,11,1.874510,7.734463,5.430201,0.125301,0.053412,-0.231704
2018015150.000,Miguel,recording,shake_phone,11,1.906913,7.742001,5.357044,0.119334,0.065966,-0.222027
2018015160.000,Miguel,recording,shake_phone,11,1.933624,7.759104,5.328779,0.110581,0.076555,-0.219273
2018015170.000,Miguel,recording,shake_phone,11,1.912481,7.764127,5.354760,0.099959,0.081637,-0.221783
2018015180.000,Miguel,recording,shake_phone,11,1.889240,7.752603,5.408255,0.092575,0.077059,-0.227351
2018015190.000,Miguel,recording,shake_phone,11,1.816833,7.756317,5.449964,0.092379,0.065408,-0.233043
2018015200.000,Miguel,recording,shake_phone,11,1.747038,7.761795,5.470072,0.097908,0.049698,-0.235789
2018015210.000,Miguel,recording,shake_phone,11,1.712200,7.761932,5.489130,0.106992,0.029884,-0.235719
2018015220.000,Miguel,recording,shake_phone,11,1.707322,7.778324,5.497098,0.119370,0.008452,-0.234344
2018015230.000,Miguel,recording,shake_phone,11,1.749506,7.803391,5.478167,0.131967,-0.010832,-0.234270
2018015240.000,Miguel,recording,shake_phone,11,1.770509,7.833073,5.403085,0.139724,-0.024383,-0.237680
2018015250.000,Miguel,recording,shake_phone,11,1.766105,7.822253,5.350722,0.142217,-0.030174,-0.242648
2018015260.000,Miguel,recording,shake_phone,11,1.726008,7.836626,5.354712,0.141730,-0.031231,-0.246528
2018015270.000,Miguel,recording,shake_phone,11,1.696407,7.833593,5.364018,0.139634,-0.031943,-0.250208
2018015280.000,Miguel,recording,shake_phone,11,1.666466,7.836327,5.377096,0.138201,-0.034214,-0.254696
2018015290.000,Miguel,recording,shake_phone,11,1.615935,7.866272,5.390691,0.141101,-0.040552,-0.257894
2018015300.000,Miguel,recording,shake_phone,11,1.593511,7.890139,5.401544,0.150216,-0.053830,-0.258957
2018015310.000,Miguel,recording,shake_phone,11,1.581947,7.909342,5.384776,0.163200,-0.072253,-0.258759
2018015320.000,Miguel,recording,shake_phone,11,1.568685,7.929400,5.341707,0.174106,-0.091070,-0.257694
2018015330.000,Miguel,recording,shake_phone,11,1.565231,7.956877,5.264861,0.178064,-0.103361,-0.255207
2018015340.000,Miguel,recording,shake_phone,11,1.583559,7.965074,5.192583,0.173589,-0.100528,-0.251704
2018015350.000,Miguel,recording,shake_phone,11,1.595639,7.962972,5.146034,0.161974,-0.080414,-0.248392
2018015360.000,Miguel,recording,shake_phone,11,1.573363,7.966229,5.137018,0.145410,-0.047238,-0.245153
2018015370.000,Miguel,recording,shake_phone,11,1.514945,7.965041,5.139069,0.126872,-0.008507,-0.241219
2018015380.000,Miguel,recording,shake_phone,11,1.461622,7.958707,5.147770,0.110693,0.025891,-0.235116
2018015390.000,Miguel,recording,shake_phone,11,1.398281,7.967808,5.183533,0.100927,0.050583,-0.226829
2018015400.000,Miguel,recording,shake_phone,11,1.335705,7.991130,5.234322,0.099921,0.064960,-0.218177
2018015410.000,Miguel,recording,shake_phone,11,1.344081,7.994375,5.296073,0.106658,0.067240,-0.211861
2018015420.000,Miguel,recording,shake_phone,11,1.399701,7.992682,5.279190,0.118046,0.058221,-0.211164
2018015430.000,Miguel,recording,shake_phone,11,1.434401,8.006588,5.259849,0.131763,0.044413,-0.219725
2018015440.000,Miguel,recording,shake_phone,11,1.449493,7.998668,5.268793,0.147882,0.028565,-0.239163
2018015450.000,Miguel,recording,shake_phone,11,1.417492,7.974587,5.246870,0.167348,0.009771,-0.269225
2018015460.000,Miguel,recording,shake_phone,11,1.346804,7.937456,5.186882,0.188561,-0.011175,-0.309013
2018015470.000,Miguel,recording,shake_phone,11,1.247628,7.884156,5.106911,0.209505,-0.034662,-0.357297
2018015480.000,Miguel,recording,shake_phone,11,1.106368,7.836398,5.036090,0.231416,-0.062733,-0.412941
2018015490.000,Miguel,recording,shake_phone,11,0.964421,7.814297,5.019740,0.259179,-0.098010,-0.474103
2018015500.000,Miguel,recording,shake_phone,11,0.832040,7.792925,5.049571,0.300413,-0.141577,-0.538853
2018015510.000,Miguel,recording,shake_phone,11,0.671328,7.722662,5.059207,0.359673,-0.193371,-0.603472
2018015520.000,Miguel,recording,shake_phone,11,0.466906,7.658345,4.949063,0.433711,-0.255034,-0.664643
2018015530.000,Miguel,recording,shake_phone,11,0.265780,7.636254,4.684071,0.508043,-0.323205,-0.719082
2018015540.000,Miguel,recording,shake_phone,11,0.053568,7.603562,4.320053,0.564333,-0.390478,-0.762755
2018015550.000,Miguel,recording,shake_phone,11,-0.201461,7.653934,3.978151,0.594079,-0.455670,-0.788022
2018015560.000,Miguel,recording,shake_phone,11,-0.553777,7.798309,3.604764,0.590966,-0.520517,-0.777354
2018015570.000,Miguel,recording,shake_phone,11,-0.728437,7.966069,3.295662,0.542277,-0.592083,-0.720410
2018015580.000,Miguel,recording,shake_phone,11,-0.565662,8.083676,3.265107,0.448846,-0.676562,-0.626223
2018015590.000,Miguel,recording,shake_phone,11,-0.171066,8.313317,3.499048,0.333063,-0.750164,-0.512733
2018015600.000,Miguel,recording,shake_phone,11,0.728041,8.585433,3.884401,0.215791,-0.770550,-0.405248
2018015610.000,Miguel,recording,shake_phone,11,1.870254,8.767244,4.267839,0.106736,-0.700161,-0.334360
2018015620.000,Miguel,recording,shake_phone,11,2.802795,8.897060,4.561934,0.009615,-0.528340,-0.315362
2018015630.000,Miguel,recording,shake_phone,11,3.486937,9.007153,4.791909,-0.078522,-0.281017,-0.347552
2018015640.000,Miguel,recording,shake_phone,11,3.816368,9.066689,4.924982,-0.160039,0.003758,-0.425592
2018015650.000,Miguel,recording,shake_phone,11,3.629176,9.049493,5.103549,-0.226667,0.281857,-0.528703
2018015660.000,Miguel,recording,shake_phone,11,2.946989,9.052622,5.419443,-0.264894,0.505508,-0.624514
2018015670.000,Miguel,recording,shake_phone,11,2.038782,9.032070,5.755170,-0.263389,0.639129,-0.692110
2018015680.000,Miguel,recording,shake_phone,11,1.267163,8.927350,6.026663,-0.216710,0.677277,-0.730286
2018015690.000,Miguel,recording,shake_phone,11,0.697258,8.790315,6.215692,-0.123829,0.642935,-0.749378
2018015700.000,Miguel,recording,shake_phone,11,0.172663,8.681587,6.214521,0.010756,0.566645,-0.759478
2018015710.000,Miguel,recording,shake_phone,11,-0.599732,8.576161,5.962323,0.171934,0.459585,-0.756200
2018015720.000,Miguel,recording,shake_phone,11,-1.779178,8.394459,5.429228,0.339879,0.293476,-0.717165
2018015730.000,Miguel,recording,shake_phone,11,-3.252907,8.124082,4.670549,0.500932,-0.006044,-0.617564
2018015740.000,Miguel,recording,shake_phone,11,-4.741717,8.017599,3.608945,0.632064,-0.509863,-0.451606
2018015750.000,Miguel,recording,shake_phone,11,-6.488046,7.848731,2.222559,0.690966,-1.212579,-0.236463
2018015760.000,Miguel,recording,shake_phone,11,-8.263491,7.751799,1.000422,0.662832,-2.069505,0.019337
2018015770.000,Miguel,recording,shake_phone,11,-9.838643,7.680201,0.266869,0.587629,-2.985808,0.341250
2018015780.000,Miguel,recording,shake_phone,11,-11.030353,7.374193,-0.013517,0.511592,-3.784773,0.768476
2018015790.000,Miguel,recording,shake_phone,11,-11.200473,6.906748,0.021024,0.436648,-4.239686,1.332117
2018015800.000,Miguel,recording,shake_phone,11,-10.050495,6.033550,0.380285,0.342487,-4.152651,2.034294
2018015810.000,Miguel,recording,shake_phone,11,-7.193719,5.037032,0.590165,0.203293,-3.483985,2.808341
2018015820.000,Miguel,recording,shake_phone,11,-2.557647,4.335649,0.529158,-0.019316,-2.363174,3.530110
2018015830.000,Miguel,recording,shake_phone,11,4.004053,4.231591,0.263575,-0.348140,-0.995092,4.053188
2018015840.000,Miguel,recording,shake_phone,11,11.584364,4.869097,-0.193195,-0.790860,0.409953,4.213451
2018015850.000,Miguel,recording,shake_phone,11,18.562509,5.972278,-0.387596,-1.352359,1.608055,3.854138
2018015860.000,Miguel,recording,shake_phone,11,23.629154,7.143717,0.626017,-1.984218,2.374040,2.915968
2018015870.000,Miguel,recording,shake_phone,11,24.617213,7.822258,3.643571,-2.518139,2.667050,1.551525
2018015880.000,Miguel,recording,shake_phone,11,20.788932,8.139677,8.145727,-2.737717,2.559676,0.092532
2018015890.000,Miguel,recording,shake_phone,11,13.825812,8.258909,12.446634,-2.532835,2.047585,-1.125360
2018015900.000,Miguel,recording,shake_phone,11,5.750999,7.743386,15.612793,-1.911753,1.110423,-1.887916
2018015910.000,Miguel,recording,shake_phone,11,-1.620492,7.528025,17.083094,-0.972431,-0.102381,-2.137169
2018015920.000,Miguel,recording,shake_phone,11,-6.881509,8.154998,15.666873,0.060932,-1.208314,-1.936868
2018015930.000,Miguel,recording,shake_phone,11,-10.591738,8.557695,11.252672,0.895408,-1.847231,-1.372447
2018015940.000,Miguel,recording,shake_phone,11,-13.932056,8.420287,5.949305,1.325260,-1.942425,-0.470834
2018015950.000,Miguel,recording,shake_phone,11,-15.692663,7.849947,1.506629,1.318253,-1.623979,0.733246
2018015960.000,Miguel,recording,shake_phone,11,-14.801622,6.646548,-1.406369,0.975821,-1.084069,2.089766
2018015970.000,Miguel,recording,shake_phone,11,-10.447766,4.844865,-2.617671,0.446414,-0.483909,3.364793
2018015980.000,Miguel,recording,shake_phone,11,-2.963074,3.107239,-2.039968,-0.130888,0.078350,4.333212
2018015990.000,Miguel,recording,shake_phone,11,5.872782,2.289716,-0.064242,-0.640099,0.568767,4.823387
2018016000.000,Miguel,recording,shake_phone,11,14.025312,2.802999,2.652799,-0.991922,0.977257,4.720372
2018016010.000,Miguel,recording,shake_phone,11,19.026544,4.016566,5.590021,-1.117449,1.199467,4.007125
2018016020.000,Miguel,recording,shake_phone,11,20.375161,5.227635,7.671016,-1.021788,1.121590,2.854370
2018016030.000,Miguel,recording,shake_phone,11,19.180864,6.231374,8.306812,-0.842036,0.868760,1.601028
2018016040.000,Miguel,recording,shake_phone,11,16.280063,6.756076,8.233399,-0.711059,0.700617,0.537219
2018016050.000,Miguel,recording,shake_phone,11,12.404104,6.737644,8.065602,-0.658704,0.713048,-0.206489
2018016060.000,Miguel,recording,shake_phone,11,8.700861,6.555707,7.974123,-0.665899,0.823116,-0.621324
2018016070.000,Miguel,recording,shake_phone,11,6.049032,6.465144,8.104864,-0.691928,0.914377,-0.796076
2018016080.000,Miguel,recording,shake_phone,11,4.385319,6.438787,8.424217,-0.685268,0.925669,-0.845870
2018016090.000,Miguel,recording,shake_phone,11,3.243456,6.375156,8.746265,-0.608810,0.860545,-0.845733
2018016100.000,Miguel,recording,shake_phone,11,2.337414,6.204459,8.864869,-0.458904,0.756963,-0.817704
2018016110.000,Miguel,recording,shake_phone,11,1.698327,5.953864,8.736315,-0.258344,0.649411,-0.759290
2018016120.000,Miguel,recording,shake_phone,11,1.245089,5.794517,8.443770,-0.030804,0.553626,-0.663131
2018016130.000,Miguel,recording,shake_phone,11,0.801429,5.704232,8.008639,0.207139,0.479540,-0.520495
2018016140.000,Miguel,recording,shake_phone,11,0.430650,5.624397,7.354403,0.432280,0.437399,-0.324745
2018016150.000,Miguel,recording,shake_phone,11,0.456885,5.620246,6.510697,0.613129,0.424708,-0.080741
2018016160.000,Miguel,recording,shake_phone,11,0.959393,5.660650,5.573321,0.718761,0.427952,0.189782
2018016170.000,Miguel,recording,shake_phone,11,1.763658,5.777066,4.640342,0.731240,0.449570,0.451686
2018016180.000,Miguel,recording,shake_phone,11,2.634283,6.057620,3.895569,0.649291,0.496507,0.664942
2018016190.000,Miguel,recording,shake_phone,11,3.481715,6.492270,3.449293,0.484747,0.550757,0.797881
2018016200.000,Miguel,recording,shake_phone,11,4.068213,6.828406,3.396715,0.263920,0.586514,0.842783
2018016210.000,Miguel,recording,shake_phone,11,4.301257,6.994614,3.768087,0.025189,0.596863,0.821422
2018016220.000,Miguel,recording,shake_phone,11,4.306306,7.073919,4.431369,-0.191952,0.583327,0.766965
2018016230.000,Miguel,recording,shake_phone,11,4.202412,7.089400,5.137450,-0.360119,0.547783,0.702276
2018016240.000,Miguel,recording,shake_phone,11,4.097634,7.002715,5.678386,-0.473286,0.502398,0.638672
2018016250.000,Miguel,recording,shake_phone,11,4.066862,6.813023,6.074586,-0.542285,0.461772,0.582012
2018016260.000,Miguel,recording,shake_phone,11,4.063499,6.585146,6.466656,-0.576277,0.431807,0.534763
2018016270.000,Miguel,recording,shake_phone,11,4.081690,6.359964,6.880186,-0.574187,0.411880,0.499335
2018016280.000,Miguel,recording,shake_phone,11,4.095917,6.142809,7.239880,-0.534307,0.404495,0.478249
2018016290.000,Miguel,recording,shake_phone,11,4.064110,5.959496,7.467067,-0.459625,0.409825,0.472174
2018016300.000,Miguel,recording,shake_phone,11,3.997018,5.818712,7.572290,-0.363500,0.415752,0.480291
2018016310.000,Miguel,recording,shake_phone,11,3.967659,5.735476,7.560740,-0.262157,0.410247,0.498824
2018016320.000,Miguel,recording,shake_phone,11,4.023976,5.732279,7.426479,-0.166256,0.392495,0.520994
2018016330.000,Miguel,recording,shake_phone,11,4.147173,5.791442,7.201651,-0.088553,0.368186,0.537889
2018016340.000,Miguel,recording,shake_phone,11,4.238614,5.892584,6.992521,-0.037351,0.342194,0.543845
2018016350.000,Miguel,recording,shake_phone,11,4.256377,5.986055,6.840417,-0.011528,0.314325,0.541221
2018016360.000,Miguel,recording,shake_phone,11,4.270691,6.043130,6.785444,-0.004698,0.283904,0.534761
2018016370.000,Miguel,recording,shake_phone,11,4.350093,6.085985,6.783997,-0.010173,0.254488,0.523544
2018016380.000,Miguel,recording,shake_phone,11,4.502103,6.111394,6.808714,-0.024686,0.227584,0.502998
2018016390.000,Miguel,recording,shake_phone,11,4.734017,6.118494,6.861629,-0.043596,0.201205,0.471561
2018016400.000,Miguel,recording,shake_phone,11,4.889808,6.098539,6.903505,-0.060204,0.183959,0.429551
2018016410.000,Miguel,recording,shake_phone,11,4.938406,6.078971,6.958550,-0.070900,0.183693,0.378356
2018016420.000,Miguel,recording,shake_phone,11,4.908644,6.059732,7.014385,-0.075751,0.187821,0.322916
2018016430.000,Miguel,recording,shake_phone,11,4.769387,6.011893,7.054972,-0.074443,0.184756,0.270265
2018016440.000,Miguel,recording,shake_phone,11,4.538372,5.948208,7.083568,-0.064785,0.173956,0.227433
2018016450.000,Miguel,recording,shake_phone,11,4.305949,5.895244,7.119333,-0.045816,0.155337,0.199768
2018016460.000,Miguel,recording,shake_phone,11,4.159788,5.875633,7.133531,-0.019149,0.130283,0.188092
2018016470.000,Miguel,recording,shake_phone,11,4.174222,5.889812,7.064159,0.012336,0.106458,0.187681
2018016480.000,Miguel,recording,shake_phone,11,4.282986,5.870532,6.911727,0.043245,0.093266,0.190818
2018016490.000,Miguel,recording,shake_phone,11,4.369193,5.846166,6.739430,0.065590,0.091652,0.190777
2018016500.000,Miguel,recording,shake_phone,11,4.450926,5.873993,6.584859,0.076127,0.097074,0.184040
2018016510.000,Miguel,recording,shake_phone,11,4.595305,5.889150,6.425001,0.073287,0.104606,0.170288
2018016520.000,Miguel,recording,shake_phone,11,4.702133,5.890385,6.261771,0.050989,0.112645,0.150043
2018016530.000,Miguel,recording,shake_phone,11,4.695939,5.897413,6.271647,0.013125,0.119260,0.125385
2018016540.000,Miguel,recording,shake_phone,11,4.577068,5.938641,6.463620,-0.022439,0.119928,0.098701
2018016550.000,Miguel,recording,shake_phone,11,4.411213,5.974313,6.677925,-0.039283,0.111614,0.071866
2018016560.000,Miguel,recording,shake_phone,11,4.257138,5.969277,6.813143,-0.034688,0.091724,0.049951
2018016570.000,Miguel,recording,shake_phone,11,4.161059,5.915602,6.809302,-0.019297,0.063156,0.036896
2018016580.000,Miguel,recording,shake_phone,11,4.153003,5.870756,6.723689,-0.007048,0.032835,0.029653
2018016590.000,Miguel,recording,shake_phone,11,4.191304,5.905939,6.694474,-0.002389,0.007339,0.023225
2018016600.000,Miguel,recording,shake_phone,11,4.217845,5.947809,6.698739,0.000136,-0.006247,0.014965
2018016610.000,Miguel,recording,shake_phone,11,4.194643,5.953281,6.676389,0.002777,-0.008190,0.005451
2018016620.000,Miguel,recording,shake_phone,11,4.195397,5.909405,6.623927,0.000927,-0.007331,-0.001879
2018016630.000,Miguel,recording,shake_phone,11,4.234842,5.858267,6.541338,-0.012234,-0.008040,-0.004585
2018016640.000,Miguel,recording,shake_phone,11,4.284973,5.859974,6.528276,-0.034355,-0.004695,-0.006565
2018016650.000,Miguel,recording,shake_phone,11,4.275463,5.880518,6.640019,-0.053392,0.007352,-0.012384
2018016660.000,Miguel,recording,shake_phone,11,4.205516,5.877621,6.780389,-0.061566,0.023981,-0.019319
2018016670.000,Miguel,recording,shake_phone,11,4.178947,5.824965,6.839410,-0.061264,0.037405,-0.023881
2018016680.000,Miguel,recording,shake_phone,11,4.190228,5.792042,6.831107,-0.059486,0.043136,-0.028469
2018016690.000,Miguel,recording,shake_phone,11,4.162095,5.799814,6.852580,-0.058127,0.038895,-0.037680
2018016700.000,Miguel,recording,shake_phone,11,4.068996,5.813464,6.911194,-0.051916,0.024541,-0.050465
2018016710.000,Miguel,recording,shake_phone,11,3.945418,5.786679,6.953070,-0.037073,0.005095,-0.059589
2018016720.000,Miguel,recording,shake_phone,11,3.879670,5.729910,6.946529,-0.020359,-0.014253,-0.059823
2018016730.000,Miguel,recording,shake_phone,11,3.895204,5.696671,6.898537,-0.010091,-0.028151,-0.053647
2018016740.000,Miguel,recording,shake_phone,11,3.939869,5.698356,6.889548,-0.005355,-0.030313,-0.046173
2018016750.000,Miguel,recording,shake_phone,11,3.914148,5.719363,6.912871,-0.000819,-0.020216,-0.039571
2018016760.000,Miguel,recording,shake_phone,11,3.840608,5.719778,6.895778,0.006737,-0.005550,-0.032889
2018016770.000,Miguel,recording,shake_phone,11,3.790408,5.706067,6.817859,0.014345,0.003832,-0.023974
2018016780.000,Miguel,recording,shake_phone,11,3.815251,5.687370,6.726903,0.016410,0.004925,-0.012894
2018016790.000,Miguel,recording,shake_phone,11,3.877615,5.685359,6.670317,0.010212,0.003170,-0.002916
2018016800.000,Miguel,recording,shake_phone,11,3.932129,5.716997,6.653590,-0.001376,0.005903,0.001053
2018016810.000,Miguel,recording,shake_phone,11,3.935513,5.754726,6.672762,-0.012787,0.013638,-0.001032
2018016820.000,Miguel,recording,shake_phone,11,3.880140,5.750535,6.701985,-0.021222,0.020411,-0.002730
2018016830.000,Miguel,recording,shake_phone,11,3.846542,5.727467,6.713909,-0.027694,0.024189,-0.001773
2018016840.000,Miguel,recording,shake_phone,11,3.862221,5.712297,6.740317,-0.034860,0.026362,0.000703
2018016850.000,Miguel,recording,shake_phone,11,3.850023,5.703624,6.791293,-0.039303,0.029063,0.005656
2018016860.000,Miguel,recording,shake_phone,11,3.798007,5.722854,6.852655,-0.035662,0.031209,0.012169
2018016870.000,Miguel,recording,shake_phone,11,3.769752,5.730211,6.833792,-0.027992,0.025634,0.019408
2018016880.000,Miguel,recording,shake_phone,11,3.847239,5.723524,6.729441,-0.026675,0.012005,0.026289
2018016890.000,Miguel,recording,shake_phone,11,4.042625,5.727465,6.636274,-0.038109,-0.002394,0.027570
2018016900.000,Miguel,recording,shake_phone,11,4.212132,5.766231,6.678719,-0.056833,-0.008229,0.020156
2018016910.000,Miguel,recording,shake_phone,11,4.249491,5.816145,6.829257,-0.071261,-0.000225,0.008225
2018016920.000,Miguel,recording,shake_phone,11,4.205042,5.835226,6.937734,-0.074472,0.018383,-0.002022
2018016930.000,Miguel,recording,shake_phone,11,4.144437,5.817612,6.982303,-0.068323,0.041032,-0.009023
2018016940.000,Miguel,recording,shake_phone,11,4.084138,5.762910,6.992932,-0.059157,0.058507,-0.014841
2018016950.000,Miguel,recording,shake_phone,11,4.032425,5.698399,6.987660,-0.048665,0.064812,-0.020238
2018016960.000,Miguel,recording,shake_phone,11,3.954355,5.661687,6.984472,-0.034443,0.060623,-0.024686
2018016970.000,Miguel,recording,shake_phone,11,3.878490,5.636295,6.945468,-0.017540,0.047271,-0.026813
2018016980.000,Miguel,recording,shake_phone,11,3.857536,5.617442,6.878802,-0.004016,0.028586,-0.025937
2018016990.000,Miguel,recording,shake_phone,11,3.926614,5.594114,6.815818,0.002942,0.012042,-0.023882
2018017000.000,Miguel,recording,shake_phone,11,4.027514,5.606285,6.758924,0.004035,0.004459,-0.023806
2018017010.000,Miguel,recording,shake_phone,11,4.054041,5.641557,6.727190,-0.000933,0.007492,-0.026184
2018017020.000,Miguel,recording,shake_phone,11,4.001229,5.713753,6.756338,-0.008975,0.015784,-0.028407
2018017030.000,Miguel,recording,shake_phone,11,3.937435,5.774287,6.842744,-0.013341,0.024837,-0.028992
2018017040.000,Miguel,recording,shake_phone,11,3.864358,5.820622,6.879019,-0.012397,0.032540,-0.029031
2018017050.000,Miguel,recording,shake_phone,11,3.770180,5.858856,6.847142,-0.011868,0.034678,-0.027265
2018017060.000,Miguel,recording,shake_phone,11,3.701935,5.851171,6.782102,-0.017829,0.030094,-0.020268
2018017070.000,Miguel,recording,shake_phone,11,3.693621,5.810568,6.754851,-0.031185,0.024105,-0.007866
2018017080.000,Miguel,recording,shake_phone,11,3.783492,5.771316,6.805509,-0.047858,0.026309,0.007784
2018017090.000,Miguel,recording,shake_phone,11,3.918600,5.755517,6.915880,-0.061015,0.043324,0.023379
2018017100.000,Miguel,recording,shake_phone,11,4.039838,5.757445,6.998438,-0.064892,0.072306,0.034605
2018017110.000,Miguel,recording,shake_phone,11,4.102130,5.768426,7.035831,-0.059049,0.099501,0.037746
2018017120.000,Miguel,recording,shake_phone,11,4.110620,5.768209,7.024483,-0.045343,0.108666,0.032347
2018017130.000,Miguel,recording,shake_phone,11,4.138274,5.708160,6.969845,-0.026352,0.094101,0.020830
2018017140.000,Miguel,recording,shake_phone,11,4.190090,5.643537,6.864618,-0.009206,0.062486,0.004145
2018017150.000,Miguel,recording,shake_phone,11,4.247082,5.646254,6.732587,-0.001692,0.024811,-0.019814
2018017160.000,Miguel,recording,shake_phone,11,4.236227,5.697208,6.688622,-0.004955,-0.012252,-0.050085
2018017170.000,Miguel,recording,shake_phone,11,4.124719,5.771306,6.773831,-0.011322,-0.044998,-0.080064
2018017180.000,Miguel,recording,shake_phone,11,3.947890,5.809043,6.887814,-0.012086,-0.071546,-0.100808
2018017190.000,Miguel,recording,shake_phone,11,3.816682,5.831787,6.952732,-0.006669,-0.091011,-0.108131
2018017200.000,Miguel,recording,shake_phone,11,3.769654,5.843918,6.980756,0.001724,-0.099972,-0.105111
2018017210.000,Miguel,recording,shake_phone,11,3.790364,5.832523,6.990978,0.010889,-0.094765,-0.096303
2018017220.000,Miguel,recording,shake_phone,11,3.847085,5.830815,6.959564,0.019157,-0.075003,-0.085973
2018017230.000,Miguel,recording,shake_phone,11,3.911783,5.833620,6.921640,0.024730,-0.046125,-0.078187
2018017240.000,Miguel,recording,shake_phone,11,3.922982,5.865155,6.863950,0.027506,-0.018090,-0.075934
2018017250.000,Miguel,recording,shake_phone,11,3.903430,5.910937,6.784495,0.027643,0.001220,-0.079087
2018017260.000,Miguel,recording,shake_phone,11,3.870949,5.938233,6.727544,0.023825,0.007114,-0.086256
2018017270.000,Miguel,recording,shake_phone,11,3.823241,5.944338,6.681677,0.017934,-0.001214,-0.096075
2018017280.000,Miguel,recording,shake_phone,11,3.783491,5.925440,6.615943,0.010833,-0.017525,-0.105791
2018017290.000,Miguel,recording,shake_phone,11,3.753046,5.863982,6.565825,-0.000854,-0.033750,-0.114363
2018017300.000,Miguel,recording,shake_phone,11,3.727820,5.800006,6.567421,-0.015652,-0.045677,-0.120482
2018017310.000,Miguel,recording,shake_phone,11,3.625880,5.755162,6.606302,-0.028984,-0.052742,-0.119802
2018017320.000,Miguel,recording,shake_phone,11,3.503446,5.720321,6.635812,-0.040366,-0.055645,-0.109005
2018017330.000,Miguel,recording,shake_phone,11,3.454317,5.696114,6.671432,-0.049167,-0.054921,-0.087398
2018017340.000,Miguel,recording,shake_phone,11,3.504969,5.696148,6.691035,-0.056273,-0.048779,-0.057342
2018017350.000,Miguel,recording,shake_phone,11,3.634565,5.726411,6.675949,-0.066400,-0.033402,-0.026506
2018017360.000,Miguel,recording,shake_phone,11,3.796967,5.742432,6.670148,-0.079112,-0.007968,-0.003280
2018017370.000,Miguel,recording,shake_phone,11,3.967056,5.710149,6.675630,-0.090795,0.021496,0.008081
2018017380.000,Miguel,recording,shake_phone,11,4.036368,5.703387,6.687410,-0.102105,0.044519,0.006420
2018017390.000,Miguel,recording,shake_phone,11,3.998095,5.730111,6.735160,-0.112095,0.051332,-0.005732
2018017400.000,Miguel,recording,shake_phone,11,3.887721,5.714426,6.824135,-0.116984,0.038298,-0.023936
2018017410.000,Miguel,recording,shake_phone,11,3.767731,5.687637,6.906842,-0.114431,0.010430,-0.042582
2018017420.000,Miguel,recording,shake_phone,11,3.697108,5.636974,6.946993,-0.105380,-0.020687,-0.054961
2018017430.000,Miguel,recording,shake_phone,11,3.697489,5.559806,6.915257,-0.095385,-0.043079,-0.058023
2018017440.000,Miguel,recording,shake_phone,11,3.741215,5.494493,6.871248,-0.090192,-0.052181,-0.054172
2018017450.000,Miguel,recording,shake_phone,11,3.788472,5.462756,6.836079,-0.091363,-0.049001,-0.046684
2018017460.000,Miguel,recording,shake_phone,11,3.820735,5.447675,6.848845,-0.097360,-0.036934,-0.036615
2018017470.000,Miguel,recording,shake_phone,11,3.831330,5.442963,6.864864,-0.106109,-0.020658,-0.023717
2018017480.000,Miguel,recording,shake_phone,11,3.830011,5.456995,6.892852,-0.116103,-0.003514,-0.008802
2018017490.000,Miguel,recording,shake_phone,11,3.860611,5.484402,6.937342,-0.126682,0.011778,0.006012
2018017500.000,Miguel,recording,shake_phone,11,3.895573,5.528825,7.057330,-0.134324,0.024354,0.017961
2018017510.000,Miguel,recording,shake_phone,11,3.938277,5.589472,7.201720,-0.132403,0.033171,0.024671
2018017520.000,Miguel,recording,shake_phone,11,3.976225,5.639223,7.283172,-0.119699,0.036405,0.025775
2018017530.000,Miguel,recording,shake_phone,11,4.016034,5.686818,7.315797,-0.101002,0.033288,0.020767
2018017540.000,Miguel,recording,shake_phone,11,4.040794,5.753718,7.330825,-0.081049,0.023487,0.008859
2018017550.000,Miguel,recording,shake_phone,11,4.075751,5.801476,7.297432,-0.062513,0.010108,-0.009438
2018017560.000,Miguel,recording,shake_phone,11,4.061902,5.829294,7.240830,-0.048155,-0.003060,-0.030894
2018017570.000,Miguel,recording,shake_phone,11,4.007046,5.821082,7.208050,-0.040625,-0.013929,-0.050345
2018017580.000,Miguel,recording,shake_phone,11,3.917277,5.756743,7.170422,-0.040135,-0.019131,-0.063215
2018017590.000,Miguel,recording,shake_phone,11,3.850128,5.671859,7.190620,-0.044073,-0.015591,-0.066229
2018017600.000,Miguel,recording,shake_phone,11,3.832215,5.585799,7.260621,-0.046445,-0.002706,-0.059559
2018017610.000,Miguel,recording,shake_phone,11,3.818785,5.503862,7.312219,-0.041993,0.016139,-0.046902
2018017620.000,Miguel,recording,shake_phone,11,3.798986,5.468375,7.363751,-0.029006,0.035130,-0.031016
2018017630.000,Miguel,recording,shake_phone,11,3.788560,5.461196,7.354152,-0.008967,0.049516,-0.015134
2018017640.000,Miguel,recording,shake_phone,11,3.797722,5.451589,7.290957,0.013018,0.055161,-0.003198
2018017650.000,Miguel,recording,shake_phone,11,3.830727,5.458569,7.197707,0.032347,0.051765,0.001560
2018017660.000,Miguel,recording,shake_phone,11,3.873232,5.467356,7.104060,0.045802,0.041823,-0.002581
2018017670.000,Miguel,recording,shake_phone,11,3.891721,5.485347,7.035263,0.050870,0.026209,-0.013807
2018017680.000,Miguel,recording,shake_phone,11,3.867842,5.495257,6.992110,0.049300,0.008942,-0.028273
2018017690.000,Miguel,recording,shake_phone,11,3.830230,5.519022,6.984600,0.044838,-0.002558,-0.041266
2018017700.000,Miguel,recording,shake_phone,11,3.782701,5.538506,7.005762,0.040891,-0.005543,-0.050810
2018017710.000,Miguel,recording,shake_phone,11,3.670353,5.543105,7.015788,0.037392,-0.003643,-0.056021
2018017720.000,Miguel,recording,shake_phone,11,3.513350,5.531536,7.000796,0.031902,0.000482,-0.052003
2018017730.000,Miguel,recording,shake_phone,11,3.452039,5.533819,7.038207,0.025325,0.009508,-0.035482
2018017740.000,Miguel,recording,shake_phone,11,3.610644,5.567452,7.096565,0.020093,0.032005,-0.011096
2018017750.000,Miguel,recording,shake_phone,11,3.869285,5.597873,7.163468,0.016145,0.077972,0.011949
2018017760.000,Miguel,recording,shake_phone,11,4.111051,5.628285,7.281535,0.012331,0.142408,0.027042
2018017770.000,Miguel,recording,shake_phone,11,4.304144,5.643896,7.461862,0.011662,0.208388,0.033333
2018017780.000,Miguel,recording,shake_phone,11,4.473225,5.646355,7.705005,0.022624,0.263464,0.030703
2018017790.000,Miguel,recording,shake_phone,11,4.759732,5.698149,7.923648,0.050313,0.302595,0.012161
2018017800.000,Miguel,recording,shake_phone,11,5.201262,5.827181,7.994105,0.091019,0.332895,-0.036714
2018017810.000,Miguel,recording,shake_phone,11,5.535526,5.938037,7.977939,0.137842,0.360670,-0.123171
2018017820.000,Miguel,recording,shake_phone,11,5.567920,6.019786,7.951843,0.187169,0.373783,-0.232847
2018017830.000,Miguel,recording,shake_phone,11,5.378352,6.064095,7.882062,0.237074,0.356063,-0.345723
2018017840.000,Miguel,recording,shake_phone,11,5.056628,6.112166,7.765308,0.283059,0.300507,-0.449214
2018017850.000,Miguel,recording,shake_phone,11,4.669823,6.151826,7.647339,0.323789,0.211580,-0.533205
2018017860.000,Miguel,recording,shake_phone,11,4.400930,6.155590,7.533654,0.359885,0.104695,-0.594705
2018017870.000,Miguel,recording,shake_phone,11,4.267521,6.153600,7.458093,0.391106,0.000194,-0.639974
2018017880.000,Miguel,recording,shake_phone,11,4.158066,6.172971,7.382959,0.418733,-0.085016,-0.678255
2018017890.000,Miguel,recording,shake_phone,11,4.024967,6.187369,7.314809,0.444611,-0.145609,-0.712650
2018017900.000,Miguel,recording,shake_phone,11,3.810009,6.201817,7.241637,0.469977,-0.186637,-0.738066
2018017910.000,Miguel,recording,shake_phone,11,3.540990,6.231832,7.118633,0.493948,-0.213094,-0.749216
2018017920.000,Miguel,recording,shake_phone,11,3.330913,6.259242,6.932847,0.511700,-0.227845,-0.744859
2018017930.000,Miguel,recording,shake_phone,11,3.198086,6.285540,6.733923,0.516659,-0.236304,-0.728168
2018017940.000,Miguel,recording,shake_phone,11,3.133381,6.306595,6.586171,0.508324,-0.241279,-0.705276
2018017950.000,Miguel,recording,shake_phone,11,3.105053,6.296215,6.461367,0.492142,-0.240760,-0.680807
2018017960.000,Miguel,recording,shake_phone,11,3.057081,6.346814,6.364622,0.471398,-0.232370,-0.659538
2018017970.000,Miguel,recording,shake_phone,11,2.968619,6.439109,6.302040,0.447557,-0.215103,-0.643305
2018017980.000,Miguel,recording,shake_phone,11,2.860843,6.447860,6.239768,0.420756,-0.192841,-0.627220
2018017990.000,Miguel,recording,shake_phone,12,2.729534,6.412404,6.188219,0.390239,-0.171002,-0.606263
2018018000.000,Miguel,recording,shake_phone,12,2.596365,6.424408,6.157438,0.358926,-0.148692,-0.579411
2018018010.000,Miguel,recording,shake_phone,12,2.480601,6.454262,6.190445,0.331590,-0.123590,-0.547998
2018018020.000,Miguel,recording,shake_phone,12,2.399525,6.481720,6.198695,0.310014,-0.097678,-0.513635
2018018030.000,Miguel,recording,shake_phone,12,2.351199,6.478861,6.144794,0.290098,-0.073205,-0.478351
2018018040.000,Miguel,recording,shake_phone,12,2.329593,6.489358,6.058779,0.267028,-0.050183,-0.444419
2018018050.000,Miguel,recording,shake_phone,12,2.324238,6.528516,6.007054,0.241623,-0.028622,-0.414395
2018018060.000,Miguel,recording,shake_phone,12,2.306898,6.556850,6.066319,0.218469,-0.012401,-0.388799
2018018070.000,Miguel,recording,shake_phone,12,2.277391,6.577689,6.147631,0.201955,-0.003641,-0.362781
2018018080.000,Miguel,recording,shake_phone,12,2.315219,6.593802,6.201570,0.192559,0.004470,-0.334087
2018018090.000,Miguel,recording,shake_phone,12,2.483301,6.624097,6.231425,0.186724,0.021766,-0.308892
2018018100.000,Miguel,recording,shake_phone,12,2.629134,6.697060,6.244236,0.182495,0.052178,-0.293531
2018018110.000,Miguel,recording,shake_phone,12,2.607556,6.761456,6.207126,0.178555,0.087984,-0.286684
2018018120.000,Miguel,recording,shake_phone,12,2.462467,6.795418,6.120163,0.170420,0.116577,-0.280050
2018018130.000,Miguel,recording,shake_phone,12,2.341815,6.889362,6.054527,0.154517,0.133015,-0.270733
2018018140.000,Miguel,recording,shake_phone,12,2.316452,6.986212,6.117434,0.135041,0.137633,-0.262245
2018018150.000,Miguel,recording,shake_phone,12,2.313480,7.024608,6.233489,0.120741,0.128477,-0.252066
2018018160.000,Miguel,recording,shake_phone,12,2.323934,7.049632,6.331745,0.114007,0.110762,-0.239977
2018018170.000,Miguel,recording,shake_phone,12,2.470714,7.106921,6.343592,0.110003,0.096828,-0.236852
2018018180.000,Miguel,recording,shake_phone,12,2.616113,7.127407,6.344305,0.105179,0.088589,-0.244213
2018018190.000,Miguel,recording,shake_phone,12,2.666904,7.070498,6.326684,0.098705,0.084337,-0.254591
2018018200.000,Miguel,recording,shake_phone,12,2.720303,7.004431,6.322103,0.090158,0.088069,-0.267821
2018018210.000,Miguel,recording,shake_phone,12,2.827026,6.974296,6.388343,0.080723,0.101993,-0.285287
2018018220.000,Miguel,recording,shake_phone,12,2.881286,6.934993,6.461474,0.073540,0.126292,-0.306252
2018018230.000,Miguel,recording,shake_phone,12,2.877666,6.897936,6.550009,0.073944,0.156773,-0.329499
2018018240.000,Miguel,recording,shake_phone,12,2.848997,6.891122,6.626283,0.084610,0.183519,-0.353000
2018018250.000,Miguel,recording,shake_phone,12,2.814664,6.929670,6.635218,0.101500,0.196662,-0.375949
2018018260.000,Miguel,recording,shake_phone,12,2.744133,6.990858,6.592630,0.119385,0.192083,-0.398977
2018018270.000,Miguel,recording,shake_phone,12,2.640176,7.070880,6.563425,0.136130,0.170952,-0.422716
2018018280.000,Miguel,recording,shake_phone,12,2.540757,7.126528,6.530461,0.149645,0.136461,-0.445982
2018018290.000,Miguel,recording,shake_phone,12,2.438606,7.113657,6.478632,0.158925,0.094092,-0.466616
2018018300.000,Miguel,recording,shake_phone,12,2.412708,7.112125,6.454226,0.164798,0.052673,-0.489126
2018018310.000,Miguel,recording,shake_phone,12,2.424466,7.113751,6.538848,0.172410,0.015258,-0.516313
2018018320.000,Miguel,recording,shake_phone,12,2.380945,7.071820,6.689959,0.190409,-0.025550,-0.542994
2018018330.000,Miguel,recording,shake_phone,12,2.296011,7.040696,6.814674,0.223090,-0.071155,-0.566751
2018018340.000,Miguel,recording,shake_phone,12,2.219131,7.056705,6.839883,0.269783,-0.114882,-0.589680
2018018350.000,Miguel,recording,shake_phone,12,2.164830,7.092249,6.768783,0.325598,-0.155449,-0.615280
2018018360.000,Miguel,recording,shake_phone,12,2.113397,7.110783,6.653581,0.382555,-0.195675,-0.643727
2018018370.000,Miguel,recording,shake_phone,12,2.032670,7.115275,6.485152,0.431873,-0.235521,-0.671756
2018018380.000,Miguel,recording,shake_phone,12,1.938899,7.157606,6.285650,0.466551,-0.271331,-0.697328
2018018390.000,Miguel,recording,shake_phone,12,1.832258,7.220133,6.130268,0.484044,-0.297332,-0.716995
2018018400.000,Miguel,recording,shake_phone,12,1.731228,7.245151,6.032824,0.486617,-0.308724,-0.726871
2018018410.000,Miguel,recording,shake_phone,12,1.686558,7.264580,5.986568,0.480243,-0.305772,-0.727931
2018018420.000,Miguel,recording,shake_phone,12,1.695390,7.338156,5.990749,0.474121,-0.293238,-0.727236
2018018430.000,Miguel,recording,shake_phone,12,1.694591,7.406797,5.990506,0.474402,-0.276536,-0.730473
2018018440.000,Miguel,recording,shake_phone,12,1.635512,7.442719,5.905363,0.477820,-0.260281,-0.738776
2018018450.000,Miguel,recording,shake_phone,12,1.510311,7.471541,5.796905,0.479203,-0.246962,-0.750713
2018018460.000,Miguel,recording,shake_phone,12,1.332327,7.505838,5.769299,0.479024,-0.239902,-0.760768
2018018470.000,Miguel,recording,shake_phone,12,1.193919,7.538465,5.823607,0.481253,-0.243004,-0.763621
2018018480.000,Miguel,recording,shake_phone,12,1.126768,7.514354,5.881386,0.488520,-0.252936,-0.758230
2018018490.000,Miguel,recording,shake_phone,12,1.138121,7.519085,5.862321,0.498922,-0.260556,-0.748230
2018018500.000,Miguel,recording,shake_phone,12,1.163848,7.587931,5.815213,0.507764,-0.261395,-0.738950
2018018510.000,Miguel,recording,shake_phone,12,1.144546,7.639941,5.807611,0.517544,-0.255530,-0.732812
2018018520.000,Miguel,recording,shake_phone,12,1.046630,7.667174,5.817772,0.536652,-0.242207,-0.727069
2018018530.000,Miguel,recording,shake_phone,12,0.899721,7.702646,5.730195,0.563002,-0.223972,-0.717664
2018018540.000,Miguel,recording,shake_phone,12,0.771915,7.758330,5.551429,0.583681,-0.207398,-0.704993
2018018550.000,Miguel,recording,shake_phone,12,0.599314,7.829095,5.359040,0.590782,-0.195608,-0.689335
2018018560.000,Miguel,recording,shake_phone,12,0.418271,7.892685,5.218029,0.585252,-0.189130,-0.667093
2018018570.000,Miguel,recording,shake_phone,12,0.356858,7.966144,5.118735,0.569735,-0.186916,-0.637712
2018018580.000,Miguel,recording,shake_phone,12,0.390631,8.011690,5.084911,0.547121,-0.182804,-0.606902
2018018590.000,Miguel,recording,shake_phone,12,0.431503,7.990534,5.105746,0.524798,-0.175257,-0.579101
2018018600.000,Miguel,recording,shake_phone,12,0.510703,7.962407,5.083520,0.508692,-0.171180,-0.555560
2018018610.000,Miguel,recording,shake_phone,12,0.653773,7.966421,5.056158,0.496966,-0.175051,-0.541632
2018018620.000,Miguel,recording,shake_phone,12,0.959396,7.978418,4.999774,0.485873,-0.181541,-0.547566
2018018630.000,Miguel,recording,shake_phone,12,1.464979,7.979302,4.888603,0.471204,-0.176682,-0.583493
2018018640.000,Miguel,recording,shake_phone,12,2.098765,7.960340,4.814400,0.451108,-0.150650,-0.658188
2018018650.000,Miguel,recording,shake_phone,12,2.714596,7.903139,4.787250,0.430314,-0.112697,-0.777753
2018018660.000,Miguel,recording,shake_phone,12,3.173659,7.861436,4.776073,0.415954,-0.088883,-0.944889
2018018670.000,Miguel,recording,shake_phone,12,3.249352,7.876840,4.861528,0.415470,-0.113988,-1.155596
2018018680.000,Miguel,recording,shake_phone,12,2.906440,7.879901,4.991844,0.435664,-0.218177,-1.394683
2018018690.000,Miguel,recording,shake_phone,12,2.357728,7.883385,5.032769,0.479978,-0.409665,-1.642386
2018018700.000,Miguel,recording,shake_phone,12,1.475030,7.790196,5.048501,0.550538,-0.671290,-1.880954
2018018710.000,Miguel,recording,shake_phone,12,-0.050208,7.597659,5.065085,0.656707,-0.982041,-2.080306
2018018720.000,Miguel,recording,shake_phone,12,-2.797764,7.589274,4.912764,0.805071,-1.349428,-2.182315
2018018730.000,Miguel,recording,shake_phone,12,-6.627532,7.706433,4.328185,0.968884,-1.801151,-2.109775
2018018740.000,Miguel,recording,shake_phone,12,-10.784765,7.728830,3.016253,1.081151,-2.312028,-1.778671
2018018750.000,Miguel,recording,shake_phone,12,-14.091046,7.605847,0.849154,1.055739,-2.802514,-1.153901
2018018760.000,Miguel,recording,shake_phone,12,-15.969066,7.897645,-1.358937,0.830818,-3.187262,-0.292666
2018018770.000,Miguel,recording,shake_phone,12,-15.855616,8.053462,-2.819851,0.416873,-3.350481,0.701161
2018018780.000,Miguel,recording,shake_phone,12,-13.143096,7.286987,-3.350080,-0.114016,-3.168200,1.713236
2018018790.000,Miguel,recording,shake_phone,12,-8.212470,6.046036,-3.101193,-0.703472,-2.554763,2.629756
2018018800.000,Miguel,recording,shake_phone,12,-1.458781,5.083640,-2.578004,-1.332780,-1.533027,3.319138
2018018810.000,Miguel,recording,shake_phone,12,5.952372,4.878287,-1.379656,-1.943371,-0.353946,3.607670
2018018820.000,Miguel,recording,shake_phone,12,13.105462,5.422944,1.369955,-2.412203,0.613204,3.354692
2018018830.000,Miguel,recording,shake_phone,12,19.420901,6.322184,5.579705,-2.610192,1.104394,2.528064
2018018840.000,Miguel,recording,shake_phone,12,23.334767,7.070886,9.987925,-2.465317,1.097629,1.236177
2018018850.000,Miguel,recording,shake_phone,12,23.729654,7.414971,13.106958,-2.016519,0.776737,-0.273811
2018018860.000,Miguel,recording,shake_phone,12,20.682023,7.632394,14.636028,-1.398871,0.368882,-1.699374
2018018870.000,Miguel,recording,shake_phone,12,15.448625,7.797404,14.909974,-0.765316,0.046677,-2.795799
2018018880.000,Miguel,recording,shake_phone,12,9.576759,7.839541,14.430865,-0.199912,-0.163446,-3.466772
2018018890.000,Miguel,recording,shake_phone,12,3.348315,7.653119,13.918386,0.310869,-0.399373,-3.748976
2018018900.000,Miguel,recording,shake_phone,12,-3.103721,7.784073,13.477221,0.812871,-0.798896,-3.704817
2018018910.000,Miguel,recording,shake_phone,12,-8.964155,8.292258,12.451053,1.298272,-1.309477,-3.354345
2018018920.000,Miguel,recording,shake_phone,12,-13.365809,8.721526,10.189377,1.681828,-1.720595,-2.702227
2018018930.000,Miguel,recording,shake_phone,12,-16.792469,8.760529,7.017358,1.860679,-1.867433,-1.784514
2018018940.000,Miguel,recording,shake_phone,12,-18.799179,8.263441,4.026084,1.810959,-1.754835,-0.680413
2018018950.000,Miguel,recording,shake_phone,12,-18.238894,7.200054,2.037528,1.611168,-1.466836,0.494416
2018018960.000,Miguel,recording,shake_phone,12,-15.547901,5.910840,0.697721,1.352069,-1.058481,1.615357
2018018970.000,Miguel,recording,shake_phone,12,-11.382685,4.759221,-0.410173,1.061381,-0.540896,2.578010
2018018980.000,Miguel,recording,shake_phone,12,-5.788478,3.896716,-1.279397,0.728380,0.084848,3.305078
2018018990.000,Miguel,recording,shake_phone,12,0.367124,3.496893,-1.885363,0.345497,0.719539,3.719182
2018019000.000,Miguel,recording,shake_phone,12,5.825170,3.903487,-1.565558,-0.061925,1.157783,3.741276
2018019010.000,Miguel,recording,shake_phone,12,9.972985,4.990887,-0.054637,-0.427804,1.279380,3.359440
2018019020.000,Miguel,recording,shake_phone,12,12.793151,6.282673,2.056212,-0.686765,1.185938,2.660128
2018019030.000,Miguel,recording,shake_phone,12,13.484383,7.188352,4.150569,-0.811204,1.071814,1.806921
2018019040.000,Miguel,recording,shake_phone,12,11.831342,7.559820,5.775778,-0.816498,1.007704,1.010966
2018019050.000,Miguel,recording,shake_phone,12,9.187424,7.776840,6.783495,-0.752487,0.934614,0.435151
2018019060.000,Miguel,recording,shake_phone,12,6.988373,8.062590,7.224948,-0.669802,0.808929,0.097829
2018019070.000,Miguel,recording,shake_phone,12,5.567213,8.418088,7.389537,-0.598204,0.659552,-0.083977
2018019080.000,Miguel,recording,shake_phone,12,4.581902,8.636713,7.383670,-0.552926,0.540907,-0.191150
2018019090.000,Miguel,recording,shake_phone,12,3.690487,8.639205,7.367623,-0.532649,0.485852,-0.258465
2018019100.000,Miguel,recording,shake_phone,12,2.755007,8.559303,7.514409,-0.518163,0.498792,-0.295580
2018019110.000,Miguel,recording,shake_phone,12,1.772020,8.447312,7.788233,-0.481177,0.565005,-0.304801
2018019120.000,Miguel,recording,shake_phone,12,0.935637,8.329049,8.082142,-0.395987,0.655177,-0.282179
2018019130.000,Miguel,recording,shake_phone,12,0.349959,8.190592,8.259447,-0.252776,0.732281,-0.224522
2018019140.000,Miguel,recording,shake_phone,12,0.028756,8.060238,8.254300,-0.057844,0.764864,-0.134342
2018019150.000,Miguel,recording,shake_phone,12,0.077060,7.954668,7.995493,0.170030,0.734229,-0.023547
2018019160.000,Miguel,recording,shake_phone,12,0.418324,7.849014,7.427036,0.399563,0.639875,0.082040
2018019170.000,Miguel,recording,shake_phone,12,0.881984,7.799898,6.664271,0.600873,0.505086,0.153941
2018019180.000,Miguel,recording,shake_phone,12,1.403846,7.821482,5.868062,0.755604,0.357833,0.177971
2018019190.000,Miguel,recording,shake_phone,12,1.868262,7.865876,5.111153,0.851714,0.212325,0.157614
2018019200.000,Miguel,recording,shake_phone,12,2.150372,7.942803,4.493877,0.886626,0.076557,0.108248
2018019210.000,Miguel,recording,shake_phone,12,2.287118,8.060453,4.016531,0.867988,-0.038745,0.045268
2018019220.000,Miguel,recording,shake_phone,12,2.352099,8.181201,3.682444,0.806115,-0.123316,-0.020522
2018019230.000,Miguel,recording,shake_phone,12,2.314938,8.256637,3.505807,0.712769,-0.175689,-0.080923
2018019240.000,Miguel,recording,shake_phone,12,2.168313,8.302798,3.448398,0.600678,-0.201367,-0.129359
2018019250.000,Miguel,recording,shake_phone,12,1.948538,8.339765,3.546973,0.485210,-0.205251,-0.158905
2018019260.000,Miguel,recording,shake_phone,12,1.717135,8.360534,3.747067,0.381975,-0.188331,-0.166637
2018019270.000,Miguel,recording,shake_phone,12,1.505923,8.336691,3.898085,0.297840,-0.150013,-0.156993
2018019280.000,Miguel,recording,shake_phone,12,1.293413,8.299354,3.975243,0.230103,-0.095786,-0.137684
2018019290.000,Miguel,recording,shake_phone,12,1.095736,8.261066,4.018655,0.171716,-0.040006,-0.112617
2018019300.000,Miguel,recording,shake_phone,12,0.917185,8.206974,4.076357,0.118884,0.004842,-0.081647
2018019310.000,Miguel,recording,shake_phone,12,0.737722,8.148042,4.131694,0.073360,0.038469,-0.044649
2018019320.000,Miguel,recording,shake_phone,12,0.615657,8.111176,4.202972,0.037680,0.060977,-0.000310
2018019330.000,Miguel,recording,shake_phone,12,0.547802,8.121243,4.296288,0.011967,0.071831,0.052227
2018019340.000,Miguel,recording,shake_phone,12,0.624403,8.156001,4.360051,-0.007685,0.078474,0.111937
2018019350.000,Miguel,recording,shake_phone,12,0.878415,8.192561,4.419194,-0.025349,0.090945,0.174541
2018019360.000,Miguel,recording,shake_phone,12,1.156528,8.232943,4.462643,-0.042248,0.116397,0.230973
2018019370.000,Miguel,recording,shake_phone,12,1.321576,8.288043,4.494860,-0.058634,0.150495,0.274635
2018019380.000,Miguel,recording,shake_phone,12,1.416348,8.360079,4.550874,-0.073233,0.178742,0.307001
2018019390.000,Miguel,recording,shake_phone,12,1.582692,8.451982,4.573463,-0.086713,0.190690,0.330543
2018019400.000,Miguel,recording,shake_phone,12,1.792942,8.496605,4.542965,-0.102264,0.187858,0.344249
2018019410.000,Miguel,recording,shake_phone,12,1.989051,8.524757,4.545163,-0.121701,0.176632,0.347683
2018019420.000,Miguel,recording,shake_phone,12,2.163759,8.585151,4.614945,-0.141592,0.161379,0.340553
2018019430.000,Miguel,recording,shake_phone,12,2.346648,8.631368,4.678988,-0.158528,0.144478,0.322125
2018019440.000,Miguel,recording,shake_phone,12,2.488939,8.631448,4.734361,-0.173789,0.124485,0.294050
2018019450.000,Miguel,recording,shake_phone,12,2.571998,8.590823,4.836894,-0.185195,0.101361,0.259065
2018019460.000,Miguel,recording,shake_phone,12,2.610974,8.524747,4.933780,-0.188713,0.078808,0.219416
2018019470.000,Miguel,recording,shake_phone,12,2.610095,8.470458,5.008225,-0.183552,0.057792,0.176845
2018019480.000,Miguel,recording,shake_phone,12,2.569717,8.384490,5.078332,-0.171221,0.036497,0.133160
2018019490.000,Miguel,recording,shake_phone,12,2.447135,8.270466,5.141685,-0.152423,0.015720,0.091474
2018019500.000,Miguel,recording,shake_phone,12,2.321345,8.183808,5.168677,-0.127216,-0.003697,0.055503
2018019510.000,Miguel,recording,shake_phone,12,2.241893,8.151831,5.122728,-0.099914,-0.022719,0.026583
2018019520.000,Miguel,recording,shake_phone,12,2.150419,8.118848,5.036263,-0.078123,-0.039773,0.002753
2018019530.000,Miguel,recording,shake_phone,12,2.017983,8.080420,4.952383,-0.065084,-0.051523,-0.017670
2018019540.000,Miguel,recording,shake_phone,12,1.874388,8.047406,4.969501,-0.056499,-0.056254,-0.033002
2018019550.000,Miguel,recording,shake_phone,12,1.746536,7.984906,4.998087,-0.047598,-0.055846,-0.039735
2018019560.000,Miguel,recording,shake_phone,12,1.652587,7.915631,4.950292,-0.040116,-0.053039,-0.035438
2018019570.000,Miguel,recording,shake_phone,12,1.590888,7.867418,4.880533,-0.039133,-0.048338,-0.022325
2018019580.000,Miguel,recording,shake_phone,12,1.554978,7.867473,4.855394,-0.045808,-0.042165,-0.006340
2018019590.000,Miguel,recording,shake_phone,12,1.555145,7.882691,4.852778,-0.057951,-0.035946,0.009981
2018019600.000,Miguel,recording,shake_phone,12,1.594998,7.872056,4.828162,-0.073913,-0.028479,0.026575
2018019610.000,Miguel,recording,shake_phone,12,1.629687,7.849052,4.829592,-0.092526,-0.019840,0.041529
2018019620.000,Miguel,recording,shake_phone,12,1.640295,7.860716,4.868601,-0.111812,-0.011908,0.055195
2018019630.000,Miguel,recording,shake_phone,12,1.626266,7.900792,4.914430,-0.130627,-0.002357,0.071575
2018019640.000,Miguel,recording,shake_phone,12,1.582799,7.972105,4.959432,-0.149419,0.012537,0.091816
2018019650.000,Miguel,recording,shake_phone,12,1.533808,8.013514,5.023534,-0.166489,0.030873,0.113510
2018019660.000,Miguel,recording,shake_phone,12,1.505765,8.037410,5.079471,-0.180096,0.046409,0.136073
2018019670.000,Miguel,recording,shake_phone,12,1.509499,8.059235,5.136609,-0.190842,0.058057,0.159777
2018019680.000,Miguel,recording,shake_phone,12,1.558139,8.054244,5.218367,-0.198567,0.070063,0.184903
2018019690.000,Miguel,recording,shake_phone,12,1.665388,8.026783,5.293976,-0.202455,0.084266,0.211812
2018019700.000,Miguel,recording,shake_phone,12,1.800244,8.001572,5.346807,-0.203164,0.100864,0.237197
2018019710.000,Miguel,recording,shake_phone,12,1.943593,8.004281,5.385921,-0.201838,0.118189,0.258378
2018019720.000,Miguel,recording,shake_phone,12,2.070558,8.023483,5.423574,-0.198372,0.131900,0.275392
2018019730.000,Miguel,recording,shake_phone,12,2.218702,8.050622,5.464944,-0.192742,0.142530,0.287639
2018019740.000,Miguel,recording,shake_phone,12,2.358353,8.091982,5.508507,-0.185073,0.154441,0.293281
2018019750.000,Miguel,recording,shake_phone,12,2.463247,8.119857,5.547065,-0.174063,0.166899,0.289960
2018019760.000,Miguel,recording,shake_phone,12,2.514991,8.120252,5.587162,-0.159515,0.174394,0.279214
2018019770.000,Miguel,recording,shake_phone,12,2.516425,8.109786,5.640265,-0.141349,0.171984,0.265062
2018019780.000,Miguel,recording,shake_phone,12,2.526310,8.115781,5.673053,-0.119034,0.157738,0.248678
2018019790.000,Miguel,recording,shake_phone,12,2.563080,8.135541,5.682913,-0.093141,0.136117,0.229061
2018019800.000,Miguel,recording,shake_phone,12,2.619244,8.142188,5.672898,-0.065208,0.111412,0.206086
2018019810.000,Miguel,recording,shake_phone,12,2.682505,8.158968,5.620136,-0.038498,0.083200,0.180116
2018019820.000,Miguel,recording,shake_phone,12,2.749210,8.149139,5.547153,-0.014528,0.054929,0.149657
2018019830.000,Miguel,recording,shake_phone,12,2.800675,8.140815,5.512596,0.007886,0.031593,0.112796
2018019840.000,Miguel,recording,shake_phone,12,2.817250,8.093112,5.515401,0.030985,0.013572,0.071654
2018019850.000,Miguel,recording,shake_phone,12,2.760580,8.040891,5.497356,0.055298,-0.001175,0.030930
2018019860.000,Miguel,recording,shake_phone,12,2.627205,8.034897,5.453407,0.079835,-0.017646,-0.005311
2018019870.000,Miguel,recording,shake_phone,12,2.472564,8.044617,5.411843,0.104774,-0.038914,-0.032114
2018019880.000,Miguel,recording,shake_phone,12,2.375586,8.043248,5.347082,0.128407,-0.060338,-0.049013
2018019890.000,Miguel,recording,shake_phone,12,2.355468,8.024172,5.218264,0.145786,-0.075516,-0.060552
2018019900.000,Miguel,recording,shake_phone,12,2.351786,8.014317,5.079957,0.152959,-0.083268,-0.070539
2018019910.000,Miguel,recording,shake_phone,12,2.317779,8.013365,4.985587,0.149322,-0.085945,-0.079810
2018019920.000,Miguel,recording,shake_phone,12,2.273220,7.998484,4.905732,0.136663,-0.084815,-0.087532
2018019930.000,Miguel,recording,shake_phone,12,2.207401,7.961809,4.881683,0.118810,-0.080092,-0.092874
2018019940.000,Miguel,recording,shake_phone,12,2.130335,7.937894,4.910895,0.100663,-0.073597,-0.095435
2018019950.000,Miguel,recording,shake_phone,12,2.058536,7.914719,4.948914,0.085823,-0.067644,-0.096246
2018019960.000,Miguel,recording,shake_phone,12,1.970965,7.896966,4.965551,0.074458,-0.063411,-0.095590
2018019970.000,Miguel,recording,shake_phone,12,1.877690,7.871560,4.978870,0.065215,-0.061656,-0.092545
2018019980.000,Miguel,recording,shake_phone,12,1.789308,7.828509,4.989231,0.057275,-0.061413,-0.084789
2018019990.000,Miguel,recording,shake_phone,12,1.697143,7.796834,5.001070,0.051210,-0.060160,-0.070496
2018020000.000,Miguel,recording,shake_phone,12,1.641726,7.794539,5.035032,0.048425,-0.055932,-0.049124
2018020010.000,Miguel,recording,shake_phone,12,1.652802,7.786167,5.063963,0.048680,-0.047099,-0.022478
2018020020.000,Miguel,recording,shake_phone,12,1.734044,7.787088,5.021878,0.048694,-0.032606,0.003705
2018020030.000,Miguel,recording,shake_phone,12,1.802188,7.807061,4.952385,0.043831,-0.014049,0.025513
2018020040.000,Miguel,recording,shake_phone,12,1.824725,7.844331,4.898035,0.032210,0.002679,0.044300
2018020050.000,Miguel,recording,shake_phone,12,1.844281,7.867700,4.859164,0.014896,0.012497,0.060856
2018020060.000,Miguel,recording,shake_phone,12,1.889026,7.879738,4.879853,-0.005242,0.014761,0.073702
2018020070.000,Miguel,recording,shake_phone,12,1.976036,7.867403,4.927411,-0.025267,0.012061,0.083434
2018020080.000,Miguel,recording,shake_phone,12,2.076947,7.855789,4.976083,-0.043515,0.010138,0.090546
2018020090.000,Miguel,recording,shake_phone,12,2.165567,7.880757,5.053877,-0.058027,0.012592,0.093589
2018020100.000,Miguel,recording,shake_phone,12,2.205619,7.926236,5.121782,-0.068197,0.016703,0.092736
2018020110.000,Miguel,recording,shake_phone,12,2.201257,7.977942,5.175042,-0.075575,0.017893,0.091323
2018020120.000,Miguel,recording,shake_phone,12,2.198888,8.008634,5.234439,-0.081183,0.015774,0.090947
2018020130.000,Miguel,recording,shake_phone,12,2.216677,8.041433,5.300297,-0.085905,0.013895,0.090676
2018020140.000,Miguel,recording,shake_phone,12,2.251080,8.039136,5.347412,-0.089840,0.015623,0.090485
2018020150.000,Miguel,recording,shake_phone,12,2.312038,8.010568,5.400363,-0.090878,0.023285,0.090846
2018020160.000,Miguel,recording,shake_phone,12,2.383718,8.012338,5.465694,-0.088183,0.035317,0.091031
2018020170.000,Miguel,recording,shake_phone,12,2.445856,8.032345,5.516230,-0.081796,0.045605,0.089202
2018020180.000,Miguel,recording,shake_phone,12,2.489649,8.038413,5.568348,-0.070147,0.051448,0.083791
2018020190.000,Miguel,recording,shake_phone,12,2.510868,8.031169,5.630545,-0.050913,0.050413,0.073533
2018020200.000,Miguel,recording,shake_phone,12,2.532776,8.027229,5.655216,-0.024101,0.039087,0.057750
2018020210.000,Miguel,recording,shake_phone,12,2.558570,8.015131,5.611086,0.004354,0.018806,0.037276
2018020220.000,Miguel,recording,shake_phone,12,2.579895,7.999058,5.545986,0.029063,-0.004821,0.015179
2018020230.000,Miguel,recording,shake_phone,12,2.573112,7.977490,5.491328,0.049772,-0.023717,-0.004611
2018020240.000,Miguel,recording,shake_phone,12,2.548810,7.970377,5.437000,0.066120,-0.032224,-0.021018
2018020250.000,Miguel,recording,shake_phone,12,2.475697,7.970027,5.361572,0.076834,-0.030872,-0.033846
2018020260.000,Miguel,recording,shake_phone,12,2.393228,7.989206,5.294566,0.082491,-0.024086,-0.040954
2018020270.000,Miguel,recording,shake_phone,12,2.320969,7.993647,5.246091,0.084393,-0.014451,-0.041750
2018020280.000,Miguel,recording,shake_phone,12,2.264736,7.971342,5.188738,0.082518,-0.003400,-0.038847
2018020290.000,Miguel,recording,shake_phone,12,2.216781,7.928226,5.136582,0.077210,0.008148,-0.035411
2018020300.000,Miguel,recording,shake_phone,12,2.150745,7.888793,5.112470,0.071150,0.019757,-0.031675
2018020310.000,Miguel,recording,shake_phone,12,2.069671,7.847488,5.109110,0.066759,0.030087,-0.024747
2018020320.000,Miguel,recording,shake_phone,12,2.027235,7.813947,5.086842,0.063790,0.038598,-0.014821
2018020330.000,Miguel,recording,shake_phone,12,2.048053,7.784403,5.058530,0.060758,0.046038,-0.004954
2018020340.000,Miguel,recording,shake_phone,12,2.065444,7.768697,5.056820,0.057554,0.052018,0.003630
2018020350.000,Miguel,recording,shake_phone,12,2.046532,7.763357,5.061948,0.055037,0.055558,0.011150
2018020360.000,Miguel,recording,shake_phone,12,2.005964,7.764376,5.053440,0.054087,0.056474,0.019467
2018020370.000,Miguel,recording,shake_phone,12,1.984309,7.787783,5.068022,0.055791,0.054602,0.029008
2018020380.000,Miguel,recording,shake_phone,12,1.962949,7.853429,5.082729,0.060678,0.050403,0.038252
2018020390.000,Miguel,recording,shake_phone,12,1.931502,7.909516,5.064916,0.067443,0.044042,0.047851
2018020400.000,Miguel,recording,shake_phone,12,1.903535,7.939314,5.018951,0.071600,0.036521,0.058273
2018020410.000,Miguel,recording,shake_phone,12,1.909770,7.990803,4.978678,0.068979,0.029793,0.068236
2018020420.000,Miguel,recording,shake_phone,12,1.955927,8.054105,4.967894,0.060652,0.027658,0.076063
2018020430.000,Miguel,recording,shake_phone,12,2.004490,8.106726,4.979650,0.049292,0.031402,0.081228
2018020440.000,Miguel,recording,shake_phone,12,2.054271,8.139866,4.969540,0.034079,0.035805,0.084674
2018020450.000,Miguel,recording,shake_phone,12,2.108718,8.131234,4.973510,0.014122,0.038390,0.087733
2018020460.000,Miguel,recording,shake_phone,12,2.187533,8.105051,4.995747,-0.009267,0.042687,0.093010
2018020470.000,Miguel,recording,shake_phone,12,2.268670,8.054857,5.039872,-0.032105,0.052099,0.101399
2018020480.000,Miguel,recording,shake_phone,12,2.377342,7.981336,5.131095,-0.047739,0.066698,0.110484
2018020490.000,Miguel,recording,shake_phone,12,2.477133,7.902340,5.251889,-0.051405,0.082819,0.116625
2018020500.000,Miguel,recording,shake_phone,12,2.537769,7.870571,5.330614,-0.042308,0.095329,0.117617
2018020510.000,Miguel,recording,shake_phone,12,2.568231,7.862004,5.351591,-0.023725,0.100244,0.113235
2018020520.000,Miguel,recording,shake_phone,12,2.571880,7.865912,5.332169,-0.001774,0.097066,0.103435
2018020530.000,Miguel,recording,shake_phone,12,2.561849,7.910358,5.274064,0.017876,0.087992,0.088231
2018020540.000,Miguel,recording,shake_phone,12,2.512908,7.977838,5.236778,0.032618,0.074910,0.068231
2018020550.000,Miguel,recording,shake_phone,12,2.434436,8.037269,5.209363,0.042557,0.060513,0.047561
2018020560.000,Miguel,recording,shake_phone,12,2.387984,8.066735,5.144257,0.045567,0.049146,0.029954
2018020570.000,Miguel,recording,shake_phone,12,2.394348,8.066968,5.096607,0.040345,0.046752,0.014820
2018020580.000,Miguel,recording,shake_phone,12,2.382177,8.075663,5.112631,0.030610,0.059776,0.002872
2018020590.000,Miguel,recording,shake_phone,12,2.350329,8.057269,5.142190,0.020019,0.092997,-0.002562
2018020600.000,Miguel,recording,shake_phone,12,2.308916,8.009751,5.170409,0.009080,0.144413,-0.000789
2018020610.000,Miguel,recording,shake_phone,12,2.273248,7.976073,5.192367,-0.002232,0.206376,0.006240
2018020620.000,Miguel,recording,shake_phone,12,2.249929,7.960423,5.201244,-0.014445,0.270843,0.016995
2018020630.000,Miguel,recording,shake_phone,12,2.247225,7.919329,5.240544,-0.025837,0.332673,0.028790
2018020640.000,Miguel,recording,shake_phone,12,2.314820,7.876945,5.319908,-0.032400,0.394857,0.038791
2018020650.000,Miguel,recording,shake_phone,12,2.545273,7.872588,5.399912,-0.034680,0.468790,0.040342
2018020660.000,Miguel,recording,shake_phone,12,2.882701,7.850966,5.501194,-0.034778,0.565323,0.026274
2018020670.000,Miguel,recording,shake_phone,12,3.038872,7.874115,5.674365,-0.027725,0.676992,-0.000123
2018020680.000,Miguel,recording,shake_phone,12,3.115135,7.942586,5.824173,-0.004708,0.778497,-0.035537
2018020690.000,Miguel,recording,shake_phone,12,3.144861,7.983250,5.853839,0.033299,0.845849,-0.083509
2018020700.000,Miguel,recording,shake_phone,12,2.993589,8.068445,5.786142,0.075428,0.861133,-0.142375
2018020710.000,Miguel,recording,shake_phone,12,2.740488,8.180060,5.712771,0.114000,0.813732,-0.203928
2018020720.000,Miguel,recording,shake_phone,12,2.506717,8.216038,5.675433,0.149070,0.707179,-0.262953
2018020730.000,Miguel,recording,shake_phone,12,2.290537,8.227282,5.659207,0.183398,0.554762,-0.318813
2018020740.000,Miguel,recording,shake_phone,12,2.062920,8.308271,5.649396,0.218911,0.377172,-0.370298
2018020750.000,Miguel,recording,shake_phone,12,1.775882,8.314728,5.609020,0.255028,0.203434,-0.407668
2018020760.000,Miguel,recording,shake_phone,12,1.524663,8.240233,5.520930,0.286276,0.066758,-0.418332
2018020770.000,Miguel,recording,shake_phone,12,1.366082,8.204225,5.383227,0.307064,-0.016146,-0.403201
2018020780.000,Miguel,recording,shake_phone,12,1.285502,8.221795,5.259884,0.317020,-0.049747,-0.372464
2018020790.000,Miguel,recording,shake_phone,12,1.250388,8.183856,5.111072,0.319449,-0.045858,-0.334867
2018020800.000,Miguel,recording,shake_phone,12,1.147263,8.134770,4.927907,0.316915,-0.022029,-0.295011
2018020810.000,Miguel,recording,shake_phone,12,1.005172,8.118225,4.784605,0.308775,0.002193,-0.252778
2018020820.000,Miguel,recording,shake_phone,12,0.930851,8.088512,4.654812,0.294563,0.013677,-0.208766
2018020830.000,Miguel,recording,shake_phone,12,0.897979,8.110789,4.532508,0.275047,0.014260,-0.168221
2018020840.000,Miguel,recording,shake_phone,12,0.965473,8.127767,4.495304,0.254727,0.016144,-0.135320
2018020850.000,Miguel,recording,shake_phone,12,1.021322,8.141682,4.512379,0.238692,0.027097,-0.110095
2018020860.000,Miguel,recording,shake_phone,12,0.958104,8.158995,4.511131,0.226161,0.041756,-0.089879
2018020870.000,Miguel,recording,shake_phone,12,0.824808,8.191462,4.468085,0.213873,0.049231,-0.068536
2018020880.000,Miguel,recording,shake_phone,12,0.724311,8.203538,4.395491,0.197102,0.044054,-0.042452
2018020890.000,Miguel,recording,shake_phone,12,0.747434,8.230105,4.307820,0.172037,0.029245,-0.015033
2018020900.000,Miguel,recording,shake_phone,12,0.860216,8.265260,4.233964,0.137549,0.013286,0.009286
2018020910.000,Miguel,recording,shake_phone,12,0.994883,8.272930,4.188106,0.093446,0.004131,0.028168
2018020920.000,Miguel,recording,shake_phone,12,1.064461,8.264632,4.187716,0.042776,0.005272,0.042604
2018020930.000,Miguel,recording,shake_phone,12,1.052220,8.267005,4.270245,-0.009281,0.014888,0.058051
2018020940.000,Miguel,recording,shake_phone,12,1.042734,8.247426,4.430391,-0.057149,0.029892,0.080014
2018020950.000,Miguel,recording,shake_phone,12,1.094288,8.221037,4.602939,-0.094732,0.047327,0.106858
2018020960.000,Miguel,recording,shake_phone,12,1.166346,8.198763,4.714505,-0.119523,0.065985,0.133448
2018020970.000,Miguel,recording,shake_phone,12,1.296592,8.178970,4.790972,-0.134032,0.086519,0.156606
2018020980.000,Miguel,recording,shake_phone,12,1.433625,8.153996,4.842129,-0.143009,0.105204,0.174030
2018020990.000,Miguel,recording,shake_phone,12,1.560219,8.150457,4.878569,-0.150253,0.116422,0.184269
2018021000.000,Miguel,recording,shake_phone,12,1.705321,8.159205,4.915418,-0.156515,0.120909,0.185696
2018021010.000,Miguel,recording,shake_phone,12,1.895021,8.185935,4.968260,-0.160755,0.124251,0.175454
2018021020.000,Miguel,recording,shake_phone,13,2.028205,8.223247,5.029579,-0.161133,0.128605,0.152166
2018021030.000,Miguel,recording,shake_phone,13,2.025413,8.252674,5.093118,-0.155641,0.129369,0.120005
2018021040.000,Miguel,recording,shake_phone,13,1.928977,8.268973,5.173840,-0.144008,0.119442,0.086608
2018021050.000,Miguel,recording,shake_phone,13,1.834225,8.286850,5.255307,-0.126952,0.096527,0.056836
2018021060.000,Miguel,recording,shake_phone,13,1.756768,8.299080,5.292920,-0.107075,0.065972,0.032186
2018021070.000,Miguel,recording,shake_phone,13,1.689807,8.266755,5.282501,-0.088578,0.036900,0.013919
2018021080.000,Miguel,recording,shake_phone,13,1.640765,8.256219,5.289851,-0.072209,0.014188,0.001756
2018021090.000,Miguel,recording,shake_phone,13,1.612756,8.254349,5.286962,-0.057780,-0.001068,-0.005631
2018021100.000,Miguel,recording,shake_phone,13,1.597490,8.243455,5.242923,-0.046623,-0.005467,-0.009780
2018021110.000,Miguel,recording,shake_phone,13,1.577756,8.233761,5.242962,-0.038097,0.001332,-0.012535
2018021120.000,Miguel,recording,shake_phone,13,1.538800,8.219474,5.246321,-0.031198,0.011491,-0.014087
2018021130.000,Miguel,recording,shake_phone,13,1.442957,8.193963,5.246678,-0.024594,0.017553,-0.012698
2018021140.000,Miguel,recording,shake_phone,13,1.374128,8.177445,5.225787,-0.016538,0.018439,-0.007868
2018021150.000,Miguel,recording,shake_phone,13,1.408789,8.163373,5.169578,-0.008964,0.015886,-0.001459
2018021160.000,Miguel,recording,shake_phone,13,1.505080,8.150428,5.108091,-0.004433,0.013867,0.002468
2018021170.000,Miguel,recording,shake_phone,13,1.531730,8.124844,5.037900,-0.004325,0.014623,0.001981
2018021180.000,Miguel,recording,shake_phone,13,1.472721,8.092658,4.989200,-0.008739,0.014721,0.001557
2018021190.000,Miguel,recording,shake_phone,13,1.424618,8.073703,4.971446,-0.015353,0.012203,0.004156
2018021200.000,Miguel,recording,shake_phone,13,1.430666,8.066165,4.999852,-0.022349,0.012102,0.007772
2018021210.000,Miguel,recording,shake_phone,13,1.429878,8.061421,5.042287,-0.028582,0.017343,0.010345
2018021220.000,Miguel,recording,shake_phone,13,1.381133,8.065713,5.104704,-0.031897,0.023605,0.012543
2018021230.000,Miguel,recording,shake_phone,13,1.286023,8.065445,5.124187,-0.031912,0.026192,0.016911
2018021240.000,Miguel,recording,shake_phone,13,1.215065,8.078770,5.108194,-0.031203,0.023534,0.024451
2018021250.000,Miguel,recording,shake_phone,13,1.211357,8.077894,5.104677,-0.030961,0.016766,0.034823
2018021260.000,Miguel,recording,shake_phone,13,1.264146,8.037277,5.088951,-0.032084,0.009874,0.046218
2018021270.000,Miguel,recording,shake_phone,13,1.320268,8.016388,5.084877,-0.034162,0.006210,0.056261
2018021280.000,Miguel,recording,shake_phone,13,1.394075,8.030271,5.073935,-0.037060,0.004909,0.063580
2018021290.000,Miguel,recording,shake_phone,13,1.468957,8.049967,5.056336,-0.043853,0.004143,0.066154
2018021300.000,Miguel,recording,shake_phone,13,1.496429,8.059236,5.088370,-0.053248,0.002485,0.064401
2018021310.000,Miguel,recording,shake_phone,13,1.466512,8.062850,5.154351,-0.060330,-0.001545,0.063385
2018021320.000,Miguel,recording,shake_phone,13,1.429678,8.067887,5.206370,-0.062336,-0.008267,0.067600
2018021330.000,Miguel,recording,shake_phone,13,1.439802,8.063286,5.239125,-0.060673,-0.015018,0.076653
2018021340.000,Miguel,recording,shake_phone,13,1.529849,8.030078,5.259654,-0.057979,-0.016051,0.085849
2018021350.000,Miguel,recording,shake_phone,13,1.628987,7.990014,5.278188,-0.053837,-0.008174,0.091321
2018021360.000,Miguel,recording,shake_phone,13,1.672914,7.976920,5.313938,-0.046069,0.005713,0.092207
2018021370.000,Miguel,recording,shake_phone,13,1.687659,8.010490,5.359817,-0.032759,0.018482,0.088489
2018021380.000,Miguel,recording,shake_phone,13,1.666031,8.043105,5.343171,-0.015153,0.022082,0.078444
2018021390.000,Miguel,recording,shake_phone,13,1.608569,8.059781,5.299183,0.002581,0.012204,0.062912
2018021400.000,Miguel,recording,shake_phone,13,1.543291,8.084944,5.240607,0.016563,-0.010409,0.046973
2018021410.000,Miguel,recording,shake_phone,13,1.498235,8.120071,5.180030,0.025481,-0.037772,0.035008
2018021420.000,Miguel,recording,shake_phone,13,1.487086,8.169500,5.119578,0.027399,-0.057412,0.029641
2018021430.000,Miguel,recording,shake_phone,13,1.497220,8.192075,5.069110,0.020481,-0.063061,0.032556
2018021440.000,Miguel,recording,shake_phone,13,1.519794,8.199013,5.029035,0.007369,-0.055242,0.043772
2018021450.000,Miguel,recording,shake_phone,13,1.564130,8.203270,5.017982,-0.010231,-0.035196,0.059619
2018021460.000,Miguel,recording,shake_phone,13,1.612363,8.186548,5.030575,-0.028988,-0.007796,0.074035
2018021470.000,Miguel,recording,shake_phone,13,1.640243,8.187072,5.048053,-0.044390,0.018399,0.082054
2018021480.000,Miguel,recording,shake_phone,13,1.673039,8.162241,5.021348,-0.056658,0.035161,0.082544
2018021490.000,Miguel,recording,shake_phone,13,1.710731,8.109266,5.015410,-0.067653,0.036120,0.076578
2018021500.000,Miguel,recording,shake_phone,13,1.724309,8.063430,5.056917,-0.076092,0.022495,0.065151
2018021510.000,Miguel,recording,shake_phone,13,1.713415,8.027931,5.156817,-0.077305,0.001171,0.052028
2018021520.000,Miguel,recording,shake_phone,13,1.673257,7.979210,5.250490,-0.069785,-0.020658,0.041690
2018021530.000,Miguel,recording,shake_phone,13,1.642941,7.965740,5.273975,-0.057780,-0.035526,0.036185
2018021540.000,Miguel,recording,shake_phone,13,1.611504,7.964015,5.267337,-0.046505,-0.040818,0.036038
2018021550.000,Miguel,recording,shake_phone,13,1.551479,7.965889,5.245511,-0.039159,-0.037555,0.040651
2018021560.000,Miguel,recording,shake_phone,13,1.497919,7.962532,5.221422,-0.038192,-0.029488,0.050818
2018021570.000,Miguel,recording,shake_phone,13,1.487024,7.951017,5.197030,-0.043880,-0.021079,0.066357
2018021580.000,Miguel,recording,shake_phone,13,1.521056,7.929822,5.199417,-0.053335,-0.012210,0.083842
2018021590.000,Miguel,recording,shake_phone,13,1.561306,7.916091,5.238712,-0.063178,-0.001856,0.099555
2018021600.000,Miguel,recording,shake_phone,13,1.612584,7.919090,5.292800,-0.070046,0.007869,0.111747
2018021610.000,Miguel,recording,shake_phone,13,1.642654,7.950175,5.331692,-0.072567,0.013554,0.120177
2018021620.000,Miguel,recording,shake_phone,13,1.683232,8.000206,5.365374,-0.072216,0.014761,0.123837
2018021630.000,Miguel,recording,shake_phone,13,1.741934,8.047414,5.394824,-0.070735,0.013957,0.121365
2018021640.000,Miguel,recording,shake_phone,13,1.770438,8.082067,5.383002,-0.069897,0.012602,0.114169
2018021650.000,Miguel,recording,shake_phone,13,1.777020,8.067132,5.362239,-0.071093,0.008645,0.105720
2018021660.000,Miguel,recording,shake_phone,13,1.793818,8.028315,5.363373,-0.074108,0.002156,0.097908
2018021670.000,Miguel,recording,shake_phone,13,1.813796,7.981850,5.424020,-0.076194,-0.003153,0.091652
2018021680.000,Miguel,recording,shake_phone,13,1.811434,7.946471,5.493125,-0.073005,-0.005274,0.088518
2018021690.000,Miguel,recording,shake_phone,13,1.796871,7.907707,5.547034,-0.063187,-0.005036,0.090366
2018021700.000,Miguel,recording,shake_phone,13,1.805869,7.881601,5.585422,-0.047414,-0.001861,0.096925
2018021710.000,Miguel,recording,shake_phone,13,1.844294,7.867665,5.579990,-0.025999,0.003286,0.104760
2018021720.000,Miguel,recording,shake_phone,13,1.878896,7.885587,5.565505,-0.002217,0.005969,0.111615
2018021730.000,Miguel,recording,shake_phone,13,1.908862,7.931283,5.505963,0.021104,0.004410,0.117759
2018021740.000,Miguel,recording,shake_phone,13,1.916237,7.984994,5.436067,0.042308,-0.002777,0.122935
2018021750.000,Miguel,recording,shake_phone,13,1.945448,8.037850,5.374025,0.058305,-0.016149,0.126228
2018021760.000,Miguel,recording,shake_phone,13,2.010549,8.090729,5.317546,0.068876,-0.031340,0.126613
2018021770.000,Miguel,recording,shake_phone,13,2.044432,8.136650,5.271480,0.075823,-0.043672,0.123530
2018021780.000,Miguel,recording,shake_phone,13,2.043184,8.156913,5.193282,0.078359,-0.051883,0.117742
2018021790.000,Miguel,recording,shake_phone,13,2.035890,8.148425,5.109603,0.075007,-0.056249,0.110881
2018021800.000,Miguel,recording,shake_phone,13,2.052273,8.147374,5.036981,0.065148,-0.054574,0.103631
2018021810.000,Miguel,recording,shake_phone,13,2.052391,8.144314,5.021752,0.049971,-0.046199,0.095992
2018021820.000,Miguel,recording,shake_phone,13,1.995317,8.128053,5.114124,0.034810,-0.035847,0.090911
2018021830.000,Miguel,recording,shake_phone,13,1.964766,8.094652,5.228420,0.027279,-0.026034,0.092333
2018021840.000,Miguel,recording,shake_phone,13,2.030728,8.060972,5.282343,0.031689,-0.017108,0.098946
2018021850.000,Miguel,recording,shake_phone,13,2.154679,8.030645,5.266682,0.043925,-0.010802,0.104298
2018021860.000,Miguel,recording,shake_phone,13,2.267815,8.039493,5.200070,0.053708,-0.005748,0.102008
2018021870.000,Miguel,recording,shake_phone,13,2.332381,8.057184,5.142363,0.056181,-0.000572,0.088793
2018021880.000,Miguel,recording,shake_phone,13,2.304779,8.067121,5.103540,0.053005,0.003335,0.066875
2018021890.000,Miguel,recording,shake_phone,13,2.204913,8.086725,5.088017,0.046464,0.004125,0.043372
2018021900.000,Miguel,recording,shake_phone,13,2.051206,8.087111,5.104862,0.038983,0.000111,0.025140
2018021910.000,Miguel,recording,shake_phone,13,1.878024,8.064073,5.197813,0.033067,-0.007473,0.015489
2018021920.000,Miguel,recording,shake_phone,13,1.772965,8.031210,5.278207,0.033086,-0.012952,0.015948
2018021930.000,Miguel,recording,shake_phone,13,1.765825,7.975260,5.304889,0.039560,-0.009912,0.026085
2018021940.000,Miguel,recording,shake_phone,13,1.821650,7.918287,5.280559,0.045967,0.002888,0.041576
2018021950.000,Miguel,recording,shake_phone,13,1.879061,7.888569,5.228824,0.048262,0.023436,0.055755
2018021960.000,Miguel,recording,shake_phone,13,1.940597,7.898266,5.174701,0.046829,0.046744,0.063640
2018021970.000,Miguel,recording,shake_phone,13,1.955217,7.907154,5.134035,0.043923,0.064778,0.063216
2018021980.000,Miguel,recording,shake_phone,13,1.906127,7.881081,5.120236,0.042143,0.070792,0.057276
2018021990.000,Miguel,recording,shake_phone,13,1.844872,7.863341,5.118007,0.041655,0.061584,0.049734
2018022000.000,Miguel,recording,shake_phone,13,1.773640,7.880898,5.142586,0.043523,0.040235,0.043716
2018022010.000,Miguel,recording,shake_phone,13,1.743282,7.926623,5.187079,0.050005,0.016411,0.042696
2018022020.000,Miguel,recording,shake_phone,13,1.789283,7.953091,5.166068,0.058864,0.000109,0.046664
2018022030.000,Miguel,recording,shake_phone,13,1.891549,7.967652,5.068192,0.061421,-0.004450,0.053167
2018022040.000,Miguel,recording,shake_phone,13,1.987484,7.977655,4.977496,0.051921,0.001349,0.058971
2018022050.000,Miguel,recording,shake_phone,13,2.035427,7.968576,4.951321,0.034646,0.015314,0.062784
2018022060.000,Miguel,recording,shake_phone,13,2.001356,7.961811,4.986657,0.015935,0.033136,0.066672
2018022070.000,Miguel,recording,shake_phone,13,1.938363,7.969150,5.060136,0.000371,0.048510,0.073312
2018022080.000,Miguel,recording,shake_phone,13,1.935790,7.996123,5.142959,-0.008827,0.058475,0.082172
2018022090.000,Miguel,recording,shake_phone,13,1.974526,8.040492,5.203522,-0.011345,0.060860,0.089825
2018022100.000,Miguel,recording,shake_phone,13,2.046259,8.074801,5.231914,-0.007396,0.054522,0.093646
2018022110.000,Miguel,recording,shake_phone,13,2.148558,8.075702,5.224300,0.000676,0.042108,0.092751
2018022120.000,Miguel,recording,shake_phone,13,2.276856,8.086957,5.172103,0.008329,0.027357,0.086301
2018022130.000,Miguel,recording,shake_phone,13,2.371116,8.088512,5.132137,0.012465,0.014262,0.073407
2018022140.000,Miguel,recording,shake_phone,13,2.381447,8.091263,5.150025,0.013315,0.005615,0.055886
2018022150.000,Miguel,recording,shake_phone,13,2.311754,8.099069,5.194525,0.013868,0.002585,0.039459
2018022160.000,Miguel,recording,shake_phone,13,2.208120,8.119955,5.230123,0.015434,0.004553,0.029790
2018022170.000,Miguel,recording,shake_phone,13,2.126766,8.144359,5.259288,0.017497,0.009851,0.027875
2018022180.000,Miguel,recording,shake_phone,13,2.141659,8.157953,5.301998,0.021257,0.017807,0.030648
2018022190.000,Miguel,recording,shake_phone,13,2.247805,8.163164,5.329623,0.026771,0.026216,0.033739
2018022200.000,Miguel,recording,shake_phone,13,2.390337,8.139087,5.293810,0.031845,0.032951,0.032498
2018022210.000,Miguel,recording,shake_phone,13,2.537688,8.109520,5.240684,0.033869,0.039048,0.022269
2018022220.000,Miguel,recording,shake_phone,13,2.659714,8.080819,5.255491,0.033436,0.047455,0.001611
2018022230.000,Miguel,recording,shake_phone,13,2.737487,8.053670,5.308227,0.035723,0.058887,-0.027355
2018022240.000,Miguel,recording,shake_phone,13,2.806857,8.036064,5.349571,0.043004,0.072228,-0.063543
2018022250.000,Miguel,recording,shake_phone,13,2.824159,8.035455,5.397008,0.052913,0.089149,-0.106731
2018022260.000,Miguel,recording,shake_phone,13,2.817576,8.037934,5.463735,0.064722,0.113368,-0.154575
2018022270.000,Miguel,recording,shake_phone,13,2.759538,8.021584,5.525618,0.079394,0.145047,-0.201454
2018022280.000,Miguel,recording,shake_phone,13,2.566081,7.998761,5.620039,0.098920,0.177138,-0.240988
2018022290.000,Miguel,recording,shake_phone,13,2.325570,8.004192,5.661334,0.126925,0.197659,-0.270092
2018022300.000,Miguel,recording,shake_phone,13,2.158839,8.017342,5.628404,0.162316,0.197977,-0.290342
2018022310.000,Miguel,recording,shake_phone,13,1.985625,8.026081,5.568557,0.200950,0.178786,-0.303782
2018022320.000,Miguel,recording,shake_phone,13,1.794698,8.040975,5.462704,0.241052,0.142669,-0.311022
2018022330.000,Miguel,recording,shake_phone,13,1.705685,8.056639,5.294041,0.278268,0.090234,-0.313971
2018022340.000,Miguel,recording,shake_phone,13,1.677222,8.103477,5.087580,0.305514,0.023867,-0.315046
2018022350.000,Miguel,recording,shake_phone,13,1.629264,8.183373,4.896664,0.318314,-0.048854,-0.313622
2018022360.000,Miguel,recording,shake_phone,13,1.630723,8.248618,4.800668,0.315897,-0.115330,-0.308150
2018022370.000,Miguel,recording,shake_phone,13,1.775635,8.293401,4.862286,0.304854,-0.160673,-0.302266
2018022380.000,Miguel,recording,shake_phone,13,2.130983,8.326490,5.045864,0.295206,-0.171179,-0.303714
2018022390.000,Miguel,recording,shake_phone,13,2.595139,8.325798,5.203120,0.292204,-0.153688,-0.323015
2018022400.000,Miguel,recording,shake_phone,13,3.112577,8.381911,5.292047,0.295041,-0.137468,-0.373350
2018022410.000,Miguel,recording,shake_phone,13,3.570059,8.496456,5.370857,0.303984,-0.141909,-0.462151
2018022420.000,Miguel,recording,shake_phone,13,3.917264,8.556304,5.352548,0.318274,-0.161072,-0.588694
2018022430.000,Miguel,recording,shake_phone,13,4.513602,8.543973,5.097645,0.321860,-0.192152,-0.759720
2018022440.000,Miguel,recording,shake_phone,13,5.852304,8.539149,4.717665,0.293782,-0.250117,-1.004111
2018022450.000,Miguel,recording,shake_phone,13,7.588216,8.510312,4.574770,0.237464,-0.351615,-1.360437
2018022460.000,Miguel,recording,shake_phone,13,9.119941,8.381211,5.017478,0.190094,-0.524189,-1.837697
2018022470.000,Miguel,recording,shake_phone,13,9.775997,8.276279,6.071971,0.200724,-0.764060,-2.399488
2018022480.000,Miguel,recording,shake_phone,13,8.972490,8.112804,7.045047,0.296929,-0.996286,-2.970787
2018022490.000,Miguel,recording,shake_phone,13,7.375738,7.916367,7.254566,0.450263,-1.166332,-3.473489
2018022500.000,Miguel,recording,shake_phone,13,5.610611,7.731106,6.887459,0.596786,-1.281852,-3.871085
2018022510.000,Miguel,recording,shake_phone,13,3.730430,7.414233,6.479048,0.709272,-1.343806,-4.156076
2018022520.000,Miguel,recording,shake_phone,13,1.775343,7.053801,6.395820,0.809542,-1.338281,-4.320156
2018022530.000,Miguel,recording,shake_phone,13,-0.473498,6.695690,6.506150,0.924742,-1.273577,-4.354451
2018022540.000,Miguel,recording,shake_phone,13,-3.108430,6.252626,6.600045,1.069749,-1.172810,-4.264586
2018022550.000,Miguel,recording,shake_phone,13,-5.940887,5.668023,6.298773,1.242192,-1.077168,-4.069256
2018022560.000,Miguel,recording,shake_phone,13,-8.927824,5.368568,5.135773,1.397500,-1.108698,-3.784518
2018022570.000,Miguel,recording,shake_phone,13,-12.267324,5.295122,3.403554,1.475629,-1.416830,-3.403399
2018022580.000,Miguel,recording,shake_phone,13,-16.270581,5.136807,1.722108,1.457560,-1.990664,-2.860954
2018022590.000,Miguel,recording,shake_phone,13,-20.188589,4.973482,0.470157,1.342447,-2.636038,-2.058383
2018022600.000,Miguel,recording,shake_phone,13,-22.868206,5.023541,-0.849758,1.088741,-3.056763,-0.960027
2018022610.000,Miguel,recording,shake_phone,13,-22.953553,4.933179,-1.926280,0.652504,-3.003626,0.367272
2018022620.000,Miguel,recording,shake_phone,13,-19.556385,4.256766,-2.174476,0.074747,-2.427042,1.765734
2018022630.000,Miguel,recording,shake_phone,13,-12.666780,3.540943,-2.420947,-0.561406,-1.475923,3.001582
2018022640.000,Miguel,recording,shake_phone,13,-3.976670,3.577162,-3.147465,-1.219993,-0.467078,3.821185
2018022650.000,Miguel,recording,shake_phone,13,5.111691,4.457880,-3.499540,-1.872315,0.225525,4.039295
2018022660.000,Miguel,recording,shake_phone,13,13.536859,5.738619,-2.466825,-2.432644,0.411585,3.594784
2018022670.000,Miguel,recording,shake_phone,13,19.592928,7.013649,0.034996,-2.795721,0.203198,2.559038
2018022680.000,Miguel,recording,shake_phone,13,21.396867,8.083527,3.938779,-2.897536,-0.127722,1.163353
2018022690.000,Miguel,recording,shake_phone,13,18.085878,8.453926,8.515984,-2.710320,-0.388784,-0.230045
2018022700.000,Miguel,recording,shake_phone,13,9.927946,8.244024,13.126665,-2.221437,-0.564623,-1.238484
2018022710.000,Miguel,recording,shake_phone,13,-0.578570,8.463904,17.135850,-1.472794,-0.702123,-1.591090
2018022720.000,Miguel,recording,shake_phone,13,-10.351877,9.260002,18.343251,-0.612124,-0.790331,-1.256384
2018022730.000,Miguel,recording,shake_phone,13,-16.912361,9.453015,16.075620,0.148052,-0.825995,-0.406643
2018022740.000,Miguel,recording,shake_phone,13,-19.795765,8.820221,11.385147,0.627561,-0.816183,0.738636
2018022750.000,Miguel,recording,shake_phone,13,-19.624309,7.675735,6.277509,0.749060,-0.714575,1.993854
2018022760.000,Miguel,recording,shake_phone,13,-17.252722,6.083512,2.636578,0.572977,-0.500134,3.204522
2018022770.000,Miguel,recording,shake_phone,13,-13.035205,4.311496,0.931002,0.250584,-0.127472,4.277023
2018022780.000,Miguel,recording,shake_phone,13,-6.490638,3.122820,0.021686,-0.139132,0.538435,5.139171
2018022790.000,Miguel,recording,shake_phone,13,1.127711,2.734052,-0.836643,-0.602069,1.340567,5.630590
2018022800.000,Miguel,recording,shake_phone,13,8.310747,3.007270,0.820492,-1.024503,1.750619,5.593144
2018022810.000,Miguel,recording,shake_phone,13,14.220373,3.922433,4.589630,-1.209169,1.656742,5.018847
2018022820.000,Miguel,recording,shake_phone,13,17.667325,5.022341,7.746896,-1.111137,1.462046,4.062517
2018022830.000,Miguel,recording,shake_phone,13,17.214163,5.663241,9.596542,-0.834183,1.380984,2.999509
2018022840.000,Miguel,recording,shake_phone,13,13.987489,5.996273,10.358296,-0.497707,1.341988,2.095248
2018022850.000,Miguel,recording,shake_phone,13,10.521832,6.436845,10.237113,-0.178838,1.253649,1.457258
2018022860.000,Miguel,recording,shake_phone,13,8.067528,6.931874,9.463734,0.081000,1.097142,1.044682
2018022870.000,Miguel,recording,shake_phone,13,6.487524,7.277579,8.289935,0.251640,0.901290,0.770501
2018022880.000,Miguel,recording,shake_phone,13,5.256399,7.553836,7.189573,0.324909,0.724632,0.572960
2018022890.000,Miguel,recording,shake_phone,13,4.270355,7.789922,6.420320,0.322333,0.635282,0.420767
2018022900.000,Miguel,recording,shake_phone,13,3.601975,7.883172,5.951360,0.272063,0.646991,0.296698
2018022910.000,Miguel,recording,shake_phone,13,2.974067,7.752223,5.829010,0.203581,0.709360,0.199884
2018022920.000,Miguel,recording,shake_phone,13,2.259543,7.491077,5.977226,0.152545,0.770798,0.139264
2018022930.000,Miguel,recording,shake_phone,13,1.530712,7.226130,6.153126,0.141176,0.806641,0.123114
2018022940.000,Miguel,recording,shake_phone,13,0.926153,6.982602,6.295563,0.169491,0.817155,0.157206
2018022950.000,Miguel,recording,shake_phone,13,0.520282,6.758282,6.350364,0.226964,0.813625,0.237690
2018022960.000,Miguel,recording,shake_phone,13,0.286476,6.621752,6.207294,0.298325,0.797515,0.353564
2018022970.000,Miguel,recording,shake_phone,13,0.327828,6.602624,5.921565,0.364932,0.763942,0.492995
2018022980.000,Miguel,recording,shake_phone,13,0.596294,6.602653,5.507118,0.402133,0.723457,0.639520
2018022990.000,Miguel,recording,shake_phone,13,1.057204,6.706268,4.936027,0.386925,0.708574,0.771703
2018023000.000,Miguel,recording,shake_phone,13,1.649502,6.919189,4.455690,0.314615,0.743140,0.873904
2018023010.000,Miguel,recording,shake_phone,13,2.156986,7.142674,4.077810,0.188692,0.819994,0.935007
2018023020.000,Miguel,recording,shake_phone,13,2.484723,7.339935,3.856678,0.015326,0.916536,0.950233
2018023030.000,Miguel,recording,shake_phone,13,2.579275,7.503437,3.985952,-0.183007,1.014396,0.930294
2018023040.000,Miguel,recording,shake_phone,13,2.496705,7.568575,4.442352,-0.372472,1.095468,0.895850
2018023050.000,Miguel,recording,shake_phone,13,2.396048,7.483888,5.083681,-0.524124,1.139576,0.866944
2018023060.000,Miguel,recording,shake_phone,13,2.318271,7.218201,5.609100,-0.627717,1.145395,0.855610
2018023070.000,Miguel,recording,shake_phone,13,2.272832,6.911037,5.868562,-0.693421,1.137504,0.862488
2018023080.000,Miguel,recording,shake_phone,13,2.308479,6.673721,6.046272,-0.737471,1.139646,0.880002
2018023090.000,Miguel,recording,shake_phone,13,2.428377,6.546014,6.268621,-0.766630,1.151354,0.899274
2018023100.000,Miguel,recording,shake_phone,13,2.539562,6.485502,6.544757,-0.776803,1.161278,0.910798
2018023110.000,Miguel,recording,shake_phone,13,2.550142,6.432532,6.840991,-0.762320,1.164635,0.909198
2018023120.000,Miguel,recording,shake_phone,13,2.541567,6.474835,7.079762,-0.723466,1.157443,0.896465
2018023130.000,Miguel,recording,shake_phone,13,2.602588,6.514728,7.220565,-0.671880,1.129147,0.873951
2018023140.000,Miguel,recording,shake_phone,13,2.669065,6.477774,7.261879,-0.627281,1.076734,0.844511
2018023150.000,Miguel,recording,shake_phone,13,2.726465,6.365572,7.409325,-0.595443,1.011853,0.818265
2018023160.000,Miguel,recording,shake_phone,13,2.866685,6.205158,7.595831,-0.566683,0.961269,0.801317
2018023170.000,Miguel,recording,shake_phone,13,3.099036,6.071140,7.697558,-0.538179,0.953773,0.789251
2018023180.000,Miguel,recording,shake_phone,13,3.216477,6.059379,7.838899,-0.516185,0.986516,0.778105
2018023190.000,Miguel,recording,shake_phone,13,3.079793,6.118647,8.000911,-0.500119,1.036338,0.769466
2018023200.000,Miguel,recording,shake_phone,13,2.840682,6.172110,8.147796,-0.480653,1.092770,0.761514
2018023210.000,Miguel,recording,shake_phone,13,2.708635,6.206813,8.218351,-0.452317,1.145667,0.749156
2018023220.000,Miguel,recording,shake_phone,13,2.609729,6.186982,8.094320,-0.420168,1.167145,0.733881
2018023230.000,Miguel,recording,shake_phone,13,2.466915,6.075982,7.849490,-0.397303,1.135174,0.721205
2018023240.000,Miguel,recording,shake_phone,13,2.362308,5.931417,7.771471,-0.390052,1.041845,0.711223
2018023250.000,Miguel,recording,shake_phone,13,2.331978,5.816477,7.986897,-0.382706,0.893271,0.698785
2018023260.000,Miguel,recording,shake_phone,13,2.400170,5.712349,8.367704,-0.347917,0.724279,0.678784
2018023270.000,Miguel,recording,shake_phone,13,2.499006,5.573048,8.653530,-0.273579,0.572574,0.650439
2018023280.000,Miguel,recording,shake_phone,13,2.554873,5.468128,8.688892,-0.172908,0.452555,0.616292
2018023290.000,Miguel,recording,shake_phone,13,2.629031,5.479583,8.491163,-0.070615,0.372411,0.577567
2018023300.000,Miguel,recording,shake_phone,13,2.586947,5.618095,8.171455,0.010806,0.345083,0.536802
2018023310.000,Miguel,recording,shake_phone,13,2.512727,5.822547,7.719575,0.051147,0.366134,0.500257
2018023320.000,Miguel,recording,shake_phone,13,2.564305,5.899876,7.358424,0.040220,0.407789,0.474476
2018023330.000,Miguel,recording,shake_phone,13,2.535910,5.889894,7.164977,-0.011551,0.453353,0.462309
2018023340.000,Miguel,recording,shake_phone,13,2.428836,5.894400,7.109343,-0.086121,0.499736,0.460551
2018023350.000,Miguel,recording,shake_phone,13,2.356761,5.855384,7.209842,-0.166247,0.537086,0.463025
2018023360.000,Miguel,recording,shake_phone,13,2.298710,5.791308,7.383793,-0.236518,0.555418,0.466005
2018023370.000,Miguel,recording,shake_phone,13,2.348222,5.727557,7.419764,-0.291656,0.550488,0.466535
2018023380.000,Miguel,recording,shake_phone,13,2.463728,5.669111,7.457704,-0.329091,0.520356,0.457806
2018023390.000,Miguel,recording,shake_phone,13,2.532322,5.596871,7.604874,-0.343392,0.467552,0.433789
2018023400.000,Miguel,recording,shake_phone,13,2.586638,5.518634,7.743256,-0.333441,0.398824,0.395323
2018023410.000,Miguel,recording,shake_phone,13,2.648355,5.468039,7.826910,-0.305039,0.319587,0.349484
2018023420.000,Miguel,recording,shake_phone,13,2.700509,5.443703,7.874177,-0.268395,0.237648,0.304085
2018023430.000,Miguel,recording,shake_phone,13,2.735252,5.465967,7.915430,-0.231827,0.166288,0.264358
2018023440.000,Miguel,recording,shake_phone,13,2.744129,5.490198,7.972461,-0.197531,0.116371,0.233593
2018023450.000,Miguel,recording,shake_phone,13,2.716107,5.529514,8.047348,-0.166261,0.093017,0.207647
2018023460.000,Miguel,recording,shake_phone,13,2.632967,5.610888,8.059497,-0.140279,0.091315,0.177704
2018023470.000,Miguel,recording,shake_phone,13,2.455299,5.643435,8.052909,-0.119839,0.093476,0.143979
2018023480.000,Miguel,recording,shake_phone,13,2.244853,5.652640,8.033558,-0.101815,0.080028,0.114607
2018023490.000,Miguel,recording,shake_phone,13,2.081800,5.670095,8.037251,-0.084849,0.040143,0.098620
2018023500.000,Miguel,recording,shake_phone,13,2.032753,5.698861,8.060012,-0.069105,-0.020544,0.098440
2018023510.000,Miguel,recording,shake_phone,13,2.102487,5.717596,8.063261,-0.053626,-0.085783,0.106524
2018023520.000,Miguel,recording,shake_phone,13,2.221182,5.707377,8.096897,-0.037259,-0.143453,0.114025
2018023530.000,Miguel,recording,shake_phone,13,2.344727,5.682529,8.140513,-0.018832,-0.185356,0.116440
2018023540.000,Miguel,recording,shake_phone,13,2.484029,5.667893,8.180940,0.002429,-0.202402,0.110894
2018023550.000,Miguel,recording,shake_phone,13,2.576282,5.652293,8.232853,0.028253,-0.192547,0.096280
2018023560.000,Miguel,recording,shake_phone,13,2.602130,5.638248,8.280383,0.060840,-0.168226,0.076044
2018023570.000,Miguel,recording,shake_phone,13,2.634887,5.599499,8.206119,0.096929,-0.141327,0.052968
2018023580.000,Miguel,recording,shake_phone,13,2.630493,5.578108,8.043078,0.128056,-0.115982,0.025969
2018023590.000,Miguel,recording,shake_phone,13,2.513609,5.587865,7.874738,0.147532,-0.098555,-0.003744
2018023600.000,Miguel,recording,shake_phone,13,2.286669,5.557604,7.684559,0.151962,-0.092377,-0.030336
2018023610.000,Miguel,recording,shake_phone,13,2.023058,5.491899,7.524501,0.140535,-0.092847,-0.046546
2018023620.000,Miguel,recording,shake_phone,13,1.821798,5.469542,7.471339,0.115390,-0.093351,-0.047437
2018023630.000,Miguel,recording,shake_phone,13,1.698158,5.445630,7.506488,0.082942,-0.086906,-0.033067
2018023640.000,Miguel,recording,shake_phone,13,1.621963,5.380219,7.560529,0.050572,-0.068244,-0.005476
2018023650.000,Miguel,recording,shake_phone,13,1.615929,5.295857,7.583577,0.022767,-0.039268,0.032944
2018023660.000,Miguel,recording,shake_phone,13,1.702272,5.241347,7.617364,0.001086,-0.005575,0.076752
2018023670.000,Miguel,recording,shake_phone,13,1.875178,5.217064,7.646162,-0.014150,0.029151,0.117567
2018023680.000,Miguel,recording,shake_phone,13,2.041754,5.219751,7.671486,-0.022272,0.059088,0.148882
2018023690.000,Miguel,recording,shake_phone,13,2.147304,5.245351,7.653097,-0.025188,0.077931,0.169146
2018023700.000,Miguel,recording,shake_phone,13,2.239440,5.290146,7.632106,-0.027093,0.083692,0.179158
2018023710.000,Miguel,recording,shake_phone,13,2.364066,5.355738,7.605737,-0.030712,0.078215,0.179392
2018023720.000,Miguel,recording,shake_phone,13,2.517112,5.417175,7.620667,-0.037086,0.065366,0.169773
2018023730.000,Miguel,recording,shake_phone,13,2.603645,5.503135,7.692459,-0.045124,0.047065,0.150933
2018023740.000,Miguel,recording,shake_phone,13,2.610991,5.568722,7.778197,-0.052491,0.025028,0.125226
2018023750.000,Miguel,recording,shake_phone,13,2.576249,5.609698,7.858199,-0.056349,0.001734,0.097213
2018023760.000,Miguel,recording,shake_phone,13,2.518553,5.622471,7.948803,-0.054474,-0.022619,0.071812
2018023770.000,Miguel,recording,shake_phone,13,2.450123,5.613157,8.011524,-0.046887,-0.045613,0.051855
2018023780.000,Miguel,recording,shake_phone,13,2.398317,5.587276,8.030973,-0.036415,-0.061157,0.038382
2018023790.000,Miguel,recording,shake_phone,13,2.376566,5.578701,8.021188,-0.026520,-0.067081,0.032592
2018023800.000,Miguel,recording,shake_phone,13,2.385176,5.597598,8.034212,-0.017800,-0.064905,0.032950
2018023810.000,Miguel,recording,shake_phone,13,2.364024,5.600089,8.028578,-0.010383,-0.056474,0.036339
2018023820.000,Miguel,recording,shake_phone,13,2.340244,5.607404,8.010926,-0.003545,-0.046072,0.043571
2018023830.000,Miguel,recording,shake_phone,13,2.367210,5.611336,8.007825,0.003174,-0.040402,0.053890
2018023840.000,Miguel,recording,shake_phone,13,2.438519,5.592417,8.022358,0.009191,-0.042632,0.062059
2018023850.000,Miguel,recording,shake_phone,13,2.521824,5.569577,8.018632,0.016782,-0.048422,0.064114
2018023860.000,Miguel,recording,shake_phone,13,2.578472,5.562341,8.026718,0.029660,-0.052233,0.058146
2018023870.000,Miguel,recording,shake_phone,13,2.648124,5.524042,8.026815,0.047846,-0.053228,0.042849
2018023880.000,Miguel,recording,shake_phone,13,2.698318,5.489699,7.931596,0.065931,-0.053043,0.018428
2018023890.000,Miguel,recording,shake_phone,13,2.663388,5.471820,7.829476,0.077740,-0.053094,-0.012060
2018023900.000,Miguel,recording,shake_phone,13,2.553419,5.444051,7.758541,0.083213,-0.054262,-0.040121
2018023910.000,Miguel,recording,shake_phone,13,2.388782,5.410195,7.696458,0.086699,-0.059642,-0.056646
2018023920.000,Miguel,recording,shake_phone,13,2.249821,5.409568,7.613057,0.086292,-0.069602,-0.058571
2018023930.000,Miguel,recording,shake_phone,13,2.216115,5.407624,7.529810,0.075972,-0.074891,-0.047475
2018023940.000,Miguel,recording,shake_phone,13,2.264604,5.410705,7.486326,0.056184,-0.065766,-0.029675
2018023950.000,Miguel,recording,shake_phone,13,2.288632,5.428650,7.527003,0.035199,-0.041087,-0.012529
2018023960.000,Miguel,recording,shake_phone,13,2.236985,5.452104,7.570551,0.020596,-0.008891,0.003327
2018023970.000,Miguel,recording,shake_phone,13,2.143187,5.469350,7.574474,0.012131,0.018313,0.019122
2018023980.000,Miguel,recording,shake_phone,13,2.145241,5.462525,7.524796,0.003542,0.031726,0.033992
2018023990.000,Miguel,recording,shake_phone,13,2.300940,5.472901,7.495642,-0.010484,0.030900,0.043976
2018024000.000,Miguel,recording,shake_phone,13,2.451686,5.486346,7.545691,-0.025299,0.023278,0.042769
2018024010.000,Miguel,recording,shake_phone,13,2.496498,5.466133,7.660525,-0.030829,0.016041,0.030206
2018024020.000,Miguel,recording,shake_phone,13,2.411456,5.471171,7.734520,-0.024077,0.006841,0.014685
2018024030.000,Miguel,recording,shake_phone,13,2.308012,5.469878,7.718991,-0.012345,-0.009569,0.005422
2018024040.000,Miguel,recording,shake_phone,13,2.279460,5.446536,7.678815,-0.005848,-0.027989,0.004188
2018024050.000,Miguel,recording,shake_phone,14,2.306897,5.443273,7.669991,-0.007944,-0.038184,0.007666
2018024060.000,Miguel,recording,shake_phone,14,2.314534,5.456547,7.733541,-0.012847,-0.035689,0.012990
2018024070.000,Miguel,recording,shake_phone,14,2.269141,5.477807,7.789766,-0.012897,-0.023669,0.020328
2018024080.000,Miguel,recording,shake_phone,14,2.221341,5.490462,7.787865,-0.008069,-0.011095,0.031096
2018024090.000,Miguel,recording,shake_phone,14,2.207086,5.477422,7.717967,-0.004659,-0.004133,0.044634
2018024100.000,Miguel,recording,shake_phone,14,2.251274,5.461444,7.680144,-0.005638,-0.001379,0.057156
2018024110.000,Miguel,recording,shake_phone,14,2.304507,5.451288,7.696752,-0.007533,-0.000294,0.064407
2018024120.000,Miguel,recording,shake_phone,14,2.303263,5.459067,7.724731,-0.005732,-0.002276,0.067599
2018024130.000,Miguel,recording,shake_phone,14,2.276212,5.468805,7.708063,-0.001577,-0.010830,0.070011
2018024140.000,Miguel,recording,shake_phone,14,2.268477,5.460125,7.659931,-0.000171,-0.025755,0.072652
2018024150.000,Miguel,recording,shake_phone,14,2.301507,5.449262,7.655463,-0.001710,-0.040972,0.073556
2018024160.000,Miguel,recording,shake_phone,14,2.362744,5.442267,7.680206,-0.001977,-0.052922,0.070567
2018024170.000,Miguel,recording,shake_phone,14,2.407948,5.452458,7.675035,0.000191,-0.062672,0.064261
2018024180.000,Miguel,recording,shake_phone,14,2.440168,5.460780,7.625161,0.000937,-0.070274,0.056126
2018024190.000,Miguel,recording,shake_phone,14,2.500428,5.475126,7.597774,-0.003523,-0.075019,0.047451
2018024200.000,Miguel,recording,shake_phone,14,2.569296,5.487363,7.651142,-0.011094,-0.074370,0.038319
2018024210.000,Miguel,recording,shake_phone,14,2.603805,5.479835,7.701602,-0.017373,-0.066839,0.028957
2018024220.000,Miguel,recording,shake_phone,14,2.590964,5.460154,7.702284,-0.023330,-0.055414,0.021520
2018024230.000,Miguel,recording,shake_phone,14,2.562569,5.444612,7.676368,-0.031838,-0.043896,0.018189
2018024240.000,Miguel,recording,shake_phone,14,2.561092,5.432262,7.707507,-0.041367,-0.033769,0.017976
2018024250.000,Miguel,recording,shake_phone,14,2.556033,5.427447,7.796045,-0.047327,-0.025197,0.019669
2018024260.000,Miguel,recording,shake_phone,14,2.563173,5.426552,7.866459,-0.047773,-0.019183,0.024229
2018024270.000,Miguel,recording,shake_phone,14,2.614018,5.432186,7.918586,-0.044798,-0.016856,0.030300
2018024280.000,Miguel,recording,shake_phone,14,2.710798,5.442531,7.960442,-0.040075,-0.017453,0.034426
2018024290.000,Miguel,recording,shake_phone,14,2.807917,5.465057,8.005919,-0.033686,-0.017326,0.034602
2018024300.000,Miguel,recording,shake_phone,14,2.872510,5.487538,8.022276,-0.026872,-0.013678,0.030481
2018024310.000,Miguel,recording,shake_phone,14,2.946853,5.497970,8.053385,-0.022210,-0.007307,0.023200
2018024320.000,Miguel,recording,shake_phone,14,2.986143,5.511298,8.083038,-0.019992,-0.000260,0.014357
2018024330.000,Miguel,recording,shake_phone,14,2.992721,5.508895,8.114415,-0.017828,0.009433,0.005440
2018024340.000,Miguel,recording,shake_phone,14,3.030296,5.515906,8.173061,-0.012680,0.023644,-0.003042
2018024350.000,Miguel,recording,shake_phone,14,3.052985,5.520169,8.210237,-0.003006,0.040482,-0.012249
2018024360.000,Miguel,recording,shake_phone,14,3.036119,5.502389,8.240554,0.010789,0.057673,-0.022829
2018024370.000,Miguel,recording,shake_phone,14,3.003619,5.464883,8.255645,0.028413,0.071795,-0.032458
2018024380.000,Miguel,recording,shake_phone,14,2.976599,5.437974,8.263908,0.050584,0.079665,-0.040362
2018024390.000,Miguel,recording,shake_phone,14,2.931133,5.447954,8.267126,0.077563,0.081050,-0.049777
2018024400.000,Miguel,recording,shake_phone,14,2.868573,5.481413,8.215502,0.106653,0.076866,-0.060231
2018024410.000,Miguel,recording,shake_phone,14,2.816228,5.521604,8.103313,0.133202,0.069329,-0.069655
2018024420.000,Miguel,recording,shake_phone,14,2.801221,5.553091,7.957697,0.151803,0.061690,-0.079221
2018024430.000,Miguel,recording,shake_phone,14,2.783019,5.602032,7.853880,0.158410,0.056219,-0.089546
2018024440.000,Miguel,recording,shake_phone,14,2.735702,5.651146,7.815022,0.155770,0.056135,-0.099657
2018024450.000,Miguel,recording,shake_phone,14,2.694901,5.648290,7.778601,0.150672,0.062613,-0.107325
2018024460.000,Miguel,recording,shake_phone,14,2.659902,5.611820,7.757001,0.145873,0.072793,-0.110830
2018024470.000,Miguel,recording,shake_phone,14,2.629472,5.595416,7.771418,0.142830,0.083643,-0.110315
2018024480.000,Miguel,recording,shake_phone,14,2.674733,5.581246,7.762242,0.142853,0.095204,-0.109253
2018024490.000,Miguel,recording,shake_phone,14,2.767135,5.606424,7.721415,0.142331,0.108431,-0.112978
2018024500.000,Miguel,recording,shake_phone,14,2.804416,5.645939,7.728908,0.138889,0.120904,-0.123098
2018024510.000,Miguel,recording,shake_phone,14,2.741213,5.661417,7.743320,0.135838,0.130117,-0.136399
2018024520.000,Miguel,recording,shake_phone,14,2.679132,5.667152,7.723393,0.134080,0.135718,-0.149072
2018024530.000,Miguel,recording,shake_phone,14,2.644183,5.686158,7.693592,0.130161,0.135898,-0.158960
2018024540.000,Miguel,recording,shake_phone,14,2.614569,5.704131,7.686026,0.122966,0.133654,-0.165785
2018024550.000,Miguel,recording,shake_phone,14,2.633693,5.722079,7.689270,0.113207,0.137928,-0.170893
2018024560.000,Miguel,recording,shake_phone,14,2.683569,5.728429,7.699995,0.100078,0.150246,-0.175852
2018024570.000,Miguel,recording,shake_phone,14,2.719390,5.711335,7.727024,0.084356,0.166979,-0.181587
2018024580.000,Miguel,recording,shake_phone,14,2.740464,5.703059,7.818642,0.070910,0.186822,-0.188381
2018024590.000,Miguel,recording,shake_phone,14,2.745056,5.702730,7.974625,0.066838,0.208984,-0.196906
2018024600.000,Miguel,recording,shake_phone,14,2.781147,5.683181,8.126801,0.076642,0.229267,-0.209226
2018024610.000,Miguel,recording,shake_phone,14,2.801500,5.666026,8.243133,0.100379,0.240177,-0.227668
2018024620.000,Miguel,recording,shake_phone,14,2.761693,5.664793,8.292065,0.134900,0.234848,-0.251189
2018024630.000,Miguel,recording,shake_phone,14,2.728093,5.697933,8.305862,0.176613,0.209176,-0.278012
2018024640.000,Miguel,recording,shake_phone,14,2.715045,5.747268,8.303332,0.222757,0.163468,-0.308988
2018024650.000,Miguel,recording,shake_phone,14,2.695444,5.777731,8.315205,0.271253,0.101843,-0.343892
2018024660.000,Miguel,recording,shake_phone,14,2.704055,5.766315,8.430412,0.325216,0.031716,-0.378763
2018024670.000,Miguel,recording,shake_phone,14,2.678525,5.728517,8.608229,0.392904,-0.040458,-0.409593
2018024680.000,Miguel,recording,shake_phone,14,2.646850,5.702408,8.642557,0.472644,-0.108924,-0.437220
2018024690.000,Miguel,recording,shake_phone,14,2.635692,5.734982,8.438510,0.548152,-0.162310,-0.468372
2018024700.000,Miguel,recording,shake_phone,14,2.582602,5.826835,8.177272,0.606119,-0.197015,-0.506738
2018024710.000,Miguel,recording,shake_phone,14,2.454590,5.928407,7.986459,0.644616,-0.223467,-0.549823
2018024720.000,Miguel,recording,shake_phone,14,2.256185,6.020721,7.829872,0.669591,-0.251123,-0.593515
2018024730.000,Miguel,recording,shake_phone,14,2.010394,6.140488,7.683356,0.687805,-0.282113,-0.634329
2018024740.000,Miguel,recording,shake_phone,14,1.814282,6.218249,7.577849,0.700693,-0.316552,-0.670256
2018024750.000,Miguel,recording,shake_phone,14,1.664178,6.221038,7.409554,0.705719,-0.354205,-0.698645
2018024760.000,Miguel,recording,shake_phone,14,1.605012,6.231882,7.252790,0.701482,-0.390318,-0.720622
2018024770.000,Miguel,recording,shake_phone,14,1.630013,6.242508,7.163958,0.690922,-0.419201,-0.739981
2018024780.000,Miguel,recording,shake_phone,14,1.637189,6.197985,7.064417,0.678970,-0.437210,-0.757323
2018024790.000,Miguel,recording,shake_phone,14,1.629761,6.195987,6.987646,0.669617,-0.445125,-0.771205
2018024800.000,Miguel,recording,shake_phone,14,1.619802,6.197793,6.910621,0.662813,-0.449898,-0.782263
2018024810.000,Miguel,recording,shake_phone,14,1.606325,6.212658,6.662597,0.654590,-0.459517,-0.794428
2018024820.000,Miguel,recording,shake_phone,14,1.585696,6.337212,6.398683,0.640291,-0.486295,-0.811937
2018024830.000,Miguel,recording,shake_phone,14,1.491241,6.539816,6.311157,0.616629,-0.546223,-0.837660
2018024840.000,Miguel,recording,shake_phone,14,1.373708,6.701958,6.314188,0.585814,-0.648842,-0.874310
2018024850.000,Miguel,recording,shake_phone,14,1.407975,6.837421,6.424169,0.555450,-0.802642,-0.924090
2018024860.000,Miguel,recording,shake_phone,14,1.568262,6.848822,6.530117,0.531698,-1.016517,-0.986261
2018024870.000,Miguel,recording,shake_phone,14,1.670494,6.836748,6.662403,0.520133,-1.285461,-1.059879
2018024880.000,Miguel,recording,shake_phone,14,1.711210,6.920502,6.977862,0.534035,-1.584740,-1.144896
2018024890.000,Miguel,recording,shake_phone,14,1.855343,6.940100,7.409117,0.595661,-1.870848,-1.238132
2018024900.000,Miguel,recording,shake_phone,14,2.165123,6.775614,7.842527,0.722920,-2.082544,-1.332377
2018024910.000,Miguel,recording,shake_phone,14,2.415024,6.421427,7.934163,0.903106,-2.171377,-1.418816
2018024920.000,Miguel,recording,shake_phone,14,2.506446,6.223993,7.482763,1.077939,-2.153292,-1.490858
2018024930.000,Miguel,recording,shake_phone,14,2.428886,6.246407,6.525393,1.160028,-2.101642,-1.535134
2018024940.000,Miguel,recording,shake_phone,14,2.230928,6.456030,5.424592,1.103042,-2.069505,-1.538152
2018024950.000,Miguel,recording,shake_phone,14,1.935584,7.156196,4.897312,0.969940,-2.029115,-1.522917
2018024960.000,Miguel,recording,shake_phone,14,1.903494,7.783841,4.812110,0.845998,-1.936968,-1.532266
2018024970.000,Miguel,recording,shake_phone,14,1.834335,7.970888,4.777810,0.747924,-1.802047,-1.571611
2018024980.000,Miguel,recording,shake_phone,14,1.469926,7.864124,4.748404,0.660058,-1.656808,-1.605172
2018024990.000,Miguel,recording,shake_phone,14,1.020688,7.704071,4.861261,0.574001,-1.524620,-1.595661
2018025000.000,Miguel,recording,shake_phone,14,0.619402,7.619393,5.085697,0.498051,-1.407487,-1.529615
2018025010.000,Miguel,recording,shake_phone,14,0.341174,7.572699,5.262598,0.443026,-1.288463,-1.416767
2018025020.000,Miguel,recording,shake_phone,14,0.231525,7.570552,5.425098,0.413279,-1.144986,-1.278116
2018025030.000,Miguel,recording,shake_phone,14,0.257528,7.553305,5.563964,0.410008,-0.971506,-1.131923
2018025040.000,Miguel,recording,shake_phone,14,0.388737,7.478089,5.524547,0.427076,-0.786390,-0.989908
2018025050.000,Miguel,recording,shake_phone,14,0.570400,7.455762,5.273516,0.450015,-0.618591,-0.862970
2018025060.000,Miguel,recording,shake_phone,14,0.705475,7.539945,4.953787,0.463614,-0.488999,-0.758901
2018025070.000,Miguel,recording,shake_phone,14,0.867360,7.701706,4.582971,0.455690,-0.401490,-0.684324
2018025080.000,Miguel,recording,shake_phone,14,1.113678,7.897205,4.268097,0.418132,-0.349215,-0.647871
2018025090.000,Miguel,recording,shake_phone,14,1.218958,8.038332,4.225650,0.355768,-0.322351,-0.646780
2018025100.000,Miguel,recording,shake_phone,14,1.097482,8.103594,4.419768,0.287366,-0.307881,-0.664169
2018025110.000,Miguel,recording,shake_phone,14,0.944792,8.141821,4.761985,0.232863,-0.288190,-0.684089
2018025120.000,Miguel,recording,shake_phone,14,0.856869,8.078545,5.130605,0.208251,-0.251390,-0.698695
2018025130.000,Miguel,recording,shake_phone,14,0.846393,7.957448,5.341031,0.218312,-0.204554,-0.706966
2018025140.000,Miguel,recording,shake_phone,14,0.892261,7.871686,5.323244,0.253900,-0.167422,-0.713425
2018025150.000,Miguel,recording,shake_phone,14,0.949263,7.847591,5.124180,0.297439,-0.150789,-0.728277
2018025160.000,Miguel,recording,shake_phone,14,0.948768,7.828766,4.848003,0.330035,-0.151528,-0.760543
2018025170.000,Miguel,recording,shake_phone,14,0.958636,7.809454,4.607468,0.341896,-0.166209,-0.811939
2018025180.000,Miguel,recording,shake_phone,14,1.039425,7.797967,4.488144,0.334395,-0.192552,-0.881327
2018025190.000,Miguel,recording,shake_phone,14,1.095847,7.766568,4.458119,0.312149,-0.220258,-0.964148
2018025200.000,Miguel,recording,shake_phone,14,1.037959,7.750238,4.482787,0.282870,-0.238414,-1.051385
2018025210.000,Miguel,recording,shake_phone,14,0.837449,7.788397,4.581659,0.261882,-0.247620,-1.133036
2018025220.000,Miguel,recording,shake_phone,14,0.472127,7.881394,4.711693,0.260267,-0.255962,-1.200724
2018025230.000,Miguel,recording,shake_phone,14,0.024241,7.914726,4.655423,0.271557,-0.272885,-1.251022
2018025240.000,Miguel,recording,shake_phone,14,-0.347912,7.904272,4.432461,0.278761,-0.310119,-1.286037
2018025250.000,Miguel,recording,shake_phone,14,-0.620953,7.957915,4.282434,0.269943,-0.375018,-1.306188
2018025260.000,Miguel,recording,shake_phone,14,-0.941599,7.997865,4.211197,0.243891,-0.451972,-1.307933
2018025270.000,Miguel,recording,shake_phone,14,-1.372042,7.937191,4.177651,0.209715,-0.503239,-1.290786
2018025280.000,Miguel,recording,shake_phone,14,-2.013654,7.804677,4.290346,0.185476,-0.508408,-1.251275
2018025290.000,Miguel,recording,shake_phone,14,-3.050497,7.690941,4.408180,0.189552,-0.495539,-1.169789
2018025300.000,Miguel,recording,shake_phone,14,-4.605048,7.729938,4.384136,0.229098,-0.496791,-1.027164
2018025310.000,Miguel,recording,shake_phone,14,-6.852118,8.064585,4.386825,0.301886,-0.495695,-0.817299
2018025320.000,Miguel,recording,shake_phone,14,-9.488592,8.802222,4.427354,0.392923,-0.481757,-0.510611
2018025330.000,Miguel,recording,shake_phone,14,-12.213787,9.343281,4.201038,0.465010,-0.517921,-0.040169
2018025340.000,Miguel,recording,shake_phone,14,-14.355130,9.283868,3.297453,0.460960,-0.637874,0.656499
2018025350.000,Miguel,recording,shake_phone,14,-15.037700,8.899033,2.073341,0.322254,-0.643464,1.590789
2018025360.000,Miguel,recording,shake_phone,14,-13.340172,8.198609,0.382998,-0.022035,-0.184156,2.692445
2018025370.000,Miguel,recording,shake_phone,14,-8.722776,6.792175,-1.885577,-0.641498,0.865484,3.811504
2018025380.000,Miguel,recording,shake_phone,14,-1.701712,4.707560,-2.168889,-1.451541,2.235143,4.731883
2018025390.000,Miguel,recording,shake_phone,14,6.607560,3.139169,1.122778,-2.166729,3.444464,5.198852
2018025400.000,Miguel,recording,shake_phone,14,15.356285,3.027895,6.899964,-2.477912,4.058465,4.984382
2018025410.000,Miguel,recording,shake_phone,14,22.355924,3.927566,12.446474,-2.280268,3.851102,3.968216
2018025420.000,Miguel,recording,shake_phone,14,24.402672,5.361485,15.576975,-1.709391,2.858777,2.280189
2018025430.000,Miguel,recording,shake_phone,14,20.416160,6.922144,17.800935,-0.883485,1.446611,0.386011
2018025440.000,Miguel,recording,shake_phone,14,13.059547,7.352975,18.582018,0.123324,0.140926,-1.158068
2018025450.000,Miguel,recording,shake_phone,14,4.913417,7.411951,15.776578,1.075153,-0.765013,-2.035489
2018025460.000,Miguel,recording,shake_phone,14,-1.923609,8.486568,10.965090,1.701333,-1.227949,-2.224970
2018025470.000,Miguel,recording,shake_phone,14,-6.675248,9.475022,5.664963,1.882809,-1.280768,-1.877534
2018025480.000,Miguel,recording,shake_phone,14,-9.883800,10.008367,1.007132,1.619277,-0.994533,-1.158681
2018025490.000,Miguel,recording,shake_phone,14,-11.299117,9.879828,-1.415616,1.027795,-0.456906,-0.215177
2018025500.000,Miguel,recording,shake_phone,14,-10.648906,8.986649,-1.768016,0.337620,0.187753,0.749683
2018025510.000,Miguel,recording,shake_phone,14,-9.303091,8.060270,-0.917328,-0.252220,0.698815,1.570341
2018025520.000,Miguel,recording,shake_phone,14,-7.784192,7.275457,0.800161,-0.630698,0.909715,2.202583
2018025530.000,Miguel,recording,shake_phone,14,-5.637754,6.395058,2.613967,-0.760612,0.875870,2.651150
2018025540.000,Miguel,recording,shake_phone,14,-2.481499,5.417791,3.700691,-0.697246,0.708940,2.907315
2018025550.000,Miguel,recording,shake_phone,14,1.819449,4.861841,4.357225,-0.525767,0.452970,2.931833
2018025560.000,Miguel,recording,shake_phone,14,6.109041,4.863983,4.758839,-0.312353,0.177922,2.703385
2018025570.000,Miguel,recording,shake_phone,14,8.740706,5.262148,4.964587,-0.120351,-0.032298,2.271345
2018025580.000,Miguel,recording,shake_phone,14,9.569015,5.850952,4.991593,-0.006323,-0.137889,1.758562
2018025590.000,Miguel,recording,shake_phone,14,9.349322,6.590276,4.884123,-0.007491,-0.106996,1.287731
2018025600.000,Miguel,recording,shake_phone,14,8.665304,7.384594,4.873585,-0.127691,0.094268,0.919391
2018025610.000,Miguel,recording,shake_phone,14,7.715836,7.898322,5.156531,-0.322308,0.444819,0.669906
2018025620.000,Miguel,recording,shake_phone,14,6.547446,8.013177,5.620061,-0.527271,0.836264,0.527841
2018025630.000,Miguel,recording,shake_phone,14,5.487371,8.005560,6.022784,-0.702086,1.135371,0.449112
2018025640.000,Miguel,recording,shake_phone,14,4.679110,8.008798,6.404559,-0.831482,1.277823,0.378338
2018025650.000,Miguel,recording,shake_phone,14,3.950952,8.004912,6.791594,-0.905415,1.286534,0.289027
2018025660.000,Miguel,recording,shake_phone,14,3.113614,7.851219,7.085753,-0.918300,1.215569,0.192142
2018025670.000,Miguel,recording,shake_phone,14,2.265764,7.571516,7.207356,-0.878292,1.102189,0.113399
2018025680.000,Miguel,recording,shake_phone,14,1.483112,7.347370,7.260804,-0.801502,0.959019,0.072414
2018025690.000,Miguel,recording,shake_phone,14,0.907148,7.338836,7.553365,-0.691464,0.788105,0.077069
2018025700.000,Miguel,recording,shake_phone,14,0.595287,7.387737,7.952109,-0.538612,0.599900,0.126594
2018025710.000,Miguel,recording,shake_phone,14,0.528579,7.264272,8.059750,-0.344106,0.414947,0.212626
2018025720.000,Miguel,recording,shake_phone,14,0.681564,7.168134,7.827721,-0.130156,0.247006,0.319370
2018025730.000,Miguel,recording,shake_phone,14,1.018906,7.229727,7.374813,0.069648,0.095129,0.430230
2018025740.000,Miguel,recording,shake_phone,14,1.466329,7.350777,6.820431,0.228194,-0.043551,0.527225
2018025750.000,Miguel,recording,shake_phone,14,1.991543,7.481326,6.268397,0.334240,-0.157134,0.593880
2018025760.000,Miguel,recording,shake_phone,14,2.613185,7.608360,5.752114,0.383961,-0.228036,0.620030
2018025770.000,Miguel,recording,shake_phone,14,3.149211,7.729467,5.359211,0.380754,-0.250804,0.600794
2018025780.000,Miguel,recording,shake_phone,14,3.514650,7.838909,5.089195,0.338778,-0.235670,0.545522
2018025790.000,Miguel,recording,shake_phone,14,3.721659,7.874367,4.930484,0.272443,-0.199440,0.469703
2018025800.000,Miguel,recording,shake_phone,14,3.801798,7.886948,4.920060,0.195070,-0.157881,0.382851
2018025810.000,Miguel,recording,shake_phone,14,3.791892,7.832638,4.981115,0.120001,-0.121495,0.293581
2018025820.000,Miguel,recording,shake_phone,14,3.693603,7.687278,5.083280,0.055974,-0.092964,0.210386
2018025830.000,Miguel,recording,shake_phone,14,3.477450,7.540964,5.243873,0.008358,-0.069622,0.141248
2018025840.000,Miguel,recording,shake_phone,14,3.170768,7.436051,5.417494,-0.021329,-0.049359,0.094648
2018025850.000,Miguel,recording,shake_phone,14,2.902312,7.322804,5.566297,-0.035219,-0.034454,0.074483
2018025860.000,Miguel,recording,shake_phone,14,2.651395,7.164937,5.662430,-0.036566,-0.022742,0.079637
2018025870.000,Miguel,recording,shake_phone,14,2.458348,7.077523,5.724811,-0.028538,-0.007273,0.104836
2018025880.000,Miguel,recording,shake_phone,14,2.315057,7.077918,5.767574,-0.014069,0.013736,0.144064
2018025890.000,Miguel,recording,shake_phone,14,2.189860,7.117169,5.781230,0.003338,0.034788,0.193139
2018025900.000,Miguel,recording,shake_phone,14,2.132665,7.169128,5.733490,0.019010,0.053936,0.245537
2018025910.000,Miguel,recording,shake_phone,14,2.211821,7.242478,5.598239,0.026151,0.074317,0.293444
2018025920.000,Miguel,recording,shake_phone,14,2.411596,7.328946,5.457798,0.017978,0.089728,0.331789
2018025930.000,Miguel,recording,shake_phone,14,2.639105,7.384519,5.405524,-0.006898,0.093499,0.359889
2018025940.000,Miguel,recording,shake_phone,14,2.899181,7.405361,5.445732,-0.041827,0.094154,0.375602
2018025950.000,Miguel,recording,shake_phone,14,3.145460,7.409682,5.562876,-0.075879,0.104832,0.373567
2018025960.000,Miguel,recording,shake_phone,14,3.284592,7.394836,5.699129,-0.101990,0.126732,0.356283
2018025970.000,Miguel,recording,shake_phone,14,3.312167,7.341911,5.809451,-0.119954,0.150149,0.333864
2018025980.000,Miguel,recording,shake_phone,14,3.298098,7.269276,5.905204,-0.131563,0.166369,0.313063
2018025990.000,Miguel,recording,shake_phone,14,3.315965,7.236931,5.967264,-0.138213,0.174550,0.294380
2018026000.000,Miguel,recording,shake_phone,14,3.366516,7.194200,5.984705,-0.140800,0.181357,0.275767
2018026010.000,Miguel,recording,shake_phone,14,3.376109,7.136386,5.978314,-0.138999,0.188496,0.255486
2018026020.000,Miguel,recording,shake_phone,14,3.352736,7.117451,6.048672,-0.132064,0.185250,0.233572
2018026030.000,Miguel,recording,shake_phone,14,3.308413,7.100403,6.135935,-0.117946,0.162752,0.212225
2018026040.000,Miguel,recording,shake_phone,14,3.185273,7.056081,6.167367,-0.095338,0.127802,0.194515
2018026050.000,Miguel,recording,shake_phone,14,3.081138,7.027611,6.105695,-0.067365,0.091249,0.184131
2018026060.000,Miguel,recording,shake_phone,14,3.065416,7.028127,6.052990,-0.042073,0.054627,0.182877
2018026070.000,Miguel,recording,shake_phone,14,3.084347,7.020788,6.102961,-0.020678,0.018902,0.189506
2018026080.000,Miguel,recording,shake_phone,14,3.077380,7.025199,6.183756,0.002470,-0.008422,0.200131
2018026090.000,Miguel,recording,shake_phone,14,3.065310,7.059263,6.170150,0.025917,-0.020468,0.209851
2018026100.000,Miguel,recording,shake_phone,14,3.106576,7.127893,6.036846,0.040566,-0.019300,0.216174
2018026110.000,Miguel,recording,shake_phone,14,3.165924,7.183069,5.926689,0.039566,-0.011563,0.219963
2018026120.000,Miguel,recording,shake_phone,14,3.233164,7.210224,5.875467,0.024950,0.000153,0.220477
2018026130.000,Miguel,recording,shake_phone,14,3.276603,7.216436,5.869053,0.003814,0.015289,0.215356
2018026140.000,Miguel,recording,shake_phone,14,3.303223,7.230522,5.906243,-0.017555,0.031468,0.203943
2018026150.000,Miguel,recording,shake_phone,14,3.304655,7.230531,5.957162,-0.034408,0.048475,0.187261
2018026160.000,Miguel,recording,shake_phone,14,3.296883,7.196801,5.992396,-0.043181,0.062482,0.168328
2018026170.000,Miguel,recording,shake_phone,14,3.240846,7.162098,6.009213,-0.043356,0.067262,0.150563
2018026180.000,Miguel,recording,shake_phone,14,3.139140,7.104862,5.944327,-0.039255,0.063211,0.137107
2018026190.000,Miguel,recording,shake_phone,14,3.074112,7.076005,5.866475,-0.037039,0.053388,0.128163
2018026200.000,Miguel,recording,shake_phone,14,3.088740,7.087687,5.765053,-0.040850,0.039278,0.119970
2018026210.000,Miguel,recording,shake_phone,14,3.102044,7.083583,5.641701,-0.053624,0.023164,0.111044
2018026220.000,Miguel,recording,shake_phone,14,3.058460,7.042062,5.566972,-0.075041,0.011139,0.105852
2018026230.000,Miguel,recording,shake_phone,14,3.007634,6.994068,5.562519,-0.101869,0.007323,0.109037
2018026240.000,Miguel,recording,shake_phone,14,2.949695,6.986009,5.613239,-0.128841,0.011266,0.119287
2018026250.000,Miguel,recording,shake_phone,14,2.923838,7.015107,5.704858,-0.149624,0.022506,0.132249
2018026260.000,Miguel,recording,shake_phone,14,2.977670,7.000323,5.811618,-0.163642,0.041958,0.146334
2018026270.000,Miguel,recording,shake_phone,14,3.092855,6.908304,5.893330,-0.174596,0.065380,0.161972
2018026280.000,Miguel,recording,shake_phone,14,3.203524,6.859842,5.980510,-0.183038,0.086906,0.176772
2018026290.000,Miguel,recording,shake_phone,14,3.290687,6.866865,6.057899,-0.187737,0.104415,0.186217
2018026300.000,Miguel,recording,shake_phone,14,3.328633,6.895830,6.121229,-0.188613,0.115752,0.188911
2018026310.000,Miguel,recording,shake_phone,14,3.361072,6.913539,6.191186,-0.186764,0.121389,0.187839
2018026320.000,Miguel,recording,shake_phone,14,3.424765,6.910560,6.205833,-0.184991,0.124559,0.185230
2018026330.000,Miguel,recording,shake_phone,14,3.496253,6.903770,6.218877,-0.184975,0.126512,0.180179
2018026340.000,Miguel,recording,shake_phone,14,3.538197,6.909657,6.267405,-0.183975,0.126154,0.172155
2018026350.000,Miguel,recording,shake_phone,14,3.529763,6.910020,6.331719,-0.179459,0.123246,0.161828
2018026360.000,Miguel,recording,shake_phone,14,3.512305,6.889280,6.372188,-0.171582,0.119270,0.150964
2018026370.000,Miguel,recording,shake_phone,14,3.533247,6.832036,6.444506,-0.161152,0.115320,0.140982
2018026380.000,Miguel,recording,shake_phone,14,3.575444,6.777123,6.490314,-0.147743,0.110705,0.131191
2018026390.000,Miguel,recording,shake_phone,14,3.609360,6.751387,6.501495,-0.131558,0.104920,0.120182
2018026400.000,Miguel,recording,shake_phone,14,3.611244,6.732685,6.526837,-0.113885,0.097041,0.106897
2018026410.000,Miguel,recording,shake_phone,14,3.544451,6.716387,6.542219,-0.094172,0.085231,0.092652
2018026420.000,Miguel,recording,shake_phone,14,3.475049,6.723062,6.520829,-0.073332,0.070516,0.080663
2018026430.000,Miguel,recording,shake_phone,14,3.482653,6.744981,6.476221,-0.056310,0.053953,0.070415
2018026440.000,Miguel,recording,shake_phone,14,3.518621,6.753407,6.425207,-0.046029,0.038817,0.058465
2018026450.000,Miguel,recording,shake_phone,14,3.488484,6.756114,6.393960,-0.040505,0.032276,0.045635
2018026460.000,Miguel,recording,shake_phone,14,3.401708,6.754584,6.396952,-0.037545,0.034951,0.036797
2018026470.000,Miguel,recording,shake_phone,14,3.357131,6.728858,6.443542,-0.035905,0.048895,0.034707
2018026480.000,Miguel,recording,shake_phone,14,3.524467,6.677168,6.509056,-0.036508,0.094560,0.038639
2018026490.000,Miguel,recording,shake_phone,14,3.679308,6.657762,6.509433,-0.043681,0.199591,0.050519
2018026500.000,Miguel,recording,shake_phone,14,3.631951,6.692385,6.478080,-0.056332,0.371972,0.074239
2018026510.000,Miguel,recording,shake_phone,14,3.482117,6.699275,6.430146,-0.068940,0.580946,0.110263
2018026520.000,Miguel,recording,shake_phone,14,3.277221,6.679100,6.305329,-0.085742,0.770287,0.155942
2018026530.000,Miguel,recording,shake_phone,14,3.065007,6.700835,6.178271,-0.114849,0.901506,0.203394
2018026540.000,Miguel,recording,shake_phone,14,2.925210,6.727904,6.187456,-0.152088,0.965398,0.241302
2018026550.000,Miguel,recording,shake_phone,14,2.826983,6.744518,6.313375,-0.182876,0.967281,0.263657
2018026560.000,Miguel,recording,shake_phone,14,2.774994,6.707630,6.456815,-0.198077,0.920111,0.270651
2018026570.000,Miguel,recording,shake_phone,14,2.759081,6.632112,6.573149,-0.198921,0.836442,0.265319
2018026580.000,Miguel,recording,shake_phone,14,2.753329,6.539506,6.687296,-0.186103,0.727804,0.250512
2018026590.000,Miguel,recording,shake_phone,14,2.742401,6.465744,6.794988,-0.157940,0.604945,0.227388
2018026600.000,Miguel,recording,shake_phone,14,2.700989,6.414113,6.868603,-0.116010,0.473300,0.199323
2018026610.000,Miguel,recording,shake_phone,14,2.727858,6.373598,6.844209,-0.068260,0.338013,0.169861
2018026620.000,Miguel,recording,shake_phone,14,2.858991,6.360587,6.761535,-0.024888,0.204584,0.136150
2018026630.000,Miguel,recording,shake_phone,14,2.978765,6.384993,6.661048,0.007681,0.075562,0.093815
2018026640.000,Miguel,recording,shake_phone,14,3.044992,6.444275,6.558745,0.026319,-0.043912,0.045978
2018026650.000,Miguel,recording,shake_phone,14,3.025697,6.499411,6.534423,0.032405,-0.142445,0.000923
2018026660.000,Miguel,recording,shake_phone,14,2.950278,6.529221,6.563378,0.030812,-0.207787,-0.031343
2018026670.000,Miguel,recording,shake_phone,14,2.846629,6.538388,6.579189,0.023924,-0.234696,-0.043943
2018026680.000,Miguel,recording,shake_phone,14,2.753726,6.548363,6.618914,0.013395,-0.227503,-0.038606
2018026690.000,Miguel,recording,shake_phone,14,2.697162,6.567963,6.665243,0.003365,-0.195513,-0.020080
2018026700.000,Miguel,recording,shake_phone,14,2.661798,6.565262,6.682377,-0.004503,-0.148250,0.008170
2018026710.000,Miguel,recording,shake_phone,14,2.676319,6.550061,6.657307,-0.012091,-0.096117,0.040808
2018026720.000,Miguel,recording,shake_phone,14,2.767126,6.519980,6.578937,-0.021496,-0.047923,0.070802
2018026730.000,Miguel,recording,shake_phone,14,2.922425,6.475044,6.535340,-0.033581,-0.007778,0.090602
2018026740.000,Miguel,recording,shake_phone,14,3.057200,6.450119,6.568902,-0.045074,0.022237,0.096600
2018026750.000,Miguel,recording,shake_phone,14,3.107957,6.431180,6.645328,-0.050452,0.040995,0.092923
2018026760.000,Miguel,recording,shake_phone,14,3.128001,6.391780,6.710693,-0.049321,0.048579,0.085593
2018026770.000,Miguel,recording,shake_phone,14,3.133937,6.394054,6.771548,-0.043684,0.047757,0.077437
2018026780.000,Miguel,recording,shake_phone,14,3.095541,6.423717,6.824486,-0.033850,0.042600,0.068399
2018026790.000,Miguel,recording,shake_phone,14,3.024848,6.464740,6.870771,-0.021796,0.033673,0.059473
2018026800.000,Miguel,recording,shake_phone,14,2.993280,6.498290,6.893858,-0.009396,0.022662,0.053201
2018026810.000,Miguel,recording,shake_phone,14,3.012681,6.496864,6.887237,0.003897,0.013257,0.048914
2018026820.000,Miguel,recording,shake_phone,14,3.034316,6.503505,6.849662,0.016461,0.006748,0.044882
2018026830.000,Miguel,recording,shake_phone,14,3.043433,6.504994,6.767596,0.023738,0.001978,0.041706
2018026840.000,Miguel,recording,shake_phone,14,3.083912,6.493383,6.718877,0.025246,-0.001536,0.039464
2018026850.000,Miguel,recording,shake_phone,14,3.122233,6.486973,6.726811,0.025793,-0.000950,0.037718
2018026860.000,Miguel,recording,shake_phone,14,3.113534,6.484698,6.728323,0.027308,0.004889,0.037801
2018026870.000,Miguel,recording,shake_phone,14,3.086923,6.485154,6.697621,0.026452,0.013505,0.042543
2018026880.000,Miguel,recording,shake_phone,14,3.096449,6.509034,6.662276,0.021330,0.024593,0.051141
2018026890.000,Miguel,recording,shake_phone,14,3.127929,6.539889,6.691734,0.015428,0.037656,0.059374
2018026900.000,Miguel,recording,shake_phone,14,3.170151,6.557336,6.741568,0.013186,0.048772,0.064925
2018026910.000,Miguel,recording,shake_phone,14,3.224145,6.587792,6.758879,0.015042,0.054234,0.066147
2018026920.000,Miguel,recording,shake_phone,14,3.296102,6.589814,6.755409,0.019195,0.053769,0.060710
2018026930.000,Miguel,recording,shake_phone,14,3.373028,6.558836,6.741357,0.024670,0.050230,0.047725
2018026940.000,Miguel,recording,shake_phone,14,3.420652,6.544509,6.710200,0.029970,0.045272,0.028901
2018026950.000,Miguel,recording,shake_phone,14,3.407003,6.544742,6.676458,0.033076,0.038442,0.007796
2018026960.000,Miguel,recording,shake_phone,14,3.363558,6.539839,6.673310,0.033943,0.030014,-0.010202
2018026970.000,Miguel,recording,shake_phone,14,3.306839,6.543953,6.701458,0.035128,0.022960,-0.022139
2018026980.000,Miguel,recording,shake_phone,14,3.251618,6.548813,6.710093,0.038296,0.020385,-0.028889
2018026990.000,Miguel,recording,shake_phone,14,3.225842,6.563904,6.710514,0.042819,0.023957,-0.031957
2018027000.000,Miguel,recording,shake_phone,14,3.213212,6.584426,6.690256,0.047020,0.032866,-0.033517
2018027010.000,Miguel,recording,shake_phone,14,3.199272,6.595297,6.668340,0.050197,0.042445,-0.035185
2018027020.000,Miguel,recording,shake_phone,14,3.176556,6.597893,6.663367,0.052753,0.048812,-0.039137
2018027030.000,Miguel,recording,shake_phone,14,3.135318,6.608748,6.630376,0.054928,0.050294,-0.045685
2018027040.000,Miguel,recording,shake_phone,14,3.116128,6.619684,6.571407,0.055098,0.046002,-0.053086
2018027050.000,Miguel,recording,shake_phone,14,3.105889,6.605817,6.540512,0.050864,0.037359,-0.060109
2018027060.000,Miguel,recording,shake_phone,14,3.081054,6.582523,6.557627,0.044403,0.029544,-0.065341
2018027070.000,Miguel,recording,shake_phone,15,3.054864,6.572392,6.575836,0.038980,0.026485,-0.068934
2018027080.000,Miguel,recording,shake_phone,15,3.079003,6.565010,6.621467,0.035755,0.027620,-0.071653
2018027090.000,Miguel,recording,shake_phone,15,3.114916,6.563396,6.684038,0.036933,0.032660,-0.074257
2018027100.000,Miguel,recording,shake_phone,15,3.092136,6.565175,6.700622,0.042348,0.041772,-0.076384
2018027110.000,Miguel,recording,shake_phone,15,3.050807,6.560403,6.650604,0.047025,0.050606,-0.077167
2018027120.000,Miguel,recording,shake_phone,15,3.053400,6.573328,6.602424,0.046123,0.054471,-0.078995
2018027130.000,Miguel,recording,shake_phone,15,3.062814,6.597973,6.623784,0.041578,0.054029,-0.083571
2018027140.000,Miguel,recording,shake_phone,15,3.038956,6.593507,6.637214,0.037871,0.051278,-0.089373
2018027150.000,Miguel,recording,shake_phone,15,2.988014,6.591145,6.660396,0.035576,0.047121,-0.094063
2018027160.000,Miguel,recording,shake_phone,15,2.961417,6.586156,6.707987,0.035719,0.042947,-0.096675
2018027170.000,Miguel,recording,shake_phone,15,2.993754,6.592394,6.754007,0.039921,0.039584,-0.098173
2018027180.000,Miguel,recording,shake_phone,15,3.034972,6.597910,6.763555,0.047594,0.038745,-0.100367
2018027190.000,Miguel,recording,shake_phone,15,3.060347,6.610532,6.726599,0.053463,0.042596,-0.104418
2018027200.000,Miguel,recording,shake_phone,15,3.071634,6.606240,6.694630,0.053679,0.049644,-0.109341
2018027210.000,Miguel,recording,shake_phone,15,3.069509,6.608702,6.711700,0.052392,0.058078,-0.115529
2018027220.000,Miguel,recording,shake_phone,15,3.026827,6.623484,6.762990,0.054164,0.065448,-0.122942
2018027230.000,Miguel,recording,shake_phone,15,2.938876,6.616425,6.768758,0.057526,0.068117,-0.128752
2018027240.000,Miguel,recording,shake_phone,15,2.861443,6.609937,6.764324,0.060393,0.064535,-0.130443
2018027250.000,Miguel,recording,shake_phone,15,2.827781,6.617273,6.796500,0.065117,0.057529,-0.128645
2018027260.000,Miguel,recording,shake_phone,15,2.828699,6.622081,6.833266,0.075376,0.052558,-0.127093
2018027270.000,Miguel,recording,shake_phone,15,2.873593,6.630898,6.860471,0.090993,0.051875,-0.128712
2018027280.000,Miguel,recording,shake_phone,15,2.872227,6.641498,6.833259,0.107446,0.053531,-0.134140
2018027290.000,Miguel,recording,shake_phone,15,2.841143,6.635933,6.748750,0.121238,0.055147,-0.140769
2018027300.000,Miguel,recording,shake_phone,15,2.788636,6.653641,6.668037,0.130280,0.056871,-0.146075
2018027310.000,Miguel,recording,shake_phone,15,2.744681,6.691525,6.613972,0.134630,0.058600,-0.150327
2018027320.000,Miguel,recording,shake_phone,15,2.714689,6.711329,6.564213,0.134055,0.060646,-0.153355
2018027330.000,Miguel,recording,shake_phone,15,2.746784,6.736290,6.487141,0.126828,0.063406,-0.155491
2018027340.000,Miguel,recording,shake_phone,15,2.826895,6.743369,6.495479,0.115691,0.063937,-0.160042
2018027350.000,Miguel,recording,shake_phone,15,2.847461,6.758450,6.577606,0.107259,0.060047,-0.169718
2018027360.000,Miguel,recording,shake_phone,15,2.837000,6.773501,6.666161,0.107438,0.051468,-0.183674
2018027370.000,Miguel,recording,shake_phone,15,2.803748,6.761895,6.714819,0.117935,0.037030,-0.199774
2018027380.000,Miguel,recording,shake_phone,15,2.746050,6.758578,6.726834,0.136022,0.016437,-0.217108
2018027390.000,Miguel,recording,shake_phone,15,2.708522,6.761001,6.680397,0.155808,-0.008509,-0.235879
2018027400.000,Miguel,recording,shake_phone,15,2.667301,6.751473,6.643660,0.172964,-0.036022,-0.255109
2018027410.000,Miguel,recording,shake_phone,15,2.618857,6.755384,6.657230,0.189064,-0.064233,-0.271576
2018027420.000,Miguel,recording,shake_phone,15,2.648643,6.777178,6.612488,0.203583,-0.091535,-0.283606
2018027430.000,Miguel,recording,shake_phone,15,2.750389,6.815184,6.560000,0.213317,-0.116170,-0.295495
2018027440.000,Miguel,recording,shake_phone,15,2.827856,6.868797,6.555576,0.222138,-0.134700,-0.312371
2018027450.000,Miguel,recording,shake_phone,15,2.847226,6.937530,6.570221,0.233939,-0.144008,-0.332854
2018027460.000,Miguel,recording,shake_phone,15,2.801469,6.982170,6.534276,0.245638,-0.147049,-0.353340
2018027470.000,Miguel,recording,shake_phone,15,2.702849,7.008457,6.468692,0.254309,-0.147965,-0.372203
2018027480.000,Miguel,recording,shake_phone,15,2.575079,7.029862,6.388647,0.259759,-0.146685,-0.387373
2018027490.000,Miguel,recording,shake_phone,15,2.446843,7.031157,6.347895,0.262687,-0.146684,-0.396019
2018027500.000,Miguel,recording,shake_phone,15,2.340536,7.044403,6.321026,0.264439,-0.150753,-0.396733
2018027510.000,Miguel,recording,shake_phone,15,2.306831,7.072217,6.310195,0.266213,-0.158650,-0.390469
2018027520.000,Miguel,recording,shake_phone,15,2.330029,7.094795,6.310084,0.268670,-0.169839,-0.379391
2018027530.000,Miguel,recording,shake_phone,15,2.361833,7.117965,6.286163,0.272197,-0.179466,-0.367310
2018027540.000,Miguel,recording,shake_phone,15,2.416217,7.167446,6.265326,0.275091,-0.181716,-0.357591
2018027550.000,Miguel,recording,shake_phone,15,2.476753,7.200786,6.238357,0.276312,-0.173418,-0.352453
2018027560.000,Miguel,recording,shake_phone,15,2.471237,7.222667,6.200380,0.277552,-0.153732,-0.352181
2018027570.000,Miguel,recording,shake_phone,15,2.398860,7.246193,6.149397,0.277695,-0.128610,-0.353452
2018027580.000,Miguel,recording,shake_phone,15,2.332015,7.277900,6.030343,0.271658,-0.107426,-0.352536
2018027590.000,Miguel,recording,shake_phone,15,2.328196,7.327231,5.907641,0.254709,-0.094439,-0.348727
2018027600.000,Miguel,recording,shake_phone,15,2.382833,7.380763,5.923725,0.232277,-0.089358,-0.346485
2018027610.000,Miguel,recording,shake_phone,15,2.436996,7.404462,6.034376,0.217740,-0.088745,-0.349729
2018027620.000,Miguel,recording,shake_phone,15,2.458057,7.397991,6.113696,0.217640,-0.091065,-0.358070
2018027630.000,Miguel,recording,shake_phone,15,2.438403,7.396582,6.156450,0.229635,-0.097941,-0.370149
2018027640.000,Miguel,recording,shake_phone,15,2.381002,7.392721,6.149442,0.248480,-0.108748,-0.383939
2018027650.000,Miguel,recording,shake_phone,15,2.330194,7.394475,6.069671,0.267104,-0.122067,-0.397560
2018027660.000,Miguel,recording,shake_phone,15,2.305351,7.421433,5.937371,0.278220,-0.138660,-0.411192
2018027670.000,Miguel,recording,shake_phone,15,2.273778,7.462652,5.870540,0.279146,-0.157168,-0.423327
2018027680.000,Miguel,recording,shake_phone,15,2.251222,7.493606,5.858550,0.273404,-0.172457,-0.432321
2018027690.000,Miguel,recording,shake_phone,15,2.291890,7.533060,5.897422,0.268480,-0.182034,-0.440057
2018027700.000,Miguel,recording,shake_phone,15,2.355754,7.579515,5.948641,0.268857,-0.185961,-0.450161
2018027710.000,Miguel,recording,shake_phone,15,2.390034,7.606774,5.963630,0.274098,-0.183843,-0.465799
2018027720.000,Miguel,recording,shake_phone,15,2.387264,7.617751,5.896121,0.280005,-0.178249,-0.485582
2018027730.000,Miguel,recording,shake_phone,15,2.357398,7.622700,5.790313,0.280543,-0.176032,-0.506850
2018027740.000,Miguel,recording,shake_phone,15,2.321199,7.633490,5.752229,0.276545,-0.180853,-0.529834
2018027750.000,Miguel,recording,shake_phone,15,2.241839,7.638322,5.838288,0.277586,-0.188530,-0.553706
2018027760.000,Miguel,recording,shake_phone,15,2.160899,7.640091,5.899301,0.288832,-0.199127,-0.578533
2018027770.000,Miguel,recording,shake_phone,15,2.079977,7.654028,5.889867,0.307940,-0.217465,-0.604028
2018027780.000,Miguel,recording,shake_phone,15,1.962293,7.695412,5.871652,0.332408,-0.243361,-0.628611
2018027790.000,Miguel,recording,shake_phone,15,1.826986,7.726357,5.788294,0.359086,-0.274815,-0.651032
2018027800.000,Miguel,recording,shake_phone,15,1.645239,7.785532,5.632375,0.380694,-0.310075,-0.666654
2018027810.000,Miguel,recording,shake_phone,15,1.569137,7.830150,5.445220,0.387723,-0.348535,-0.673638
2018027820.000,Miguel,recording,shake_phone,15,1.643458,7.857528,5.290067,0.377312,-0.389002,-0.677437
2018027830.000,Miguel,recording,shake_phone,15,1.749159,7.891858,5.204191,0.354851,-0.422684,-0.685471
2018027840.000,Miguel,recording,shake_phone,15,1.882891,7.919342,5.201869,0.328749,-0.439086,-0.702732
2018027850.000,Miguel,recording,shake_phone,15,2.057775,7.913471,5.278534,0.306059,-0.440872,-0.733693
2018027860.000,Miguel,recording,shake_phone,15,2.155338,7.910097,5.361200,0.290560,-0.439042,-0.777385
2018027870.000,Miguel,recording,shake_phone,15,2.105815,7.903610,5.420198,0.283757,-0.437582,-0.825975
2018027880.000,Miguel,recording,shake_phone,15,1.995977,7.898330,5.432965,0.284776,-0.435335,-0.873719
2018027890.000,Miguel,recording,shake_phone,15,1.846082,7.913644,5.447387,0.290796,-0.435424,-0.917572
2018027900.000,Miguel,recording,shake_phone,15,1.635525,7.931740,5.424143,0.299009,-0.441022,-0.954507
2018027910.000,Miguel,recording,shake_phone,15,1.414799,7.942979,5.371737,0.307712,-0.451194,-0.982663
2018027920.000,Miguel,recording,shake_phone,15,1.189631,7.930342,5.361336,0.317098,-0.468024,-1.001881
2018027930.000,Miguel,recording,shake_phone,15,0.998726,7.925733,5.337672,0.328384,-0.494179,-1.011510
2018027940.000,Miguel,recording,shake_phone,15,0.848663,7.940620,5.307174,0.341933,-0.524501,-1.011356
2018027950.000,Miguel,recording,shake_phone,15,0.714321,7.935712,5.275825,0.355173,-0.552026,-1.004548
2018027960.000,Miguel,recording,shake_phone,15,0.666771,7.936357,5.204309,0.365452,-0.575377,-0.995185
2018027970.000,Miguel,recording,shake_phone,15,0.654485,7.958914,5.115113,0.374104,-0.599222,-0.986451
2018027980.000,Miguel,recording,shake_phone,15,0.600895,7.942277,5.069869,0.383270,-0.635566,-0.979025
2018027990.000,Miguel,recording,shake_phone,15,0.482375,7.913933,5.023041,0.395177,-0.699425,-0.967492
2018028000.000,Miguel,recording,shake_phone,15,0.358101,7.935238,5.018000,0.411584,-0.796268,-0.946336
2018028010.000,Miguel,recording,shake_phone,15,0.267959,7.943266,4.984441,0.427863,-0.907338,-0.920737
2018028020.000,Miguel,recording,shake_phone,15,0.272814,7.969488,4.780654,0.432883,-1.006005,-0.906377
2018028030.000,Miguel,recording,shake_phone,15,0.407215,8.133438,4.490928,0.421023,-1.094061,-0.916514
2018028040.000,Miguel,recording,shake_phone,15,0.539473,8.338972,4.324434,0.396623,-1.186297,-0.952344
2018028050.000,Miguel,recording,shake_phone,15,0.573284,8.377346,4.272015,0.365541,-1.276128,-1.005486
2018028060.000,Miguel,recording,shake_phone,15,0.551899,8.277439,4.253008,0.333527,-1.349618,-1.062927
2018028070.000,Miguel,recording,shake_phone,15,0.477013,8.160917,4.338394,0.305039,-1.396515,-1.111723
2018028080.000,Miguel,recording,shake_phone,15,0.386965,8.107918,4.521072,0.281577,-1.407463,-1.145371
2018028090.000,Miguel,recording,shake_phone,15,0.403203,8.057349,4.697382,0.267909,-1.378251,-1.166595
2018028100.000,Miguel,recording,shake_phone,15,0.483372,7.967849,4.812837,0.268959,-1.305458,-1.184569
2018028110.000,Miguel,recording,shake_phone,15,0.441905,7.840732,4.840401,0.282525,-1.193302,-1.205739
2018028120.000,Miguel,recording,shake_phone,15,0.166681,7.708965,4.785980,0.302091,-1.065067,-1.229305
2018028130.000,Miguel,recording,shake_phone,15,-0.300486,7.546276,4.697261,0.325214,-0.964113,-1.254768
2018028140.000,Miguel,recording,shake_phone,15,-1.101971,7.236043,4.628966,0.360081,-0.958216,-1.282411
2018028150.000,Miguel,recording,shake_phone,15,-2.328134,6.971662,4.622051,0.423074,-1.105350,-1.305623
2018028160.000,Miguel,recording,shake_phone,15,-4.049530,7.000640,4.488922,0.519424,-1.361609,-1.300687
2018028170.000,Miguel,recording,shake_phone,15,-6.805153,7.384735,3.928992,0.620870,-1.551896,-1.218998
2018028180.000,Miguel,recording,shake_phone,15,-10.771856,7.591977,2.933723,0.679710,-1.497472,-0.981826
2018028190.000,Miguel,recording,shake_phone,15,-14.731291,7.680050,1.830588,0.662503,-1.213540,-0.515080
2018028200.000,Miguel,recording,shake_phone,15,-17.968814,7.831216,1.362068,0.563071,-0.884906,0.206851
2018028210.000,Miguel,recording,shake_phone,15,-20.412383,7.314232,1.486998,0.384798,-0.587792,1.203758
2018028220.000,Miguel,recording,shake_phone,15,-20.072473,5.893081,1.325589,0.135535,-0.271638,2.498234
2018028230.000,Miguel,recording,shake_phone,15,-14.656089,3.951354,0.743832,-0.156478,0.139133,3.967462
2018028240.000,Miguel,recording,shake_phone,15,-4.680831,2.466482,0.341173,-0.461124,0.789165,5.278600
2018028250.000,Miguel,recording,shake_phone,15,7.312228,2.493868,1.412807,-0.737212,1.700939,6.060235
2018028260.000,Miguel,recording,shake_phone,15,18.742820,3.426538,4.169863,-0.897848,2.529994,6.044100
2018028270.000,Miguel,recording,shake_phone,15,27.219850,3.882821,7.049084,-0.965343,2.759113,5.030491
2018028280.000,Miguel,recording,shake_phone,15,30.203722,4.168548,8.061732,-1.062951,2.199199,3.092166
2018028290.000,Miguel,recording,shake_phone,15,25.119071,6.106818,10.542044,-1.028662,1.311453,0.924752
2018028300.000,Miguel,recording,shake_phone,15,16.501319,8.454064,14.095781,-0.638506,0.541386,-0.720898
2018028310.000,Miguel,recording,shake_phone,15,7.994439,9.039184,13.832559,-0.042476,-0.125132,-1.624544
2018028320.000,Miguel,recording,shake_phone,15,0.942941,9.450367,10.674723,0.455302,-0.673930,-1.895908
2018028330.000,Miguel,recording,shake_phone,15,-4.596459,10.172863,7.387436,0.700061,-0.982288,-1.724528
2018028340.000,Miguel,recording,shake_phone,15,-8.948034,10.339015,4.723550,0.708229,-1.014678,-1.218451
2018028350.000,Miguel,recording,shake_phone,15,-12.167040,9.553182,2.851161,0.556631,-0.858201,-0.424043
2018028360.000,Miguel,recording,shake_phone,15,-13.195437,8.526061,1.659137,0.328166,-0.604802,0.564205
2018028370.000,Miguel,recording,shake_phone,15,-11.340164,7.956691,0.504544,0.075351,-0.295912,1.567499
2018028380.000,Miguel,recording,shake_phone,15,-8.316525,7.478360,-0.788761,-0.192784,0.016287,2.423734
2018028390.000,Miguel,recording,shake_phone,15,-3.808984,6.657236,-1.960619,-0.490883,0.233279,3.049231
2018028400.000,Miguel,recording,shake_phone,15,2.499561,5.947343,-1.758429,-0.821684,0.296560,3.366584
2018028410.000,Miguel,recording,shake_phone,15,8.542391,5.583684,0.123607,-1.139531,0.268588,3.306319
2018028420.000,Miguel,recording,shake_phone,15,12.754566,5.584467,2.475853,-1.367503,0.249391,2.896828
2018028430.000,Miguel,recording,shake_phone,15,14.478309,5.871396,4.456964,-1.459452,0.285663,2.266298
2018028440.000,Miguel,recording,shake_phone,15,13.855647,6.274535,5.777366,-1.437610,0.388716,1.577111
2018028450.000,Miguel,recording,shake_phone,15,11.894485,6.752385,6.523410,-1.369092,0.570193,0.969249
2018028460.000,Miguel,recording,shake_phone,15,9.682286,7.166484,6.699491,-1.323224,0.849600,0.523862
2018028470.000,Miguel,recording,shake_phone,15,7.628700,7.306162,6.701293,-1.330284,1.235494,0.263983
2018028480.000,Miguel,recording,shake_phone,15,5.695497,7.120956,7.054556,-1.353928,1.696454,0.174228
2018028490.000,Miguel,recording,shake_phone,15,3.936289,6.871208,7.669063,-1.331338,2.167853,0.212022
2018028500.000,Miguel,recording,shake_phone,15,2.388560,6.780250,8.092948,-1.237584,2.569980,0.325979
2018028510.000,Miguel,recording,shake_phone,15,1.183779,6.838552,8.122792,-1.093284,2.811861,0.467291
2018028520.000,Miguel,recording,shake_phone,15,0.360593,6.867299,7.732944,-0.945126,2.822827,0.598589
2018028530.000,Miguel,recording,shake_phone,15,-0.092252,6.734989,6.998915,-0.846494,2.588037,0.710254
2018028540.000,Miguel,recording,shake_phone,15,-0.029072,6.505928,6.416457,-0.818756,2.146465,0.803924
2018028550.000,Miguel,recording,shake_phone,15,0.509996,6.267980,6.471561,-0.822413,1.589857,0.867861
2018028560.000,Miguel,recording,shake_phone,15,1.168690,6.010546,7.025750,-0.786689,1.047306,0.892711
2018028570.000,Miguel,recording,shake_phone,15,1.741998,5.691529,7.552553,-0.680229,0.597968,0.894639
2018028580.000,Miguel,recording,shake_phone,15,2.414046,5.365236,7.588576,-0.540195,0.257929,0.897458
2018028590.000,Miguel,recording,shake_phone,15,3.343319,5.227098,7.255071,-0.428784,0.040765,0.904265
2018028600.000,Miguel,recording,shake_phone,15,4.293402,5.425552,6.965685,-0.381125,-0.037641,0.898461
2018028610.000,Miguel,recording,shake_phone,15,4.964379,5.694657,6.961499,-0.390636,0.016448,0.864295
2018028620.000,Miguel,recording,shake_phone,15,5.199399,5.791897,7.237348,-0.424542,0.149363,0.804405
2018028630.000,Miguel,recording,shake_phone,15,5.045336,5.894907,7.508512,-0.454849,0.278884,0.730509
2018028640.000,Miguel,recording,shake_phone,15,4.654184,6.094811,7.478779,-0.483193,0.343260,0.649457
2018028650.000,Miguel,recording,shake_phone,15,4.240937,6.269150,7.391090,-0.522720,0.326977,0.563983
2018028660.000,Miguel,recording,shake_phone,15,4.004110,6.278326,7.627725,-0.565132,0.253726,0.476716
2018028670.000,Miguel,recording,shake_phone,15,3.891059,6.068794,8.020335,-0.589802,0.159151,0.396413
2018028680.000,Miguel,recording,shake_phone,15,3.767875,5.787413,8.351997,-0.587305,0.073681,0.336464
2018028690.000,Miguel,recording,shake_phone,15,3.529258,5.589151,8.597569,-0.555583,0.020146,0.304963
2018028700.000,Miguel,recording,shake_phone,15,3.372352,5.429934,8.845803,-0.486023,0.008827,0.301121
2018028710.000,Miguel,recording,shake_phone,15,3.405663,5.292523,8.876255,-0.382347,0.029912,0.319344
2018028720.000,Miguel,recording,shake_phone,15,3.613235,5.227615,8.621834,-0.274277,0.066784,0.348930
2018028730.000,Miguel,recording,shake_phone,15,3.889167,5.218745,8.291262,-0.189895,0.112063,0.374238
2018028740.000,Miguel,recording,shake_phone,15,4.086542,5.245675,8.078278,-0.130777,0.161619,0.385022
2018028750.000,Miguel,recording,shake_phone,15,4.153599,5.361316,7.996417,-0.082360,0.209153,0.381863
2018028760.000,Miguel,recording,shake_phone,15,4.178192,5.455719,7.864030,-0.042356,0.242700,0.370362
2018028770.000,Miguel,recording,shake_phone,15,4.188732,5.476310,7.688224,-0.018687,0.252139,0.354789
2018028780.000,Miguel,recording,shake_phone,15,4.186354,5.480379,7.563373,-0.013294,0.238763,0.335102
2018028790.000,Miguel,recording,shake_phone,15,4.192586,5.492664,7.540314,-0.019664,0.213364,0.308732
2018028800.000,Miguel,recording,shake_phone,15,4.154150,5.527611,7.595026,-0.028760,0.188243,0.275070
2018028810.000,Miguel,recording,shake_phone,15,4.047879,5.544173,7.687999,-0.036002,0.172606,0.238495
2018028820.000,Miguel,recording,shake_phone,15,3.927042,5.513103,7.796421,-0.036367,0.171070,0.206424
2018028830.000,Miguel,recording,shake_phone,15,3.771307,5.471012,7.903093,-0.022872,0.180940,0.184904
2018028840.000,Miguel,recording,shake_phone,15,3.605596,5.455488,7.959891,0.004677,0.191246,0.175249
2018028850.000,Miguel,recording,shake_phone,15,3.526827,5.428577,7.931563,0.039433,0.191747,0.174521
2018028860.000,Miguel,recording,shake_phone,15,3.558982,5.401121,7.834698,0.073810,0.179787,0.175864
2018028870.000,Miguel,recording,shake_phone,15,3.616825,5.387578,7.755505,0.105240,0.157745,0.172015
2018028880.000,Miguel,recording,shake_phone,15,3.624036,5.379276,7.703608,0.133181,0.129485,0.161573
2018028890.000,Miguel,recording,shake_phone,15,3.589363,5.352065,7.652526,0.155595,0.099288,0.147967
2018028900.000,Miguel,recording,shake_phone,15,3.548930,5.362704,7.561495,0.173946,0.071215,0.132678
2018028910.000,Miguel,recording,shake_phone,15,3.518660,5.407970,7.472318,0.188237,0.046648,0.115970
2018028920.000,Miguel,recording,shake_phone,15,3.460887,5.465680,7.371649,0.195857,0.029575,0.099901
2018028930.000,Miguel,recording,shake_phone,15,3.389409,5.513232,7.262651,0.195748,0.025723,0.086538
2018028940.000,Miguel,recording,shake_phone,15,3.315764,5.541563,7.142238,0.186619,0.031771,0.077241
2018028950.000,Miguel,recording,shake_phone,15,3.220744,5.591631,7.013395,0.167772,0.040260,0.072744
2018028960.000,Miguel,recording,shake_phone,15,3.142404,5.623218,6.941074,0.140012,0.047936,0.073488
2018028970.000,Miguel,recording,shake_phone,15,3.118386,5.645413,6.977960,0.109745,0.051766,0.079362
2018028980.000,Miguel,recording,shake_phone,15,3.144740,5.648889,7.052586,0.085215,0.049525,0.087393
2018028990.000,Miguel,recording,shake_phone,15,3.172151,5.625954,7.111965,0.069964,0.043485,0.092107
2018029000.000,Miguel,recording,shake_phone,15,3.191208,5.602540,7.164698,0.063283,0.034980,0.090100
2018029010.000,Miguel,recording,shake_phone,15,3.295301,5.587188,7.106851,0.057666,0.021167,0.080360
2018029020.000,Miguel,recording,shake_phone,15,3.456004,5.549695,7.028547,0.044786,0.000715,0.063771
2018029030.000,Miguel,recording,shake_phone,15,3.587928,5.520470,7.079725,0.026807,-0.023181,0.042695
2018029040.000,Miguel,recording,shake_phone,15,3.639024,5.523742,7.198193,0.012686,-0.044976,0.019831
2018029050.000,Miguel,recording,shake_phone,15,3.606684,5.529430,7.317748,0.008253,-0.062374,-0.002880
2018029060.000,Miguel,recording,shake_phone,15,3.530104,5.538422,7.452151,0.017009,-0.082020,-0.023557
2018029070.000,Miguel,recording,shake_phone,15,3.442796,5.536993,7.503410,0.037141,-0.111292,-0.039898
2018029080.000,Miguel,recording,shake_phone,15,3.382209,5.553845,7.351363,0.053505,-0.142473,-0.048456
2018029090.000,Miguel,recording,shake_phone,15,3.369882,5.557673,7.184126,0.050619,-0.157727,-0.045652
2018029100.000,Miguel,recording,shake_phone,15,3.400840,5.573030,7.200800,0.034310,-0.145654,-0.033975
2018029110.000,Miguel,recording,shake_phone,15,3.409586,5.618189,7.303379,0.020003,-0.105921,-0.018731
2018029120.000,Miguel,recording,shake_phone,15,3.348558,5.608236,7.339549,0.010422,-0.052487,-0.000770
2018029130.000,Miguel,recording,shake_phone,15,3.241062,5.536922,7.345540,0.000958,-0.002157,0.024862
2018029140.000,Miguel,recording,shake_phone,15,3.194049,5.489809,7.339542,-0.009351,0.041399,0.060401
2018029150.000,Miguel,recording,shake_phone,15,3.244872,5.495677,7.354136,-0.017096,0.083255,0.095518
2018029160.000,Miguel,recording,shake_phone,15,3.348068,5.531797,7.375963,-0.017024,0.126318,0.116682
2018029170.000,Miguel,recording,shake_phone,15,3.429962,5.562833,7.418567,-0.006934,0.158596,0.121689
2018029180.000,Miguel,recording,shake_phone,15,3.436573,5.567748,7.379953,0.007643,0.165545,0.116902
2018029190.000,Miguel,recording,shake_phone,15,3.413359,5.520527,7.245164,0.016363,0.150769,0.109399
2018029200.000,Miguel,recording,shake_phone,15,3.432194,5.484055,7.164038,0.014852,0.125782,0.102438
2018029210.000,Miguel,recording,shake_phone,15,3.472057,5.493390,7.199857,0.009870,0.100118,0.094554
2018029220.000,Miguel,recording,shake_phone,15,3.494012,5.544095,7.262307,0.008516,0.080572,0.083047
2018029230.000,Miguel,recording,shake_phone,15,3.499899,5.576554,7.289918,0.010930,0.067010,0.066843
2018029240.000,Miguel,recording,shake_phone,15,3.515046,5.566796,7.263109,0.013642,0.053707,0.048168
2018029250.000,Miguel,recording,shake_phone,15,3.521418,5.559146,7.180263,0.011850,0.038272,0.028886
2018029260.000,Miguel,recording,shake_phone,15,3.519624,5.571077,7.139117,0.004739,0.024339,0.009368
2018029270.000,Miguel,recording,shake_phone,15,3.488537,5.585315,7.190156,-0.002360,0.012036,-0.009767
2018029280.000,Miguel,recording,shake_phone,15,3.415632,5.591111,7.242059,-0.004963,-0.002835,-0.026549
2018029290.000,Miguel,recording,shake_phone,15,3.339750,5.570892,7.269695,-0.002239,-0.021634,-0.037871
2018029300.000,Miguel,recording,shake_phone,15,3.285756,5.547277,7.275478,0.004230,-0.040682,-0.042117
2018029310.000,Miguel,recording,shake_phone,15,3.279915,5.523343,7.228769,0.010327,-0.055960,-0.041197
2018029320.000,Miguel,recording,shake_phone,15,3.346829,5.503389,7.175109,0.010149,-0.065050,-0.037985
2018029330.000,Miguel,recording,shake_phone,15,3.431196,5.523035,7.153510,0.001909,-0.063437,-0.034905
2018029340.000,Miguel,recording,shake_phone,15,3.448861,5.574426,7.236932,-0.007131,-0.048640,-0.033888
2018029350.000,Miguel,recording,shake_phone,15,3.414834,5.580225,7.337861,-0.008561,-0.026371,-0.032086
2018029360.000,Miguel,recording,shake_phone,15,3.367152,5.543315,7.335286,-0.004696,-0.006286,-0.024712
2018029370.000,Miguel,recording,shake_phone,15,3.334420,5.537346,7.315261,-0.001228,0.005936,-0.012520
2018029380.000,Miguel,recording,shake_phone,15,3.347084,5.577971,7.335031,0.002424,0.010997,-0.001734
2018029390.000,Miguel,recording,shake_phone,15,3.381834,5.614813,7.342445,0.006163,0.012029,0.002749
2018029400.000,Miguel,recording,shake_phone,15,3.422125,5.608224,7.336967,0.010013,0.009164,0.001265
2018029410.000,Miguel,recording,shake_phone,15,3.427129,5.589718,7.360489,0.016753,0.003311,-0.003311
2018029420.000,Miguel,recording,shake_phone,15,3.446674,5.562771,7.304468,0.023349,-0.003766,-0.008848
2018029430.000,Miguel,recording,shake_phone,15,3.509993,5.547424,7.208573,0.021434,-0.013639,-0.014215
2018029440.000,Miguel,recording,shake_phone,15,3.564223,5.554370,7.241024,0.011507,-0.023474,-0.019636
2018029450.000,Miguel,recording,shake_phone,15,3.586548,5.563430,7.352360,0.002043,-0.022320,-0.027097
2018029460.000,Miguel,recording,shake_phone,15,3.559740,5.576752,7.425219,-0.002029,-0.007657,-0.036047
2018029470.000,Miguel,recording,shake_phone,15,3.484341,5.573813,7.444357,0.000144,0.010846,-0.043350
2018029480.000,Miguel,recording,shake_phone,15,3.388568,5.529637,7.431139,0.006539,0.026383,-0.046793
2018029490.000,Miguel,recording,shake_phone,15,3.313847,5.517710,7.400375,0.012925,0.035496,-0.045584
2018029500.000,Miguel,recording,shake_phone,15,3.237548,5.539851,7.416101,0.019039,0.036705,-0.041906
2018029510.000,Miguel,recording,shake_phone,15,3.183032,5.555435,7.444156,0.028761,0.029769,-0.037956
2018029520.000,Miguel,recording,shake_phone,15,3.176700,5.542115,7.405774,0.041435,0.014750,-0.032427
2018029530.000,Miguel,recording,shake_phone,15,3.197500,5.528065,7.340848,0.052586,-0.002555,-0.024263
2018029540.000,Miguel,recording,shake_phone,15,3.211409,5.507649,7.326909,0.062377,-0.014225,-0.015466
2018029550.000,Miguel,recording,shake_phone,15,3.223720,5.499765,7.307557,0.071205,-0.019178,-0.008257
2018029560.000,Miguel,recording,shake_phone,15,3.302308,5.488123,7.188010,0.071806,-0.021425,-0.001892
2018029570.000,Miguel,recording,shake_phone,15,3.390005,5.502404,7.119729,0.059218,-0.020952,0.003925
2018029580.000,Miguel,recording,shake_phone,15,3.461892,5.545286,7.173892,0.041653,-0.013171,0.005655
2018029590.000,Miguel,recording,shake_phone,15,3.471794,5.575833,7.315306,0.031485,0.003013,0.002459
2018029600.000,Miguel,recording,shake_phone,15,3.400428,5.587627,7.401528,0.032603,0.021779,-0.001629
2018029610.000,Miguel,recording,shake_phone,15,3.273660,5.575701,7.390689,0.041028,0.035161,-0.002030
2018029620.000,Miguel,recording,shake_phone,15,3.167040,5.575466,7.336844,0.050720,0.038858,0.002570
2018029630.000,Miguel,recording,shake_phone,15,3.113587,5.587436,7.280012,0.058413,0.033133,0.008742
2018029640.000,Miguel,recording,shake_phone,15,3.120157,5.614016,7.206714,0.064107,0.020421,0.013428
2018029650.000,Miguel,recording,shake_phone,15,3.123551,5.635730,7.100531,0.065982,0.003655,0.016790
2018029660.000,Miguel,recording,shake_phone,15,3.151783,5.624331,6.997360,0.061407,-0.015867,0.019064
2018029670.000,Miguel,recording,shake_phone,15,3.256470,5.611105,6.996339,0.051891,-0.036042,0.019591
2018029680.000,Miguel,recording,shake_phone,15,3.348861,5.607035,7.050835,0.042538,-0.050871,0.017629
2018029690.000,Miguel,recording,shake_phone,15,3.380010,5.617573,7.113585,0.037874,-0.058556,0.014746
2018029700.000,Miguel,recording,shake_phone,15,3.383515,5.604903,7.179201,0.039898,-0.064377,0.014926
2018029710.000,Miguel,recording,shake_phone,15,3.390663,5.593177,7.267216,0.050604,-0.073587,0.019819
2018029720.000,Miguel,recording,shake_phone,15,3.350389,5.610029,7.346246,0.071303,-0.089383,0.028762
2018029730.000,Miguel,recording,shake_phone,15,3.315097,5.605253,7.366192,0.099494,-0.115162,0.041513
2018029740.000,Miguel,recording,shake_phone,15,3.347852,5.612021,7.352862,0.128513,-0.154126,0.054419
2018029750.000,Miguel,recording,shake_phone,15,3.418783,5.640759,7.351956,0.153937,-0.203153,0.059534
2018029760.000,Miguel,recording,shake_phone,15,3.538658,5.671017,7.319289,0.175367,-0.251382,0.051540
2018029770.000,Miguel,recording,shake_phone,15,3.633266,5.711848,7.240062,0.189755,-0.288508,0.031557
2018029780.000,Miguel,recording,shake_phone,15,3.712686,5.737101,7.192111,0.196077,-0.310462,0.006784
2018029790.000,Miguel,recording,shake_phone,15,3.755042,5.731104,7.177646,0.197747,-0.317254,-0.014683
2018029800.000,Miguel,recording,shake_phone,15,3.747534,5.739941,7.152243,0.195218,-0.310381,-0.027826
2018029810.000,Miguel,recording,shake_phone,15,3.712603,5.766427,7.121720,0.187632,-0.290907,-0.031430
2018029820.000,Miguel,recording,shake_phone,15,3.677626,5.774914,7.077339,0.174834,-0.258704,-0.028915
2018029830.000,Miguel,recording,shake_phone,15,3.661430,5.776936,7.049353,0.157346,-0.215997,-0.023985
2018029840.000,Miguel,recording,shake_phone,15,3.658915,5.790769,7.038692,0.137811,-0.166213,-0.017522
2018029850.000,Miguel,recording,shake_phone,15,3.651835,5.790073,7.016612,0.120233,-0.114438,-0.010432
2018029860.000,Miguel,recording,shake_phone,15,3.646170,5.798295,6.998050,0.106176,-0.069401,-0.005269
2018029870.000,Miguel,recording,shake_phone,15,3.620276,5.812738,6.979747,0.095336,-0.036611,-0.003322
2018029880.000,Miguel,recording,shake_phone,15,3.580713,5.803437,6.958709,0.088004,-0.017200,-0.003475
2018029890.000,Miguel,recording,shake_phone,15,3.554553,5.802876,6.923887,0.081540,-0.010971,-0.003411
2018029900.000,Miguel,recording,shake_phone,15,3.581152,5.814228,6.870264,0.073614,-0.016935,-0.001969
2018029910.000,Miguel,recording,shake_phone,15,3.645651,5.844563,6.840571,0.064714,-0.032105,-0.002899
2018029920.000,Miguel,recording,shake_phone,15,3.713296,5.867400,6.840533,0.055413,-0.049078,-0.009872
2018029930.000,Miguel,recording,shake_phone,15,3.750348,5.878204,6.856265,0.046537,-0.061580,-0.021744
2018029940.000,Miguel,recording,shake_phone,15,3.734158,5.871346,6.855034,0.038819,-0.067018,-0.034224
2018029950.000,Miguel,recording,shake_phone,15,3.704205,5.858889,6.863690,0.031215,-0.063771,-0.044390
2018029960.000,Miguel,recording,shake_phone,15,3.655129,5.832127,6.906462,0.024503,-0.053881,-0.051201
2018029970.000,Miguel,recording,shake_phone,15,3.583546,5.821168,6.953202,0.021223,-0.040461,-0.052627
2018029980.000,Miguel,recording,shake_phone,15,3.519362,5.787943,6.998160,0.020762,-0.025929,-0.048036
2018029990.000,Miguel,recording,shake_phone,15,3.479516,5.748504,7.016397,0.022426,-0.013077,-0.037902
2018030000.000,Miguel,recording,shake_phone,15,3.496541,5.749015,6.997624,0.025462,-0.002963,-0.023604
2018030010.000,Miguel,recording,shake_phone,15,3.558506,5.773462,7.006832,0.028041,0.005600,-0.009909
2018030020.000,Miguel,recording,shake_phone,15,3.654200,5.806978,7.031410,0.030871,0.014145,-0.001867
2018030030.000,Miguel,recording,shake_phone,15,3.714668,5.842886,7.027708,0.034701,0.023272,-0.000806
2018030040.000,Miguel,recording,shake_phone,15,3.726396,5.859763,6.997659,0.036844,0.033141,-0.004386
2018030050.000,Miguel,recording,shake_phone,15,3.704852,5.888469,6.981948,0.036855,0.040380,-0.010986
2018030060.000,Miguel,recording,shake_phone,15,3.662491,5.911860,6.985066,0.038487,0.042053,-0.019751
2018030070.000,Miguel,recording,shake_phone,15,3.600851,5.914337,6.983955,0.042820,0.038815,-0.027804
2018030080.000,Miguel,recording,shake_phone,15,3.544381,5.891243,6.954609,0.046986,0.030987,-0.032656
2018030090.000,Miguel,recording,shake_phone,15,3.516463,5.885866,6.936301,0.049312,0.020985,-0.034276
2018030100.000,Miguel,recording,shake_phone,15,3.508645,5.900606,6.937024,0.051250,0.013536,-0.033626
2018030110.000,Miguel,recording,shake_phone,15,3.505002,5.896077,6.909228,0.053023,0.010819,-0.031107
2018030120.000,Miguel,recording,shake_phone,16,3.531879,5.897004,6.850030,0.052190,0.011249,-0.027011
2018030130.000,Miguel,recording,shake_phone,16,3.600632,5.925334,6.785529,0.045960,0.013567,-0.023182
2018030140.000,Miguel,recording,shake_phone,16,3.665159,5.947577,6.749196,0.033635,0.020157,-0.023284
2018030150.000,Miguel,recording,shake_phone,16,3.699380,5.956531,6.762165,0.018681,0.030805,-0.028464
2018030160.000,Miguel,recording,shake_phone,16,3.682521,5.955043,6.805152,0.007286,0.042003,-0.036520
2018030170.000,Miguel,recording,shake_phone,16,3.622703,5.946276,6.853126,0.001432,0.050340,-0.044100
2018030180.000,Miguel,recording,shake_phone,16,3.547349,5.922932,6.887226,-0.000739,0.052694,-0.049117
2018030190.000,Miguel,recording,shake_phone,16,3.480762,5.905350,6.904242,0.000897,0.049033,-0.051272
2018030200.000,Miguel,recording,shake_phone,16,3.425782,5.896934,6.903030,0.005659,0.040828,-0.050057
2018030210.000,Miguel,recording,shake_phone,16,3.386053,5.920527,6.888634,0.011348,0.029719,-0.045491
2018030220.000,Miguel,recording,shake_phone,16,3.387547,5.940930,6.868385,0.016817,0.019290,-0.039053
2018030230.000,Miguel,recording,shake_phone,16,3.411265,5.944671,6.852217,0.021368,0.012962,-0.033128
2018030240.000,Miguel,recording,shake_phone,16,3.455460,5.935600,6.835935,0.022032,0.009825,-0.028069
2018030250.000,Miguel,recording,shake_phone,16,3.533891,5.939409,6.823345,0.016844,0.008437,-0.024717
2018030260.000,Miguel,recording,shake_phone,16,3.615082,5.953568,6.823166,0.008338,0.009971,-0.026406
2018030270.000,Miguel,recording,shake_phone,16,3.638692,5.953349,6.823165,-0.001352,0.013945,-0.033202
2018030280.000,Miguel,recording,shake_phone,16,3.624115,5.958808,6.871021,-0.011078,0.017773,-0.041686
2018030290.000,Miguel,recording,shake_phone,16,3.590198,5.950552,6.965132,-0.016360,0.019128,-0.048927
2018030300.000,Miguel,recording,shake_phone,16,3.555923,5.934879,7.063769,-0.012707,0.018095,-0.053251
2018030310.000,Miguel,recording,shake_phone,16,3.559360,5.916004,7.135852,-0.002075,0.014904,-0.054651
2018030320.000,Miguel,recording,shake_phone,16,3.588492,5.901377,7.173073,0.011644,0.008519,-0.053793
2018030330.000,Miguel,recording,shake_phone,16,3.639366,5.908282,7.170178,0.025589,0.001317,-0.052188
2018030340.000,Miguel,recording,shake_phone,16,3.709435,5.942429,7.119183,0.034526,-0.003378,-0.053517
2018030350.000,Miguel,recording,shake_phone,16,3.751704,5.963966,7.069280,0.035940,-0.004224,-0.059396
2018030360.000,Miguel,recording,shake_phone,16,3.741478,5.996280,7.065099,0.032965,-0.000537,-0.067744
2018030370.000,Miguel,recording,shake_phone,16,3.736978,6.001969,7.110073,0.029677,0.006709,-0.075550
2018030380.000,Miguel,recording,shake_phone,16,3.742817,5.975292,7.174366,0.029568,0.014318,-0.080380
2018030390.000,Miguel,recording,shake_phone,16,3.754850,5.977159,7.222684,0.033898,0.020412,-0.081079
2018030400.000,Miguel,recording,shake_phone,16,3.823650,5.986832,7.264033,0.040557,0.024510,-0.080068
2018030410.000,Miguel,recording,shake_phone,16,3.966829,5.994742,7.272407,0.046425,0.028355,-0.083421
2018030420.000,Miguel,recording,shake_phone,16,4.115199,6.012436,7.260470,0.049197,0.036201,-0.094221
2018030430.000,Miguel,recording,shake_phone,16,4.200822,6.027899,7.272482,0.048265,0.047873,-0.111926
2018030440.000,Miguel,recording,shake_phone,16,4.237625,6.005883,7.339814,0.047430,0.060278,-0.135312
2018030450.000,Miguel,recording,shake_phone,16,4.210328,5.995122,7.435862,0.053772,0.071044,-0.162309
2018030460.000,Miguel,recording,shake_phone,16,4.146663,5.995513,7.525195,0.069902,0.074525,-0.190146
2018030470.000,Miguel,recording,shake_phone,16,4.077273,5.996249,7.589700,0.094120,0.065987,-0.217060
2018030480.000,Miguel,recording,shake_phone,16,4.013054,6.007044,7.612060,0.124891,0.048271,-0.244274
2018030490.000,Miguel,recording,shake_phone,16,3.985264,6.024239,7.625051,0.160700,0.026097,-0.272040
2018030500.000,Miguel,recording,shake_phone,16,3.969917,6.061965,7.631607,0.200759,0.003366,-0.298721
2018030510.000,Miguel,recording,shake_phone,16,3.920402,6.087466,7.602169,0.241043,-0.015218,-0.322235
2018030520.000,Miguel,recording,shake_phone,16,3.872374,6.098702,7.536643,0.276493,-0.027363,-0.341198
2018030530.000,Miguel,recording,shake_phone,16,3.891347,6.121721,7.423854,0.304283,-0.033561,-0.356884
2018030540.000,Miguel,recording,shake_phone,16,3.937368,6.134383,7.278122,0.320623,-0.034219,-0.371797
2018030550.000,Miguel,recording,shake_phone,16,4.018708,6.163155,7.226067,0.323032,-0.029467,-0.390116
2018030560.000,Miguel,recording,shake_phone,16,4.187901,6.158783,7.320811,0.315927,-0.021184,-0.413942
2018030570.000,Miguel,recording,shake_phone,16,4.372558,6.138265,7.486692,0.309946,-0.007662,-0.442196
2018030580.000,Miguel,recording,shake_phone,16,4.495725,6.154750,7.719131,0.313055,0.016634,-0.475289
2018030590.000,Miguel,recording,shake_phone,16,4.422965,6.196940,7.965706,0.329890,0.057743,-0.509500
2018030600.000,Miguel,recording,shake_phone,16,4.141110,6.211579,8.108614,0.362162,0.124938,-0.534953
2018030610.000,Miguel,recording,shake_phone,16,3.834819,6.166777,8.046595,0.401078,0.214903,-0.545089
2018030620.000,Miguel,recording,shake_phone,16,3.631517,6.138752,7.792453,0.429314,0.311568,-0.542542
2018030630.000,Miguel,recording,shake_phone,16,3.513472,6.057793,7.650287,0.436398,0.410543,-0.533181
2018030640.000,Miguel,recording,shake_phone,16,3.432947,5.848335,7.653104,0.432482,0.510036,-0.517248
2018030650.000,Miguel,recording,shake_phone,16,3.472734,5.725407,7.811668,0.447267,0.591732,-0.496604
2018030660.000,Miguel,recording,shake_phone,16,3.451445,5.767108,8.126721,0.509885,0.626572,-0.485969
2018030670.000,Miguel,recording,shake_phone,16,3.492208,5.871461,8.207637,0.626054,0.595398,-0.514096
2018030680.000,Miguel,recording,shake_phone,16,3.473803,6.117459,7.910868,0.782093,0.491106,-0.603800
2018030690.000,Miguel,recording,shake_phone,16,3.051948,6.395245,7.452112,0.960470,0.315977,-0.743885
2018030700.000,Miguel,recording,shake_phone,16,2.185881,6.552344,6.850647,1.147131,0.087909,-0.893875
2018030710.000,Miguel,recording,shake_phone,16,1.051463,6.582853,5.773564,1.324343,-0.177583,-1.015375
2018030720.000,Miguel,recording,shake_phone,16,-0.207905,6.668981,4.164381,1.462567,-0.483433,-1.090406
2018030730.000,Miguel,recording,shake_phone,16,-1.556056,7.149396,2.387223,1.525886,-0.819649,-1.117854
2018030740.000,Miguel,recording,shake_phone,16,-3.165314,7.872780,0.632268,1.485372,-1.142045,-1.098978
2018030750.000,Miguel,recording,shake_phone,16,-4.795866,8.508021,-0.842773,1.335513,-1.420467,-1.031654
2018030760.000,Miguel,recording,shake_phone,16,-5.961870,8.721615,-1.811791,1.092588,-1.652838,-0.913103
2018030770.000,Miguel,recording,shake_phone,16,-6.544304,8.491262,-2.167072,0.793996,-1.818091,-0.719346
2018030780.000,Miguel,recording,shake_phone,16,-7.327784,7.624916,-2.232825,0.472165,-1.870037,-0.410626
2018030790.000,Miguel,recording,shake_phone,16,-7.865960,6.354071,-2.484935,0.119050,-1.778760,0.023766
2018030800.000,Miguel,recording,shake_phone,16,-7.366612,5.563891,-2.531725,-0.282764,-1.582361,0.568361
2018030810.000,Miguel,recording,shake_phone,16,-5.558426,5.173609,-1.695854,-0.713641,-1.321524,1.181137
2018030820.000,Miguel,recording,shake_phone,16,-1.930120,4.829153,0.210090,-1.132155,-0.992598,1.802139
2018030830.000,Miguel,recording,shake_phone,16,3.140043,4.507862,3.046469,-1.521608,-0.651719,2.419089
2018030840.000,Miguel,recording,shake_phone,16,9.664413,4.080589,5.981026,-1.969360,-0.338290,3.082284
2018030850.000,Miguel,recording,shake_phone,16,19.711531,3.681001,9.912813,-2.607180,0.117613,3.689034
2018030860.000,Miguel,recording,shake_phone,16,31.814074,3.442697,17.485357,-3.257129,0.936083,3.764369
2018030870.000,Miguel,recording,shake_phone,16,38.814097,3.217308,26.609406,-3.387152,2.078176,2.837805
2018030880.000,Miguel,recording,shake_phone,16,35.685756,2.972286,32.233329,-2.672170,3.111717,1.050491
2018030890.000,Miguel,recording,shake_phone,16,24.217089,3.151679,32.170734,-1.291630,3.326569,-0.887430
2018030900.000,Miguel,recording,shake_phone,16,11.656020,3.498364,27.654651,0.362573,2.378206,-2.359803
2018030910.000,Miguel,recording,shake_phone,16,3.564923,3.801329,20.906743,1.949797,0.733080,-3.264529
2018030920.000,Miguel,recording,shake_phone,16,-1.102776,4.685433,12.494702,3.189061,-0.790595,-3.772533
2018030930.000,Miguel,recording,shake_phone,16,-5.626121,6.616137,3.694045,3.870826,-1.661606,-3.958334
2018030940.000,Miguel,recording,shake_phone,16,-11.139440,8.393318,-3.104348,3.949603,-1.801627,-3.725206
2018030950.000,Miguel,recording,shake_phone,16,-14.819719,8.128355,-6.745943,3.584845,-1.382173,-3.009163
2018030960.000,Miguel,recording,shake_phone,16,-15.800816,6.771912,-9.435241,2.952406,-0.633846,-1.995719
2018030970.000,Miguel,recording,shake_phone,16,-15.351058,6.216972,-11.556159,2.068888,0.111094,-1.019030
2018030980.000,Miguel,recording,shake_phone,16,-14.661533,6.577107,-11.277035,1.051622,0.489615,-0.279756
2018030990.000,Miguel,recording,shake_phone,16,-14.227166,6.663620,-8.732823,0.204642,0.399403,0.218694
2018031000.000,Miguel,recording,shake_phone,16,-13.974174,6.152045,-6.190894,-0.321646,-0.043220,0.560482
2018031010.000,Miguel,recording,shake_phone,16,-13.070212,5.535951,-4.655701,-0.614557,-0.690064,0.840755
2018031020.000,Miguel,recording,shake_phone,16,-10.670736,4.951583,-3.522874,-0.808903,-1.349957,1.113612
2018031030.000,Miguel,recording,shake_phone,16,-7.144834,4.398391,-2.455211,-0.990728,-1.827386,1.389346
2018031040.000,Miguel,recording,shake_phone,16,-3.243714,3.763681,-1.606791,-1.237488,-2.002559,1.691366
2018031050.000,Miguel,recording,shake_phone,16,1.006668,2.885530,-0.901194,-1.636221,-1.838114,2.047161
2018031060.000,Miguel,recording,shake_phone,16,5.603831,1.906300,0.316188,-2.178311,-1.353789,2.420123
2018031070.000,Miguel,recording,shake_phone,16,10.055161,1.448291,4.884137,-2.651995,-0.604481,2.730356
2018031080.000,Miguel,recording,shake_phone,16,13.769979,1.698391,11.860797,-2.734966,0.309328,2.880073
2018031090.000,Miguel,recording,shake_phone,16,16.123436,1.319364,16.656112,-2.324722,1.219177,2.741838
2018031100.000,Miguel,recording,shake_phone,16,16.848779,0.812349,17.657008,-1.669399,1.847707,2.266944
2018031110.000,Miguel,recording,shake_phone,16,15.204898,1.837402,16.543535,-1.036537,2.009067,1.596552
2018031120.000,Miguel,recording,shake_phone,16,12.076970,3.682005,15.217698,-0.470416,1.824798,0.940540
2018031130.000,Miguel,recording,shake_phone,16,9.133389,4.815328,13.581138,0.065750,1.465429,0.404108
2018031140.000,Miguel,recording,shake_phone,16,6.763015,5.515694,11.026832,0.538055,0.975475,-0.001178
2018031150.000,Miguel,recording,shake_phone,16,4.823627,6.504109,8.422491,0.884069,0.392358,-0.287774
2018031160.000,Miguel,recording,shake_phone,16,3.444449,7.510112,6.288216,1.076792,-0.206110,-0.469220
2018031170.000,Miguel,recording,shake_phone,16,2.630115,8.210058,4.791175,1.117853,-0.733108,-0.552473
2018031180.000,Miguel,recording,shake_phone,16,2.287557,8.833796,4.029471,1.023957,-1.116602,-0.546374
2018031190.000,Miguel,recording,shake_phone,16,2.464281,9.435229,3.787888,0.829921,-1.305457,-0.473668
2018031200.000,Miguel,recording,shake_phone,16,3.053989,9.828446,3.943186,0.583509,-1.281416,-0.370322
2018031210.000,Miguel,recording,shake_phone,16,3.745326,9.938700,4.405105,0.331643,-1.068940,-0.265660
2018031220.000,Miguel,recording,shake_phone,16,4.203009,9.770510,5.018726,0.105254,-0.723850,-0.166193
2018031230.000,Miguel,recording,shake_phone,16,4.396485,9.148262,5.664743,-0.081005,-0.319905,-0.068858
2018031240.000,Miguel,recording,shake_phone,16,4.430687,8.182866,6.207721,-0.216630,0.069272,0.021503
2018031250.000,Miguel,recording,shake_phone,16,4.297115,7.234077,6.565511,-0.295117,0.388819,0.092951
2018031260.000,Miguel,recording,shake_phone,16,4.052235,6.467839,6.799768,-0.317128,0.610397,0.138415
2018031270.000,Miguel,recording,shake_phone,16,3.799755,5.900914,6.944289,-0.289113,0.727558,0.162438
2018031280.000,Miguel,recording,shake_phone,16,3.538358,5.501777,7.004160,-0.219195,0.748203,0.177518
2018031290.000,Miguel,recording,shake_phone,16,3.283685,5.283904,6.947303,-0.119435,0.687363,0.197019
2018031300.000,Miguel,recording,shake_phone,16,3.184875,5.221996,6.714086,-0.014758,0.565027,0.228655
2018031310.000,Miguel,recording,shake_phone,16,3.314962,5.254722,6.369586,0.068222,0.412277,0.265529
2018031320.000,Miguel,recording,shake_phone,16,3.594862,5.367853,6.079634,0.117693,0.262998,0.288211
2018031330.000,Miguel,recording,shake_phone,16,3.795898,5.568713,5.909595,0.134994,0.142536,0.282692
2018031340.000,Miguel,recording,shake_phone,16,3.850476,5.814431,5.827713,0.127028,0.064519,0.251157
2018031350.000,Miguel,recording,shake_phone,16,3.767956,6.044709,5.770953,0.100887,0.026090,0.208345
2018031360.000,Miguel,recording,shake_phone,16,3.521646,6.230724,5.735249,0.061745,0.012973,0.171627
2018031370.000,Miguel,recording,shake_phone,16,3.203220,6.341033,5.737779,0.013029,0.009351,0.155181
2018031380.000,Miguel,recording,shake_phone,16,2.993090,6.411563,5.770548,-0.043568,0.002467,0.165649
2018031390.000,Miguel,recording,shake_phone,16,2.962371,6.491016,5.895331,-0.104568,-0.010938,0.196822
2018031400.000,Miguel,recording,shake_phone,16,3.062394,6.563722,6.148078,-0.159075,-0.021934,0.234742
2018031410.000,Miguel,recording,shake_phone,16,3.199075,6.640333,6.481733,-0.189912,-0.018408,0.268918
2018031420.000,Miguel,recording,shake_phone,16,3.390926,6.703206,6.837311,-0.185294,0.004705,0.297178
2018031430.000,Miguel,recording,shake_phone,16,3.700700,6.651099,7.025024,-0.150701,0.047748,0.316623
2018031440.000,Miguel,recording,shake_phone,16,4.021472,6.519361,7.033693,-0.101895,0.104563,0.321159
2018031450.000,Miguel,recording,shake_phone,16,4.250259,6.411713,6.944101,-0.050789,0.159024,0.309700
2018031460.000,Miguel,recording,shake_phone,16,4.348399,6.353587,6.788926,-0.006787,0.197691,0.288703
2018031470.000,Miguel,recording,shake_phone,16,4.368597,6.293339,6.605087,0.019962,0.218663,0.266793
2018031480.000,Miguel,recording,shake_phone,16,4.330295,6.223720,6.421851,0.025459,0.230163,0.248173
2018031490.000,Miguel,recording,shake_phone,16,4.267463,6.216085,6.342506,0.016491,0.236605,0.231950
2018031500.000,Miguel,recording,shake_phone,16,4.195855,6.236013,6.390139,0.003982,0.230357,0.217341
2018031510.000,Miguel,recording,shake_phone,16,4.081281,6.240983,6.503066,-0.005504,0.205092,0.207152
2018031520.000,Miguel,recording,shake_phone,16,3.971008,6.254966,6.610684,-0.008252,0.163397,0.205302
2018031530.000,Miguel,recording,shake_phone,16,3.945379,6.303079,6.697103,-0.002663,0.112657,0.209983
2018031540.000,Miguel,recording,shake_phone,16,4.021474,6.317752,6.766989,0.010627,0.061689,0.210598
2018031550.000,Miguel,recording,shake_phone,16,4.070343,6.324003,6.799078,0.032228,0.025362,0.198841
2018031560.000,Miguel,recording,shake_phone,16,4.025539,6.328185,6.749529,0.062488,0.017799,0.178522
2018031570.000,Miguel,recording,shake_phone,16,3.962404,6.310213,6.541992,0.093084,0.037668,0.159058
2018031580.000,Miguel,recording,shake_phone,16,3.912871,6.330789,6.200541,0.106786,0.075597,0.145777
2018031590.000,Miguel,recording,shake_phone,16,3.837156,6.422980,5.841279,0.089662,0.130287,0.137926
2018031600.000,Miguel,recording,shake_phone,16,3.797984,6.537470,5.575572,0.040930,0.205005,0.132001
2018031610.000,Miguel,recording,shake_phone,16,3.808832,6.553795,5.467224,-0.030997,0.289046,0.131590
2018031620.000,Miguel,recording,shake_phone,16,3.828926,6.447956,5.533647,-0.114589,0.358988,0.144470
2018031630.000,Miguel,recording,shake_phone,16,3.819466,6.316094,5.713256,-0.189994,0.412935,0.166867
2018031640.000,Miguel,recording,shake_phone,16,3.789979,6.236181,5.967116,-0.237040,0.482406,0.185773
2018031650.000,Miguel,recording,shake_phone,16,3.775111,6.210206,6.180189,-0.249162,0.594187,0.193142
2018031660.000,Miguel,recording,shake_phone,16,3.758145,6.233236,6.275065,-0.238966,0.732809,0.191809
2018031670.000,Miguel,recording,shake_phone,16,3.665748,6.238812,6.269170,-0.229729,0.859313,0.191795
2018031680.000,Miguel,recording,shake_phone,16,3.523872,6.261346,6.261316,-0.240492,0.948251,0.201759
2018031690.000,Miguel,recording,shake_phone,16,3.339978,6.264547,6.251517,-0.277612,0.998287,0.221158
2018031700.000,Miguel,recording,shake_phone,16,3.182560,6.277233,6.234546,-0.332880,1.024528,0.243013
2018031710.000,Miguel,recording,shake_phone,16,3.162967,6.278952,6.318302,-0.390268,1.036329,0.264499
2018031720.000,Miguel,recording,shake_phone,16,3.187174,6.202629,6.479373,-0.437010,1.034017,0.286818
2018031730.000,Miguel,recording,shake_phone,16,3.178393,6.110159,6.624136,-0.472513,1.013661,0.307695
2018031740.000,Miguel,recording,shake_phone,16,3.164753,6.026050,6.755016,-0.502205,0.966184,0.323954
2018031750.000,Miguel,recording,shake_phone,16,3.215689,5.870481,6.946311,-0.530945,0.887208,0.336090
2018031760.000,Miguel,recording,shake_phone,16,3.393020,5.687705,7.300385,-0.553135,0.783204,0.343147
2018031770.000,Miguel,recording,shake_phone,16,3.752453,5.591059,7.851668,-0.550549,0.679633,0.340364
2018031780.000,Miguel,recording,shake_phone,16,4.054546,5.497172,8.304319,-0.509187,0.628418,0.327147
2018031790.000,Miguel,recording,shake_phone,16,4.008664,5.361829,8.552729,-0.430651,0.667418,0.313983
2018031800.000,Miguel,recording,shake_phone,16,3.766320,5.288570,8.646257,-0.331071,0.774464,0.319181
2018031810.000,Miguel,recording,shake_phone,16,3.720197,5.322277,8.440420,-0.237303,0.901343,0.346347
2018031820.000,Miguel,recording,shake_phone,16,3.996251,5.452684,7.867355,-0.181639,1.017796,0.368814
2018031830.000,Miguel,recording,shake_phone,16,4.118525,5.652764,7.277922,-0.190501,1.096497,0.361619
2018031840.000,Miguel,recording,shake_phone,16,3.918774,5.764936,7.021496,-0.266919,1.117255,0.337703
2018031850.000,Miguel,recording,shake_phone,16,3.747715,5.740187,7.206108,-0.383038,1.098699,0.331199
2018031860.000,Miguel,recording,shake_phone,16,4.207167,5.570130,7.656326,-0.504838,1.067767,0.353142
2018031870.000,Miguel,recording,shake_phone,16,5.042683,5.348348,8.206980,-0.610545,1.005538,0.389841
2018031880.000,Miguel,recording,shake_phone,16,5.403058,5.034343,8.762801,-0.684838,0.844615,0.425385
2018031890.000,Miguel,recording,shake_phone,16,5.567887,4.830161,9.341399,-0.716626,0.582882,0.410375
2018031900.000,Miguel,recording,shake_phone,16,5.846134,5.048131,10.499274,-0.689821,0.388344,0.269624
2018031910.000,Miguel,recording,shake_phone,16,5.855007,5.029044,11.665460,-0.574385,0.330886,0.022757
2018031920.000,Miguel,recording,shake_phone,16,5.803848,4.685573,12.656939,-0.355383,0.288073,-0.230593
2018031930.000,Miguel,recording,shake_phone,16,5.604769,4.163327,13.265999,-0.059510,0.189048,-0.427990
2018031940.000,Miguel,recording,shake_phone,16,5.172342,3.827728,12.818261,0.265484,0.032137,-0.578556
2018031950.000,Miguel,recording,shake_phone,16,4.989845,4.118342,11.913766,0.571158,-0.176550,-0.738637
2018031960.000,Miguel,recording,shake_phone,16,5.317280,4.572315,11.243406,0.819947,-0.441554,-0.954324
2018031970.000,Miguel,recording,shake_phone,16,6.123152,4.758693,11.226943,1.004811,-0.768354,-1.243839
2018031980.000,Miguel,recording,shake_phone,16,7.013884,4.529449,11.579258,1.153521,-1.140339,-1.602836
2018031990.000,Miguel,recording,shake_phone,16,7.716620,4.138760,12.085455,1.316148,-1.524759,-2.017056
2018032000.000,Miguel,recording,shake_phone,16,8.323903,3.780417,12.726924,1.529951,-1.887707,-2.477928
2018032010.000,Miguel,recording,shake_phone,16,8.754917,3.397349,12.617504,1.775373,-2.190900,-2.974134
2018032020.000,Miguel,recording,shake_phone,16,8.771084,3.117662,11.566866,1.992879,-2.397244,-3.480493
2018032030.000,Miguel,recording,shake_phone,16,8.152241,3.028976,10.326353,2.147725,-2.506770,-3.965532
2018032040.000,Miguel,recording,shake_phone,16,6.534236,2.974926,9.297128,2.251031,-2.552354,-4.392583
2018032050.000,Miguel,recording,shake_phone,16,3.697348,2.576185,8.591675,2.343616,-2.581567,-4.715220
2018032060.000,Miguel,recording,shake_phone,16,-0.024839,2.260912,7.746123,2.463710,-2.646483,-4.910212
2018032070.000,Miguel,recording,shake_phone,16,-4.079827,2.487497,6.306102,2.619037,-2.760239,-5.001620
2018032080.000,Miguel,recording,shake_phone,16,-8.460251,3.123868,4.586241,2.785341,-2.877381,-5.003031
2018032090.000,Miguel,recording,shake_phone,16,-13.598903,3.826719,2.434117,2.917767,-2.927066,-4.849166
2018032100.000,Miguel,recording,shake_phone,16,-19.241210,4.269585,0.311585,2.989842,-2.891050,-4.399626
2018032110.000,Miguel,recording,shake_phone,16,-26.588737,4.735207,-1.756432,2.975528,-2.813088,-3.497577
2018032120.000,Miguel,recording,shake_phone,16,-31.366148,4.463639,-4.908699,2.724945,-2.768283,-2.124237
2018032130.000,Miguel,recording,shake_phone,16,-31.320153,3.878247,-8.615732,2.058459,-2.717726,-0.509580
2018032140.000,Miguel,recording,shake_phone,16,-27.465300,3.312634,-10.180743,1.054868,-2.393956,1.095818
2018032150.000,Miguel,recording,shake_phone,16,-20.392960,3.031477,-9.504831,-0.044863,-1.660352,2.572407
2018032160.000,Miguel,recording,shake_phone,16,-11.120355,3.541956,-7.695218,-1.111037,-0.753158,3.800708
2018032170.000,Miguel,recording,shake_phone,16,0.902191,4.151551,-3.259794,-2.006854,-0.111023,4.634857
2018032180.000,Miguel,recording,shake_phone,16,15.576999,5.496461,5.086529,-2.480415,-0.012537,4.907199
2018032190.000,Miguel,recording,shake_phone,16,31.110023,7.332116,13.023028,-2.467339,-0.197349,4.490926
2018032200.000,Miguel,recording,shake_phone,16,44.181418,7.685103,18.362347,-2.137991,-0.141138,3.363665
2018032210.000,Miguel,recording,shake_phone,16,49.783820,6.817545,22.032171,-1.561382,0.335543,1.637635
2018032220.000,Miguel,recording,shake_phone,16,44.497563,6.306965,23.164292,-0.746673,0.902451,-0.336085
2018032230.000,Miguel,recording,shake_phone,16,31.665921,6.207724,21.299853,0.165886,1.111348,-2.090454
2018032240.000,Miguel,recording,shake_phone,16,18.867502,6.119133,17.331196,0.990742,0.904343,-3.347852
2018032250.000,Miguel,recording,shake_phone,16,9.230547,6.523363,12.382407,1.575048,0.585877,-4.074878
2018032260.000,Miguel,recording,shake_phone,16,2.242421,7.130139,7.990302,1.842447,0.401091,-4.334875
2018032270.000,Miguel,recording,shake_phone,16,-2.426830,7.204906,5.321284,1.859923,0.403219,-4.229484
2018032280.000,Miguel,recording,shake_phone,16,-5.163064,6.699627,3.942453,1.781146,0.580116,-3.899032
2018032290.000,Miguel,recording,shake_phone,16,-7.123017,5.874622,2.380013,1.715162,0.862124,-3.491590
2018032300.000,Miguel,recording,shake_phone,16,-9.205171,4.768298,-0.013553,1.673196,1.092154,-3.127017
2018032310.000,Miguel,recording,shake_phone,16,-12.537030,3.498295,-2.328280,1.628915,1.097841,-2.849548
2018032320.000,Miguel,recording,shake_phone,16,-17.565767,2.603155,-3.800820,1.592463,0.803904,-2.600448
2018032330.000,Miguel,recording,shake_phone,16,-23.816906,2.215777,-5.025005,1.575435,0.241555,-2.265548
2018032340.000,Miguel,recording,shake_phone,16,-30.650954,1.911702,-6.968700,1.514148,-0.523136,-1.710542
2018032350.000,Miguel,recording,shake_phone,16,-36.662511,1.625247,-9.136040,1.297158,-1.317748,-0.788423
2018032360.000,Miguel,recording,shake_phone,16,-39.624972,1.589731,-10.257979,0.865386,-1.796667,0.601770
2018032370.000,Miguel,recording,shake_phone,16,-37.436699,1.306531,-10.198485,0.233175,-1.640269,2.413593
2018032380.000,Miguel,recording,shake_phone,16,-28.597378,0.424761,-10.476030,-0.605685,-0.792160,4.370231
2018032390.000,Miguel,recording,shake_phone,16,-14.848390,-0.657983,-10.864880,-1.683174,0.371974,6.043260
2018032400.000,Miguel,recording,shake_phone,16,1.142805,-1.244959,-8.165452,-2.865287,1.120529,7.058141
2018032410.000,Miguel,recording,shake_phone,16,18.584708,-0.586613,0.249446,-3.751197,0.981632,7.176950
2018032420.000,Miguel,recording,shake_phone,16,35.240024,1.512901,11.905791,-3.932373,0.311575,6.346120
2018032430.000,Miguel,recording,shake_phone,16,45.089016,2.127635,20.594140,-3.409754,-0.101160,4.835912
2018032440.000,Miguel,recording,shake_phone,16,44.343468,1.250472,24.251152,-2.492464,0.088530,3.168011
2018032450.000,Miguel,recording,shake_phone,16,36.696334,2.385959,24.644438,-1.432715,0.621009,1.746051
2018032460.000,Miguel,recording,shake_phone,16,27.327927,4.382576,21.536945,-0.463057,1.086846,0.680903
2018032470.000,Miguel,recording,shake_phone,16,18.582985,5.366189,16.282184,0.247514,1.296794,-0.076083
2018032480.000,Miguel,recording,shake_phone,16,10.996954,6.150400,11.219028,0.670149,1.311842,-0.581549
2018032490.000,Miguel,recording,shake_phone,16,4.514462,7.141619,6.501197,0.803741,1.246417,-0.852650
2018032500.000,Miguel,recording,shake_phone,16,-0.673127,7.878587,3.251152,0.687262,1.148421,-0.888036
2018032510.000,Miguel,recording,shake_phone,16,-3.939746,7.992009,2.058168,0.426549,1.025109,-0.708857
2018032520.000,Miguel,recording,shake_phone,16,-5.039283,7.665266,2.196862,0.137366,0.889546,-0.397943
2018032530.000,Miguel,recording,shake_phone,16,-4.342560,7.261134,2.839667,-0.099927,0.747695,-0.068906
2018032540.000,Miguel,recording,shake_phone,16,-2.675408,6.951510,3.530103,-0.247844,0.584381,0.187599
2018032550.000,Miguel,recording,shake_phone,16,-0.861365,6.759740,4.270894,-0.301254,0.384001,0.330835
2018032560.000,Miguel,recording,shake_phone,16,0.620457,6.627819,5.043422,-0.268061,0.151584,0.369812
2018032570.000,Miguel,recording,shake_phone,16,1.740712,6.558665,5.511342,-0.175646,-0.068953,0.342060
2018032580.000,Miguel,recording,shake_phone,16,2.583019,6.609754,5.666086,-0.069957,-0.214984,0.289843
2018032590.000,Miguel,recording,shake_phone,16,3.093871,6.685360,5.598051,0.009910,-0.242432,0.246974
2018032600.000,Miguel,recording,shake_phone,16,3.193683,6.676137,5.410017,0.049386,-0.162149,0.231559
2018032610.000,Miguel,recording,shake_phone,16,2.730315,6.622424,5.255470,0.056491,-0.045697,0.256696
2018032620.000,Miguel,recording,shake_phone,16,2.066517,6.649778,5.204414,0.042042,0.047327,0.332366
2018032630.000,Miguel,recording,shake_phone,16,1.808722,6.681095,5.148665,0.009197,0.118208,0.448275
2018032640.000,Miguel,recording,shake_phone,16,2.042589,6.680094,5.036903,-0.041316,0.194050,0.577104
2018032650.000,Miguel,recording,shake_phone,16,2.522109,6.699880,4.992964,-0.107263,0.280104,0.687707
2018032660.000,Miguel,recording,shake_phone,16,3.158642,6.720510,5.010025,-0.181366,0.350712,0.751317
2018032670.000,Miguel,recording,shake_phone,16,3.887427,6.762722,5.088897,-0.253062,0.377758,0.745046
2018032680.000,Miguel,recording,shake_phone,16,4.537666,6.814784,5.220795,-0.315763,0.358985,0.658664
2018032690.000,Miguel,recording,shake_phone,16,4.894920,6.861017,5.480708,-0.364575,0.311691,0.504832
2018032700.000,Miguel,recording,shake_phone,16,4.710027,6.719079,5.804937,-0.389876,0.249971,0.324815
2018032710.000,Miguel,recording,shake_phone,16,4.081168,6.454533,6.118188,-0.381615,0.173832,0.167637
2018032720.000,Miguel,recording,shake_phone,16,3.411331,6.488354,6.431428,-0.341461,0.078042,0.063549
2018032730.000,Miguel,recording,shake_phone,16,2.948849,6.742461,6.669755,-0.281239,-0.021532,0.017009
2018032740.000,Miguel,recording,shake_phone,16,2.709972,6.895445,6.718562,-0.216417,-0.089144,0.014071
2018032750.000,Miguel,recording,shake_phone,16,2.588236,6.948700,6.619731,-0.161463,-0.103181,0.041194
2018032760.000,Miguel,recording,shake_phone,16,2.493562,6.976909,6.497458,-0.126350,-0.065115,0.091436
2018032770.000,Miguel,recording,shake_phone,16,2.523318,6.977816,6.416530,-0.112271,0.017176,0.158059
2018032780.000,Miguel,recording,shake_phone,16,2.677893,6.913580,6.431177,-0.110682,0.135000,0.235290
2018032790.000,Miguel,recording,shake_phone,16,2.735176,6.822435,6.508362,-0.109735,0.262398,0.318570
2018032800.000,Miguel,recording,shake_phone,16,2.752782,6.809964,6.594973,-0.099781,0.349465,0.400948
2018032810.000,Miguel,recording,shake_phone,16,2.918999,6.919731,6.628831,-0.079908,0.359931,0.470656
2018032820.000,Miguel,recording,shake_phone,16,3.194922,7.009219,6.581611,-0.057191,0.301064,0.514323
2018032830.000,Miguel,recording,shake_phone,16,3.516343,7.029950,6.533958,-0.036023,0.205819,0.525072
2018032840.000,Miguel,recording,shake_phone,16,3.854236,7.020361,6.513250,-0.013679,0.104866,0.503172
2018032850.000,Miguel,recording,shake_phone,16,4.101094,6.998847,6.500081,0.011033,0.018779,0.456533
2018032860.000,Miguel,recording,shake_phone,16,4.177272,6.985859,6.457787,0.033424,-0.036080,0.401625
2018032870.000,Miguel,recording,shake_phone,16,4.096918,6.954949,6.396436,0.047300,-0.046506,0.358689
2018032880.000,Miguel,recording,shake_phone,16,3.918835,6.897339,6.375054,0.049864,-0.006066,0.342201
2018032890.000,Miguel,recording,shake_phone,16,3.764399,6.859727,6.407427,0.043561,0.076173,0.351450
2018032900.000,Miguel,recording,shake_phone,16,3.716742,6.847796,6.399436,0.031874,0.168178,0.372597
2018032910.000,Miguel,recording,shake_phone,16,3.743398,6.861388,6.322471,0.017724,0.232260,0.389101
2018032920.000,Miguel,recording,shake_phone,16,3.772402,6.925434,6.295965,0.005556,0.250593,0.389404
2018032930.000,Miguel,recording,shake_phone,16,3.772172,6.985375,6.333935,-0.000956,0.227081,0.371200
2018032940.000,Miguel,recording,shake_phone,16,3.746249,6.986596,6.382265,0.000817,0.176274,0.339318
2018032950.000,Miguel,recording,shake_phone,16,3.721093,7.000474,6.457284,0.014383,0.117160,0.299387
2018032960.000,Miguel,recording,shake_phone,16,3.718101,6.980139,6.508822,0.039196,0.067125,0.257412
2018032970.000,Miguel,recording,shake_phone,16,3.709122,6.911578,6.467795,0.067390,0.033959,0.219360
2018032980.000,Miguel,recording,shake_phone,16,3.712654,6.864655,6.422537,0.092954,0.019618,0.188968
2018032990.000,Miguel,recording,shake_phone,16,3.769233,6.855585,6.382708,0.113892,0.027468,0.167017
2018033000.000,Miguel,recording,shake_phone,16,3.783854,6.857959,6.307209,0.126059,0.053745,0.154195
2018033010.000,Miguel,recording,shake_phone,16,3.734098,6.827062,6.217015,0.125072,0.083474,0.150918
2018033020.000,Miguel,recording,shake_phone,16,3.699981,6.821167,6.197738,0.114806,0.103483,0.152014
2018033030.000,Miguel,recording,shake_phone,16,3.647819,6.833542,6.230085,0.104642,0.111579,0.149643
2018033040.000,Miguel,recording,shake_phone,16,3.623048,6.847770,6.239103,0.098382,0.105845,0.138050
2018033050.000,Miguel,recording,shake_phone,16,3.652384,6.832048,6.220413,0.095608,0.084881,0.113624
2018033060.000,Miguel,recording,shake_phone,16,3.662783,6.803735,6.293936,0.098991,0.058406,0.079053
2018033070.000,Miguel,recording,shake_phone,16,3.574384,6.774868,6.467251,0.114710,0.032945,0.044176
2018033080.000,Miguel,recording,shake_phone,16,3.434622,6.714181,6.568801,0.141828,0.006056,0.021768
2018033090.000,Miguel,recording,shake_phone,16,3.332478,6.661276,6.537537,0.170885,-0.021764,0.019620
2018033100.000,Miguel,recording,shake_phone,16,3.307334,6.690426,6.436440,0.193622,-0.042604,0.034659
2018033110.000,Miguel,recording,shake_phone,16,3.412612,6.771168,6.373265,0.208043,-0.045562,0.056068
2018033120.000,Miguel,recording,shake_phone,16,3.542484,6.834574,6.322312,0.218294,-0.026827,0.075071
2018033130.000,Miguel,recording,shake_phone,16,3.685199,6.890740,6.205569,0.224979,0.005207,0.091694
2018033140.000,Miguel,recording,shake_phone,16,3.842465,6.949746,6.032623,0.220485,0.041402,0.105195
2018033150.000,Miguel,recording,shake_phone,16,3.963142,7.000276,5.849188,0.200328,0.079974,0.109205
2018033160.000,Miguel,recording,shake_phone,17,3.976155,7.058490,5.793487,0.169676,0.117319,0.102310
2018033170.000,Miguel,recording,shake_phone,17,3.877711,7.121338,5.834317,0.138953,0.144716,0.090000
2018033180.000,Miguel,recording,shake_phone,17,3.787681,7.137754,5.937600,0.116600,0.159660,0.076937
2018033190.000,Miguel,recording,shake_phone,17,3.792792,7.080337,6.036022,0.104198,0.166643,0.064483
2018033200.000,Miguel,recording,shake_phone,17,3.808442,7.021332,6.097477,0.100229,0.165835,0.053540
2018033210.000,Miguel,recording,shake_phone,17,3.777117,7.001140,6.097058,0.102913,0.156268,0.046165
2018033220.000,Miguel,recording,shake_phone,17,3.779547,7.017448,6.060740,0.105488,0.139782,0.041388
2018033230.000,Miguel,recording,shake_phone,17,3.887609,7.023516,6.036772,0.102627,0.120574,0.033313
2018033240.000,Miguel,recording,shake_phone,17,3.977405,6.982553,6.016730,0.095781,0.102979,0.016947
2018033250.000,Miguel,recording,shake_phone,17,3.953637,6.956991,5.983711,0.087545,0.087127,-0.004095
2018033260.000,Miguel,recording,shake_phone,17,3.849267,6.957991,5.976420,0.079615,0.071677,-0.020005
2018033270.000,Miguel,recording,shake_phone,17,3.794907,6.996670,5.978437,0.072845,0.060521,-0.025719
2018033280.000,Miguel,recording,shake_phone,17,3.857008,7.012482,6.012721,0.067055,0.061019,-0.024422
2018033290.000,Miguel,recording,shake_phone,17,3.911513,7.033292,6.066734,0.062805,0.074839,-0.021057
2018033300.000,Miguel,recording,shake_phone,17,3.889117,7.043770,6.096845,0.061116,0.094934,-0.016370
2018033310.000,Miguel,recording,shake_phone,17,3.873152,7.027863,6.102434,0.061535,0.114117,-0.011549
2018033320.000,Miguel,recording,shake_phone,17,3.922299,7.012167,6.101620,0.064077,0.127787,-0.010423
2018033330.000,Miguel,recording,shake_phone,17,4.014214,7.009213,6.109256,0.068981,0.131567,-0.016136
2018033340.000,Miguel,recording,shake_phone,17,4.054557,7.011422,6.127305,0.077819,0.125120,-0.029747
2018033350.000,Miguel,recording,shake_phone,17,4.035790,7.030486,6.194233,0.092866,0.109976,-0.047953
2018033360.000,Miguel,recording,shake_phone,17,4.027514,7.073394,6.273922,0.114383,0.086084,-0.065848
2018033370.000,Miguel,recording,shake_phone,17,4.096132,7.132816,6.276678,0.139191,0.056087,-0.081902
2018033380.000,Miguel,recording,shake_phone,17,4.281151,7.181846,6.167944,0.157704,0.030807,-0.099492
2018033390.000,Miguel,recording,shake_phone,17,4.515897,7.238507,6.038495,0.159963,0.021700,-0.122876
2018033400.000,Miguel,recording,shake_phone,17,4.716810,7.310326,5.987651,0.146394,0.031381,-0.153035
2018033410.000,Miguel,recording,shake_phone,17,4.820269,7.346727,6.039308,0.124422,0.053982,-0.187483
2018033420.000,Miguel,recording,shake_phone,17,4.893624,7.334932,6.243671,0.103936,0.076842,-0.223408
2018033430.000,Miguel,recording,shake_phone,17,5.086063,7.279457,6.498408,0.095667,0.079372,-0.263817
2018033440.000,Miguel,recording,shake_phone,17,5.427339,7.243596,6.802453,0.107022,0.047052,-0.319046
2018033450.000,Miguel,recording,shake_phone,17,5.819580,7.265099,7.159114,0.141579,-0.015905,-0.398146
2018033460.000,Miguel,recording,shake_phone,17,6.212274,7.265013,7.408868,0.195387,-0.092752,-0.502222
2018033470.000,Miguel,recording,shake_phone,17,6.468950,7.239881,7.540114,0.259701,-0.162621,-0.627104
2018033480.000,Miguel,recording,shake_phone,17,6.551863,7.257785,7.632766,0.328375,-0.216698,-0.766802
2018033490.000,Miguel,recording,shake_phone,17,6.471963,7.283786,7.714378,0.398863,-0.263544,-0.915474
2018033500.000,Miguel,recording,shake_phone,17,6.417176,7.236122,7.881395,0.474175,-0.317331,-1.073320
2018033510.000,Miguel,recording,shake_phone,17,6.498447,7.083259,8.162450,0.567180,-0.389212,-1.247725
2018033520.000,Miguel,recording,shake_phone,17,6.514276,6.937742,8.375543,0.691535,-0.481577,-1.438427
2018033530.000,Miguel,recording,shake_phone,17,6.335428,6.908015,8.282209,0.839595,-0.581643,-1.635749
2018033540.000,Miguel,recording,shake_phone,17,5.936366,6.925290,7.824310,0.981307,-0.671976,-1.830829
2018033550.000,Miguel,recording,shake_phone,17,5.368351,6.892400,7.108563,1.086054,-0.762592,-2.018768
2018033560.000,Miguel,recording,shake_phone,17,4.953783,6.877250,6.463510,1.140312,-0.903380,-2.209976
2018033570.000,Miguel,recording,shake_phone,17,4.979942,6.915432,6.091055,1.152897,-1.125291,-2.427944
2018033580.000,Miguel,recording,shake_phone,17,5.310361,6.885310,5.661533,1.137360,-1.393599,-2.686900
2018033590.000,Miguel,recording,shake_phone,17,5.568348,6.850688,5.308954,1.103741,-1.652055,-2.989005
2018033600.000,Miguel,recording,shake_phone,17,5.390373,6.814545,5.327080,1.074763,-1.845416,-3.317827
2018033610.000,Miguel,recording,shake_phone,17,4.673350,6.632289,5.333907,1.064314,-1.936445,-3.632243
2018033620.000,Miguel,recording,shake_phone,17,3.754315,6.216123,5.006243,1.052113,-1.936821,-3.896965
2018033630.000,Miguel,recording,shake_phone,17,3.008734,5.738469,4.476654,1.013911,-1.875863,-4.107050
2018033640.000,Miguel,recording,shake_phone,17,2.263441,5.287170,4.143467,0.952917,-1.785039,-4.279754
2018033650.000,Miguel,recording,shake_phone,17,1.463400,4.832224,4.268809,0.896240,-1.708583,-4.435162
2018033660.000,Miguel,recording,shake_phone,17,0.485706,4.414168,4.823616,0.880462,-1.668652,-4.575700
2018033670.000,Miguel,recording,shake_phone,17,-0.763224,3.959808,5.309712,0.922824,-1.658152,-4.685112
2018033680.000,Miguel,recording,shake_phone,17,-2.165616,3.495018,5.417954,1.001680,-1.674988,-4.749550
2018033690.000,Miguel,recording,shake_phone,17,-3.615954,3.041230,5.337926,1.091115,-1.718169,-4.768553
2018033700.000,Miguel,recording,shake_phone,17,-5.084876,2.388282,5.231143,1.191826,-1.785851,-4.757630
2018033710.000,Miguel,recording,shake_phone,17,-6.839817,1.648780,5.013831,1.307435,-1.897455,-4.733756
2018033720.000,Miguel,recording,shake_phone,17,-9.117031,0.973550,4.548323,1.425043,-2.098835,-4.676479
2018033730.000,Miguel,recording,shake_phone,17,-11.867175,0.254896,3.635914,1.519424,-2.388600,-4.523364
2018033740.000,Miguel,recording,shake_phone,17,-15.975737,-0.207800,2.408962,1.540446,-2.627759,-4.174507
2018033750.000,Miguel,recording,shake_phone,17,-21.295810,-0.429644,1.121167,1.417022,-2.659941,-3.497279
2018033760.000,Miguel,recording,shake_phone,17,-26.379730,-0.342475,0.420052,1.128785,-2.438910,-2.398219
2018033770.000,Miguel,recording,shake_phone,17,-30.067404,0.021426,0.566791,0.723433,-1.945894,-0.896290
2018033780.000,Miguel,recording,shake_phone,17,-31.586325,0.074939,1.019341,0.267553,-1.234262,0.884690
2018033790.000,Miguel,recording,shake_phone,17,-30.877273,-0.285566,1.130084,-0.172755,-0.524949,2.769365
2018033800.000,Miguel,recording,shake_phone,17,-27.960637,-0.835303,0.692915,-0.552629,-0.032596,4.578972
2018033810.000,Miguel,recording,shake_phone,17,-22.525352,-1.618249,-0.065092,-0.873183,0.235369,6.182257
2018033820.000,Miguel,recording,shake_phone,17,-14.599742,-2.251354,-0.779510,-1.167535,0.463056,7.505379
2018033830.000,Miguel,recording,shake_phone,17,-3.971352,-1.947770,-1.962746,-1.510501,0.800118,8.466247
2018033840.000,Miguel,recording,shake_phone,17,9.124163,-0.202882,-2.715869,-1.977863,1.162543,8.927461
2018033850.000,Miguel,recording,shake_phone,17,24.200409,3.154523,-0.406454,-2.484526,1.333171,8.729477
2018033860.000,Miguel,recording,shake_phone,17,40.960835,7.215533,4.197529,-2.798501,1.255195,7.741296
2018033870.000,Miguel,recording,shake_phone,17,55.656054,10.291652,9.008380,-2.775769,1.134331,5.852137
2018033880.000,Miguel,recording,shake_phone,17,61.137321,10.669634,14.007362,-2.433694,1.138907,3.164593
2018033890.000,Miguel,recording,shake_phone,17,52.414541,10.338579,18.858245,-1.822860,1.154438,0.267848
2018033900.000,Miguel,recording,shake_phone,17,36.318446,10.081644,22.768235,-0.956404,1.009730,-2.127281
2018033910.000,Miguel,recording,shake_phone,17,22.302687,8.834911,23.174265,0.086561,0.756741,-3.739555
2018033920.000,Miguel,recording,shake_phone,17,12.300271,7.641393,19.658706,1.092204,0.568133,-4.657998
2018033930.000,Miguel,recording,shake_phone,17,5.428783,7.192594,14.589613,1.855771,0.522390,-5.079775
2018033940.000,Miguel,recording,shake_phone,17,0.920167,6.842895,10.170471,2.322137,0.595024,-5.200280
2018033950.000,Miguel,recording,shake_phone,17,-2.392841,6.079134,6.902336,2.568720,0.725542,-5.152272
2018033960.000,Miguel,recording,shake_phone,17,-5.198858,5.163797,4.258943,2.690783,0.832487,-5.000810
2018033970.000,Miguel,recording,shake_phone,17,-7.470813,4.412378,1.795286,2.730865,0.838485,-4.779020
2018033980.000,Miguel,recording,shake_phone,17,-9.446534,3.486249,-0.555860,2.683936,0.735540,-4.501367
2018033990.000,Miguel,recording,shake_phone,17,-11.704113,2.169542,-2.671594,2.531350,0.566721,-4.165465
2018034000.000,Miguel,recording,shake_phone,17,-14.542851,0.825799,-4.416294,2.271059,0.331054,-3.763411
2018034010.000,Miguel,recording,shake_phone,17,-17.757712,-0.258096,-5.961219,1.907626,0.022985,-3.284823
2018034020.000,Miguel,recording,shake_phone,17,-21.536343,-1.709690,-7.569265,1.425499,-0.329139,-2.713414
2018034030.000,Miguel,recording,shake_phone,17,-26.106577,-3.778786,-8.836663,0.809987,-0.697253,-2.008638
2018034040.000,Miguel,recording,shake_phone,17,-31.676942,-6.210450,-8.232857,0.118844,-1.037101,-1.064612
2018034050.000,Miguel,recording,shake_phone,17,-38.554251,-8.199714,-4.315494,-0.460715,-1.286359,0.314787
2018034060.000,Miguel,recording,shake_phone,17,-44.440581,-8.712644,1.764152,-0.715662,-1.339488,2.265692
2018034070.000,Miguel,recording,shake_phone,17,-45.061977,-8.360614,5.996957,-0.619316,-1.102659,4.658558
2018034080.000,Miguel,recording,shake_phone,17,-38.227052,-7.885764,5.754193,-0.379082,-0.661635,7.165692
2018034090.000,Miguel,recording,shake_phone,17,-22.891409,-7.878740,0.558985,-0.319560,-0.214764,9.436554
2018034100.000,Miguel,recording,shake_phone,17,0.141516,-7.330713,-7.051084,-0.749955,0.169213,11.135557
2018034110.000,Miguel,recording,shake_phone,17,25.045996,-4.476354,-11.836771,-1.753161,0.624662,11.918417
2018034120.000,Miguel,recording,shake_phone,17,46.816338,-1.507068,-8.777990,-3.015639,1.378981,11.326665
2018034130.000,Miguel,recording,shake_phone,17,59.568812,-0.833085,1.078983,-3.989605,2.497339,9.136926
2018034140.000,Miguel,recording,shake_phone,17,55.636280,0.258603,11.030098,-4.299832,3.603553,6.130309
2018034150.000,Miguel,recording,shake_phone,17,41.132908,2.537520,19.413350,-3.921883,3.972605,3.388621
2018034160.000,Miguel,recording,shake_phone,17,27.355127,3.809443,24.735474,-2.981422,3.219165,1.275600
2018034170.000,Miguel,recording,shake_phone,17,18.597517,4.444297,25.717231,-1.686349,1.753977,-0.283352
2018034180.000,Miguel,recording,shake_phone,17,13.405068,4.988882,22.490186,-0.385150,0.357627,-1.407007
2018034190.000,Miguel,recording,shake_phone,17,9.127663,5.591295,17.338760,0.617568,-0.466632,-2.141060
2018034200.000,Miguel,recording,shake_phone,17,4.892987,6.319738,12.733770,1.221770,-0.694247,-2.494886
2018034210.000,Miguel,recording,shake_phone,17,1.015666,7.124720,9.497496,1.493900,-0.548192,-2.495347
2018034220.000,Miguel,recording,shake_phone,17,-1.694802,7.856553,7.514416,1.563927,-0.246458,-2.218630
2018034230.000,Miguel,recording,shake_phone,17,-2.946016,8.450235,5.957483,1.521534,0.081276,-1.777438
2018034240.000,Miguel,recording,shake_phone,17,-3.084405,8.800422,4.604782,1.403185,0.386182,-1.278128
2018034250.000,Miguel,recording,shake_phone,17,-2.741302,8.807715,3.693818,1.248361,0.648517,-0.794931
2018034260.000,Miguel,recording,shake_phone,17,-2.321640,8.625687,3.113136,1.099142,0.833834,-0.365482
2018034270.000,Miguel,recording,shake_phone,17,-1.790071,8.502758,2.603479,0.961363,0.919374,-0.001671
2018034280.000,Miguel,recording,shake_phone,17,-1.149444,8.415490,2.140602,0.813140,0.928610,0.292377
2018034290.000,Miguel,recording,shake_phone,17,-0.541861,8.205957,1.877371,0.640286,0.909571,0.514167
2018034300.000,Miguel,recording,shake_phone,17,-0.049972,7.912955,1.830920,0.446346,0.894736,0.667823
2018034310.000,Miguel,recording,shake_phone,17,0.330133,7.629083,1.963949,0.243126,0.880448,0.763526
2018034320.000,Miguel,recording,shake_phone,17,0.591628,7.405465,2.286977,0.043295,0.847517,0.812735
2018034330.000,Miguel,recording,shake_phone,17,0.873672,7.237243,2.672370,-0.140496,0.790583,0.827892
2018034340.000,Miguel,recording,shake_phone,17,1.297507,7.143402,3.050818,-0.298326,0.720663,0.818889
2018034350.000,Miguel,recording,shake_phone,17,1.616337,7.069946,3.428951,-0.429548,0.658397,0.791616
2018034360.000,Miguel,recording,shake_phone,17,1.708789,7.003474,3.818608,-0.538962,0.623444,0.756588
2018034370.000,Miguel,recording,shake_phone,17,1.701341,6.965417,4.361400,-0.623378,0.616846,0.730015
2018034380.000,Miguel,recording,shake_phone,17,1.806730,6.932375,4.980914,-0.669812,0.619772,0.720753
2018034390.000,Miguel,recording,shake_phone,17,2.061857,6.870349,5.515148,-0.668957,0.617083,0.726273
2018034400.000,Miguel,recording,shake_phone,17,2.293464,6.765645,5.869473,-0.626957,0.607187,0.743527
2018034410.000,Miguel,recording,shake_phone,17,2.485364,6.672656,5.992939,-0.563084,0.588014,0.766512
2018034420.000,Miguel,recording,shake_phone,17,2.890715,6.688748,5.930485,-0.501101,0.543475,0.775367
2018034430.000,Miguel,recording,shake_phone,17,3.387307,6.797615,5.828571,-0.458553,0.459491,0.746899
2018034440.000,Miguel,recording,shake_phone,17,3.686420,6.924889,5.821741,-0.436943,0.347157,0.677952
2018034450.000,Miguel,recording,shake_phone,17,3.650019,7.030987,5.983613,-0.425655,0.230878,0.591065
2018034460.000,Miguel,recording,shake_phone,17,3.419361,7.101715,6.303091,-0.410768,0.132514,0.519104
2018034470.000,Miguel,recording,shake_phone,17,3.230033,7.081820,6.650519,-0.379348,0.070844,0.482727
2018034480.000,Miguel,recording,shake_phone,17,3.179339,7.061450,6.922050,-0.327835,0.059195,0.482835
2018034490.000,Miguel,recording,shake_phone,17,3.187998,7.069013,7.073747,-0.263859,0.098577,0.510671
2018034500.000,Miguel,recording,shake_phone,17,3.274374,7.084718,7.033587,-0.198415,0.174944,0.553086
2018034510.000,Miguel,recording,shake_phone,17,3.550426,7.136745,6.849606,-0.144120,0.271538,0.593237
2018034520.000,Miguel,recording,shake_phone,17,3.901569,7.227088,6.636282,-0.109860,0.379914,0.614748
2018034530.000,Miguel,recording,shake_phone,17,4.117656,7.322494,6.490758,-0.093119,0.492189,0.609581
2018034540.000,Miguel,recording,shake_phone,17,4.101553,7.354329,6.353894,-0.087218,0.591569,0.582686
2018034550.000,Miguel,recording,shake_phone,17,3.928098,7.352052,6.192819,-0.089833,0.652195,0.544353
2018034560.000,Miguel,recording,shake_phone,17,3.728317,7.370860,6.141912,-0.097167,0.650730,0.498956
2018034570.000,Miguel,recording,shake_phone,17,3.583432,7.408317,6.222289,-0.099974,0.585855,0.445190
2018034580.000,Miguel,recording,shake_phone,17,3.506234,7.385555,6.376317,-0.090045,0.479979,0.383288
2018034590.000,Miguel,recording,shake_phone,17,3.478778,7.290091,6.555021,-0.064585,0.362144,0.316466
2018034600.000,Miguel,recording,shake_phone,17,3.420516,7.198062,6.720195,-0.021734,0.252766,0.250963
2018034610.000,Miguel,recording,shake_phone,17,3.351758,7.150803,6.823703,0.036894,0.157525,0.192438
2018034620.000,Miguel,recording,shake_phone,17,3.279576,7.107600,6.806179,0.103846,0.076767,0.141924
2018034630.000,Miguel,recording,shake_phone,17,3.278070,7.022756,6.637395,0.168507,0.014296,0.100146
2018034640.000,Miguel,recording,shake_phone,17,3.420964,6.973428,6.372750,0.216333,-0.027382,0.065579
2018034650.000,Miguel,recording,shake_phone,17,3.546813,6.981670,6.116082,0.237418,-0.045303,0.035701
2018034660.000,Miguel,recording,shake_phone,17,3.554409,7.015316,5.915148,0.230493,-0.036430,0.012303
2018034670.000,Miguel,recording,shake_phone,17,3.445145,7.032630,5.809872,0.200600,-0.004626,-0.003083
2018034680.000,Miguel,recording,shake_phone,17,3.263645,7.037308,5.820516,0.159364,0.042987,-0.008762
2018034690.000,Miguel,recording,shake_phone,17,3.074159,7.028731,5.940098,0.120466,0.093159,-0.002076
2018034700.000,Miguel,recording,shake_phone,17,2.889244,7.012303,6.054460,0.092305,0.129405,0.018369
2018034710.000,Miguel,recording,shake_phone,17,2.783616,6.984390,6.073179,0.073112,0.143817,0.049501
2018034720.000,Miguel,recording,shake_phone,17,2.819351,6.951501,6.093288,0.060259,0.141239,0.081606
2018034730.000,Miguel,recording,shake_phone,17,2.917888,6.950543,6.102392,0.054439,0.131587,0.107291
2018034740.000,Miguel,recording,shake_phone,17,3.008068,6.984875,6.103535,0.052569,0.119689,0.126382
2018034750.000,Miguel,recording,shake_phone,17,3.042391,7.021306,6.103235,0.050316,0.108579,0.140816
2018034760.000,Miguel,recording,shake_phone,17,3.103618,7.021748,6.108816,0.047865,0.103049,0.151425
2018034770.000,Miguel,recording,shake_phone,17,3.193723,7.003559,6.155492,0.046984,0.106923,0.158543
2018034780.000,Miguel,recording,shake_phone,17,3.278258,6.984759,6.210224,0.050669,0.116906,0.162572
2018034790.000,Miguel,recording,shake_phone,17,3.364744,6.983903,6.240415,0.060102,0.126649,0.161321
2018034800.000,Miguel,recording,shake_phone,17,3.395778,6.998597,6.224828,0.071389,0.133404,0.153831
2018034810.000,Miguel,recording,shake_phone,17,3.433304,7.044826,6.148577,0.079044,0.134998,0.144041
2018034820.000,Miguel,recording,shake_phone,17,3.494533,7.092243,6.049283,0.077562,0.131780,0.134329
2018034830.000,Miguel,recording,shake_phone,17,3.573211,7.124753,5.983014,0.066144,0.129142,0.121920
2018034840.000,Miguel,recording,shake_phone,17,3.640906,7.145633,6.012458,0.051772,0.130040,0.102968
2018034850.000,Miguel,recording,shake_phone,17,3.675630,7.167402,6.125375,0.042309,0.128888,0.077254
2018034860.000,Miguel,recording,shake_phone,17,3.641894,7.171802,6.210139,0.040553,0.120354,0.048052
2018034870.000,Miguel,recording,shake_phone,17,3.540396,7.170340,6.266071,0.045362,0.106828,0.021425
2018034880.000,Miguel,recording,shake_phone,17,3.412949,7.169687,6.321680,0.053040,0.092927,0.003750
2018034890.000,Miguel,recording,shake_phone,17,3.318760,7.168335,6.358828,0.061373,0.083369,-0.001879
2018034900.000,Miguel,recording,shake_phone,17,3.347742,7.169097,6.391009,0.071956,0.085713,0.000183
2018034910.000,Miguel,recording,shake_phone,17,3.522570,7.153712,6.365029,0.084584,0.105471,-0.000336
2018034920.000,Miguel,recording,shake_phone,17,3.705170,7.151150,6.280909,0.094758,0.135790,-0.012197
2018034930.000,Miguel,recording,shake_phone,17,3.740137,7.181326,6.219989,0.100320,0.163738,-0.038826
2018034940.000,Miguel,recording,shake_phone,17,3.626752,7.188181,6.252458,0.105835,0.180561,-0.076184
2018034950.000,Miguel,recording,shake_phone,17,3.422647,7.141205,6.320020,0.119230,0.178896,-0.116002
2018034960.000,Miguel,recording,shake_phone,17,3.174987,7.115707,6.383839,0.145183,0.155952,-0.150818
2018034970.000,Miguel,recording,shake_phone,17,2.948222,7.117661,6.420004,0.184202,0.117412,-0.177085
2018034980.000,Miguel,recording,shake_phone,17,2.777545,7.123259,6.394820,0.232629,0.070400,-0.196695
2018034990.000,Miguel,recording,shake_phone,17,2.630418,7.116705,6.253556,0.283709,0.023058,-0.213440
2018035000.000,Miguel,recording,shake_phone,17,2.482189,7.112076,6.049327,0.330523,-0.016778,-0.228212
2018035010.000,Miguel,recording,shake_phone,17,2.299215,7.132142,5.843325,0.368463,-0.044051,-0.237368
2018035020.000,Miguel,recording,shake_phone,17,2.060204,7.155552,5.597816,0.393076,-0.052400,-0.236061
2018035030.000,Miguel,recording,shake_phone,17,1.830711,7.144833,5.334913,0.401290,-0.037226,-0.221707
2018035040.000,Miguel,recording,shake_phone,17,1.617470,7.101410,5.060262,0.393413,-0.006127,-0.195849
2018035050.000,Miguel,recording,shake_phone,17,1.441341,7.089399,4.789259,0.370507,0.022233,-0.164020
2018035060.000,Miguel,recording,shake_phone,17,1.351687,7.110504,4.569792,0.335845,0.033745,-0.133530
2018035070.000,Miguel,recording,shake_phone,17,1.273455,7.163838,4.438800,0.297718,0.018136,-0.112779
2018035080.000,Miguel,recording,shake_phone,17,1.030998,7.202143,4.355150,0.265760,-0.049029,-0.103542
2018035090.000,Miguel,recording,shake_phone,17,0.576119,7.278010,4.268998,0.243692,-0.198471,-0.093954
2018035100.000,Miguel,recording,shake_phone,17,0.161269,7.425042,4.122658,0.223873,-0.426029,-0.066012
2018035110.000,Miguel,recording,shake_phone,17,-0.020241,7.517192,3.872381,0.189161,-0.673713,-0.011688
2018035120.000,Miguel,recording,shake_phone,17,0.102154,7.567043,3.663210,0.126415,-0.866008,0.064809
2018035130.000,Miguel,recording,shake_phone,17,0.607314,7.539329,3.621241,0.029885,-0.958841,0.159818
2018035140.000,Miguel,recording,shake_phone,17,1.302933,7.311538,3.801598,-0.098511,-0.957311,0.273361
2018035150.000,Miguel,recording,shake_phone,17,2.131797,6.946965,4.438650,-0.233274,-0.896336,0.405998
2018035160.000,Miguel,recording,shake_phone,17,3.331327,6.722410,5.736164,-0.325947,-0.780559,0.542718
2018035170.000,Miguel,recording,shake_phone,17,4.936339,6.679808,7.021601,-0.342253,-0.577810,0.648213
2018035180.000,Miguel,recording,shake_phone,17,6.658089,6.689365,7.656406,-0.288566,-0.275050,0.685009
2018035190.000,Miguel,recording,shake_phone,17,7.990577,6.688539,7.749454,-0.198109,0.078957,0.625183
2018035200.000,Miguel,recording,shake_phone,17,8.642928,6.688557,7.596282,-0.101853,0.346572,0.461113
2018035210.000,Miguel,recording,shake_phone,17,8.777028,6.823507,7.526468,-0.009607,0.371370,0.199773
2018035220.000,Miguel,recording,shake_phone,17,8.467269,7.182985,7.796481,0.097094,0.140017,-0.135690
2018035230.000,Miguel,recording,shake_phone,17,7.515988,7.496627,7.955768,0.241632,-0.188175,-0.487271
2018035240.000,Miguel,recording,shake_phone,17,6.088681,7.649367,7.441054,0.397738,-0.444149,-0.778527
2018035250.000,Miguel,recording,shake_phone,17,4.460219,7.737318,6.440575,0.502044,-0.557136,-0.949659
2018035260.000,Miguel,recording,shake_phone,17,2.578290,7.831542,5.506759,0.534389,-0.543686,-0.982180
2018035270.000,Miguel,recording,shake_phone,17,0.478984,7.962088,4.810265,0.529718,-0.473981,-0.889111
2018035280.000,Miguel,recording,shake_phone,17,-1.394742,8.218728,4.220903,0.521033,-0.425496,-0.690901
2018035290.000,Miguel,recording,shake_phone,17,-2.567387,8.536039,3.415844,0.495936,-0.441855,-0.420618
2018035300.000,Miguel,recording,shake_phone,17,-2.940399,8.778407,2.423252,0.407746,-0.520347,-0.125057
2018035310.000,Miguel,recording,shake_phone,17,-2.315358,8.713500,1.583725,0.228195,-0.616325,0.152820
2018035320.000,Miguel,recording,shake_phone,17,-0.730160,8.318292,1.267148,-0.020852,-0.669966,0.382853
2018035330.000,Miguel,recording,shake_phone,17,1.342872,7.908922,1.587844,-0.289573,-0.635047,0.540114
2018035340.000,Miguel,recording,shake_phone,17,3.564298,7.583348,2.379943,-0.535064,-0.499615,0.604967
2018035350.000,Miguel,recording,shake_phone,17,5.492994,7.223397,3.531650,-0.722062,-0.305238,0.576459
2018035360.000,Miguel,recording,shake_phone,17,6.776946,6.831264,4.864347,-0.820428,-0.113144,0.471487
2018035370.000,Miguel,recording,shake_phone,17,7.342170,6.551478,6.204410,-0.817975,0.031964,0.316975
2018035380.000,Miguel,recording,shake_phone,17,7.287002,6.471173,7.214468,-0.733370,0.119433,0.147151
2018035390.000,Miguel,recording,shake_phone,17,6.798974,6.454424,7.697712,-0.604874,0.172888,-0.006810
2018035400.000,Miguel,recording,shake_phone,17,6.061082,6.491731,7.854243,-0.463058,0.216510,-0.125830
2018035410.000,Miguel,recording,shake_phone,17,5.288820,6.623749,7.776058,-0.326927,0.262936,-0.202750
2018035420.000,Miguel,recording,shake_phone,17,4.683777,6.759458,7.514113,-0.210249,0.324447,-0.241280
2018035430.000,Miguel,recording,shake_phone,17,4.157333,6.838329,7.232855,-0.114074,0.401112,-0.247972
2018035440.000,Miguel,recording,shake_phone,17,3.557705,6.878102,7.015678,-0.027262,0.459512,-0.224665
2018035450.000,Miguel,recording,shake_phone,17,3.045427,6.969372,6.779230,0.053252,0.458820,-0.179861
2018035460.000,Miguel,recording,shake_phone,17,2.756239,7.114255,6.419568,0.118233,0.395373,-0.130239
2018035470.000,Miguel,recording,shake_phone,17,2.627535,7.252263,6.053143,0.162779,0.298348,-0.086544
2018035480.000,Miguel,recording,shake_phone,17,2.599652,7.369840,5.787206,0.191232,0.197807,-0.051210
2018035490.000,Miguel,recording,shake_phone,17,2.700632,7.422184,5.590269,0.207771,0.111400,-0.026070
2018035500.000,Miguel,recording,shake_phone,17,2.857815,7.386765,5.366905,0.211803,0.049394,-0.013887
2018035510.000,Miguel,recording,shake_phone,17,2.946364,7.362354,5.212458,0.202852,0.012177,-0.011965
2018035520.000,Miguel,recording,shake_phone,17,2.950806,7.379955,5.139630,0.183732,-0.007243,-0.013074
2018035530.000,Miguel,recording,shake_phone,17,2.924101,7.396868,5.097304,0.159153,-0.010822,-0.012055
2018035540.000,Miguel,recording,shake_phone,17,2.844748,7.395736,5.138632,0.133681,-0.000443,-0.003889
2018035550.000,Miguel,recording,shake_phone,17,2.762351,7.396162,5.221505,0.110020,0.018450,0.016138
2018035560.000,Miguel,recording,shake_phone,17,2.778262,7.339027,5.299491,0.088085,0.041011,0.047656
2018035570.000,Miguel,recording,shake_phone,17,2.911414,7.281624,5.299060,0.066725,0.063497,0.081494
2018035580.000,Miguel,recording,shake_phone,17,3.083102,7.268640,5.305365,0.046713,0.084597,0.105618
2018035590.000,Miguel,recording,shake_phone,17,3.181989,7.247649,5.382151,0.032385,0.102765,0.117478
2018035600.000,Miguel,recording,shake_phone,17,3.259820,7.198016,5.427801,0.024930,0.110126,0.120682
2018035610.000,Miguel,recording,shake_phone,17,3.419071,7.165925,5.482801,0.019574,0.095762,0.114982
2018035620.000,Miguel,recording,shake_phone,17,3.629925,7.171552,5.627383,0.019157,0.062969,0.096661
2018035630.000,Miguel,recording,shake_phone,17,3.735096,7.182064,5.821019,0.033065,0.027385,0.066630
2018035640.000,Miguel,recording,shake_phone,17,3.706487,7.179185,5.934145,0.063592,-0.001075,0.034499
2018035650.000,Miguel,recording,shake_phone,17,3.636281,7.190548,5.953182,0.103595,-0.019627,0.010915
2018035660.000,Miguel,recording,shake_phone,17,3.544726,7.182321,5.911980,0.145002,-0.026809,-0.001187
2018035670.000,Miguel,recording,shake_phone,17,3.405552,7.185222,5.815552,0.183308,-0.022863,-0.003099
2018035680.000,Miguel,recording,shake_phone,17,3.272126,7.236864,5.702914,0.213879,-0.013371,0.005907
2018035690.000,Miguel,recording,shake_phone,17,3.185346,7.361412,5.602523,0.230903,-0.004507,0.025158
2018035700.000,Miguel,recording,shake_phone,17,3.178038,7.475370,5.489038,0.231747,0.002060,0.050600
2018035710.000,Miguel,recording,shake_phone,17,3.204052,7.515460,5.438928,0.222866,0.013124,0.077400
2018035720.000,Miguel,recording,shake_phone,17,3.268697,7.535886,5.408225,0.212225,0.038244,0.099107
2018035730.000,Miguel,recording,shake_phone,17,3.359931,7.594311,5.361229,0.201269,0.070697,0.111598
2018035740.000,Miguel,recording,shake_phone,17,3.448962,7.620718,5.374809,0.191487,0.095252,0.115449
2018035750.000,Miguel,recording,shake_phone,17,3.499342,7.572689,5.393440,0.186136,0.109576,0.111793
2018035760.000,Miguel,recording,shake_phone,17,3.517294,7.523851,5.401794,0.187444,0.116785,0.101185
2018035770.000,Miguel,recording,shake_phone,17,3.487784,7.516454,5.417358,0.196391,0.115164,0.084123
2018035780.000,Miguel,recording,shake_phone,17,3.385073,7.517110,5.416560,0.212942,0.102648,0.063844
2018035790.000,Miguel,recording,shake_phone,17,3.270545,7.550821,5.350576,0.233361,0.079740,0.046720
2018035800.000,Miguel,recording,shake_phone,17,3.261892,7.637754,5.184799,0.246091,0.048918,0.035498
2018035810.000,Miguel,recording,shake_phone,17,3.350110,7.689772,4.958340,0.239079,0.018090,0.024846
2018035820.000,Miguel,recording,shake_phone,17,3.420237,7.690771,4.786300,0.212157,-0.002281,0.008788
2018035830.000,Miguel,recording,shake_phone,17,3.386528,7.708032,4.742777,0.175320,-0.008653,-0.009844
2018035840.000,Miguel,recording,shake_phone,17,3.253578,7.723714,4.760375,0.137919,-0.004282,-0.023016
2018035850.000,Miguel,recording,shake_phone,17,3.077838,7.719244,4.747671,0.103080,0.004592,-0.022944
2018035860.000,Miguel,recording,shake_phone,17,2.974310,7.701865,4.687782,0.066443,0.016427,-0.006296
2018035870.000,Miguel,recording,shake_phone,17,3.048814,7.657611,4.658511,0.025698,0.036300,0.019961
2018035880.000,Miguel,recording,shake_phone,17,3.163608,7.608926,4.701538,-0.013881,0.067680,0.045237
2018035890.000,Miguel,recording,shake_phone,17,3.202318,7.604129,4.787884,-0.047215,0.103835,0.064191
2018035900.000,Miguel,recording,shake_phone,17,3.207909,7.638423,4.861533,-0.072642,0.131943,0.073904
2018035910.000,Miguel,recording,shake_phone,17,3.205260,7.658780,4.916270,-0.089618,0.146119,0.073901
2018035920.000,Miguel,recording,shake_phone,17,3.215340,7.601271,4.978662,-0.098810,0.142543,0.067104
2018035930.000,Miguel,recording,shake_phone,17,3.250941,7.515752,5.102954,-0.100007,0.117706,0.057246
2018035940.000,Miguel,recording,shake_phone,17,3.265964,7.454336,5.246169,-0.090261,0.078168,0.046920
2018035950.000,Miguel,recording,shake_phone,17,3.251758,7.414446,5.333115,-0.070422,0.035422,0.036878
2018035960.000,Miguel,recording,shake_phone,17,3.254859,7.395014,5.342452,-0.046498,-0.000659,0.028938
2018035970.000,Miguel,recording,shake_phone,17,3.301539,7.363004,5.305281,-0.024776,-0.023164,0.024637
2018035980.000,Miguel,recording,shake_phone,17,3.313985,7.349716,5.294135,-0.007339,-0.031006,0.024151
2018035990.000,Miguel,recording,shake_phone,17,3.249098,7.381405,5.277326,0.006525,-0.028679,0.028585
2018036000.000,Miguel,recording,shake_phone,17,3.192770,7.429622,5.190656,0.012902,-0.021777,0.040111
2018036010.000,Miguel,recording,shake_phone,17,3.247540,7.476249,5.083904,0.006570,-0.013840,0.057102
2018036020.000,Miguel,recording,shake_phone,17,3.372371,7.507483,5.029094,-0.012384,-0.004216,0.070228
2018036030.000,Miguel,recording,shake_phone,17,3.465916,7.499242,5.027044,-0.038331,0.009442,0.071569
2018036040.000,Miguel,recording,shake_phone,17,3.461957,7.452311,5.075279,-0.063546,0.023239,0.064903
2018036050.000,Miguel,recording,shake_phone,17,3.368116,7.411840,5.181967,-0.080501,0.030102,0.059518
2018036060.000,Miguel,recording,shake_phone,17,3.266049,7.432796,5.241309,-0.086690,0.027526,0.060499
2018036070.000,Miguel,recording,shake_phone,17,3.245946,7.463769,5.228598,-0.088973,0.017714,0.066850
2018036080.000,Miguel,recording,shake_phone,17,3.273641,7.453801,5.221321,-0.092669,0.005638,0.072546
2018036090.000,Miguel,recording,shake_phone,17,3.328737,7.466910,5.242781,-0.096854,-0.004747,0.072680
2018036100.000,Miguel,recording,shake_phone,17,3.364414,7.491442,5.269545,-0.099979,-0.011536,0.068471
2018036110.000,Miguel,recording,shake_phone,17,3.354117,7.493760,5.259295,-0.103193,-0.012627,0.064836
2018036120.000,Miguel,recording,shake_phone,17,3.349746,7.490006,5.203342,-0.110267,-0.007220,0.064230
2018036130.000,Miguel,recording,shake_phone,17,3.413861,7.502567,5.206478,-0.121191,0.004004,0.064059
2018036140.000,Miguel,recording,shake_phone,17,3.521669,7.483081,5.343389,-0.129927,0.019104,0.060906
2018036150.000,Miguel,recording,shake_phone,17,3.556811,7.436115,5.490150,-0.129640,0.034445,0.054567
2018036160.000,Miguel,recording,shake_phone,17,3.480151,7.417186,5.575520,-0.118580,0.044215,0.047289
2018036170.000,Miguel,recording,shake_phone,17,3.369459,7.434830,5.612251,-0.100314,0.043998,0.041654
2018036180.000,Miguel,recording,shake_phone,17,3.300868,7.481264,5.597277,-0.082040,0.034911,0.040589
2018036190.000,Miguel,recording,shake_phone,17,3.363491,7.486925,5.503776,-0.071741,0.023214,0.042633
2018036200.000,Miguel,recording,shake_phone,18,3.480897,7.441096,5.452852,-0.070507,0.016021,0.042116
2018036210.000,Miguel,recording,shake_phone,18,3.521069,7.435113,5.485378,-0.071733,0.016169,0.037923
2018036220.000,Miguel,recording,shake_phone,18,3.486950,7.425538,5.535072,-0.071366,0.017474,0.032904
2018036230.000,Miguel,recording,shake_phone,18,3.501360,7.406099,5.521182,-0.070432,0.010458,0.027263
2018036240.000,Miguel,recording,shake_phone,18,3.645621,7.400795,5.576411,-0.069219,-0.001565,0.017936
2018036250.000,Miguel,recording,shake_phone,18,3.767069,7.366727,5.705549,-0.063058,-0.008294,0.003055
2018036260.000,Miguel,recording,shake_phone,18,3.763907,7.326877,5.828326,-0.046560,-0.005898,-0.015417
2018036270.000,Miguel,recording,shake_phone,18,3.661896,7.298483,5.857100,-0.022613,0.002129,-0.031255
2018036280.000,Miguel,recording,shake_phone,18,3.492562,7.301159,5.836896,0.002352,0.007970,-0.039699
2018036290.000,Miguel,recording,shake_phone,18,3.331004,7.302784,5.796072,0.026868,0.004744,-0.040294
2018036300.000,Miguel,recording,shake_phone,18,3.308001,7.306811,5.701405,0.047330,-0.007287,-0.034296
2018036310.000,Miguel,recording,shake_phone,18,3.412987,7.323560,5.622650,0.059473,-0.018997,-0.028083
2018036320.000,Miguel,recording,shake_phone,18,3.497247,7.344783,5.569146,0.065322,-0.020036,-0.027688
2018036330.000,Miguel,recording,shake_phone,18,3.497226,7.367728,5.506941,0.067657,-0.009801,-0.030555
2018036340.000,Miguel,recording,shake_phone,18,3.439653,7.380402,5.429784,0.066075,0.003738,-0.031684
2018036350.000,Miguel,recording,shake_phone,18,3.410382,7.391369,5.341174,0.057967,0.014686,-0.030523
2018036360.000,Miguel,recording,shake_phone,18,3.437928,7.392374,5.312727,0.044841,0.023096,-0.030848
2018036370.000,Miguel,recording,shake_phone,18,3.439375,7.351771,5.333519,0.033163,0.032556,-0.034376
2018036380.000,Miguel,recording,shake_phone,18,3.351836,7.350468,5.426618,0.030241,0.041874,-0.038526
2018036390.000,Miguel,recording,shake_phone,18,3.255035,7.360054,5.514839,0.040076,0.040307,-0.040089
2018036400.000,Miguel,recording,shake_phone,18,3.264304,7.367100,5.519830,0.058404,0.018652,-0.040141
2018036410.000,Miguel,recording,shake_phone,18,3.338886,7.356201,5.510765,0.080117,-0.018628,-0.043645
2018036420.000,Miguel,recording,shake_phone,18,3.415294,7.347660,5.574831,0.107506,-0.056751,-0.052420
2018036430.000,Miguel,recording,shake_phone,18,3.421009,7.390427,5.564082,0.137898,-0.088246,-0.064521
2018036440.000,Miguel,recording,shake_phone,18,3.396224,7.375396,5.428483,0.158950,-0.112296,-0.077014
2018036450.000,Miguel,recording,shake_phone,18,3.373513,7.354944,5.254621,0.162647,-0.125184,-0.085117
2018036460.000,Miguel,recording,shake_phone,18,3.322714,7.423278,5.112108,0.150404,-0.123212,-0.083896
2018036470.000,Miguel,recording,shake_phone,18,3.250084,7.480132,5.010973,0.125716,-0.101945,-0.072655
2018036480.000,Miguel,recording,shake_phone,18,3.175158,7.499597,4.952394,0.091561,-0.064568,-0.052526
2018036490.000,Miguel,recording,shake_phone,18,3.114697,7.532425,4.928331,0.052128,-0.021943,-0.025551
2018036500.000,Miguel,recording,shake_phone,18,3.125701,7.551464,4.929425,0.012577,0.019225,0.003326
2018036510.000,Miguel,recording,shake_phone,18,3.190835,7.561068,4.982048,-0.022635,0.053040,0.027722
2018036520.000,Miguel,recording,shake_phone,18,3.293670,7.566548,5.054362,-0.050375,0.072662,0.042847
2018036530.000,Miguel,recording,shake_phone,18,3.438808,7.539542,5.129510,-0.068991,0.079059,0.045833
2018036540.000,Miguel,recording,shake_phone,18,3.531912,7.507305,5.218552,-0.078812,0.080294,0.038086
2018036550.000,Miguel,recording,shake_phone,18,3.511035,7.456198,5.304610,-0.081059,0.082260,0.023960
2018036560.000,Miguel,recording,shake_phone,18,3.436280,7.413972,5.386801,-0.076091,0.080154,0.008281
2018036570.000,Miguel,recording,shake_phone,18,3.346794,7.398020,5.461438,-0.064040,0.066533,-0.004712
2018036580.000,Miguel,recording,shake_phone,18,3.284248,7.406787,5.485803,-0.047133,0.042242,-0.014467
2018036590.000,Miguel,recording,shake_phone,18,3.239478,7.405333,5.484148,-0.028973,0.012803,-0.020839
2018036600.000,Miguel,recording,shake_phone,18,3.231163,7.411862,5.446055,-0.013030,-0.014314,-0.022868
2018036610.000,Miguel,recording,shake_phone,18,3.263742,7.413942,5.410012,-0.002102,-0.031605,-0.020578
2018036620.000,Miguel,recording,shake_phone,18,3.330823,7.400430,5.359609,0.002567,-0.033244,-0.014592
2018036630.000,Miguel,recording,shake_phone,18,3.357591,7.395544,5.293734,0.000405,-0.017920,-0.004935
2018036640.000,Miguel,recording,shake_phone,18,3.347331,7.400678,5.265905,-0.007565,0.007758,0.005523
2018036650.000,Miguel,recording,shake_phone,18,3.350990,7.432156,5.276983,-0.018952,0.031836,0.011912
2018036660.000,Miguel,recording,shake_phone,18,3.350754,7.430930,5.266985,-0.031394,0.046078,0.013644
2018036670.000,Miguel,recording,shake_phone,18,3.327220,7.400766,5.288947,-0.041891,0.050051,0.013203
2018036680.000,Miguel,recording,shake_phone,18,3.318467,7.409750,5.378364,-0.047258,0.043558,0.011958
2018036690.000,Miguel,recording,shake_phone,18,3.313222,7.420776,5.477707,-0.044106,0.029485,0.010432
2018036700.000,Miguel,recording,shake_phone,18,3.286225,7.403637,5.529740,-0.032637,0.015952,0.009887
2018036710.000,Miguel,recording,shake_phone,18,3.278558,7.404976,5.508003,-0.017315,0.005866,0.010688
2018036720.000,Miguel,recording,shake_phone,18,3.312679,7.408160,5.474500,-0.003157,-0.001419,0.010340
2018036730.000,Miguel,recording,shake_phone,18,3.358966,7.417416,5.464257,0.007362,-0.005512,0.006756
2018036740.000,Miguel,recording,shake_phone,18,3.360967,7.437756,5.459422,0.015197,-0.006914,0.001845
2018036750.000,Miguel,recording,shake_phone,18,3.346117,7.434042,5.437751,0.020596,-0.008036,-0.001093
2018036760.000,Miguel,recording,shake_phone,18,3.365888,7.413084,5.403953,0.022586,-0.008015,-0.001785
2018036770.000,Miguel,recording,shake_phone,18,3.423362,7.420117,5.395194,0.021931,-0.005039,-0.003055
2018036780.000,Miguel,recording,shake_phone,18,3.463431,7.445283,5.421656,0.021953,-0.000685,-0.008033
2018036790.000,Miguel,recording,shake_phone,18,3.422134,7.447244,5.416100,0.024809,0.002567,-0.015858
2018036800.000,Miguel,recording,shake_phone,18,3.359190,7.457492,5.371115,0.027263,0.000382,-0.021565
2018036810.000,Miguel,recording,shake_phone,18,3.335018,7.486997,5.311383,0.025692,-0.007638,-0.022772
2018036820.000,Miguel,recording,shake_phone,18,3.347243,7.500431,5.281544,0.019836,-0.015237,-0.023034
2018036830.000,Miguel,recording,shake_phone,18,3.356592,7.494723,5.297802,0.011927,-0.016063,-0.026146
2018036840.000,Miguel,recording,shake_phone,18,3.318681,7.470092,5.317109,0.004223,-0.010642,-0.029415
2018036850.000,Miguel,recording,shake_phone,18,3.239224,7.433710,5.319262,-0.002531,-0.004023,-0.027533
2018036860.000,Miguel,recording,shake_phone,18,3.208939,7.411205,5.346251,-0.007530,0.001269,-0.019112
2018036870.000,Miguel,recording,shake_phone,18,3.259188,7.400461,5.384080,-0.010351,0.006217,-0.008271
2018036880.000,Miguel,recording,shake_phone,18,3.321193,7.397778,5.402900,-0.010906,0.012748,-0.000610
2018036890.000,Miguel,recording,shake_phone,18,3.373678,7.408653,5.400375,-0.010146,0.020131,0.002108
2018036900.000,Miguel,recording,shake_phone,18,3.384278,7.431227,5.373888,-0.010311,0.024265,0.000939
2018036910.000,Miguel,recording,shake_phone,18,3.329420,7.457319,5.365835,-0.010811,0.022187,-0.003006
2018036920.000,Miguel,recording,shake_phone,18,3.280849,7.454760,5.399849,-0.009480,0.015036,-0.006901
2018036930.000,Miguel,recording,shake_phone,18,3.271823,7.423553,5.413385,-0.007007,0.006644,-0.007726
2018036940.000,Miguel,recording,shake_phone,18,3.295009,7.406583,5.412063,-0.005764,0.000316,-0.005420
2018036950.000,Miguel,recording,shake_phone,18,3.326800,7.426048,5.424734,-0.005132,-0.001532,-0.002595
2018036960.000,Miguel,recording,shake_phone,18,3.374799,7.444972,5.454233,-0.001557,0.000942,-0.002085
2018036970.000,Miguel,recording,shake_phone,18,3.362437,7.427535,5.462364,0.005806,0.003113,-0.003724
2018036980.000,Miguel,recording,shake_phone,18,3.325782,7.403935,5.421742,0.013448,0.001004,-0.004821
2018036990.000,Miguel,recording,shake_phone,18,3.353009,7.415614,5.374816,0.017389,-0.003903,-0.005516
2018037000.000,Miguel,recording,shake_phone,18,3.412672,7.433638,5.368394,0.018164,-0.005181,-0.009311
2018037010.000,Miguel,recording,shake_phone,18,3.403419,7.435255,5.361392,0.017131,0.000536,-0.015467
2018037020.000,Miguel,recording,shake_phone,18,3.333910,7.431402,5.325823,0.013710,0.009633,-0.018671
2018037030.000,Miguel,recording,shake_phone,18,3.279633,7.431049,5.308476,0.008533,0.015733,-0.016178
2018037040.000,Miguel,recording,shake_phone,18,3.265014,7.469849,5.298396,0.002527,0.017863,-0.010397
2018037050.000,Miguel,recording,shake_phone,18,3.301803,7.507153,5.302521,-0.004255,0.020438,-0.005443
2018037060.000,Miguel,recording,shake_phone,18,3.329684,7.516215,5.300020,-0.010675,0.024952,-0.003390
2018037070.000,Miguel,recording,shake_phone,18,3.323893,7.501234,5.311975,-0.014594,0.029671,-0.003503
2018037080.000,Miguel,recording,shake_phone,18,3.300179,7.466152,5.324941,-0.016869,0.032050,-0.004021
2018037090.000,Miguel,recording,shake_phone,18,3.263507,7.455402,5.318218,-0.019411,0.029464,-0.003321
2018037100.000,Miguel,recording,shake_phone,18,3.268152,7.465989,5.354029,-0.021108,0.023529,-0.001857
2018037110.000,Miguel,recording,shake_phone,18,3.319541,7.440096,5.437596,-0.017405,0.020610,-0.003045
2018037120.000,Miguel,recording,shake_phone,18,3.356528,7.409933,5.493389,-0.007139,0.020711,-0.008619
2018037130.000,Miguel,recording,shake_phone,18,3.330798,7.428100,5.461363,0.004643,0.016522,-0.015863
2018037140.000,Miguel,recording,shake_phone,18,3.281339,7.450044,5.414029,0.012942,0.005066,-0.022362
2018037150.000,Miguel,recording,shake_phone,18,3.265494,7.461917,5.383023,0.015956,-0.008890,-0.027802
2018037160.000,Miguel,recording,shake_phone,18,3.264568,7.470446,5.363301,0.014060,-0.019374,-0.031157
2018037170.000,Miguel,recording,shake_phone,18,3.247298,7.453533,5.368292,0.010021,-0.022057,-0.030465
2018037180.000,Miguel,recording,shake_phone,18,3.210801,7.443952,5.370197,0.006123,-0.014923,-0.024567
2018037190.000,Miguel,recording,shake_phone,18,3.219588,7.429366,5.344929,0.000397,-0.000539,-0.014472
2018037200.000,Miguel,recording,shake_phone,18,3.267791,7.423905,5.331684,-0.007647,0.016152,-0.004156
2018037210.000,Miguel,recording,shake_phone,18,3.265420,7.435109,5.343441,-0.014348,0.030992,0.001851
2018037220.000,Miguel,recording,shake_phone,18,3.234913,7.433272,5.363986,-0.017984,0.039855,0.003121
2018037230.000,Miguel,recording,shake_phone,18,3.218432,7.429723,5.389267,-0.018109,0.038825,0.001930
2018037240.000,Miguel,recording,shake_phone,18,3.212316,7.425443,5.432384,-0.012280,0.027945,-0.000440
2018037250.000,Miguel,recording,shake_phone,18,3.223993,7.419443,5.436052,-0.001783,0.010428,-0.004356
2018037260.000,Miguel,recording,shake_phone,18,3.273227,7.418109,5.409570,0.008123,-0.008686,-0.011889
2018037270.000,Miguel,recording,shake_phone,18,3.283170,7.417266,5.387909,0.015980,-0.022801,-0.021892
2018037280.000,Miguel,recording,shake_phone,18,3.252165,7.405796,5.375247,0.022404,-0.030283,-0.029181
2018037290.000,Miguel,recording,shake_phone,18,3.215231,7.418758,5.335879,0.023428,-0.033084,-0.029924
2018037300.000,Miguel,recording,shake_phone,18,3.178638,7.440829,5.299227,0.017294,-0.029641,-0.024507
2018037310.000,Miguel,recording,shake_phone,18,3.176660,7.444685,5.309065,0.008801,-0.018407,-0.016107
2018037320.000,Miguel,recording,shake_phone,18,3.182338,7.437907,5.318867,0.001057,-0.002200,-0.007168
2018037330.000,Miguel,recording,shake_phone,18,3.179040,7.427102,5.325081,-0.005950,0.013292,0.000959
2018037340.000,Miguel,recording,shake_phone,18,3.149283,7.414931,5.347226,-0.011333,0.021275,0.008960
2018037350.000,Miguel,recording,shake_phone,18,3.181771,7.413088,5.369711,-0.013397,0.018681,0.016951
2018037360.000,Miguel,recording,shake_phone,18,3.256453,7.414651,5.367821,-0.011986,0.011445,0.020859
2018037370.000,Miguel,recording,shake_phone,18,3.299630,7.441653,5.366130,-0.008216,0.006727,0.018382
2018037380.000,Miguel,recording,shake_phone,18,3.291285,7.457901,5.359241,-0.003964,0.004565,0.013392
2018037390.000,Miguel,recording,shake_phone,18,3.264726,7.469702,5.328502,-0.002825,0.003056,0.009275
2018037400.000,Miguel,recording,shake_phone,18,3.238650,7.480776,5.305283,-0.005763,0.001692,0.005460
2018037410.000,Miguel,recording,shake_phone,18,3.196738,7.489079,5.304074,-0.010992,0.000432,0.002337
2018037420.000,Miguel,recording,shake_phone,18,3.165774,7.473988,5.321186,-0.017532,-0.000741,0.002979
2018037430.000,Miguel,recording,shake_phone,18,3.156261,7.454375,5.359124,-0.023535,-0.001776,0.008643
2018037440.000,Miguel,recording,shake_phone,18,3.207399,7.445409,5.410091,-0.025896,0.000098,0.016112
2018037450.000,Miguel,recording,shake_phone,18,3.290742,7.428854,5.436019,-0.023543,0.006027,0.020912
2018037460.000,Miguel,recording,shake_phone,18,3.361624,7.409956,5.438207,-0.018235,0.010475,0.019028
2018037470.000,Miguel,recording,shake_phone,18,3.376629,7.403382,5.448159,-0.010628,0.005485,0.009734
2018037480.000,Miguel,recording,shake_phone,18,3.333557,7.419026,5.443839,-0.001391,-0.008613,-0.003787
2018037490.000,Miguel,recording,shake_phone,18,3.255125,7.438002,5.411379,0.006894,-0.024128,-0.016653
2018037500.000,Miguel,recording,shake_phone,18,3.237654,7.428449,5.347175,0.011405,-0.034328,-0.026545
2018037510.000,Miguel,recording,shake_phone,18,3.261280,7.417505,5.267417,0.009953,-0.035474,-0.036342
2018037520.000,Miguel,recording,shake_phone,18,3.111091,7.422431,5.252925,0.003494,-0.030302,-0.045724
2018037530.000,Miguel,recording,shake_phone,18,2.858762,7.433921,5.212430,-0.010082,-0.030795,-0.051556
2018037540.000,Miguel,recording,shake_phone,18,2.580975,7.429998,5.179295,-0.028252,-0.049936,-0.052292
2018037550.000,Miguel,recording,shake_phone,18,2.249860,7.433346,5.310891,-0.030772,-0.090775,-0.043652
2018037560.000,Miguel,recording,shake_phone,18,1.981842,7.422784,5.340688,-0.009907,-0.151649,-0.023877
2018037570.000,Miguel,recording,shake_phone,18,1.893655,7.342568,5.104456,0.012102,-0.231885,0.003978
2018037580.000,Miguel,recording,shake_phone,18,1.858018,7.361248,4.846981,0.015193,-0.322020,0.039351
2018037590.000,Miguel,recording,shake_phone,18,1.902160,7.399870,4.782153,0.002179,-0.402769,0.087249
2018037600.000,Miguel,recording,shake_phone,18,1.914451,7.234271,4.799275,-0.016168,-0.462217,0.159794
2018037610.000,Miguel,recording,shake_phone,18,2.059913,7.080185,4.806200,-0.037580,-0.513386,0.263489
2018037620.000,Miguel,recording,shake_phone,18,2.586547,7.134987,4.746992,-0.070526,-0.558742,0.378797
2018037630.000,Miguel,recording,shake_phone,18,3.554490,7.253674,4.762573,-0.125879,-0.573413,0.468639
2018037640.000,Miguel,recording,shake_phone,18,5.003045,7.292486,5.012649,-0.201872,-0.536046,0.502186
2018037650.000,Miguel,recording,shake_phone,18,6.648349,7.249642,5.528043,-0.281459,-0.428108,0.464600
2018037660.000,Miguel,recording,shake_phone,18,7.910865,7.087926,6.096890,-0.344612,-0.243790,0.359397
2018037670.000,Miguel,recording,shake_phone,18,8.359155,6.965299,6.776563,-0.365153,-0.010370,0.209216
2018037680.000,Miguel,recording,shake_phone,18,7.912693,6.958505,7.507337,-0.315203,0.219733,0.048591
2018037690.000,Miguel,recording,shake_phone,18,6.907384,7.030576,7.873971,-0.196785,0.393941,-0.092674
2018037700.000,Miguel,recording,shake_phone,18,5.934371,7.144517,7.918347,-0.039808,0.482878,-0.209203
2018037710.000,Miguel,recording,shake_phone,18,5.147799,7.210990,7.786031,0.133732,0.486599,-0.316461
2018037720.000,Miguel,recording,shake_phone,18,4.370528,7.301442,7.412283,0.312943,0.422333,-0.421502
2018037730.000,Miguel,recording,shake_phone,18,3.491363,7.466296,6.898508,0.484020,0.308183,-0.517776
2018037740.000,Miguel,recording,shake_phone,18,2.522729,7.703059,6.371475,0.637471,0.151067,-0.596729
2018037750.000,Miguel,recording,shake_phone,18,1.613478,7.891324,5.711411,0.766761,-0.034303,-0.644138
2018037760.000,Miguel,recording,shake_phone,18,0.874146,7.906774,4.991973,0.858370,-0.216337,-0.645810
2018037770.000,Miguel,recording,shake_phone,18,0.289066,7.814246,4.237633,0.901469,-0.373485,-0.597060
2018037780.000,Miguel,recording,shake_phone,18,-0.181694,7.752158,3.546805,0.892772,-0.495586,-0.498481
2018037790.000,Miguel,recording,shake_phone,18,-0.446295,7.774378,2.901993,0.827045,-0.573700,-0.357237
2018037800.000,Miguel,recording,shake_phone,18,-0.418864,7.809172,2.242962,0.699719,-0.597832,-0.186603
2018037810.000,Miguel,recording,shake_phone,18,-0.118429,7.810842,1.712112,0.511625,-0.562805,0.000893
2018037820.000,Miguel,recording,shake_phone,18,0.447733,7.761426,1.396552,0.273175,-0.475507,0.190013
2018037830.000,Miguel,recording,shake_phone,18,1.262098,7.706241,1.396339,0.004530,-0.346258,0.361393
2018037840.000,Miguel,recording,shake_phone,18,2.263192,7.618270,1.889874,-0.266927,-0.187229,0.497173
2018037850.000,Miguel,recording,shake_phone,18,3.245052,7.437511,2.725070,-0.506931,-0.019524,0.588439
2018037860.000,Miguel,recording,shake_phone,18,4.043460,7.227105,3.663687,-0.685271,0.137714,0.638218
2018037870.000,Miguel,recording,shake_phone,18,4.619678,7.089127,4.578031,-0.785963,0.281061,0.652333
2018037880.000,Miguel,recording,shake_phone,18,4.991880,7.049465,5.354794,-0.811889,0.410557,0.635238
2018037890.000,Miguel,recording,shake_phone,18,5.209375,7.043719,5.880780,-0.783317,0.512193,0.593061
2018037900.000,Miguel,recording,shake_phone,18,5.353377,7.040476,6.226052,-0.724452,0.563526,0.532792
2018037910.000,Miguel,recording,shake_phone,18,5.416780,6.998056,6.512456,-0.649141,0.551934,0.458970
2018037920.000,Miguel,recording,shake_phone,18,5.440277,6.970305,6.824664,-0.555828,0.482622,0.374104
2018037930.000,Miguel,recording,shake_phone,18,5.406346,6.975092,7.106776,-0.437551,0.379220,0.281674
2018037940.000,Miguel,recording,shake_phone,18,5.300305,6.984968,7.277513,-0.296010,0.265808,0.187407
2018037950.000,Miguel,recording,shake_phone,18,5.122916,7.008407,7.257807,-0.142175,0.153373,0.097489
2018037960.000,Miguel,recording,shake_phone,18,4.864944,7.061481,7.056032,0.008790,0.049485,0.018861
2018037970.000,Miguel,recording,shake_phone,18,4.578318,7.144136,6.720836,0.140334,-0.036121,-0.042149
2018037980.000,Miguel,recording,shake_phone,18,4.346570,7.265124,6.274961,0.240025,-0.097410,-0.083970
2018037990.000,Miguel,recording,shake_phone,18,4.113096,7.381867,5.819659,0.301581,-0.134009,-0.107286
2018038000.000,Miguel,recording,shake_phone,18,3.925910,7.497150,5.430807,0.325141,-0.148169,-0.114750
2018038010.000,Miguel,recording,shake_phone,18,3.810117,7.586389,5.087570,0.317529,-0.142520,-0.110995
2018038020.000,Miguel,recording,shake_phone,18,3.740422,7.635803,4.830355,0.283469,-0.121700,-0.099595
2018038030.000,Miguel,recording,shake_phone,18,3.677747,7.688958,4.691635,0.227418,-0.090334,-0.084865
2018038040.000,Miguel,recording,shake_phone,18,3.607545,7.703382,4.639044,0.162200,-0.051240,-0.071060
2018038050.000,Miguel,recording,shake_phone,18,3.494430,7.681746,4.634847,0.100400,-0.005810,-0.057855
2018038060.000,Miguel,recording,shake_phone,18,3.362208,7.643266,4.675447,0.045024,0.041697,-0.042614
2018038070.000,Miguel,recording,shake_phone,18,3.253579,7.593982,4.725025,-0.004526,0.081414,-0.025122
2018038080.000,Miguel,recording,shake_phone,18,3.166330,7.523812,4.791212,-0.045498,0.107774,-0.005975
2018038090.000,Miguel,recording,shake_phone,18,3.136324,7.490982,4.876021,-0.076735,0.119636,0.013485
2018038100.000,Miguel,recording,shake_phone,18,3.159772,7.443217,4.972730,-0.099649,0.119482,0.030794
2018038110.000,Miguel,recording,shake_phone,18,3.252487,7.379249,5.075682,-0.113978,0.113307,0.045567
2018038120.000,Miguel,recording,shake_phone,18,3.389005,7.313021,5.148622,-0.120248,0.106181,0.056863
2018038130.000,Miguel,recording,shake_phone,18,3.493778,7.271544,5.205007,-0.122087,0.098146,0.063874
2018038140.000,Miguel,recording,shake_phone,18,3.542090,7.266135,5.250828,-0.122279,0.086892,0.068457
2018038150.000,Miguel,recording,shake_phone,18,3.682323,7.238105,5.321289,-0.119987,0.070749,0.068047
2018038160.000,Miguel,recording,shake_phone,18,3.818562,7.186708,5.448971,-0.111574,0.053973,0.058758
2018038170.000,Miguel,recording,shake_phone,18,3.841369,7.145519,5.547259,-0.093657,0.041464,0.043901
2018038180.000,Miguel,recording,shake_phone,18,3.772122,7.130819,5.605518,-0.066549,0.028068,0.029891
2018038190.000,Miguel,recording,shake_phone,18,3.673157,7.143326,5.624855,-0.034682,0.008094,0.022628
2018038200.000,Miguel,recording,shake_phone,18,3.686302,7.186381,5.553384,-0.005806,-0.016032,0.022591
2018038210.000,Miguel,recording,shake_phone,18,3.847902,7.240810,5.412811,0.011948,-0.035073,0.022360
2018038220.000,Miguel,recording,shake_phone,18,4.011062,7.313232,5.306244,0.015897,-0.042011,0.015385
2018038230.000,Miguel,recording,shake_phone,18,4.038029,7.384245,5.279496,0.010998,-0.036972,0.001547
2018038240.000,Miguel,recording,shake_phone,18,3.938585,7.410175,5.276487,0.003529,-0.025101,-0.013812
2018038250.000,Miguel,recording,shake_phone,18,3.782417,7.419091,5.268835,-0.004205,-0.012858,-0.022262
2018038260.000,Miguel,recording,shake_phone,18,3.704353,7.431147,5.257690,-0.014581,-0.002833,-0.020046
2018038270.000,Miguel,recording,shake_phone,18,3.758545,7.436146,5.288829,-0.026807,0.008071,-0.012961
2018038280.000,Miguel,recording,shake_phone,18,3.816901,7.432390,5.376316,-0.033615,0.023612,-0.009384
2018038290.000,Miguel,recording,shake_phone,18,3.787711,7.432262,5.450857,-0.030536,0.040930,-0.011596
2018038300.000,Miguel,recording,shake_phone,18,3.693385,7.423922,5.479408,-0.018311,0.049528,-0.017423
2018038310.000,Miguel,recording,shake_phone,18,3.569892,7.401294,5.471090,-0.001830,0.042400,-0.023584
2018038320.000,Miguel,recording,shake_phone,18,3.497056,7.407266,5.393545,0.011052,0.025770,-0.027829
2018038330.000,Miguel,recording,shake_phone,18,3.465010,7.413313,5.281959,0.015781,0.008953,-0.030498
2018038340.000,Miguel,recording,shake_phone,18,3.429618,7.404989,5.233175,0.013874,-0.005297,-0.032289
2018038350.000,Miguel,recording,shake_phone,18,3.378599,7.408836,5.224187,0.008916,-0.016772,-0.030959
2018038360.000,Miguel,recording,shake_phone,18,3.400737,7.396072,5.185532,0.001800,-0.022692,-0.024418
2018038370.000,Miguel,recording,shake_phone,18,3.551242,7.330231,5.135972,-0.010364,-0.019133,-0.018259
2018038380.000,Miguel,recording,shake_phone,18,3.655275,7.289405,5.166914,-0.027231,-0.006154,-0.017333
2018038390.000,Miguel,recording,shake_phone,18,3.604753,7.295822,5.235746,-0.042926,0.012409,-0.019277
2018038400.000,Miguel,recording,shake_phone,18,3.468706,7.279798,5.311135,-0.053810,0.028708,-0.019115
2018038410.000,Miguel,recording,shake_phone,18,3.360065,7.238356,5.348525,-0.060884,0.035323,-0.013403
2018038420.000,Miguel,recording,shake_phone,18,3.364835,7.207594,5.341724,-0.067199,0.033523,-0.003110
2018038430.000,Miguel,recording,shake_phone,18,3.462058,7.182942,5.352604,-0.074309,0.031551,0.006152
2018038440.000,Miguel,recording,shake_phone,18,3.544898,7.174554,5.388361,-0.083957,0.037068,0.009560
2018038450.000,Miguel,recording,shake_phone,18,3.547692,7.188326,5.368500,-0.099297,0.052383,0.010441
2018038460.000,Miguel,recording,shake_phone,18,3.554845,7.161606,5.367664,-0.115778,0.077657,0.017092
2018038470.000,Miguel,recording,shake_phone,18,3.593308,7.137161,5.458588,-0.123524,0.111657,0.032273
2018038480.000,Miguel,recording,shake_phone,18,3.601635,7.180921,5.537777,-0.121039,0.146108,0.048857
2018038490.000,Miguel,recording,shake_phone,18,3.563511,7.200530,5.560722,-0.113641,0.166680,0.058904
2018038500.000,Miguel,recording,shake_phone,18,3.534269,7.229111,5.652710,-0.101414,0.161873,0.060937
2018038510.000,Miguel,recording,shake_phone,18,3.555061,7.237042,5.750422,-0.080136,0.134507,0.056748
2018038520.000,Miguel,recording,shake_phone,18,3.627374,7.183426,5.724761,-0.054725,0.095358,0.048095
2018038530.000,Miguel,recording,shake_phone,18,3.730350,7.159823,5.696226,-0.032457,0.053972,0.034741
2018038540.000,Miguel,recording,shake_phone,18,3.780320,7.205488,5.735984,-0.011597,0.021850,0.017660
2018038550.000,Miguel,recording,shake_phone,18,3.813545,7.273769,5.721123,0.008909,0.004175,0.000979
2018038560.000,Miguel,recording,shake_phone,18,3.829198,7.306060,5.626072,0.023394,-0.003553,-0.012537
2018038570.000,Miguel,recording,shake_phone,18,3.801427,7.323152,5.547653,0.028383,-0.004166,-0.022578
2018038580.000,Miguel,recording,shake_phone,18,3.725631,7.342478,5.518735,0.026220,0.002085,-0.028872
2018038590.000,Miguel,recording,shake_phone,18,3.655052,7.362719,5.504752,0.019972,0.012402,-0.031590
2018038600.000,Miguel,recording,shake_phone,18,3.624843,7.352729,5.475265,0.012779,0.023706,-0.031712
2018038610.000,Miguel,recording,shake_phone,18,3.613580,7.323294,5.448728,0.006974,0.034612,-0.030060
2018038620.000,Miguel,recording,shake_phone,18,3.572857,7.311842,5.462306,0.003432,0.044536,-0.027965
2018038630.000,Miguel,recording,shake_phone,18,3.519788,7.319272,5.511394,0.004962,0.050415,-0.027077
2018038640.000,Miguel,recording,shake_phone,18,3.470767,7.334639,5.603016,0.016102,0.045431,-0.028263
2018038650.000,Miguel,recording,shake_phone,18,3.419164,7.307012,5.590249,0.033451,0.024611,-0.030442
2018038660.000,Miguel,recording,shake_phone,18,3.457756,7.249733,5.458366,0.046640,-0.004556,-0.032121
2018038670.000,Miguel,recording,shake_phone,18,3.620636,7.250320,5.375047,0.050141,-0.030089,-0.036763
2018038680.000,Miguel,recording,shake_phone,18,3.750738,7.303806,5.331284,0.044146,-0.041871,-0.046420
2018038690.000,Miguel,recording,shake_phone,18,3.716799,7.301407,5.317787,0.031919,-0.035205,-0.055659
2018038700.000,Miguel,recording,shake_phone,18,3.590843,7.282456,5.330348,0.017752,-0.017908,-0.057429
2018038710.000,Miguel,recording,shake_phone,18,3.507636,7.264747,5.352891,0.004257,0.000204,-0.048718
2018038720.000,Miguel,recording,shake_phone,18,3.492307,7.242903,5.393597,-0.006865,0.016806,-0.034482
2018038730.000,Miguel,recording,shake_phone,18,3.485813,7.264975,5.435766,-0.013196,0.033750,-0.021230
2018038740.000,Miguel,recording,shake_phone,18,3.472195,7.289609,5.445325,-0.015777,0.049125,-0.010038
2018038750.000,Miguel,recording,shake_phone,18,3.485933,7.298455,5.421401,-0.020440,0.061335,-0.001042
2018038760.000,Miguel,recording,shake_phone,18,3.527350,7.287404,5.397082,-0.029037,0.072145,0.003190
2018038770.000,Miguel,recording,shake_phone,18,3.551183,7.253095,5.417382,-0.037061,0.082226,0.003577
2018038780.000,Miguel,recording,shake_phone,18,3.579241,7.241409,5.459785,-0.041198,0.088406,0.002195
2018038790.000,Miguel,recording,shake_phone,18,3.569391,7.236956,5.498303,-0.042328,0.088948,-0.001717
2018038800.000,Miguel,recording,shake_phone,18,3.543001,7.232958,5.519300,-0.041357,0.085176,-0.008038
2018038810.000,Miguel,recording,shake_phone,18,3.530587,7.225488,5.555959,-0.038156,0.077681,-0.014746
2018038820.000,Miguel,recording,shake_phone,18,3.515756,7.220484,5.591941,-0.032120,0.067805,-0.020401
2018038830.000,Miguel,recording,shake_phone,18,3.482474,7.228792,5.625890,-0.022754,0.058582,-0.024155
2018038840.000,Miguel,recording,shake_phone,18,3.451784,7.233155,5.648401,-0.010087,0.053894,-0.024891
2018038850.000,Miguel,recording,shake_phone,18,3.423085,7.258081,5.622904,0.003687,0.053354,-0.024091
2018038860.000,Miguel,recording,shake_phone,18,3.395854,7.271280,5.538862,0.012224,0.052068,-0.023206
2018038870.000,Miguel,recording,shake_phone,18,3.354510,7.269010,5.475894,0.014007,0.049065,-0.020832
2018038880.000,Miguel,recording,shake_phone,18,3.354944,7.292157,5.437395,0.011417,0.047378,-0.015489
2018038890.000,Miguel,recording,shake_phone,18,3.438327,7.318113,5.372645,0.002662,0.049179,-0.009973
2018038900.000,Miguel,recording,shake_phone,18,3.566769,7.348664,5.363603,-0.011705,0.053625,-0.009505
2018038910.000,Miguel,recording,shake_phone,18,3.605367,7.356571,5.423003,-0.025834,0.060008,-0.013686
2018038920.000,Miguel,recording,shake_phone,18,3.585946,7.327077,5.476419,-0.035485,0.066540,-0.017632
2018038930.000,Miguel,recording,shake_phone,18,3.549485,7.293000,5.495159,-0.042294,0.070899,-0.019045
2018038940.000,Miguel,recording,shake_phone,18,3.543631,7.277611,5.520189,-0.047588,0.075283,-0.021409
2018038950.000,Miguel,recording,shake_phone,18,3.518892,7.268499,5.579946,-0.049024,0.080381,-0.026863
2018038960.000,Miguel,recording,shake_phone,18,3.452442,7.248807,5.634041,-0.044823,0.084266,-0.031523
2018038970.000,Miguel,recording,shake_phone,18,3.367764,7.213451,5.663125,-0.035693,0.085293,-0.031078
2018038980.000,Miguel,recording,shake_phone,18,3.331211,7.214320,5.675538,-0.024123,0.081756,-0.025341
2018038990.000,Miguel,recording,shake_phone,18,3.406731,7.257105,5.665400,-0.012757,0.073641,-0.019780
2018039000.000,Miguel,recording,shake_phone,18,3.483385,7.297742,5.609478,-0.004120,0.064749,-0.019018
2018039010.000,Miguel,recording,shake_phone,18,3.545837,7.322949,5.544768,-0.001717,0.059594,-0.022305
2018039020.000,Miguel,recording,shake_phone,18,3.601767,7.294731,5.502482,-0.006622,0.059080,-0.028143
2018039030.000,Miguel,recording,shake_phone,18,3.650646,7.256412,5.503084,-0.015044,0.064173,-0.036911
2018039040.000,Miguel,recording,shake_phone,18,3.619989,7.246316,5.571367,-0.021856,0.074489,-0.047467
2018039050.000,Miguel,recording,shake_phone,18,3.537240,7.263886,5.652111,-0.023715,0.082615,-0.055737
2018039060.000,Miguel,recording,shake_phone,18,3.401098,7.292067,5.715591,-0.019688,0.084816,-0.056990
2018039070.000,Miguel,recording,shake_phone,18,3.298664,7.303172,5.741455,-0.011462,0.088021,-0.049328
2018039080.000,Miguel,recording,shake_phone,18,3.301012,7.311389,5.702684,-0.004375,0.096192,-0.036314
2018039090.000,Miguel,recording,shake_phone,18,3.313030,7.355517,5.630846,-0.002560,0.107963,-0.023919
2018039100.000,Miguel,recording,shake_phone,18,3.276517,7.393181,5.586979,-0.005381,0.124242,-0.013898
2018039110.000,Miguel,recording,shake_phone,18,3.229085,7.371394,5.566169,-0.012223,0.142107,-0.003385
2018039120.000,Miguel,recording,shake_phone,18,3.251293,7.328043,5.540690,-0.022618,0.155006,0.008133
2018039130.000,Miguel,recording,shake_phone,18,3.357345,7.307803,5.545493,-0.033504,0.161795,0.015172
2018039140.000,Miguel,recording,shake_phone,18,3.473160,7.301321,5.606503,-0.039784,0.165026,0.012147
2018039150.000,Miguel,recording,shake_phone,18,3.523379,7.304297,5.669030,-0.039502,0.166860,0.000526
2018039160.000,Miguel,recording,shake_phone,18,3.480381,7.291243,5.727866,-0.033547,0.171510,-0.013418
2018039170.000,Miguel,recording,shake_phone,18,3.385486,7.311057,5.744187,-0.023008,0.181400,-0.025685
2018039180.000,Miguel,recording,shake_phone,18,3.263939,7.362453,5.695225,-0.013933,0.191709,-0.034360
2018039190.000,Miguel,recording,shake_phone,18,3.149136,7.331520,5.594652,-0.013165,0.194386,-0.035979
2018039200.000,Miguel,recording,shake_phone,18,3.083449,7.263464,5.533809,-0.020002,0.190279,-0.029417
2018039210.000,Miguel,recording,shake_phone,18,3.090411,7.237540,5.539833,-0.029139,0.184457,-0.021519
2018039220.000,Miguel,recording,shake_phone,18,3.120654,7.241373,5.581492,-0.036316,0.173991,-0.019649
2018039230.000,Miguel,recording,shake_phone,19,3.115787,7.203488,5.655650,-0.037052,0.159874,-0.021920
2018039240.000,Miguel,recording,shake_phone,19,3.129370,7.174398,5.713120,-0.030564,0.145401,-0.023754
2018039250.000,Miguel,recording,shake_phone,19,3.175283,7.177320,5.741310,-0.020705,0.131080,-0.025999
2018039260.000,Miguel,recording,shake_phone,19,3.228092,7.183322,5.724161,-0.012085,0.122786,-0.031936
2018039270.000,Miguel,recording,shake_phone,19,3.252205,7.215902,5.641850,-0.010292,0.122605,-0.041930
2018039280.000,Miguel,recording,shake_phone,19,3.170436,7.245191,5.570530,-0.017615,0.125607,-0.052496
2018039290.000,Miguel,recording,shake_phone,19,3.050813,7.235544,5.550759,-0.031246,0.127650,-0.060109
2018039300.000,Miguel,recording,shake_phone,19,2.953636,7.195413,5.575063,-0.047136,0.125745,-0.062609
2018039310.000,Miguel,recording,shake_phone,19,2.884216,7.172709,5.675588,-0.059781,0.117024,-0.059632
2018039320.000,Miguel,recording,shake_phone,19,2.903116,7.150465,5.826328,-0.061903,0.101681,-0.053541
2018039330.000,Miguel,recording,shake_phone,19,2.966087,7.117216,5.939211,-0.050993,0.084389,-0.048615
2018039340.000,Miguel,recording,shake_phone,19,3.008711,7.139304,5.958941,-0.034180,0.068601,-0.047758
2018039350.000,Miguel,recording,shake_phone,19,3.046096,7.173247,5.926513,-0.020999,0.056976,-0.049465
2018039360.000,Miguel,recording,shake_phone,19,3.053977,7.168194,5.879336,-0.014611,0.052414,-0.051058
2018039370.000,Miguel,recording,shake_phone,19,3.065040,7.172614,5.854437,-0.012963,0.053199,-0.051784
2018039380.000,Miguel,recording,shake_phone,19,3.058087,7.188575,5.884233,-0.012760,0.056717,-0.051173
2018039390.000,Miguel,recording,shake_phone,19,3.063830,7.187554,5.894167,-0.012479,0.061577,-0.049501
2018039400.000,Miguel,recording,shake_phone,19,3.106156,7.189816,5.894184,-0.011891,0.066276,-0.049143
2018039410.000,Miguel,recording,shake_phone,19,3.132219,7.202540,5.925338,-0.008603,0.070719,-0.051127
2018039420.000,Miguel,recording,shake_phone,19,3.109315,7.219517,5.968271,-0.000562,0.073861,-0.054463
2018039430.000,Miguel,recording,shake_phone,19,3.076507,7.245027,5.980208,0.010362,0.074157,-0.058463
2018039440.000,Miguel,recording,shake_phone,19,3.016994,7.249114,5.947870,0.021120,0.073290,-0.062462
2018039450.000,Miguel,recording,shake_phone,19,2.936264,7.269295,5.887163,0.027494,0.073290,-0.063645
2018039460.000,Miguel,recording,shake_phone,19,2.879306,7.279717,5.824217,0.025774,0.074113,-0.058782
2018039470.000,Miguel,recording,shake_phone,19,2.880660,7.261866,5.794026,0.018410,0.076517,-0.049273
2018039480.000,Miguel,recording,shake_phone,19,2.922901,7.251962,5.837448,0.011632,0.084060,-0.039653
2018039490.000,Miguel,recording,shake_phone,19,2.993300,7.258763,5.891797,0.009558,0.095675,-0.033372
2018039500.000,Miguel,recording,shake_phone,19,3.045303,7.268292,5.931191,0.012740,0.104503,-0.032369
2018039510.000,Miguel,recording,shake_phone,19,3.080051,7.290912,5.922263,0.020506,0.107137,-0.037846
2018039520.000,Miguel,recording,shake_phone,19,3.092871,7.308051,5.886788,0.029500,0.101721,-0.049747
2018039530.000,Miguel,recording,shake_phone,19,3.067373,7.303658,5.865868,0.035925,0.088868,-0.065160
2018039540.000,Miguel,recording,shake_phone,19,3.010508,7.316369,5.850083,0.040238,0.073061,-0.080272
2018039550.000,Miguel,recording,shake_phone,19,2.961713,7.309991,5.832355,0.043165,0.058622,-0.092853
2018039560.000,Miguel,recording,shake_phone,19,2.938475,7.282538,5.802616,0.043529,0.050553,-0.101590
2018039570.000,Miguel,recording,shake_phone,19,2.893512,7.252962,5.789298,0.041590,0.052179,-0.105214
2018039580.000,Miguel,recording,shake_phone,19,2.843915,7.250892,5.792413,0.039615,0.062154,-0.104083
2018039590.000,Miguel,recording,shake_phone,19,2.796770,7.275211,5.805756,0.038697,0.074646,-0.098886
2018039600.000,Miguel,recording,shake_phone,19,2.728817,7.325491,5.794306,0.037055,0.083390,-0.090220
2018039610.000,Miguel,recording,shake_phone,19,2.694405,7.341036,5.745948,0.032472,0.086793,-0.080104
2018039620.000,Miguel,recording,shake_phone,19,2.719896,7.335997,5.733703,0.025159,0.088655,-0.070709
2018039630.000,Miguel,recording,shake_phone,19,2.740457,7.333205,5.743406,0.017250,0.093209,-0.063733
2018039640.000,Miguel,recording,shake_phone,19,2.756531,7.299371,5.745779,0.009658,0.099946,-0.060029
2018039650.000,Miguel,recording,shake_phone,19,2.770432,7.244006,5.786529,0.004689,0.106198,-0.059192
2018039660.000,Miguel,recording,shake_phone,19,2.735508,7.218104,5.829197,0.005115,0.110200,-0.060235
2018039670.000,Miguel,recording,shake_phone,19,2.681307,7.223122,5.842938,0.010534,0.109015,-0.062235
2018039680.000,Miguel,recording,shake_phone,19,2.635389,7.235026,5.821777,0.019373,0.100870,-0.063670
2018039690.000,Miguel,recording,shake_phone,19,2.617360,7.252164,5.799539,0.028169,0.088955,-0.062834
2018039700.000,Miguel,recording,shake_phone,19,2.639697,7.293187,5.759985,0.033405,0.076496,-0.061947
2018039710.000,Miguel,recording,shake_phone,19,2.649225,7.318354,5.711422,0.033794,0.065869,-0.064513
2018039720.000,Miguel,recording,shake_phone,19,2.636384,7.319513,5.681014,0.028657,0.058588,-0.068116
2018039730.000,Miguel,recording,shake_phone,19,2.581797,7.313993,5.648706,0.019066,0.055348,-0.068151
2018039740.000,Miguel,recording,shake_phone,19,2.513117,7.296576,5.674132,0.008106,0.056998,-0.063307
2018039750.000,Miguel,recording,shake_phone,19,2.482347,7.273725,5.737111,-0.000480,0.063475,-0.053755
2018039760.000,Miguel,recording,shake_phone,19,2.487416,7.275043,5.811645,-0.003645,0.072741,-0.041662
2018039770.000,Miguel,recording,shake_phone,19,2.501926,7.304752,5.860404,-0.000283,0.080494,-0.031181
2018039780.000,Miguel,recording,shake_phone,19,2.480627,7.313476,5.862557,0.007589,0.085257,-0.023489
2018039790.000,Miguel,recording,shake_phone,19,2.503308,7.320440,5.798142,0.015206,0.085448,-0.019071
2018039800.000,Miguel,recording,shake_phone,19,2.571017,7.345795,5.709852,0.017549,0.077587,-0.020554
2018039810.000,Miguel,recording,shake_phone,19,2.629664,7.371433,5.656148,0.014160,0.062226,-0.029212
2018039820.000,Miguel,recording,shake_phone,19,2.625506,7.384357,5.653448,0.008397,0.043383,-0.042203
2018039830.000,Miguel,recording,shake_phone,19,2.553926,7.374613,5.698401,0.003098,0.025270,-0.053001
2018039840.000,Miguel,recording,shake_phone,19,2.484778,7.353143,5.757561,0.000431,0.013581,-0.056711
2018039850.000,Miguel,recording,shake_phone,19,2.408184,7.336633,5.806490,0.000969,0.012073,-0.051655
2018039860.000,Miguel,recording,shake_phone,19,2.352705,7.321851,5.830820,0.002923,0.017806,-0.038784
2018039870.000,Miguel,recording,shake_phone,19,2.377829,7.332692,5.821098,0.004901,0.027205,-0.022742
2018039880.000,Miguel,recording,shake_phone,19,2.444311,7.349621,5.795574,0.007521,0.036394,-0.009996
2018039890.000,Miguel,recording,shake_phone,19,2.474728,7.359679,5.750356,0.010083,0.040070,-0.005058
2018039900.000,Miguel,recording,shake_phone,19,2.465513,7.363414,5.670412,0.010253,0.035517,-0.007434
2018039910.000,Miguel,recording,shake_phone,19,2.435911,7.380516,5.614878,0.007356,0.023288,-0.013406
2018039920.000,Miguel,recording,shake_phone,19,2.381650,7.377738,5.587158,0.002320,0.007787,-0.019421
2018039930.000,Miguel,recording,shake_phone,19,2.308316,7.383604,5.583014,-0.005006,-0.007665,-0.022655
2018039940.000,Miguel,recording,shake_phone,19,2.220660,7.375477,5.616495,-0.011298,-0.023241,-0.021198
2018039950.000,Miguel,recording,shake_phone,19,2.156048,7.353971,5.659601,-0.012278,-0.038659,-0.014702
2018039960.000,Miguel,recording,shake_phone,19,2.140339,7.342753,5.633276,-0.011176,-0.052150,-0.004536
2018039970.000,Miguel,recording,shake_phone,19,2.160935,7.339490,5.558232,-0.013187,-0.060351,0.005985
2018039980.000,Miguel,recording,shake_phone,19,2.156021,7.341357,5.548357,-0.018662,-0.061106,0.015622
2018039990.000,Miguel,recording,shake_phone,19,2.130498,7.329660,5.540866,-0.025582,-0.057980,0.025150
2018040000.000,Miguel,recording,shake_phone,19,2.081131,7.313049,5.520619,-0.033222,-0.058077,0.036691
2018040010.000,Miguel,recording,shake_phone,19,2.099510,7.296666,5.486099,-0.045545,-0.066174,0.052163
2018040020.000,Miguel,recording,shake_phone,19,2.277945,7.273994,5.489214,-0.066394,-0.082409,0.068643
2018040030.000,Miguel,recording,shake_phone,19,2.583167,7.261886,5.586838,-0.090601,-0.102232,0.081169
2018040040.000,Miguel,recording,shake_phone,19,2.947750,7.268243,5.769838,-0.109233,-0.117899,0.084589
2018040050.000,Miguel,recording,shake_phone,19,3.262427,7.282160,5.987097,-0.116013,-0.123782,0.075672
2018040060.000,Miguel,recording,shake_phone,19,3.456081,7.285701,6.179571,-0.107306,-0.119260,0.055773
2018040070.000,Miguel,recording,shake_phone,19,3.455910,7.283274,6.275466,-0.086396,-0.102799,0.031548
2018040080.000,Miguel,recording,shake_phone,19,3.313832,7.300897,6.283728,-0.063858,-0.074994,0.013978
2018040090.000,Miguel,recording,shake_phone,19,3.175292,7.318400,6.248607,-0.048189,-0.043004,0.008102
2018040100.000,Miguel,recording,shake_phone,19,3.061660,7.334764,6.250773,-0.037943,-0.013346,0.010370
2018040110.000,Miguel,recording,shake_phone,19,2.979219,7.391309,6.267856,-0.028355,0.009623,0.016225
2018040120.000,Miguel,recording,shake_phone,19,2.965496,7.426870,6.254659,-0.018700,0.021763,0.021916
2018040130.000,Miguel,recording,shake_phone,19,3.040722,7.421920,6.233977,-0.008571,0.022988,0.021958
2018040140.000,Miguel,recording,shake_phone,19,3.127438,7.422762,6.197354,0.004073,0.018278,0.011899
2018040150.000,Miguel,recording,shake_phone,19,3.149157,7.437065,6.144630,0.018362,0.012070,-0.007106
2018040160.000,Miguel,recording,shake_phone,19,3.099611,7.440487,6.043881,0.029731,0.006032,-0.029384
2018040170.000,Miguel,recording,shake_phone,19,2.994492,7.421166,5.928009,0.034314,0.002470,-0.049259
2018040180.000,Miguel,recording,shake_phone,19,2.860329,7.433910,5.847480,0.030956,0.003116,-0.064875
2018040190.000,Miguel,recording,shake_phone,19,2.714881,7.439571,5.805565,0.021895,0.006971,-0.073981
2018040200.000,Miguel,recording,shake_phone,19,2.602148,7.418926,5.820034,0.011266,0.012453,-0.074915
2018040210.000,Miguel,recording,shake_phone,19,2.515891,7.364949,5.835209,0.003481,0.018079,-0.070796
2018040220.000,Miguel,recording,shake_phone,19,2.423760,7.294299,5.843583,0.001187,0.020902,-0.064311
2018040230.000,Miguel,recording,shake_phone,19,2.361544,7.240779,5.836616,0.003568,0.019124,-0.055199
2018040240.000,Miguel,recording,shake_phone,19,2.341823,7.204481,5.812436,0.008769,0.013702,-0.044699
2018040250.000,Miguel,recording,shake_phone,19,2.365085,7.194758,5.746806,0.014225,0.004755,-0.035503
2018040260.000,Miguel,recording,shake_phone,19,2.434438,7.197672,5.675027,0.016830,-0.007399,-0.030986
2018040270.000,Miguel,recording,shake_phone,19,2.521815,7.185462,5.606451,0.015124,-0.020405,-0.033968
2018040280.000,Miguel,recording,shake_phone,19,2.525454,7.179010,5.529332,0.008269,-0.034147,-0.042877
2018040290.000,Miguel,recording,shake_phone,19,2.463013,7.179936,5.503190,-0.003507,-0.052184,-0.052845
2018040300.000,Miguel,recording,shake_phone,19,2.388600,7.193411,5.537012,-0.015105,-0.071137,-0.058313
2018040310.000,Miguel,recording,shake_phone,19,2.346267,7.204362,5.621976,-0.022201,-0.085610,-0.057650
2018040320.000,Miguel,recording,shake_phone,19,2.391833,7.237671,5.654118,-0.029911,-0.104816,-0.052836
2018040330.000,Miguel,recording,shake_phone,19,2.426624,7.250473,5.696640,-0.037769,-0.124830,-0.044689
2018040340.000,Miguel,recording,shake_phone,19,2.510590,7.266438,5.768095,-0.039656,-0.133842,-0.037873
2018040350.000,Miguel,recording,shake_phone,19,2.582589,7.290893,5.799659,-0.036832,-0.138738,-0.036452
2018040360.000,Miguel,recording,shake_phone,19,2.598833,7.283618,5.827701,-0.030942,-0.145110,-0.039701
2018040370.000,Miguel,recording,shake_phone,19,2.568574,7.275243,5.861889,-0.020685,-0.154618,-0.047969
2018040380.000,Miguel,recording,shake_phone,19,2.477028,7.265295,5.897546,-0.004553,-0.170460,-0.059264
2018040390.000,Miguel,recording,shake_phone,19,2.356961,7.256021,5.918865,0.017715,-0.198485,-0.070094
2018040400.000,Miguel,recording,shake_phone,19,2.146108,7.261997,5.909057,0.044339,-0.253368,-0.079309
2018040410.000,Miguel,recording,shake_phone,19,1.728815,7.263556,5.846795,0.072653,-0.364346,-0.087245
2018040420.000,Miguel,recording,shake_phone,19,1.213941,7.374785,5.788008,0.107218,-0.561602,-0.090931
2018040430.000,Miguel,recording,shake_phone,19,0.892749,7.515143,5.863655,0.163755,-0.840999,-0.084878
2018040440.000,Miguel,recording,shake_phone,19,0.814855,7.500046,5.829423,0.244721,-1.166321,-0.067528
2018040450.000,Miguel,recording,shake_phone,19,0.935470,7.393374,5.359994,0.315266,-1.501137,-0.029909
2018040460.000,Miguel,recording,shake_phone,19,1.313079,7.392239,4.821775,0.337253,-1.784513,0.040439
2018040470.000,Miguel,recording,shake_phone,19,2.075028,7.423211,4.322724,0.296672,-1.928905,0.135361
2018040480.000,Miguel,recording,shake_phone,19,3.095952,7.475568,4.020872,0.192284,-1.882841,0.234064
2018040490.000,Miguel,recording,shake_phone,19,4.106844,7.490909,4.143415,0.042008,-1.644708,0.322704
2018040500.000,Miguel,recording,shake_phone,19,5.127096,7.431587,4.550831,-0.119753,-1.249496,0.397672
2018040510.000,Miguel,recording,shake_phone,19,6.134236,7.347847,5.030545,-0.263985,-0.747565,0.452911
2018040520.000,Miguel,recording,shake_phone,19,6.913283,7.248298,5.450143,-0.379708,-0.181671,0.470784
2018040530.000,Miguel,recording,shake_phone,19,7.294670,7.181767,5.917862,-0.461186,0.379987,0.438692
2018040540.000,Miguel,recording,shake_phone,19,7.336184,7.149210,6.477003,-0.491372,0.847109,0.361634
2018040550.000,Miguel,recording,shake_phone,19,7.211216,7.156029,6.914270,-0.462256,1.190196,0.247599
2018040560.000,Miguel,recording,shake_phone,19,7.127016,7.167487,7.206735,-0.390533,1.422575,0.096259
2018040570.000,Miguel,recording,shake_phone,19,6.720076,7.213090,7.375342,-0.291712,1.539442,-0.089282
2018040580.000,Miguel,recording,shake_phone,19,5.877956,7.221597,7.467122,-0.166655,1.533860,-0.290810
2018040590.000,Miguel,recording,shake_phone,19,4.922853,7.191768,7.474751,-0.014282,1.415563,-0.486910
2018040600.000,Miguel,recording,shake_phone,19,3.962176,7.134237,7.360898,0.163370,1.214993,-0.667048
2018040610.000,Miguel,recording,shake_phone,19,2.896365,7.085899,7.140909,0.361404,0.971198,-0.825080
2018040620.000,Miguel,recording,shake_phone,19,1.586112,7.061496,6.635708,0.567062,0.711368,-0.947431
2018040630.000,Miguel,recording,shake_phone,19,0.029637,6.935256,5.838322,0.756133,0.423164,-1.011407
2018040640.000,Miguel,recording,shake_phone,19,-1.601647,6.810663,4.980978,0.909688,0.070360,-1.001788
2018040650.000,Miguel,recording,shake_phone,19,-3.055444,6.844575,4.193496,1.021524,-0.340981,-0.914682
2018040660.000,Miguel,recording,shake_phone,19,-4.244973,6.953883,3.437921,1.078535,-0.762401,-0.746543
2018040670.000,Miguel,recording,shake_phone,19,-5.161285,7.078082,2.536161,1.051428,-1.141679,-0.491428
2018040680.000,Miguel,recording,shake_phone,19,-5.330345,7.211505,1.750795,0.917020,-1.410516,-0.151428
2018040690.000,Miguel,recording,shake_phone,19,-4.413010,7.253480,1.347209,0.682502,-1.501131,0.251359
2018040700.000,Miguel,recording,shake_phone,19,-2.485415,7.154433,1.170694,0.370213,-1.389211,0.673090
2018040710.000,Miguel,recording,shake_phone,19,0.193530,6.948465,1.288322,0.001524,-1.086276,1.053142
2018040720.000,Miguel,recording,shake_phone,19,3.091715,6.817122,1.781246,-0.393102,-0.622320,1.332906
2018040730.000,Miguel,recording,shake_phone,19,5.817401,6.841576,2.792113,-0.769209,-0.055537,1.472428
2018040740.000,Miguel,recording,shake_phone,19,8.028157,6.930684,4.306067,-1.076788,0.530879,1.457302
2018040750.000,Miguel,recording,shake_phone,19,9.244190,6.980077,6.072564,-1.270697,1.058755,1.310410
2018040760.000,Miguel,recording,shake_phone,19,9.320782,6.974020,7.740378,-1.326497,1.465444,1.087194
2018040770.000,Miguel,recording,shake_phone,19,8.784088,7.016237,8.975465,-1.257359,1.704440,0.838599
2018040780.000,Miguel,recording,shake_phone,19,7.960673,7.050161,9.739380,-1.093889,1.769255,0.595039
2018040790.000,Miguel,recording,shake_phone,19,7.019478,7.097474,10.157660,-0.858979,1.691081,0.375527
2018040800.000,Miguel,recording,shake_phone,19,6.118661,7.236531,10.270058,-0.570566,1.500926,0.185038
2018040810.000,Miguel,recording,shake_phone,19,5.358378,7.411153,10.082952,-0.252285,1.226487,0.017015
2018040820.000,Miguel,recording,shake_phone,19,4.714703,7.577465,9.641866,0.056788,0.916040,-0.129772
2018040830.000,Miguel,recording,shake_phone,19,4.163645,7.672338,9.035005,0.326721,0.615317,-0.251862
2018040840.000,Miguel,recording,shake_phone,19,3.704433,7.729063,8.315592,0.547313,0.351317,-0.347002
2018040850.000,Miguel,recording,shake_phone,19,3.288751,7.764080,7.454074,0.708676,0.143327,-0.409907
2018040860.000,Miguel,recording,shake_phone,19,2.959704,7.747891,6.599010,0.803852,-0.004248,-0.436973
2018040870.000,Miguel,recording,shake_phone,19,2.714570,7.717764,5.867170,0.833707,-0.102048,-0.433210
2018040880.000,Miguel,recording,shake_phone,19,2.525880,7.705958,5.319141,0.809252,-0.159604,-0.407830
2018040890.000,Miguel,recording,shake_phone,19,2.373146,7.669394,4.932390,0.748937,-0.173339,-0.368417
2018040900.000,Miguel,recording,shake_phone,19,2.297921,7.573591,4.609109,0.664820,-0.141592,-0.321129
2018040910.000,Miguel,recording,shake_phone,19,2.226301,7.487184,4.376275,0.563491,-0.075188,-0.271106
2018040920.000,Miguel,recording,shake_phone,19,2.091652,7.435037,4.232325,0.452091,0.010228,-0.220402
2018040930.000,Miguel,recording,shake_phone,19,1.873382,7.381411,4.139033,0.335536,0.098850,-0.167640
2018040940.000,Miguel,recording,shake_phone,19,1.660055,7.340820,4.101657,0.218255,0.171802,-0.111829
2018040950.000,Miguel,recording,shake_phone,19,1.535823,7.327489,4.101342,0.105032,0.214436,-0.056772
2018040960.000,Miguel,recording,shake_phone,19,1.514647,7.318636,4.196886,0.001580,0.226037,-0.008822
2018040970.000,Miguel,recording,shake_phone,19,1.539076,7.297693,4.384214,-0.084716,0.214170,0.029976
2018040980.000,Miguel,recording,shake_phone,19,1.628819,7.250440,4.646466,-0.147557,0.189069,0.062256
2018040990.000,Miguel,recording,shake_phone,19,1.792175,7.187370,4.955282,-0.185452,0.158962,0.091140
2018041000.000,Miguel,recording,shake_phone,19,1.947415,7.138221,5.202911,-0.200061,0.125865,0.116265
2018041010.000,Miguel,recording,shake_phone,19,2.050003,7.153335,5.388805,-0.196687,0.088440,0.134767
2018041020.000,Miguel,recording,shake_phone,19,2.128415,7.179359,5.515182,-0.182089,0.047284,0.146672
2018041030.000,Miguel,recording,shake_phone,19,2.278625,7.191617,5.560889,-0.161557,0.008813,0.154831
2018041040.000,Miguel,recording,shake_phone,19,2.535426,7.220405,5.580715,-0.144022,-0.020983,0.158531
2018041050.000,Miguel,recording,shake_phone,19,2.751519,7.257652,5.655423,-0.133526,-0.040316,0.154857
2018041060.000,Miguel,recording,shake_phone,19,2.872936,7.321440,5.766067,-0.124556,-0.047703,0.144245
2018041070.000,Miguel,recording,shake_phone,19,2.899026,7.410533,5.851344,-0.112577,-0.046408,0.130184
2018041080.000,Miguel,recording,shake_phone,19,2.872147,7.482948,5.910448,-0.097596,-0.043917,0.116380
2018041090.000,Miguel,recording,shake_phone,19,2.896704,7.532645,5.889877,-0.084490,-0.046509,0.105517
2018041100.000,Miguel,recording,shake_phone,19,3.000273,7.577645,5.835220,-0.079767,-0.052601,0.096317
2018041110.000,Miguel,recording,shake_phone,19,3.100078,7.620730,5.829562,-0.082932,-0.054713,0.083009
2018041120.000,Miguel,recording,shake_phone,19,3.135904,7.655344,5.842023,-0.090388,-0.050754,0.063934
2018041130.000,Miguel,recording,shake_phone,19,3.079603,7.644860,5.862842,-0.099410,-0.041596,0.047083
2018041140.000,Miguel,recording,shake_phone,19,2.976358,7.603883,5.916426,-0.106663,-0.028606,0.040514
2018041150.000,Miguel,recording,shake_phone,19,2.950691,7.567126,5.956522,-0.110867,-0.016735,0.041783
2018041160.000,Miguel,recording,shake_phone,19,2.949168,7.551727,6.023401,-0.110361,-0.008199,0.044622
2018041170.000,Miguel,recording,shake_phone,19,2.952224,7.517226,6.075079,-0.103601,-0.003871,0.045656
2018041180.000,Miguel,recording,shake_phone,19,2.966701,7.425984,6.070141,-0.091503,-0.004358,0.042993
2018041190.000,Miguel,recording,shake_phone,19,3.004605,7.343233,6.058223,-0.075485,-0.007751,0.035671
2018041200.000,Miguel,recording,shake_phone,19,2.995757,7.302132,6.043521,-0.057402,-0.013516,0.024244
2018041210.000,Miguel,recording,shake_phone,19,2.940526,7.268494,6.023279,-0.039271,-0.020156,0.011944
2018041220.000,Miguel,recording,shake_phone,19,2.930530,7.227179,6.040418,-0.023535,-0.024547,0.003055
2018041230.000,Miguel,recording,shake_phone,19,2.991464,7.169133,6.067557,-0.010654,-0.025230,-0.000795
2018041240.000,Miguel,recording,shake_phone,19,3.021385,7.164081,6.098714,0.002907,-0.020131,-0.001424
2018041250.000,Miguel,recording,shake_phone,19,3.036856,7.202609,6.103424,0.016976,-0.010125,-0.001086
2018041260.000,Miguel,recording,shake_phone,19,3.078050,7.241404,6.082476,0.027517,0.000294,-0.002380
2018041270.000,Miguel,recording,shake_phone,19,3.095629,7.243536,6.065900,0.034884,0.009774,-0.007881
2018041280.000,Miguel,recording,shake_phone,19,3.096519,7.256132,6.039118,0.041001,0.017731,-0.017178
2018041290.000,Miguel,recording,shake_phone,19,3.109109,7.304238,6.015689,0.046013,0.023611,-0.028700
2018041300.000,Miguel,recording,shake_phone,19,3.121715,7.331188,6.019984,0.051287,0.029917,-0.043107
2018041310.000,Miguel,recording,shake_phone,19,3.084768,7.329315,6.021630,0.058573,0.037815,-0.060412
2018041320.000,Miguel,recording,shake_phone,19,2.998389,7.348159,6.010013,0.066779,0.043024,-0.076711
2018041330.000,Miguel,recording,shake_phone,19,2.934773,7.358892,5.962980,0.072397,0.040950,-0.088949
2018041340.000,Miguel,recording,shake_phone,19,2.939903,7.341950,5.909329,0.074880,0.034353,-0.099422
2018041350.000,Miguel,recording,shake_phone,19,2.982043,7.347586,5.858986,0.075537,0.027876,-0.112970
2018041360.000,Miguel,recording,shake_phone,19,2.977311,7.354071,5.866023,0.076639,0.021223,-0.131951
2018041370.000,Miguel,recording,shake_phone,19,2.841017,7.339051,5.886752,0.081950,0.014571,-0.151650
2018041380.000,Miguel,recording,shake_phone,19,2.667132,7.323897,5.865540,0.089915,0.008701,-0.162758
2018041390.000,Miguel,recording,shake_phone,19,2.544736,7.312304,5.794565,0.096852,0.004345,-0.162660
2018041400.000,Miguel,recording,shake_phone,19,2.514003,7.314604,5.710944,0.101368,0.006388,-0.157811
2018041410.000,Miguel,recording,shake_phone,19,2.526420,7.329815,5.641160,0.102338,0.020528,-0.153948
2018041420.000,Miguel,recording,shake_phone,19,2.482971,7.351273,5.553277,0.097984,0.045506,-0.152656
2018041430.000,Miguel,recording,shake_phone,19,2.380230,7.350216,5.462376,0.087490,0.073375,-0.153282
2018041440.000,Miguel,recording,shake_phone,19,2.216242,7.327764,5.409312,0.074067,0.093292,-0.153883
2018041450.000,Miguel,recording,shake_phone,19,1.994090,7.298930,5.407519,0.063290,0.096716,-0.152420
2018041460.000,Miguel,recording,shake_phone,19,1.737895,7.289508,5.418183,0.060179,0.080525,-0.146089
2018041470.000,Miguel,recording,shake_phone,19,1.471399,7.254494,5.408893,0.066823,0.044274,-0.130473
2018041480.000,Miguel,recording,shake_phone,19,1.199044,7.236831,5.351778,0.080453,-0.008246,-0.101726
2018041490.000,Miguel,recording,shake_phone,19,0.967428,7.269304,5.235345,0.094949,-0.071848,-0.060038
2018041500.000,Miguel,recording,shake_phone,19,0.838132,7.287384,5.089354,0.104462,-0.150916,-0.009928
2018041510.000,Miguel,recording,shake_phone,19,0.795399,7.336827,4.960911,0.105275,-0.247818,0.044797
2018041520.000,Miguel,recording,shake_phone,19,0.748788,7.376852,4.839401,0.094340,-0.355487,0.108972
2018041530.000,Miguel,recording,shake_phone,19,0.704798,7.358319,4.664696,0.066459,-0.465503,0.191109
2018041540.000,Miguel,recording,shake_phone,19,0.931802,7.361698,4.471537,0.016182,-0.564178,0.287314
2018041550.000,Miguel,recording,shake_phone,19,1.411653,7.415117,4.347799,-0.056178,-0.636372,0.382081
2018041560.000,Miguel,recording,shake_phone,19,1.909339,7.466526,4.285498,-0.145941,-0.680454,0.462639
2018041570.000,Miguel,recording,shake_phone,19,2.347323,7.505086,4.231945,-0.246272,-0.707229,0.525355
2018041580.000,Miguel,recording,shake_phone,19,2.798726,7.494688,4.213274,-0.351989,-0.714787,0.569674
2018041590.000,Miguel,recording,shake_phone,19,3.306753,7.466771,4.478351,-0.456868,-0.684286,0.590080
2018041600.000,Miguel,recording,shake_phone,19,3.815213,7.379431,4.973982,-0.545467,-0.612389,0.586931
2018041610.000,Miguel,recording,shake_phone,19,4.259019,7.240237,5.543590,-0.601514,-0.511772,0.567366
2018041620.000,Miguel,recording,shake_phone,19,4.702243,7.120864,6.069393,-0.620888,-0.388281,0.532346
2018041630.000,Miguel,recording,shake_phone,19,5.146041,7.048469,6.532224,-0.607747,-0.246351,0.477893
2018041640.000,Miguel,recording,shake_phone,19,5.657338,6.966139,6.961450,-0.564842,-0.091471,0.398988
2018041650.000,Miguel,recording,shake_phone,19,6.165586,6.852309,7.342620,-0.492852,0.075735,0.291431
2018041660.000,Miguel,recording,shake_phone,19,6.333087,6.759811,7.715642,-0.391780,0.240258,0.163345
2018041670.000,Miguel,recording,shake_phone,19,6.128346,6.788588,7.945218,-0.266948,0.378343,0.033149
2018041680.000,Miguel,recording,shake_phone,19,5.758323,6.897400,7.897199,-0.134566,0.478084,-0.090495
2018041690.000,Miguel,recording,shake_phone,19,5.245200,6.991437,7.737726,-0.011078,0.527981,-0.205509
2018041700.000,Miguel,recording,shake_phone,19,4.579199,7.066427,7.565136,0.099068,0.516487,-0.303931
2018041710.000,Miguel,recording,shake_phone,19,3.906630,7.097647,7.393741,0.202709,0.449788,-0.379516
2018041720.000,Miguel,recording,shake_phone,19,3.373748,7.121035,7.193160,0.306563,0.350272,-0.436913
2018041730.000,Miguel,recording,shake_phone,19,2.853989,7.129248,6.939742,0.408561,0.236810,-0.484573
2018041740.000,Miguel,recording,shake_phone,19,2.288107,7.067067,6.609069,0.504230,0.115680,-0.522652
2018041750.000,Miguel,recording,shake_phone,19,1.646739,6.950117,6.226854,0.593753,-0.023828,-0.543365
2018041760.000,Miguel,recording,shake_phone,19,0.848695,6.856115,5.799365,0.678591,-0.204948,-0.538054
2018041770.000,Miguel,recording,shake_phone,19,0.096103,6.889822,5.284660,0.752154,-0.440069,-0.502120
2018041780.000,Miguel,recording,shake_phone,19,-0.484770,7.035018,4.689135,0.798720,-0.704524,-0.432319
2018041790.000,Miguel,recording,shake_phone,19,-0.853879,7.152165,3.991478,0.796618,-0.954199,-0.322843
2018041800.000,Miguel,recording,shake_phone,19,-0.878320,7.215568,3.274576,0.726176,-1.154112,-0.171542
2018041810.000,Miguel,recording,shake_phone,19,-0.567066,7.283990,2.719863,0.583630,-1.275310,0.015335
2018041820.000,Miguel,recording,shake_phone,19,0.272355,7.294284,2.351181,0.378934,-1.290009,0.219802
2018041830.000,Miguel,recording,shake_phone,19,1.543530,7.258993,2.240706,0.126122,-1.178515,0.412170
2018041840.000,Miguel,recording,shake_phone,19,2.865318,7.235441,2.491009,-0.154557,-0.943621,0.564170
2018041850.000,Miguel,recording,shake_phone,19,4.045895,7.157725,3.199992,-0.429479,-0.614693,0.664848
2018041860.000,Miguel,recording,shake_phone,19,4.962680,7.010923,4.242243,-0.655336,-0.238026,0.721375
2018041870.000,Miguel,recording,shake_phone,19,5.599641,6.852748,5.381457,-0.795183,0.141075,0.741260
2018041880.000,Miguel,recording,shake_phone,19,5.963141,6.743665,6.337627,-0.841679,0.476734,0.725392
2018041890.000,Miguel,recording,shake_phone,19,6.072814,6.761736,7.004831,-0.815563,0.724408,0.675217
2018041900.000,Miguel,recording,shake_phone,19,5.893427,6.877699,7.533042,-0.736868,0.863320,0.596182
2018041910.000,Miguel,recording,shake_phone,19,5.542966,7.034048,7.870616,-0.618643,0.899434,0.499663
2018041920.000,Miguel,recording,shake_phone,19,5.253583,7.165331,7.995406,-0.472884,0.845539,0.396491
2018041930.000,Miguel,recording,shake_phone,19,5.042519,7.256502,8.029049,-0.310021,0.714284,0.291499
2018041940.000,Miguel,recording,shake_phone,19,4.842657,7.330386,7.959672,-0.144723,0.536744,0.191215
2018041950.000,Miguel,recording,shake_phone,19,4.645933,7.363008,7.740120,0.008262,0.352262,0.100969
2018041960.000,Miguel,recording,shake_phone,19,4.530962,7.386313,7.379708,0.138982,0.183063,0.019578
2018041970.000,Miguel,recording,shake_phone,19,4.432723,7.425034,6.969367,0.239843,0.041863,-0.051785
2018041980.000,Miguel,recording,shake_phone,19,4.295838,7.441370,6.557758,0.307007,-0.058930,-0.107635
2018041990.000,Miguel,recording,shake_phone,19,4.113904,7.402680,6.130903,0.340140,-0.115537,-0.145617
2018042000.000,Miguel,recording,shake_phone,19,3.934192,7.351512,5.788464,0.341679,-0.137691,-0.167256
2018042010.000,Miguel,recording,shake_phone,19,3.809573,7.303347,5.565980,0.320047,-0.135834,-0.175544
2018042020.000,Miguel,recording,shake_phone,19,3.660219,7.242795,5.400706,0.289035,-0.112569,-0.173665
2018042030.000,Miguel,recording,shake_phone,19,3.479910,7.209691,5.248850,0.254512,-0.073856,-0.162786
2018042040.000,Miguel,recording,shake_phone,19,3.288590,7.186358,5.120630,0.215837,-0.027611,-0.142835
2018042050.000,Miguel,recording,shake_phone,19,3.129935,7.137846,5.041180,0.172580,0.019366,-0.113790
2018042060.000,Miguel,recording,shake_phone,19,3.012548,7.098094,5.034045,0.127442,0.060377,-0.078535
2018042070.000,Miguel,recording,shake_phone,19,2.932431,7.068780,5.057876,0.087464,0.091089,-0.042802
2018042080.000,Miguel,recording,shake_phone,19,2.870823,7.062496,5.076029,0.054111,0.107239,-0.010722
2018042090.000,Miguel,recording,shake_phone,19,2.919091,7.075135,5.063664,0.023612,0.104749,0.016679
2018042100.000,Miguel,recording,shake_phone,19,3.107606,7.057939,5.037797,-0.008065,0.087240,0.036267
2018042110.000,Miguel,recording,shake_phone,19,3.285735,7.032317,5.121335,-0.038810,0.067230,0.043074
2018042120.000,Miguel,recording,shake_phone,19,3.374927,7.038107,5.295805,-0.060333,0.053419,0.038099
2018042130.000,Miguel,recording,shake_phone,19,3.372878,7.056970,5.429675,-0.069956,0.044316,0.029460
2018042140.000,Miguel,recording,shake_phone,19,3.315372,7.077055,5.465742,-0.072810,0.034965,0.024860
2018042150.000,Miguel,recording,shake_phone,19,3.305863,7.085698,5.482541,-0.075596,0.026203,0.026548
2018042160.000,Miguel,recording,shake_phone,19,3.396412,7.105158,5.549067,-0.079809,0.022446,0.029817
2018042170.000,Miguel,recording,shake_phone,19,3.491840,7.132825,5.649868,-0.082346,0.025144,0.029008
2018042180.000,Miguel,recording,shake_phone,19,3.497940,7.159341,5.720990,-0.081831,0.031052,0.024584
2018042190.000,Miguel,recording,shake_phone,19,3.452087,7.175538,5.737870,-0.078985,0.034749,0.018911
2018042200.000,Miguel,recording,shake_phone,19,3.467249,7.172849,5.747160,-0.076532,0.035227,0.014679
2018042210.000,Miguel,recording,shake_phone,19,3.490164,7.165753,5.774257,-0.077148,0.036578,0.013706
2018042220.000,Miguel,recording,shake_phone,19,3.477389,7.165263,5.841118,-0.076991,0.042666,0.014016
2018042230.000,Miguel,recording,shake_phone,19,3.430913,7.177157,5.932992,-0.069930,0.051480,0.015297
2018042240.000,Miguel,recording,shake_phone,19,3.434059,7.183870,5.975532,-0.056679,0.057904,0.018700
2018042250.000,Miguel,recording,shake_phone,19,3.516750,7.159863,5.902089,-0.044958,0.062377,0.023078
2018042260.000,Miguel,recording,shake_phone,20,3.634184,7.153463,5.848805,-0.041576,0.067042,0.024812
2018042270.000,Miguel,recording,shake_phone,20,3.695930,7.167070,5.869068,-0.043987,0.071660,0.020532
2018042280.000,Miguel,recording,shake_phone,20,3.700283,7.178071,5.905679,-0.047289,0.075461,0.013402
2018042290.000,Miguel,recording,shake_phone,20,3.644583,7.140859,5.941123,-0.050572,0.077126,0.008368
2018042300.000,Miguel,recording,shake_phone,20,3.613487,7.089631,6.023673,-0.050351,0.076782,0.005373
2018042310.000,Miguel,recording,shake_phone,20,3.594121,7.067774,6.126819,-0.041480,0.075897,0.003446
2018042320.000,Miguel,recording,shake_phone,20,3.566965,7.082822,6.173994,-0.023388,0.073162,0.002699
2018042330.000,Miguel,recording,shake_phone,20,3.633905,7.085937,6.161871,-0.001757,0.067188,0.001840
2018042340.000,Miguel,recording,shake_phone,20,3.739329,7.070714,6.114018,0.019113,0.060774,-0.003766
2018042350.000,Miguel,recording,shake_phone,20,3.799779,7.088608,6.081129,0.039265,0.056673,-0.016752
2018042360.000,Miguel,recording,shake_phone,20,3.768111,7.125802,6.076701,0.059263,0.054214,-0.034344
2018042370.000,Miguel,recording,shake_phone,20,3.697872,7.159186,6.014483,0.077184,0.051279,-0.052672
2018042380.000,Miguel,recording,shake_phone,20,3.682658,7.171225,5.862950,0.086523,0.048153,-0.068792
2018042390.000,Miguel,recording,shake_phone,20,3.673671,7.183412,5.756966,0.085080,0.047476,-0.084201
2018042400.000,Miguel,recording,shake_phone,20,3.593677,7.176484,5.723445,0.079052,0.051909,-0.099937
2018042410.000,Miguel,recording,shake_phone,20,3.431513,7.184518,5.704392,0.073838,0.058591,-0.111133
2018042420.000,Miguel,recording,shake_phone,20,3.258603,7.224651,5.675787,0.069545,0.058446,-0.111454
2018042430.000,Miguel,recording,shake_phone,20,3.245034,7.235860,5.609249,0.061906,0.050784,-0.100857
2018042440.000,Miguel,recording,shake_phone,20,3.414288,7.209352,5.575709,0.047902,0.048811,-0.088904
2018042450.000,Miguel,recording,shake_phone,20,3.577947,7.190499,5.638752,0.032546,0.063178,-0.084011
2018042460.000,Miguel,recording,shake_phone,20,3.616644,7.210380,5.696521,0.020222,0.088941,-0.087307
2018042470.000,Miguel,recording,shake_phone,20,3.574361,7.204362,5.708572,0.009639,0.112981,-0.095556
2018042480.000,Miguel,recording,shake_phone,20,3.487082,7.182823,5.751780,0.002119,0.125618,-0.105229
2018042490.000,Miguel,recording,shake_phone,20,3.405995,7.159764,5.851023,0.002466,0.123719,-0.116074
2018042500.000,Miguel,recording,shake_phone,20,3.381642,7.151699,5.925681,0.012783,0.111112,-0.129326
2018042510.000,Miguel,recording,shake_phone,20,3.373911,7.139263,5.950355,0.029809,0.093591,-0.145613
2018042520.000,Miguel,recording,shake_phone,20,3.327071,7.121402,5.937394,0.048657,0.074460,-0.164040
2018042530.000,Miguel,recording,shake_phone,20,3.294706,7.100417,5.900993,0.066703,0.053965,-0.183655
2018042540.000,Miguel,recording,shake_phone,20,3.303390,7.109036,5.888027,0.084183,0.033883,-0.204544
2018042550.000,Miguel,recording,shake_phone,20,3.337960,7.126159,5.862079,0.101798,0.022026,-0.229919
2018042560.000,Miguel,recording,shake_phone,20,3.400760,7.124728,5.788201,0.117878,0.023954,-0.264058
2018042570.000,Miguel,recording,shake_phone,20,3.303738,7.119471,5.726957,0.131254,0.036544,-0.303781
2018042580.000,Miguel,recording,shake_phone,20,3.007445,7.120207,5.683451,0.143675,0.049977,-0.340525
2018042590.000,Miguel,recording,shake_phone,20,2.660511,7.095927,5.617586,0.156305,0.051701,-0.367022
2018042600.000,Miguel,recording,shake_phone,20,2.330288,7.061503,5.543709,0.170098,0.038353,-0.381191
2018042610.000,Miguel,recording,shake_phone,20,2.023555,7.067322,5.490375,0.186487,0.019273,-0.386519
2018042620.000,Miguel,recording,shake_phone,20,1.724899,7.031427,5.435183,0.205597,-0.004807,-0.383495
2018042630.000,Miguel,recording,shake_phone,20,1.398578,6.963141,5.409400,0.230198,-0.044302,-0.369549
2018042640.000,Miguel,recording,shake_phone,20,0.995623,6.911614,5.343166,0.262905,-0.104173,-0.344449
2018042650.000,Miguel,recording,shake_phone,20,0.553190,6.910575,5.215951,0.299683,-0.186548,-0.306704
2018042660.000,Miguel,recording,shake_phone,20,0.112629,6.955003,4.994291,0.331477,-0.296263,-0.251576
2018042670.000,Miguel,recording,shake_phone,20,-0.174817,6.986315,4.797248,0.352766,-0.427276,-0.175759
2018042680.000,Miguel,recording,shake_phone,20,-0.297274,7.004315,4.604353,0.362640,-0.552672,-0.081285
2018042690.000,Miguel,recording,shake_phone,20,-0.282705,7.011007,4.352931,0.357553,-0.644471,0.028996
2018042700.000,Miguel,recording,shake_phone,20,-0.201582,7.046594,4.006009,0.327405,-0.690175,0.159220
2018042710.000,Miguel,recording,shake_phone,20,0.164280,7.114957,3.554118,0.254484,-0.697481,0.311043
2018042720.000,Miguel,recording,shake_phone,20,0.927388,7.193472,3.226381,0.126959,-0.688957,0.473864
2018042730.000,Miguel,recording,shake_phone,20,2.176050,7.283632,3.223693,-0.048271,-0.677821,0.623957
2018042740.000,Miguel,recording,shake_phone,20,3.952801,7.330028,3.702111,-0.242841,-0.648944,0.721392
2018042750.000,Miguel,recording,shake_phone,20,6.244811,7.325730,4.638981,-0.417048,-0.564477,0.716636
2018042760.000,Miguel,recording,shake_phone,20,8.456497,7.254049,5.958292,-0.530606,-0.394566,0.577970
2018042770.000,Miguel,recording,shake_phone,20,9.875112,7.140239,7.364409,-0.542863,-0.147895,0.331244
2018042780.000,Miguel,recording,shake_phone,20,10.093488,7.052505,8.412633,-0.439816,0.136848,0.041691
2018042790.000,Miguel,recording,shake_phone,20,9.247056,7.116736,8.893945,-0.253934,0.401108,-0.233933
2018042800.000,Miguel,recording,shake_phone,20,7.808769,7.398657,8.828129,-0.040594,0.577916,-0.464058
2018042810.000,Miguel,recording,shake_phone,20,6.377687,7.693348,8.490703,0.161608,0.640956,-0.644008
2018042820.000,Miguel,recording,shake_phone,20,5.275181,7.873477,8.115077,0.344273,0.613902,-0.780733
2018042830.000,Miguel,recording,shake_phone,20,4.378901,7.967706,7.641021,0.508156,0.537908,-0.879143
2018042840.000,Miguel,recording,shake_phone,20,3.475897,8.041201,7.045465,0.650270,0.449519,-0.940260
2018042850.000,Miguel,recording,shake_phone,20,2.531246,8.120410,6.370822,0.760600,0.371717,-0.960736
2018042860.000,Miguel,recording,shake_phone,20,1.552275,8.212005,5.625436,0.827859,0.319196,-0.933406
2018042870.000,Miguel,recording,shake_phone,20,0.451236,8.176478,4.954587,0.860052,0.284266,-0.848718
2018042880.000,Miguel,recording,shake_phone,20,-0.903430,7.957615,4.448264,0.876740,0.203145,-0.697514
2018042890.000,Miguel,recording,shake_phone,20,-2.367420,7.886863,3.764103,0.876216,0.000440,-0.473104
2018042900.000,Miguel,recording,shake_phone,20,-3.433597,7.976072,2.976687,0.838196,-0.330284,-0.182232
2018042910.000,Miguel,recording,shake_phone,20,-3.688929,8.081280,2.190918,0.740536,-0.716225,0.146268
2018042920.000,Miguel,recording,shake_phone,20,-2.793066,8.039186,1.497459,0.567589,-1.042952,0.468975
2018042930.000,Miguel,recording,shake_phone,20,-1.096324,7.839181,1.155990,0.328014,-1.222032,0.746527
2018042940.000,Miguel,recording,shake_phone,20,0.715724,7.599036,1.185033,0.051735,-1.228857,0.958508
2018042950.000,Miguel,recording,shake_phone,20,2.660630,7.340619,1.495674,-0.233938,-1.072672,1.091293
2018042960.000,Miguel,recording,shake_phone,20,4.716791,7.073761,2.112795,-0.504788,-0.766878,1.132830
2018042970.000,Miguel,recording,shake_phone,20,6.166162,6.837093,2.988756,-0.729530,-0.346573,1.088347
2018042980.000,Miguel,recording,shake_phone,20,6.860417,6.703888,4.044825,-0.878282,0.109332,0.983655
2018042990.000,Miguel,recording,shake_phone,20,7.019599,6.742026,5.123533,-0.938121,0.504873,0.849501
2018043000.000,Miguel,recording,shake_phone,20,6.764047,6.832958,6.013798,-0.916001,0.778536,0.705889
2018043010.000,Miguel,recording,shake_phone,20,6.222570,6.894565,6.597296,-0.834222,0.912910,0.561197
2018043020.000,Miguel,recording,shake_phone,20,5.621313,6.965631,6.946355,-0.721428,0.914475,0.421359
2018043030.000,Miguel,recording,shake_phone,20,5.124532,7.083844,7.175728,-0.594821,0.806910,0.292094
2018043040.000,Miguel,recording,shake_phone,20,4.686343,7.203804,7.331546,-0.457487,0.632219,0.176414
2018043050.000,Miguel,recording,shake_phone,20,4.299279,7.319250,7.451317,-0.313454,0.443921,0.080281
2018043060.000,Miguel,recording,shake_phone,20,3.959040,7.436808,7.456682,-0.171634,0.277455,0.011176
2018043070.000,Miguel,recording,shake_phone,20,3.710392,7.533710,7.292583,-0.040642,0.143776,-0.029578
2018043080.000,Miguel,recording,shake_phone,20,3.600601,7.625031,7.024370,0.071384,0.044152,-0.047695
2018043090.000,Miguel,recording,shake_phone,20,3.589905,7.717875,6.692285,0.158978,-0.024377,-0.052262
2018043100.000,Miguel,recording,shake_phone,20,3.629832,7.804325,6.307753,0.217977,-0.064754,-0.051173
2018043110.000,Miguel,recording,shake_phone,20,3.692508,7.838294,5.882083,0.243321,-0.081791,-0.050100
2018043120.000,Miguel,recording,shake_phone,20,3.745969,7.830030,5.512970,0.235302,-0.076135,-0.051093
2018043130.000,Miguel,recording,shake_phone,20,3.741754,7.765389,5.246151,0.201288,-0.044613,-0.053465
2018043140.000,Miguel,recording,shake_phone,20,3.650957,7.697597,5.073082,0.151528,0.005495,-0.054102
2018043150.000,Miguel,recording,shake_phone,20,3.496559,7.604139,4.974876,0.095810,0.059208,-0.049100
2018043160.000,Miguel,recording,shake_phone,20,3.384847,7.492462,4.947778,0.040824,0.104965,-0.038026
2018043170.000,Miguel,recording,shake_phone,20,3.329814,7.407615,5.012339,-0.006973,0.135474,-0.024051
2018043180.000,Miguel,recording,shake_phone,20,3.309311,7.325852,5.139056,-0.039993,0.149566,-0.012147
2018043190.000,Miguel,recording,shake_phone,20,3.295453,7.255274,5.257015,-0.054488,0.148775,-0.005257
2018043200.000,Miguel,recording,shake_phone,20,3.299712,7.221787,5.360978,-0.053559,0.132618,-0.004074
2018043210.000,Miguel,recording,shake_phone,20,3.315291,7.177641,5.408780,-0.042082,0.103942,-0.008218
2018043220.000,Miguel,recording,shake_phone,20,3.303138,7.157366,5.422946,-0.024273,0.069902,-0.015424
2018043230.000,Miguel,recording,shake_phone,20,3.282293,7.175424,5.421197,-0.005638,0.039057,-0.021543
2018043240.000,Miguel,recording,shake_phone,20,3.300712,7.209256,5.403669,0.008519,0.017198,-0.023714
2018043250.000,Miguel,recording,shake_phone,20,3.340278,7.252005,5.398758,0.016654,0.005915,-0.022461
2018043260.000,Miguel,recording,shake_phone,20,3.362866,7.276416,5.404354,0.022367,0.006348,-0.019306
2018043270.000,Miguel,recording,shake_phone,20,3.362733,7.287370,5.397826,0.027892,0.016635,-0.016017
2018043280.000,Miguel,recording,shake_phone,20,3.398626,7.275367,5.376966,0.031760,0.033218,-0.015357
2018043290.000,Miguel,recording,shake_phone,20,3.470427,7.312669,5.402963,0.034916,0.051517,-0.018644
2018043300.000,Miguel,recording,shake_phone,20,3.504579,7.382234,5.440693,0.040546,0.063838,-0.025311
2018043310.000,Miguel,recording,shake_phone,20,3.492650,7.427806,5.424823,0.047603,0.065121,-0.034934
2018043320.000,Miguel,recording,shake_phone,20,3.453696,7.465712,5.362930,0.049350,0.054064,-0.046856
2018043330.000,Miguel,recording,shake_phone,20,3.391604,7.506004,5.294817,0.041281,0.034182,-0.058371
2018043340.000,Miguel,recording,shake_phone,20,3.357114,7.535568,5.286558,0.025809,0.014268,-0.065374
2018043350.000,Miguel,recording,shake_phone,20,3.397435,7.554264,5.337311,0.008360,0.001847,-0.067359
2018043360.000,Miguel,recording,shake_phone,20,3.469354,7.556265,5.418096,-0.007562,0.002181,-0.067258
2018043370.000,Miguel,recording,shake_phone,20,3.501871,7.531547,5.504854,-0.018805,0.015536,-0.067382
2018043380.000,Miguel,recording,shake_phone,20,3.446009,7.500128,5.578242,-0.021280,0.036641,-0.068255
2018043390.000,Miguel,recording,shake_phone,20,3.359310,7.491631,5.609410,-0.015903,0.058318,-0.067813
2018043400.000,Miguel,recording,shake_phone,20,3.343669,7.511902,5.584117,-0.009856,0.072485,-0.064720
2018043410.000,Miguel,recording,shake_phone,20,3.404944,7.503622,5.550785,-0.007550,0.076348,-0.062961
2018043420.000,Miguel,recording,shake_phone,20,3.440136,7.469994,5.561001,-0.006850,0.075040,-0.065797
2018043430.000,Miguel,recording,shake_phone,20,3.409726,7.442970,5.589806,-0.004425,0.071787,-0.070252
2018043440.000,Miguel,recording,shake_phone,20,3.393484,7.427715,5.601166,0.001249,0.065762,-0.072424
2018043450.000,Miguel,recording,shake_phone,20,3.446285,7.405645,5.617908,0.010549,0.059643,-0.074343
2018043460.000,Miguel,recording,shake_phone,20,3.459214,7.379530,5.603332,0.024450,0.060414,-0.079866
2018043470.000,Miguel,recording,shake_phone,20,3.380698,7.371992,5.544605,0.040349,0.069526,-0.088661
2018043480.000,Miguel,recording,shake_phone,20,3.273783,7.399051,5.478858,0.052449,0.077511,-0.097638
2018043490.000,Miguel,recording,shake_phone,20,3.174218,7.452459,5.401696,0.057727,0.076411,-0.101760
2018043500.000,Miguel,recording,shake_phone,20,3.154517,7.495950,5.372379,0.057306,0.067245,-0.100078
2018043510.000,Miguel,recording,shake_phone,20,3.214151,7.517919,5.346007,0.053502,0.054001,-0.097902
2018043520.000,Miguel,recording,shake_phone,20,3.292726,7.528145,5.317010,0.046343,0.041753,-0.100071
2018043530.000,Miguel,recording,shake_phone,20,3.328886,7.529430,5.302004,0.035610,0.033859,-0.107425
2018043540.000,Miguel,recording,shake_phone,20,3.298367,7.526450,5.332995,0.024470,0.031839,-0.116482
2018043550.000,Miguel,recording,shake_phone,20,3.209263,7.531450,5.365472,0.015515,0.035632,-0.122368
2018043560.000,Miguel,recording,shake_phone,20,3.106171,7.548615,5.386190,0.007573,0.041000,-0.122503
2018043570.000,Miguel,recording,shake_phone,20,3.039913,7.555448,5.408157,0.001194,0.045912,-0.117905
2018043580.000,Miguel,recording,shake_phone,20,3.042050,7.550043,5.380864,-0.003927,0.049249,-0.110868
2018043590.000,Miguel,recording,shake_phone,20,3.072670,7.546243,5.349825,-0.010949,0.050686,-0.103348
2018043600.000,Miguel,recording,shake_phone,20,3.150049,7.547979,5.396632,-0.019415,0.055267,-0.098481
2018043610.000,Miguel,recording,shake_phone,20,3.220938,7.514797,5.439954,-0.026324,0.066488,-0.098880
2018043620.000,Miguel,recording,shake_phone,20,3.240962,7.475880,5.443058,-0.030913,0.079885,-0.103653
2018043630.000,Miguel,recording,shake_phone,20,3.216257,7.472305,5.466966,-0.033881,0.088040,-0.109545
2018043640.000,Miguel,recording,shake_phone,20,3.191197,7.486640,5.502872,-0.034096,0.087966,-0.115929
2018043650.000,Miguel,recording,shake_phone,20,3.186657,7.509490,5.507742,-0.031618,0.083403,-0.123296
2018043660.000,Miguel,recording,shake_phone,20,3.182970,7.507899,5.484578,-0.030935,0.078626,-0.128542
2018043670.000,Miguel,recording,shake_phone,20,3.149393,7.514434,5.498113,-0.034012,0.074272,-0.129761
2018043680.000,Miguel,recording,shake_phone,20,3.107054,7.535259,5.539779,-0.037475,0.071125,-0.128601
2018043690.000,Miguel,recording,shake_phone,20,3.096789,7.540596,5.587229,-0.039033,0.070435,-0.128180
2018043700.000,Miguel,recording,shake_phone,20,3.104902,7.545627,5.639769,-0.038197,0.071500,-0.131046
2018043710.000,Miguel,recording,shake_phone,20,3.135717,7.542571,5.664651,-0.033596,0.072524,-0.137470
2018043720.000,Miguel,recording,shake_phone,20,3.179870,7.543287,5.703727,-0.024021,0.073291,-0.147659
2018043730.000,Miguel,recording,shake_phone,20,3.180123,7.537295,5.750752,-0.010888,0.075033,-0.160367
2018043740.000,Miguel,recording,shake_phone,20,3.116075,7.550518,5.741890,0.002216,0.076760,-0.172166
2018043750.000,Miguel,recording,shake_phone,20,3.070156,7.561832,5.680962,0.011867,0.075919,-0.181786
2018043760.000,Miguel,recording,shake_phone,20,3.049167,7.576492,5.636573,0.015358,0.073767,-0.189761
2018043770.000,Miguel,recording,shake_phone,20,3.037908,7.583531,5.644386,0.013470,0.073568,-0.195645
2018043780.000,Miguel,recording,shake_phone,20,3.001095,7.580331,5.654745,0.011003,0.078357,-0.199187
2018043790.000,Miguel,recording,shake_phone,20,2.940647,7.563420,5.657902,0.008851,0.089103,-0.201094
2018043800.000,Miguel,recording,shake_phone,20,2.876084,7.564259,5.669229,0.005933,0.103380,-0.200952
2018043810.000,Miguel,recording,shake_phone,20,2.825022,7.566236,5.719000,0.005261,0.119181,-0.198652
2018043820.000,Miguel,recording,shake_phone,20,2.827275,7.542803,5.755007,0.009886,0.133965,-0.195357
2018043830.000,Miguel,recording,shake_phone,20,2.853803,7.523531,5.760698,0.019748,0.145030,-0.194337
2018043840.000,Miguel,recording,shake_phone,20,2.836743,7.510304,5.746672,0.033157,0.151813,-0.197753
2018043850.000,Miguel,recording,shake_phone,20,2.758246,7.524011,5.733802,0.047571,0.152267,-0.202850
2018043860.000,Miguel,recording,shake_phone,20,2.713585,7.532678,5.714677,0.060530,0.145351,-0.207565
2018043870.000,Miguel,recording,shake_phone,20,2.706283,7.530703,5.678517,0.071993,0.135001,-0.213873
2018043880.000,Miguel,recording,shake_phone,20,2.668830,7.553956,5.626291,0.080634,0.124673,-0.223145
2018043890.000,Miguel,recording,shake_phone,20,2.588242,7.567988,5.570657,0.083243,0.117529,-0.232393
2018043900.000,Miguel,recording,shake_phone,20,2.506856,7.556904,5.520259,0.080710,0.115685,-0.240030
2018043910.000,Miguel,recording,shake_phone,20,2.465493,7.539730,5.491719,0.076125,0.119207,-0.246491
2018043920.000,Miguel,recording,shake_phone,20,2.416347,7.509753,5.508663,0.072539,0.127987,-0.252157
2018043930.000,Miguel,recording,shake_phone,20,2.293703,7.486298,5.561932,0.074920,0.139840,-0.255877
2018043940.000,Miguel,recording,shake_phone,20,2.111118,7.481067,5.583447,0.086233,0.149459,-0.254535
2018043950.000,Miguel,recording,shake_phone,20,1.986595,7.486595,5.548312,0.101600,0.149845,-0.247995
2018043960.000,Miguel,recording,shake_phone,20,1.966763,7.496241,5.470042,0.114392,0.139748,-0.241955
2018043970.000,Miguel,recording,shake_phone,20,2.013704,7.497650,5.371654,0.121845,0.121810,-0.244134
2018043980.000,Miguel,recording,shake_phone,20,2.020273,7.534367,5.295374,0.123851,0.100039,-0.258611
2018043990.000,Miguel,recording,shake_phone,20,1.942238,7.561447,5.262866,0.123046,0.080293,-0.282211
2018044000.000,Miguel,recording,shake_phone,20,1.788181,7.509710,5.250143,0.122924,0.063497,-0.305216
2018044010.000,Miguel,recording,shake_phone,20,1.597795,7.441813,5.217657,0.126005,0.047629,-0.320333
2018044020.000,Miguel,recording,shake_phone,20,1.401705,7.392559,5.183005,0.134961,0.031612,-0.328338
2018044030.000,Miguel,recording,shake_phone,20,1.176704,7.368258,5.136188,0.150960,0.012699,-0.332256
2018044040.000,Miguel,recording,shake_phone,20,0.920680,7.364595,5.049010,0.173193,-0.011089,-0.331394
2018044050.000,Miguel,recording,shake_phone,20,0.604918,7.339585,4.943461,0.198959,-0.039766,-0.321361
2018044060.000,Miguel,recording,shake_phone,20,0.271234,7.284644,4.793904,0.221857,-0.070797,-0.296846
2018044070.000,Miguel,recording,shake_phone,20,-0.071611,7.261097,4.584785,0.235262,-0.099134,-0.254131
2018044080.000,Miguel,recording,shake_phone,20,-0.376010,7.249865,4.389199,0.235058,-0.129122,-0.191584
2018044090.000,Miguel,recording,shake_phone,20,-0.699883,7.245122,4.204755,0.220398,-0.171381,-0.108927
2018044100.000,Miguel,recording,shake_phone,20,-0.975671,7.253667,4.084502,0.192397,-0.233395,-0.009420
2018044110.000,Miguel,recording,shake_phone,20,-1.142608,7.281069,4.007576,0.154486,-0.314469,0.100238
2018044120.000,Miguel,recording,shake_phone,20,-1.161666,7.301053,3.927692,0.110126,-0.398454,0.213445
2018044130.000,Miguel,recording,shake_phone,20,-1.043759,7.285156,3.908223,0.062476,-0.468037,0.327076
2018044140.000,Miguel,recording,shake_phone,20,-0.936667,7.197416,3.898644,0.012303,-0.517761,0.445200
2018044150.000,Miguel,recording,shake_phone,20,-0.644948,7.073218,3.659693,-0.054616,-0.556338,0.569671
2018044160.000,Miguel,recording,shake_phone,20,-0.129668,7.049053,3.245909,-0.161762,-0.608320,0.691479
2018044170.000,Miguel,recording,shake_phone,20,0.520130,7.156893,2.981030,-0.312565,-0.694202,0.796649
2018044180.000,Miguel,recording,shake_phone,20,1.240550,7.315582,3.095824,-0.482379,-0.812710,0.876501
2018044190.000,Miguel,recording,shake_phone,20,2.208792,7.474168,3.717529,-0.635780,-0.951660,0.924857
2018044200.000,Miguel,recording,shake_phone,20,3.508647,7.556028,4.802032,-0.735519,-1.091175,0.934851
2018044210.000,Miguel,recording,shake_phone,20,5.075529,7.556868,6.042619,-0.755486,-1.181864,0.899508
2018044220.000,Miguel,recording,shake_phone,20,6.952727,7.512799,6.961889,-0.703410,-1.149286,0.806022
2018044230.000,Miguel,recording,shake_phone,20,8.721042,7.457158,7.480504,-0.611900,-0.948510,0.643429
2018044240.000,Miguel,recording,shake_phone,20,9.833112,7.485315,7.889856,-0.503495,-0.606512,0.423873
2018044250.000,Miguel,recording,shake_phone,20,10.226359,7.578572,8.158798,-0.382621,-0.200051,0.181044
2018044260.000,Miguel,recording,shake_phone,20,10.304638,7.827049,8.162807,-0.255911,0.201581,-0.068739
2018044270.000,Miguel,recording,shake_phone,20,9.805795,8.187040,8.086132,-0.133520,0.544221,-0.330128
2018044280.000,Miguel,recording,shake_phone,20,8.588771,8.415941,7.960752,-0.012982,0.776911,-0.588565
2018044290.000,Miguel,recording,shake_phone,20,7.116400,8.471759,7.774783,0.114718,0.877227,-0.811834
2018044300.000,Miguel,recording,shake_phone,20,5.684466,8.415979,7.498986,0.252572,0.862662,-0.982699
2018044310.000,Miguel,recording,shake_phone,20,4.305999,8.382374,7.082876,0.395200,0.772624,-1.105442
2018044320.000,Miguel,recording,shake_phone,20,2.802081,8.389709,6.587486,0.532300,0.637997,-1.182223
2018044330.000,Miguel,recording,shake_phone,20,0.805362,8.233518,5.951310,0.657962,0.439585,-1.196579
2018044340.000,Miguel,recording,shake_phone,20,-1.296270,8.156142,5.134946,0.765619,0.110439,-1.127250
2018044350.000,Miguel,recording,shake_phone,20,-3.166641,8.138828,4.350766,0.845472,-0.391580,-0.965192
2018044360.000,Miguel,recording,shake_phone,20,-4.450267,8.146844,3.550577,0.884255,-1.020285,-0.715971
2018044370.000,Miguel,recording,shake_phone,20,-4.862022,8.097381,2.828215,0.859111,-1.623566,-0.393751
2018044380.000,Miguel,recording,shake_phone,20,-4.292188,7.869351,2.400991,0.760098,-2.016357,-0.017681
2018044390.000,Miguel,recording,shake_phone,20,-3.035040,7.549689,2.308979,0.604289,-2.099746,0.383746
2018044400.000,Miguel,recording,shake_phone,20,-1.756980,7.080650,2.344435,0.412099,-1.882626,0.780076
2018044410.000,Miguel,recording,shake_phone,20,-0.388139,6.554530,2.279163,0.195203,-1.442659,1.145772
2018044420.000,Miguel,recording,shake_phone,20,1.338763,6.182270,2.374232,-0.032129,-0.884524,1.447919
2018044430.000,Miguel,recording,shake_phone,20,3.204319,6.012960,2.786701,-0.244491,-0.304226,1.647531
2018044440.000,Miguel,recording,shake_phone,20,4.802675,6.051304,3.369261,-0.415331,0.221030,1.720203
2018044450.000,Miguel,recording,shake_phone,20,5.958343,6.219073,3.899663,-0.537258,0.622329,1.669636
2018044460.000,Miguel,recording,shake_phone,20,6.694196,6.356443,4.404862,-0.621061,0.859747,1.520317
2018044470.000,Miguel,recording,shake_phone,20,7.075337,6.520546,5.050328,-0.675142,0.941525,1.304210
2018044480.000,Miguel,recording,shake_phone,20,7.087996,6.684319,5.637562,-0.697862,0.916400,1.057698
2018044490.000,Miguel,recording,shake_phone,20,6.808651,6.817625,6.107294,-0.685751,0.848648,0.818150
2018044500.000,Miguel,recording,shake_phone,20,6.305332,6.942414,6.489241,-0.642050,0.772772,0.613076
2018044510.000,Miguel,recording,shake_phone,20,5.720801,7.084992,6.762731,-0.579283,0.691441,0.453202
2018044520.000,Miguel,recording,shake_phone,20,5.188225,7.236866,6.946663,-0.509425,0.608056,0.337521
2018044530.000,Miguel,recording,shake_phone,20,4.702351,7.389814,7.091689,-0.433628,0.535642,0.258425
2018044540.000,Miguel,recording,shake_phone,20,4.293356,7.519819,7.198915,-0.348430,0.478436,0.208580
2018044550.000,Miguel,recording,shake_phone,20,3.963593,7.619069,7.251663,-0.254245,0.428513,0.184848
2018044560.000,Miguel,recording,shake_phone,20,3.752537,7.673314,7.184898,-0.154395,0.380023,0.180922
2018044570.000,Miguel,recording,shake_phone,20,3.728073,7.707290,6.975753,-0.055936,0.331791,0.185542
2018044580.000,Miguel,recording,shake_phone,20,3.786342,7.730357,6.675268,0.031955,0.280348,0.187686
2018044590.000,Miguel,recording,shake_phone,20,3.869967,7.685368,6.326478,0.102151,0.223812,0.180290
2018044600.000,Miguel,recording,shake_phone,20,4.006272,7.591583,5.940306,0.150579,0.166133,0.161206
2018044610.000,Miguel,recording,shake_phone,20,4.185922,7.520241,5.519606,0.174043,0.110621,0.132167
2018044620.000,Miguel,recording,shake_phone,20,4.264088,7.459733,5.155988,0.170143,0.059159,0.096950
2018044630.000,Miguel,recording,shake_phone,20,4.197745,7.380741,4.916603,0.142502,0.017685,0.059695
2018044640.000,Miguel,recording,shake_phone,20,4.007983,7.328980,4.814683,0.101736,-0.009233,0.028619
2018044650.000,Miguel,recording,shake_phone,20,3.767088,7.301731,4.830819,0.055585,-0.019806,0.014895
2018044660.000,Miguel,recording,shake_phone,20,3.702763,7.209270,5.001363,0.008137,-0.012062,0.021207
2018044670.000,Miguel,recording,shake_phone,20,3.781851,7.039959,5.223265,-0.029441,0.011186,0.039237
2018044680.000,Miguel,recording,shake_phone,20,3.805270,6.926384,5.449396,-0.046167,0.045379,0.057844
2018044690.000,Miguel,recording,shake_phone,20,3.705583,6.911732,5.600128,-0.041903,0.079242,0.071291
2018044700.000,Miguel,recording,shake_phone,20,3.536017,6.911741,5.695320,-0.021526,0.099102,0.081707
2018044710.000,Miguel,recording,shake_phone,20,3.367129,6.917060,5.694541,0.009397,0.097716,0.093805
2018044720.000,Miguel,recording,shake_phone,20,3.360162,6.949143,5.570970,0.038441,0.072391,0.107592
2018044730.000,Miguel,recording,shake_phone,20,3.571169,6.990678,5.454309,0.056216,0.028308,0.114395
2018044740.000,Miguel,recording,shake_phone,20,3.814465,7.066082,5.422782,0.064472,-0.021879,0.105507
2018044750.000,Miguel,recording,shake_phone,20,3.964860,7.131541,5.404055,0.064736,-0.065397,0.084152
2018044760.000,Miguel,recording,shake_phone,20,4.058269,7.171796,5.307441,0.054651,-0.094889,0.062885
2018044770.000,Miguel,recording,shake_phone,20,4.146946,7.213168,5.285392,0.033367,-0.104230,0.048035
2018044780.000,Miguel,recording,shake_phone,20,4.204549,7.236932,5.354096,0.008044,-0.086994,0.037689
2018044790.000,Miguel,recording,shake_phone,20,4.173629,7.234021,5.421035,-0.014604,-0.044882,0.029252
2018044800.000,Miguel,recording,shake_phone,20,4.058232,7.233347,5.478142,-0.034482,0.006910,0.022478
2018044810.000,Miguel,recording,shake_phone,20,3.909436,7.242068,5.515614,-0.049667,0.049684,0.019096
2018044820.000,Miguel,recording,shake_phone,20,3.753669,7.231947,5.554893,-0.057687,0.072712,0.019262
2018044830.000,Miguel,recording,shake_phone,20,3.659662,7.206843,5.575955,-0.060276,0.072894,0.021493
2018044840.000,Miguel,recording,shake_phone,20,3.613504,7.173856,5.607837,-0.058163,0.054971,0.023023
2018044850.000,Miguel,recording,shake_phone,20,3.622903,7.134163,5.649652,-0.049206,0.027990,0.022588
2018044860.000,Miguel,recording,shake_phone,20,3.686506,7.104609,5.666843,-0.035234,-0.001560,0.021626
2018044870.000,Miguel,recording,shake_phone,20,3.800871,7.075461,5.641424,-0.021813,-0.025472,0.020277
2018044880.000,Miguel,recording,shake_phone,20,3.895408,7.058321,5.569177,-0.011818,-0.035219,0.016720
2018044890.000,Miguel,recording,shake_phone,20,3.896016,7.029415,5.517728,-0.006027,-0.030979,0.012441
2018044900.000,Miguel,recording,shake_phone,20,3.794401,6.995719,5.518831,-0.004181,-0.021247,0.010630
2018044910.000,Miguel,recording,shake_phone,20,3.637157,6.986192,5.533156,-0.001609,-0.012839,0.013684
2018044920.000,Miguel,recording,shake_phone,20,3.512585,6.986647,5.533530,0.004437,-0.009157,0.023543
2018044930.000,Miguel,recording,shake_phone,20,3.473606,7.007598,5.493753,0.009300,-0.016397,0.039161
2018044940.000,Miguel,recording,shake_phone,20,3.586190,7.024954,5.454672,0.010097,-0.031447,0.055245
2018044950.000,Miguel,recording,shake_phone,20,3.754802,7.042256,5.444100,0.008485,-0.040143,0.063982
2018044960.000,Miguel,recording,shake_phone,20,3.862640,7.083877,5.430470,0.003885,-0.036094,0.062483
2018044970.000,Miguel,recording,shake_phone,20,3.874118,7.154742,5.422292,-0.005488,-0.024906,0.057862
2018044980.000,Miguel,recording,shake_phone,20,3.906851,7.182779,5.418915,-0.019728,-0.013257,0.057251
2018044990.000,Miguel,recording,shake_phone,20,3.994944,7.166159,5.451895,-0.037282,-0.001139,0.057698
2018045000.000,Miguel,recording,shake_phone,20,4.045757,7.161579,5.524684,-0.052935,0.013065,0.053490
2018045010.000,Miguel,recording,shake_phone,20,4.014388,7.149666,5.612524,-0.059520,0.026540,0.045067
2018045020.000,Miguel,recording,shake_phone,20,3.956470,7.110575,5.693302,-0.054378,0.036395,0.035808
2018045030.000,Miguel,recording,shake_phone,20,3.962164,7.080528,5.718529,-0.042345,0.040029,0.026393
2018045040.000,Miguel,recording,shake_phone,20,4.015717,7.067521,5.690567,-0.030230,0.031156,0.014860
2018045050.000,Miguel,recording,shake_phone,20,3.999808,7.048079,5.695831,-0.016411,0.015403,0.000472
2018045060.000,Miguel,recording,shake_phone,20,3.933179,7.015545,5.709449,0.001834,0.001416,-0.014054
2018045070.000,Miguel,recording,shake_phone,20,3.872618,7.014186,5.662397,0.020681,-0.015443,-0.023549
2018045080.000,Miguel,recording,shake_phone,20,3.847468,7.032302,5.554587,0.034496,-0.034801,-0.025041
2018045090.000,Miguel,recording,shake_phone,20,3.869615,7.057055,5.420428,0.036109,-0.048260,-0.020909
2018045100.000,Miguel,recording,shake_phone,20,3.933647,7.088233,5.341508,0.023306,-0.048905,-0.015085
2018045110.000,Miguel,recording,shake_phone,20,3.949851,7.116188,5.383818,0.003829,-0.033049,-0.010270
2018045120.000,Miguel,recording,shake_phone,20,3.863116,7.128394,5.467288,-0.012682,-0.004659,-0.005858
2018045130.000,Miguel,recording,shake_phone,20,3.798406,7.139578,5.492298,-0.024453,0.023271,0.001536
2018045140.000,Miguel,recording,shake_phone,20,3.814340,7.132376,5.482130,-0.034062,0.038996,0.010214
2018045150.000,Miguel,recording,shake_phone,20,3.868969,7.116086,5.498252,-0.041437,0.041200,0.014252
2018045160.000,Miguel,recording,shake_phone,20,3.912810,7.116699,5.567972,-0.044423,0.034559,0.012700
2018045170.000,Miguel,recording,shake_phone,20,3.991046,7.114391,5.638866,-0.041297,0.024053,0.007796
2018045180.000,Miguel,recording,shake_phone,20,4.138273,7.082289,5.659971,-0.033832,0.015293,-0.000318
2018045190.000,Miguel,recording,shake_phone,20,4.211325,7.048294,5.680803,-0.024558,0.011607,-0.012451
2018045200.000,Miguel,recording,shake_phone,20,4.163880,7.076649,5.699454,-0.014633,0.009819,-0.026503
2018045210.000,Miguel,recording,shake_phone,20,4.091026,7.110525,5.695116,-0.006293,0.006377,-0.036783
2018045220.000,Miguel,recording,shake_phone,20,4.059982,7.111012,5.689123,-0.000974,0.003885,-0.040885
2018045230.000,Miguel,recording,shake_phone,20,4.064237,7.129039,5.688069,0.002242,0.005083,-0.041170
2018045240.000,Miguel,recording,shake_phone,20,4.083590,7.175940,5.683340,0.004223,0.011019,-0.039947
2018045250.000,Miguel,recording,shake_phone,20,4.147714,7.178534,5.658306,0.003764,0.023780,-0.040171
2018045260.000,Miguel,recording,shake_phone,20,4.198787,7.170052,5.665451,0.001455,0.042987,-0.045636
2018045270.000,Miguel,recording,shake_phone,20,4.201047,7.176981,5.679358,0.000280,0.062275,-0.056268
2018045280.000,Miguel,recording,shake_phone,20,4.128490,7.177051,5.686723,0.000985,0.075168,-0.067735