timestamp_ms,user_name,phase,action_label,segment_index,acc_x,acc_y,acc_z,gyro_x,gyro_y,gyro_z
690363050.000,CC,recording,knock_twice_right,1,1.615325,3.272621,8.732191,-0.483291,0.504471,0.299448
690363060.000,CC,recording,knock_twice_right,1,1.330334,2.981142,9.130716,-0.542462,0.518183,0.190801
690363070.000,CC,recording,knock_twice_right,1,1.256719,2.676177,9.478475,-0.560858,0.523860,0.097305
690363080.000,CC,recording,knock_twice_right,1,1.204750,2.482002,9.559217,-0.545072,0.512645,0.010862
690363090.000,CC,recording,knock_twice_right,1,1.067467,2.430812,9.552101,-0.512944,0.480648,-0.074438
690363100.000,CC,recording,knock_twice_right,1,0.789011,2.485375,9.517876,-0.476550,0.419887,-0.150453
690363110.000,CC,recording,knock_twice_right,1,0.535246,2.489044,9.655099,-0.433031,0.325841,-0.209022
690363120.000,CC,recording,knock_twice_right,1,0.434290,2.522103,9.888936,-0.373560,0.219175,-0.254236
690363130.000,CC,recording,knock_twice_right,1,0.305500,2.415978,10.024126,-0.300054,0.127266,-0.285451
690363140.000,CC,recording,knock_twice_right,1,-0.026736,2.312097,9.954572,-0.226360,0.065453,-0.291964
690363150.000,CC,recording,knock_twice_right,1,-0.172749,2.202088,9.904079,-0.159352,0.037713,-0.275159
690363160.000,CC,recording,knock_twice_right,1,-0.123992,2.181152,9.851801,-0.103384,0.040517,-0.249529
690363170.000,CC,recording,knock_twice_right,1,-0.112812,2.180651,9.625101,-0.068451,0.064740,-0.225335
690363180.000,CC,recording,knock_twice_right,1,-0.141086,2.158774,9.532938,-0.059969,0.090017,-0.207345
690363190.000,CC,recording,knock_twice_right,1,-0.094190,2.150526,9.616421,-0.066977,0.097805,-0.194578
690363200.000,CC,recording,knock_twice_right,1,-0.087841,2.092023,9.763761,-0.067620,0.085886,-0.183324
690363210.000,CC,recording,knock_twice_right,1,-0.155448,2.042588,9.881801,-0.049754,0.054466,-0.173431
690363220.000,CC,recording,knock_twice_right,1,-0.238902,1.978490,9.989457,-0.011812,0.004943,-0.163853
690363230.000,CC,recording,knock_twice_right,1,-0.205357,1.933690,10.011417,0.042741,-0.048819,-0.156514
690363240.000,CC,recording,knock_twice_right,1,0.054002,1.952750,10.038765,0.108159,-0.089213,-0.163141
690363250.000,CC,recording,knock_twice_right,1,0.353876,1.960451,10.021749,0.175170,-0.112774,-0.192716
690363260.000,CC,recording,knock_twice_right,1,0.489621,1.968776,9.905306,0.230949,-0.125664,-0.242085
690363270.000,CC,recording,knock_twice_right,1,0.483115,1.914082,9.731546,0.265289,-0.129279,-0.299335
690363280.000,CC,recording,knock_twice_right,1,0.358378,1.881395,9.503615,0.274462,-0.117459,-0.350544
690363290.000,CC,recording,knock_twice_right,1,0.212301,1.903192,9.335417,0.261768,-0.090566,-0.387242
690363300.000,CC,recording,knock_twice_right,1,0.017494,2.005113,9.289624,0.235003,-0.060930,-0.405476
690363310.000,CC,recording,knock_twice_right,1,-0.104149,2.133644,9.368853,0.204683,-0.035234,-0.406564
690363320.000,CC,recording,knock_twice_right,1,-0.037644,2.264705,9.482071,0.184412,-0.014398,-0.395315
690363330.000,CC,recording,knock_twice_right,1,-0.029082,2.351878,9.631760,0.181317,0.002865,-0.370898
690363340.000,CC,recording,knock_twice_right,1,-0.112097,2.443328,9.771655,0.190439,0.022143,-0.333453
690363350.000,CC,recording,knock_twice_right,1,-0.096902,2.535343,9.883076,0.205201,0.042998,-0.290170
690363360.000,CC,recording,knock_twice_right,1,0.048111,2.704651,9.860714,0.216029,0.069408,-0.245263
690363370.000,CC,recording,knock_twice_right,1,0.046471,2.825775,9.671353,0.211658,0.116598,-0.194613
690363380.000,CC,recording,knock_twice_right,1,-0.120124,2.867225,9.448552,0.183933,0.179324,-0.133755
690363390.000,CC,recording,knock_twice_right,1,-0.269599,2.925832,9.146531,0.131774,0.229136,-0.064762
690363400.000,CC,recording,knock_twice_right,1,-0.401105,2.989126,9.020860,0.067677,0.241462,0.004145
690363410.000,CC,recording,knock_twice_right,1,-0.380198,3.068168,9.123226,0.009931,0.216142,0.057035
690363420.000,CC,recording,knock_twice_right,1,-0.096690,3.185231,9.363122,-0.025116,0.185625,0.081731
690363430.000,CC,recording,knock_twice_right,1,0.121279,3.200986,9.363757,-0.036621,0.177691,0.084476
690363440.000,CC,recording,knock_twice_right,1,0.158156,3.176826,9.221416,-0.041169,0.181330,0.077750
690363450.000,CC,recording,knock_twice_right,1,0.157000,3.178190,9.075985,-0.050007,0.169897,0.063956
690363460.000,CC,recording,knock_twice_right,1,0.176656,3.145436,9.042374,-0.063120,0.136796,0.041864
690363470.000,CC,recording,knock_twice_right,1,0.174859,3.051595,9.140500,-0.076011,0.097801,0.015944
690363480.000,CC,recording,knock_twice_right,1,0.080462,2.846106,9.147025,-0.092181,0.070132,-0.003111
690363490.000,CC,recording,knock_twice_right,1,-0.144663,2.646490,8.917784,-0.126934,0.059301,-0.007972
690363500.000,CC,recording,knock_twice_right,1,-0.329980,2.634240,8.662482,-0.187278,0.055503,-0.001371
690363510.000,CC,recording,knock_twice_right,1,-0.291751,2.694310,8.635397,-0.258983,0.046234,0.009545
690363520.000,CC,recording,knock_twice_right,1,-0.177768,2.684343,8.682876,-0.323865,0.023475,0.018648
690363530.000,CC,recording,knock_twice_right,1,-0.090113,2.646580,8.734997,-0.374644,-0.023668,0.018924
690363540.000,CC,recording,knock_twice_right,1,0.028211,2.607551,8.975564,-0.401222,-0.103585,0.001740
690363550.000,CC,recording,knock_twice_right,1,0.233853,2.627468,9.489024,-0.390716,-0.200771,-0.037235
690363560.000,CC,recording,knock_twice_right,1,0.403831,2.608772,9.827636,-0.342313,-0.294759,-0.090616
690363570.000,CC,recording,knock_twice_right,1,0.356983,2.494599,9.889427,-0.266027,-0.384282,-0.142321
690363580.000,CC,recording,knock_twice_right,1,0.326578,2.364320,9.818187,-0.185976,-0.460907,-0.176960
690363590.000,CC,recording,knock_twice_right,1,0.254406,2.272090,9.663297,-0.132131,-0.499985,-0.188653
690363600.000,CC,recording,knock_twice_right,1,0.173536,2.271218,9.488258,-0.122084,-0.473821,-0.182001
690363610.000,CC,recording,knock_twice_right,1,0.061900,2.264878,9.271296,-0.157093,-0.384431,-0.160625
690363620.000,CC,recording,knock_twice_right,1,-0.065465,2.321066,9.080585,-0.222819,-0.278943,-0.127989
690363630.000,CC,recording,knock_twice_right,1,-0.107494,2.404478,9.043336,-0.296197,-0.206884,-0.093754
690363640.000,CC,recording,knock_twice_right,1,-0.121019,2.436422,9.057414,-0.359426,-0.182127,-0.064916
690363650.000,CC,recording,knock_twice_right,1,-0.034747,2.433530,9.094144,-0.411732,-0.175874,-0.043094
690363660.000,CC,recording,knock_twice_right,1,0.048175,2.353811,9.318499,-0.455862,-0.158547,-0.029288
690363670.000,CC,recording,knock_twice_right,1,0.099352,2.214786,9.882572,-0.477004,-0.136720,-0.027592
690363680.000,CC,recording,knock_twice_right,1,0.136810,2.056639,10.496252,-0.448360,-0.130441,-0.033395
690363690.000,CC,recording,knock_twice_right,1,0.097508,1.893393,10.852842,-0.356391,-0.140813,-0.032935
690363700.000,CC,recording,knock_twice_right,1,0.076344,1.815307,10.937088,-0.220157,-0.154570,-0.023396
690363710.000,CC,recording,knock_twice_right,1,0.094883,1.816886,10.849471,-0.083553,-0.157426,-0.009087
690363720.000,CC,recording,knock_twice_right,1,0.120223,1.871911,10.424045,0.014192,-0.139465,0.006886
690363730.000,CC,recording,knock_twice_right,1,0.113944,1.907773,9.961782,0.059492,-0.110181,0.020500
690363740.000,CC,recording,knock_twice_right,1,0.118775,1.946121,9.756640,0.062842,-0.089169,0.027373
690363750.000,CC,recording,knock_twice_right,1,0.181371,2.013270,9.720270,0.044093,-0.079665,0.025951
690363760.000,CC,recording,knock_twice_right,1,0.239978,2.066187,9.781671,0.018433,-0.059933,0.019753
690363770.000,CC,recording,knock_twice_right,1,0.245539,2.021967,9.755020,-0.007610,-0.017763,0.017021
690363780.000,CC,recording,knock_twice_right,1,0.191625,2.007513,9.682363,-0.037602,0.036771,0.024145
690363790.000,CC,recording,knock_twice_right,1,0.086585,2.008876,9.590941,-0.074563,0.087757,0.039633
690363800.000,CC,recording,knock_twice_right,1,0.008071,1.997613,9.585684,-0.110251,0.127061,0.057205
690363810.000,CC,recording,knock_twice_right,1,0.083127,1.975330,9.712115,-0.133835,0.164947,0.073348
690363820.000,CC,recording,knock_twice_right,1,0.161092,1.971384,9.843805,-0.137792,0.209450,0.086444
690363830.000,CC,recording,knock_twice_right,1,0.174957,1.955108,9.917652,-0.119865,0.247980,0.091555
690363840.000,CC,recording,knock_twice_right,1,0.190014,1.967795,9.998390,-0.080211,0.263907,0.084268
690363850.000,CC,recording,knock_twice_right,1,0.305184,1.946362,10.086799,-0.017320,0.257756,0.059990
690363860.000,CC,recording,knock_twice_right,1,0.367125,1.946108,10.089292,0.063357,0.240170,0.022632
690363870.000,CC,recording,knock_twice_right,1,0.295981,1.945202,9.934287,0.142249,0.210401,-0.013498
690363880.000,CC,recording,knock_twice_right,1,-0.001221,1.851495,9.656922,0.200928,0.148015,-0.035199
690363890.000,CC,recording,knock_twice_right,1,-0.387660,1.845518,9.493437,0.237701,0.038361,-0.035131
690363900.000,CC,recording,knock_twice_right,1,-0.499598,1.910445,9.460772,0.265565,-0.115213,-0.022539
690363910.000,CC,recording,knock_twice_right,1,-0.865690,1.951049,9.096082,0.281529,-0.245557,0.005647
690363920.000,CC,recording,knock_twice_right,1,-3.278134,1.718099,7.163277,0.222529,-0.249136,0.169946
690363930.000,CC,recording,knock_twice_right,1,-5.152902,1.366209,5.886822,0.039459,-0.245878,0.469487
690363940.000,CC,recording,knock_twice_right,1,-1.679581,1.178426,8.216645,-0.203892,-0.317628,0.725093
690363950.000,CC,recording,knock_twice_right,1,0.003034,1.621559,8.808561,-0.378129,-0.316056,0.861048
690363960.000,CC,recording,knock_twice_right,1,2.730869,2.245591,10.931502,-0.397809,-0.185888,0.856580
690363970.000,CC,recording,knock_twice_right,1,4.150147,2.553578,12.082535,-0.271718,0.018718,0.694396
690363980.000,CC,recording,knock_twice_right,1,4.423273,2.376752,12.129517,-0.067934,0.209965,0.402693
690363990.000,CC,recording,knock_twice_right,1,4.046533,2.566696,11.922215,0.150987,0.321799,0.070750
690364000.000,CC,recording,knock_twice_right,1,3.141319,2.836870,11.571404,0.348011,0.363769,-0.210389
690364010.000,CC,recording,knock_twice_right,1,2.473083,2.444389,10.466311,0.478826,0.373939,-0.398792
690364020.000,CC,recording,knock_twice_right,1,1.430323,2.497469,9.020785,0.486365,0.352606,-0.499413
690364030.000,CC,recording,knock_twice_right,1,0.518332,2.247923,7.369101,0.344408,0.291646,-0.536977
690364040.000,CC,recording,knock_twice_right,1,-1.056552,2.212855,6.687811,0.093035,0.181372,-0.495512
690364050.000,CC,recording,knock_twice_right,1,-1.956151,2.675549,7.514346,-0.183208,0.052391,-0.360595
690364060.000,CC,recording,knock_twice_right,1,-1.338923,2.851663,8.588945,-0.390379,0.006512,-0.197828
690364070.000,CC,recording,knock_twice_right,1,0.248266,2.800106,9.989237,-0.453823,0.099275,-0.123534
690364080.000,CC,recording,knock_twice_right,1,1.710202,2.447113,10.898284,-0.355776,0.255063,-0.186495
690364090.000,CC,recording,knock_twice_right,1,1.215674,1.982664,10.900878,-0.154109,0.299749,-0.304358
690364100.000,CC,recording,knock_twice_right,1,-0.412760,1.794767,10.277565,0.066171,0.132728,-0.383314
690364110.000,CC,recording,knock_twice_right,1,-2.446322,1.757498,8.995264,0.222290,-0.104050,-0.333719
690364120.000,CC,recording,knock_twice_right,1,-7.204993,1.681993,5.999654,0.224325,-0.295681,-0.039826
690364130.000,CC,recording,knock_twice_right,1,-4.390771,1.158146,6.414858,0.085394,-0.520608,0.313348
690364140.000,CC,recording,knock_twice_right,1,2.524816,1.208425,9.820709,-0.044762,-0.669221,0.455886
690364150.000,CC,recording,knock_twice_right,1,3.365690,2.503852,10.896043,-0.068009,-0.564641,0.390105
690364160.000,CC,recording,knock_twice_right,1,3.030192,2.531860,11.536257,-0.020476,-0.326885,0.220432
690364170.000,CC,recording,knock_twice_right,1,2.077770,2.217233,10.799606,0.046049,-0.173882,0.053374
690364180.000,CC,recording,knock_twice_right,1,1.579518,2.177500,10.540527,0.117324,-0.145845,-0.081057
690364190.000,CC,recording,knock_twice_right,1,1.603506,2.130088,10.267931,0.184309,-0.180133,-0.199514
690364200.000,CC,recording,knock_twice_right,1,1.290422,2.133816,10.078904,0.242638,-0.304376,-0.297177
690364210.000,CC,recording,knock_twice_right,1,0.050425,1.886170,9.905378,0.303031,-0.498219,-0.324141
690364220.000,CC,recording,knock_twice_right,1,-1.118538,1.810668,9.137216,0.319068,-0.634413,-0.221584
690364230.000,CC,recording,knock_twice_right,1,-1.263974,2.263238,8.129112,0.215343,-0.680681,-0.034792
690364240.000,CC,recording,knock_twice_right,1,-0.171902,2.878167,8.722054,0.018570,-0.627228,0.111752
690364250.000,CC,recording,knock_twice_right,1,1.241736,3.035735,8.841453,-0.183224,-0.439150,0.167510
690364260.000,CC,recording,knock_twice_right,1,1.695204,2.540164,9.024973,-0.335719,-0.175767,0.155223
690364270.000,CC,recording,knock_twice_right,1,1.456072,2.194319,9.288169,-0.421780,0.031102,0.105041
690364280.000,CC,recording,knock_twice_right,1,0.855790,2.009200,9.426092,-0.440473,0.089638,0.047852
690364290.000,CC,recording,knock_twice_right,1,0.342752,1.882537,9.445176,-0.405286,0.008423,0.009402
690364300.000,CC,recording,knock_twice_right,1,0.143634,1.788492,9.219341,-0.339815,-0.149599,-0.005630
690364310.000,CC,recording,knock_twice_right,1,0.222200,1.872021,9.113408,-0.272779,-0.312378,-0.014758
690364320.000,CC,recording,knock_twice_right,1,0.523626,1.997464,8.980401,-0.229417,-0.433199,-0.033658
690364330.000,CC,recording,knock_twice_right,1,0.688304,2.063490,8.871477,-0.224989,-0.480906,-0.058344
690364340.000,CC,recording,knock_twice_right,1,0.645683,2.033702,8.694129,-0.261919,-0.434163,-0.063726
690364350.000,CC,recording,knock_twice_right,1,0.062434,1.880046,8.512776,-0.339739,-0.329990,-0.023632
690364360.000,CC,recording,knock_twice_right,1,-0.513546,1.769633,8.505721,-0.451482,-0.239179,0.060420
690364370.000,CC,recording,knock_twice_right,1,-0.388875,1.675498,8.834060,-0.566614,-0.193391,0.156711
690364380.000,CC,recording,knock_twice_right,1,0.173228,1.546400,9.369253,-0.641106,-0.178535,0.227864
690364390.000,CC,recording,knock_twice_right,1,0.673882,1.466106,10.075747,-0.638018,-0.177287,0.261292
690364400.000,CC,recording,knock_twice_right,1,0.737986,1.494551,10.716324,-0.549149,-0.200439,0.279664
690364410.000,CC,recording,knock_twice_right,1,0.443438,1.618684,11.080644,-0.397566,-0.263726,0.309643
690364420.000,CC,recording,knock_twice_right,1,0.760907,1.674093,11.165991,-0.215676,-0.327929,0.338474
690364430.000,CC,recording,knock_twice_right,1,1.197702,1.876935,11.324252,-0.021148,-0.345015,0.359606
690364440.000,CC,recording,knock_twice_right,1,0.597605,2.067253,11.395949,0.177376,-0.328272,0.403801
690364450.000,CC,recording,knock_twice_right,1,0.271647,2.053394,11.084835,0.355022,-0.310037,0.473676
690364460.000,CC,recording,knock_twice_right,1,0.295296,1.717010,10.596452,0.480653,-0.299202,0.536998
690364470.000,CC,recording,knock_twice_right,1,0.401303,1.512033,10.213614,0.542180,-0.288841,0.589461
690364480.000,CC,recording,knock_twice_right,1,0.199249,1.636035,10.313500,0.565070,-0.293368,0.662584
690364490.000,CC,recording,knock_twice_right,1,0.185028,1.896452,10.877466,0.599364,-0.344998,0.770477
690364500.000,CC,recording,knock_twice_right,1,0.741642,1.992861,11.228006,0.667229,-0.452296,0.881038
690364510.000,CC,recording,knock_twice_right,1,2.060377,1.752609,10.790991,0.735097,-0.581442,0.917291
690364520.000,CC,recording,knock_twice_right,1,3.873683,1.259855,9.637771,0.742498,-0.639426,0.800969
690364530.000,CC,recording,knock_twice_right,1,4.764038,1.336281,8.408346,0.658215,-0.559690,0.554528
690364540.000,CC,recording,knock_twice_right,1,4.083223,2.234757,7.995351,0.506913,-0.390406,0.296100
690364550.000,CC,recording,knock_twice_right,1,2.922925,2.932189,8.084657,0.336554,-0.233494,0.108122
690364560.000,CC,recording,knock_twice_right,1,2.293076,2.815749,8.148402,0.186670,-0.160665,-0.011525
690364570.000,CC,recording,knock_twice_right,1,1.909704,2.371773,8.423354,0.095355,-0.186838,-0.089428
690364580.000,CC,recording,knock_twice_right,1,1.471533,2.128014,8.790887,0.091842,-0.298846,-0.136837
690364590.000,CC,recording,knock_twice_right,1,1.267082,1.962517,8.979838,0.167438,-0.448874,-0.172743
690364600.000,CC,recording,knock_twice_right,1,1.903566,1.955980,8.541765,0.265210,-0.544883,-0.231424
690364610.000,CC,recording,knock_twice_right,1,2.522454,2.409757,7.631219,0.304457,-0.540704,-0.327110
690364620.000,CC,recording,knock_twice_right,1,2.404583,2.903778,6.903287,0.227147,-0.479169,-0.433174
690364630.000,CC,recording,knock_twice_right,1,1.900739,2.890543,6.587867,0.043239,-0.405101,-0.506400
690364640.000,CC,recording,knock_twice_right,1,1.453903,2.471708,7.101279,-0.174839,-0.315174,-0.524170
690364650.000,CC,recording,knock_twice_right,1,1.450394,2.011737,7.728845,-0.360972,-0.196462,-0.495646
690364660.000,CC,recording,knock_twice_right,1,1.531903,1.998272,8.177291,-0.500320,-0.058035,-0.445003
690364670.000,CC,recording,knock_twice_right,1,1.476864,2.102133,8.493638,-0.610010,0.069041,-0.392295
690364680.000,CC,recording,knock_twice_right,1,1.448917,2.071852,8.746400,-0.700698,0.146790,-0.348503
690364690.000,CC,recording,knock_twice_right,1,1.322165,1.913851,9.180272,-0.759460,0.166768,-0.314460
690364700.000,CC,recording,knock_twice_right,1,1.180193,1.502852,9.753053,-0.765315,0.150487,-0.274736
690364710.000,CC,recording,knock_twice_right,1,1.125303,1.141653,10.248934,-0.714422,0.112995,-0.221391
690364720.000,CC,recording,knock_twice_right,1,1.382682,0.967357,10.525791,-0.627186,0.067030,-0.170921
690364730.000,CC,recording,knock_twice_right,1,1.595255,0.938353,10.518868,-0.534702,0.025483,-0.139930
690364740.000,CC,recording,knock_twice_right,1,1.745294,0.853792,10.564119,-0.456521,0.000446,-0.133936
690364750.000,CC,recording,knock_twice_right,1,1.808162,0.745579,10.627427,-0.394249,0.012396,-0.142348
690364760.000,CC,recording,knock_twice_right,1,1.681406,0.771231,10.775563,-0.334935,0.074736,-0.144622
690364770.000,CC,recording,knock_twice_right,1,1.666962,0.769625,10.960305,-0.261504,0.178574,-0.137901
690364780.000,CC,recording,knock_twice_right,1,1.839359,0.765544,10.942909,-0.186056,0.293955,-0.140822
690364790.000,CC,recording,knock_twice_right,1,2.029508,0.831811,10.502543,-0.145142,0.387727,-0.155217
690364800.000,CC,recording,knock_twice_right,1,1.489560,1.418642,10.167102,-0.158337,0.426730,-0.139194
690364810.000,CC,recording,knock_twice_right,1,0.590380,1.888778,10.072673,-0.207376,0.402195,-0.064765
690364820.000,CC,recording,knock_twice_right,1,0.458002,1.807917,10.142068,-0.254311,0.357538,0.033706
690364830.000,CC,recording,knock_twice_right,1,0.772103,1.354089,10.227550,-0.269370,0.328096,0.113064
690364840.000,CC,recording,knock_twice_right,1,0.986187,1.249132,10.572774,-0.237321,0.304391,0.162631
690364850.000,CC,recording,knock_twice_right,1,1.249083,1.193309,10.851369,-0.159661,0.268535,0.183374
690364860.000,CC,recording,knock_twice_right,1,1.383450,1.218109,10.922338,-0.052064,0.220787,0.180254
690364870.000,CC,recording,knock_twice_right,1,1.350146,1.218049,10.734228,0.063141,0.176969,0.167337
690364880.000,CC,recording,knock_twice_right,1,1.277773,1.264997,10.436617,0.164115,0.148802,0.152527
690364890.000,CC,recording,knock_twice_right,1,1.220370,1.275260,10.179347,0.243143,0.134061,0.133620
690364900.000,CC,recording,knock_twice_right,1,1.247511,1.393389,10.010648,0.312274,0.125355,0.105809
690364910.000,CC,recording,knock_twice_right,1,1.314116,1.580099,9.850641,0.365277,0.132903,0.066480
690364920.000,CC,recording,knock_twice_right,1,1.271165,1.493659,9.560262,0.374464,0.161270,0.021557
690364930.000,CC,recording,knock_twice_right,1,1.142576,1.427644,9.445895,0.347775,0.196678,-0.023211
690364940.000,CC,recording,knock_twice_right,1,0.945854,1.480304,9.672253,0.330218,0.229591,-0.056857
690364950.000,CC,recording,knock_twice_right,1,0.662279,1.622872,10.007692,0.347790,0.242921,-0.056790
690364960.000,CC,recording,knock_twice_right,1,0.642798,1.720692,10.074572,0.387428,0.222946,-0.017017
690364970.000,CC,recording,knock_twice_right,1,0.897514,1.716718,9.979073,0.426182,0.183386,0.039502
690364980.000,CC,recording,knock_twice_right,1,1.491897,1.781933,9.870182,0.447907,0.161114,0.078253
690364990.000,CC,recording,knock_twice_right,1,1.857291,1.915948,9.659751,0.438805,0.178061,0.086316
690365000.000,CC,recording,knock_twice_right,1,1.637153,1.956316,9.431359,0.397056,0.215555,0.077544
690365010.000,CC,recording,knock_twice_right,1,1.382331,1.996446,9.317658,0.337331,0.249845,0.068196
690365020.000,CC,recording,knock_twice_right,1,1.345079,2.005357,9.325705,0.279798,0.278414,0.064523
690365030.000,CC,recording,knock_twice_right,1,1.308748,2.041231,9.337264,0.235968,0.299008,0.058806
690365040.000,CC,recording,knock_twice_right,1,1.375952,2.102182,9.444825,0.208915,0.298292,0.041590
690365050.000,CC,recording,knock_twice_right,1,1.576674,2.123725,9.592004,0.205391,0.259298,0.009011
690365060.000,CC,recording,knock_twice_right,1,1.550174,2.160113,9.729575,0.233493,0.181783,-0.032760
690365070.000,CC,recording,knock_twice_right,1,1.410216,2.188575,9.789317,0.287803,0.088744,-0.072518
690365080.000,CC,recording,knock_twice_right,1,1.435728,2.296827,9.775474,0.354046,0.008775,-0.112087
690365090.000,CC,recording,knock_twice_right,1,1.368457,2.253600,9.660992,0.408957,-0.023945,-0.152675
690365100.000,CC,recording,knock_twice_right,1,0.940183,2.053390,9.347667,0.420138,-0.004838,-0.173167
690365110.000,CC,recording,knock_twice_right,1,0.513118,1.971249,9.185905,0.385995,0.021784,-0.148065
690365120.000,CC,recording,knock_twice_right,1,0.258692,2.033070,9.294631,0.333518,0.032003,-0.075204
690365130.000,CC,recording,knock_twice_right,1,0.297642,2.038757,9.382896,0.280139,0.046440,0.024847
690365140.000,CC,recording,knock_twice_right,1,0.539862,2.055227,9.519231,0.237007,0.076972,0.123412
690365150.000,CC,recording,knock_twice_right,1,0.700152,2.083163,9.667617,0.211957,0.116860,0.199412
690365160.000,CC,recording,knock_twice_right,1,0.937707,2.138604,9.733104,0.202073,0.159566,0.249319
690365170.000,CC,recording,knock_twice_right,1,0.984387,2.204026,9.704874,0.200374,0.198659,0.282686
690365180.000,CC,recording,knock_twice_right,1,0.886251,2.233983,9.619922,0.199224,0.230110,0.310571
690365190.000,CC,recording,knock_twice_right,1,0.630340,2.217980,9.583985,0.196744,0.248403,0.340739
690365200.000,CC,recording,knock_twice_right,1,0.506965,2.153123,9.636432,0.198745,0.246821,0.374400
690365210.000,CC,recording,knock_twice_right,1,0.669574,2.153146,9.752044,0.209954,0.236105,0.406387
690365220.000,CC,recording,knock_twice_right,1,0.927374,2.259814,9.888786,0.229757,0.241436,0.431788
690365230.000,CC,recording,knock_twice_right,1,1.200155,2.305046,10.007761,0.252175,0.276602,0.444721
690365240.000,CC,recording,knock_twice_right,1,1.316381,2.280576,10.023991,0.272448,0.336761,0.444073
690365250.000,CC,recording,knock_twice_right,1,1.226348,2.323738,9.906019,0.288877,0.400516,0.438473
690365260.000,CC,recording,knock_twice_right,1,1.011261,2.392404,9.687771,0.297412,0.443734,0.434693
690365270.000,CC,recording,knock_twice_right,1,0.877453,2.465241,9.420178,0.295225,0.453158,0.433024
690365280.000,CC,recording,knock_twice_right,1,0.784054,2.531080,9.324710,0.289060,0.424005,0.426616
690365290.000,CC,recording,knock_twice_right,1,0.733238,2.591687,9.405789,0.291533,0.358514,0.405550
690365300.000,CC,recording,knock_twice_right,1,0.748265,2.601106,9.540422,0.310324,0.269364,0.374015
690365310.000,CC,recording,knock_twice_right,1,0.700637,2.549184,9.636660,0.349685,0.169814,0.342306
690365320.000,CC,recording,knock_twice_right,1,0.708128,2.551972,9.699518,0.409887,0.068402,0.312973
690365330.000,CC,recording,knock_twice_right,1,0.694352,2.586103,9.713758,0.482349,-0.020449,0.286677
690365340.000,CC,recording,knock_twice_right,1,0.725549,2.677406,9.610884,0.550679,-0.073423,0.266313
690365350.000,CC,recording,knock_twice_right,1,0.865076,2.825984,9.312472,0.589407,-0.067133,0.252231
690365360.000,CC,recording,knock_twice_right,1,1.022992,2.916091,8.858366,0.575175,0.002176,0.239221
690365370.000,CC,recording,knock_twice_right,1,1.063842,2.996875,8.532206,0.509581,0.105875,0.226520
690365380.000,CC,recording,knock_twice_right,1,0.888401,3.141958,8.411740,0.416540,0.199453,0.217332
690365390.000,CC,recording,knock_twice_right,1,0.758317,3.241410,8.403316,0.327012,0.249748,0.210188
690365400.000,CC,recording,knock_twice_right,1,0.573430,3.244211,8.499300,0.261565,0.243580,0.202066
690365410.000,CC,recording,knock_twice_right,1,0.506803,3.248359,8.535543,0.224128,0.183445,0.192583
690365420.000,CC,recording,knock_twice_right,1,0.451603,3.224589,8.696407,0.216078,0.081756,0.180418
690365430.000,CC,recording,knock_twice_right,1,0.560746,3.223761,8.912502,0.236791,-0.035686,0.166630
690365440.000,CC,recording,knock_twice_right,1,0.638961,3.256018,8.927582,0.269943,-0.135407,0.153915
690365450.000,CC,recording,knock_twice_right,1,0.689958,3.301496,8.766969,0.289248,-0.199604,0.141613
690365460.000,CC,recording,knock_twice_right,1,0.766890,3.321334,8.628563,0.278395,-0.223011,0.132340
690365470.000,CC,recording,knock_twice_right,1,0.805193,3.271985,8.544260,0.242517,-0.204416,0.128569
690365480.000,CC,recording,knock_twice_right,1,0.870206,3.207589,8.581059,0.196955,-0.156417,0.130969
690365490.000,CC,recording,knock_twice_right,1,0.869578,3.211643,8.611857,0.150836,-0.100555,0.138926
690365500.000,CC,recording,knock_twice_right,1,0.830087,3.214283,8.639719,0.109720,-0.059529,0.145761
690365510.000,CC,recording,knock_twice_right,1,0.914811,3.264648,8.722269,0.077806,-0.045112,0.145840
690365520.000,CC,recording,knock_twice_right,1,1.083569,3.310690,8.804964,0.053986,-0.041644,0.137030
690365530.000,CC,recording,knock_twice_right,1,1.310105,3.354012,8.798192,0.029455,-0.022829,0.118874
690365540.000,CC,recording,knock_twice_right,1,1.369426,3.341357,8.758148,-0.004078,0.017177,0.094700
690365550.000,CC,recording,knock_twice_right,1,1.256769,3.260657,8.787752,-0.043545,0.061788,0.073037
690365560.000,CC,recording,knock_twice_right,1,0.958259,3.211148,8.881659,-0.078276,0.092271,0.063514
690365570.000,CC,recording,knock_twice_right,1,0.797779,3.161551,8.977458,-0.099195,0.101505,0.066510
690365580.000,CC,recording,knock_twice_right,1,0.815388,3.104029,9.093658,-0.102096,0.087494,0.074442
690365590.000,CC,recording,knock_twice_right,1,0.885497,3.147537,9.158554,-0.088855,0.052002,0.077272
690365600.000,CC,recording,knock_twice_right,1,0.947583,3.174263,9.199254,-0.066123,0.000141,0.069480
690365610.000,CC,recording,knock_twice_right,1,1.008538,3.177044,9.240303,-0.039686,-0.064022,0.052591
690365620.000,CC,recording,knock_twice_right,1,1.079463,3.193038,9.275443,-0.010887,-0.128352,0.029457
690365630.000,CC,recording,knock_twice_right,1,1.096559,3.197745,9.236544,0.011408,-0.170741,0.005306
690365640.000,CC,recording,knock_twice_right,1,0.989106,3.190412,9.129264,0.014322,-0.172095,-0.009755
690365650.000,CC,recording,knock_twice_right,1,0.860508,3.155904,9.063778,-0.003781,-0.133921,-0.008270
690365660.000,CC,recording,knock_twice_right,1,0.801794,3.171855,9.030621,-0.036172,-0.074211,0.005961
690365670.000,CC,recording,knock_twice_right,1,0.837520,3.179427,9.065119,-0.073998,-0.011387,0.022552
690365680.000,CC,recording,knock_twice_right,1,0.951757,3.210796,9.166911,-0.104739,0.038919,0.032361
690365690.000,CC,recording,knock_twice_right,1,1.056692,3.209247,9.359997,-0.116739,0.061445,0.030404
690365700.000,CC,recording,knock_twice_right,1,1.054254,3.229843,9.510240,-0.107570,0.052269,0.018237
690365710.000,CC,recording,knock_twice_right,1,1.005168,3.199777,9.590329,-0.079897,0.022643,0.003455
690365720.000,CC,recording,knock_twice_right,1,0.944227,3.183429,9.609471,-0.041004,-0.015983,-0.008718
690365730.000,CC,recording,knock_twice_right,1,0.924301,3.202813,9.586066,-0.002313,-0.053988,-0.018044
690365740.000,CC,recording,knock_twice_right,1,0.946425,3.200122,9.541287,0.029167,-0.083143,-0.024438
690365750.000,CC,recording,knock_twice_right,1,0.969556,3.184887,9.490177,0.050463,-0.098471,-0.027514
690365760.000,CC,recording,knock_twice_right,1,0.985562,3.213874,9.428497,0.059362,-0.098756,-0.028522
690365770.000,CC,recording,knock_twice_right,1,0.994234,3.260546,9.343381,0.057172,-0.084019,-0.029112
690365780.000,CC,recording,knock_twice_right,1,1.023878,3.252221,9.244074,0.044604,-0.053573,-0.029675
690365790.000,CC,recording,knock_twice_right,1,0.980905,3.252365,9.174882,0.021572,-0.010684,-0.029710
690365800.000,CC,recording,knock_twice_right,1,0.934658,3.212800,9.179864,-0.007550,0.035839,-0.027417
690365810.000,CC,recording,knock_twice_right,1,0.822078,3.144068,9.191218,-0.036045,0.077207,-0.021165
690365820.000,CC,recording,knock_twice_right,1,0.756331,3.115393,9.245046,-0.058450,0.105930,-0.012372
690365830.000,CC,recording,knock_twice_right,1,0.806917,3.141790,9.296896,-0.071070,0.118623,-0.005712
690365840.000,CC,recording,knock_twice_right,1,0.900524,3.139541,9.331410,-0.071879,0.117044,-0.005772
690365850.000,CC,recording,knock_twice_right,1,0.933093,3.121315,9.364826,-0.063221,0.101483,-0.011893
690365860.000,CC,recording,knock_twice_right,1,0.852792,3.107781,9.343034,-0.051158,0.076423,-0.018766
690365870.000,CC,recording,knock_twice_right,1,0.761833,3.079463,9.289656,-0.039781,0.053689,-0.021116
690365880.000,CC,recording,knock_twice_right,1,0.701983,3.043936,9.245812,-0.032895,0.041668,-0.017757
690365890.000,CC,recording,knock_twice_right,1,0.754458,3.046372,9.251115,-0.031815,0.040126,-0.012345
690365900.000,CC,recording,knock_twice_right,1,0.805132,3.027879,9.234842,-0.035142,0.045904,-0.009088
690365910.000,CC,recording,knock_twice_right,1,0.806820,3.018605,9.225798,-0.040098,0.051728,-0.007447
690365920.000,CC,recording,knock_twice_right,1,0.743225,3.025551,9.256099,-0.041850,0.049649,-0.004720
690365930.000,CC,recording,knock_twice_right,1,0.708755,3.031586,9.238300,-0.041560,0.042492,-0.000598
690365940.000,CC,recording,knock_twice_right,1,0.696114,3.032120,9.175217,-0.042976,0.036003,0.005479
690365950.000,CC,recording,knock_twice_right,1,0.737000,3.045950,9.124648,-0.047256,0.032017,0.011938
690365960.000,CC,recording,knock_twice_right,1,0.789669,3.061840,9.140792,-0.055092,0.032684,0.016864
690365970.000,CC,recording,knock_twice_right,1,0.801636,3.029557,9.133611,-0.064912,0.037846,0.021756
690365980.000,CC,recording,knock_twice_right,1,0.776752,3.003887,9.229189,-0.070318,0.039337,0.026665
690365990.000,CC,recording,knock_twice_right,1,0.756737,2.989579,9.300059,-0.067036,0.030019,0.029749
690366000.000,CC,recording,knock_twice_right,1,0.774796,3.010502,9.290364,-0.056273,0.008761,0.029900
690366010.000,CC,recording,knock_twice_right,1,0.837511,3.049926,9.250678,-0.042291,-0.026777,0.024398
690366020.000,CC,recording,knock_twice_right,1,0.906646,3.113735,9.157930,-0.030110,-0.079496,0.009064
690366030.000,CC,recording,knock_twice_right,1,0.938844,3.145061,9.048662,-0.025695,-0.143669,-0.015483
690366040.000,CC,recording,knock_twice_right,1,0.933881,3.083479,9.003403,-0.030838,-0.200338,-0.040747
690366050.000,CC,recording,knock_twice_right,2,0.897326,2.956161,9.075893,-0.041139,-0.235616,-0.055535
690366060.000,CC,recording,knock_twice_right,2,0.760458,2.960389,9.112926,-0.055522,-0.247733,-0.052497
690366070.000,CC,recording,knock_twice_right,2,0.808350,3.043861,9.076768,-0.077590,-0.235408,-0.038515
690366080.000,CC,recording,knock_twice_right,2,1.025190,3.143672,8.991876,-0.109232,-0.196693,-0.028094
690366090.000,CC,recording,knock_twice_right,2,1.161068,3.187912,8.908952,-0.149833,-0.136220,-0.023073
690366100.000,CC,recording,knock_twice_right,2,1.149647,3.136002,8.801419,-0.198309,-0.066133,-0.020722
690366110.000,CC,recording,knock_twice_right,2,1.040566,3.081604,8.797317,-0.250381,0.000802,-0.018939
690366120.000,CC,recording,knock_twice_right,2,0.939084,3.069970,8.832870,-0.294810,0.064918,-0.020511
690366130.000,CC,recording,knock_twice_right,2,1.073732,3.014486,9.032034,-0.279957,0.178219,-0.044717
690366140.000,CC,recording,knock_twice_right,2,1.208281,2.849081,9.334512,-0.214868,0.292177,-0.088834
690366150.000,CC,recording,knock_twice_right,2,1.194241,2.707603,9.433604,-0.181700,0.268898,-0.121546
690366160.000,CC,recording,knock_twice_right,2,0.902203,2.837510,9.726337,-0.175157,0.123908,-0.127340
690366170.000,CC,recording,knock_twice_right,2,0.823889,2.885692,9.960501,-0.140289,-0.021541,-0.116465
690366180.000,CC,recording,knock_twice_right,2,1.066195,2.772833,9.906353,-0.072787,-0.096517,-0.108669
690366190.000,CC,recording,knock_twice_right,2,1.120503,2.702044,9.668800,-0.010295,-0.127228,-0.107107
690366200.000,CC,recording,knock_twice_right,2,1.003841,2.788270,9.519585,0.021346,-0.159898,-0.103944
690366210.000,CC,recording,knock_twice_right,2,0.974273,2.899902,9.445387,0.026762,-0.191535,-0.096879
690366220.000,CC,recording,knock_twice_right,2,0.997430,2.904908,9.376387,0.021489,-0.198176,-0.087693
690366230.000,CC,recording,knock_twice_right,2,0.940708,2.862991,9.268924,0.009663,-0.180352,-0.078631
690366240.000,CC,recording,knock_twice_right,2,0.829635,2.822905,9.238875,-0.011277,-0.153363,-0.067411
690366250.000,CC,recording,knock_twice_right,2,0.751821,2.782024,9.295433,-0.035248,-0.121453,-0.052150
690366260.000,CC,recording,knock_twice_right,2,0.709809,2.730933,9.351809,-0.054105,-0.086004,-0.031581
690366270.000,CC,recording,knock_twice_right,2,0.630807,2.690304,9.396787,-0.065881,-0.057060,-0.004838
690366280.000,CC,recording,knock_twice_right,2,0.651689,2.672649,9.472715,-0.071835,-0.044659,0.023065
690366290.000,CC,recording,knock_twice_right,2,0.798722,2.692049,9.562954,-0.071653,-0.038654,0.043117
690366300.000,CC,recording,knock_twice_right,2,0.972442,2.695905,9.747787,-0.061642,-0.023871,0.050438
690366310.000,CC,recording,knock_twice_right,2,1.052562,2.586190,9.982067,-0.036432,0.000777,0.048093
690366320.000,CC,recording,knock_twice_right,2,1.050625,2.509887,10.121181,0.002470,0.034110,0.044376
690366330.000,CC,recording,knock_twice_right,2,0.929548,2.540983,10.089190,0.047553,0.074720,0.046451
690366340.000,CC,recording,knock_twice_right,2,0.825404,2.582153,9.969715,0.091952,0.122762,0.058566
690366350.000,CC,recording,knock_twice_right,2,0.781712,2.614191,9.812913,0.127314,0.175578,0.078181
690366360.000,CC,recording,knock_twice_right,2,0.723276,2.678567,9.615560,0.147406,0.213859,0.097337
690366370.000,CC,recording,knock_twice_right,2,0.660904,2.754421,9.487870,0.159232,0.215864,0.110255
690366380.000,CC,recording,knock_twice_right,2,0.674256,2.855141,9.514035,0.174301,0.177746,0.112578
690366390.000,CC,recording,knock_twice_right,2,0.809168,2.906223,9.660942,0.201651,0.119344,0.105055
690366400.000,CC,recording,knock_twice_right,2,1.054224,2.916706,9.706397,0.244161,0.071134,0.088290
690366410.000,CC,recording,knock_twice_right,2,1.107276,2.890549,9.616063,0.290450,0.044631,0.063401
690366420.000,CC,recording,knock_twice_right,2,1.055665,2.981378,9.508596,0.326115,0.038844,0.039303
690366430.000,CC,recording,knock_twice_right,2,0.932778,3.016875,9.308374,0.340586,0.058188,0.024837
690366440.000,CC,recording,knock_twice_right,2,0.831778,3.066995,9.104949,0.327000,0.101077,0.022893
690366450.000,CC,recording,knock_twice_right,2,0.771269,3.094765,8.979063,0.289577,0.158836,0.029277
690366460.000,CC,recording,knock_twice_right,2,0.789621,3.121160,9.055589,0.245984,0.220146,0.037964
690366470.000,CC,recording,knock_twice_right,2,0.802653,3.111670,9.162124,0.211622,0.268584,0.045434
690366480.000,CC,recording,knock_twice_right,2,0.732618,3.133626,9.215029,0.190464,0.288530,0.049698
690366490.000,CC,recording,knock_twice_right,2,0.749823,3.191539,9.189142,0.181459,0.280402,0.049091
690366500.000,CC,recording,knock_twice_right,2,0.802158,3.258766,9.100320,0.180234,0.253607,0.042949
690366510.000,CC,recording,knock_twice_right,2,0.775752,3.281381,9.000163,0.180592,0.208616,0.032315
690366520.000,CC,recording,knock_twice_right,2,0.754245,3.330329,9.011708,0.181791,0.146973,0.017975
690366530.000,CC,recording,knock_twice_right,2,0.750261,3.365086,9.050862,0.186040,0.082215,0.002988
690366540.000,CC,recording,knock_twice_right,2,0.715108,3.350373,9.082525,0.191682,0.032854,-0.009216
690366550.000,CC,recording,knock_twice_right,2,0.702703,3.305608,9.087751,0.194288,0.012231,-0.016073
690366560.000,CC,recording,knock_twice_right,2,0.703806,3.279735,9.096820,0.186757,0.027669,-0.014330
690366570.000,CC,recording,knock_twice_right,2,0.636549,3.275430,8.991968,0.162246,0.076686,-0.003139
690366580.000,CC,recording,knock_twice_right,2,0.567181,3.284707,8.936850,0.118764,0.147276,0.014818
690366590.000,CC,recording,knock_twice_right,2,0.608168,3.319770,8.882055,0.062333,0.226276,0.032786
690366600.000,CC,recording,knock_twice_right,2,0.684029,3.338550,8.954462,0.006654,0.299095,0.042665
690366610.000,CC,recording,knock_twice_right,2,0.690262,3.342638,9.080314,-0.035756,0.351495,0.043337
690366620.000,CC,recording,knock_twice_right,2,0.599798,3.301755,9.263468,-0.054808,0.368547,0.037198
690366630.000,CC,recording,knock_twice_right,2,0.556873,3.298216,9.428085,-0.045424,0.340191,0.024763
690366640.000,CC,recording,knock_twice_right,2,0.512602,3.292976,9.524060,-0.012238,0.277195,0.008969
690366650.000,CC,recording,knock_twice_right,2,0.446859,3.279476,9.442896,0.032317,0.200574,-0.003197
690366660.000,CC,recording,knock_twice_right,2,0.334391,3.264870,9.334310,0.074431,0.125165,-0.007336
690366670.000,CC,recording,knock_twice_right,2,0.307135,3.296824,9.218922,0.103960,0.060828,-0.005080
690366680.000,CC,recording,knock_twice_right,2,0.368437,3.345163,9.132214,0.118046,0.022550,0.000499
690366690.000,CC,recording,knock_twice_right,2,0.442716,3.311936,9.054609,0.118300,0.017457,0.008253
690366700.000,CC,recording,knock_twice_right,2,0.447811,3.337346,8.990258,0.103995,0.031023,0.015599
690366710.000,CC,recording,knock_twice_right,2,0.468485,3.427879,8.942716,0.078269,0.047354,0.017641
690366720.000,CC,recording,knock_twice_right,2,0.500804,3.458492,8.943264,0.048717,0.060974,0.012528
690366730.000,CC,recording,knock_twice_right,2,0.538508,3.441700,9.012553,0.023288,0.069347,0.003259
690366740.000,CC,recording,knock_twice_right,2,0.522275,3.444622,9.176913,0.010145,0.070172,-0.008014
690366750.000,CC,recording,knock_twice_right,2,0.559228,3.374893,9.336277,0.013939,0.068460,-0.020423
690366760.000,CC,recording,knock_twice_right,2,0.527665,3.314214,9.421324,0.032889,0.064444,-0.029133
690366770.000,CC,recording,knock_twice_right,2,0.472839,3.322801,9.431189,0.060292,0.051063,-0.032473
690366780.000,CC,recording,knock_twice_right,2,0.417827,3.369374,9.344913,0.088097,0.029732,-0.032632
690366790.000,CC,recording,knock_twice_right,2,0.441865,3.419169,9.226963,0.107720,0.005886,-0.032427
690366800.000,CC,recording,knock_twice_right,2,0.489926,3.468698,9.090364,0.113569,-0.014918,-0.035091
690366810.000,CC,recording,knock_twice_right,2,0.548752,3.499079,9.037170,0.105556,-0.022528,-0.040879
690366820.000,CC,recording,knock_twice_right,2,0.585455,3.459853,9.016643,0.088307,-0.009897,-0.049284
690366830.000,CC,recording,knock_twice_right,2,0.571231,3.433682,9.087805,0.070000,0.020641,-0.057532
690366840.000,CC,recording,knock_twice_right,2,0.483408,3.396612,9.163798,0.055623,0.058726,-0.059333
690366850.000,CC,recording,knock_twice_right,2,0.371832,3.362943,9.193087,0.047498,0.096249,-0.052422
690366860.000,CC,recording,knock_twice_right,2,0.365387,3.362401,9.227954,0.046916,0.126196,-0.041272
690366870.000,CC,recording,knock_twice_right,2,0.373751,3.385160,9.229158,0.052454,0.139622,-0.033262
690366880.000,CC,recording,knock_twice_right,2,0.371062,3.413743,9.222047,0.063761,0.133252,-0.031521
690366890.000,CC,recording,knock_twice_right,2,0.335516,3.405645,9.203092,0.077407,0.113140,-0.033089
690366900.000,CC,recording,knock_twice_right,2,0.303305,3.402044,9.132686,0.088310,0.092123,-0.034698
690366910.000,CC,recording,knock_twice_right,2,0.282880,3.403748,9.044953,0.092439,0.081662,-0.033993
690366920.000,CC,recording,knock_twice_right,2,0.313771,3.425513,9.006759,0.086560,0.090235,-0.030816
690366930.000,CC,recording,knock_twice_right,2,0.305933,3.421029,8.968074,0.073279,0.118037,-0.025867
690366940.000,CC,recording,knock_twice_right,2,0.340003,3.464534,9.024774,0.059500,0.152640,-0.022299
690366950.000,CC,recording,knock_twice_right,2,0.378580,3.477554,9.030724,0.049796,0.188138,-0.021394
690366960.000,CC,recording,knock_twice_right,2,0.415615,3.496906,9.090236,0.042938,0.234932,-0.022718
690366970.000,CC,recording,knock_twice_right,2,0.581332,3.507425,9.156532,0.037806,0.296799,-0.029890
690366980.000,CC,recording,knock_twice_right,2,0.679435,3.536641,9.293120,0.037232,0.358833,-0.046660
690366990.000,CC,recording,knock_twice_right,2,0.533709,3.560873,9.395077,0.044755,0.392927,-0.070954
690367000.000,CC,recording,knock_twice_right,2,0.342363,3.611588,9.438714,0.060958,0.387780,-0.093611
690367010.000,CC,recording,knock_twice_right,2,0.163515,3.624500,9.294908,0.076771,0.359336,-0.105728
690367020.000,CC,recording,knock_twice_right,2,-0.024252,3.590708,9.036459,0.081654,0.321671,-0.106803
690367030.000,CC,recording,knock_twice_right,2,-0.129679,3.580292,8.893396,0.073553,0.276963,-0.101955
690367040.000,CC,recording,knock_twice_right,2,-0.144748,3.609193,8.840985,0.056838,0.229220,-0.097103
690367050.000,CC,recording,knock_twice_right,2,-0.164252,3.620610,8.858185,0.037639,0.185401,-0.093655
690367060.000,CC,recording,knock_twice_right,2,-0.205898,3.590530,8.928459,0.023797,0.149752,-0.088257
690367070.000,CC,recording,knock_twice_right,2,-0.310642,3.497664,9.004571,0.018972,0.115594,-0.077835
690367080.000,CC,recording,knock_twice_right,2,-0.453149,3.485852,9.010922,0.019975,0.074947,-0.060214
690367090.000,CC,recording,knock_twice_right,2,-0.470591,3.473276,8.960566,0.022041,0.033978,-0.038022
690367100.000,CC,recording,knock_twice_right,2,-0.405501,3.456677,8.949698,0.018915,0.001432,-0.017815
690367110.000,CC,recording,knock_twice_right,2,-0.226179,3.472824,8.973457,0.011780,-0.017750,-0.005223
690367120.000,CC,recording,knock_twice_right,2,-0.061206,3.490654,9.094626,0.004618,-0.023868,-0.002482
690367130.000,CC,recording,knock_twice_right,2,0.008850,3.456045,9.137752,-0.003066,-0.020463,-0.009141
690367140.000,CC,recording,knock_twice_right,2,0.052921,3.425542,9.260742,-0.005514,-0.015433,-0.020678
690367150.000,CC,recording,knock_twice_right,2,0.042427,3.445401,9.413191,0.008121,-0.018015,-0.033220
690367160.000,CC,recording,knock_twice_right,2,0.041872,3.462387,9.500962,0.040378,-0.034404,-0.047899
690367170.000,CC,recording,knock_twice_right,2,0.123857,3.437743,9.432989,0.086293,-0.074184,-0.066962
690367180.000,CC,recording,knock_twice_right,2,0.084841,3.498980,9.351860,0.138751,-0.149283,-0.090850
690367190.000,CC,recording,knock_twice_right,2,-0.074941,3.538433,9.237959,0.196858,-0.268453,-0.117792
690367200.000,CC,recording,knock_twice_right,2,-0.305770,3.598648,9.120362,0.263799,-0.434626,-0.141649
690367210.000,CC,recording,knock_twice_right,2,-0.699786,3.579767,8.634860,0.320935,-0.600097,-0.160042
690367220.000,CC,recording,knock_twice_right,2,-1.958400,3.355452,7.013388,0.267027,-0.691651,-0.071135
690367230.000,CC,recording,knock_twice_right,2,-3.435019,3.119256,5.511597,0.070103,-0.734244,0.138689
690367240.000,CC,recording,knock_twice_right,2,-0.914139,3.044820,8.021100,-0.123205,-0.745423,0.328325
690367250.000,CC,recording,knock_twice_right,2,-0.166530,3.360123,8.793448,-0.223981,-0.692534,0.427355
690367260.000,CC,recording,knock_twice_right,2,1.818205,3.256405,10.030898,-0.234627,-0.582202,0.418829
690367270.000,CC,recording,knock_twice_right,2,2.312960,3.599222,10.850050,-0.159925,-0.437072,0.318065
690367280.000,CC,recording,knock_twice_right,2,2.913197,3.667786,11.293796,-0.028196,-0.277293,0.155741
690367290.000,CC,recording,knock_twice_right,2,3.251112,3.769925,11.310658,0.123934,-0.106148,-0.038624
690367300.000,CC,recording,knock_twice_right,2,3.076155,3.955605,11.101563,0.265090,0.075621,-0.232896
690367310.000,CC,recording,knock_twice_right,2,2.426446,4.067463,10.362597,0.357964,0.261171,-0.383315
690367320.000,CC,recording,knock_twice_right,2,1.460740,4.239245,9.302726,0.371672,0.432386,-0.455123
690367330.000,CC,recording,knock_twice_right,2,0.132374,4.437471,8.227437,0.295202,0.564983,-0.425258
690367340.000,CC,recording,knock_twice_right,2,-1.237379,4.066640,6.813483,0.124458,0.651049,-0.307814
690367350.000,CC,recording,knock_twice_right,2,-1.597599,3.579697,6.255174,-0.110546,0.677870,-0.143128
690367360.000,CC,recording,knock_twice_right,2,-1.356178,4.242153,7.287338,-0.321627,0.617164,0.013239
690367370.000,CC,recording,knock_twice_right,2,0.032655,4.345495,8.677247,-0.424173,0.481885,0.075259
690367380.000,CC,recording,knock_twice_right,2,1.598487,3.864300,9.880823,-0.376036,0.316437,-0.014313
690367390.000,CC,recording,knock_twice_right,2,2.028486,3.634643,10.917064,-0.186820,0.141499,-0.204425
690367400.000,CC,recording,knock_twice_right,2,1.080381,3.533550,10.950953,0.068932,-0.049699,-0.385046
690367410.000,CC,recording,knock_twice_right,2,-0.212549,3.420958,10.056284,0.305562,-0.262401,-0.489019
690367420.000,CC,recording,knock_twice_right,2,-2.019473,3.289004,8.400369,0.417908,-0.437879,-0.426939
690367430.000,CC,recording,knock_twice_right,2,-5.564313,3.302358,5.303545,0.267451,-0.581081,-0.128915
690367440.000,CC,recording,knock_twice_right,2,-4.298463,3.184313,4.889747,-0.042582,-0.716543,0.215583
690367450.000,CC,recording,knock_twice_right,2,0.643546,3.124947,8.649835,-0.230035,-0.767456,0.364767
690367460.000,CC,recording,knock_twice_right,2,2.769458,3.708371,10.970315,-0.206051,-0.717858,0.299068
690367470.000,CC,recording,knock_twice_right,2,3.492771,3.666800,11.985787,-0.039376,-0.608134,0.115375
690367480.000,CC,recording,knock_twice_right,2,2.877165,3.393295,11.812746,0.173682,-0.462233,-0.070917
690367490.000,CC,recording,knock_twice_right,2,1.804899,3.397058,11.040359,0.350290,-0.293516,-0.188055
690367500.000,CC,recording,knock_twice_right,2,0.521319,3.493872,9.913182,0.442789,-0.132725,-0.206614
690367510.000,CC,recording,knock_twice_right,2,-0.848231,3.285686,8.926734,0.447800,0.015606,-0.097352
690367520.000,CC,recording,knock_twice_right,2,-1.677299,3.470916,7.874630,0.346664,0.165459,0.116330
690367530.000,CC,recording,knock_twice_right,2,-1.008335,4.160145,6.862525,0.144379,0.255003,0.312868
690367540.000,CC,recording,knock_twice_right,2,0.011280,4.351566,7.533626,-0.069723,0.248380,0.409675
690367550.000,CC,recording,knock_twice_right,2,0.946807,4.425800,8.306250,-0.213295,0.198873,0.405844
690367560.000,CC,recording,knock_twice_right,2,1.382978,4.107034,9.036637,-0.262087,0.138823,0.323674
690367570.000,CC,recording,knock_twice_right,2,1.270847,3.825939,9.502921,-0.228855,0.066345,0.210951
690367580.000,CC,recording,knock_twice_right,2,0.688842,3.711562,9.572311,-0.147379,-0.013638,0.116415
690367590.000,CC,recording,knock_twice_right,2,0.185420,3.556176,9.260453,-0.061875,-0.092478,0.064530
690367600.000,CC,recording,knock_twice_right,2,-0.170225,3.534369,8.915219,-0.001580,-0.158752,0.057582
690367610.000,CC,recording,knock_twice_right,2,-0.189581,3.569966,8.690364,0.028100,-0.212002,0.079049
690367620.000,CC,recording,knock_twice_right,2,0.070011,3.678814,8.629746,0.034972,-0.258612,0.103645
690367630.000,CC,recording,knock_twice_right,2,0.429804,3.789121,8.752280,0.027847,-0.287577,0.113978
690367640.000,CC,recording,knock_twice_right,2,0.791086,3.846151,9.006254,0.018185,-0.279480,0.103575
690367650.000,CC,recording,knock_twice_right,2,1.011693,3.749271,9.283814,0.015552,-0.238153,0.080163
690367660.000,CC,recording,knock_twice_right,2,0.906269,3.732337,9.411824,0.020872,-0.184287,0.057544
690367670.000,CC,recording,knock_twice_right,2,0.738873,3.761166,9.353345,0.026552,-0.130611,0.045187
690367680.000,CC,recording,knock_twice_right,2,0.639911,3.775959,9.208658,0.021432,-0.079876,0.044183
690367690.000,CC,recording,knock_twice_right,2,0.739571,3.818683,9.130997,0.005773,-0.027091,0.045655
690367700.000,CC,recording,knock_twice_right,2,0.880227,3.768413,9.238554,-0.007637,0.024534,0.042228
690367710.000,CC,recording,knock_twice_right,2,0.909967,3.787129,9.346827,-0.007943,0.060970,0.031728
690367720.000,CC,recording,knock_twice_right,2,0.833311,3.785970,9.338817,0.004038,0.076030,0.017360
690367730.000,CC,recording,knock_twice_right,2,0.714053,3.761644,9.156885,0.016693,0.074592,0.003895
690367740.000,CC,recording,knock_twice_right,2,0.592586,3.750029,8.927654,0.017204,0.063185,-0.005775
690367750.000,CC,recording,knock_twice_right,2,0.471996,3.742076,8.745522,0.003383,0.043432,-0.009210
690367760.000,CC,recording,knock_twice_right,2,0.287458,3.717260,8.678307,-0.019017,0.013079,-0.005285
690367770.000,CC,recording,knock_twice_right,2,0.169866,3.697048,8.692859,-0.044190,-0.028729,0.007084
690367780.000,CC,recording,knock_twice_right,2,0.192058,3.751368,8.770209,-0.065742,-0.070949,0.025860
690367790.000,CC,recording,knock_twice_right,2,0.397506,3.716823,8.753940,-0.083865,-0.098383,0.041733
690367800.000,CC,recording,knock_twice_right,2,0.568034,3.665245,8.747358,-0.103886,-0.111441,0.046851
690367810.000,CC,recording,knock_twice_right,2,0.634208,3.740752,8.807707,-0.123857,-0.112158,0.044716
690367820.000,CC,recording,knock_twice_right,2,0.726151,3.771735,8.916710,-0.136887,-0.102219,0.038687
690367830.000,CC,recording,knock_twice_right,2,0.890409,3.765037,9.082361,-0.138379,-0.088304,0.025137
690367840.000,CC,recording,knock_twice_right,2,1.003230,3.747112,9.191340,-0.127821,-0.076658,0.005756
690367850.000,CC,recording,knock_twice_right,2,1.061983,3.763835,9.282846,-0.105675,-0.067869,-0.015828
690367860.000,CC,recording,knock_twice_right,2,1.149247,3.778864,9.360603,-0.071672,-0.058753,-0.041417
690367870.000,CC,recording,knock_twice_right,2,1.179453,3.763779,9.365262,-0.030326,-0.054780,-0.070255
690367880.000,CC,recording,knock_twice_right,2,1.097231,3.781176,9.335412,0.008791,-0.061636,-0.098640
690367890.000,CC,recording,knock_twice_right,2,1.018064,3.788587,9.231813,0.040560,-0.073843,-0.124537
690367900.000,CC,recording,knock_twice_right,2,1.024171,3.798635,9.242382,0.065783,-0.084237,-0.149224
690367910.000,CC,recording,knock_twice_right,2,1.102814,3.749322,9.272726,0.087222,-0.092139,-0.177202
690367920.000,CC,recording,knock_twice_right,2,1.098820,3.762758,9.352315,0.106504,-0.099584,-0.209022
690367930.000,CC,recording,knock_twice_right,2,0.921357,3.779432,9.396748,0.123283,-0.105784,-0.235101
690367940.000,CC,recording,knock_twice_right,2,0.691530,3.700358,9.475430,0.141864,-0.102688,-0.246053
690367950.000,CC,recording,knock_twice_right,2,0.610048,3.614770,9.578032,0.164535,-0.084570,-0.239531
690367960.000,CC,recording,knock_twice_right,2,0.394790,3.524533,9.487311,0.186562,-0.060177,-0.213404
690367970.000,CC,recording,knock_twice_right,2,0.087717,3.517719,9.349770,0.202293,-0.042799,-0.165621
690367980.000,CC,recording,knock_twice_right,2,-0.090319,3.532637,9.195352,0.211823,-0.040640,-0.102355
690367990.000,CC,recording,knock_twice_right,2,-0.043342,3.580967,9.122617,0.219232,-0.054044,-0.038999
690368000.000,CC,recording,knock_twice_right,2,0.172308,3.642295,9.074957,0.227025,-0.079334,0.010257
690368010.000,CC,recording,knock_twice_right,2,0.348847,3.721858,9.037397,0.235493,-0.112203,0.039059
690368020.000,CC,recording,knock_twice_right,2,0.498417,3.824024,9.032837,0.245556,-0.146880,0.048486
690368030.000,CC,recording,knock_twice_right,2,0.562339,3.783195,9.106896,0.261571,-0.183577,0.047421
690368040.000,CC,recording,knock_twice_right,2,0.454155,3.780790,9.123568,0.283839,-0.226280,0.048148
690368050.000,CC,recording,knock_twice_right,2,0.382451,3.788788,9.116783,0.308320,-0.269973,0.057270
690368060.000,CC,recording,knock_twice_right,2,0.374638,3.773648,9.030375,0.327215,-0.305608,0.076618
690368070.000,CC,recording,knock_twice_right,2,0.466286,3.769968,8.977837,0.336688,-0.327172,0.102040
690368080.000,CC,recording,knock_twice_right,2,0.667091,3.853952,8.968172,0.340860,-0.331976,0.122595
690368090.000,CC,recording,knock_twice_right,2,0.848940,3.911145,8.921051,0.341134,-0.325879,0.133942
690368100.000,CC,recording,knock_twice_right,2,0.956206,3.996766,8.929893,0.337607,-0.314378,0.136404
690368110.000,CC,recording,knock_twice_right,2,1.107071,4.034458,8.985062,0.333306,-0.291836,0.131018
690368120.000,CC,recording,knock_twice_right,2,1.205129,4.045799,8.962116,0.328544,-0.257470,0.122313
690368130.000,CC,recording,knock_twice_right,2,1.162547,4.046086,8.898783,0.322198,-0.220701,0.115682
690368140.000,CC,recording,knock_twice_right,2,1.069402,4.112051,8.831957,0.313893,-0.187703,0.114520
690368150.000,CC,recording,knock_twice_right,2,1.120911,4.191308,8.799802,0.306253,-0.157720,0.115069
690368160.000,CC,recording,knock_twice_right,2,1.272758,4.256899,8.774343,0.302085,-0.131332,0.112691
690368170.000,CC,recording,knock_twice_right,2,1.304693,4.322330,8.705302,0.300076,-0.112245,0.106758
690368180.000,CC,recording,knock_twice_right,2,1.356275,4.420866,8.653735,0.297702,-0.097787,0.096237
690368190.000,CC,recording,knock_twice_right,2,1.439494,4.468287,8.600276,0.294091,-0.082782,0.080375
690368200.000,CC,recording,knock_twice_right,2,1.471018,4.483894,8.578059,0.289290,-0.067395,0.062367
690368210.000,CC,recording,knock_twice_right,2,1.358490,4.508134,8.553741,0.284109,-0.057204,0.048649
690368220.000,CC,recording,knock_twice_right,2,1.277620,4.540363,8.506832,0.276110,-0.051518,0.041740
690368230.000,CC,recording,knock_twice_right,2,1.309760,4.609661,8.349247,0.259246,-0.043212,0.038119
690368240.000,CC,recording,knock_twice_right,2,1.394296,4.640266,8.310010,0.233433,-0.028088,0.033711
690368250.000,CC,recording,knock_twice_right,2,1.379626,4.658475,8.289667,0.202294,-0.008247,0.027698
690368260.000,CC,recording,knock_twice_right,2,1.375761,4.703721,8.251307,0.168537,0.012710,0.022570
690368270.000,CC,recording,knock_twice_right,2,1.367405,4.731825,8.203577,0.130667,0.035599,0.018279
690368280.000,CC,recording,knock_twice_right,2,1.383011,4.782014,8.199314,0.087824,0.057266,0.013066
690368290.000,CC,recording,knock_twice_right,2,1.330905,4.778227,8.256110,0.046526,0.072045,0.007912
690368300.000,CC,recording,knock_twice_right,2,1.348145,4.808264,8.361912,0.012962,0.080985,0.003717
690368310.000,CC,recording,knock_twice_right,2,1.405391,4.781230,8.461871,-0.010855,0.089881,-0.002859
690368320.000,CC,recording,knock_twice_right,2,1.441101,4.795566,8.629022,-0.023167,0.097272,-0.014459
690368330.000,CC,recording,knock_twice_right,2,1.459040,4.837833,8.802986,-0.023159,0.097453,-0.030204
690368340.000,CC,recording,knock_twice_right,2,1.416919,4.872668,8.900563,-0.014537,0.092857,-0.048979
690368350.000,CC,recording,knock_twice_right,2,1.334814,4.853247,8.875746,-0.006855,0.088992,-0.065999
690368360.000,CC,recording,knock_twice_right,2,1.283162,4.826398,8.822698,-0.009587,0.088894,-0.075726
690368370.000,CC,recording,knock_twice_right,2,1.292058,4.832880,8.831224,-0.022649,0.095547,-0.079456
690368380.000,CC,recording,knock_twice_right,2,1.338364,4.798699,8.869169,-0.042405,0.108639,-0.082346
690368390.000,CC,recording,knock_twice_right,2,1.409866,4.791310,8.978575,-0.065026,0.124758,-0.086895
690368400.000,CC,recording,knock_twice_right,2,1.401760,4.715241,9.097482,-0.083031,0.139564,-0.091292
690368410.000,CC,recording,knock_twice_right,2,1.381070,4.649836,9.267121,-0.089895,0.149434,-0.093303
690368420.000,CC,recording,knock_twice_right,2,1.464319,4.613442,9.435450,-0.079960,0.154048,-0.094056
690368430.000,CC,recording,knock_twice_right,2,1.573526,4.595212,9.561468,-0.053741,0.154435,-0.096105
690368440.000,CC,recording,knock_twice_right,2,1.646801,4.575766,9.593843,-0.017831,0.152702,-0.100888
690368450.000,CC,recording,knock_twice_right,2,1.711586,4.579586,9.509328,0.020097,0.151850,-0.107262
690368460.000,CC,recording,knock_twice_right,2,1.726480,4.612393,9.308295,0.051298,0.154051,-0.115766
690368470.000,CC,recording,knock_twice_right,2,1.708249,4.642011,8.960145,0.067941,0.162585,-0.126286
690368480.000,CC,recording,knock_twice_right,2,1.675648,4.692861,8.653906,0.067752,0.180878,-0.137583
690368490.000,CC,recording,knock_twice_right,2,1.653476,4.754278,8.373294,0.051550,0.209961,-0.150866
690368500.000,CC,recording,knock_twice_right,2,1.538360,4.813624,8.170926,0.019757,0.245828,-0.164681
690368510.000,CC,recording,knock_twice_right,2,1.335087,4.799715,8.071913,-0.022811,0.286477,-0.173027
690368520.000,CC,recording,knock_twice_right,2,1.093172,4.670337,8.112672,-0.064717,0.335518,-0.168728
690368530.000,CC,recording,knock_twice_right,2,0.809924,4.576302,8.182151,-0.094855,0.385340,-0.150656
690368540.000,CC,recording,knock_twice_right,2,0.604121,4.569998,8.162578,-0.112314,0.421392,-0.127051
690368550.000,CC,recording,knock_twice_right,2,0.510697,4.573544,8.063993,-0.120725,0.438670,-0.106634
690368560.000,CC,recording,knock_twice_right,2,0.387355,4.553167,7.910908,-0.125772,0.437500,-0.092849
690368570.000,CC,recording,knock_twice_right,2,0.246986,4.574180,7.722474,-0.133710,0.416398,-0.085296
690368580.000,CC,recording,knock_twice_right,2,0.084716,4.598875,7.650943,-0.145129,0.373740,-0.079219
690368590.000,CC,recording,knock_twice_right,2,-0.042199,4.561106,7.724674,-0.153567,0.312723,-0.069785
690368600.000,CC,recording,knock_twice_right,2,-0.115939,4.539796,7.925176,-0.151316,0.241941,-0.055320
690368610.000,CC,recording,knock_twice_right,2,-0.179068,4.508458,8.122172,-0.137023,0.176010,-0.036820
690368620.000,CC,recording,knock_twice_right,2,-0.151441,4.483977,8.220020,-0.114885,0.127644,-0.019089
690368630.000,CC,recording,knock_twice_right,2,-0.083413,4.489146,8.216738,-0.094365,0.099915,-0.005148
690368640.000,CC,recording,knock_twice_right,2,-0.116467,4.464295,8.060581,-0.087859,0.091733,0.006761
690368650.000,CC,recording,knock_twice_right,2,-0.282716,4.387340,7.860924,-0.103210,0.097248,0.022400
690368660.000,CC,recording,knock_twice_right,2,-0.385432,4.321072,7.743839,-0.137140,0.106048,0.047736
690368670.000,CC,recording,knock_twice_right,2,-0.188993,4.289060,7.728733,-0.188526,0.107591,0.072657
690368680.000,CC,recording,knock_twice_right,2,0.203931,4.245210,7.624668,-0.265149,0.105361,0.078570
690368690.000,CC,recording,knock_twice_right,2,0.370589,4.150961,7.716249,-0.361779,0.119352,0.065172
690368700.000,CC,recording,knock_twice_right,2,0.399902,3.992481,8.174586,-0.449104,0.157306,0.045282
690368710.000,CC,recording,knock_twice_right,2,0.431640,3.724825,8.748236,-0.491749,0.201215,0.027343
690368720.000,CC,recording,knock_twice_right,2,0.426045,3.549112,9.196913,-0.476204,0.230661,0.013187
690368730.000,CC,recording,knock_twice_right,2,0.303309,3.440415,9.285146,-0.416155,0.236537,0.006596
690368740.000,CC,recording,knock_twice_right,2,0.112336,3.463796,9.159848,-0.331335,0.209718,0.013995
690368750.000,CC,recording,knock_twice_right,2,-0.018385,3.558157,9.057063,-0.233346,0.147977,0.032379
690368760.000,CC,recording,knock_twice_right,2,0.016633,3.578834,9.030340,-0.128874,0.051924,0.049490
690368770.000,CC,recording,knock_twice_right,2,0.102074,3.652599,8.851835,-0.033843,-0.075224,0.054391
690368780.000,CC,recording,knock_twice_right,2,0.215765,3.724457,8.404683,0.019717,-0.204332,0.044422
690368790.000,CC,recording,knock_twice_right,2,0.304744,3.727324,8.047983,0.013353,-0.289363,0.028472
690368800.000,CC,recording,knock_twice_right,2,0.304996,3.657775,8.188184,-0.028471,-0.308597,0.019326
690368810.000,CC,recording,knock_twice_right,2,0.353802,3.584117,8.742724,-0.061116,-0.276996,0.011805
690368820.000,CC,recording,knock_twice_right,2,0.460038,3.418011,9.128079,-0.057182,-0.228096,-0.010659
690368830.000,CC,recording,knock_twice_right,2,0.092792,2.702310,9.010762,-0.026044,-0.205974,-0.020763
690368840.000,CC,recording,knock_twice_right,2,-1.160605,2.106099,8.645147,0.012815,-0.231653,0.048108
690368850.000,CC,recording,knock_twice_right,2,-2.301758,2.447367,8.696916,0.063029,-0.294600,0.223125
690368860.000,CC,recording,knock_twice_right,2,-2.244217,3.359456,9.039891,0.134599,-0.381946,0.455043
690368870.000,CC,recording,knock_twice_right,2,-0.716806,4.166762,9.325679,0.228100,-0.468734,0.633875
690368880.000,CC,recording,knock_twice_right,2,1.595485,4.708904,9.254858,0.326855,-0.519932,0.658489
690368890.000,CC,recording,knock_twice_right,2,2.823139,5.140038,8.835067,0.400940,-0.529616,0.512321
690368900.000,CC,recording,knock_twice_right,2,2.399254,5.113147,8.169097,0.413696,-0.521448,0.299886
690368910.000,CC,recording,knock_twice_right,2,1.005716,4.638174,7.492461,0.348951,-0.492638,0.136893
690368920.000,CC,recording,knock_twice_right,2,0.323583,4.351046,7.199726,0.217394,-0.425658,0.072527
690368930.000,CC,recording,knock_twice_right,2,-0.837274,4.549276,7.186688,0.041907,-0.326510,0.111365
690368940.000,CC,recording,knock_twice_right,2,-0.578587,4.486993,7.591640,-0.136013,-0.216891,0.203077
690368950.000,CC,recording,knock_twice_right,2,0.173155,4.287682,8.164328,-0.271742,-0.133024,0.286736
690368960.000,CC,recording,knock_twice_right,2,0.910640,4.247352,8.962610,-0.328747,-0.111888,0.322957
690368970.000,CC,recording,knock_twice_right,2,1.604272,4.183982,9.766312,-0.293667,-0.167795,0.301996
690368980.000,CC,recording,knock_twice_right,2,1.845035,4.260515,10.234447,-0.187769,-0.271651,0.240750
690368990.000,CC,recording,knock_twice_right,2,1.845567,4.232584,10.180629,-0.056899,-0.368242,0.168311
690369000.000,CC,recording,knock_twice_right,2,1.702713,4.048392,9.775296,0.048224,-0.414450,0.110795
690369010.000,CC,recording,knock_twice_right,2,1.384851,3.915729,9.272120,0.104065,-0.402086,0.084934
690369020.000,CC,recording,knock_twice_right,2,1.008060,3.885094,8.920281,0.116420,-0.353568,0.095731
690369030.000,CC,recording,knock_twice_right,2,0.804928,3.875018,8.639543,0.097476,-0.295470,0.134538
690369040.000,CC,recording,knock_twice_right,2,0.946369,3.965647,8.527449,0.065241,-0.244166,0.180976
690369050.000,CC,recording,knock_twice_right,2,1.297577,4.070821,8.597196,0.036586,-0.207492,0.212736
690369060.000,CC,recording,knock_twice_right,3,1.584065,4.166366,8.733895,0.022376,-0.188766,0.218750
690369070.000,CC,recording,knock_twice_right,3,1.724573,4.269227,8.989930,0.033333,-0.185853,0.200943
690369080.000,CC,recording,knock_twice_right,3,1.781829,4.271135,9.097894,0.070641,-0.191982,0.169979
690369090.000,CC,recording,knock_twice_right,3,1.699719,4.272611,8.944790,0.118076,-0.201798,0.137610
690369100.000,CC,recording,knock_twice_right,3,1.642053,4.307759,8.682855,0.154203,-0.208330,0.109053
690369110.000,CC,recording,knock_twice_right,3,1.681702,4.336366,8.394402,0.165918,-0.203037,0.083909
690369120.000,CC,recording,knock_twice_right,3,1.832897,4.398701,8.250740,0.151967,-0.181749,0.053696
690369130.000,CC,recording,knock_twice_right,3,2.010212,4.421545,8.249574,0.119529,-0.143156,0.009424
690369140.000,CC,recording,knock_twice_right,3,2.045625,4.379556,8.261552,0.076006,-0.089279,-0.046807
690369150.000,CC,recording,knock_twice_right,3,1.994498,4.325725,8.276905,0.025856,-0.026830,-0.107837
690369160.000,CC,recording,knock_twice_right,3,1.808234,4.275733,8.276575,-0.029861,0.034303,-0.164083
690369170.000,CC,recording,knock_twice_right,3,1.580882,4.206760,8.239941,-0.091765,0.084397,-0.209937
690369180.000,CC,recording,knock_twice_right,3,1.457663,4.150512,8.198373,-0.158788,0.118793,-0.245758
690369190.000,CC,recording,knock_twice_right,3,1.381037,4.067423,8.241020,-0.229613,0.135021,-0.273212
690369200.000,CC,recording,knock_twice_right,3,1.352238,3.946353,8.435748,-0.293097,0.128618,-0.296372
690369210.000,CC,recording,knock_twice_right,3,1.371091,3.818167,8.751318,-0.332471,0.096904,-0.316302
690369220.000,CC,recording,knock_twice_right,3,1.376823,3.737952,9.049370,-0.341095,0.044013,-0.335265
690369230.000,CC,recording,knock_twice_right,3,1.574154,3.665254,9.303156,-0.322226,-0.011772,-0.363989
690369240.000,CC,recording,knock_twice_right,3,1.777367,3.584291,9.461888,-0.289282,-0.049243,-0.404079
690369250.000,CC,recording,knock_twice_right,3,1.628153,3.495776,9.427035,-0.260585,-0.058418,-0.440866
690369260.000,CC,recording,knock_twice_right,3,1.240037,3.444517,9.239400,-0.250470,-0.038052,-0.457640
690369270.000,CC,recording,knock_twice_right,3,0.740726,3.367683,9.056702,-0.262663,0.005723,-0.442288
690369280.000,CC,recording,knock_twice_right,3,0.339888,3.331782,8.905470,-0.290363,0.052878,-0.393887
690369290.000,CC,recording,knock_twice_right,3,0.022966,3.383993,8.895177,-0.324065,0.081057,-0.319144
690369300.000,CC,recording,knock_twice_right,3,-0.015082,3.441776,9.012812,-0.352412,0.083191,-0.231523
690369310.000,CC,recording,knock_twice_right,3,0.207644,3.454270,9.281580,-0.362637,0.057924,-0.150177
690369320.000,CC,recording,knock_twice_right,3,0.413378,3.479505,9.681530,-0.344337,0.003301,-0.084658
690369330.000,CC,recording,knock_twice_right,3,0.598226,3.548697,10.095031,-0.291066,-0.070223,-0.036026
690369340.000,CC,recording,knock_twice_right,3,0.833024,3.556789,10.354554,-0.207609,-0.143022,-0.002339
690369350.000,CC,recording,knock_twice_right,3,1.012627,3.598380,10.467354,-0.109436,-0.200861,0.021699
690369360.000,CC,recording,knock_twice_right,3,1.060363,3.649894,10.376692,-0.016360,-0.230676,0.043749
690369370.000,CC,recording,knock_twice_right,3,0.993912,3.699271,10.090916,0.050560,-0.228638,0.071892
690369380.000,CC,recording,knock_twice_right,3,0.847323,3.828813,9.700546,0.077253,-0.207502,0.108662
690369390.000,CC,recording,knock_twice_right,3,0.963623,4.040424,9.453301,0.063009,-0.178567,0.148653
690369400.000,CC,recording,knock_twice_right,3,1.244707,4.130177,9.411171,0.021496,-0.144103,0.179096
690369410.000,CC,recording,knock_twice_right,3,1.609101,4.155221,9.581692,-0.026658,-0.110202,0.191397
690369420.000,CC,recording,knock_twice_right,3,1.816709,4.236301,9.864028,-0.062737,-0.086423,0.185537
690369430.000,CC,recording,knock_twice_right,3,2.016150,4.203969,10.204738,-0.071445,-0.070162,0.165722
690369440.000,CC,recording,knock_twice_right,3,2.146741,4.091575,10.512030,-0.046766,-0.056984,0.139539
690369450.000,CC,recording,knock_twice_right,3,2.168773,4.018720,10.666626,0.007284,-0.047484,0.113372
690369460.000,CC,recording,knock_twice_right,3,2.174197,3.991968,10.612252,0.079563,-0.037647,0.090128
690369470.000,CC,recording,knock_twice_right,3,2.151726,3.991694,10.383981,0.151902,-0.025274,0.070417
690369480.000,CC,recording,knock_twice_right,3,2.073499,4.044426,10.149392,0.211109,-0.008163,0.054353
690369490.000,CC,recording,knock_twice_right,3,1.979076,4.037653,9.859827,0.255067,0.016953,0.041225
690369500.000,CC,recording,knock_twice_right,3,1.865351,4.028102,9.573112,0.281755,0.044510,0.032310
690369510.000,CC,recording,knock_twice_right,3,1.751318,4.040670,9.312097,0.291459,0.068221,0.027093
690369520.000,CC,recording,knock_twice_right,3,1.724868,4.019001,9.077535,0.289018,0.088491,0.021218
690369530.000,CC,recording,knock_twice_right,3,1.794697,3.990887,8.912696,0.277774,0.104919,0.008680
690369540.000,CC,recording,knock_twice_right,3,1.859977,3.968128,8.784533,0.259408,0.116441,-0.013569
690369550.000,CC,recording,knock_twice_right,3,1.790823,3.923765,8.648867,0.235924,0.125240,-0.039014
690369560.000,CC,recording,knock_twice_right,3,1.616988,3.810211,8.520129,0.208702,0.133173,-0.057927
690369570.000,CC,recording,knock_twice_right,3,1.467133,3.727251,8.355826,0.175401,0.141571,-0.066784
690369580.000,CC,recording,knock_twice_right,3,1.319720,3.619207,8.212469,0.135756,0.156316,-0.065341
690369590.000,CC,recording,knock_twice_right,3,1.168680,3.497357,8.164857,0.093775,0.176507,-0.052466
690369600.000,CC,recording,knock_twice_right,3,1.019025,3.414326,8.190914,0.055361,0.194024,-0.030350
690369610.000,CC,recording,knock_twice_right,3,0.932549,3.388091,8.209238,0.024995,0.205804,-0.002691
690369620.000,CC,recording,knock_twice_right,3,0.904610,3.383326,8.202473,0.002373,0.210159,0.027510
690369630.000,CC,recording,knock_twice_right,3,0.891086,3.404451,8.203640,-0.014560,0.204386,0.056498
690369640.000,CC,recording,knock_twice_right,3,0.842663,3.423380,8.252217,-0.026468,0.183416,0.085892
690369650.000,CC,recording,knock_twice_right,3,0.805966,3.443813,8.304603,-0.031254,0.149252,0.117092
690369660.000,CC,recording,knock_twice_right,3,0.837160,3.467631,8.437835,-0.024724,0.110014,0.146873
690369670.000,CC,recording,knock_twice_right,3,0.947643,3.519969,8.611279,-0.007172,0.073335,0.175913
690369680.000,CC,recording,knock_twice_right,3,1.085137,3.595899,8.703995,0.016311,0.045560,0.205518
690369690.000,CC,recording,knock_twice_right,3,1.276194,3.714667,8.751096,0.043272,0.028926,0.230338
690369700.000,CC,recording,knock_twice_right,3,1.551842,3.842732,8.756569,0.073914,0.021349,0.242586
690369710.000,CC,recording,knock_twice_right,3,1.728554,4.020099,8.694578,0.103604,0.018266,0.240038
690369720.000,CC,recording,knock_twice_right,3,1.881213,4.140123,8.519385,0.122154,0.019502,0.224063
690369730.000,CC,recording,knock_twice_right,3,1.966611,4.262855,8.312419,0.122293,0.027399,0.197656
690369740.000,CC,recording,knock_twice_right,3,1.984595,4.330409,8.129365,0.103466,0.042618,0.167318
690369750.000,CC,recording,knock_twice_right,3,1.880002,4.374632,8.024237,0.069180,0.060257,0.139204
690369760.000,CC,recording,knock_twice_right,3,1.794143,4.401673,8.004267,0.026622,0.073505,0.115163
690369770.000,CC,recording,knock_twice_right,3,1.737708,4.446220,8.043359,-0.016664,0.076168,0.093878
690369780.000,CC,recording,knock_twice_right,3,1.748783,4.469691,8.127926,-0.056553,0.067296,0.073353
690369790.000,CC,recording,knock_twice_right,3,1.775303,4.457888,8.213536,-0.088780,0.053815,0.052264
690369800.000,CC,recording,knock_twice_right,3,1.843504,4.419805,8.384339,-0.107705,0.042831,0.030483
690369810.000,CC,recording,knock_twice_right,3,1.942227,4.365551,8.577425,-0.111413,0.037436,0.004887
690369820.000,CC,recording,knock_twice_right,3,1.958261,4.352227,8.668382,-0.104930,0.035739,-0.025947
690369830.000,CC,recording,knock_twice_right,3,1.873326,4.306250,8.660796,-0.099244,0.033935,-0.056160
690369840.000,CC,recording,knock_twice_right,3,1.726943,4.300390,8.609728,-0.102569,0.033111,-0.079707
690369850.000,CC,recording,knock_twice_right,3,1.617993,4.280537,8.596470,-0.119460,0.038069,-0.093858
690369860.000,CC,recording,knock_twice_right,3,1.601812,4.217361,8.623849,-0.149247,0.053191,-0.101518
690369870.000,CC,recording,knock_twice_right,3,1.593130,4.126492,8.825778,-0.178454,0.076920,-0.106218
690369880.000,CC,recording,knock_twice_right,3,1.552249,4.050659,9.126106,-0.193544,0.100653,-0.108473
690369890.000,CC,recording,knock_twice_right,3,1.470999,3.958490,9.321442,-0.189735,0.115539,-0.110132
690369900.000,CC,recording,knock_twice_right,3,1.385238,3.922518,9.427676,-0.170332,0.116546,-0.110755
690369910.000,CC,recording,knock_twice_right,3,1.305071,3.911972,9.474782,-0.143172,0.108942,-0.109204
690369920.000,CC,recording,knock_twice_right,3,1.234805,3.872687,9.452072,-0.111869,0.099881,-0.107104
690369930.000,CC,recording,knock_twice_right,3,1.111544,3.884285,9.434585,-0.080849,0.089584,-0.103492
690369940.000,CC,recording,knock_twice_right,3,1.015262,3.905862,9.408308,-0.053542,0.078941,-0.096876
690369950.000,CC,recording,knock_twice_right,3,1.024378,3.911538,9.372296,-0.030524,0.071790,-0.088751
690369960.000,CC,recording,knock_twice_right,3,0.997812,3.956655,9.314553,-0.014521,0.068976,-0.083065
690369970.000,CC,recording,knock_twice_right,3,0.980095,3.959598,9.273888,-0.004630,0.069455,-0.080664
690369980.000,CC,recording,knock_twice_right,3,0.900569,3.951575,9.274206,0.003470,0.071535,-0.078018
690369990.000,CC,recording,knock_twice_right,3,0.861145,3.950045,9.282804,0.012925,0.070805,-0.073483
690370000.000,CC,recording,knock_twice_right,3,0.868367,3.974738,9.304817,0.024397,0.067228,-0.067848
690370010.000,CC,recording,knock_twice_right,3,0.898413,3.974752,9.258575,0.038694,0.062793,-0.062518
690370020.000,CC,recording,knock_twice_right,3,0.927942,4.000857,9.271900,0.056359,0.056414,-0.057757
690370030.000,CC,recording,knock_twice_right,3,0.996777,4.017792,9.278947,0.077357,0.049262,-0.054037
690370040.000,CC,recording,knock_twice_right,3,1.075598,4.069776,9.218662,0.098363,0.042422,-0.054926
690370050.000,CC,recording,knock_twice_right,3,1.152646,4.094545,9.117478,0.114436,0.036855,-0.061748
690370060.000,CC,recording,knock_twice_right,3,1.153754,4.105700,9.023662,0.125548,0.033060,-0.071787
690370070.000,CC,recording,knock_twice_right,3,1.147882,4.106494,8.888655,0.131432,0.029258,-0.082635
690370080.000,CC,recording,knock_twice_right,3,1.086188,4.085348,8.790322,0.131968,0.021440,-0.092432
690370090.000,CC,recording,knock_twice_right,3,1.060336,4.091531,8.779484,0.133645,0.005527,-0.101473
690370100.000,CC,recording,knock_twice_right,3,1.101199,4.074697,8.785268,0.142084,-0.015881,-0.110956
690370110.000,CC,recording,knock_twice_right,3,1.093107,4.058281,8.829126,0.159150,-0.039757,-0.120810
690370120.000,CC,recording,knock_twice_right,3,1.064094,4.045800,8.924454,0.186151,-0.071094,-0.130820
690370130.000,CC,recording,knock_twice_right,3,1.004200,4.077399,9.014259,0.223093,-0.115668,-0.142136
690370140.000,CC,recording,knock_twice_right,3,0.998904,4.128968,9.037686,0.265284,-0.166914,-0.154317
690370150.000,CC,recording,knock_twice_right,3,1.021397,4.149823,8.865733,0.299639,-0.205412,-0.166103
690370160.000,CC,recording,knock_twice_right,3,1.045433,4.131914,8.601769,0.310718,-0.207020,-0.173546
690370170.000,CC,recording,knock_twice_right,3,0.925854,4.119835,8.328413,0.289232,-0.162316,-0.171675
690370180.000,CC,recording,knock_twice_right,3,0.776695,4.154522,8.154380,0.239848,-0.088629,-0.158318
690370190.000,CC,recording,knock_twice_right,3,0.655479,4.171712,8.143381,0.177244,-0.008612,-0.134199
690370200.000,CC,recording,knock_twice_right,3,0.601204,4.175849,8.170183,0.114699,0.064036,-0.105976
690370210.000,CC,recording,knock_twice_right,3,0.592641,4.189661,8.254919,0.062784,0.118788,-0.080731
690370220.000,CC,recording,knock_twice_right,3,0.613822,4.218932,8.411735,0.028856,0.148420,-0.064057
690370230.000,CC,recording,knock_twice_right,3,0.639640,4.237712,8.531962,0.012489,0.152002,-0.059010
690370240.000,CC,recording,knock_twice_right,3,0.607795,4.274110,8.647144,0.009667,0.140300,-0.060427
690370250.000,CC,recording,knock_twice_right,3,0.607613,4.255783,8.723197,0.014561,0.135398,-0.061979
690370260.000,CC,recording,knock_twice_right,3,0.561538,4.120578,8.605779,0.017149,0.146333,-0.057948
690370270.000,CC,recording,knock_twice_right,3,0.424791,4.109228,8.490876,0.012272,0.163259,-0.046333
690370280.000,CC,recording,knock_twice_right,3,0.355561,4.120004,8.441755,0.003029,0.172618,-0.031555
690370290.000,CC,recording,knock_twice_right,3,0.267325,4.099866,8.363983,-0.006232,0.163493,-0.015008
690370300.000,CC,recording,knock_twice_right,3,0.207019,4.056660,8.274204,-0.015060,0.135398,0.002194
690370310.000,CC,recording,knock_twice_right,3,0.255229,3.994844,8.230627,-0.021468,0.098696,0.014146
690370320.000,CC,recording,knock_twice_right,3,0.510893,3.934698,8.350074,-0.022042,0.055326,0.005058
690370330.000,CC,recording,knock_twice_right,3,1.050515,3.945620,8.696541,-0.004459,-0.008596,-0.046379
690370340.000,CC,recording,knock_twice_right,3,1.486871,4.053687,9.348706,0.060078,-0.092643,-0.126604
690370350.000,CC,recording,knock_twice_right,3,1.048114,4.014033,9.502722,0.169694,-0.181856,-0.194899
690370360.000,CC,recording,knock_twice_right,3,-0.806236,3.721398,8.462668,0.264722,-0.250921,-0.137992
690370370.000,CC,recording,knock_twice_right,3,-5.552996,3.557719,6.228045,0.207904,-0.349489,0.143740
690370380.000,CC,recording,knock_twice_right,3,-3.955266,3.219264,5.436014,-0.004637,-0.501544,0.540491
690370390.000,CC,recording,knock_twice_right,3,-1.871054,3.405896,7.310236,-0.193964,-0.639819,0.857122
690370400.000,CC,recording,knock_twice_right,3,1.118258,3.399904,8.090610,-0.273297,-0.754849,0.986460
690370410.000,CC,recording,knock_twice_right,3,3.157167,4.099615,9.516628,-0.242424,-0.836392,0.906092
690370420.000,CC,recording,knock_twice_right,3,5.557808,4.485431,10.408007,-0.128272,-0.818413,0.643151
690370430.000,CC,recording,knock_twice_right,3,6.252410,4.943509,10.779632,-0.005602,-0.633700,0.277370
690370440.000,CC,recording,knock_twice_right,3,6.496017,4.751314,10.526762,0.055131,-0.227574,-0.087060
690370450.000,CC,recording,knock_twice_right,3,5.514800,4.815803,9.957428,0.020672,0.391158,-0.352555
690370460.000,CC,recording,knock_twice_right,3,3.207725,4.808721,9.154363,-0.101052,1.035122,-0.465820
690370470.000,CC,recording,knock_twice_right,3,1.058379,3.980244,8.634645,-0.248980,1.528662,-0.421870
690370480.000,CC,recording,knock_twice_right,3,-0.809152,3.887362,7.553861,-0.411332,1.868984,-0.231043
690370490.000,CC,recording,knock_twice_right,3,-1.593265,4.564237,6.080666,-0.633912,2.014461,0.017968
690370500.000,CC,recording,knock_twice_right,3,-1.161247,4.788636,6.519509,-0.858625,1.888010,0.200047
690370510.000,CC,recording,knock_twice_right,3,-0.109891,4.658541,8.200744,-0.951495,1.545725,0.267964
690370520.000,CC,recording,knock_twice_right,3,0.783567,4.161880,9.599042,-0.856419,1.088981,0.218475
690370530.000,CC,recording,knock_twice_right,3,1.487522,3.724884,10.794464,-0.588492,0.556617,0.063738
690370540.000,CC,recording,knock_twice_right,3,1.356245,3.597094,11.760397,-0.173712,-0.017496,-0.125936
690370550.000,CC,recording,knock_twice_right,3,0.413393,3.398234,11.259736,0.278409,-0.553824,-0.273671
690370560.000,CC,recording,knock_twice_right,3,-0.255434,3.343783,10.048252,0.635418,-0.957142,-0.340588
690370570.000,CC,recording,knock_twice_right,3,-3.426876,3.274502,7.593741,0.761850,-1.210119,-0.140154
690370580.000,CC,recording,knock_twice_right,3,-7.292338,3.220143,4.597479,0.573457,-1.369774,0.322906
690370590.000,CC,recording,knock_twice_right,3,-1.317788,2.715212,5.977832,0.273749,-1.435019,0.696749
690370600.000,CC,recording,knock_twice_right,3,2.457688,3.595721,8.927220,0.119200,-1.370287,0.777965
690370610.000,CC,recording,knock_twice_right,3,5.947002,4.575351,11.028644,0.132157,-1.175376,0.587733
690370620.000,CC,recording,knock_twice_right,3,6.332496,4.664977,11.599812,0.226923,-0.859812,0.263038
690370630.000,CC,recording,knock_twice_right,3,5.504995,4.334257,11.357104,0.314868,-0.442245,-0.038964
690370640.000,CC,recording,knock_twice_right,3,3.999731,4.167153,10.262464,0.330749,0.023060,-0.234283
690370650.000,CC,recording,knock_twice_right,3,2.111343,4.306805,9.313170,0.260967,0.451615,-0.294611
690370660.000,CC,recording,knock_twice_right,3,0.050743,4.293290,8.556432,0.137239,0.752155,-0.210033
690370670.000,CC,recording,knock_twice_right,3,-1.294803,3.937699,8.064517,-0.016132,0.933926,-0.000671
690370680.000,CC,recording,knock_twice_right,3,-1.072323,4.134402,7.101927,-0.201954,1.012707,0.239431
690370690.000,CC,recording,knock_twice_right,3,-0.296608,4.401588,7.624360,-0.361995,0.928306,0.396943
690370700.000,CC,recording,knock_twice_right,3,0.881318,4.538520,8.862451,-0.405407,0.702582,0.436184
690370710.000,CC,recording,knock_twice_right,3,1.558658,4.281463,9.633028,-0.317557,0.418054,0.377699
690370720.000,CC,recording,knock_twice_right,3,1.745633,3.937436,9.854388,-0.148891,0.138434,0.271322
690370730.000,CC,recording,knock_twice_right,3,1.336203,3.802529,9.539380,0.029411,-0.099397,0.172269
690370740.000,CC,recording,knock_twice_right,3,0.801123,3.775259,8.899833,0.157532,-0.274839,0.114450
690370750.000,CC,recording,knock_twice_right,3,0.491694,3.787971,8.359030,0.211298,-0.373482,0.106400
690370760.000,CC,recording,knock_twice_right,3,0.570459,3.812001,8.128406,0.199570,-0.395142,0.131947
690370770.000,CC,recording,knock_twice_right,3,0.903617,3.893611,8.132336,0.147983,-0.363984,0.162747
690370780.000,CC,recording,knock_twice_right,3,1.342496,3.980555,8.349778,0.083851,-0.306317,0.176793
690370790.000,CC,recording,knock_twice_right,3,1.592939,4.016998,8.603764,0.027774,-0.239130,0.167471
690370800.000,CC,recording,knock_twice_right,3,1.639572,4.037790,8.803522,-0.012403,-0.170785,0.144870
690370810.000,CC,recording,knock_twice_right,3,1.638227,4.023348,8.928590,-0.037621,-0.106289,0.117976
690370820.000,CC,recording,knock_twice_right,3,1.615114,4.035837,9.049181,-0.047427,-0.056810,0.088169
690370830.000,CC,recording,knock_twice_right,3,1.489523,4.026875,9.120078,-0.043913,-0.028244,0.060525
690370840.000,CC,recording,knock_twice_right,3,1.391625,4.013885,9.101834,-0.033148,-0.014232,0.038226
690370850.000,CC,recording,knock_twice_right,3,1.356500,4.006542,9.034103,-0.021048,-0.011434,0.019555
690370860.000,CC,recording,knock_twice_right,3,1.314268,4.008612,9.009562,-0.010597,-0.020122,0.003728
690370870.000,CC,recording,knock_twice_right,3,1.321712,4.028124,8.993085,-0.002784,-0.029788,-0.010091
690370880.000,CC,recording,knock_twice_right,3,1.382553,4.012953,9.008870,0.001799,-0.026518,-0.022237
690370890.000,CC,recording,knock_twice_right,3,1.363218,3.952463,9.003592,0.004352,-0.012026,-0.033237
690370900.000,CC,recording,knock_twice_right,3,1.279492,3.983906,8.974251,0.006524,0.001764,-0.041477
690370910.000,CC,recording,knock_twice_right,3,1.156677,3.950648,8.863959,0.005935,0.010466,-0.045002
690370920.000,CC,recording,knock_twice_right,3,1.068563,3.936429,8.774682,0.000012,0.018212,-0.045807
690370930.000,CC,recording,knock_twice_right,3,1.070828,3.939126,8.785146,-0.008273,0.028340,-0.045252
690370940.000,CC,recording,knock_twice_right,3,1.034906,3.993392,8.761112,-0.016336,0.034054,-0.042838
690370950.000,CC,recording,knock_twice_right,3,0.937290,4.018784,8.724139,-0.022292,0.028425,-0.038328
690370960.000,CC,recording,knock_twice_right,3,0.889555,3.995653,8.702460,-0.026688,0.014034,-0.031968
690370970.000,CC,recording,knock_twice_right,3,0.806493,3.944363,8.706809,-0.030119,-0.010163,-0.024143
690370980.000,CC,recording,knock_twice_right,3,0.840343,3.961245,8.796550,-0.026621,-0.047605,-0.018078
690370990.000,CC,recording,knock_twice_right,3,0.962240,3.970016,8.933090,-0.010099,-0.095757,-0.015894
690371000.000,CC,recording,knock_twice_right,3,1.049595,3.940000,8.954956,0.013464,-0.145905,-0.015194
690371010.000,CC,recording,knock_twice_right,3,1.078018,3.865919,8.950859,0.034819,-0.184526,-0.012423
690371020.000,CC,recording,knock_twice_right,3,1.145713,3.869995,8.960902,0.052429,-0.202457,-0.007403
690371030.000,CC,recording,knock_twice_right,3,1.381364,3.951654,9.039153,0.067124,-0.195052,-0.005725
690371040.000,CC,recording,knock_twice_right,3,1.507489,3.963653,9.014796,0.075395,-0.169003,-0.007870
690371050.000,CC,recording,knock_twice_right,3,1.424291,4.001609,8.924912,0.074472,-0.135844,-0.007918
690371060.000,CC,recording,knock_twice_right,3,1.416832,4.018766,8.845298,0.066922,-0.102480,-0.004794
690371070.000,CC,recording,knock_twice_right,3,1.391084,4.009983,8.801851,0.057276,-0.079105,0.000187
690371080.000,CC,recording,knock_twice_right,3,1.373108,4.046524,8.830203,0.052008,-0.073038,0.004750
690371090.000,CC,recording,knock_twice_right,3,1.462820,4.087661,8.887184,0.055587,-0.082112,0.003346
690371100.000,CC,recording,knock_twice_right,3,1.563089,4.139117,8.867652,0.066052,-0.098993,-0.005934
690371110.000,CC,recording,knock_twice_right,3,1.624752,4.134259,8.856156,0.077540,-0.115139,-0.020491
690371120.000,CC,recording,knock_twice_right,3,1.591067,4.155354,8.835240,0.086106,-0.125691,-0.034727
690371130.000,CC,recording,knock_twice_right,3,1.478721,4.135834,8.762068,0.088760,-0.129838,-0.041367
690371140.000,CC,recording,knock_twice_right,3,1.377048,4.126755,8.665195,0.080235,-0.124607,-0.038395
690371150.000,CC,recording,knock_twice_right,3,1.374890,4.148695,8.595051,0.058113,-0.106737,-0.031497
690371160.000,CC,recording,knock_twice_right,3,1.470699,4.115971,8.627604,0.028604,-0.077053,-0.027304
690371170.000,CC,recording,knock_twice_right,3,1.547278,4.119476,8.648174,-0.001683,-0.042287,-0.026516
690371180.000,CC,recording,knock_twice_right,3,1.510131,4.098446,8.682777,-0.027704,-0.012955,-0.027967
690371190.000,CC,recording,knock_twice_right,3,1.438999,4.074019,8.746722,-0.042948,0.002779,-0.028706
690371200.000,CC,recording,knock_twice_right,3,1.280177,4.039773,8.795724,-0.045705,-0.000986,-0.025453
690371210.000,CC,recording,knock_twice_right,3,1.198743,4.044805,8.816404,-0.037552,-0.024245,-0.018721
690371220.000,CC,recording,knock_twice_right,3,1.207984,4.045044,8.816854,-0.022327,-0.059941,-0.011541
690371230.000,CC,recording,knock_twice_right,3,1.227235,4.043938,8.794340,-0.006060,-0.103542,-0.006498
690371240.000,CC,recording,knock_twice_right,3,1.246497,4.038881,8.789389,0.007536,-0.148217,-0.001875
690371250.000,CC,recording,knock_twice_right,3,1.302911,4.076088,8.760936,0.015892,-0.180664,0.002578
690371260.000,CC,recording,knock_twice_right,3,1.425624,4.104319,8.726725,0.016465,-0.189728,0.003935
690371270.000,CC,recording,knock_twice_right,3,1.489502,4.115928,8.707995,0.009608,-0.177249,0.001242
690371280.000,CC,recording,knock_twice_right,3,1.481176,4.123013,8.712586,-0.002802,-0.153367,-0.004383
690371290.000,CC,recording,knock_twice_right,3,1.448944,4.123297,8.698331,-0.018950,-0.126942,-0.010906
690371300.000,CC,recording,knock_twice_right,3,1.371145,4.104304,8.680933,-0.034654,-0.104568,-0.016172
690371310.000,CC,recording,knock_twice_right,3,1.334373,4.071012,8.737232,-0.043345,-0.093760,-0.018792
690371320.000,CC,recording,knock_twice_right,3,1.211288,4.065681,8.777084,-0.041541,-0.102677,-0.016863
690371330.000,CC,recording,knock_twice_right,3,1.159668,4.020861,8.794457,-0.030619,-0.131259,-0.011043
690371340.000,CC,recording,knock_twice_right,3,1.162285,3.983984,8.816834,-0.013144,-0.175018,-0.004312
690371350.000,CC,recording,knock_twice_right,3,1.242797,3.962410,8.838550,0.008781,-0.226535,0.001772
690371360.000,CC,recording,knock_twice_right,3,1.287422,3.954348,8.863070,0.034599,-0.276054,0.006667
690371370.000,CC,recording,knock_twice_right,3,1.429759,3.978794,8.946124,0.064453,-0.313149,0.008869
690371380.000,CC,recording,knock_twice_right,3,1.628827,3.979988,9.030990,0.095748,-0.327770,0.006225
690371390.000,CC,recording,knock_twice_right,3,1.674892,3.967845,8.998040,0.123690,-0.321326,0.002221
690371400.000,CC,recording,knock_twice_right,3,1.635033,4.019269,8.928161,0.141799,-0.299713,0.002297
690371410.000,CC,recording,knock_twice_right,3,1.603741,4.079883,8.731139,0.140472,-0.259512,0.008397
690371420.000,CC,recording,knock_twice_right,3,1.693103,4.106819,8.576334,0.115675,-0.197780,0.018320
690371430.000,CC,recording,knock_twice_right,3,1.793191,4.175446,8.561466,0.076619,-0.124373,0.026203
690371440.000,CC,recording,knock_twice_right,3,1.865286,4.252809,8.630974,0.037095,-0.055151,0.027785
690371450.000,CC,recording,knock_twice_right,3,1.853705,4.270607,8.646293,0.004145,-0.000765,0.023096
690371460.000,CC,recording,knock_twice_right,3,1.801091,4.233403,8.650125,-0.019008,0.033037,0.016673
690371470.000,CC,recording,knock_twice_right,3,1.669139,4.214667,8.694395,-0.029413,0.044613,0.013197
690371480.000,CC,recording,knock_twice_right,3,1.613696,4.202102,8.772417,-0.025991,0.035806,0.013779
690371490.000,CC,recording,knock_twice_right,3,1.650211,4.218078,8.736993,-0.014872,0.014958,0.015544
690371500.000,CC,recording,knock_twice_right,3,1.669367,4.223536,8.668840,-0.005783,-0.005723,0.016279
690371510.000,CC,recording,knock_twice_right,3,1.664483,4.214498,8.621565,-0.002673,-0.019146,0.017995
690371520.000,CC,recording,knock_twice_right,3,1.638692,4.181522,8.646191,-0.004478,-0.026094,0.024074
690371530.000,CC,recording,knock_twice_right,3,1.694525,4.211346,8.684786,-0.006933,-0.029623,0.032372
690371540.000,CC,recording,knock_twice_right,3,1.798917,4.228160,8.715534,-0.008949,-0.027205,0.036200
690371550.000,CC,recording,knock_twice_right,3,1.930234,4.220575,8.730476,-0.011970,-0.017196,0.032830
690371560.000,CC,recording,knock_twice_right,3,1.953208,4.209296,8.765664,-0.013235,-0.003032,0.025960
690371570.000,CC,recording,knock_twice_right,3,1.906231,4.203923,8.792482,-0.010620,0.006367,0.019789
690371580.000,CC,recording,knock_twice_right,3,1.853661,4.197740,8.770678,-0.006273,0.006615,0.015429
690371590.000,CC,recording,knock_twice_right,3,1.826781,4.201015,8.709814,-0.003090,0.002405,0.012072
690371600.000,CC,recording,knock_twice_right,3,1.824895,4.220165,8.674213,-0.002578,-0.003397,0.009388
690371610.000,CC,recording,knock_twice_right,3,1.809481,4.215226,8.639572,-0.002642,-0.009109,0.008519
690371620.000,CC,recording,knock_twice_right,3,1.821198,4.211791,8.639160,-0.000685,-0.012857,0.007301
690371630.000,CC,recording,knock_twice_right,3,1.838602,4.180307,8.665173,0.004371,-0.016819,0.003806
690371640.000,CC,recording,knock_twice_right,3,1.880727,4.150614,8.694645,0.015398,-0.021028,-0.002074
690371650.000,CC,recording,knock_twice_right,3,1.858566,4.150999,8.627961,0.028241,-0.026009,-0.009697
690371660.000,CC,recording,knock_twice_right,3,1.750424,4.151677,8.492236,0.034145,-0.035996,-0.015935
690371670.000,CC,recording,knock_twice_right,3,1.648083,4.137955,8.330897,0.029805,-0.047464,-0.018010
690371680.000,CC,recording,knock_twice_right,3,1.632073,4.133231,8.247164,0.015601,-0.056340,-0.015844
690371690.000,CC,recording,knock_twice_right,3,1.646858,4.131535,8.256577,-0.004723,-0.063669,-0.013743
690371700.000,CC,recording,knock_twice_right,3,1.673617,4.145259,8.343709,-0.025848,-0.068212,-0.012994
690371710.000,CC,recording,knock_twice_right,3,1.719373,4.115138,8.410791,-0.045011,-0.066771,-0.012760
690371720.000,CC,recording,knock_twice_right,3,1.726796,4.085092,8.475560,-0.062927,-0.057783,-0.012916
690371730.000,CC,recording,knock_twice_right,3,1.726312,4.073358,8.556306,-0.078563,-0.042915,-0.013284
690371740.000,CC,recording,knock_twice_right,3,1.763753,4.029195,8.631125,-0.089583,-0.028163,-0.014250
690371750.000,CC,recording,knock_twice_right,3,1.714054,4.025074,8.694540,-0.094875,-0.018757,-0.014596
690371760.000,CC,recording,knock_twice_right,3,1.694847,3.988367,8.780313,-0.093295,-0.016446,-0.012933
690371770.000,CC,recording,knock_twice_right,3,1.681145,3.958136,8.863741,-0.085678,-0.020523,-0.008804
690371780.000,CC,recording,knock_twice_right,3,1.733134,3.950412,8.904707,-0.074011,-0.027110,-0.004819
690371790.000,CC,recording,knock_twice_right,3,1.759728,3.931489,8.920314,-0.060167,-0.030801,-0.001551
690371800.000,CC,recording,knock_twice_right,3,1.717608,3.931262,8.912745,-0.049370,-0.029816,0.005069
690371810.000,CC,recording,knock_twice_right,3,1.721402,3.960816,8.871117,-0.044597,-0.025510,0.013838
690371820.000,CC,recording,knock_twice_right,3,1.811434,3.983808,8.895283,-0.044029,-0.016418,0.018912
690371830.000,CC,recording,knock_twice_right,3,1.908935,4.004338,8.968268,-0.042900,-0.003015,0.019303
690371840.000,CC,recording,knock_twice_right,3,1.967131,4.022068,9.033252,-0.036626,0.010295,0.015025
690371850.000,CC,recording,knock_twice_right,3,1.960531,4.038827,9.066695,-0.025628,0.018987,0.008474
690371860.000,CC,recording,knock_twice_right,3,1.894875,4.026158,9.028510,-0.011822,0.022243,0.004305
690371870.000,CC,recording,knock_twice_right,3,1.816578,4.046308,8.927349,0.000521,0.021134,0.003729
690371880.000,CC,recording,knock_twice_right,3,1.780094,4.068039,8.828683,0.009557,0.015102,0.004816
690371890.000,CC,recording,knock_twice_right,3,1.800566,4.079184,8.747076,0.013718,0.004843,0.006528
690371900.000,CC,recording,knock_twice_right,3,1.828921,4.099751,8.734316,0.013593,-0.005789,0.007242
690371910.000,CC,recording,knock_twice_right,3,1.894210,4.108564,8.725191,0.014075,-0.013626,0.003477
690371920.000,CC,recording,knock_twice_right,3,1.919052,4.131014,8.679787,0.014796,-0.018669,-0.002594
690371930.000,CC,recording,knock_twice_right,3,1.862047,4.142390,8.637261,0.012903,-0.021049,-0.007248
690371940.000,CC,recording,knock_twice_right,3,1.856719,4.133476,8.618356,0.008049,-0.022768,-0.009468
690371950.000,CC,recording,knock_twice_right,3,1.853694,4.145064,8.624401,0.002655,-0.025163,-0.009386
690371960.000,CC,recording,knock_twice_right,3,1.896745,4.165656,8.640518,-0.003175,-0.026782,-0.010080
690371970.000,CC,recording,knock_twice_right,3,1.952123,4.163198,8.671031,-0.009842,-0.026506,-0.014110
690371980.000,CC,recording,knock_twice_right,3,1.959019,4.162509,8.713353,-0.014981,-0.022157,-0.019921
690371990.000,CC,recording,knock_twice_right,3,1.919627,4.144874,8.737264,-0.020223,-0.013833,-0.023656
690372000.000,CC,recording,knock_twice_right,3,1.887074,4.101731,8.765271,-0.027061,-0.004499,-0.023803
690372010.000,CC,recording,knock_twice_right,3,1.899181,4.117972,8.809629,-0.030667,0.003969,-0.023969
690372020.000,CC,recording,knock_twice_right,3,1.906444,4.116827,8.875377,-0.029834,0.011089,-0.026913
690372030.000,CC,recording,knock_twice_right,3,1.913876,4.094644,8.896198,-0.026901,0.017720,-0.031824
690372040.000,CC,recording,knock_twice_right,3,1.885273,4.093536,8.938918,-0.022926,0.024451,-0.037614
690372050.000,CC,recording,knock_twice_right,3,1.830116,4.062440,8.932827,-0.018217,0.028058,-0.042516
690372060.000,CC,recording,knock_twice_right,3,1.784287,4.045074,8.945959,-0.011659,0.026783,-0.044980
690372070.000,CC,recording,knock_twice_right,3,1.774954,4.028041,8.925778,-0.003184,0.025528,-0.045984
690372080.000,CC,recording,knock_twice_right,3,1.756503,4.010195,8.890342,0.004499,0.025517,-0.047137
690372090.000,CC,recording,knock_twice_right,4,1.726516,4.016876,8.889187,0.010667,0.025404,-0.047555
690372100.000,CC,recording,knock_twice_right,4,1.711442,3.996527,8.888390,0.016032,0.027273,-0.045421
690372110.000,CC,recording,knock_twice_right,4,1.647404,3.971910,8.850501,0.020305,0.031805,-0.040213
690372120.000,CC,recording,knock_twice_right,4,1.641243,3.988068,8.818301,0.024181,0.036268,-0.033110
690372130.000,CC,recording,knock_twice_right,4,1.638150,4.019331,8.796093,0.027471,0.039543,-0.027409
690372140.000,CC,recording,knock_twice_right,4,1.672338,4.007231,8.741936,0.028644,0.041636,-0.025118
690372150.000,CC,recording,knock_twice_right,4,1.679728,4.029797,8.685835,0.027005,0.040142,-0.024319
690372160.000,CC,recording,knock_twice_right,4,1.640756,4.033477,8.661793,0.026543,0.033884,-0.023254
690372170.000,CC,recording,knock_twice_right,4,1.619602,4.009770,8.666804,0.028308,0.024524,-0.020870
690372180.000,CC,recording,knock_twice_right,4,1.630785,3.994392,8.604868,0.029235,0.014514,-0.017449
690372190.000,CC,recording,knock_twice_right,4,1.606251,3.997600,8.589121,0.030045,0.004451,-0.012529
690372200.000,CC,recording,knock_twice_right,4,1.587710,4.017523,8.561853,0.029761,-0.006377,-0.004258
690372210.000,CC,recording,knock_twice_right,4,1.632844,4.009065,8.495218,0.027709,-0.016238,0.004309
690372220.000,CC,recording,knock_twice_right,4,1.720986,4.052664,8.468890,0.026655,-0.025303,0.009546
690372230.000,CC,recording,knock_twice_right,4,1.794626,4.091304,8.472888,0.028783,-0.036042,0.009880
690372240.000,CC,recording,knock_twice_right,4,1.863685,4.122408,8.472360,0.033796,-0.049728,0.004753
690372250.000,CC,recording,knock_twice_right,4,1.894489,4.161430,8.398523,0.035031,-0.066071,-0.004067
690372260.000,CC,recording,knock_twice_right,4,1.909334,4.188434,8.323011,0.028591,-0.079548,-0.013107
690372270.000,CC,recording,knock_twice_right,4,1.932777,4.192926,8.330738,0.013538,-0.084737,-0.020842
690372280.000,CC,recording,knock_twice_right,4,1.969484,4.231677,8.375128,-0.009881,-0.081466,-0.028769
690372290.000,CC,recording,knock_twice_right,4,1.988070,4.234619,8.466441,-0.035736,-0.070099,-0.036048
690372300.000,CC,recording,knock_twice_right,4,1.982073,4.184584,8.526573,-0.061543,-0.049938,-0.041313
690372310.000,CC,recording,knock_twice_right,4,1.960481,4.158237,8.631192,-0.086708,-0.026501,-0.045600
690372320.000,CC,recording,knock_twice_right,4,1.947382,4.142849,8.763678,-0.104245,-0.003631,-0.051047
690372330.000,CC,recording,knock_twice_right,4,1.954989,4.085516,8.832185,-0.111026,0.018617,-0.058356
690372340.000,CC,recording,knock_twice_right,4,1.915971,4.038194,8.930212,-0.107173,0.030416,-0.065960
690372350.000,CC,recording,knock_twice_right,4,1.789036,4.026643,9.077025,-0.091727,0.025015,-0.070479
690372360.000,CC,recording,knock_twice_right,4,1.718649,4.037399,9.104220,-0.067740,0.010876,-0.070711
690372370.000,CC,recording,knock_twice_right,4,1.736986,4.011082,9.058303,-0.041654,-0.004309,-0.069353
690372380.000,CC,recording,knock_twice_right,4,1.711520,4.049157,8.994279,-0.020242,-0.017098,-0.069523
690372390.000,CC,recording,knock_twice_right,4,1.713737,4.058080,8.934090,-0.008280,-0.021074,-0.069106
690372400.000,CC,recording,knock_twice_right,4,1.681743,4.061283,8.823622,-0.008044,-0.013068,-0.065256
690372410.000,CC,recording,knock_twice_right,4,1.592340,4.057282,8.786486,-0.015760,0.004029,-0.057024
690372420.000,CC,recording,knock_twice_right,4,1.559427,4.061917,8.791417,-0.027359,0.021279,-0.046164
690372430.000,CC,recording,knock_twice_right,4,1.568657,4.033371,8.850689,-0.034629,0.026997,-0.036919
690372440.000,CC,recording,knock_twice_right,4,1.595941,4.044418,9.027880,-0.027585,0.018754,-0.031282
690372450.000,CC,recording,knock_twice_right,4,1.648317,4.043416,9.086738,-0.008541,0.003107,-0.031461
690372460.000,CC,recording,knock_twice_right,4,1.709120,4.058389,9.053820,0.012511,-0.010845,-0.037742
690372470.000,CC,recording,knock_twice_right,4,1.707905,4.074978,8.963223,0.026925,-0.014636,-0.046001
690372480.000,CC,recording,knock_twice_right,4,1.660817,4.077876,8.842532,0.029174,-0.005092,-0.050746
690372490.000,CC,recording,knock_twice_right,4,1.575139,4.023766,8.784854,0.020926,0.014702,-0.048512
690372500.000,CC,recording,knock_twice_right,4,1.511767,4.025462,8.778913,0.008959,0.038738,-0.038506
690372510.000,CC,recording,knock_twice_right,4,1.509053,4.022367,8.799326,-0.001606,0.060078,-0.025072
690372520.000,CC,recording,knock_twice_right,4,1.535580,4.011024,8.803786,-0.007231,0.072454,-0.013446
690372530.000,CC,recording,knock_twice_right,4,1.582009,4.004465,8.829287,-0.005856,0.076154,-0.006576
690372540.000,CC,recording,knock_twice_right,4,1.620006,4.000765,8.834996,-0.000075,0.074710,-0.004766
690372550.000,CC,recording,knock_twice_right,4,1.594143,3.997799,8.849001,0.009140,0.069463,-0.006356
690372560.000,CC,recording,knock_twice_right,4,1.591138,3.994896,8.823326,0.020654,0.061033,-0.009026
690372570.000,CC,recording,knock_twice_right,4,1.555386,4.007871,8.775519,0.028738,0.051476,-0.009520
690372580.000,CC,recording,knock_twice_right,4,1.513719,3.992258,8.670330,0.030009,0.045326,-0.004719
690372590.000,CC,recording,knock_twice_right,4,1.507700,4.015309,8.634985,0.024142,0.043552,0.002714
690372600.000,CC,recording,knock_twice_right,4,1.578471,4.053317,8.600298,0.014492,0.044335,0.007130
690372610.000,CC,recording,knock_twice_right,4,1.660789,4.036690,8.641945,0.004793,0.048970,0.007004
690372620.000,CC,recording,knock_twice_right,4,1.650025,3.989600,8.641253,-0.002510,0.054905,0.005671
690372630.000,CC,recording,knock_twice_right,4,1.572900,3.970098,8.692056,-0.004849,0.055893,0.006669
690372640.000,CC,recording,knock_twice_right,4,1.514559,3.920505,8.688474,-0.001724,0.049471,0.010030
690372650.000,CC,recording,knock_twice_right,4,1.466580,3.916231,8.678272,0.004011,0.037723,0.016798
690372660.000,CC,recording,knock_twice_right,4,1.479777,3.939816,8.631087,0.009531,0.024459,0.026544
690372670.000,CC,recording,knock_twice_right,4,1.555375,3.965017,8.628343,0.014119,0.013091,0.035541
690372680.000,CC,recording,knock_twice_right,4,1.628353,4.006563,8.581777,0.016201,0.003853,0.040382
690372690.000,CC,recording,knock_twice_right,4,1.673333,4.039905,8.549002,0.013249,-0.003075,0.040667
690372700.000,CC,recording,knock_twice_right,4,1.694443,4.042289,8.527143,0.006071,-0.003511,0.038586
690372710.000,CC,recording,knock_twice_right,4,1.682483,4.033972,8.509904,-0.004152,0.000838,0.036772
690372720.000,CC,recording,knock_twice_right,4,1.672178,4.053479,8.482805,-0.016887,0.003107,0.037388
690372730.000,CC,recording,knock_twice_right,4,1.700221,4.072923,8.498812,-0.032143,0.002402,0.038294
690372740.000,CC,recording,knock_twice_right,4,1.792896,4.091411,8.546933,-0.048282,0.005212,0.035494
690372750.000,CC,recording,knock_twice_right,4,1.839079,4.101190,8.590325,-0.063880,0.018480,0.029743
690372760.000,CC,recording,knock_twice_right,4,1.839961,4.106786,8.610321,-0.082805,0.043562,0.023666
690372770.000,CC,recording,knock_twice_right,4,1.841265,4.114777,8.650726,-0.105075,0.073175,0.016736
690372780.000,CC,recording,knock_twice_right,4,1.778185,4.075267,8.742740,-0.125749,0.098449,0.011655
690372790.000,CC,recording,knock_twice_right,4,1.736438,4.076190,8.848463,-0.139406,0.116439,0.009254
690372800.000,CC,recording,knock_twice_right,4,1.687634,4.025669,8.905429,-0.144036,0.124157,0.007793
690372810.000,CC,recording,knock_twice_right,4,1.658925,4.021903,8.963317,-0.140967,0.123797,0.006803
690372820.000,CC,recording,knock_twice_right,4,1.711747,4.021599,8.973194,-0.134034,0.124523,0.003848
690372830.000,CC,recording,knock_twice_right,4,1.713388,4.035141,8.971964,-0.129270,0.130772,-0.000499
690372840.000,CC,recording,knock_twice_right,4,1.679060,4.026660,8.972945,-0.128366,0.144243,-0.004673
690372850.000,CC,recording,knock_twice_right,4,1.654182,3.999263,8.945686,-0.128833,0.163710,-0.008093
690372860.000,CC,recording,knock_twice_right,4,1.586364,3.994953,8.913511,-0.131398,0.182912,-0.010568
690372870.000,CC,recording,knock_twice_right,4,1.515605,3.953610,8.913618,-0.136277,0.196909,-0.010277
690372880.000,CC,recording,knock_twice_right,4,1.428686,3.948597,8.943879,-0.138387,0.204427,-0.006768
690372890.000,CC,recording,knock_twice_right,4,1.443616,3.932641,8.984413,-0.135814,0.204703,-0.002799
690372900.000,CC,recording,knock_twice_right,4,1.448990,3.903145,8.989387,-0.129658,0.196792,-0.000238
690372910.000,CC,recording,knock_twice_right,4,1.444766,3.905284,9.019112,-0.119802,0.182426,0.000447
690372920.000,CC,recording,knock_twice_right,4,1.462744,3.890156,9.044760,-0.105161,0.162662,-0.002384
690372930.000,CC,recording,knock_twice_right,4,1.425263,3.900753,9.081321,-0.084842,0.136861,-0.008320
690372940.000,CC,recording,knock_twice_right,4,1.399075,3.882344,9.111803,-0.060190,0.107233,-0.014535
690372950.000,CC,recording,knock_twice_right,4,1.385374,3.870825,9.087611,-0.034916,0.078917,-0.020042
690372960.000,CC,recording,knock_twice_right,4,1.349349,3.848012,9.030128,-0.014017,0.051915,-0.022891
690372970.000,CC,recording,knock_twice_right,4,1.295982,3.856417,8.990956,0.002942,0.022717,-0.023050
690372980.000,CC,recording,knock_twice_right,4,1.300102,3.815013,9.006847,0.020546,-0.007087,-0.022597
690372990.000,CC,recording,knock_twice_right,4,1.293693,3.786921,9.035680,0.041070,-0.032173,-0.021355
690373000.000,CC,recording,knock_twice_right,4,1.328935,3.762057,9.086284,0.063059,-0.049336,-0.019838
690373010.000,CC,recording,knock_twice_right,4,1.339460,3.740547,9.071322,0.082605,-0.059758,-0.016774
690373020.000,CC,recording,knock_twice_right,4,1.331612,3.771560,9.052418,0.096110,-0.067598,-0.012186
690373030.000,CC,recording,knock_twice_right,4,1.368628,3.825092,8.998433,0.102531,-0.070341,-0.008345
690373040.000,CC,recording,knock_twice_right,4,1.397903,3.833645,8.885486,0.097691,-0.057934,-0.003711
690373050.000,CC,recording,knock_twice_right,4,1.447097,3.846630,8.722523,0.078774,-0.027934,0.000647
690373060.000,CC,recording,knock_twice_right,4,1.464102,3.837317,8.641674,0.052639,0.008168,0.003132
690373070.000,CC,recording,knock_twice_right,4,1.412532,3.812374,8.692545,0.028423,0.033717,0.003960
690373080.000,CC,recording,knock_twice_right,4,1.361456,3.833316,8.755901,0.015464,0.042724,0.003489
690373090.000,CC,recording,knock_twice_right,4,1.349899,3.789005,8.805190,0.016524,0.036882,0.003843
690373100.000,CC,recording,knock_twice_right,4,1.344562,3.777686,8.807137,0.026164,0.017987,0.004186
690373110.000,CC,recording,knock_twice_right,4,1.334898,3.788129,8.842087,0.040300,-0.010430,0.003333
690373120.000,CC,recording,knock_twice_right,4,1.300947,3.806571,8.848522,0.054235,-0.041213,0.003461
690373130.000,CC,recording,knock_twice_right,4,1.329255,3.820989,8.782042,0.062245,-0.060181,0.006203
690373140.000,CC,recording,knock_twice_right,4,1.358255,3.798942,8.623335,0.059736,-0.058365,0.011976
690373150.000,CC,recording,knock_twice_right,4,1.369814,3.776158,8.481449,0.046418,-0.046415,0.019115
690373160.000,CC,recording,knock_twice_right,4,1.395812,3.794978,8.550060,0.030905,-0.038791,0.025014
690373170.000,CC,recording,knock_twice_right,4,1.405479,3.795529,8.592496,0.020417,-0.037548,0.030694
690373180.000,CC,recording,knock_twice_right,4,1.402965,3.778577,8.606973,0.015290,-0.039307,0.037727
690373190.000,CC,recording,knock_twice_right,4,1.476496,3.821961,8.561224,0.010154,-0.040753,0.043389
690373200.000,CC,recording,knock_twice_right,4,1.528540,3.838168,8.545582,-0.000188,-0.040905,0.045177
690373210.000,CC,recording,knock_twice_right,4,1.599093,3.909717,8.536798,-0.016361,-0.041330,0.041645
690373220.000,CC,recording,knock_twice_right,4,1.594276,3.930232,8.556563,-0.037061,-0.038396,0.034662
690373230.000,CC,recording,knock_twice_right,4,1.542296,3.930658,8.615060,-0.058514,-0.030117,0.030620
690373240.000,CC,recording,knock_twice_right,4,1.522523,3.946012,8.732020,-0.076887,-0.021841,0.029472
690373250.000,CC,recording,knock_twice_right,4,1.542707,3.962246,8.837568,-0.088720,-0.016360,0.025898
690373260.000,CC,recording,knock_twice_right,4,1.629659,3.965818,8.932116,-0.092713,-0.010566,0.018356
690373270.000,CC,recording,knock_twice_right,4,1.620059,3.969219,8.997991,-0.091205,-0.003601,0.009644
690373280.000,CC,recording,knock_twice_right,4,1.537858,3.966240,9.054460,-0.086624,-0.000026,0.002485
690373290.000,CC,recording,knock_twice_right,4,1.499117,3.990512,9.107594,-0.080405,0.000124,-0.001592
690373300.000,CC,recording,knock_twice_right,4,1.515709,3.987608,9.124869,-0.073950,0.001834,-0.003625
690373310.000,CC,recording,knock_twice_right,4,1.530216,3.996938,9.170470,-0.068528,0.010290,-0.005769
690373320.000,CC,recording,knock_twice_right,4,1.552370,4.005478,9.163085,-0.064797,0.023630,-0.009221
690373330.000,CC,recording,knock_twice_right,4,1.532287,4.005013,9.135908,-0.062258,0.034424,-0.012964
690373340.000,CC,recording,knock_twice_right,4,1.506327,3.963590,9.185501,-0.057294,0.040930,-0.015446
690373350.000,CC,recording,knock_twice_right,4,1.481345,3.940422,9.200049,-0.047052,0.042184,-0.017097
690373360.000,CC,recording,knock_twice_right,4,1.462927,3.915434,9.199295,-0.032737,0.037234,-0.018643
690373370.000,CC,recording,knock_twice_right,4,1.439606,3.900609,9.187897,-0.015496,0.028910,-0.020472
690373380.000,CC,recording,knock_twice_right,4,1.408235,3.876564,9.167266,0.002943,0.019218,-0.020737
690373390.000,CC,recording,knock_twice_right,4,1.385068,3.838620,9.144410,0.021562,0.009456,-0.018897
690373400.000,CC,recording,knock_twice_right,4,1.341674,3.836246,9.074431,0.037941,-0.000197,-0.015193
690373410.000,CC,recording,knock_twice_right,4,1.359976,3.840104,8.984212,0.049838,-0.009061,-0.009292
690373420.000,CC,recording,knock_twice_right,4,1.349312,3.808051,8.971742,0.058602,-0.016906,-0.001665
690373430.000,CC,recording,knock_twice_right,4,1.373661,3.793758,8.881400,0.064713,-0.023693,0.006803
690373440.000,CC,recording,knock_twice_right,4,1.408949,3.830700,8.826130,0.067166,-0.024709,0.013384
690373450.000,CC,recording,knock_twice_right,4,1.452171,3.803731,8.746580,0.065789,-0.018732,0.016340
690373460.000,CC,recording,knock_twice_right,4,1.493508,3.817883,8.723485,0.062135,-0.013014,0.017230
690373470.000,CC,recording,knock_twice_right,4,1.488437,3.864114,8.717322,0.057246,-0.011215,0.016537
690373480.000,CC,recording,knock_twice_right,4,1.540933,3.856272,8.656711,0.050288,-0.010507,0.012988
690373490.000,CC,recording,knock_twice_right,4,1.529821,3.846413,8.639045,0.039353,-0.009404,0.007264
690373500.000,CC,recording,knock_twice_right,4,1.535110,3.856915,8.660576,0.027058,-0.008265,0.001262
690373510.000,CC,recording,knock_twice_right,4,1.519748,3.866009,8.754009,0.015984,-0.006666,-0.004638
690373520.000,CC,recording,knock_twice_right,4,1.538303,3.866212,8.822324,0.004786,-0.000286,-0.010520
690373530.000,CC,recording,knock_twice_right,4,1.550420,3.841104,8.836948,-0.005949,0.015227,-0.015631
690373540.000,CC,recording,knock_twice_right,4,1.495941,3.825145,8.854484,-0.015576,0.036818,-0.018994
690373550.000,CC,recording,knock_twice_right,4,1.446218,3.813399,8.839795,-0.024288,0.055840,-0.020319
690373560.000,CC,recording,knock_twice_right,4,1.377034,3.780698,8.837208,-0.030827,0.065450,-0.020040
690373570.000,CC,recording,knock_twice_right,4,1.331365,3.798442,8.901006,-0.033280,0.064636,-0.018978
690373580.000,CC,recording,knock_twice_right,4,1.321739,3.784210,8.932949,-0.030102,0.056569,-0.017599
690373590.000,CC,recording,knock_twice_right,4,1.321819,3.782698,8.990065,-0.023260,0.047557,-0.015851
690373600.000,CC,recording,knock_twice_right,4,1.330602,3.762985,8.935120,-0.015786,0.044326,-0.013867
690373610.000,CC,recording,knock_twice_right,4,1.322827,3.708597,8.917755,-0.010560,0.048878,-0.010563
690373620.000,CC,recording,knock_twice_right,4,1.297656,3.748788,8.872672,-0.008605,0.054696,-0.004878
690373630.000,CC,recording,knock_twice_right,4,1.311164,3.774499,8.847089,-0.007187,0.055490,0.001160
690373640.000,CC,recording,knock_twice_right,4,1.281250,3.780728,8.802869,-0.004675,0.048732,0.004848
690373650.000,CC,recording,knock_twice_right,4,1.318161,3.791216,8.801989,-0.000203,0.033544,0.005002
690373660.000,CC,recording,knock_twice_right,4,1.365783,3.821529,8.820318,0.006150,0.009566,-0.000306
690373670.000,CC,recording,knock_twice_right,4,1.378477,3.856986,8.861237,0.015461,-0.024596,-0.012511
690373680.000,CC,recording,knock_twice_right,4,1.483632,3.888439,8.904727,0.027512,-0.064631,-0.031775
690373690.000,CC,recording,knock_twice_right,4,1.576443,3.938757,8.923797,0.039935,-0.111112,-0.056753
690373700.000,CC,recording,knock_twice_right,4,1.600150,3.932883,9.064357,0.059975,-0.165772,-0.089579
690373710.000,CC,recording,knock_twice_right,4,1.581006,3.900951,9.028544,0.090398,-0.224449,-0.119954
690373720.000,CC,recording,knock_twice_right,4,1.355604,3.861901,8.866483,0.126205,-0.289365,-0.141495
690373730.000,CC,recording,knock_twice_right,4,0.486813,3.756392,8.236282,0.131036,-0.319249,-0.102080
690373740.000,CC,recording,knock_twice_right,4,-1.978390,3.448629,6.472932,0.025777,-0.320483,0.071668
690373750.000,CC,recording,knock_twice_right,4,-1.378449,3.389211,6.597431,-0.154768,-0.340856,0.313761
690373760.000,CC,recording,knock_twice_right,4,0.119236,3.489747,8.115317,-0.292615,-0.363615,0.501145
690373770.000,CC,recording,knock_twice_right,4,1.849624,3.426953,8.888254,-0.338154,-0.373163,0.573277
690373780.000,CC,recording,knock_twice_right,4,3.139075,3.673655,10.132804,-0.281155,-0.359342,0.521287
690373790.000,CC,recording,knock_twice_right,4,4.190747,3.761733,10.716128,-0.150767,-0.309033,0.377076
690373800.000,CC,recording,knock_twice_right,4,4.171955,3.950745,10.607652,-0.011805,-0.217565,0.195804
690373810.000,CC,recording,knock_twice_right,4,4.243317,3.955139,10.337253,0.092314,-0.077071,0.011170
690373820.000,CC,recording,knock_twice_right,4,4.617527,4.064291,10.388566,0.160646,0.141599,-0.180964
690373830.000,CC,recording,knock_twice_right,4,4.865707,4.347969,10.511279,0.201911,0.441141,-0.356590
690373840.000,CC,recording,knock_twice_right,4,3.625817,4.524963,9.931439,0.198898,0.769138,-0.462610
690373850.000,CC,recording,knock_twice_right,4,1.942998,3.977656,8.504855,0.120287,1.076592,-0.471507
690373860.000,CC,recording,knock_twice_right,4,0.411593,3.657203,7.243282,-0.050322,1.318313,-0.372757
690373870.000,CC,recording,knock_twice_right,4,-0.542492,4.404801,6.828472,-0.278247,1.429815,-0.207557
690373880.000,CC,recording,knock_twice_right,4,-0.246025,4.566187,7.466018,-0.470647,1.384498,-0.067870
690373890.000,CC,recording,knock_twice_right,4,0.615700,4.263354,8.423994,-0.546911,1.220647,-0.003788
690373900.000,CC,recording,knock_twice_right,4,1.129981,3.928775,9.159784,-0.493037,0.983927,-0.018349
690373910.000,CC,recording,knock_twice_right,4,1.472104,3.769963,9.534133,-0.345698,0.691666,-0.103768
690373920.000,CC,recording,knock_twice_right,4,1.491058,3.706988,9.864197,-0.139358,0.351088,-0.224230
690373930.000,CC,recording,knock_twice_right,4,0.736762,3.633877,9.763530,0.091382,-0.015463,-0.322151
690373940.000,CC,recording,knock_twice_right,4,-0.079401,3.555728,9.083000,0.286580,-0.362271,-0.363314
690373950.000,CC,recording,knock_twice_right,4,-0.478322,3.472445,8.300628,0.410065,-0.649012,-0.342111
690373960.000,CC,recording,knock_twice_right,4,-2.081608,3.360428,7.270731,0.424251,-0.850026,-0.179672
690373970.000,CC,recording,knock_twice_right,4,-4.537956,3.411836,5.381788,0.259498,-0.987682,0.133653
690373980.000,CC,recording,knock_twice_right,4,-0.820357,3.033919,6.204903,0.015388,-1.071095,0.408964
690373990.000,CC,recording,knock_twice_right,4,1.848547,3.354709,9.026148,-0.115029,-1.049208,0.494378
690374000.000,CC,recording,knock_twice_right,4,4.560796,3.827996,10.726914,-0.094604,-0.905919,0.381981
690374010.000,CC,recording,knock_twice_right,4,5.079012,4.033288,11.610968,0.012462,-0.657596,0.155091
690374020.000,CC,recording,knock_twice_right,4,4.800392,3.767521,11.309506,0.120635,-0.325648,-0.071051
690374030.000,CC,recording,knock_twice_right,4,3.010240,3.716584,10.294104,0.160597,0.024756,-0.207687
690374040.000,CC,recording,knock_twice_right,4,1.315924,3.559175,9.568798,0.138563,0.306905,-0.227383
690374050.000,CC,recording,knock_twice_right,4,-0.016333,3.429673,9.048450,0.081616,0.521245,-0.127813
690374060.000,CC,recording,knock_twice_right,4,-0.649979,3.699600,7.823503,-0.027629,0.664152,0.050114
690374070.000,CC,recording,knock_twice_right,4,-0.249079,3.849840,7.909409,-0.159338,0.666703,0.205452
690374080.000,CC,recording,knock_twice_right,4,0.668992,4.059510,8.745978,-0.231156,0.539747,0.275932
690374090.000,CC,recording,knock_twice_right,4,1.416988,3.943554,9.494047,-0.206197,0.370086,0.261424
690374100.000,CC,recording,knock_twice_right,4,1.848132,3.679743,9.778967,-0.106813,0.219335,0.188932
690374110.000,CC,recording,knock_twice_right,4,1.753740,3.639550,9.692134,0.020111,0.102839,0.098991
690374120.000,CC,recording,knock_twice_right,4,1.326676,3.690247,9.239389,0.122943,0.020175,0.028777
690374130.000,CC,recording,knock_twice_right,4,0.870781,3.689250,8.606078,0.167533,-0.023310,-0.001807
690374140.000,CC,recording,knock_twice_right,4,0.632336,3.712596,8.140391,0.148164,-0.025453,0.007644
690374150.000,CC,recording,knock_twice_right,4,0.629241,3.764432,7.945239,0.082887,-0.005732,0.041483
690374160.000,CC,recording,knock_twice_right,4,0.791019,3.874973,8.109807,0.006166,0.007355,0.074998
690374170.000,CC,recording,knock_twice_right,4,1.119164,3.891362,8.463485,-0.049999,0.004923,0.090437
690374180.000,CC,recording,knock_twice_right,4,1.377680,3.831865,8.780100,-0.074872,-0.006654,0.085301
690374190.000,CC,recording,knock_twice_right,4,1.407324,3.812781,9.002745,-0.072775,-0.026326,0.067573
690374200.000,CC,recording,knock_twice_right,4,1.318017,3.830805,9.082108,-0.055584,-0.050677,0.049743
690374210.000,CC,recording,knock_twice_right,4,1.232492,3.822471,9.140104,-0.033109,-0.067056,0.038304
690374220.000,CC,recording,knock_twice_right,4,1.292344,3.805454,9.108695,-0.013037,-0.071537,0.032555
690374230.000,CC,recording,knock_twice_right,4,1.306583,3.819850,9.044297,-0.001566,-0.073057,0.029330
690374240.000,CC,recording,knock_twice_right,4,1.359430,3.853490,9.001560,0.000942,-0.076288,0.024585
690374250.000,CC,recording,knock_twice_right,4,1.486616,3.857092,9.046166,-0.001175,-0.074046,0.012326
690374260.000,CC,recording,knock_twice_right,4,1.647251,3.792090,9.206294,0.001261,-0.060792,-0.011115
690374270.000,CC,recording,knock_twice_right,4,1.598662,3.755275,9.270325,0.009798,-0.041697,-0.037380
690374280.000,CC,recording,knock_twice_right,4,1.321219,3.750522,9.133294,0.015254,-0.022594,-0.051403
690374290.000,CC,recording,knock_twice_right,4,1.100147,3.691373,8.942223,0.010822,-0.005324,-0.049650
690374300.000,CC,recording,knock_twice_right,4,0.958924,3.675675,8.840731,-0.000230,0.008105,-0.037232
690374310.000,CC,recording,knock_twice_right,4,0.976590,3.657679,8.936411,-0.006733,0.016270,-0.021102
690374320.000,CC,recording,knock_twice_right,4,1.083698,3.682768,9.066301,-0.001439,0.016002,-0.007794
690374330.000,CC,recording,knock_twice_right,4,1.123714,3.700918,9.021539,0.010323,0.002156,0.001055
690374340.000,CC,recording,knock_twice_right,4,1.116351,3.754645,8.944430,0.020851,-0.021828,0.006755
690374350.000,CC,recording,knock_twice_right,4,1.101680,3.751421,8.850496,0.028374,-0.047295,0.013204
690374360.000,CC,recording,knock_twice_right,4,1.056765,3.746682,8.873891,0.034782,-0.075476,0.022309
690374370.000,CC,recording,knock_twice_right,4,1.042755,3.784316,8.929368,0.043350,-0.109052,0.032458
690374380.000,CC,recording,knock_twice_right,4,1.146413,3.823864,8.999001,0.054458,-0.140541,0.039417
690374390.000,CC,recording,knock_twice_right,4,1.300689,3.847317,8.972126,0.064884,-0.158818,0.038926
690374400.000,CC,recording,knock_twice_right,4,1.402710,3.851519,8.935507,0.072003,-0.162314,0.033247
690374410.000,CC,recording,knock_twice_right,4,1.334479,3.870601,8.858640,0.074123,-0.159292,0.028233
690374420.000,CC,recording,knock_twice_right,4,1.297780,3.902802,8.783670,0.068925,-0.155954,0.026533
690374430.000,CC,recording,knock_twice_right,4,1.273290,3.913298,8.717987,0.056065,-0.154511,0.026791
690374440.000,CC,recording,knock_twice_right,4,1.342738,3.937030,8.670404,0.038899,-0.154745,0.025853
690374450.000,CC,recording,knock_twice_right,4,1.413137,3.916019,8.743429,0.024147,-0.157024,0.021660
690374460.000,CC,recording,knock_twice_right,4,1.446440,3.918168,8.809186,0.015260,-0.164457,0.014529
690374470.000,CC,recording,knock_twice_right,4,1.417984,3.901966,8.783161,0.011739,-0.177058,0.005700
690374480.000,CC,recording,knock_twice_right,4,1.415422,3.906511,8.814267,0.012915,-0.195275,-0.001639
690374490.000,CC,recording,knock_twice_right,4,1.414810,3.889092,8.809944,0.016562,-0.220307,-0.005539
690374500.000,CC,recording,knock_twice_right,4,1.463855,3.890425,8.843788,0.021451,-0.247868,-0.008439
690374510.000,CC,recording,knock_twice_right,4,1.551865,3.896967,8.916528,0.026909,-0.271659,-0.013693
690374520.000,CC,recording,knock_twice_right,4,1.678944,3.865134,8.958941,0.032597,-0.284993,-0.022551
690374530.000,CC,recording,knock_twice_right,4,1.768437,3.871484,9.043393,0.037151,-0.280799,-0.033923
690374540.000,CC,recording,knock_twice_right,4,1.786583,3.896135,9.088134,0.038654,-0.256255,-0.043196
690374550.000,CC,recording,knock_twice_right,4,1.754701,3.852470,9.085487,0.036077,-0.213226,-0.046540
690374560.000,CC,recording,knock_twice_right,4,1.760884,3.831197,9.076294,0.029246,-0.156702,-0.044321
690374570.000,CC,recording,knock_twice_right,4,1.723989,3.817756,9.032186,0.018417,-0.096593,-0.038565
690374580.000,CC,recording,knock_twice_right,4,1.693577,3.822718,9.046032,0.007227,-0.043545,-0.030687
690374590.000,CC,recording,knock_twice_right,4,1.688317,3.814188,9.103529,0.003332,-0.003413,-0.023281
690374600.000,CC,recording,knock_twice_right,4,1.728316,3.818162,9.126207,0.010732,0.020636,-0.021461
690374610.000,CC,recording,knock_twice_right,4,1.743591,3.820031,9.085660,0.025477,0.028568,-0.026486
690374620.000,CC,recording,knock_twice_right,4,1.641935,3.836107,8.951228,0.037002,0.024273,-0.032411
690374630.000,CC,recording,knock_twice_right,4,1.519037,3.844300,8.816551,0.039761,0.016987,-0.033261
690374640.000,CC,recording,knock_twice_right,4,1.495905,3.818031,8.772472,0.037163,0.015508,-0.029514
690374650.000,CC,recording,knock_twice_right,4,1.548989,3.822358,8.791573,0.033314,0.020557,-0.025315
690374660.000,CC,recording,knock_twice_right,4,1.555759,3.856411,8.789339,0.029466,0.029419,-0.021892
690374670.000,CC,recording,knock_twice_right,4,1.509759,3.858697,8.697327,0.023456,0.034998,-0.017682
690374680.000,CC,recording,knock_twice_right,4,1.462101,3.872741,8.630747,0.015207,0.031426,-0.014302
690374690.000,CC,recording,knock_twice_right,4,1.466248,3.885788,8.667115,0.008098,0.022147,-0.012658
690374700.000,CC,recording,knock_twice_right,4,1.493720,3.897323,8.734113,0.003533,0.012965,-0.013479
690374710.000,CC,recording,knock_twice_right,4,1.526084,3.881206,8.728908,0.001903,0.005743,-0.014968
690374720.000,CC,recording,knock_twice_right,4,1.462264,3.900726,8.716593,-0.001349,0.001889,-0.012784
690374730.000,CC,recording,knock_twice_right,4,1.431210,3.868759,8.667486,-0.010367,0.001996,-0.005864
690374740.000,CC,recording,knock_twice_right,4,1.440299,3.887328,8.734344,-0.018898,0.002997,0.002074
690374750.000,CC,recording,knock_twice_right,4,1.527335,3.914499,8.852266,-0.020939,0.003046,0.004564
690374760.000,CC,recording,knock_twice_right,4,1.599149,3.929096,8.871110,-0.017687,0.002438,0.001630
690374770.000,CC,recording,knock_twice_right,4,1.589641,3.900171,8.860499,-0.014918,0.001061,-0.001486
690374780.000,CC,recording,knock_twice_right,4,1.493658,3.889667,8.838903,-0.014169,-0.001497,-0.001530
690374790.000,CC,recording,knock_twice_right,4,1.476837,3.885679,8.834760,-0.013249,-0.006994,0.000328
690374800.000,CC,recording,knock_twice_right,4,1.563304,3.903946,8.861794,-0.013172,-0.014281,0.000992
690374810.000,CC,recording,knock_twice_right,4,1.627253,3.889370,8.902095,-0.013019,-0.018071,-0.000343
690374820.000,CC,recording,knock_twice_right,4,1.653392,3.855591,8.955736,-0.011151,-0.013070,-0.003785
690374830.000,CC,recording,knock_twice_right,4,1.694696,3.851723,9.021863,-0.007182,-0.000355,-0.009838
690374840.000,CC,recording,knock_twice_right,4,1.672710,3.875557,8.960091,-0.003344,0.012948,-0.015851
690374850.000,CC,recording,knock_twice_right,4,1.561963,3.849241,8.863972,-0.003873,0.023388,-0.017224
690374860.000,CC,recording,knock_twice_right,4,1.496988,3.840780,8.797021,-0.007981,0.027071,-0.013091
690374870.000,CC,recording,knock_twice_right,4,1.483359,3.849296,8.799437,-0.011025,0.019469,-0.008037
690374880.000,CC,recording,knock_twice_right,4,1.552752,3.887109,8.839329,-0.010154,0.003344,-0.007119
690374890.000,CC,recording,knock_twice_right,4,1.643748,3.871258,8.895509,-0.005466,-0.009072,-0.011932
690374900.000,CC,recording,knock_twice_right,4,1.696357,3.840373,8.910080,-0.000581,-0.009704,-0.019653
690374910.000,CC,recording,knock_twice_right,4,1.639256,3.822439,8.912298,0.002194,-0.003084,-0.024739
690374920.000,CC,recording,knock_twice_right,4,1.586698,3.854463,8.857583,0.000909,0.005794,-0.025515
690374930.000,CC,recording,knock_twice_right,4,1.570239,3.851776,8.798017,-0.003266,0.012673,-0.024684
690374940.000,CC,recording,knock_twice_right,4,1.607829,3.867947,8.806801,-0.005511,0.013764,-0.025887
690374950.000,CC,recording,knock_twice_right,4,1.596998,3.863314,8.840601,-0.004622,0.008375,-0.030080
690374960.000,CC,recording,knock_twice_right,4,1.584079,3.866219,8.841156,-0.002050,-0.001174,-0.035148
690374970.000,CC,recording,knock_twice_right,4,1.556597,3.863598,8.825744,-0.000045,-0.008911,-0.037623
690374980.000,CC,recording,knock_twice_right,4,1.494852,3.843918,8.799197,-0.000824,-0.012164,-0.034335
690374990.000,CC,recording,knock_twice_right,4,1.463958,3.857072,8.793562,-0.004850,-0.014591,-0.026885
690375000.000,CC,recording,knock_twice_right,4,1.468525,3.858971,8.837031,-0.009852,-0.014426,-0.018283
690375010.000,CC,recording,knock_twice_right,4,1.540848,3.865661,8.881297,-0.013789,-0.008475,-0.012408
690375020.000,CC,recording,knock_twice_right,4,1.583151,3.870212,8.890424,-0.015230,-0.001121,-0.011671
690375030.000,CC,recording,knock_twice_right,4,1.567760,3.888608,8.883916,-0.015439,0.003065,-0.013401
690375040.000,CC,recording,knock_twice_right,4,1.558875,3.904559,8.876614,-0.015212,0.004582,-0.016249
690375050.000,CC,recording,knock_twice_right,4,1.564051,3.886005,8.865860,-0.013057,0.007373,-0.019606
690375060.000,CC,recording,knock_twice_right,4,1.523450,3.885918,8.883134,-0.011395,0.008862,-0.020952
690375070.000,CC,recording,knock_twice_right,4,1.493004,3.892209,8.838632,-0.014390,0.006419,-0.020114
690375080.000,CC,recording,knock_twice_right,4,1.461252,3.898146,8.806768,-0.021589,0.003877,-0.017697
690375090.000,CC,recording,knock_twice_right,4,1.459412,3.881040,8.902939,-0.024852,0.001390,-0.014507
690375100.000,CC,recording,knock_twice_right,4,1.544157,3.889349,9.078769,-0.017950,-0.002187,-0.015237
690375110.000,CC,recording,knock_twice_right,4,1.584357,3.859394,9.114829,-0.003311,-0.003993,-0.020424
690375120.000,CC,recording,knock_twice_right,4,1.556465,3.840615,9.061289,0.010478,-0.001919,-0.024671
690375130.000,CC,recording,knock_twice_right,5,1.466876,3.832771,8.945153,0.017751,0.001392,-0.025175
690375140.000,CC,recording,knock_twice_right,5,1.427542,3.844227,8.877621,0.019271,0.002951,-0.021987
690375150.000,CC,recording,knock_twice_right,5,1.449641,3.875686,8.844740,0.015763,0.004512,-0.017644
690375160.000,CC,recording,knock_twice_right,5,1.510321,3.868317,8.837704,0.010093,0.008407,-0.015781
690375170.000,CC,recording,knock_twice_right,5,1.526277,3.847607,8.897086,0.006918,0.012287,-0.015162
690375180.000,CC,recording,knock_twice_right,5,1.485020,3.854209,8.946632,0.007878,0.012770,-0.014897
690375190.000,CC,recording,knock_twice_right,5,1.512133,3.861670,8.893082,0.011356,0.009578,-0.015293
690375200.000,CC,recording,knock_twice_right,5,1.473759,3.860478,8.839366,0.014178,0.005496,-0.014090
690375210.000,CC,recording,knock_twice_right,5,1.390706,3.829716,8.793599,0.012539,0.001308,-0.009717
690375220.000,CC,recording,knock_twice_right,5,1.402717,3.808590,8.793421,0.008088,-0.001673,-0.003520
690375230.000,CC,recording,knock_twice_right,5,1.454344,3.823585,8.814252,0.005221,-0.002083,0.001170
690375240.000,CC,recording,knock_twice_right,5,1.523250,3.815900,8.836978,0.003987,-0.000996,0.003656
690375250.000,CC,recording,knock_twice_right,5,1.525697,3.805347,8.862689,0.004489,-0.000537,0.005240
690375260.000,CC,recording,knock_twice_right,5,1.532891,3.857416,8.878972,0.007444,-0.001411,0.006018
690375270.000,CC,recording,knock_twice_right,5,1.575594,3.861028,8.878115,0.012549,-0.004273,0.004836
690375280.000,CC,recording,knock_twice_right,5,1.596170,3.875653,8.834773,0.017242,-0.009021,0.002215
690375290.000,CC,recording,knock_twice_right,5,1.602013,3.870861,8.811806,0.020361,-0.012996,-0.000803
690375300.000,CC,recording,knock_twice_right,5,1.576821,3.866426,8.779004,0.022086,-0.016702,-0.003169
690375310.000,CC,recording,knock_twice_right,5,1.576193,3.884989,8.758691,0.020108,-0.019911,-0.005337
690375320.000,CC,recording,knock_twice_right,5,1.579998,3.900660,8.705934,0.014843,-0.022046,-0.008231
690375330.000,CC,recording,knock_twice_right,5,1.558781,3.903494,8.706436,0.007471,-0.025542,-0.010122
690375340.000,CC,recording,knock_twice_right,5,1.490036,3.886602,8.748275,0.000600,-0.029372,-0.008720
690375350.000,CC,recording,knock_twice_right,5,1.527269,3.878108,8.855164,-0.001436,-0.029668,-0.006797
690375360.000,CC,recording,knock_twice_right,5,1.607491,3.866069,8.868087,-0.000133,-0.026572,-0.008552
690375370.000,CC,recording,knock_twice_right,5,1.588735,3.900320,8.853580,0.000372,-0.020108,-0.012748
690375380.000,CC,recording,knock_twice_right,5,1.533127,3.909626,8.775714,-0.003026,-0.010798,-0.016430
690375390.000,CC,recording,knock_twice_right,5,1.472584,3.909213,8.742356,-0.012821,-0.000576,-0.017514
690375400.000,CC,recording,knock_twice_right,5,1.464964,3.929335,8.729108,-0.026034,0.009162,-0.017500
690375410.000,CC,recording,knock_twice_right,5,1.472580,3.936289,8.788329,-0.038310,0.015000,-0.016934
690375420.000,CC,recording,knock_twice_right,5,1.460796,3.900787,8.881697,-0.045393,0.015348,-0.015083
690375430.000,CC,recording,knock_twice_right,5,1.450887,3.877109,8.984564,-0.043755,0.012387,-0.012933
690375440.000,CC,recording,knock_twice_right,5,1.437537,3.862593,9.061348,-0.034592,0.007540,-0.009795
690375450.000,CC,recording,knock_twice_right,5,1.438490,3.853541,9.067938,-0.021220,0.002518,-0.006240
690375460.000,CC,recording,knock_twice_right,5,1.490343,3.874800,9.067830,-0.006981,-0.001108,-0.005067
690375470.000,CC,recording,knock_twice_right,5,1.519002,3.871483,9.023289,0.005080,-0.005335,-0.006787
690375480.000,CC,recording,knock_twice_right,5,1.493204,3.863618,8.968958,0.013189,-0.008733,-0.008765
690375490.000,CC,recording,knock_twice_right,5,1.463046,3.876817,8.899027,0.014782,-0.008137,-0.008034
690375500.000,CC,recording,knock_twice_right,5,1.465677,3.877156,8.873691,0.010093,-0.002310,-0.005020
690375510.000,CC,recording,knock_twice_right,5,1.485964,3.877988,8.890720,0.004689,0.006360,-0.002449
690375520.000,CC,recording,knock_twice_right,5,1.491781,3.856484,8.930202,0.003867,0.012708,-0.000964
690375530.000,CC,recording,knock_twice_right,5,1.509015,3.868197,8.941892,0.008555,0.014209,-0.000051
690375540.000,CC,recording,knock_twice_right,5,1.524367,3.870983,8.892389,0.015145,0.011431,-0.000594
690375550.000,CC,recording,knock_twice_right,5,1.530959,3.879029,8.835181,0.020751,0.006507,-0.002575
690375560.000,CC,recording,knock_twice_right,5,1.555320,3.887637,8.771323,0.021828,0.001223,-0.005779
690375570.000,CC,recording,knock_twice_right,5,1.630599,3.927042,8.741253,0.017068,-0.000583,-0.011589
690375580.000,CC,recording,knock_twice_right,5,1.692486,3.939614,8.730959,0.008886,0.008632,-0.021002
690375590.000,CC,recording,knock_twice_right,5,1.665505,3.909882,8.689640,-0.002986,0.023704,-0.030166
690375600.000,CC,recording,knock_twice_right,5,1.543017,3.920369,8.724501,-0.016229,0.034158,-0.034893
690375610.000,CC,recording,knock_twice_right,5,1.566148,3.895035,8.750152,-0.028074,0.042183,-0.036827
690375620.000,CC,recording,knock_twice_right,5,1.517681,3.857654,8.720608,-0.039643,0.048312,-0.037113
690375630.000,CC,recording,knock_twice_right,5,1.501214,3.849030,8.783968,-0.048813,0.048111,-0.035096
690375640.000,CC,recording,knock_twice_right,5,1.495721,3.838824,8.872220,-0.051110,0.043179,-0.031007
690375650.000,CC,recording,knock_twice_right,5,1.534354,3.799261,8.926273,-0.046453,0.038599,-0.028362
690375660.000,CC,recording,knock_twice_right,5,1.510680,3.801059,8.930335,-0.038494,0.036089,-0.027963
690375670.000,CC,recording,knock_twice_right,5,1.511416,3.804050,8.911076,-0.030758,0.034253,-0.027510
690375680.000,CC,recording,knock_twice_right,5,1.528831,3.809929,8.878186,-0.024003,0.030326,-0.026187
690375690.000,CC,recording,knock_twice_right,5,1.477499,3.834824,8.849871,-0.019275,0.024681,-0.024145
690375700.000,CC,recording,knock_twice_right,5,1.468992,3.855618,8.791343,-0.019259,0.016541,-0.022225
690375710.000,CC,recording,knock_twice_right,5,1.421723,3.882799,8.774945,-0.024574,0.006672,-0.020499
690375720.000,CC,recording,knock_twice_right,5,1.436715,3.888622,8.807730,-0.031991,0.001492,-0.017609
690375730.000,CC,recording,knock_twice_right,5,1.486684,3.871254,8.827932,-0.038322,0.003186,-0.014163
690375740.000,CC,recording,knock_twice_right,5,1.480594,3.850150,8.889430,-0.041993,0.007367,-0.011536
690375750.000,CC,recording,knock_twice_right,5,1.445586,3.849210,8.954576,-0.041386,0.010482,-0.009778
690375760.000,CC,recording,knock_twice_right,5,1.460172,3.831568,8.969338,-0.036549,0.013446,-0.009167
690375770.000,CC,recording,knock_twice_right,5,1.450142,3.815149,8.902089,-0.031531,0.015062,-0.008240
690375780.000,CC,recording,knock_twice_right,5,1.426062,3.802476,8.886158,-0.029449,0.010232,-0.008162
690375790.000,CC,recording,knock_twice_right,5,1.400928,3.801138,8.940083,-0.025999,-0.002392,-0.009015
690375800.000,CC,recording,knock_twice_right,5,1.366963,3.781167,9.034910,-0.016892,-0.016972,-0.009315
690375810.000,CC,recording,knock_twice_right,5,1.379608,3.764839,9.091785,-0.002360,-0.027765,-0.007617
690375820.000,CC,recording,knock_twice_right,5,1.371872,3.762906,9.077427,0.011678,-0.031961,-0.002986
690375830.000,CC,recording,knock_twice_right,5,1.315703,3.750643,9.022206,0.021176,-0.026931,0.005551
690375840.000,CC,recording,knock_twice_right,5,1.272628,3.762588,8.932135,0.025883,-0.015685,0.017284
690375850.000,CC,recording,knock_twice_right,5,1.270707,3.809830,8.888097,0.024879,-0.006618,0.027590
690375860.000,CC,recording,knock_twice_right,5,1.356828,3.832867,8.886165,0.020684,-0.001254,0.033782
690375870.000,CC,recording,knock_twice_right,5,1.421616,3.817755,8.868013,0.016439,0.002914,0.034586
690375880.000,CC,recording,knock_twice_right,5,1.457988,3.836546,8.889963,0.013738,0.003839,0.030885
690375890.000,CC,recording,knock_twice_right,5,1.474940,3.861571,8.951338,0.014995,0.002646,0.025222
690375900.000,CC,recording,knock_twice_right,5,1.455940,3.843345,9.002580,0.020405,0.002074,0.020302
690375910.000,CC,recording,knock_twice_right,5,1.442716,3.850506,8.999078,0.027235,0.002902,0.018578
690375920.000,CC,recording,knock_twice_right,5,1.401742,3.859569,8.958431,0.032193,0.006734,0.021062
690375930.000,CC,recording,knock_twice_right,5,1.396474,3.841879,8.913796,0.034544,0.012899,0.024865
690375940.000,CC,recording,knock_twice_right,5,1.436334,3.859310,8.912322,0.036493,0.017157,0.026696
690375950.000,CC,recording,knock_twice_right,5,1.449001,3.898918,8.926396,0.038552,0.016603,0.025135
690375960.000,CC,recording,knock_twice_right,5,1.450510,3.908808,8.905813,0.038908,0.013221,0.022910
690375970.000,CC,recording,knock_twice_right,5,1.452763,3.882879,8.873245,0.036120,0.011171,0.023229
690375980.000,CC,recording,knock_twice_right,5,1.478631,3.899984,8.846884,0.029515,0.013082,0.023509
690375990.000,CC,recording,knock_twice_right,5,1.520329,3.896985,8.862395,0.020332,0.021060,0.022564
690376000.000,CC,recording,knock_twice_right,5,1.526070,3.902348,8.890767,0.011217,0.034007,0.021163
690376010.000,CC,recording,knock_twice_right,5,1.516870,3.862260,8.874252,0.003939,0.044904,0.020141
690376020.000,CC,recording,knock_twice_right,5,1.471862,3.888157,8.901011,0.001312,0.048523,0.020403
690376030.000,CC,recording,knock_twice_right,5,1.457886,3.871926,8.900253,0.002991,0.045550,0.021709
690376040.000,CC,recording,knock_twice_right,5,1.456109,3.867604,8.888315,0.006581,0.035809,0.022260
690376050.000,CC,recording,knock_twice_right,5,1.446080,3.887086,8.882224,0.011887,0.020627,0.022171
690376060.000,CC,recording,knock_twice_right,5,1.426114,3.910037,8.866599,0.017398,0.005259,0.023548
690376070.000,CC,recording,knock_twice_right,5,1.486648,3.913993,8.857165,0.021305,-0.006267,0.025511
690376080.000,CC,recording,knock_twice_right,5,1.540320,3.921265,8.859086,0.022415,-0.008913,0.025330
690376090.000,CC,recording,knock_twice_right,5,1.607139,3.925826,8.881382,0.021180,-0.002967,0.021190
690376100.000,CC,recording,knock_twice_right,5,1.624744,3.920529,8.881082,0.019776,0.005345,0.015527
690376110.000,CC,recording,knock_twice_right,5,1.589993,3.942525,8.845180,0.017321,0.012107,0.010675
690376120.000,CC,recording,knock_twice_right,5,1.563412,3.947602,8.788966,0.011384,0.015201,0.006236
690376130.000,CC,recording,knock_twice_right,5,1.506190,3.918176,8.766890,0.004526,0.015659,0.002650
690376140.000,CC,recording,knock_twice_right,5,1.480012,3.923097,8.785119,-0.001112,0.014651,0.000864
690376150.000,CC,recording,knock_twice_right,5,1.489713,3.915698,8.845261,-0.005675,0.012964,0.000383
690376160.000,CC,recording,knock_twice_right,5,1.522851,3.905840,8.880137,-0.007010,0.013011,-0.002228
690376170.000,CC,recording,knock_twice_right,5,1.539435,3.905003,8.937719,-0.004547,0.014543,-0.007443
690376180.000,CC,recording,knock_twice_right,5,1.538966,3.904362,8.938033,-0.000086,0.016492,-0.012483
690376190.000,CC,recording,knock_twice_right,5,1.497015,3.877462,8.874812,0.001957,0.018798,-0.016564
690376200.000,CC,recording,knock_twice_right,5,1.441582,3.847063,8.806931,0.000927,0.020322,-0.019379
690376210.000,CC,recording,knock_twice_right,5,1.420347,3.872584,8.805922,0.000053,0.020017,-0.020726
690376220.000,CC,recording,knock_twice_right,5,1.420377,3.888311,8.792135,-0.002551,0.018623,-0.021274
690376230.000,CC,recording,knock_twice_right,5,1.403685,3.855681,8.773391,-0.006446,0.018291,-0.020248
690376240.000,CC,recording,knock_twice_right,5,1.329391,3.847363,8.796836,-0.009887,0.016048,-0.016756
690376250.000,CC,recording,knock_twice_right,5,1.292733,3.842393,8.797663,-0.013357,0.008317,-0.012115
690376260.000,CC,recording,knock_twice_right,5,1.306347,3.831852,8.825459,-0.014488,-0.001715,-0.007315
690376270.000,CC,recording,knock_twice_right,5,1.308046,3.814847,8.857750,-0.012513,-0.008695,-0.002777
690376280.000,CC,recording,knock_twice_right,5,1.355999,3.801897,8.888832,-0.010607,-0.010451,-0.000635
690376290.000,CC,recording,knock_twice_right,5,1.430293,3.841174,8.933650,-0.008208,-0.004782,-0.002324
690376300.000,CC,recording,knock_twice_right,5,1.482612,3.817242,8.994674,-0.005088,0.008071,-0.007914
690376310.000,CC,recording,knock_twice_right,5,1.409107,3.823125,8.953666,-0.005843,0.023914,-0.013066
690376320.000,CC,recording,knock_twice_right,5,1.260269,3.800635,8.883611,-0.010552,0.041291,-0.011153
690376330.000,CC,recording,knock_twice_right,5,1.203680,3.761267,8.813518,-0.020189,0.056673,-0.000719
690376340.000,CC,recording,knock_twice_right,5,1.189992,3.792741,8.799071,-0.032881,0.068755,0.012520
690376350.000,CC,recording,knock_twice_right,5,1.188884,3.784486,8.843968,-0.040905,0.076552,0.024694
690376360.000,CC,recording,knock_twice_right,5,1.290727,3.799484,8.909085,-0.042210,0.079458,0.034459
690376370.000,CC,recording,knock_twice_right,5,1.299902,3.815394,8.958361,-0.037904,0.079684,0.039628
690376380.000,CC,recording,knock_twice_right,5,1.338220,3.806594,8.946944,-0.030288,0.076845,0.042542
690376390.000,CC,recording,knock_twice_right,5,1.365176,3.851609,8.911397,-0.024177,0.073206,0.042927
690376400.000,CC,recording,knock_twice_right,5,1.385541,3.835693,8.898886,-0.019232,0.070270,0.041080
690376410.000,CC,recording,knock_twice_right,5,1.410026,3.844741,8.900960,-0.014436,0.069553,0.039867
690376420.000,CC,recording,knock_twice_right,5,1.424659,3.844259,8.976248,-0.010394,0.072696,0.037373
690376430.000,CC,recording,knock_twice_right,5,1.453867,3.821706,8.990565,-0.005618,0.078076,0.034830
690376440.000,CC,recording,knock_twice_right,5,1.410331,3.815979,9.016852,-0.001197,0.083378,0.035277
690376450.000,CC,recording,knock_twice_right,5,1.373865,3.851106,9.014291,0.000818,0.088864,0.037654
690376460.000,CC,recording,knock_twice_right,5,1.368441,3.829398,8.995006,-0.000411,0.094570,0.041333
690376470.000,CC,recording,knock_twice_right,5,1.347224,3.830360,8.998480,-0.002940,0.101867,0.046172
690376480.000,CC,recording,knock_twice_right,5,1.360994,3.844374,8.980217,-0.004871,0.108701,0.050866
690376490.000,CC,recording,knock_twice_right,5,1.344453,3.860262,9.024719,-0.003543,0.110728,0.055057
690376500.000,CC,recording,knock_twice_right,5,1.325969,3.869264,9.003579,0.002058,0.106425,0.058219
690376510.000,CC,recording,knock_twice_right,5,1.332833,3.865212,8.953511,0.008531,0.095688,0.059275
690376520.000,CC,recording,knock_twice_right,5,1.323720,3.842023,8.929172,0.013956,0.081281,0.058829
690376530.000,CC,recording,knock_twice_right,5,1.384088,3.888343,8.912554,0.017949,0.064822,0.054962
690376540.000,CC,recording,knock_twice_right,5,1.456683,3.909302,8.875481,0.020159,0.050623,0.045736
690376550.000,CC,recording,knock_twice_right,5,1.481510,3.882127,8.879385,0.020873,0.042196,0.034459
690376560.000,CC,recording,knock_twice_right,5,1.442475,3.879211,8.885456,0.019847,0.038182,0.024595
690376570.000,CC,recording,knock_twice_right,5,1.391721,3.890543,8.861085,0.017112,0.035498,0.017083
690376580.000,CC,recording,knock_twice_right,5,1.368187,3.874808,8.839198,0.012467,0.032633,0.012617
690376590.000,CC,recording,knock_twice_right,5,1.364928,3.852233,8.821326,0.006552,0.028830,0.009600
690376600.000,CC,recording,knock_twice_right,5,1.362841,3.845426,8.835486,0.002033,0.026436,0.007107
690376610.000,CC,recording,knock_twice_right,5,1.348276,3.809494,8.888829,-0.000881,0.028129,0.006074
690376620.000,CC,recording,knock_twice_right,5,1.325214,3.781359,8.910228,-0.002023,0.033290,0.006471
690376630.000,CC,recording,knock_twice_right,5,1.275512,3.780439,8.939363,-0.000186,0.038128,0.009078
690376640.000,CC,recording,knock_twice_right,5,1.244947,3.777552,8.917070,0.002895,0.038572,0.014473
690376650.000,CC,recording,knock_twice_right,5,1.219002,3.808813,8.892865,0.006620,0.033491,0.020161
690376660.000,CC,recording,knock_twice_right,5,1.248961,3.813795,8.881311,0.010656,0.022450,0.023382
690376670.000,CC,recording,knock_twice_right,5,1.260507,3.831021,8.902852,0.015566,0.008655,0.024025
690376680.000,CC,recording,knock_twice_right,5,1.305165,3.831904,8.935326,0.023532,-0.004351,0.022082
690376690.000,CC,recording,knock_twice_right,5,1.332811,3.826187,8.946642,0.031915,-0.013351,0.016779
690376700.000,CC,recording,knock_twice_right,5,1.358866,3.836784,8.891944,0.035071,-0.012402,0.010571
690376710.000,CC,recording,knock_twice_right,5,1.374111,3.833283,8.849543,0.031043,0.002317,0.005245
690376720.000,CC,recording,knock_twice_right,5,1.389989,3.812482,8.850317,0.022100,0.025976,-0.000178
690376730.000,CC,recording,knock_twice_right,5,1.299908,3.803139,8.880803,0.012876,0.049864,-0.002624
690376740.000,CC,recording,knock_twice_right,5,1.236397,3.767585,8.967698,0.006818,0.067115,-0.001247
690376750.000,CC,recording,knock_twice_right,5,1.195414,3.766859,9.029116,0.008240,0.074164,0.002642
690376760.000,CC,recording,knock_twice_right,5,1.174780,3.750809,9.046108,0.018415,0.070974,0.007442
690376770.000,CC,recording,knock_twice_right,5,1.164415,3.760151,9.063063,0.034532,0.058686,0.010313
690376780.000,CC,recording,knock_twice_right,5,1.162503,3.764847,9.021225,0.052910,0.040196,0.010060
690376790.000,CC,recording,knock_twice_right,5,1.207169,3.776324,8.944043,0.067089,0.021273,0.005333
690376800.000,CC,recording,knock_twice_right,5,1.268862,3.810920,8.869496,0.074496,0.004073,-0.007428
690376810.000,CC,recording,knock_twice_right,5,1.435394,3.846984,8.928441,0.081624,-0.012813,-0.033150
690376820.000,CC,recording,knock_twice_right,5,1.598840,3.899747,9.071835,0.096798,-0.034762,-0.073308
690376830.000,CC,recording,knock_twice_right,5,1.607160,3.924957,9.126301,0.123399,-0.066827,-0.118478
690376840.000,CC,recording,knock_twice_right,5,1.370665,3.911159,8.911036,0.156325,-0.108060,-0.154017
690376850.000,CC,recording,knock_twice_right,5,0.349197,3.716249,8.151412,0.157474,-0.122518,-0.129918
690376860.000,CC,recording,knock_twice_right,5,-2.099934,3.193326,6.701792,0.057575,-0.109213,0.033652
690376870.000,CC,recording,knock_twice_right,5,-2.267219,3.183544,6.710728,-0.102860,-0.113189,0.306489
690376880.000,CC,recording,knock_twice_right,5,-1.044882,3.414531,8.287921,-0.218288,-0.153396,0.552446
690376890.000,CC,recording,knock_twice_right,5,0.761059,3.288028,8.782592,-0.247306,-0.235864,0.680635
690376900.000,CC,recording,knock_twice_right,5,2.146659,3.504938,10.106681,-0.172108,-0.333672,0.660959
690376910.000,CC,recording,knock_twice_right,5,3.943152,3.772304,10.799662,-0.018151,-0.385890,0.508433
690376920.000,CC,recording,knock_twice_right,5,4.388086,4.217760,10.788204,0.144238,-0.353183,0.286897
690376930.000,CC,recording,knock_twice_right,5,4.422710,4.223270,10.406131,0.256646,-0.228381,0.061913
690376940.000,CC,recording,knock_twice_right,5,3.997480,4.392813,9.928457,0.293427,-0.015404,-0.121724
690376950.000,CC,recording,knock_twice_right,5,3.380417,4.673786,9.344628,0.257019,0.248178,-0.245496
690376960.000,CC,recording,knock_twice_right,5,2.768531,4.559416,8.690769,0.161137,0.527267,-0.315815
690376970.000,CC,recording,knock_twice_right,5,1.830883,4.231574,7.621941,-0.002266,0.797812,-0.326598
690376980.000,CC,recording,knock_twice_right,5,0.337665,4.116741,7.052622,-0.216936,0.994632,-0.249701
690376990.000,CC,recording,knock_twice_right,5,-0.533664,4.470727,7.796396,-0.408858,1.078344,-0.104531
690377000.000,CC,recording,knock_twice_right,5,0.211898,4.481780,8.566864,-0.512359,1.071894,0.020957
690377010.000,CC,recording,knock_twice_right,5,1.236875,4.089414,9.320208,-0.503575,0.996217,0.064207
690377020.000,CC,recording,knock_twice_right,5,1.755366,3.936368,9.866658,-0.393328,0.859415,0.027456
690377030.000,CC,recording,knock_twice_right,5,1.746727,3.955033,9.954334,-0.227797,0.665847,-0.067165
690377040.000,CC,recording,knock_twice_right,5,1.697465,3.900174,9.936840,-0.041379,0.439740,-0.187227
690377050.000,CC,recording,knock_twice_right,5,1.280576,3.830099,9.768255,0.140655,0.207647,-0.288523
690377060.000,CC,recording,knock_twice_right,5,0.433675,3.795638,8.963507,0.275585,-0.026250,-0.340234
690377070.000,CC,recording,knock_twice_right,5,-0.156294,3.817999,8.373882,0.347718,-0.249841,-0.333918
690377080.000,CC,recording,knock_twice_right,5,-0.845082,3.701380,7.774313,0.358211,-0.416125,-0.267940
690377090.000,CC,recording,knock_twice_right,5,-3.040584,3.331818,6.162160,0.233984,-0.511582,-0.058289
690377100.000,CC,recording,knock_twice_right,5,-4.032321,3.222134,4.925809,-0.033972,-0.571556,0.279844
690377110.000,CC,recording,knock_twice_right,5,-0.323654,3.241447,7.312021,-0.272155,-0.599568,0.521992
690377120.000,CC,recording,knock_twice_right,5,2.832958,3.507184,9.857806,-0.333213,-0.561419,0.532839
690377130.000,CC,recording,knock_twice_right,5,4.890639,4.109529,11.753871,-0.221239,-0.441083,0.342709
690377140.000,CC,recording,knock_twice_right,5,5.342886,3.959647,11.913664,-0.040789,-0.246567,0.051889
690377150.000,CC,recording,knock_twice_right,5,4.406539,3.838625,11.324874,0.103124,0.018347,-0.215194
690377160.000,CC,recording,knock_twice_right,5,3.210660,4.018333,10.635584,0.171764,0.325602,-0.392751
690377170.000,CC,recording,knock_twice_right,5,2.252331,3.836877,10.067633,0.182880,0.622045,-0.478771
690377180.000,CC,recording,knock_twice_right,5,0.713643,3.364759,9.162730,0.145656,0.873870,-0.454031
690377190.000,CC,recording,knock_twice_right,5,-1.124114,3.576379,7.935431,0.043587,1.039348,-0.313501
690377200.000,CC,recording,knock_twice_right,5,-1.527259,3.972751,7.731619,-0.087017,1.054671,-0.132587
690377210.000,CC,recording,knock_twice_right,5,-0.910963,3.986948,8.317622,-0.163522,0.920827,0.001858
690377220.000,CC,recording,knock_twice_right,5,-0.136850,3.884345,8.781911,-0.150448,0.702580,0.064451
690377230.000,CC,recording,knock_twice_right,5,0.152288,3.784645,8.884466,-0.069189,0.447262,0.069046
690377240.000,CC,recording,knock_twice_right,5,0.122003,3.777407,8.892732,0.041690,0.178672,0.045043
690377250.000,CC,recording,knock_twice_right,5,-0.059724,3.735968,8.636332,0.140950,-0.065154,0.023576
690377260.000,CC,recording,knock_twice_right,5,-0.227079,3.661266,8.181274,0.193244,-0.244431,0.025361
690377270.000,CC,recording,knock_twice_right,5,-0.349303,3.677998,7.798605,0.183123,-0.349600,0.056236
690377280.000,CC,recording,knock_twice_right,5,-0.092928,3.789471,7.765361,0.126165,-0.390750,0.101896
690377290.000,CC,recording,knock_twice_right,5,0.458867,3.820541,8.003808,0.053516,-0.387093,0.136641
690377300.000,CC,recording,knock_twice_right,5,0.790588,3.838644,8.334504,-0.011007,-0.364929,0.145290
690377310.000,CC,recording,knock_twice_right,5,1.038281,3.911244,8.738702,-0.053910,-0.333775,0.128498
690377320.000,CC,recording,knock_twice_right,5,1.260366,3.933062,9.013209,-0.075285,-0.287412,0.094890
690377330.000,CC,recording,knock_twice_right,5,1.338270,3.937576,9.115063,-0.085313,-0.230683,0.056174
690377340.000,CC,recording,knock_twice_right,5,1.135142,3.918015,9.092983,-0.094651,-0.178365,0.025069
690377350.000,CC,recording,knock_twice_right,5,0.890279,3.926122,9.051983,-0.108734,-0.136702,0.009912
690377360.000,CC,recording,knock_twice_right,5,0.775463,3.839941,9.104881,-0.123593,-0.105102,0.006799
690377370.000,CC,recording,knock_twice_right,5,0.893919,3.782132,9.287820,-0.128707,-0.079422,0.001605
690377380.000,CC,recording,knock_twice_right,5,1.168063,3.786255,9.462961,-0.117859,-0.055589,-0.014699
690377390.000,CC,recording,knock_twice_right,5,1.159329,3.724396,9.474345,-0.097728,-0.037302,-0.037263
690377400.000,CC,recording,knock_twice_right,5,0.906387,3.683323,9.317271,-0.079220,-0.023346,-0.052023
690377410.000,CC,recording,knock_twice_right,5,0.590836,3.569647,9.172217,-0.068576,-0.012095,-0.048673
690377420.000,CC,recording,knock_twice_right,5,0.387124,3.557267,9.036237,-0.062416,-0.016336,-0.029207
690377430.000,CC,recording,knock_twice_right,5,0.307652,3.585081,9.111435,-0.052301,-0.042883,-0.002231
690377440.000,CC,recording,knock_twice_right,5,0.431346,3.604028,9.144126,-0.034044,-0.078297,0.023467
690377450.000,CC,recording,knock_twice_right,5,0.618413,3.601344,9.206039,-0.008404,-0.111404,0.040779
690377460.000,CC,recording,knock_twice_right,5,0.659696,3.625403,9.218035,0.021456,-0.145971,0.051377
690377470.000,CC,recording,knock_twice_right,5,0.633694,3.717799,9.201487,0.050442,-0.182648,0.060842
690377480.000,CC,recording,knock_twice_right,5,0.702528,3.773418,9.137322,0.073105,-0.212824,0.070378
690377490.000,CC,recording,knock_twice_right,5,0.859050,3.832368,9.089531,0.088821,-0.229905,0.076456
690377500.000,CC,recording,knock_twice_right,5,1.010373,3.904835,9.040760,0.095170,-0.233664,0.076705
690377510.000,CC,recording,knock_twice_right,5,1.121002,3.947526,9.025880,0.092443,-0.226222,0.071416
690377520.000,CC,recording,knock_twice_right,5,1.261027,3.998547,9.100403,0.089505,-0.210104,0.059529
690377530.000,CC,recording,knock_twice_right,5,1.347850,4.007704,9.150042,0.088674,-0.186169,0.042708
690377540.000,CC,recording,knock_twice_right,5,1.341730,4.014590,9.127118,0.085978,-0.152893,0.025798
690377550.000,CC,recording,knock_twice_right,5,1.329544,4.021597,9.030277,0.077487,-0.110930,0.011191
690377560.000,CC,recording,knock_twice_right,5,1.329032,4.009849,8.951175,0.061773,-0.064496,-0.001014
690377570.000,CC,recording,knock_twice_right,5,1.275858,4.019001,8.859433,0.041879,-0.022704,-0.010235
690377580.000,CC,recording,knock_twice_right,5,1.190790,3.997318,8.800609,0.022192,0.004725,-0.017534
690377590.000,CC,recording,knock_twice_right,5,1.167063,3.975101,8.828132,0.008860,0.016012,-0.024966
690377600.000,CC,recording,knock_twice_right,5,1.200497,3.914021,8.946010,0.007861,0.013235,-0.034464
690377610.000,CC,recording,knock_twice_right,5,1.168885,3.899680,8.979507,0.016569,-0.000702,-0.045033
690377620.000,CC,recording,knock_twice_right,5,1.071422,3.871447,8.890520,0.025913,-0.020263,-0.052226
690377630.000,CC,recording,knock_twice_right,5,0.966589,3.848477,8.806649,0.029734,-0.036400,-0.052570
690377640.000,CC,recording,knock_twice_right,5,0.917466,3.802356,8.789939,0.026035,-0.043365,-0.046431
690377650.000,CC,recording,knock_twice_right,5,0.968421,3.801358,8.833040,0.020212,-0.042705,-0.037987
690377660.000,CC,recording,knock_twice_right,5,0.993370,3.830234,8.872237,0.016298,-0.039075,-0.029856
690377670.000,CC,recording,knock_twice_right,5,1.015316,3.826484,8.856715,0.011264,-0.034190,-0.021880
690377680.000,CC,recording,knock_twice_right,5,1.001285,3.819256,8.847694,0.005110,-0.026737,-0.013161
690377690.000,CC,recording,knock_twice_right,5,0.974504,3.801753,8.915890,0.003481,-0.023432,-0.002687
690377700.000,CC,recording,knock_twice_right,5,0.999446,3.835513,9.000014,0.009005,-0.031069,0.005590
690377710.000,CC,recording,knock_twice_right,5,1.127856,3.864922,9.041505,0.019756,-0.042989,0.006393
690377720.000,CC,recording,knock_twice_right,5,1.269969,3.853333,9.066095,0.034471,-0.051813,-0.000854
690377730.000,CC,recording,knock_twice_right,5,1.275384,3.880046,9.046059,0.049202,-0.056257,-0.012580
690377740.000,CC,recording,knock_twice_right,5,1.226176,3.889742,8.946460,0.057434,-0.056383,-0.022707
690377750.000,CC,recording,knock_twice_right,5,1.146428,3.894157,8.846520,0.057675,-0.055226,-0.029008
690377760.000,CC,recording,knock_twice_right,5,1.130068,3.905453,8.836688,0.053419,-0.053557,-0.034632
690377770.000,CC,recording,knock_twice_right,5,1.148780,3.923328,8.875768,0.048768,-0.049368,-0.041144
690377780.000,CC,recording,knock_twice_right,5,1.192338,3.927421,8.899181,0.044846,-0.041822,-0.047964
690377790.000,CC,recording,knock_twice_right,5,1.099282,3.923093,8.873494,0.038368,-0.032186,-0.051612
690377800.000,CC,recording,knock_twice_right,5,1.025861,3.964560,8.839156,0.028311,-0.022145,-0.050854
690377810.000,CC,recording,knock_twice_right,5,1.005499,3.951229,8.813780,0.017063,-0.013303,-0.049446
690377820.000,CC,recording,knock_twice_right,5,0.986568,3.907304,8.806538,0.007531,-0.008267,-0.047253
690377830.000,CC,recording,knock_twice_right,5,0.921156,3.914089,8.864703,0.001477,-0.009822,-0.042721
690377840.000,CC,recording,knock_twice_right,5,0.888238,3.898004,8.893722,-0.001299,-0.017175,-0.036524
690377850.000,CC,recording,knock_twice_right,5,0.895782,3.886251,8.894095,-0.002186,-0.024683,-0.029329
690377860.000,CC,recording,knock_twice_right,5,0.930089,3.907681,8.878758,-0.004231,-0.026311,-0.021671
690377870.000,CC,recording,knock_twice_right,5,1.011732,3.889397,8.922872,-0.007514,-0.021396,-0.015316
690377880.000,CC,recording,knock_twice_right,5,0.997439,3.878244,8.978840,-0.008888,-0.016066,-0.010885
690377890.000,CC,recording,knock_twice_right,5,0.963970,3.904019,8.963081,-0.008067,-0.015846,-0.006746
690377900.000,CC,recording,knock_twice_right,5,0.972341,3.932783,8.902107,-0.007155,-0.021910,-0.002795
690377910.000,CC,recording,knock_twice_right,5,0.992960,3.948748,8.900090,-0.008454,-0.029820,-0.000224
690377920.000,CC,recording,knock_twice_right,5,1.049297,3.910112,8.990957,-0.008463,-0.033117,0.000203
690377930.000,CC,recording,knock_twice_right,5,1.154980,3.876802,9.150703,-0.000997,-0.027214,-0.002051
690377940.000,CC,recording,knock_twice_right,5,1.163361,3.900273,9.135031,0.010460,-0.014740,-0.005309
690377950.000,CC,recording,knock_twice_right,5,1.069846,3.883417,9.003589,0.016609,-0.002726,-0.005609
690377960.000,CC,recording,knock_twice_right,5,1.011280,3.931385,8.877416,0.014561,0.003918,-0.003337
690377970.000,CC,recording,knock_twice_right,5,0.982477,3.951936,8.794530,0.008303,0.004521,-0.001629
690377980.000,CC,recording,knock_twice_right,5,1.000584,3.917664,8.813121,0.001391,0.002674,-0.000625
690377990.000,CC,recording,knock_twice_right,5,1.075686,3.893182,8.921673,-0.001790,-0.000963,-0.001386
690378000.000,CC,recording,knock_twice_right,5,1.144916,3.911186,8.971629,0.001010,-0.004347,-0.004022
690378010.000,CC,recording,knock_twice_right,5,1.087929,3.905166,8.881801,0.003977,-0.006073,-0.005389
690378020.000,CC,recording,knock_twice_right,5,1.062091,3.896512,8.858987,0.003891,-0.010248,-0.003878
690378030.000,CC,recording,knock_twice_right,5,1.051663,3.905107,8.888688,0.004447,-0.018367,-0.000999
690378040.000,CC,recording,knock_twice_right,5,1.112686,3.878335,8.926648,0.007423,-0.025122,0.000890
690378050.000,CC,recording,knock_twice_right,5,1.194490,3.895682,8.939560,0.011292,-0.024924,-0.000003
690378060.000,CC,recording,knock_twice_right,5,1.249979,3.897606,8.925635,0.013658,-0.016691,-0.003084
690378070.000,CC,recording,knock_twice_right,5,1.198758,3.898056,8.869663,0.012691,-0.004433,-0.005185
690378080.000,CC,recording,knock_twice_right,5,1.123430,3.898477,8.783701,0.007780,0.006892,-0.004367
690378090.000,CC,recording,knock_twice_right,5,1.065358,3.899181,8.719528,-0.002233,0.014937,-0.001572
690378100.000,CC,recording,knock_twice_right,5,1.102458,3.926841,8.748354,-0.013660,0.016077,-0.000398
690378110.000,CC,recording,knock_twice_right,5,1.163972,3.934861,8.821502,-0.020524,0.010079,-0.003042
690378120.000,CC,recording,knock_twice_right,5,1.179214,3.914224,8.862758,-0.021781,0.001398,-0.007655
690378130.000,CC,recording,knock_twice_right,5,1.136751,3.905032,8.904293,-0.020079,-0.005406,-0.012009
690378140.000,CC,recording,knock_twice_right,5,1.089197,3.932170,8.923948,-0.018420,-0.008949,-0.013999
690378150.000,CC,recording,knock_twice_right,6,1.149555,3.930810,8.922279,-0.018608,-0.007483,-0.016992
690378160.000,CC,recording,knock_twice_right,6,1.201513,3.929127,8.908487,-0.020699,-0.001369,-0.023537
690378170.000,CC,recording,knock_twice_right,6,1.160219,3.914384,8.879681,-0.023756,0.005627,-0.030204
690378180.000,CC,recording,knock_twice_right,6,1.071203,3.883304,8.889678,-0.027215,0.010090,-0.033651
690378190.000,CC,recording,knock_twice_right,6,0.985321,3.886888,8.895984,-0.028346,0.008124,-0.032061
690378200.000,CC,recording,knock_twice_right,6,1.013931,3.886036,8.931322,-0.026109,0.001052,-0.028623
690378210.000,CC,recording,knock_twice_right,6,1.047793,3.910946,8.977477,-0.022041,-0.005972,-0.026452
690378220.000,CC,recording,knock_twice_right,6,1.080212,3.914557,9.008405,-0.016480,-0.010813,-0.024754
690378230.000,CC,recording,knock_twice_right,6,1.108701,3.943329,8.981470,-0.011108,-0.013614,-0.023601
690378240.000,CC,recording,knock_twice_right,6,1.071851,3.962886,8.975764,-0.008569,-0.013638,-0.023814
690378250.000,CC,recording,knock_twice_right,6,1.115500,3.924857,8.982966,-0.009108,-0.010577,-0.023860
690378260.000,CC,recording,knock_twice_right,6,1.088269,3.940552,9.003998,-0.009727,-0.005373,-0.023566
690378270.000,CC,recording,knock_twice_right,6,1.099885,3.922504,9.009944,-0.008230,-0.001133,-0.023368
690378280.000,CC,recording,knock_twice_right,6,1.117270,3.919290,9.004762,-0.004911,0.000168,-0.023542
690378290.000,CC,recording,knock_twice_right,6,1.117184,3.917519,9.010962,0.001011,0.000489,-0.024670
690378300.000,CC,recording,knock_twice_right,6,1.110683,3.917404,9.006143,0.007965,0.001119,-0.025399
690378310.000,CC,recording,knock_twice_right,6,1.073917,3.941164,8.971230,0.012488,0.001522,-0.025200
690378320.000,CC,recording,knock_twice_right,6,1.025372,3.952621,8.879305,0.010795,0.002180,-0.023987
690378330.000,CC,recording,knock_twice_right,6,1.011888,3.933935,8.845846,0.003627,0.003068,-0.020987
690378340.000,CC,recording,knock_twice_right,6,1.037294,3.907896,8.920646,-0.001996,0.003319,-0.019671
690378350.000,CC,recording,knock_twice_right,6,1.078729,3.890589,9.011338,-0.002129,0.004104,-0.022004
690378360.000,CC,recording,knock_twice_right,6,1.080540,3.867335,9.043999,0.002450,0.006114,-0.025920
690378370.000,CC,recording,knock_twice_right,6,1.049293,3.846989,8.990856,0.008127,0.008579,-0.028621
690378380.000,CC,recording,knock_twice_right,6,1.026750,3.847752,8.915711,0.011677,0.009923,-0.027860
690378390.000,CC,recording,knock_twice_right,6,0.970973,3.860749,8.888213,0.011259,0.011214,-0.024276
690378400.000,CC,recording,knock_twice_right,6,0.962880,3.844377,8.840440,0.007317,0.015920,-0.018354
690378410.000,CC,recording,knock_twice_right,6,0.964311,3.858285,8.874005,0.002606,0.020641,-0.011453
690378420.000,CC,recording,knock_twice_right,6,1.003736,3.859781,8.895255,0.000339,0.019800,-0.006718
690378430.000,CC,recording,knock_twice_right,6,1.014047,3.873562,8.912398,0.002464,0.012618,-0.005021
690378440.000,CC,recording,knock_twice_right,6,1.005974,3.877005,8.913101,0.007363,-0.000355,-0.004965
690378450.000,CC,recording,knock_twice_right,6,1.046025,3.890328,8.887913,0.011720,-0.013880,-0.004816
690378460.000,CC,recording,knock_twice_right,6,1.074006,3.895613,8.876434,0.011662,-0.020997,-0.004944
690378470.000,CC,recording,knock_twice_right,6,1.107147,3.915293,8.860144,0.007299,-0.019657,-0.004565
690378480.000,CC,recording,knock_twice_right,6,1.111934,3.907368,8.888492,0.001530,-0.010263,-0.003033
690378490.000,CC,recording,knock_twice_right,6,1.150517,3.886093,8.943944,-0.002102,0.003830,-0.003314
690378500.000,CC,recording,knock_twice_right,6,1.170770,3.887056,8.979857,0.000012,0.015996,-0.005514
690378510.000,CC,recording,knock_twice_right,6,1.166227,3.918304,8.952840,0.006847,0.018606,-0.009112
690378520.000,CC,recording,knock_twice_right,6,1.138308,3.951018,8.880431,0.014208,0.009271,-0.014170
690378530.000,CC,recording,knock_twice_right,6,1.099345,3.950487,8.834369,0.018564,-0.005509,-0.018513
690378540.000,CC,recording,knock_twice_right,6,1.079065,3.962204,8.791679,0.017738,-0.018773,-0.021437
690378550.000,CC,recording,knock_twice_right,6,1.110259,3.988229,8.772354,0.012180,-0.025015,-0.023574
690378560.000,CC,recording,knock_twice_right,6,1.171926,3.996320,8.771635,0.002257,-0.020204,-0.027370
690378570.000,CC,recording,knock_twice_right,6,1.182111,3.987977,8.790738,-0.011734,-0.006106,-0.032651
690378580.000,CC,recording,knock_twice_right,6,1.156683,3.979471,8.855300,-0.024353,0.011065,-0.036591
690378590.000,CC,recording,knock_twice_right,6,1.105030,3.957408,8.882666,-0.032511,0.024386,-0.039452
690378600.000,CC,recording,knock_twice_right,6,1.098520,3.942775,8.924893,-0.035296,0.031617,-0.042635
690378610.000,CC,recording,knock_twice_right,6,1.055288,3.927168,8.955550,-0.031428,0.030525,-0.046130
690378620.000,CC,recording,knock_twice_right,6,1.023277,3.944773,8.943903,-0.023115,0.019740,-0.049522
690378630.000,CC,recording,knock_twice_right,6,0.997510,3.917206,8.913053,-0.014775,0.006158,-0.052047
690378640.000,CC,recording,knock_twice_right,6,0.942170,3.925574,8.809639,-0.014927,-0.000910,-0.050043
690378650.000,CC,recording,knock_twice_right,6,0.905923,3.879661,8.751068,-0.025407,0.001251,-0.043622
690378660.000,CC,recording,knock_twice_right,6,0.946451,3.889561,8.776474,-0.041350,0.011929,-0.036258
690378670.000,CC,recording,knock_twice_right,6,0.941175,3.856446,8.815885,-0.057776,0.029242,-0.029095
690378680.000,CC,recording,knock_twice_right,6,0.956357,3.831890,8.902333,-0.069443,0.047878,-0.023066
690378690.000,CC,recording,knock_twice_right,6,0.932645,3.828798,8.983565,-0.075995,0.060779,-0.018025
690378700.000,CC,recording,knock_twice_right,6,0.913200,3.789620,9.047010,-0.075936,0.065342,-0.012705
690378710.000,CC,recording,knock_twice_right,6,0.885627,3.798053,9.099406,-0.069634,0.065302,-0.007054
690378720.000,CC,recording,knock_twice_right,6,0.877424,3.773174,9.069084,-0.062872,0.064392,-0.002034
690378730.000,CC,recording,knock_twice_right,6,0.880303,3.777838,9.033097,-0.057896,0.063381,0.002263
690378740.000,CC,recording,knock_twice_right,6,0.887837,3.796785,9.026869,-0.052226,0.061842,0.005234
690378750.000,CC,recording,knock_twice_right,6,0.891376,3.810575,9.078001,-0.044825,0.058460,0.007639
690378760.000,CC,recording,knock_twice_right,6,0.869610,3.798415,9.057489,-0.036188,0.052941,0.010129
690378770.000,CC,recording,knock_twice_right,6,0.858659,3.805875,9.044392,-0.024252,0.044522,0.010485
690378780.000,CC,recording,knock_twice_right,6,0.870356,3.808520,9.046396,-0.010999,0.033231,0.010864
690378790.000,CC,recording,knock_twice_right,6,0.881919,3.825218,8.991435,-0.001865,0.020423,0.012396
690378800.000,CC,recording,knock_twice_right,6,0.911461,3.828147,8.920821,0.002867,0.009997,0.013354
690378810.000,CC,recording,knock_twice_right,6,0.924207,3.858483,8.908836,0.003187,0.007804,0.014982
690378820.000,CC,recording,knock_twice_right,6,0.976359,3.849424,8.862397,-0.001116,0.010698,0.015486
690378830.000,CC,recording,knock_twice_right,6,1.025467,3.891805,8.909500,-0.005689,0.013673,0.013314
690378840.000,CC,recording,knock_twice_right,6,1.029336,3.900293,8.929363,-0.008266,0.016888,0.009585
690378850.000,CC,recording,knock_twice_right,6,1.050431,3.852742,8.929113,-0.007636,0.016919,0.004987
690378860.000,CC,recording,knock_twice_right,6,0.943203,3.850838,8.982419,-0.002187,0.011494,0.002190
690378870.000,CC,recording,knock_twice_right,6,0.881556,3.846098,8.977579,0.005019,0.002477,0.003472
690378880.000,CC,recording,knock_twice_right,6,0.895922,3.840044,8.924057,0.010447,-0.008124,0.007399
690378890.000,CC,recording,knock_twice_right,6,0.916954,3.845064,8.909836,0.013562,-0.017150,0.010734
690378900.000,CC,recording,knock_twice_right,6,0.966984,3.858041,8.926489,0.015207,-0.024680,0.011118
690378910.000,CC,recording,knock_twice_right,6,1.005128,3.850383,8.933607,0.017439,-0.031032,0.008942
690378920.000,CC,recording,knock_twice_right,6,0.999591,3.842765,8.894880,0.018496,-0.034539,0.006285
690378930.000,CC,recording,knock_twice_right,6,0.948855,3.846487,8.835014,0.012887,-0.033289,0.005119
690378940.000,CC,recording,knock_twice_right,6,0.900402,3.843120,8.796951,0.000306,-0.029065,0.005948
690378950.000,CC,recording,knock_twice_right,6,0.908528,3.813849,8.817525,-0.014861,-0.025546,0.007369
690378960.000,CC,recording,knock_twice_right,6,0.924076,3.818868,8.910265,-0.026103,-0.023095,0.008891
690378970.000,CC,recording,knock_twice_right,6,0.950979,3.761615,9.072480,-0.027496,-0.021408,0.010206
690378980.000,CC,recording,knock_twice_right,6,0.912206,3.759710,9.139727,-0.019521,-0.020093,0.012867
690378990.000,CC,recording,knock_twice_right,6,0.877203,3.746576,9.137170,-0.005806,-0.020419,0.018973
690379000.000,CC,recording,knock_twice_right,6,0.887882,3.781309,9.119794,0.010483,-0.024046,0.026383
690379010.000,CC,recording,knock_twice_right,6,0.920801,3.824698,9.065900,0.025108,-0.031871,0.031405
690379020.000,CC,recording,knock_twice_right,6,0.966512,3.871269,8.969505,0.032858,-0.042253,0.031718
690379030.000,CC,recording,knock_twice_right,6,0.997241,3.910613,8.856173,0.031840,-0.048752,0.028073
690379040.000,CC,recording,knock_twice_right,6,1.007566,3.910534,8.818603,0.022580,-0.046124,0.023740
690379050.000,CC,recording,knock_twice_right,6,1.001985,3.906440,8.835274,0.007780,-0.033129,0.022430
690379060.000,CC,recording,knock_twice_right,6,1.021848,3.882012,8.891424,-0.008848,-0.013592,0.023658
690379070.000,CC,recording,knock_twice_right,6,1.049148,3.859896,8.983493,-0.020805,0.006378,0.024071
690379080.000,CC,recording,knock_twice_right,6,1.045453,3.861095,9.075219,-0.021748,0.018900,0.021608
690379090.000,CC,recording,knock_twice_right,6,1.004015,3.870296,9.121668,-0.012644,0.018067,0.017944
690379100.000,CC,recording,knock_twice_right,6,0.962396,3.877343,9.107695,0.002447,0.006275,0.014923
690379110.000,CC,recording,knock_twice_right,6,0.923538,3.875771,9.035132,0.017040,-0.010072,0.013187
690379120.000,CC,recording,knock_twice_right,6,0.915010,3.862569,8.959699,0.024840,-0.023850,0.014904
690379130.000,CC,recording,knock_twice_right,6,0.978344,3.852055,8.941111,0.025343,-0.029981,0.017511
690379140.000,CC,recording,knock_twice_right,6,1.070427,3.871077,8.956715,0.022311,-0.026061,0.017651
690379150.000,CC,recording,knock_twice_right,6,1.124369,3.848494,8.952746,0.017674,-0.013591,0.016137
690379160.000,CC,recording,knock_twice_right,6,1.066503,3.850139,8.928810,0.012573,0.000664,0.015182
690379170.000,CC,recording,knock_twice_right,6,1.007077,3.848234,8.898338,0.007589,0.010013,0.016046
690379180.000,CC,recording,knock_twice_right,6,0.953981,3.853275,8.870296,0.002719,0.011051,0.018218
690379190.000,CC,recording,knock_twice_right,6,0.955639,3.861975,8.858848,0.000151,0.005382,0.020751
690379200.000,CC,recording,knock_twice_right,6,0.997948,3.842771,8.874383,0.000082,-0.002793,0.021871
690379210.000,CC,recording,knock_twice_right,6,1.078018,3.856656,8.924703,0.002803,-0.011307,0.020264
690379220.000,CC,recording,knock_twice_right,6,1.092135,3.863277,8.954720,0.009068,-0.019328,0.016833
690379230.000,CC,recording,knock_twice_right,6,1.050464,3.856582,8.908616,0.015060,-0.026763,0.014594
690379240.000,CC,recording,knock_twice_right,6,0.977050,3.842025,8.882909,0.018593,-0.034145,0.015859
690379250.000,CC,recording,knock_twice_right,6,0.945770,3.839206,8.836300,0.020413,-0.042068,0.020458
690379260.000,CC,recording,knock_twice_right,6,0.983201,3.830824,8.856702,0.022469,-0.050833,0.026995
690379270.000,CC,recording,knock_twice_right,6,1.047168,3.838075,8.899578,0.027118,-0.062319,0.031394
690379280.000,CC,recording,knock_twice_right,6,1.123453,3.874828,8.947726,0.035919,-0.077760,0.029913
690379290.000,CC,recording,knock_twice_right,6,1.240648,3.879617,8.974806,0.047833,-0.090679,0.023138
690379300.000,CC,recording,knock_twice_right,6,1.267565,3.881159,8.955611,0.058458,-0.096824,0.014259
690379310.000,CC,recording,knock_twice_right,6,1.224042,3.876852,8.958371,0.068333,-0.096277,0.007133
690379320.000,CC,recording,knock_twice_right,6,1.233172,3.857640,9.032912,0.077784,-0.089278,0.002136
690379330.000,CC,recording,knock_twice_right,6,1.280476,3.890417,8.972630,0.085253,-0.081840,-0.002024
690379340.000,CC,recording,knock_twice_right,6,1.184877,3.970500,9.065894,0.091955,-0.075517,-0.004683
690379350.000,CC,recording,knock_twice_right,6,1.247498,3.899526,8.959559,0.094734,-0.066810,-0.006653
690379360.000,CC,recording,knock_twice_right,6,1.173178,3.941518,8.901578,0.090437,-0.055077,-0.009391
690379370.000,CC,recording,knock_twice_right,6,1.158265,3.923923,8.838154,0.079070,-0.042018,-0.010982
690379380.000,CC,recording,knock_twice_right,6,1.081698,3.936475,8.852938,0.063531,-0.029748,-0.009877
690379390.000,CC,recording,knock_twice_right,6,1.075411,3.917164,8.890026,0.050141,-0.016378,-0.006718
690379400.000,CC,recording,knock_twice_right,6,1.069034,3.915652,8.909547,0.040192,-0.003344,-0.002597
690379410.000,CC,recording,knock_twice_right,6,1.107794,3.934131,8.948108,0.033038,0.008703,-0.000330
690379420.000,CC,recording,knock_twice_right,6,1.122603,3.907056,8.994244,0.030762,0.025216,0.000338
690379430.000,CC,recording,knock_twice_right,6,1.102391,3.908922,8.986739,0.030416,0.043644,0.002291
690379440.000,CC,recording,knock_twice_right,6,1.026373,3.896596,8.938350,0.027854,0.055285,0.006536
690379450.000,CC,recording,knock_twice_right,6,0.942391,3.905199,8.955869,0.024656,0.060242,0.014545
690379460.000,CC,recording,knock_twice_right,6,0.986218,3.883954,8.997909,0.023692,0.062696,0.022755
690379470.000,CC,recording,knock_twice_right,6,1.017381,3.918442,9.010486,0.025004,0.062334,0.027783
690379480.000,CC,recording,knock_twice_right,6,0.972439,3.927408,9.034204,0.026932,0.062281,0.032516
690379490.000,CC,recording,knock_twice_right,6,0.958927,3.898862,9.001481,0.026730,0.066372,0.038349
690379500.000,CC,recording,knock_twice_right,6,0.925797,3.899306,8.943816,0.023082,0.074834,0.045321
690379510.000,CC,recording,knock_twice_right,6,0.897390,3.921227,8.894820,0.016505,0.083790,0.055130
690379520.000,CC,recording,knock_twice_right,6,0.862189,3.920581,8.863235,0.008950,0.091001,0.067206
690379530.000,CC,recording,knock_twice_right,6,0.913815,3.916958,8.858695,0.003380,0.096094,0.078588
690379540.000,CC,recording,knock_twice_right,6,0.982790,3.938726,8.870537,0.000725,0.098823,0.086973
690379550.000,CC,recording,knock_twice_right,6,1.032154,3.941329,8.873547,-0.000102,0.098246,0.090809
690379560.000,CC,recording,knock_twice_right,6,1.070651,3.963558,8.862785,-0.000375,0.094566,0.090054
690379570.000,CC,recording,knock_twice_right,6,1.091034,3.950199,8.822865,-0.000983,0.091026,0.087903
690379580.000,CC,recording,knock_twice_right,6,1.116046,3.972273,8.811718,-0.004355,0.090238,0.085703
690379590.000,CC,recording,knock_twice_right,6,1.174176,4.000729,8.815074,-0.010504,0.095419,0.080549
690379600.000,CC,recording,knock_twice_right,6,1.208557,4.000882,8.810377,-0.016820,0.103654,0.073413
690379610.000,CC,recording,knock_twice_right,6,1.161049,3.962040,8.878109,-0.020116,0.107029,0.067447
690379620.000,CC,recording,knock_twice_right,6,1.079035,3.987351,8.893651,-0.016229,0.100354,0.064233
690379630.000,CC,recording,knock_twice_right,6,1.085742,3.994094,8.871642,-0.009016,0.083369,0.060866
690379640.000,CC,recording,knock_twice_right,6,1.109219,3.972585,8.767362,-0.005446,0.063732,0.053489
690379650.000,CC,recording,knock_twice_right,6,1.136957,3.992811,8.719473,-0.007110,0.048471,0.044530
690379660.000,CC,recording,knock_twice_right,6,1.113033,3.981278,8.715593,-0.013326,0.037009,0.037442
690379670.000,CC,recording,knock_twice_right,6,1.099212,3.978279,8.745516,-0.019859,0.028291,0.032714
690379680.000,CC,recording,knock_twice_right,6,1.054398,3.960264,8.812479,-0.022995,0.022201,0.029464
690379690.000,CC,recording,knock_twice_right,6,1.090969,3.949994,8.839697,-0.022965,0.015512,0.025888
690379700.000,CC,recording,knock_twice_right,6,1.113606,3.958653,8.864044,-0.023118,0.008802,0.021905
690379710.000,CC,recording,knock_twice_right,6,1.118782,3.949503,8.826734,-0.026058,0.009011,0.017745
690379720.000,CC,recording,knock_twice_right,6,1.110127,3.909193,8.834255,-0.031959,0.018801,0.014534
690379730.000,CC,recording,knock_twice_right,6,1.043950,3.921974,8.827690,-0.041910,0.033835,0.011956
690379740.000,CC,recording,knock_twice_right,6,1.011247,3.905625,8.869903,-0.054160,0.048272,0.010152
690379750.000,CC,recording,knock_twice_right,6,1.003146,3.907943,8.887131,-0.063379,0.055248,0.008776
690379760.000,CC,recording,knock_twice_right,6,1.032831,3.888320,9.012862,-0.063567,0.050486,0.005348
690379770.000,CC,recording,knock_twice_right,6,1.023200,3.909840,9.099292,-0.052053,0.036837,0.000498
690379780.000,CC,recording,knock_twice_right,6,1.015635,3.916322,9.157394,-0.032618,0.019725,-0.004705
690379790.000,CC,recording,knock_twice_right,6,0.993233,3.933924,9.206132,-0.011042,0.006123,-0.007986
690379800.000,CC,recording,knock_twice_right,6,0.973199,3.925067,9.164754,0.006993,0.001684,-0.007964
690379810.000,CC,recording,knock_twice_right,6,1.002048,3.909175,9.076939,0.018315,0.006709,-0.006054
690379820.000,CC,recording,knock_twice_right,6,0.977382,3.914333,9.026260,0.023028,0.016636,-0.003135
690379830.000,CC,recording,knock_twice_right,6,0.956717,3.936517,8.976454,0.021823,0.030559,0.000990
690379840.000,CC,recording,knock_twice_right,6,0.973268,3.944387,8.901993,0.013810,0.052870,0.005333
690379850.000,CC,recording,knock_twice_right,6,1.016900,3.938120,8.842168,-0.000947,0.084991,0.006881
690379860.000,CC,recording,knock_twice_right,6,1.102741,3.986508,8.845801,-0.020507,0.122859,0.003087
690379870.000,CC,recording,knock_twice_right,6,1.132518,3.968245,8.884939,-0.041366,0.163212,-0.004059
690379880.000,CC,recording,knock_twice_right,6,1.060881,3.921409,8.889860,-0.059492,0.200840,-0.010411
690379890.000,CC,recording,knock_twice_right,6,0.937329,3.887020,8.842965,-0.071972,0.226911,-0.014099
690379900.000,CC,recording,knock_twice_right,6,0.865555,3.861175,8.877820,-0.075930,0.236012,-0.016978
690379910.000,CC,recording,knock_twice_right,6,0.799911,3.801868,8.856555,-0.071527,0.227407,-0.020975
690379920.000,CC,recording,knock_twice_right,6,0.780875,3.781358,8.866387,-0.060061,0.201167,-0.027750
690379930.000,CC,recording,knock_twice_right,6,0.751086,3.777684,8.835164,-0.043475,0.159075,-0.038419
690379940.000,CC,recording,knock_twice_right,6,0.743449,3.750696,8.822670,-0.023174,0.107304,-0.054525
690379950.000,CC,recording,knock_twice_right,6,0.799826,3.727978,8.953159,0.001697,0.048455,-0.077940
690379960.000,CC,recording,knock_twice_right,6,0.781488,3.743898,9.135519,0.036158,-0.021200,-0.102227
690379970.000,CC,recording,knock_twice_right,6,0.839050,3.713308,9.320437,0.084849,-0.093496,-0.124016
690379980.000,CC,recording,knock_twice_right,6,0.679677,3.614089,9.131390,0.142339,-0.156642,-0.136777
690379990.000,CC,recording,knock_twice_right,6,-0.886243,3.415563,8.204528,0.161056,-0.180228,-0.064497
690380000.000,CC,recording,knock_twice_right,6,-4.027018,3.289446,6.087577,0.037358,-0.168341,0.173243
690380010.000,CC,recording,knock_twice_right,6,-2.929558,3.190097,5.860845,-0.215077,-0.171793,0.508973
690380020.000,CC,recording,knock_twice_right,6,-1.557205,2.874530,7.357567,-0.435486,-0.224350,0.782083
690380030.000,CC,recording,knock_twice_right,6,0.964267,3.000848,9.104407,-0.493162,-0.340386,0.880923
690380040.000,CC,recording,knock_twice_right,6,2.849879,3.401824,11.177256,-0.352238,-0.476028,0.782742
690380050.000,CC,recording,knock_twice_right,6,4.314141,3.694384,11.859403,-0.092711,-0.557520,0.550913
690380060.000,CC,recording,knock_twice_right,6,4.023631,3.808383,11.315955,0.149630,-0.534463,0.293393
690380070.000,CC,recording,knock_twice_right,6,3.972581,3.828027,10.646068,0.293968,-0.380213,0.070504
690380080.000,CC,recording,knock_twice_right,6,4.228990,4.173208,10.279336,0.336608,-0.086144,-0.124305
690380090.000,CC,recording,knock_twice_right,6,4.188334,4.505055,9.955114,0.303594,0.308024,-0.274643
690380100.000,CC,recording,knock_twice_right,6,3.115171,4.750541,9.411008,0.217484,0.707653,-0.356521
690380110.000,CC,recording,knock_twice_right,6,1.628518,4.079053,8.272315,0.080281,1.039722,-0.354765
690380120.000,CC,recording,knock_twice_right,6,-0.581080,3.908129,6.954029,-0.121291,1.257911,-0.233093
690380130.000,CC,recording,knock_twice_right,6,-1.597772,4.524541,6.715935,-0.356226,1.305524,-0.032591
690380140.000,CC,recording,knock_twice_right,6,-1.045802,4.713816,7.577023,-0.529320,1.179033,0.133553
690380150.000,CC,recording,knock_twice_right,6,0.334082,4.358762,8.836293,-0.566866,0.941299,0.200436
690380160.000,CC,recording,knock_twice_right,6,1.297798,3.931395,9.615873,-0.467021,0.655672,0.159008
690380170.000,CC,recording,knock_twice_right,6,1.796642,3.733315,10.251271,-0.262851,0.337596,0.028726
690380180.000,CC,recording,knock_twice_right,6,1.481063,3.676414,10.534980,-0.001442,-0.004316,-0.120253
690380190.000,CC,recording,knock_twice_right,6,0.498638,3.630512,10.001696,0.249294,-0.314514,-0.222125
690380200.000,CC,recording,knock_twice_right,6,0.244559,3.537010,9.184137,0.426133,-0.556116,-0.264870
690380210.000,CC,recording,knock_twice_right,6,-0.180226,3.593932,8.454146,0.514275,-0.738331,-0.249889
690380220.000,CC,recording,knock_twice_right,6,-1.517151,3.603367,7.316903,0.489422,-0.822391,-0.128901
690380230.000,CC,recording,knock_twice_right,6,-3.544547,3.460424,4.987858,0.266364,-0.823205,0.122876
690380240.000,CC,recording,knock_twice_right,6,-1.191711,3.302054,5.828190,-0.044854,-0.796382,0.373076
690380250.000,CC,recording,knock_twice_right,6,1.808617,3.568999,9.577892,-0.207785,-0.719232,0.461929
690380260.000,CC,recording,knock_twice_right,6,4.087015,3.997967,11.196583,-0.179667,-0.582800,0.364641
690380270.000,CC,recording,knock_twice_right,6,4.416350,4.087363,12.046900,-0.041738,-0.391249,0.152997
690380280.000,CC,recording,knock_twice_right,6,4.261036,3.660000,11.598147,0.107901,-0.143536,-0.068512
690380290.000,CC,recording,knock_twice_right,6,2.813835,3.939125,10.765845,0.197522,0.131368,-0.226047
690380300.000,CC,recording,knock_twice_right,6,2.169598,4.077304,10.189982,0.222988,0.399876,-0.311623
690380310.000,CC,recording,knock_twice_right,6,1.255626,3.577426,9.423288,0.193289,0.665545,-0.312186
690380320.000,CC,recording,knock_twice_right,6,-0.090779,3.677078,8.108076,0.090056,0.874685,-0.216339
690380330.000,CC,recording,knock_twice_right,6,-0.752256,4.186096,7.824344,-0.056415,0.933913,-0.086785
690380340.000,CC,recording,knock_twice_right,6,-0.414322,4.301007,8.320827,-0.161835,0.842659,0.005173
690380350.000,CC,recording,knock_twice_right,6,0.345268,4.021969,8.931649,-0.176740,0.670716,0.036588
690380360.000,CC,recording,knock_twice_right,6,0.708091,3.896665,9.124979,-0.114106,0.470976,0.011146
690380370.000,CC,recording,knock_twice_right,6,0.666971,3.843620,9.170072,-0.011441,0.269005,-0.042215
690380380.000,CC,recording,knock_twice_right,6,0.370883,3.792976,8.877374,0.087581,0.095979,-0.085387
690380390.000,CC,recording,knock_twice_right,6,0.032120,3.699875,8.393672,0.145312,-0.026902,-0.096098
690380400.000,CC,recording,knock_twice_right,6,-0.248142,3.719628,7.969275,0.146402,-0.098220,-0.069093
690380410.000,CC,recording,knock_twice_right,6,-0.262540,3.756438,7.842034,0.102042,-0.133180,-0.017568
690380420.000,CC,recording,knock_twice_right,6,0.060427,3.832577,7.936769,0.038355,-0.153627,0.033854
690380430.000,CC,recording,knock_twice_right,6,0.487285,3.872218,8.230110,-0.019926,-0.168141,0.063822
690380440.000,CC,recording,knock_twice_right,6,0.879769,3.899016,8.531191,-0.059253,-0.177569,0.061716
690380450.000,CC,recording,knock_twice_right,6,1.032427,3.865667,8.761263,-0.079281,-0.181259,0.037368
690380460.000,CC,recording,knock_twice_right,6,0.910659,3.822459,8.931976,-0.086103,-0.178817,0.010305
690380470.000,CC,recording,knock_twice_right,6,0.868612,3.822194,9.107214,-0.084669,-0.166876,-0.012117
690380480.000,CC,recording,knock_twice_right,6,0.962960,3.779998,9.187858,-0.079110,-0.140419,-0.030668
690380490.000,CC,recording,knock_twice_right,6,0.914080,3.725652,9.162628,-0.076523,-0.107152,-0.045625
690380500.000,CC,recording,knock_twice_right,6,0.797940,3.716801,9.108800,-0.081152,-0.075753,-0.053428
690380510.000,CC,recording,knock_twice_right,6,0.673907,3.653712,9.057985,-0.089724,-0.048985,-0.052445
690380520.000,CC,recording,knock_twice_right,6,0.668107,3.612306,9.189704,-0.090880,-0.030306,-0.049662
690380530.000,CC,recording,knock_twice_right,6,0.803686,3.620577,9.405722,-0.073424,-0.021622,-0.053676
690380540.000,CC,recording,knock_twice_right,6,0.801547,3.592075,9.411768,-0.043866,-0.021388,-0.063495
690380550.000,CC,recording,knock_twice_right,6,0.629869,3.552908,9.220948,-0.017564,-0.024392,-0.066556
690380560.000,CC,recording,knock_twice_right,6,0.392488,3.520708,9.005247,-0.003579,-0.027964,-0.054125
690380570.000,CC,recording,knock_twice_right,6,0.241179,3.536676,8.881147,-0.000923,-0.038101,-0.028922
690380580.000,CC,recording,knock_twice_right,6,0.237932,3.601907,8.858738,-0.001953,-0.058368,-0.000020
690380590.000,CC,recording,knock_twice_right,6,0.416758,3.667321,8.895930,-0.000476,-0.082052,0.021782
690380600.000,CC,recording,knock_twice_right,6,0.618378,3.710858,8.942467,0.004459,-0.105528,0.032563
690380610.000,CC,recording,knock_twice_right,6,0.641003,3.761169,9.025748,0.012949,-0.128656,0.037771
690380620.000,CC,recording,knock_twice_right,6,0.584969,3.783274,9.025761,0.022351,-0.150904,0.043580
690380630.000,CC,recording,knock_twice_right,6,0.631708,3.862055,9.047866,0.029866,-0.168843,0.049115
690380640.000,CC,recording,knock_twice_right,6,0.779457,3.877308,9.068369,0.034346,-0.176326,0.049725
690380650.000,CC,recording,knock_twice_right,6,0.871991,3.930586,9.070484,0.034628,-0.173249,0.046144
690380660.000,CC,recording,knock_twice_right,6,0.898746,3.969970,9.051203,0.032272,-0.166224,0.039579
690380670.000,CC,recording,knock_twice_right,6,0.896329,3.988923,9.010811,0.027053,-0.160246,0.032299
690380680.000,CC,recording,knock_twice_right,6,0.820477,3.956573,8.963159,0.019193,-0.155532,0.029390
690380690.000,CC,recording,knock_twice_right,6,0.823586,3.930161,8.975821,0.011996,-0.149657,0.028474
690380700.000,CC,recording,knock_twice_right,6,0.979169,3.910186,9.080753,0.012317,-0.143353,0.021129
690380710.000,CC,recording,knock_twice_right,6,1.105573,3.901912,9.189499,0.021725,-0.138480,0.006069
690380720.000,CC,recording,knock_twice_right,6,1.055148,3.909610,9.159360,0.032984,-0.132619,-0.009260
690380730.000,CC,recording,knock_twice_right,6,0.909698,3.883522,9.033802,0.038223,-0.122327,-0.017973
690380740.000,CC,recording,knock_twice_right,6,0.810038,3.852199,8.931776,0.033678,-0.109296,-0.017740
690380750.000,CC,recording,knock_twice_right,6,0.815435,3.850827,8.893136,0.022881,-0.097157,-0.012104
690380760.000,CC,recording,knock_twice_right,6,0.913148,3.863565,8.929822,0.010568,-0.083904,-0.006615
690380770.000,CC,recording,knock_twice_right,6,1.002456,3.841987,8.976464,0.001238,-0.068920,-0.004345
690380780.000,CC,recording,knock_twice_right,6,1.014432,3.842579,9.041671,-0.000806,-0.058520,-0.005050
690380790.000,CC,recording,knock_twice_right,6,0.967746,3.819165,9.106000,0.005238,-0.058913,-0.004745
690380800.000,CC,recording,knock_twice_right,6,0.911870,3.816858,9.122626,0.018576,-0.068190,-0.001617
690380810.000,CC,recording,knock_twice_right,6,0.922138,3.784349,9.112032,0.036177,-0.079760,0.002868
690380820.000,CC,recording,knock_twice_right,6,0.950308,3.815904,9.100315,0.054163,-0.092728,0.008605
690380830.000,CC,recording,knock_twice_right,6,1.045987,3.844231,9.016818,0.068171,-0.106274,0.012796
690380840.000,CC,recording,knock_twice_right,6,1.145182,3.898104,8.922964,0.074574,-0.114273,0.011542
690380850.000,CC,recording,knock_twice_right,6,1.243430,3.903851,8.838511,0.071564,-0.111503,0.005435
690380860.000,CC,recording,knock_twice_right,6,1.270611,3.928065,8.851076,0.061906,-0.098006,-0.002538
690380870.000,CC,recording,knock_twice_right,6,1.228533,3.915827,8.871428,0.051372,-0.080687,-0.010910
690380880.000,CC,recording,knock_twice_right,6,1.196348,3.932443,8.862244,0.039848,-0.062015,-0.018868
690380890.000,CC,recording,knock_twice_right,6,1.181115,3.911204,8.795018,0.027082,-0.041499,-0.024778
690380900.000,CC,recording,knock_twice_right,6,1.115497,3.872903,8.789765,0.014668,-0.024367,-0.027652
690380910.000,CC,recording,knock_twice_right,6,1.008440,3.844257,8.794528,0.005912,-0.014300,-0.028324
690380920.000,CC,recording,knock_twice_right,6,1.004019,3.836186,8.823149,0.002745,-0.013285,-0.026975
690380930.000,CC,recording,knock_twice_right,6,0.999089,3.868642,8.808583,0.000728,-0.021777,-0.026269
690380940.000,CC,recording,knock_twice_right,6,1.012544,3.873280,8.755048,-0.003089,-0.033344,-0.028299
690380950.000,CC,recording,knock_twice_right,6,0.989083,3.839960,8.736026,-0.009103,-0.039895,-0.029226
690380960.000,CC,recording,knock_twice_right,6,0.958324,3.837852,8.780404,-0.016789,-0.040141,-0.026473
690380970.000,CC,recording,knock_twice_right,6,0.952927,3.834981,8.861946,-0.022543,-0.038828,-0.022571
690380980.000,CC,recording,knock_twice_right,6,0.969525,3.828492,8.929463,-0.024540,-0.037601,-0.019692
690380990.000,CC,recording,knock_twice_right,6,1.001604,3.837302,8.928943,-0.025898,-0.034721,-0.018568
690381000.000,CC,recording,knock_twice_right,6,0.991535,3.817640,8.911949,-0.027656,-0.031704,-0.017436
690381010.000,CC,recording,knock_twice_right,6,0.929236,3.837465,8.934274,-0.029135,-0.030148,-0.014036
690381020.000,CC,recording,knock_twice_right,6,0.952215,3.855230,8.969187,-0.031105,-0.028260,-0.011419
690381030.000,CC,recording,knock_twice_right,6,1.045308,3.849724,8.999639,-0.033496,-0.023430,-0.011714
690381040.000,CC,recording,knock_twice_right,6,1.021347,3.871741,8.970442,-0.036287,-0.016982,-0.012485
690381050.000,CC,recording,knock_twice_right,6,0.955522,3.873568,8.967996,-0.039319,-0.010682,-0.011122
690381060.000,CC,recording,knock_twice_right,6,0.930537,3.854312,9.021397,-0.040464,-0.007624,-0.006863
690381070.000,CC,recording,knock_twice_right,6,0.992916,3.863225,9.110527,-0.035559,-0.008945,-0.003022
690381080.000,CC,recording,knock_twice_right,6,1.117318,3.867250,9.147663,-0.024698,-0.011393,-0.004609
690381090.000,CC,recording,knock_twice_right,6,1.138426,3.891817,9.113589,-0.013546,-0.012719,-0.009915
690381100.000,CC,recording,knock_twice_right,6,1.046442,3.893079,9.051148,-0.005996,-0.010524,-0.012835
690381110.000,CC,recording,knock_twice_right,6,0.974865,3.885818,8.958424,-0.004453,-0.005667,-0.010474
690381120.000,CC,recording,knock_twice_right,6,0.986205,3.875016,8.923067,-0.010334,0.000403,-0.005345
690381130.000,CC,recording,knock_twice_right,6,1.036945,3.888639,8.910478,-0.018554,0.008472,-0.001391
690381140.000,CC,recording,knock_twice_right,6,1.101623,3.864290,8.981592,-0.023031,0.016763,-0.000756
690381150.000,CC,recording,knock_twice_right,6,1.130300,3.859129,9.079558,-0.019625,0.019891,-0.004323
690381160.000,CC,recording,knock_twice_right,6,1.133254,3.860339,9.124550,-0.006145,0.015611,-0.009937
690381170.000,CC,recording,knock_twice_right,6,1.070247,3.848581,9.072783,0.009917,0.007730,-0.014587
690381180.000,CC,recording,knock_twice_right,7,1.074382,3.841305,8.949616,0.021262,0.000529,-0.017370
690381190.000,CC,recording,knock_twice_right,7,1.039218,3.854853,8.874703,0.025122,-0.002879,-0.017404
690381200.000,CC,recording,knock_twice_right,7,1.003491,3.851537,8.844642,0.020824,-0.003211,-0.014086
690381210.000,CC,recording,knock_twice_right,7,1.014502,3.850057,8.837001,0.011634,-0.002333,-0.009445
690381220.000,CC,recording,knock_twice_right,7,1.085221,3.841952,8.845812,0.002300,-0.000529,-0.007645
690381230.000,CC,recording,knock_twice_right,7,1.124817,3.826550,8.895145,-0.003542,0.000281,-0.009596
690381240.000,CC,recording,knock_twice_right,7,1.158651,3.817627,8.943576,-0.005196,-0.000194,-0.013052
690381250.000,CC,recording,knock_twice_right,7,1.130473,3.803109,8.916119,-0.003858,-0.001079,-0.015736
690381260.000,CC,recording,knock_twice_right,7,1.096553,3.807705,8.879568,-0.002355,-0.002829,-0.017529
690381270.000,CC,recording,knock_twice_right,7,1.079363,3.816795,8.824558,-0.004344,-0.007100,-0.018891
690381280.000,CC,recording,knock_twice_right,7,1.039282,3.823851,8.801280,-0.009870,-0.014437,-0.019329
690381290.000,CC,recording,knock_twice_right,7,1.033302,3.821921,8.842073,-0.015922,-0.024922,-0.019442
690381300.000,CC,recording,knock_twice_right,7,1.054923,3.850231,8.831714,-0.021362,-0.033845,-0.019488
690381310.000,CC,recording,knock_twice_right,7,1.132488,3.848148,8.835471,-0.029155,-0.032549,-0.020500
690381320.000,CC,recording,knock_twice_right,7,1.138460,3.845991,8.787815,-0.041129,-0.022770,-0.022916
690381330.000,CC,recording,knock_twice_right,7,1.163025,3.850810,8.845637,-0.055724,-0.011986,-0.026369
690381340.000,CC,recording,knock_twice_right,7,1.178357,3.879823,8.850167,-0.070700,0.000129,-0.031283
690381350.000,CC,recording,knock_twice_right,7,1.179862,3.845728,8.849900,-0.083896,0.014749,-0.036330
690381360.000,CC,recording,knock_twice_right,7,1.133587,3.828126,8.857994,-0.094899,0.026327,-0.040234
690381370.000,CC,recording,knock_twice_right,7,1.151348,3.788409,8.903107,-0.101504,0.032480,-0.044893
690381380.000,CC,recording,knock_twice_right,7,1.080615,3.833393,8.933700,-0.103971,0.034120,-0.049763
690381390.000,CC,recording,knock_twice_right,7,1.025757,3.765901,8.964547,-0.102350,0.029791,-0.051353
690381400.000,CC,recording,knock_twice_right,7,0.972063,3.781877,9.020233,-0.096290,0.018294,-0.049482
690381410.000,CC,recording,knock_twice_right,7,0.969333,3.744823,9.069075,-0.086823,0.002898,-0.047136
690381420.000,CC,recording,knock_twice_right,7,0.919506,3.727685,9.114904,-0.073975,-0.009628,-0.044409
690381430.000,CC,recording,knock_twice_right,7,0.952562,3.692985,9.097492,-0.061759,-0.014294,-0.040174
690381440.000,CC,recording,knock_twice_right,7,0.981151,3.707618,9.089491,-0.053969,-0.010566,-0.036213
690381450.000,CC,recording,knock_twice_right,7,0.995011,3.711978,9.079838,-0.050639,-0.004411,-0.033211
690381460.000,CC,recording,knock_twice_right,7,0.977994,3.717540,9.095533,-0.049603,0.002434,-0.030721
690381470.000,CC,recording,knock_twice_right,7,0.959571,3.695597,9.091043,-0.049738,0.011135,-0.027707
690381480.000,CC,recording,knock_twice_right,7,0.964549,3.695505,9.122305,-0.048683,0.017504,-0.024764
690381490.000,CC,recording,knock_twice_right,7,0.962048,3.693402,9.173872,-0.043701,0.017261,-0.023976
690381500.000,CC,recording,knock_twice_right,7,0.941278,3.713251,9.209842,-0.033556,0.012060,-0.023364
690381510.000,CC,recording,knock_twice_right,7,0.930140,3.715041,9.210428,-0.020092,0.007066,-0.021231
690381520.000,CC,recording,knock_twice_right,7,0.932995,3.701085,9.179477,-0.009634,0.004560,-0.017658
690381530.000,CC,recording,knock_twice_right,7,0.929896,3.696133,9.139860,-0.004076,0.005035,-0.013360
690381540.000,CC,recording,knock_twice_right,7,0.972061,3.732118,9.122166,-0.001431,0.007377,-0.010514
690381550.000,CC,recording,knock_twice_right,7,1.006206,3.714328,9.100133,0.000206,0.011286,-0.008473
690381560.000,CC,recording,knock_twice_right,7,0.993724,3.717674,9.091405,0.002244,0.015788,-0.005448
690381570.000,CC,recording,knock_twice_right,7,0.965623,3.737526,9.094098,0.006146,0.016728,-0.002697
690381580.000,CC,recording,knock_twice_right,7,0.981288,3.723088,9.099351,0.012698,0.013720,0.000179
690381590.000,CC,recording,knock_twice_right,7,1.015358,3.742475,9.062504,0.020483,0.010947,0.002248
690381600.000,CC,recording,knock_twice_right,7,1.063690,3.733582,9.009961,0.027712,0.009621,0.000984
690381610.000,CC,recording,knock_twice_right,7,1.046801,3.745677,8.937192,0.033204,0.006586,-0.000863
690381620.000,CC,recording,knock_twice_right,7,0.938102,3.768283,8.892760,0.035407,-0.000281,-0.000826
690381630.000,CC,recording,knock_twice_right,7,0.962403,3.776377,8.847545,0.033425,-0.009132,0.000688
690381640.000,CC,recording,knock_twice_right,7,0.989431,3.782941,8.832508,0.027403,-0.016006,0.001890
690381650.000,CC,recording,knock_twice_right,7,1.053473,3.783455,8.820611,0.018769,-0.018336,0.001451
690381660.000,CC,recording,knock_twice_right,7,1.075380,3.773612,8.842034,0.009204,-0.017532,-0.000969
690381670.000,CC,recording,knock_twice_right,7,1.064350,3.773724,8.861941,0.000068,-0.016294,-0.005232
690381680.000,CC,recording,knock_twice_right,7,1.064237,3.758210,8.900690,-0.007710,-0.012929,-0.009696
690381690.000,CC,recording,knock_twice_right,7,1.054151,3.703644,8.940305,-0.013166,-0.006342,-0.012542
690381700.000,CC,recording,knock_twice_right,7,1.013472,3.689699,8.998297,-0.015542,0.000018,-0.013592
690381710.000,CC,recording,knock_twice_right,7,0.973204,3.688505,9.020268,-0.015694,0.006759,-0.013447
690381720.000,CC,recording,knock_twice_right,7,0.979199,3.636897,8.998870,-0.015556,0.015914,-0.011759
690381730.000,CC,recording,knock_twice_right,7,0.917859,3.619134,9.008662,-0.016249,0.022849,-0.008189
690381740.000,CC,recording,knock_twice_right,7,0.877971,3.658312,9.014226,-0.016482,0.022903,-0.004072
690381750.000,CC,recording,knock_twice_right,7,0.852038,3.647725,9.028023,-0.014016,0.015341,0.000109
690381760.000,CC,recording,knock_twice_right,7,0.869749,3.667072,9.067089,-0.007626,0.002752,0.003348
690381770.000,CC,recording,knock_twice_right,7,0.892004,3.666528,9.092194,0.001712,-0.010413,0.004929
690381780.000,CC,recording,knock_twice_right,7,0.896616,3.684299,9.077341,0.010714,-0.020114,0.006821
690381790.000,CC,recording,knock_twice_right,7,0.952258,3.673745,9.042161,0.018375,-0.022552,0.009174
690381800.000,CC,recording,knock_twice_right,7,0.970567,3.710400,9.010056,0.023276,-0.021206,0.010210
690381810.000,CC,recording,knock_twice_right,7,0.959862,3.755195,8.965008,0.021062,-0.017198,0.010061
690381820.000,CC,recording,knock_twice_right,7,0.976333,3.750652,8.887824,0.012989,-0.008304,0.010864
690381830.000,CC,recording,knock_twice_right,7,0.930701,3.744589,8.893875,0.005116,0.001033,0.013702
690381840.000,CC,recording,knock_twice_right,7,0.904941,3.747231,8.950881,-0.000122,0.005651,0.017207
690381850.000,CC,recording,knock_twice_right,7,0.917997,3.754711,8.962317,-0.002091,0.005228,0.019845
690381860.000,CC,recording,knock_twice_right,7,0.945389,3.763603,8.981629,-0.000773,0.001963,0.022360
690381870.000,CC,recording,knock_twice_right,7,0.985342,3.781334,8.979643,0.001784,-0.003510,0.022968
690381880.000,CC,recording,knock_twice_right,7,1.044308,3.798175,8.981285,0.003223,-0.009403,0.020275
690381890.000,CC,recording,knock_twice_right,7,1.063709,3.811630,8.977843,0.002561,-0.012298,0.016217
690381900.000,CC,recording,knock_twice_right,7,1.107003,3.777699,9.003415,0.001220,-0.010663,0.012214
690381910.000,CC,recording,knock_twice_right,7,1.112662,3.751051,9.057865,0.000719,-0.005536,0.009122
690381920.000,CC,recording,knock_twice_right,7,1.105645,3.749787,9.054197,0.002824,-0.000223,0.006604
690381930.000,CC,recording,knock_twice_right,7,1.080237,3.774209,9.057055,0.007023,0.003047,0.004563
690381940.000,CC,recording,knock_twice_right,7,1.084584,3.753762,9.001683,0.010457,0.003768,0.003039
690381950.000,CC,recording,knock_twice_right,7,1.062737,3.769549,8.970668,0.011118,0.000625,0.001281
690381960.000,CC,recording,knock_twice_right,7,1.049959,3.794413,8.945321,0.010884,-0.004507,-0.001174
690381970.000,CC,recording,knock_twice_right,7,1.082560,3.787642,8.963782,0.010711,-0.007637,-0.003572
690381980.000,CC,recording,knock_twice_right,7,1.076068,3.780272,8.983803,0.009401,-0.007494,-0.005815
690381990.000,CC,recording,knock_twice_right,7,1.031039,3.762792,8.951535,0.006787,-0.006033,-0.008485
690382000.000,CC,recording,knock_twice_right,7,0.984748,3.749823,8.946874,0.005504,-0.007658,-0.009970
690382010.000,CC,recording,knock_twice_right,7,1.019035,3.746421,8.967370,0.006548,-0.013223,-0.011573
690382020.000,CC,recording,knock_twice_right,7,1.049798,3.767471,8.953928,0.007620,-0.021111,-0.014484
690382030.000,CC,recording,knock_twice_right,7,1.052796,3.752982,8.960881,0.008122,-0.029498,-0.018442
690382040.000,CC,recording,knock_twice_right,7,1.092376,3.750806,8.983017,0.007336,-0.032735,-0.024386
690382050.000,CC,recording,knock_twice_right,7,1.114000,3.726919,9.013978,0.005755,-0.027745,-0.029804
690382060.000,CC,recording,knock_twice_right,7,1.046236,3.702533,9.009690,0.004595,-0.018884,-0.030548
690382070.000,CC,recording,knock_twice_right,7,0.948705,3.696087,9.051792,0.004794,-0.011637,-0.027332
690382080.000,CC,recording,knock_twice_right,7,0.926714,3.702496,9.065519,0.009309,-0.010076,-0.022241
690382090.000,CC,recording,knock_twice_right,7,0.908842,3.704108,9.124756,0.020248,-0.010228,-0.015871
690382100.000,CC,recording,knock_twice_right,7,0.982492,3.712255,9.193044,0.035553,-0.006371,-0.010354
690382110.000,CC,recording,knock_twice_right,7,1.034716,3.695825,9.214751,0.051081,0.000980,-0.006580
690382120.000,CC,recording,knock_twice_right,7,0.982268,3.709951,9.189262,0.065742,0.012718,-0.002795
690382130.000,CC,recording,knock_twice_right,7,0.989128,3.688427,9.202266,0.076192,0.028197,0.002005
690382140.000,CC,recording,knock_twice_right,7,0.949614,3.721834,9.137793,0.082412,0.044054,0.007682
690382150.000,CC,recording,knock_twice_right,7,0.961445,3.758155,9.156479,0.089013,0.055685,0.013543
690382160.000,CC,recording,knock_twice_right,7,1.014352,3.796939,9.145408,0.095199,0.060291,0.013916
690382170.000,CC,recording,knock_twice_right,7,1.072297,3.833117,9.120016,0.100869,0.060159,0.007366
690382180.000,CC,recording,knock_twice_right,7,1.041984,3.862474,9.051781,0.107087,0.060131,-0.000631
690382190.000,CC,recording,knock_twice_right,7,1.032471,3.863584,8.986619,0.109731,0.061500,-0.009120
690382200.000,CC,recording,knock_twice_right,7,0.945438,3.885964,8.923991,0.107119,0.062887,-0.015444
690382210.000,CC,recording,knock_twice_right,7,0.855702,3.874406,8.924370,0.101894,0.065834,-0.014256
690382220.000,CC,recording,knock_twice_right,7,0.809176,3.861965,8.914305,0.096164,0.071862,-0.006663
690382230.000,CC,recording,knock_twice_right,7,0.854101,3.876060,8.994091,0.092097,0.074456,-0.000244
690382240.000,CC,recording,knock_twice_right,7,0.856437,3.899518,9.008535,0.092668,0.065782,0.002835
690382250.000,CC,recording,knock_twice_right,7,0.921688,3.902906,9.039284,0.097788,0.052996,0.004091
690382260.000,CC,recording,knock_twice_right,7,0.966876,3.899442,8.943143,0.101515,0.050475,0.002367
690382270.000,CC,recording,knock_twice_right,7,0.987511,3.881174,8.854861,0.098180,0.056862,-0.000173
690382280.000,CC,recording,knock_twice_right,7,0.881970,3.951859,8.744458,0.086279,0.060882,-0.001294
690382290.000,CC,recording,knock_twice_right,7,0.848275,3.976406,8.704083,0.067024,0.057473,-0.000692
690382300.000,CC,recording,knock_twice_right,7,0.809309,3.944927,8.637576,0.046524,0.048781,0.003048
690382310.000,CC,recording,knock_twice_right,7,0.798560,3.937210,8.702002,0.030903,0.036679,0.009419
690382320.000,CC,recording,knock_twice_right,7,0.797994,3.917575,8.760911,0.023290,0.022160,0.016323
690382330.000,CC,recording,knock_twice_right,7,0.881667,3.890064,8.828656,0.023671,0.008956,0.022492
690382340.000,CC,recording,knock_twice_right,7,0.922622,3.892770,8.853059,0.027750,-0.001291,0.025667
690382350.000,CC,recording,knock_twice_right,7,0.975488,3.904219,8.835983,0.031701,-0.008643,0.026207
690382360.000,CC,recording,knock_twice_right,7,0.984728,3.914612,8.805726,0.033957,-0.014475,0.025733
690382370.000,CC,recording,knock_twice_right,7,0.986526,3.929118,8.786144,0.034692,-0.021175,0.023416
690382380.000,CC,recording,knock_twice_right,7,1.008129,3.940184,8.841430,0.034427,-0.033128,0.018204
690382390.000,CC,recording,knock_twice_right,7,1.048239,3.998520,8.920666,0.038418,-0.052631,0.009106
690382400.000,CC,recording,knock_twice_right,7,1.108392,4.052508,8.999886,0.042666,-0.063411,-0.002649
690382410.000,CC,recording,knock_twice_right,7,1.182059,3.992757,8.860500,0.035597,-0.047016,-0.013411
690382420.000,CC,recording,knock_twice_right,7,1.093345,3.937256,8.770312,0.017056,-0.008915,-0.017186
690382430.000,CC,recording,knock_twice_right,7,0.978595,3.988979,8.786839,-0.006711,0.030706,-0.014514
690382440.000,CC,recording,knock_twice_right,7,0.944913,3.963712,8.824459,-0.027263,0.055908,-0.012183
690382450.000,CC,recording,knock_twice_right,7,0.990375,3.992616,8.957706,-0.035634,0.061408,-0.013653
690382460.000,CC,recording,knock_twice_right,7,1.066557,4.005880,9.021629,-0.029548,0.051835,-0.020390
690382470.000,CC,recording,knock_twice_right,7,1.093327,4.006739,9.050659,-0.015706,0.038479,-0.032576
690382480.000,CC,recording,knock_twice_right,7,1.065717,3.977791,9.010611,-0.002453,0.031489,-0.047631
690382490.000,CC,recording,knock_twice_right,7,1.008191,3.975148,8.975421,0.006080,0.032203,-0.059128
690382500.000,CC,recording,knock_twice_right,7,0.876262,3.986062,8.902828,0.008525,0.038154,-0.063684
690382510.000,CC,recording,knock_twice_right,7,0.838684,3.977411,8.855437,0.004646,0.048565,-0.061783
690382520.000,CC,recording,knock_twice_right,7,0.829565,3.975005,8.797764,-0.004343,0.061066,-0.057085
690382530.000,CC,recording,knock_twice_right,7,0.857568,3.965733,8.800678,-0.014399,0.068399,-0.054879
690382540.000,CC,recording,knock_twice_right,7,0.842073,3.988482,8.898423,-0.018524,0.067037,-0.054356
690382550.000,CC,recording,knock_twice_right,7,0.818045,3.947825,8.968010,-0.016389,0.062046,-0.054958
690382560.000,CC,recording,knock_twice_right,7,0.776395,3.935915,8.981785,-0.011090,0.056903,-0.055162
690382570.000,CC,recording,knock_twice_right,7,0.730105,3.932367,8.999314,-0.004521,0.054457,-0.049940
690382580.000,CC,recording,knock_twice_right,7,0.679235,3.881445,8.897918,-0.001162,0.053028,-0.040940
690382590.000,CC,recording,knock_twice_right,7,0.627549,3.919072,8.843932,0.000373,0.046839,-0.030838
690382600.000,CC,recording,knock_twice_right,7,0.641148,3.928894,8.823056,0.000577,0.037618,-0.021656
690382610.000,CC,recording,knock_twice_right,7,0.698929,3.885206,8.761738,-0.002951,0.027739,-0.015673
690382620.000,CC,recording,knock_twice_right,7,0.668287,3.905799,8.727858,-0.009053,0.012247,-0.012399
690382630.000,CC,recording,knock_twice_right,7,0.621407,3.891278,8.718690,-0.015034,-0.011713,-0.009449
690382640.000,CC,recording,knock_twice_right,7,0.575843,3.852704,8.734727,-0.019129,-0.042650,-0.005607
690382650.000,CC,recording,knock_twice_right,7,0.643799,3.816520,8.815974,-0.018066,-0.078025,-0.007170
690382660.000,CC,recording,knock_twice_right,7,0.899253,3.800388,8.965677,-0.011616,-0.121682,-0.024981
690382670.000,CC,recording,knock_twice_right,7,1.177761,3.818713,9.292680,0.012319,-0.179355,-0.060467
690382680.000,CC,recording,knock_twice_right,7,1.054921,3.936598,9.615402,0.062736,-0.248852,-0.097500
690382690.000,CC,recording,knock_twice_right,7,0.776948,3.981306,9.131701,0.115647,-0.320681,-0.128605
690382700.000,CC,recording,knock_twice_right,7,-0.062694,3.731518,7.925932,0.113456,-0.353460,-0.113794
690382710.000,CC,recording,knock_twice_right,7,-2.630419,3.224099,6.026848,-0.025861,-0.358369,0.033091
690382720.000,CC,recording,knock_twice_right,7,-1.966327,3.318790,6.516523,-0.240756,-0.367959,0.284035
690382730.000,CC,recording,knock_twice_right,7,-0.779921,3.778446,7.980604,-0.403833,-0.367667,0.488618
690382740.000,CC,recording,knock_twice_right,7,1.839992,3.457401,8.832923,-0.471915,-0.347580,0.548854
690382750.000,CC,recording,knock_twice_right,7,3.067483,3.784650,10.399889,-0.417114,-0.292465,0.467240
690382760.000,CC,recording,knock_twice_right,7,4.135024,3.934421,11.218478,-0.266853,-0.208721,0.289175
690382770.000,CC,recording,knock_twice_right,7,4.111231,3.947889,11.205800,-0.090767,-0.110939,0.070220
690382780.000,CC,recording,knock_twice_right,7,3.863762,3.929545,10.907836,0.055580,0.020727,-0.129987
690382790.000,CC,recording,knock_twice_right,7,3.201014,4.316826,10.328758,0.141409,0.201142,-0.282563
690382800.000,CC,recording,knock_twice_right,7,2.930243,4.159975,9.746154,0.163765,0.411217,-0.383588
690382810.000,CC,recording,knock_twice_right,7,2.044767,4.059216,9.051199,0.127272,0.629300,-0.412928
690382820.000,CC,recording,knock_twice_right,7,0.647802,3.992013,7.980590,0.025916,0.818263,-0.357881
690382830.000,CC,recording,knock_twice_right,7,-0.367096,4.169841,7.458445,-0.125905,0.921813,-0.241937
690382840.000,CC,recording,knock_twice_right,7,-0.454920,4.376806,7.713981,-0.266437,0.912633,-0.120608
690382850.000,CC,recording,knock_twice_right,7,0.106605,4.195896,8.471105,-0.332038,0.806507,-0.045432
690382860.000,CC,recording,knock_twice_right,7,0.630937,3.978491,8.946737,-0.306540,0.631658,-0.030176
690382870.000,CC,recording,knock_twice_right,7,0.830969,3.867139,9.206862,-0.215162,0.405572,-0.068234
690382880.000,CC,recording,knock_twice_right,7,0.804418,3.780207,9.349326,-0.085458,0.134165,-0.133847
690382890.000,CC,recording,knock_twice_right,7,0.303691,3.683962,9.392819,0.062197,-0.154976,-0.186846
690382900.000,CC,recording,knock_twice_right,7,-0.047945,3.594058,8.948460,0.187451,-0.418640,-0.201914
690382910.000,CC,recording,knock_twice_right,7,-0.346486,3.512757,8.299189,0.258972,-0.637692,-0.176054
690382920.000,CC,recording,knock_twice_right,7,-1.362459,3.473123,7.454437,0.249289,-0.786597,-0.064641
690382930.000,CC,recording,knock_twice_right,7,-3.509554,3.299380,5.788941,0.096185,-0.877192,0.172928
690382940.000,CC,recording,knock_twice_right,7,-1.980857,3.155945,6.020271,-0.140555,-0.938329,0.443668
690382950.000,CC,recording,knock_twice_right,7,0.359210,3.234508,8.093516,-0.300888,-0.963564,0.591737
690382960.000,CC,recording,knock_twice_right,7,3.423695,3.438349,10.063172,-0.315434,-0.932484,0.542864
690382970.000,CC,recording,knock_twice_right,7,4.816295,3.913400,11.577722,-0.201764,-0.807289,0.333408
690382980.000,CC,recording,knock_twice_right,7,5.313327,3.794925,11.879048,-0.041474,-0.574717,0.061886
690382990.000,CC,recording,knock_twice_right,7,4.140643,3.631917,11.118146,0.069252,-0.251995,-0.161246
690383000.000,CC,recording,knock_twice_right,7,2.715972,3.646336,10.167668,0.089219,0.103408,-0.279178
690383010.000,CC,recording,knock_twice_right,7,1.610269,3.754374,9.635526,0.044445,0.407235,-0.303731
690383020.000,CC,recording,knock_twice_right,7,0.799562,3.480056,9.347392,-0.022550,0.633500,-0.255145
690383030.000,CC,recording,knock_twice_right,7,0.126030,3.525234,8.762302,-0.104008,0.791313,-0.150049
690383040.000,CC,recording,knock_twice_right,7,0.032067,3.710231,8.547649,-0.182397,0.848550,-0.039572
690383050.000,CC,recording,knock_twice_right,7,0.460662,3.758087,9.168036,-0.206821,0.785503,0.020628
690383060.000,CC,recording,knock_twice_right,7,0.832431,3.718457,9.596337,-0.152125,0.641249,0.021842
690383070.000,CC,recording,knock_twice_right,7,0.784444,3.601079,9.566367,-0.044504,0.464220,-0.008444
690383080.000,CC,recording,knock_twice_right,7,0.493183,3.594005,9.223633,0.069361,0.284525,-0.037529
690383090.000,CC,recording,knock_twice_right,7,0.195174,3.621894,8.804184,0.154911,0.124944,-0.044379
690383100.000,CC,recording,knock_twice_right,7,0.039147,3.640116,8.355622,0.192061,0.002203,-0.021210
690383110.000,CC,recording,knock_twice_right,7,-0.048196,3.673477,8.038787,0.175870,-0.078800,0.023987
690383120.000,CC,recording,knock_twice_right,7,0.133517,3.740674,7.969174,0.121626,-0.123892,0.077650
690383130.000,CC,recording,knock_twice_right,7,0.406735,3.781421,8.123362,0.054091,-0.139326,0.125738
690383140.000,CC,recording,knock_twice_right,7,0.871699,3.774147,8.384976,-0.008861,-0.130157,0.150141
690383150.000,CC,recording,knock_twice_right,7,1.344474,3.776810,8.792141,-0.052206,-0.103699,0.141591
690383160.000,CC,recording,knock_twice_right,7,1.489607,3.791411,9.040765,-0.069974,-0.076404,0.107280
690383170.000,CC,recording,knock_twice_right,7,1.326156,3.787247,9.154267,-0.070998,-0.062721,0.068450
690383180.000,CC,recording,knock_twice_right,7,1.077264,3.740356,9.140060,-0.066714,-0.061017,0.042870
690383190.000,CC,recording,knock_twice_right,7,1.001707,3.695347,9.216058,-0.058878,-0.055358,0.030869
690383200.000,CC,recording,knock_twice_right,7,1.232103,3.633577,9.420073,-0.042095,-0.036522,0.020438
690383210.000,CC,recording,knock_twice_right,7,1.374102,3.643667,9.547850,-0.016310,-0.017381,0.004778
690383220.000,CC,recording,knock_twice_right,7,1.241022,3.679141,9.426120,0.009333,-0.006582,-0.011723
690383230.000,CC,recording,knock_twice_right,7,1.121684,3.639748,9.172453,0.022708,-0.000945,-0.024433
690383240.000,CC,recording,knock_twice_right,7,0.922639,3.632607,8.917007,0.019696,-0.003344,-0.029927
690383250.000,CC,recording,knock_twice_right,7,0.713824,3.598722,8.814061,0.008729,-0.019591,-0.026235
690383260.000,CC,recording,knock_twice_right,7,0.549480,3.588326,8.864975,0.000036,-0.045875,-0.012985
690383270.000,CC,recording,knock_twice_right,7,0.645157,3.549099,8.969274,-0.004097,-0.065073,0.004585
690383280.000,CC,recording,knock_twice_right,7,0.845845,3.509445,8.974063,-0.006031,-0.066810,0.016509
690383290.000,CC,recording,knock_twice_right,7,0.879356,3.531292,8.954274,-0.007884,-0.060858,0.023960
690383300.000,CC,recording,knock_twice_right,7,0.821116,3.580141,8.937406,-0.009653,-0.059146,0.032506
690383310.000,CC,recording,knock_twice_right,7,0.768605,3.618660,8.895016,-0.011821,-0.064461,0.043047
690383320.000,CC,recording,knock_twice_right,7,0.781008,3.661792,8.907053,-0.016268,-0.072579,0.054844
690383330.000,CC,recording,knock_twice_right,7,0.920391,3.704410,8.945622,-0.020194,-0.078580,0.062492
690383340.000,CC,recording,knock_twice_right,7,1.152548,3.755206,9.049957,-0.020383,-0.082916,0.060214
690383350.000,CC,recording,knock_twice_right,7,1.195294,3.810828,9.054096,-0.017999,-0.083335,0.049534
690383360.000,CC,recording,knock_twice_right,7,1.250111,3.764932,9.079841,-0.013506,-0.078056,0.037009
690383370.000,CC,recording,knock_twice_right,7,1.185014,3.773133,9.063525,-0.006902,-0.074828,0.024590
690383380.000,CC,recording,knock_twice_right,7,1.119000,3.804187,9.060140,-0.000414,-0.078559,0.013771
690383390.000,CC,recording,knock_twice_right,7,1.060527,3.782272,8.983122,0.003458,-0.087138,0.006988
690383400.000,CC,recording,knock_twice_right,7,1.014545,3.734515,8.914529,0.004178,-0.100626,0.003145
690383410.000,CC,recording,knock_twice_right,7,0.913845,3.728401,8.890822,0.003955,-0.120334,0.003118
690383420.000,CC,recording,knock_twice_right,7,0.839098,3.663215,8.832477,0.003039,-0.143757,0.007304
690383430.000,CC,recording,knock_twice_right,7,0.845564,3.626119,8.829878,0.002727,-0.169253,0.013498
690383440.000,CC,recording,knock_twice_right,7,0.885393,3.628002,8.886823,0.005155,-0.197476,0.018201
690383450.000,CC,recording,knock_twice_right,7,1.024141,3.616562,9.000258,0.012033,-0.220793,0.016961
690383460.000,CC,recording,knock_twice_right,7,1.218708,3.610557,9.148641,0.023445,-0.227694,0.009053
690383470.000,CC,recording,knock_twice_right,7,1.280559,3.586313,9.240640,0.034770,-0.218535,-0.002355
690383480.000,CC,recording,knock_twice_right,7,1.249965,3.612558,9.226794,0.039390,-0.194513,-0.011232
690383490.000,CC,recording,knock_twice_right,7,1.192335,3.613606,9.121054,0.030988,-0.153431,-0.011034
690383500.000,CC,recording,knock_twice_right,7,1.101553,3.616378,9.027619,0.010458,-0.106408,-0.001798
690383510.000,CC,recording,knock_twice_right,7,1.140679,3.655122,9.099005,-0.011465,-0.065140,0.010327
690383520.000,CC,recording,knock_twice_right,7,1.286371,3.683766,9.240907,-0.022742,-0.030625,0.018414
690383530.000,CC,recording,knock_twice_right,7,1.377704,3.683514,9.349412,-0.018800,-0.005006,0.019866
690383540.000,CC,recording,knock_twice_right,7,1.347942,3.695135,9.350716,-0.002741,0.006052,0.017866
690383550.000,CC,recording,knock_twice_right,7,1.261946,3.737396,9.240323,0.018012,0.001197,0.016024
690383560.000,CC,recording,knock_twice_right,7,1.244894,3.745335,9.113358,0.035621,-0.013135,0.015893
690383570.000,CC,recording,knock_twice_right,7,1.284842,3.791572,9.038267,0.045461,-0.024122,0.014287
690383580.000,CC,recording,knock_twice_right,7,1.416254,3.819744,8.993017,0.047737,-0.024291,0.007950
690383590.000,CC,recording,knock_twice_right,7,1.448197,3.811326,8.929379,0.044892,-0.018793,-0.001006
690383600.000,CC,recording,knock_twice_right,7,1.402691,3.838437,8.925267,0.039132,-0.011934,-0.010458
690383610.000,CC,recording,knock_twice_right,7,1.361706,3.797085,8.920554,0.033551,-0.002486,-0.018256
690383620.000,CC,recording,knock_twice_right,7,1.338904,3.740982,8.940366,0.031668,0.007620,-0.022163
690383630.000,CC,recording,knock_twice_right,7,1.307738,3.751233,8.924561,0.030918,0.013500,-0.023248
690383640.000,CC,recording,knock_twice_right,7,1.234859,3.768663,8.810058,0.026325,0.012040,-0.023315
690383650.000,CC,recording,knock_twice_right,7,1.176339,3.748714,8.737971,0.015843,0.006150,-0.021772
690383660.000,CC,recording,knock_twice_right,7,1.156893,3.727611,8.725202,0.003360,-0.001102,-0.019505
690383670.000,CC,recording,knock_twice_right,7,1.132718,3.710910,8.807850,-0.006614,-0.011038,-0.018002
690383680.000,CC,recording,knock_twice_right,7,1.174864,3.720475,8.888040,-0.013538,-0.021416,-0.019068
690383690.000,CC,recording,knock_twice_right,7,1.251450,3.710747,8.948641,-0.016893,-0.026157,-0.022453
690383700.000,CC,recording,knock_twice_right,7,1.284045,3.675617,8.990316,-0.015275,-0.021407,-0.024999
690383710.000,CC,recording,knock_twice_right,7,1.235022,3.631023,9.024060,-0.010567,-0.012022,-0.025175
690383720.000,CC,recording,knock_twice_right,7,1.112062,3.655841,8.966596,-0.009281,-0.007666,-0.021244
690383730.000,CC,recording,knock_twice_right,7,1.081924,3.648429,8.910707,-0.011903,-0.010881,-0.014664
690383740.000,CC,recording,knock_twice_right,7,1.125794,3.634111,8.968484,-0.013706,-0.016693,-0.009172
690383750.000,CC,recording,knock_twice_right,7,1.186380,3.636528,9.086259,-0.010694,-0.022918,-0.006213
690383760.000,CC,recording,knock_twice_right,7,1.180142,3.642498,9.106558,-0.003244,-0.028743,-0.004950
690383770.000,CC,recording,knock_twice_right,7,1.116491,3.661268,9.041813,0.002921,-0.032028,-0.003440
690383780.000,CC,recording,knock_twice_right,7,1.099683,3.638856,8.998842,0.005148,-0.032929,-0.000323
690383790.000,CC,recording,knock_twice_right,7,1.110095,3.662716,9.006337,0.005855,-0.029677,0.003529
690383800.000,CC,recording,knock_twice_right,7,1.156573,3.663261,8.997555,0.006891,-0.021954,0.007130
690383810.000,CC,recording,knock_twice_right,7,1.140749,3.663866,8.957443,0.006519,-0.015100,0.011491
690383820.000,CC,recording,knock_twice_right,7,1.118513,3.687996,8.866362,0.001137,-0.011207,0.015421
690383830.000,CC,recording,knock_twice_right,7,1.248213,3.698182,8.882106,-0.006868,-0.006753,0.014686
690383840.000,CC,recording,knock_twice_right,7,1.336625,3.685432,8.979796,-0.011089,-0.001710,0.008427
690383850.000,CC,recording,knock_twice_right,7,1.292386,3.700473,9.038474,-0.009750,0.000487,0.002482
690383860.000,CC,recording,knock_twice_right,7,1.165764,3.691649,8.978998,-0.006917,-0.000219,0.002272
690383870.000,CC,recording,knock_twice_right,7,1.129469,3.707867,8.924357,-0.006603,-0.000915,0.007389
690383880.000,CC,recording,knock_twice_right,7,1.119761,3.710830,8.928644,-0.008804,-0.002186,0.015160
690383890.000,CC,recording,knock_twice_right,7,1.198260,3.744986,8.973931,-0.010721,-0.006460,0.021767
690383900.000,CC,recording,knock_twice_right,7,1.247950,3.775641,8.980293,-0.011386,-0.012367,0.022564
690383910.000,CC,recording,knock_twice_right,7,1.326543,3.808690,8.998947,-0.012100,-0.015152,0.016744
690383920.000,CC,recording,knock_twice_right,7,1.410789,3.782312,9.072830,-0.011279,-0.010417,0.008186
690383930.000,CC,recording,knock_twice_right,7,1.382126,3.779509,9.098583,-0.009361,-0.001499,0.000947
690383940.000,CC,recording,knock_twice_right,7,1.307237,3.792206,9.061557,-0.009992,0.007089,-0.002416
690383950.000,CC,recording,knock_twice_right,7,1.263467,3.782700,9.016599,-0.012702,0.015001,-0.002216
690383960.000,CC,recording,knock_twice_right,7,1.260341,3.756675,9.073047,-0.012843,0.019665,-0.000015
690383970.000,CC,recording,knock_twice_right,7,1.275268,3.777739,9.111395,-0.009265,0.017459,0.001845
690383980.000,CC,recording,knock_twice_right,7,1.306740,3.787637,9.069802,-0.004462,0.009948,0.000506
690383990.000,CC,recording,knock_twice_right,7,1.338285,3.779195,9.079356,0.000639,0.001710,-0.003622
690384000.000,CC,recording,knock_twice_right,7,1.326938,3.770751,9.076780,0.006132,-0.003899,-0.007347
690384010.000,CC,recording,knock_twice_right,7,1.314978,3.774902,9.060945,0.010588,-0.005765,-0.009443
690384020.000,CC,recording,knock_twice_right,7,1.327157,3.777908,9.016045,0.012059,-0.004087,-0.011860
690384030.000,CC,recording,knock_twice_right,7,1.345629,3.783839,9.013967,0.010717,0.000909,-0.014735
690384040.000,CC,recording,knock_twice_right,7,1.334704,3.754256,9.010970,0.008952,0.007190,-0.017547
690384050.000,CC,recording,knock_twice_right,7,1.285096,3.739854,8.981319,0.008780,0.009873,-0.019772
690384060.000,CC,recording,knock_twice_right,7,1.281102,3.735902,8.998216,0.009162,0.007268,-0.022124
690384070.000,CC,recording,knock_twice_right,7,1.292426,3.705908,8.995201,0.011122,0.003791,-0.024660
690384080.000,CC,recording,knock_twice_right,7,1.260186,3.693880,8.963738,0.013881,0.002218,-0.026028
690384090.000,CC,recording,knock_twice_right,7,1.202998,3.672079,8.959960,0.014913,0.001150,-0.025094
690384100.000,CC,recording,knock_twice_right,7,1.185183,3.665012,8.943466,0.015949,0.000581,-0.022320
690384110.000,CC,recording,knock_twice_right,7,1.184487,3.639782,8.962540,0.016321,0.001094,-0.020407
690384120.000,CC,recording,knock_twice_right,7,1.156344,3.634157,8.920136,0.013656,0.001257,-0.017566
690384130.000,CC,recording,knock_twice_right,7,1.114163,3.636387,8.865079,0.008859,0.001009,-0.013138
690384140.000,CC,recording,knock_twice_right,7,1.135712,3.634766,8.868129,0.003610,0.001342,-0.008868
690384150.000,CC,recording,knock_twice_right,7,1.215405,3.648469,8.918209,-0.000670,0.004587,-0.007897
690384160.000,CC,recording,knock_twice_right,7,1.232467,3.654598,8.909633,-0.002812,0.010452,-0.010583
690384170.000,CC,recording,knock_twice_right,7,1.172648,3.644547,8.888944,-0.005430,0.014826,-0.011158
690384180.000,CC,recording,knock_twice_right,7,1.075119,3.632937,8.844663,-0.009948,0.014386,-0.008076
690384190.000,CC,recording,knock_twice_right,7,1.074552,3.635836,8.905311,-0.010596,0.008820,-0.003778
690384200.000,CC,recording,knock_twice_right,8,1.114848,3.641706,8.942929,-0.006099,-0.000427,-0.001180
690384210.000,CC,recording,knock_twice_right,8,1.179054,3.658558,8.918618,-0.002389,-0.009220,-0.001050
690384220.000,CC,recording,knock_twice_right,8,1.172132,3.686808,8.825653,-0.003913,-0.012733,-0.000515
690384230.000,CC,recording,knock_twice_right,8,1.139954,3.670022,8.776919,-0.013366,-0.011158,0.001867
690384240.000,CC,recording,knock_twice_right,8,1.123866,3.671108,8.776715,-0.028061,-0.007542,0.006617
690384250.000,CC,recording,knock_twice_right,8,1.130639,3.655847,8.890517,-0.039360,-0.004724,0.012163
690384260.000,CC,recording,knock_twice_right,8,1.196899,3.664157,9.003356,-0.042770,-0.005372,0.014893
690384270.000,CC,recording,knock_twice_right,8,1.263553,3.691600,9.051937,-0.039641,-0.006667,0.013201
690384280.000,CC,recording,knock_twice_right,8,1.254529,3.657841,9.026476,-0.034060,-0.004837,0.011040
690384290.000,CC,recording,knock_twice_right,8,1.205951,3.644823,9.025563,-0.028683,-0.003670,0.012690
690384300.000,CC,recording,knock_twice_right,8,1.184814,3.679929,9.055239,-0.023406,-0.007995,0.016096
690384310.000,CC,recording,knock_twice_right,8,1.208028,3.701458,9.029590,-0.018599,-0.015254,0.019502
690384320.000,CC,recording,knock_twice_right,8,1.291979,3.700716,9.024817,-0.014872,-0.020841,0.019798
690384330.000,CC,recording,knock_twice_right,8,1.369053,3.733805,9.073453,-0.011274,-0.024010,0.015283
690384340.000,CC,recording,knock_twice_right,8,1.357175,3.740430,9.083259,-0.007341,-0.022936,0.009079
690384350.000,CC,recording,knock_twice_right,8,1.349485,3.742107,9.039598,-0.006713,-0.016111,0.004195
690384360.000,CC,recording,knock_twice_right,8,1.332007,3.740328,9.001690,-0.009346,-0.005824,0.001058
690384370.000,CC,recording,knock_twice_right,8,1.337218,3.755583,9.013723,-0.012568,0.001938,-0.000905
690384380.000,CC,recording,knock_twice_right,8,1.351831,3.790487,9.045052,-0.014541,0.004890,-0.004577
690384390.000,CC,recording,knock_twice_right,8,1.390560,3.786917,9.084394,-0.013663,0.004889,-0.011285
690384400.000,CC,recording,knock_twice_right,8,1.368981,3.786521,9.076725,-0.011848,0.001892,-0.017952
690384410.000,CC,recording,knock_twice_right,8,1.345076,3.794968,9.088628,-0.010582,-0.000548,-0.023643
690384420.000,CC,recording,knock_twice_right,8,1.328950,3.746274,9.097818,-0.010006,0.002542,-0.027801
690384430.000,CC,recording,knock_twice_right,8,1.272835,3.725346,9.108109,-0.009019,0.009409,-0.029335
690384440.000,CC,recording,knock_twice_right,8,1.233515,3.732976,9.123496,-0.006687,0.015400,-0.028334
690384450.000,CC,recording,knock_twice_right,8,1.255410,3.727654,9.110728,-0.004764,0.017627,-0.027517
690384460.000,CC,recording,knock_twice_right,8,1.260039,3.717219,9.122375,-0.003104,0.015347,-0.028692
690384470.000,CC,recording,knock_twice_right,8,1.241801,3.689478,9.126482,0.001000,0.010133,-0.030061
690384480.000,CC,recording,knock_twice_right,8,1.212892,3.662471,9.152648,0.009508,0.003097,-0.029756
690384490.000,CC,recording,knock_twice_right,8,1.217824,3.684483,9.146204,0.019557,-0.004066,-0.028624
690384500.000,CC,recording,knock_twice_right,8,1.261379,3.667341,9.119083,0.027465,-0.006352,-0.028953
690384510.000,CC,recording,knock_twice_right,8,1.262153,3.675771,9.063237,0.030604,-0.000672,-0.029608
690384520.000,CC,recording,knock_twice_right,8,1.232916,3.659990,9.016247,0.028692,0.011023,-0.028447
690384530.000,CC,recording,knock_twice_right,8,1.168681,3.674020,8.999997,0.025381,0.022090,-0.025829
690384540.000,CC,recording,knock_twice_right,8,1.160462,3.666838,8.984598,0.021565,0.030221,-0.022550
690384550.000,CC,recording,knock_twice_right,8,1.148565,3.639783,8.919266,0.016495,0.037181,-0.019260
690384560.000,CC,recording,knock_twice_right,8,1.135167,3.660852,8.875533,0.011643,0.043056,-0.017524
690384570.000,CC,recording,knock_twice_right,8,1.193952,3.658265,8.884975,0.008142,0.048786,-0.018056
690384580.000,CC,recording,knock_twice_right,8,1.217344,3.643784,8.885930,0.004951,0.055826,-0.020600
690384590.000,CC,recording,knock_twice_right,8,1.193952,3.632306,8.920586,0.002253,0.066484,-0.024650
690384600.000,CC,recording,knock_twice_right,8,1.227336,3.602335,8.974362,0.003128,0.082342,-0.030207
690384610.000,CC,recording,knock_twice_right,8,1.346487,3.640766,9.042861,0.005339,0.105085,-0.040053
690384620.000,CC,recording,knock_twice_right,8,1.414388,3.670208,9.033064,0.005320,0.133684,-0.054829
690384630.000,CC,recording,knock_twice_right,8,1.318045,3.694832,9.012050,0.001743,0.162478,-0.068219
690384640.000,CC,recording,knock_twice_right,8,1.190433,3.695313,8.890319,-0.008786,0.186885,-0.075262
690384650.000,CC,recording,knock_twice_right,8,1.098242,3.709625,8.832853,-0.024478,0.202519,-0.075946
690384660.000,CC,recording,knock_twice_right,8,1.036407,3.717639,8.907771,-0.038070,0.206271,-0.073643
690384670.000,CC,recording,knock_twice_right,8,0.997200,3.691859,8.984168,-0.043372,0.196405,-0.071422
690384680.000,CC,recording,knock_twice_right,8,0.882408,3.692977,9.050573,-0.038413,0.172405,-0.069069
690384690.000,CC,recording,knock_twice_right,8,0.808298,3.680335,9.039000,-0.025886,0.137628,-0.063547
690384700.000,CC,recording,knock_twice_right,8,0.728056,3.655982,8.989333,-0.012226,0.099337,-0.052446
690384710.000,CC,recording,knock_twice_right,8,0.693149,3.656574,8.914221,-0.002006,0.063302,-0.037897
690384720.000,CC,recording,knock_twice_right,8,0.693266,3.652906,8.870552,0.002442,0.030564,-0.021127
690384730.000,CC,recording,knock_twice_right,8,0.703102,3.660473,8.857077,0.001139,0.003557,-0.004992
690384740.000,CC,recording,knock_twice_right,8,0.796966,3.659266,8.893264,-0.002912,-0.016580,0.006906
690384750.000,CC,recording,knock_twice_right,8,0.874543,3.686136,8.985443,-0.006307,-0.030999,0.014689
690384760.000,CC,recording,knock_twice_right,8,0.952932,3.684350,9.062790,-0.005464,-0.040303,0.017387
690384770.000,CC,recording,knock_twice_right,8,1.039030,3.674901,9.090296,-0.001208,-0.041949,0.015981
690384780.000,CC,recording,knock_twice_right,8,1.043352,3.677109,9.059661,0.000376,-0.035413,0.013809
690384790.000,CC,recording,knock_twice_right,8,1.029757,3.701579,9.047993,-0.000977,-0.027543,0.012911
690384800.000,CC,recording,knock_twice_right,8,0.981311,3.707017,9.086538,-0.001489,-0.024139,0.014348
690384810.000,CC,recording,knock_twice_right,8,0.964616,3.723763,9.097474,0.000161,-0.025951,0.016651
690384820.000,CC,recording,knock_twice_right,8,1.001456,3.719009,9.111134,0.004781,-0.031216,0.017680
690384830.000,CC,recording,knock_twice_right,8,1.040337,3.726367,9.141998,0.012822,-0.037102,0.017035
690384840.000,CC,recording,knock_twice_right,8,1.107932,3.730819,9.131635,0.021491,-0.040230,0.013756
690384850.000,CC,recording,knock_twice_right,8,1.137641,3.730178,9.082018,0.027570,-0.038025,0.007207
690384860.000,CC,recording,knock_twice_right,8,1.124536,3.717354,9.020656,0.030445,-0.029962,-0.000369
690384870.000,CC,recording,knock_twice_right,8,1.066220,3.708894,8.949436,0.028887,-0.019283,-0.005210
690384880.000,CC,recording,knock_twice_right,8,1.005192,3.699221,8.888474,0.023775,-0.009432,-0.006129
690384890.000,CC,recording,knock_twice_right,8,0.979659,3.669479,8.867634,0.016219,-0.002105,-0.004437
690384900.000,CC,recording,knock_twice_right,8,0.970308,3.662808,8.862124,0.008204,0.002457,-0.002286
690384910.000,CC,recording,knock_twice_right,8,0.972261,3.662386,8.897858,0.002945,0.003588,0.000094
690384920.000,CC,recording,knock_twice_right,8,0.950836,3.669732,8.895587,0.000545,-0.000436,0.002634
690384930.000,CC,recording,knock_twice_right,8,0.970468,3.674074,8.921761,-0.000421,-0.006202,0.004016
690384940.000,CC,recording,knock_twice_right,8,0.989336,3.649563,8.939398,0.000415,-0.009847,0.004571
690384950.000,CC,recording,knock_twice_right,8,0.994325,3.662940,8.945100,0.001837,-0.012953,0.005541
690384960.000,CC,recording,knock_twice_right,8,0.984526,3.677687,8.917392,-0.000606,-0.013875,0.006892
690384970.000,CC,recording,knock_twice_right,8,1.009334,3.691379,8.912517,-0.007207,-0.009568,0.007631
690384980.000,CC,recording,knock_twice_right,8,1.013806,3.696021,8.941788,-0.014642,-0.003881,0.007446
690384990.000,CC,recording,knock_twice_right,8,1.042343,3.714763,8.975823,-0.021843,0.000151,0.007475
690385000.000,CC,recording,knock_twice_right,8,0.985173,3.697303,8.986421,-0.027881,0.002821,0.009803
690385010.000,CC,recording,knock_twice_right,8,0.977201,3.675612,9.066288,-0.028696,0.003857,0.012099
690385020.000,CC,recording,knock_twice_right,8,1.033354,3.693295,9.137267,-0.023193,0.001712,0.010484
690385030.000,CC,recording,knock_twice_right,8,1.054027,3.687596,9.166742,-0.014329,-0.003786,0.007110
690385040.000,CC,recording,knock_twice_right,8,0.992409,3.668345,9.133067,-0.006339,-0.009831,0.005197
690385050.000,CC,recording,knock_twice_right,8,0.948294,3.667178,9.076753,-0.001537,-0.015023,0.006415
690385060.000,CC,recording,knock_twice_right,8,0.883515,3.671973,9.049996,0.000365,-0.018414,0.012426
690385070.000,CC,recording,knock_twice_right,8,0.878924,3.677341,9.054806,-0.000166,-0.019248,0.021677
690385080.000,CC,recording,knock_twice_right,8,0.951178,3.670432,9.072373,-0.000467,-0.018890,0.029397
690385090.000,CC,recording,knock_twice_right,8,1.025637,3.710356,9.098652,0.001700,-0.021849,0.032217
690385100.000,CC,recording,knock_twice_right,8,1.063349,3.717623,9.093180,0.006925,-0.030641,0.031357
690385110.000,CC,recording,knock_twice_right,8,1.027644,3.720702,9.075551,0.013536,-0.045233,0.029546
690385120.000,CC,recording,knock_twice_right,8,0.957855,3.723415,9.036951,0.018650,-0.067084,0.030276
690385130.000,CC,recording,knock_twice_right,8,0.918692,3.713612,8.999395,0.024617,-0.090779,0.035519
690385140.000,CC,recording,knock_twice_right,8,0.888449,3.692336,8.987908,0.029229,-0.109647,0.046327
690385150.000,CC,recording,knock_twice_right,8,0.937622,3.666535,8.920319,0.029694,-0.123489,0.058200
690385160.000,CC,recording,knock_twice_right,8,1.012916,3.708243,8.921708,0.030161,-0.136293,0.066001
690385170.000,CC,recording,knock_twice_right,8,1.071653,3.728023,8.931006,0.031555,-0.152816,0.069074
690385180.000,CC,recording,knock_twice_right,8,1.166704,3.725027,8.883301,0.033387,-0.171592,0.067947
690385190.000,CC,recording,knock_twice_right,8,1.119250,3.704506,8.839870,0.036391,-0.188996,0.065903
690385200.000,CC,recording,knock_twice_right,8,1.103025,3.693697,8.853849,0.037639,-0.201994,0.066045
690385210.000,CC,recording,knock_twice_right,8,1.158126,3.663894,8.816226,0.033286,-0.206857,0.068430
690385220.000,CC,recording,knock_twice_right,8,1.332327,3.680255,8.872600,0.024771,-0.197244,0.067940
690385230.000,CC,recording,knock_twice_right,8,1.517554,3.662306,8.987904,0.015365,-0.167922,0.060987
690385240.000,CC,recording,knock_twice_right,8,1.596087,3.653739,9.041235,0.006350,-0.124847,0.048769
690385250.000,CC,recording,knock_twice_right,8,1.503604,3.690127,9.076576,-0.002111,-0.078916,0.037494
690385260.000,CC,recording,knock_twice_right,8,1.466792,3.657620,9.116525,-0.009050,-0.036236,0.029537
690385270.000,CC,recording,knock_twice_right,8,1.486295,3.660741,9.121673,-0.013038,-0.002311,0.021213
690385280.000,CC,recording,knock_twice_right,8,1.441726,3.693978,9.134565,-0.014796,0.021110,0.012894
690385290.000,CC,recording,knock_twice_right,8,1.403304,3.695725,9.162841,-0.013758,0.034863,0.006005
690385300.000,CC,recording,knock_twice_right,8,1.358801,3.701281,9.190965,-0.008147,0.040392,0.001047
690385310.000,CC,recording,knock_twice_right,8,1.311172,3.697215,9.169436,0.000612,0.041441,-0.001110
690385320.000,CC,recording,knock_twice_right,8,1.241942,3.690021,9.116885,0.010813,0.037870,-0.000922
690385330.000,CC,recording,knock_twice_right,8,1.195363,3.702932,9.077687,0.020604,0.031184,0.000894
690385340.000,CC,recording,knock_twice_right,8,1.241244,3.738631,9.027050,0.027963,0.027575,0.003037
690385350.000,CC,recording,knock_twice_right,8,1.301642,3.736968,8.998784,0.033052,0.029165,0.003422
690385360.000,CC,recording,knock_twice_right,8,1.291245,3.759181,8.972251,0.035025,0.033842,0.003128
690385370.000,CC,recording,knock_twice_right,8,1.265162,3.777225,8.876419,0.029717,0.038355,0.003949
690385380.000,CC,recording,knock_twice_right,8,1.198082,3.794266,8.827062,0.018244,0.039669,0.006542
690385390.000,CC,recording,knock_twice_right,8,1.166858,3.793222,8.835330,0.004035,0.037436,0.011605
690385400.000,CC,recording,knock_twice_right,8,1.193003,3.782105,8.895796,-0.007715,0.035116,0.016344
690385410.000,CC,recording,knock_twice_right,8,1.290323,3.762226,8.996789,-0.011329,0.036217,0.017750
690385420.000,CC,recording,knock_twice_right,8,1.340202,3.744015,9.086679,-0.006226,0.038011,0.015808
690385430.000,CC,recording,knock_twice_right,8,1.301542,3.736902,9.092098,0.003658,0.038201,0.013176
690385440.000,CC,recording,knock_twice_right,8,1.258278,3.751028,9.017696,0.010596,0.038318,0.011779
690385450.000,CC,recording,knock_twice_right,8,1.237621,3.756006,8.907996,0.009773,0.037192,0.009710
690385460.000,CC,recording,knock_twice_right,8,1.259817,3.769570,8.830706,0.000669,0.037650,0.005981
690385470.000,CC,recording,knock_twice_right,8,1.276718,3.733321,8.829817,-0.014574,0.045880,0.002554
690385480.000,CC,recording,knock_twice_right,8,1.253150,3.696587,8.872558,-0.031769,0.061010,0.000821
690385490.000,CC,recording,knock_twice_right,8,1.181186,3.662223,8.952402,-0.045523,0.076987,0.002110
690385500.000,CC,recording,knock_twice_right,8,1.129154,3.651518,9.037466,-0.050577,0.090399,0.007651
690385510.000,CC,recording,knock_twice_right,8,1.106965,3.624693,9.067683,-0.047189,0.096206,0.013097
690385520.000,CC,recording,knock_twice_right,8,1.130761,3.652605,9.072852,-0.040744,0.092072,0.015098
690385530.000,CC,recording,knock_twice_right,8,1.164431,3.645707,9.021402,-0.033387,0.083500,0.014970
690385540.000,CC,recording,knock_twice_right,8,1.123380,3.645266,8.933310,-0.028139,0.072627,0.013466
690385550.000,CC,recording,knock_twice_right,8,1.109056,3.664304,8.927833,-0.026923,0.061630,0.012773
690385560.000,CC,recording,knock_twice_right,8,1.055321,3.617162,8.940431,-0.027260,0.050584,0.015042
690385570.000,CC,recording,knock_twice_right,8,1.073700,3.664540,8.997506,-0.025289,0.040465,0.018880
690385580.000,CC,recording,knock_twice_right,8,1.103450,3.621029,9.049551,-0.019157,0.033219,0.023277
690385590.000,CC,recording,knock_twice_right,8,1.156341,3.608939,9.041142,-0.011662,0.026495,0.026909
690385600.000,CC,recording,knock_twice_right,8,1.208843,3.663130,9.016963,-0.005112,0.022888,0.027986
690385610.000,CC,recording,knock_twice_right,8,1.211880,3.652672,8.932013,-0.002521,0.024907,0.026224
690385620.000,CC,recording,knock_twice_right,8,1.234507,3.701414,8.876506,-0.008141,0.032885,0.021735
690385630.000,CC,recording,knock_twice_right,8,1.255328,3.721153,8.818367,-0.018644,0.047513,0.019288
690385640.000,CC,recording,knock_twice_right,8,1.222368,3.691636,8.930890,-0.027390,0.063780,0.019112
690385650.000,CC,recording,knock_twice_right,8,1.232352,3.713639,8.939231,-0.032921,0.073713,0.016507
690385660.000,CC,recording,knock_twice_right,8,1.240443,3.708275,8.991351,-0.035763,0.076111,0.010730
690385670.000,CC,recording,knock_twice_right,8,1.224579,3.693027,9.004675,-0.033746,0.071815,0.002821
690385680.000,CC,recording,knock_twice_right,8,1.188116,3.690424,9.038570,-0.025835,0.059344,-0.005321
690385690.000,CC,recording,knock_twice_right,8,1.106534,3.645340,9.046861,-0.015223,0.039283,-0.013860
690385700.000,CC,recording,knock_twice_right,8,1.126146,3.600195,9.000867,-0.002658,0.012845,-0.027940
690385710.000,CC,recording,knock_twice_right,8,1.225648,3.612099,8.996157,0.010231,-0.023807,-0.051883
690385720.000,CC,recording,knock_twice_right,8,1.257282,3.679427,9.043652,0.021814,-0.072235,-0.085498
690385730.000,CC,recording,knock_twice_right,8,1.369415,3.696826,9.183392,0.037500,-0.120018,-0.124614
690385740.000,CC,recording,knock_twice_right,8,1.261092,3.696246,9.273234,0.060666,-0.156942,-0.151909
690385750.000,CC,recording,knock_twice_right,8,0.871632,3.614704,8.921250,0.083868,-0.182653,-0.155912
690385760.000,CC,recording,knock_twice_right,8,0.067154,3.455406,8.261288,0.078303,-0.188142,-0.116131
690385770.000,CC,recording,knock_twice_right,8,-1.778025,3.176352,7.203982,-0.001361,-0.196228,0.025279
690385780.000,CC,recording,knock_twice_right,8,-1.936299,3.284183,7.411335,-0.126962,-0.238684,0.257722
690385790.000,CC,recording,knock_twice_right,8,-0.385456,3.122457,8.484123,-0.222478,-0.293028,0.457927
690385800.000,CC,recording,knock_twice_right,8,1.896501,3.233190,9.303768,-0.250547,-0.316206,0.520541
690385810.000,CC,recording,knock_twice_right,8,3.513315,3.627718,10.531576,-0.196073,-0.275938,0.435589
690385820.000,CC,recording,knock_twice_right,8,4.337390,3.872919,10.975266,-0.085534,-0.173725,0.252089
690385830.000,CC,recording,knock_twice_right,8,4.067806,3.923425,10.735485,0.020046,-0.028451,0.043131
690385840.000,CC,recording,knock_twice_right,8,3.477096,3.877041,10.340828,0.081320,0.165984,-0.128867
690385850.000,CC,recording,knock_twice_right,8,2.936372,4.112772,10.072739,0.096249,0.401814,-0.245017
690385860.000,CC,recording,knock_twice_right,8,2.336759,4.000834,9.647123,0.070745,0.648445,-0.304366
690385870.000,CC,recording,knock_twice_right,8,1.243519,3.626166,8.767895,-0.007457,0.880697,-0.279057
690385880.000,CC,recording,knock_twice_right,8,-0.004240,3.729885,8.124095,-0.130367,1.041271,-0.164104
690385890.000,CC,recording,knock_twice_right,8,-0.214830,4.109767,8.384186,-0.238326,1.081022,-0.034144
690385900.000,CC,recording,knock_twice_right,8,0.571599,4.051817,9.023049,-0.275982,1.006131,0.030257
690385910.000,CC,recording,knock_twice_right,8,1.205532,3.952953,9.602926,-0.227907,0.849532,0.016017
690385920.000,CC,recording,knock_twice_right,8,1.385456,3.846522,9.749725,-0.113122,0.646565,-0.054332
690385930.000,CC,recording,knock_twice_right,8,1.371173,3.738798,9.684822,0.030793,0.419366,-0.156691
690385940.000,CC,recording,knock_twice_right,8,0.994150,3.676727,9.484730,0.172197,0.185108,-0.247091
690385950.000,CC,recording,knock_twice_right,8,0.226866,3.613455,8.924896,0.281108,-0.042043,-0.286976
690385960.000,CC,recording,knock_twice_right,8,-0.433964,3.530180,8.175121,0.334215,-0.249231,-0.269321
690385970.000,CC,recording,knock_twice_right,8,-0.569316,3.481291,7.809716,0.334545,-0.417739,-0.209153
690385980.000,CC,recording,knock_twice_right,8,-0.619702,3.426033,7.603576,0.307104,-0.561594,-0.127971
690385990.000,CC,recording,knock_twice_right,8,-1.499700,3.368115,7.294392,0.247748,-0.700430,0.011655
690386000.000,CC,recording,knock_twice_right,8,-2.916138,3.256962,6.308080,0.113676,-0.818291,0.224522
690386010.000,CC,recording,knock_twice_right,8,-0.277088,3.056072,7.123783,-0.037752,-0.878823,0.390275
690386020.000,CC,recording,knock_twice_right,8,2.273257,3.271812,9.440581,-0.094886,-0.848153,0.410555
690386030.000,CC,recording,knock_twice_right,8,3.663632,3.762848,10.693731,-0.047404,-0.713267,0.296470
690386040.000,CC,recording,knock_twice_right,8,4.215790,3.628446,11.150411,0.047939,-0.477448,0.113433
690386050.000,CC,recording,knock_twice_right,8,3.595517,3.352669,10.667225,0.119428,-0.173660,-0.046270
690386060.000,CC,recording,knock_twice_right,8,1.885412,3.388983,9.602323,0.120205,0.137888,-0.119881
690386070.000,CC,recording,knock_twice_right,8,0.644153,3.289494,8.797934,0.046254,0.402133,-0.086636
690386080.000,CC,recording,knock_twice_right,8,-0.159474,3.561119,8.256294,-0.076798,0.576587,0.022765
690386090.000,CC,recording,knock_twice_right,8,-0.040844,3.577615,8.444284,-0.190683,0.630775,0.131647
690386100.000,CC,recording,knock_twice_right,8,0.570754,3.692450,9.211799,-0.234282,0.574230,0.182296
690386110.000,CC,recording,knock_twice_right,8,1.200425,3.656494,9.825986,-0.184929,0.446508,0.161684
690386120.000,CC,recording,knock_twice_right,8,1.405881,3.519507,10.095877,-0.066489,0.290170,0.097808
690386130.000,CC,recording,knock_twice_right,8,0.966547,3.537082,9.816985,0.068231,0.143984,0.033909
690386140.000,CC,recording,knock_twice_right,8,0.535439,3.514733,9.119718,0.165566,0.033092,0.001718
690386150.000,CC,recording,knock_twice_right,8,0.242575,3.608877,8.467710,0.197739,-0.034635,0.011695
690386160.000,CC,recording,knock_twice_right,8,0.246713,3.705115,8.116235,0.169208,-0.059523,0.046050
690386170.000,CC,recording,knock_twice_right,8,0.498785,3.795926,8.071360,0.102887,-0.054034,0.079940
690386180.000,CC,recording,knock_twice_right,8,0.785959,3.846708,8.268318,0.030596,-0.036866,0.100583
690386190.000,CC,recording,knock_twice_right,8,1.064932,3.875240,8.626529,-0.024692,-0.018173,0.102628
690386200.000,CC,recording,knock_twice_right,8,1.324300,3.863141,8.830482,-0.056461,-0.001259,0.087338
690386210.000,CC,recording,knock_twice_right,8,1.287575,3.850573,8.956950,-0.070412,0.006497,0.063868
690386220.000,CC,recording,knock_twice_right,8,1.113101,3.863007,9.029736,-0.073783,-0.002802,0.044494
690386230.000,CC,recording,knock_twice_right,8,0.939235,3.829242,9.087836,-0.071075,-0.022792,0.034439
690386240.000,CC,recording,knock_twice_right,8,1.009852,3.759163,9.228988,-0.062064,-0.038385,0.031205
690386250.000,CC,recording,knock_twice_right,8,1.213484,3.763953,9.333486,-0.045332,-0.041825,0.025929
690386260.000,CC,recording,knock_twice_right,8,1.346652,3.762861,9.315264,-0.026804,-0.037430,0.012185
690386270.000,CC,recording,knock_twice_right,8,1.329980,3.769923,9.177189,-0.015435,-0.032128,-0.006649
690386280.000,CC,recording,knock_twice_right,8,1.213625,3.730522,9.059534,-0.016880,-0.026875,-0.023094
690386290.000,CC,recording,knock_twice_right,8,1.063672,3.658956,9.027949,-0.026171,-0.014860,-0.031386
690386300.000,CC,recording,knock_twice_right,8,1.110220,3.613871,9.172619,-0.031318,0.005926,-0.035753
690386310.000,CC,recording,knock_twice_right,8,1.100646,3.576551,9.218204,-0.028298,0.025209,-0.039304
690386320.000,CC,recording,knock_twice_right,8,0.918538,3.570689,9.105558,-0.022008,0.033499,-0.038648
690386330.000,CC,recording,knock_twice_right,8,0.817210,3.561365,8.972092,-0.016204,0.027014,-0.032495
690386340.000,CC,recording,knock_twice_right,8,0.706935,3.549667,8.915835,-0.010251,0.004423,-0.021861
690386350.000,CC,recording,knock_twice_right,8,0.722087,3.581376,8.947058,-0.003796,-0.027355,-0.010755
690386360.000,CC,recording,knock_twice_right,8,0.808429,3.611253,8.978355,0.000936,-0.056807,-0.002416
690386370.000,CC,recording,knock_twice_right,8,0.970126,3.663503,9.053096,0.004434,-0.073921,0.000642
690386380.000,CC,recording,knock_twice_right,8,1.121377,3.677982,9.080148,0.006453,-0.073706,-0.001351
690386390.000,CC,recording,knock_twice_right,8,1.161662,3.662889,9.078386,0.005843,-0.061591,-0.005458
690386400.000,CC,recording,knock_twice_right,8,1.119296,3.682717,9.088470,0.004443,-0.047012,-0.009044
690386410.000,CC,recording,knock_twice_right,8,1.144482,3.724692,9.076275,0.002677,-0.033989,-0.012826
690386420.000,CC,recording,knock_twice_right,8,1.187012,3.731665,9.098813,0.001199,-0.023305,-0.019622
690386430.000,CC,recording,knock_twice_right,8,1.206086,3.735111,9.111478,0.002201,-0.016639,-0.029633
690386440.000,CC,recording,knock_twice_right,8,1.161769,3.727534,9.114360,0.006815,-0.013846,-0.040792
690386450.000,CC,recording,knock_twice_right,8,1.117950,3.738454,9.031196,0.011179,-0.011784,-0.050529
690386460.000,CC,recording,knock_twice_right,8,1.051901,3.720771,8.969600,0.010625,-0.010175,-0.058239
690386470.000,CC,recording,knock_twice_right,8,0.949027,3.711220,8.917149,0.005428,-0.011623,-0.062599
690386480.000,CC,recording,knock_twice_right,8,0.918158,3.691550,8.915350,-0.002539,-0.012315,-0.064512
690386490.000,CC,recording,knock_twice_right,8,1.002164,3.669118,8.976326,-0.009531,-0.004006,-0.068028
690386500.000,CC,recording,knock_twice_right,8,1.009088,3.624658,9.002494,-0.013293,0.010349,-0.072439
690386510.000,CC,recording,knock_twice_right,8,0.870061,3.613497,9.012747,-0.015153,0.020519,-0.073336
690386520.000,CC,recording,knock_twice_right,8,0.773091,3.586967,8.939072,-0.017215,0.019967,-0.069068
690386530.000,CC,recording,knock_twice_right,8,0.707108,3.575157,8.901278,-0.021121,0.006645,-0.060221
690386540.000,CC,recording,knock_twice_right,8,0.676416,3.571743,8.969396,-0.021961,-0.012857,-0.049304
690386550.000,CC,recording,knock_twice_right,8,0.763242,3.538137,9.089689,-0.015181,-0.028460,-0.040587
690386560.000,CC,recording,knock_twice_right,8,0.845632,3.542183,9.119913,-0.005882,-0.036083,-0.035803
690386570.000,CC,recording,knock_twice_right,8,0.835845,3.554682,9.071403,-0.000599,-0.038444,-0.032719
690386580.000,CC,recording,knock_twice_right,8,0.784104,3.557203,9.001228,-0.000602,-0.038953,-0.026223
690386590.000,CC,recording,knock_twice_right,8,0.737530,3.558044,8.989323,-0.004196,-0.040082,-0.015272
690386600.000,CC,recording,knock_twice_right,8,0.772075,3.566287,9.024887,-0.007698,-0.041815,-0.004473
690386610.000,CC,recording,knock_twice_right,8,0.926559,3.605941,9.106813,-0.007473,-0.040784,0.001107
690386620.000,CC,recording,knock_twice_right,8,1.087329,3.633887,9.123416,-0.004611,-0.034858,-0.000828
690386630.000,CC,recording,knock_twice_right,8,1.057623,3.637171,9.120828,-0.003084,-0.025140,-0.005745
690386640.000,CC,recording,knock_twice_right,8,0.930246,3.636929,9.077744,-0.004528,-0.016589,-0.007547
690386650.000,CC,recording,knock_twice_right,8,0.859923,3.646496,9.035416,-0.007644,-0.013800,-0.004277
690386660.000,CC,recording,knock_twice_right,8,0.842227,3.666356,9.041432,-0.009186,-0.015807,0.001521
690386670.000,CC,recording,knock_twice_right,8,0.977462,3.685698,9.083652,-0.007012,-0.017607,0.003818
690386680.000,CC,recording,knock_twice_right,8,1.127411,3.701327,9.118978,-0.001663,-0.014181,0.000272
690386690.000,CC,recording,knock_twice_right,8,1.109719,3.690348,9.120097,0.004484,-0.005924,-0.005540
690386700.000,CC,recording,knock_twice_right,8,0.970309,3.694193,9.016301,0.006551,0.001196,-0.008283
690386710.000,CC,recording,knock_twice_right,8,0.869645,3.698259,8.913990,0.002832,0.001716,-0.006527
690386720.000,CC,recording,knock_twice_right,8,0.890340,3.699868,8.907640,-0.003546,-0.005329,-0.003584
690386730.000,CC,recording,knock_twice_right,8,0.984067,3.724381,8.998456,-0.007135,-0.014671,-0.003720
690386740.000,CC,recording,knock_twice_right,8,1.063123,3.711957,9.068554,-0.005870,-0.022480,-0.009473
690386750.000,CC,recording,knock_twice_right,8,1.094904,3.717365,9.070892,-0.004866,-0.026387,-0.016948
690386760.000,CC,recording,knock_twice_right,8,1.014280,3.699521,9.037564,-0.007015,-0.023990,-0.020246
690386770.000,CC,recording,knock_twice_right,8,0.922925,3.647064,9.060403,-0.009802,-0.018471,-0.016915
690386780.000,CC,recording,knock_twice_right,8,0.916540,3.614779,9.105737,-0.011018,-0.012543,-0.009872
690386790.000,CC,recording,knock_twice_right,8,1.036551,3.645928,9.145115,-0.009701,-0.004177,-0.007044
690386800.000,CC,recording,knock_twice_right,8,1.121789,3.647702,9.141838,-0.005710,0.004351,-0.009968
690386810.000,CC,recording,knock_twice_right,8,1.069186,3.663834,9.113753,-0.001293,0.006828,-0.014403
690386820.000,CC,recording,knock_twice_right,8,1.010136,3.680458,9.066068,0.003267,0.001580,-0.018538
690386830.000,CC,recording,knock_twice_right,8,0.931228,3.663712,9.021471,0.007710,-0.008040,-0.020698
690386840.000,CC,recording,knock_twice_right,8,0.924787,3.616453,9.037708,0.011791,-0.017797,-0.020333
690386850.000,CC,recording,knock_twice_right,8,0.938983,3.626437,9.048067,0.015912,-0.025140,-0.017609
690386860.000,CC,recording,knock_twice_right,8,0.960403,3.606132,9.040078,0.018373,-0.028738,-0.014411
690386870.000,CC,recording,knock_twice_right,8,0.988877,3.597036,8.995506,0.018949,-0.028207,-0.012456
690386880.000,CC,recording,knock_twice_right,8,1.017533,3.606674,8.972847,0.017062,-0.022224,-0.012085
690386890.000,CC,recording,knock_twice_right,8,1.020052,3.612448,8.882857,0.011027,-0.013171,-0.012821
690386900.000,CC,recording,knock_twice_right,8,0.975509,3.605163,8.838841,0.001840,-0.006583,-0.012318
690386910.000,CC,recording,knock_twice_right,8,0.947443,3.608457,8.858231,-0.008347,-0.004753,-0.011359
690386920.000,CC,recording,knock_twice_right,8,0.955396,3.580567,8.914126,-0.017062,-0.006820,-0.010575
690386930.000,CC,recording,knock_twice_right,8,0.991565,3.586736,8.980750,-0.021237,-0.010569,-0.010695
690386940.000,CC,recording,knock_twice_right,8,1.041193,3.601320,9.045980,-0.020372,-0.013204,-0.013618
690386950.000,CC,recording,knock_twice_right,8,1.034371,3.598269,9.042546,-0.017365,-0.013904,-0.017024
690386960.000,CC,recording,knock_twice_right,8,0.961165,3.582467,9.006529,-0.015360,-0.013564,-0.017072
690386970.000,CC,recording,knock_twice_right,8,0.889093,3.593607,8.989836,-0.014969,-0.013539,-0.012146
690386980.000,CC,recording,knock_twice_right,8,0.870948,3.599654,9.032239,-0.014696,-0.015337,-0.004707
690386990.000,CC,recording,knock_twice_right,8,0.949854,3.628842,9.049657,-0.013029,-0.017533,-0.000315
690387000.000,CC,recording,knock_twice_right,8,1.026661,3.641285,9.077695,-0.010206,-0.018201,-0.000682
690387010.000,CC,recording,knock_twice_right,8,1.029216,3.651103,9.089256,-0.008340,-0.016095,-0.002670
690387020.000,CC,recording,knock_twice_right,8,1.003435,3.653633,9.058640,-0.010254,-0.010148,-0.003826
690387030.000,CC,recording,knock_twice_right,8,0.969865,3.649950,9.034724,-0.014503,-0.003053,-0.003299
690387040.000,CC,recording,knock_twice_right,8,0.949612,3.655438,9.017622,-0.018468,0.001754,-0.001813
690387050.000,CC,recording,knock_twice_right,8,0.944459,3.682302,9.041386,-0.021718,0.003984,-0.000695
690387060.000,CC,recording,knock_twice_right,8,0.956119,3.665979,9.081368,-0.022884,0.002901,0.000310
690387070.000,CC,recording,knock_twice_right,8,0.950332,3.650499,9.120978,-0.020227,-0.000556,0.001102
690387080.000,CC,recording,knock_twice_right,8,0.967341,3.661149,9.130268,-0.015858,-0.003374,0.001986
690387090.000,CC,recording,knock_twice_right,8,0.986883,3.673900,9.099272,-0.013167,-0.004226,0.001989
690387100.000,CC,recording,knock_twice_right,8,0.996392,3.650205,9.112675,-0.010765,-0.003939,0.001359
690387110.000,CC,recording,knock_twice_right,8,0.992211,3.625817,9.124342,-0.007713,-0.003441,0.000970
690387120.000,CC,recording,knock_twice_right,8,0.994997,3.615478,9.136998,-0.004501,-0.002425,0.000811
690387130.000,CC,recording,knock_twice_right,8,0.981411,3.611907,9.150176,-0.000327,0.000172,0.001983
690387140.000,CC,recording,knock_twice_right,8,0.961848,3.594640,9.121264,0.004533,0.004739,0.004795
690387150.000,CC,recording,knock_twice_right,8,0.948096,3.595248,9.099366,0.008186,0.008410,0.008959
690387160.000,CC,recording,knock_twice_right,8,0.942388,3.612391,9.085733,0.011182,0.008175,0.012318
690387170.000,CC,recording,knock_twice_right,8,0.991235,3.656576,9.035978,0.013478,0.004552,0.012706
690387180.000,CC,recording,knock_twice_right,8,1.014654,3.659469,8.985636,0.012868,-0.001692,0.011535
690387190.000,CC,recording,knock_twice_right,8,1.036509,3.670506,8.979470,0.010162,-0.007790,0.009547
690387200.000,CC,recording,knock_twice_right,8,1.071054,3.655186,8.989542,0.007035,-0.009440,0.005666
690387210.000,CC,recording,knock_twice_right,8,1.067883,3.655827,8.987639,0.003122,-0.006230,0.001114
690387220.000,CC,recording,knock_twice_right,9,1.053151,3.636402,8.978972,-0.002538,-0.000276,-0.001581
690387230.000,CC,recording,knock_twice_right,9,1.015143,3.607995,8.980681,-0.007525,0.004151,-0.000748
690387240.000,CC,recording,knock_twice_right,9,0.987474,3.598922,9.013115,-0.009274,0.003983,0.001842
690387250.000,CC,recording,knock_twice_right,9,1.017562,3.596730,9.035772,-0.006807,-0.002145,0.003118
690387260.000,CC,recording,knock_twice_right,9,1.069171,3.602307,9.064954,-0.001508,-0.013586,0.002583
690387270.000,CC,recording,knock_twice_right,9,1.067602,3.605759,9.076861,0.003561,-0.023980,0.000850
690387280.000,CC,recording,knock_twice_right,9,1.086489,3.611253,9.066242,0.007150,-0.028219,-0.000926
690387290.000,CC,recording,knock_twice_right,9,1.089551,3.627433,9.065857,0.008883,-0.025688,-0.002338
690387300.000,CC,recording,knock_twice_right,9,1.075615,3.634130,9.035517,0.008337,-0.019857,-0.003058
690387310.000,CC,recording,knock_twice_right,9,1.064810,3.637685,9.034609,0.005047,-0.013494,-0.002351
690387320.000,CC,recording,knock_twice_right,9,1.077333,3.650033,9.007014,0.000989,-0.009106,-0.002542
690387330.000,CC,recording,knock_twice_right,9,1.080436,3.658478,9.014186,-0.000938,-0.010038,-0.005557
690387340.000,CC,recording,knock_twice_right,9,1.090841,3.669973,9.058950,0.000072,-0.013466,-0.010754
690387350.000,CC,recording,knock_twice_right,9,1.094331,3.664717,9.053406,0.002442,-0.014218,-0.016728
690387360.000,CC,recording,knock_twice_right,9,1.076791,3.638863,9.044293,0.004058,-0.012693,-0.021205
690387370.000,CC,recording,knock_twice_right,9,1.022955,3.623147,8.991724,0.003038,-0.010181,-0.022612
690387380.000,CC,recording,knock_twice_right,9,0.943299,3.639038,8.973106,-0.001317,-0.008006,-0.019497
690387390.000,CC,recording,knock_twice_right,9,0.924259,3.606470,9.001088,-0.006011,-0.009419,-0.014563
690387400.000,CC,recording,knock_twice_right,9,0.933467,3.611472,9.006905,-0.007711,-0.012900,-0.011327
690387410.000,CC,recording,knock_twice_right,9,0.976990,3.605157,9.046306,-0.006461,-0.017403,-0.009870
690387420.000,CC,recording,knock_twice_right,9,1.021847,3.604261,9.080863,-0.002495,-0.021644,-0.011520
690387430.000,CC,recording,knock_twice_right,9,0.986016,3.575050,9.096147,0.002634,-0.021840,-0.014035
690387440.000,CC,recording,knock_twice_right,9,0.933515,3.584472,9.069725,0.005707,-0.018907,-0.013404
690387450.000,CC,recording,knock_twice_right,9,0.866659,3.588593,9.009607,0.004786,-0.014797,-0.009126
690387460.000,CC,recording,knock_twice_right,9,0.849864,3.598625,9.018259,0.000090,-0.012778,-0.002709
690387470.000,CC,recording,knock_twice_right,9,0.914985,3.612205,9.034292,-0.004313,-0.013511,0.002621
690387480.000,CC,recording,knock_twice_right,9,0.948466,3.626222,9.093064,-0.006257,-0.013719,0.005509
690387490.000,CC,recording,knock_twice_right,9,0.993577,3.645511,9.157447,-0.005237,-0.011678,0.006018
690387500.000,CC,recording,knock_twice_right,9,1.046945,3.634770,9.182146,-0.000882,-0.006084,0.004273
690387510.000,CC,recording,knock_twice_right,9,1.013185,3.659136,9.165546,0.004555,0.001051,0.002607
690387520.000,CC,recording,knock_twice_right,9,1.020428,3.669768,9.109423,0.008257,0.007197,0.001791
690387530.000,CC,recording,knock_twice_right,9,1.018680,3.676517,9.071855,0.009721,0.012050,0.000461
690387540.000,CC,recording,knock_twice_right,9,1.023962,3.690384,9.062124,0.010247,0.014988,-0.001581
690387550.000,CC,recording,knock_twice_right,9,1.001420,3.683379,9.047988,0.009465,0.017057,-0.002744
690387560.000,CC,recording,knock_twice_right,9,0.993818,3.670566,9.019669,0.007375,0.019095,-0.001473
690387570.000,CC,recording,knock_twice_right,9,1.007721,3.686254,9.020360,0.004386,0.019695,0.000487
690387580.000,CC,recording,knock_twice_right,9,1.043083,3.689215,9.021211,0.000965,0.018061,0.000811
690387590.000,CC,recording,knock_twice_right,9,1.048235,3.666212,9.024413,-0.000640,0.014940,0.000496
690387600.000,CC,recording,knock_twice_right,9,1.054550,3.659907,9.049675,0.000504,0.011141,-0.001178
690387610.000,CC,recording,knock_twice_right,9,1.085037,3.661229,9.059180,0.002689,0.009062,-0.003257
690387620.000,CC,recording,knock_twice_right,9,1.049132,3.621381,9.060164,0.004911,0.009965,-0.003631
690387630.000,CC,recording,knock_twice_right,9,1.023066,3.645753,9.083090,0.007068,0.011041,-0.002333
690387640.000,CC,recording,knock_twice_right,9,1.055474,3.631657,9.071736,0.008967,0.012052,-0.000242
690387650.000,CC,recording,knock_twice_right,9,1.080894,3.609627,9.067911,0.010938,0.011348,0.000695
690387660.000,CC,recording,knock_twice_right,9,1.081154,3.611459,9.070418,0.013991,0.006999,0.000022
690387670.000,CC,recording,knock_twice_right,9,1.072812,3.627641,9.060673,0.018013,0.001481,-0.000756
690387680.000,CC,recording,knock_twice_right,9,1.014939,3.614419,9.005333,0.020994,-0.002222,-0.001403
690387690.000,CC,recording,knock_twice_right,9,0.991980,3.608125,8.977777,0.022656,-0.003434,-0.001729
690387700.000,CC,recording,knock_twice_right,9,0.993994,3.596931,8.933471,0.022896,-0.005051,-0.000610
690387710.000,CC,recording,knock_twice_right,9,0.992903,3.605522,8.912022,0.021615,-0.007785,0.000157
690387720.000,CC,recording,knock_twice_right,9,1.002466,3.618450,8.906273,0.019018,-0.011592,-0.000010
690387730.000,CC,recording,knock_twice_right,9,0.999177,3.612122,8.887653,0.015757,-0.017234,-0.000707
690387740.000,CC,recording,knock_twice_right,9,1.025866,3.624666,8.883319,0.011219,-0.024698,-0.002373
690387750.000,CC,recording,knock_twice_right,9,1.062899,3.627417,8.895535,0.005651,-0.031103,-0.005624
690387760.000,CC,recording,knock_twice_right,9,1.058286,3.601320,8.997032,0.001846,-0.032582,-0.009787
690387770.000,CC,recording,knock_twice_right,9,1.059670,3.564322,9.087444,0.003326,-0.029472,-0.011841
690387780.000,CC,recording,knock_twice_right,9,0.994710,3.560176,9.111149,0.008286,-0.026848,-0.010606
690387790.000,CC,recording,knock_twice_right,9,0.945978,3.558503,9.055381,0.012226,-0.028877,-0.007592
690387800.000,CC,recording,knock_twice_right,9,0.966427,3.557547,9.055375,0.015101,-0.034297,-0.003082
690387810.000,CC,recording,knock_twice_right,9,0.967005,3.580082,9.074666,0.018522,-0.039011,0.001216
690387820.000,CC,recording,knock_twice_right,9,1.023064,3.605248,9.082657,0.023195,-0.041075,0.003182
690387830.000,CC,recording,knock_twice_right,9,1.068093,3.658403,9.076132,0.025082,-0.039359,0.002427
690387840.000,CC,recording,knock_twice_right,9,1.119103,3.689430,9.037174,0.021660,-0.033270,-0.001005
690387850.000,CC,recording,knock_twice_right,9,1.106391,3.718000,9.003999,0.014227,-0.024543,-0.004878
690387860.000,CC,recording,knock_twice_right,9,1.044608,3.699923,9.044447,0.007872,-0.017661,-0.006928
690387870.000,CC,recording,knock_twice_right,9,1.061562,3.721496,9.083950,0.006495,-0.016075,-0.008513
690387880.000,CC,recording,knock_twice_right,9,1.041094,3.709639,9.078074,0.009389,-0.016142,-0.008106
690387890.000,CC,recording,knock_twice_right,9,1.007908,3.703190,9.056507,0.013864,-0.015739,-0.006365
690387900.000,CC,recording,knock_twice_right,9,1.058998,3.764611,9.034985,0.015844,-0.013942,-0.005580
690387910.000,CC,recording,knock_twice_right,9,1.063333,3.746542,9.029564,0.014031,-0.011812,-0.006072
690387920.000,CC,recording,knock_twice_right,9,1.073704,3.749059,9.043216,0.011382,-0.010440,-0.006713
690387930.000,CC,recording,knock_twice_right,9,1.057123,3.737354,9.055016,0.009472,-0.007812,-0.006043
690387940.000,CC,recording,knock_twice_right,9,1.095790,3.692343,9.096086,0.008808,-0.003980,-0.006504
690387950.000,CC,recording,knock_twice_right,9,1.154862,3.713409,9.114321,0.010598,0.002409,-0.008460
690387960.000,CC,recording,knock_twice_right,9,1.126258,3.685625,9.143965,0.014348,0.012109,-0.011138
690387970.000,CC,recording,knock_twice_right,9,1.034953,3.666270,9.103549,0.017050,0.020904,-0.011137
690387980.000,CC,recording,knock_twice_right,9,0.976875,3.646914,9.018740,0.016288,0.027090,-0.006505
690387990.000,CC,recording,knock_twice_right,9,0.930417,3.650172,8.977367,0.012457,0.031316,0.000722
690388000.000,CC,recording,knock_twice_right,9,0.931045,3.656970,8.968836,0.008601,0.033632,0.008051
690388010.000,CC,recording,knock_twice_right,9,0.984757,3.656594,9.005119,0.008122,0.035135,0.012390
690388020.000,CC,recording,knock_twice_right,9,1.008258,3.643690,9.016010,0.010323,0.035127,0.014298
690388030.000,CC,recording,knock_twice_right,9,1.005599,3.638521,9.002604,0.013740,0.034427,0.016563
690388040.000,CC,recording,knock_twice_right,9,0.967367,3.631337,8.982198,0.017160,0.033270,0.019633
690388050.000,CC,recording,knock_twice_right,9,0.988585,3.634906,8.978105,0.020694,0.029357,0.022091
690388060.000,CC,recording,knock_twice_right,9,0.987354,3.640764,8.958591,0.024093,0.021415,0.022540
690388070.000,CC,recording,knock_twice_right,9,1.002208,3.656280,8.960203,0.026370,0.009501,0.021032
690388080.000,CC,recording,knock_twice_right,9,1.013944,3.648075,8.979402,0.029433,-0.007232,0.017285
690388090.000,CC,recording,knock_twice_right,9,1.097234,3.676105,8.977083,0.034188,-0.026906,0.006809
690388100.000,CC,recording,knock_twice_right,9,1.258961,3.679901,8.945396,0.035686,-0.047372,-0.017065
690388110.000,CC,recording,knock_twice_right,9,1.402497,3.717187,9.001035,0.036457,-0.077218,-0.052863
690388120.000,CC,recording,knock_twice_right,9,1.359640,3.778833,9.335326,0.052339,-0.122318,-0.095077
690388130.000,CC,recording,knock_twice_right,9,1.427157,3.719296,9.523746,0.089332,-0.174787,-0.134317
690388140.000,CC,recording,knock_twice_right,9,1.092022,3.700223,9.330123,0.139839,-0.219453,-0.161597
690388150.000,CC,recording,knock_twice_right,9,-0.210377,3.402805,8.283138,0.144100,-0.212855,-0.106616
690388160.000,CC,recording,knock_twice_right,9,-2.767156,3.129590,6.244169,0.009513,-0.174240,0.090779
690388170.000,CC,recording,knock_twice_right,9,-1.832458,3.192449,6.503741,-0.206057,-0.160434,0.351570
690388180.000,CC,recording,knock_twice_right,9,-0.673643,3.385756,8.004187,-0.363658,-0.175270,0.550079
690388190.000,CC,recording,knock_twice_right,9,1.332063,3.284657,8.963825,-0.407374,-0.225449,0.617823
690388200.000,CC,recording,knock_twice_right,9,2.650853,3.545666,10.245516,-0.320755,-0.289017,0.547327
690388210.000,CC,recording,knock_twice_right,9,3.977169,3.668312,11.181074,-0.140206,-0.319649,0.366156
690388220.000,CC,recording,knock_twice_right,9,4.127397,3.985361,10.986490,0.052173,-0.286756,0.139799
690388230.000,CC,recording,knock_twice_right,9,3.712024,3.944101,10.544096,0.187385,-0.171383,-0.052720
690388240.000,CC,recording,knock_twice_right,9,3.127560,4.213396,9.837530,0.239732,0.023435,-0.191819
690388250.000,CC,recording,knock_twice_right,9,3.157691,4.062083,9.520848,0.226040,0.269079,-0.297622
690388260.000,CC,recording,knock_twice_right,9,2.368890,3.904535,9.143641,0.170859,0.551125,-0.344349
690388270.000,CC,recording,knock_twice_right,9,1.056007,3.697878,8.269143,0.066936,0.827145,-0.295677
690388280.000,CC,recording,knock_twice_right,9,-0.007102,4.009489,7.527744,-0.093300,0.998825,-0.177785
690388290.000,CC,recording,knock_twice_right,9,-0.188542,4.307031,7.719552,-0.255282,1.015360,-0.063446
690388300.000,CC,recording,knock_twice_right,9,0.385123,4.276081,8.469536,-0.341268,0.902820,-0.005649
690388310.000,CC,recording,knock_twice_right,9,0.888625,3.929362,9.123139,-0.323834,0.706685,-0.014169
690388320.000,CC,recording,knock_twice_right,9,1.122647,3.774577,9.453728,-0.221451,0.453059,-0.074719
690388330.000,CC,recording,knock_twice_right,9,0.827444,3.683303,9.620162,-0.067924,0.156983,-0.149461
690388340.000,CC,recording,knock_twice_right,9,0.321134,3.566043,9.398652,0.093893,-0.139767,-0.199542
690388350.000,CC,recording,knock_twice_right,9,0.044604,3.419813,8.883214,0.220980,-0.382282,-0.208837
690388360.000,CC,recording,knock_twice_right,9,-0.071254,3.375545,8.307989,0.282233,-0.556715,-0.175837
690388370.000,CC,recording,knock_twice_right,9,-0.494220,3.365073,7.759594,0.277400,-0.680711,-0.104255
690388380.000,CC,recording,knock_twice_right,9,-1.974061,3.382523,6.790841,0.177204,-0.765239,0.069021
690388390.000,CC,recording,knock_twice_right,9,-2.725248,3.334034,5.805976,-0.030674,-0.820411,0.311805
690388400.000,CC,recording,knock_twice_right,9,0.997361,2.970272,7.945570,-0.215324,-0.817624,0.459346
690388410.000,CC,recording,knock_twice_right,9,2.851741,3.461966,10.172850,-0.262234,-0.716837,0.443193
690388420.000,CC,recording,knock_twice_right,9,4.396310,3.647994,11.381983,-0.193393,-0.521998,0.296858
690388430.000,CC,recording,knock_twice_right,9,4.336274,3.541772,11.527778,-0.079810,-0.262696,0.100489
690388440.000,CC,recording,knock_twice_right,9,3.546461,3.369188,11.130261,0.013016,0.018969,-0.064601
690388450.000,CC,recording,knock_twice_right,9,2.277695,3.498799,10.334162,0.049658,0.279898,-0.158283
690388460.000,CC,recording,knock_twice_right,9,1.296245,3.477911,9.824090,0.039765,0.485671,-0.178006
690388470.000,CC,recording,knock_twice_right,9,0.453865,3.417015,9.368346,-0.001863,0.633556,-0.119567
690388480.000,CC,recording,knock_twice_right,9,-0.059549,3.630698,8.723383,-0.068851,0.712118,-0.012311
690388490.000,CC,recording,knock_twice_right,9,0.214203,3.666233,8.856188,-0.124201,0.691003,0.077504
690388500.000,CC,recording,knock_twice_right,9,0.641584,3.774493,9.269733,-0.124379,0.584348,0.112894
690388510.000,CC,recording,knock_twice_right,9,1.027750,3.725867,9.504472,-0.064482,0.439173,0.096588
690388520.000,CC,recording,knock_twice_right,9,1.041428,3.622393,9.346955,0.024573,0.284873,0.055464
690388530.000,CC,recording,knock_twice_right,9,0.719381,3.651329,9.043675,0.107467,0.141500,0.021057
690388540.000,CC,recording,knock_twice_right,9,0.497630,3.646826,8.633338,0.156813,0.030771,0.009730
690388550.000,CC,recording,knock_twice_right,9,0.418339,3.620486,8.228606,0.158780,-0.035169,0.022011
690388560.000,CC,recording,knock_twice_right,9,0.437111,3.660753,8.067766,0.120888,-0.063012,0.052064
690388570.000,CC,recording,knock_twice_right,9,0.640309,3.751979,8.105481,0.059946,-0.072323,0.085078
690388580.000,CC,recording,knock_twice_right,9,0.883354,3.747293,8.318434,-0.001297,-0.076960,0.104088
690388590.000,CC,recording,knock_twice_right,9,1.205257,3.714355,8.643182,-0.041834,-0.085411,0.103012
690388600.000,CC,recording,knock_twice_right,9,1.277844,3.708050,8.924839,-0.056871,-0.100474,0.087159
690388610.000,CC,recording,knock_twice_right,9,1.329672,3.687240,9.117116,-0.052037,-0.114002,0.064293
690388620.000,CC,recording,knock_twice_right,9,1.306862,3.651545,9.178039,-0.037189,-0.120519,0.042056
690388630.000,CC,recording,knock_twice_right,9,1.244306,3.635694,9.155872,-0.024178,-0.118379,0.025247
690388640.000,CC,recording,knock_twice_right,9,1.245193,3.595160,9.193181,-0.018005,-0.102308,0.013523
690388650.000,CC,recording,knock_twice_right,9,1.333844,3.551280,9.200006,-0.017544,-0.075600,0.002834
690388660.000,CC,recording,knock_twice_right,9,1.334991,3.570036,9.216417,-0.022126,-0.048118,-0.009815
690388670.000,CC,recording,knock_twice_right,9,1.308962,3.558926,9.197722,-0.028850,-0.021966,-0.024300
690388680.000,CC,recording,knock_twice_right,9,1.226503,3.463562,9.196227,-0.033582,0.000752,-0.037167
690388690.000,CC,recording,knock_twice_right,9,0.982051,3.412127,9.157147,-0.035279,0.010674,-0.042006
690388700.000,CC,recording,knock_twice_right,9,0.792821,3.396275,9.143197,-0.033353,0.006769,-0.037525
690388710.000,CC,recording,knock_twice_right,9,0.814460,3.372635,9.173664,-0.025923,-0.001775,-0.028882
690388720.000,CC,recording,knock_twice_right,9,0.833764,3.344970,9.204426,-0.012594,-0.010826,-0.018232
690388730.000,CC,recording,knock_twice_right,9,0.740808,3.379095,9.206128,0.004623,-0.022113,-0.003651
690388740.000,CC,recording,knock_twice_right,9,0.702370,3.427877,9.081084,0.020139,-0.036160,0.014567
690388750.000,CC,recording,knock_twice_right,9,0.694629,3.472537,8.988990,0.029297,-0.053415,0.033862
690388760.000,CC,recording,knock_twice_right,9,0.793906,3.536713,8.971080,0.033855,-0.071678,0.050403
690388770.000,CC,recording,knock_twice_right,9,0.981642,3.619525,8.995965,0.035099,-0.084680,0.060056
690388780.000,CC,recording,knock_twice_right,9,1.138366,3.673440,8.972326,0.032179,-0.089109,0.060332
690388790.000,CC,recording,knock_twice_right,9,1.196301,3.720466,8.965919,0.024895,-0.086956,0.055892
690388800.000,CC,recording,knock_twice_right,9,1.202760,3.703369,9.001438,0.015549,-0.080415,0.051652
690388810.000,CC,recording,knock_twice_right,9,1.183788,3.698535,9.076236,0.008416,-0.073252,0.048288
690388820.000,CC,recording,knock_twice_right,9,1.278500,3.721284,9.189250,0.008455,-0.063988,0.042355
690388830.000,CC,recording,knock_twice_right,9,1.407660,3.708365,9.250543,0.014887,-0.047800,0.029591
690388840.000,CC,recording,knock_twice_right,9,1.404913,3.698451,9.169521,0.019718,-0.028562,0.012467
690388850.000,CC,recording,knock_twice_right,9,1.260100,3.712399,9.040845,0.017907,-0.013159,-0.001754
690388860.000,CC,recording,knock_twice_right,9,1.119278,3.668243,8.939481,0.010626,-0.003314,-0.007569
690388870.000,CC,recording,knock_twice_right,9,1.036629,3.630756,8.946725,0.000980,0.000044,-0.008102
690388880.000,CC,recording,knock_twice_right,9,1.050696,3.620969,9.027503,-0.005842,-0.002395,-0.007671
690388890.000,CC,recording,knock_twice_right,9,1.132275,3.587924,9.103679,-0.005287,-0.003076,-0.009433
690388900.000,CC,recording,knock_twice_right,9,1.132937,3.552360,9.090188,-0.000093,-0.000054,-0.012918
690388910.000,CC,recording,knock_twice_right,9,1.008493,3.529109,9.037793,0.004087,0.002485,-0.011695
690388920.000,CC,recording,knock_twice_right,9,0.905733,3.493259,9.002855,0.003314,-0.000326,-0.004120
690388930.000,CC,recording,knock_twice_right,9,0.909969,3.507473,9.008751,0.001273,-0.008513,0.005102
690388940.000,CC,recording,knock_twice_right,9,1.011033,3.514746,9.088668,0.002421,-0.016927,0.012299
690388950.000,CC,recording,knock_twice_right,9,1.152505,3.510242,9.093121,0.005226,-0.023034,0.016082
690388960.000,CC,recording,knock_twice_right,9,1.132295,3.549427,9.064615,0.007089,-0.024731,0.017436
690388970.000,CC,recording,knock_twice_right,9,1.095325,3.525834,9.041323,0.007156,-0.021609,0.019913
690388980.000,CC,recording,knock_twice_right,9,1.099716,3.549201,9.096238,0.007237,-0.019399,0.024448
690388990.000,CC,recording,knock_twice_right,9,1.209203,3.608615,9.152033,0.011572,-0.019509,0.025100
690389000.000,CC,recording,knock_twice_right,9,1.357403,3.616684,9.165263,0.021435,-0.017571,0.019364
690389010.000,CC,recording,knock_twice_right,9,1.312816,3.607847,9.128452,0.031547,-0.015682,0.012570
690389020.000,CC,recording,knock_twice_right,9,1.198623,3.627250,9.001283,0.037307,-0.017774,0.008744
690389030.000,CC,recording,knock_twice_right,9,1.139231,3.672901,8.925008,0.037288,-0.023647,0.007383
690389040.000,CC,recording,knock_twice_right,9,1.199061,3.695552,8.861231,0.031141,-0.030165,0.005402
690389050.000,CC,recording,knock_twice_right,9,1.276905,3.695859,8.877230,0.023689,-0.032873,0.000710
690389060.000,CC,recording,knock_twice_right,9,1.305591,3.673981,8.974592,0.019719,-0.032281,-0.006860
690389070.000,CC,recording,knock_twice_right,9,1.291276,3.663209,9.065365,0.021829,-0.032385,-0.016184
690389080.000,CC,recording,knock_twice_right,9,1.245473,3.643727,9.058476,0.026930,-0.032632,-0.023052
690389090.000,CC,recording,knock_twice_right,9,1.156546,3.635011,8.976950,0.027632,-0.028007,-0.025077
690389100.000,CC,recording,knock_twice_right,9,1.079638,3.602067,8.911906,0.023584,-0.019874,-0.023332
690389110.000,CC,recording,knock_twice_right,9,1.045067,3.620181,8.886013,0.016958,-0.014726,-0.018036
690389120.000,CC,recording,knock_twice_right,9,1.051836,3.630031,8.886819,0.008953,-0.014735,-0.012571
690389130.000,CC,recording,knock_twice_right,9,1.100786,3.638047,8.874681,0.001579,-0.018581,-0.010486
690389140.000,CC,recording,knock_twice_right,9,1.143951,3.638590,8.929404,-0.004197,-0.020511,-0.012581
690389150.000,CC,recording,knock_twice_right,9,1.199859,3.630947,9.005724,-0.007089,-0.017191,-0.017410
690389160.000,CC,recording,knock_twice_right,9,1.162143,3.588115,9.039474,-0.007268,-0.011277,-0.020985
690389170.000,CC,recording,knock_twice_right,9,1.048071,3.608305,9.023569,-0.009076,-0.005448,-0.020403
690389180.000,CC,recording,knock_twice_right,9,1.013221,3.596065,8.965366,-0.013325,-0.000676,-0.016080
690389190.000,CC,recording,knock_twice_right,9,1.024111,3.574947,8.983288,-0.016600,0.002977,-0.011638
690389200.000,CC,recording,knock_twice_right,9,1.112048,3.579388,9.040242,-0.017388,0.005792,-0.008862
690389210.000,CC,recording,knock_twice_right,9,1.129086,3.567970,9.103317,-0.015523,0.007206,-0.007108
690389220.000,CC,recording,knock_twice_right,9,1.093857,3.572063,9.078772,-0.012230,0.007284,-0.006510
690389230.000,CC,recording,knock_twice_right,9,1.088313,3.584265,9.070290,-0.009613,0.006183,-0.005835
690389240.000,CC,recording,knock_twice_right,9,1.121970,3.586867,9.126904,-0.005863,0.005473,-0.005920
690389250.000,CC,recording,knock_twice_right,9,1.160625,3.571252,9.105142,-0.000188,0.006418,-0.007088
690389260.000,CC,recording,knock_twice_right,9,1.113061,3.571810,9.047589,0.004540,0.004651,-0.007080
690389270.000,CC,recording,knock_twice_right,9,1.032030,3.580093,8.953810,0.005133,-0.001445,-0.003640
690389280.000,CC,recording,knock_twice_right,9,1.033512,3.576813,8.934266,0.002415,-0.006442,0.002848
690389290.000,CC,recording,knock_twice_right,9,1.106162,3.600677,8.981747,-0.000588,-0.006323,0.007360
690389300.000,CC,recording,knock_twice_right,9,1.221488,3.612256,9.004957,-0.003393,-0.001868,0.006916
690389310.000,CC,recording,knock_twice_right,9,1.233160,3.618906,8.984899,-0.006856,0.002911,0.004075
690389320.000,CC,recording,knock_twice_right,9,1.193751,3.631680,8.959275,-0.011040,0.004154,0.001642
690389330.000,CC,recording,knock_twice_right,9,1.160354,3.646942,8.973834,-0.013346,0.001347,0.000220
690389340.000,CC,recording,knock_twice_right,9,1.160881,3.614584,9.014509,-0.012053,-0.001833,-0.000186
690389350.000,CC,recording,knock_twice_right,9,1.145706,3.568510,9.032755,-0.008923,-0.003469,0.000695
690389360.000,CC,recording,knock_twice_right,9,1.142250,3.580986,9.015688,-0.007116,-0.004134,0.003323
690389370.000,CC,recording,knock_twice_right,9,1.140201,3.586061,8.966388,-0.009123,-0.002906,0.007155
690389380.000,CC,recording,knock_twice_right,9,1.173108,3.585875,9.006143,-0.012670,-0.000030,0.010323
690389390.000,CC,recording,knock_twice_right,9,1.220176,3.599813,9.030177,-0.014145,0.002669,0.010874
690389400.000,CC,recording,knock_twice_right,9,1.247327,3.636809,9.001284,-0.014618,0.003046,0.008103
690389410.000,CC,recording,knock_twice_right,9,1.260290,3.659465,8.962423,-0.016801,-0.000535,0.003002
690389420.000,CC,recording,knock_twice_right,9,1.226961,3.657101,8.959274,-0.020215,-0.007416,-0.001925
690389430.000,CC,recording,knock_twice_right,9,1.232104,3.631832,9.050621,-0.021392,-0.011924,-0.006703
690389440.000,CC,recording,knock_twice_right,9,1.292130,3.632152,9.108546,-0.019920,-0.009898,-0.012243
690389450.000,CC,recording,knock_twice_right,9,1.286904,3.608244,9.115007,-0.018353,-0.002787,-0.016044
690389460.000,CC,recording,knock_twice_right,9,1.207489,3.603070,9.075208,-0.018336,0.004987,-0.016793
690389470.000,CC,recording,knock_twice_right,9,1.185661,3.607676,9.058609,-0.022267,0.008831,-0.016821
690389480.000,CC,recording,knock_twice_right,9,1.188562,3.599461,9.054274,-0.026851,0.009590,-0.017843
690389490.000,CC,recording,knock_twice_right,9,1.224991,3.575121,9.123463,-0.025271,0.011189,-0.020016
690389500.000,CC,recording,knock_twice_right,9,1.221476,3.571464,9.176494,-0.019830,0.013492,-0.022039
690389510.000,CC,recording,knock_twice_right,9,1.167127,3.562143,9.125762,-0.016365,0.016502,-0.022817
690389520.000,CC,recording,knock_twice_right,9,1.106697,3.556818,9.068039,-0.014388,0.017449,-0.021072
690389530.000,CC,recording,knock_twice_right,9,1.044042,3.553551,9.076444,-0.011455,0.010408,-0.016352
690389540.000,CC,recording,knock_twice_right,9,1.027081,3.578387,9.119032,-0.006241,-0.004080,-0.012246
690389550.000,CC,recording,knock_twice_right,9,1.086775,3.581184,9.164328,0.001772,-0.019302,-0.011243
690389560.000,CC,recording,knock_twice_right,9,1.159032,3.587068,9.155909,0.009610,-0.027311,-0.011600
690389570.000,CC,recording,knock_twice_right,9,1.182855,3.587890,9.100612,0.013920,-0.023596,-0.011629
690389580.000,CC,recording,knock_twice_right,9,1.128182,3.560855,9.068557,0.013501,-0.011999,-0.009336
690389590.000,CC,recording,knock_twice_right,9,1.108946,3.585070,9.012785,0.009245,0.000136,-0.005300
690389600.000,CC,recording,knock_twice_right,9,1.152590,3.612245,8.998614,0.004084,0.007470,-0.003748
690389610.000,CC,recording,knock_twice_right,9,1.150412,3.628108,8.972946,-0.000910,0.007495,-0.005298
690389620.000,CC,recording,knock_twice_right,9,1.153588,3.628000,8.993434,-0.004033,0.001912,-0.007962
690389630.000,CC,recording,knock_twice_right,9,1.173012,3.590472,9.063858,-0.002705,-0.005852,-0.011442
690389640.000,CC,recording,knock_twice_right,9,1.190991,3.577433,9.100097,0.001297,-0.010393,-0.014130
690389650.000,CC,recording,knock_twice_right,9,1.135383,3.557551,9.065798,0.004656,-0.008084,-0.013941
690389660.000,CC,recording,knock_twice_right,9,1.100787,3.551455,9.005782,0.004797,-0.001040,-0.011716
690389670.000,CC,recording,knock_twice_right,9,1.083750,3.574658,8.953904,0.000985,0.004647,-0.009353
690389680.000,CC,recording,knock_twice_right,9,1.088281,3.591975,8.922670,-0.005739,0.005628,-0.008371
690389690.000,CC,recording,knock_twice_right,9,1.093540,3.567651,8.950235,-0.012109,0.004061,-0.008527
690389700.000,CC,recording,knock_twice_right,9,1.094026,3.564712,8.968433,-0.014863,0.002781,-0.008233
690389710.000,CC,recording,knock_twice_right,9,1.074961,3.572480,9.005112,-0.013616,0.001943,-0.007486
690389720.000,CC,recording,knock_twice_right,9,1.105433,3.557304,9.026782,-0.010259,-0.000188,-0.007038
690389730.000,CC,recording,knock_twice_right,9,1.087587,3.560038,9.009757,-0.007303,-0.003276,-0.006111
690389740.000,CC,recording,knock_twice_right,9,1.067392,3.555336,8.977832,-0.007077,-0.005999,-0.004299
690389750.000,CC,recording,knock_twice_right,9,1.077169,3.585416,8.931654,-0.009554,-0.008857,-0.002471
690389760.000,CC,recording,knock_twice_right,9,1.122163,3.585115,8.930456,-0.014652,-0.010675,-0.001530
690389770.000,CC,recording,knock_twice_right,9,1.154848,3.603257,8.929796,-0.022385,-0.009000,-0.002397
690389780.000,CC,recording,knock_twice_right,9,1.161674,3.582591,8.986981,-0.030785,-0.004157,-0.004322
690389790.000,CC,recording,knock_twice_right,9,1.119163,3.562975,9.039511,-0.035527,0.001223,-0.004448
690389800.000,CC,recording,knock_twice_right,9,1.090906,3.534664,9.096579,-0.034531,0.004077,-0.001982
690389810.000,CC,recording,knock_twice_right,9,1.058802,3.530393,9.138426,-0.030335,0.002501,0.001588
690389820.000,CC,recording,knock_twice_right,9,1.137103,3.553214,9.161275,-0.024343,-0.001101,0.004080
690389830.000,CC,recording,knock_twice_right,9,1.178641,3.540828,9.176191,-0.016246,-0.005897,0.004731
690389840.000,CC,recording,knock_twice_right,9,1.194046,3.584087,9.178808,-0.007194,-0.010584,0.004617
690389850.000,CC,recording,knock_twice_right,9,1.209264,3.599824,9.176030,-0.000092,-0.012284,0.003761
690389860.000,CC,recording,knock_twice_right,9,1.183159,3.617139,9.113705,0.004898,-0.011529,0.003199
690389870.000,CC,recording,knock_twice_right,9,1.177279,3.623338,9.080235,0.007089,-0.010628,0.002474
690389880.000,CC,recording,knock_twice_right,9,1.200108,3.647211,9.047546,0.006165,-0.010207,0.001299
690389890.000,CC,recording,knock_twice_right,9,1.210455,3.654056,9.041278,0.003077,-0.008530,0.000383
690389900.000,CC,recording,knock_twice_right,9,1.212754,3.663876,9.032603,-0.001501,-0.005208,-0.001043
690389910.000,CC,recording,knock_twice_right,9,1.238313,3.638718,9.078778,-0.003604,-0.002520,-0.003388
690389920.000,CC,recording,knock_twice_right,9,1.246239,3.654841,9.099105,-0.002337,-0.001718,-0.007478
690389930.000,CC,recording,knock_twice_right,9,1.249694,3.662483,9.093039,0.000447,-0.001021,-0.012614
690389940.000,CC,recording,knock_twice_right,9,1.203543,3.650072,9.085721,0.003298,0.000122,-0.016695
690389950.000,CC,recording,knock_twice_right,9,1.218190,3.636842,9.061626,0.005034,0.002036,-0.019181
690389960.000,CC,recording,knock_twice_right,9,1.183278,3.638208,9.037638,0.005561,0.003648,-0.021328
690389970.000,CC,recording,knock_twice_right,9,1.114904,3.634747,8.990881,0.004464,0.002943,-0.021217
690389980.000,CC,recording,knock_twice_right,9,1.058525,3.620374,8.962691,0.000465,0.000757,-0.017845
690389990.000,CC,recording,knock_twice_right,9,1.083953,3.590941,8.951637,-0.004529,-0.002261,-0.014684
690390000.000,CC,recording,knock_twice_right,9,1.115938,3.578708,9.015802,-0.007227,-0.004694,-0.014370
690390010.000,CC,recording,knock_twice_right,9,1.151154,3.543171,9.055449,-0.006836,-0.004395,-0.015332
690390020.000,CC,recording,knock_twice_right,9,1.146766,3.534475,9.077833,-0.004027,-0.002386,-0.014921
690390030.000,CC,recording,knock_twice_right,9,1.095189,3.528029,9.038051,-0.000306,-0.001668,-0.012752
690390040.000,CC,recording,knock_twice_right,9,1.057293,3.532716,8.948551,0.002488,-0.004496,-0.008405
690390050.000,CC,recording,knock_twice_right,9,1.058159,3.547190,8.898807,0.002579,-0.013157,-0.004341
690390060.000,CC,recording,knock_twice_right,9,1.110716,3.577299,8.929860,0.000548,-0.023722,-0.003539
690390070.000,CC,recording,knock_twice_right,9,1.174958,3.570707,8.944875,-0.002732,-0.026924,-0.006034
690390080.000,CC,recording,knock_twice_right,9,1.215217,3.550296,8.980118,-0.007093,-0.024326,-0.010198
690390090.000,CC,recording,knock_twice_right,9,1.136597,3.594451,9.046972,-0.011766,-0.021910,-0.012814
690390100.000,CC,recording,knock_twice_right,9,1.103999,3.563626,9.060786,-0.016020,-0.017063,-0.012452
690390110.000,CC,recording,knock_twice_right,9,1.103979,3.536306,9.006164,-0.020707,-0.012345,-0.010418
690390120.000,CC,recording,knock_twice_right,9,1.128098,3.536423,9.064940,-0.023285,-0.014439,-0.009188
690390130.000,CC,recording,knock_twice_right,9,1.169621,3.591517,9.101423,-0.021087,-0.021709,-0.011920
690390140.000,CC,recording,knock_twice_right,9,1.192192,3.554350,9.117385,-0.017344,-0.028560,-0.017633
690390150.000,CC,recording,knock_twice_right,9,1.155427,3.547964,9.140565,-0.015290,-0.029038,-0.021955
690390160.000,CC,recording,knock_twice_right,9,1.126917,3.502822,9.152883,-0.012948,-0.024944,-0.022732
690390170.000,CC,recording,knock_twice_right,9,1.094694,3.496648,9.227085,-0.008115,-0.019851,-0.021472
690390180.000,CC,recording,knock_twice_right,9,1.078183,3.487538,9.259834,-0.000495,-0.013629,-0.018383
690390190.000,CC,recording,knock_twice_right,9,1.055695,3.498307,9.243142,0.008355,-0.008412,-0.012044
690390200.000,CC,recording,knock_twice_right,9,1.061272,3.491151,9.191709,0.015644,-0.006075,-0.004541
690390210.000,CC,recording,knock_twice_right,9,1.107786,3.509067,9.137941,0.020280,-0.006936,0.001004
690390220.000,CC,recording,knock_twice_right,9,1.159021,3.523238,9.114233,0.023173,-0.008995,0.003904
690390230.000,CC,recording,knock_twice_right,9,1.168428,3.529089,9.103239,0.025550,-0.009666,0.006160
690390240.000,CC,recording,knock_twice_right,9,1.139436,3.530570,9.103138,0.028036,-0.009309,0.009330
690390250.000,CC,recording,knock_twice_right,9,1.141283,3.542325,9.080537,0.030374,-0.004807,0.012641
690390260.000,CC,recording,knock_twice_right,10,1.169319,3.545371,9.059390,0.031091,0.006609,0.014890
690390270.000,CC,recording,knock_twice_right,10,1.215695,3.585126,9.093585,0.029764,0.020008,0.015692
690390280.000,CC,recording,knock_twice_right,10,1.213780,3.608187,9.083640,0.027822,0.031672,0.015451
690390290.000,CC,recording,knock_twice_right,10,1.228197,3.624389,9.022044,0.024277,0.041108,0.014726
690390300.000,CC,recording,knock_twice_right,10,1.241936,3.641251,8.958390,0.019173,0.044890,0.012065
690390310.000,CC,recording,knock_twice_right,10,1.293480,3.672157,9.031426,0.015552,0.039684,0.005892
690390320.000,CC,recording,knock_twice_right,10,1.334668,3.696740,9.045730,0.014131,0.031601,-0.003787
690390330.000,CC,recording,knock_twice_right,10,1.317896,3.657313,9.044229,0.012620,0.030919,-0.013556
690390340.000,CC,recording,knock_twice_right,10,1.258853,3.605082,8.983260,0.008994,0.040097,-0.019660
690390350.000,CC,recording,knock_twice_right,10,1.192627,3.603839,8.972013,0.003051,0.050835,-0.021922
690390360.000,CC,recording,knock_twice_right,10,1.145165,3.599438,8.930573,-0.004583,0.055732,-0.021465
690390370.000,CC,recording,knock_twice_right,10,1.113818,3.574000,8.943251,-0.011069,0.053292,-0.020446
690390380.000,CC,recording,knock_twice_right,10,1.105022,3.575796,8.993684,-0.011820,0.040212,-0.018893
690390390.000,CC,recording,knock_twice_right,10,1.106052,3.576573,9.053991,-0.004987,0.021241,-0.018742
690390400.000,CC,recording,knock_twice_right,10,1.083083,3.578288,9.068387,0.003495,0.005419,-0.019141
690390410.000,CC,recording,knock_twice_right,10,1.048848,3.563687,9.040081,0.008523,-0.005885,-0.016123
690390420.000,CC,recording,knock_twice_right,10,1.059042,3.598797,9.028770,0.008715,-0.013173,-0.012041
690390430.000,CC,recording,knock_twice_right,10,1.132446,3.601824,9.001196,0.006512,-0.013369,-0.010344
690390440.000,CC,recording,knock_twice_right,10,1.168418,3.602555,8.992815,0.003409,-0.007357,-0.011279
690390450.000,CC,recording,knock_twice_right,10,1.151726,3.603211,8.980452,-0.002535,0.001465,-0.012800
690390460.000,CC,recording,knock_twice_right,10,1.132630,3.612430,8.963350,-0.010083,0.011114,-0.013620
690390470.000,CC,recording,knock_twice_right,10,1.114299,3.596382,9.030043,-0.015720,0.017306,-0.012969
690390480.000,CC,recording,knock_twice_right,10,1.105847,3.580431,9.056908,-0.016418,0.017863,-0.012180
690390490.000,CC,recording,knock_twice_right,10,1.109522,3.587657,9.102799,-0.011694,0.013008,-0.013539
690390500.000,CC,recording,knock_twice_right,10,1.137217,3.579422,9.141041,-0.004578,0.004355,-0.017290
690390510.000,CC,recording,knock_twice_right,10,1.146983,3.589370,9.127044,0.002847,-0.006352,-0.023540
690390520.000,CC,recording,knock_twice_right,10,1.136193,3.587384,9.123911,0.010802,-0.013247,-0.030880
690390530.000,CC,recording,knock_twice_right,10,1.118590,3.582901,9.081067,0.012610,-0.010588,-0.035119
690390540.000,CC,recording,knock_twice_right,10,1.088522,3.584609,8.950246,0.006457,-0.002749,-0.037167
690390550.000,CC,recording,knock_twice_right,10,1.042712,3.599701,9.010538,0.000313,0.005309,-0.037566
690390560.000,CC,recording,knock_twice_right,10,1.004755,3.540462,9.027823,-0.005473,0.013766,-0.036848
690390570.000,CC,recording,knock_twice_right,10,1.177481,3.509500,9.059739,-0.008808,0.017347,-0.043823
690390580.000,CC,recording,knock_twice_right,10,1.261070,3.531124,9.267873,-0.001775,0.007085,-0.062605
690390590.000,CC,recording,knock_twice_right,10,1.390979,3.580948,9.472102,0.022517,-0.017319,-0.092408
690390600.000,CC,recording,knock_twice_right,10,1.446632,3.599923,9.481259,0.062684,-0.045304,-0.126643
690390610.000,CC,recording,knock_twice_right,10,1.168449,3.599644,9.164121,0.094495,-0.078469,-0.153150
690390620.000,CC,recording,knock_twice_right,10,0.952848,3.612618,8.930428,0.111012,-0.134927,-0.170560
690390630.000,CC,recording,knock_twice_right,10,0.391879,3.546770,8.784177,0.116084,-0.179571,-0.156937
690390640.000,CC,recording,knock_twice_right,10,-1.672560,3.197666,7.489620,0.051399,-0.176666,-0.031793
690390650.000,CC,recording,knock_twice_right,10,-2.111540,3.235278,6.869040,-0.095465,-0.176227,0.194023
690390660.000,CC,recording,knock_twice_right,10,-0.951100,3.193444,8.022788,-0.237571,-0.207602,0.410769
690390670.000,CC,recording,knock_twice_right,10,0.470895,3.086061,8.736779,-0.306353,-0.265897,0.536517
690390680.000,CC,recording,knock_twice_right,10,1.946437,3.326816,9.983805,-0.267651,-0.347752,0.533087
690390690.000,CC,recording,knock_twice_right,10,3.327336,3.285184,11.070583,-0.124502,-0.398678,0.417437
690390700.000,CC,recording,knock_twice_right,10,3.865746,3.611412,11.216805,0.060753,-0.365160,0.232673
690390710.000,CC,recording,knock_twice_right,10,4.014179,3.685301,10.752999,0.207386,-0.236826,0.035538
690390720.000,CC,recording,knock_twice_right,10,3.831508,3.826930,10.162452,0.274403,-0.008501,-0.140065
690390730.000,CC,recording,knock_twice_right,10,3.868078,3.956678,9.913491,0.275539,0.293004,-0.290754
690390740.000,CC,recording,knock_twice_right,10,3.341718,4.162179,9.776397,0.246414,0.589106,-0.408057
690390750.000,CC,recording,knock_twice_right,10,2.281989,4.341276,9.327532,0.205024,0.802733,-0.464492
690390760.000,CC,recording,knock_twice_right,10,0.942320,4.199318,8.563723,0.153287,0.916643,-0.451340
690390770.000,CC,recording,knock_twice_right,10,-0.028980,3.822045,7.758069,0.078003,0.961778,-0.368985
690390780.000,CC,recording,knock_twice_right,10,-0.904095,4.046085,7.068017,-0.035053,0.938688,-0.227773
690390790.000,CC,recording,knock_twice_right,10,-0.701252,4.133349,7.323803,-0.150093,0.815439,-0.091759
690390800.000,CC,recording,knock_twice_right,10,-0.035654,4.058895,8.120738,-0.202451,0.602734,-0.015053
690390810.000,CC,recording,knock_twice_right,10,0.556458,3.842014,8.758326,-0.166617,0.358506,-0.000451
690390820.000,CC,recording,knock_twice_right,10,0.860404,3.631287,9.016943,-0.074799,0.123986,-0.035781
690390830.000,CC,recording,knock_twice_right,10,0.977395,3.530964,9.036681,0.034065,-0.107233,-0.100482
690390840.000,CC,recording,knock_twice_right,10,0.649743,3.565993,9.088033,0.138859,-0.328962,-0.154129
690390850.000,CC,recording,knock_twice_right,10,0.301715,3.530567,8.755899,0.212963,-0.506630,-0.172904
690390860.000,CC,recording,knock_twice_right,10,0.232829,3.416194,8.254776,0.245533,-0.640588,-0.157128
690390870.000,CC,recording,knock_twice_right,10,-0.643730,3.402533,7.811515,0.228680,-0.731653,-0.079012
690390880.000,CC,recording,knock_twice_right,10,-2.384764,3.299737,6.632166,0.113642,-0.791447,0.107852
690390890.000,CC,recording,knock_twice_right,10,-1.733946,3.201101,6.639473,-0.063612,-0.831324,0.325051
690390900.000,CC,recording,knock_twice_right,10,1.326379,3.018994,8.781631,-0.177472,-0.810225,0.424255
690390910.000,CC,recording,knock_twice_right,10,3.291118,3.555083,10.280741,-0.178024,-0.697243,0.360202
690390920.000,CC,recording,knock_twice_right,10,4.484049,3.867761,11.314514,-0.096510,-0.493746,0.175950
690390930.000,CC,recording,knock_twice_right,10,4.572152,3.705236,11.386739,0.002049,-0.212364,-0.038807
690390940.000,CC,recording,knock_twice_right,10,3.221138,3.625966,10.637835,0.053540,0.116362,-0.197063
690390950.000,CC,recording,knock_twice_right,10,1.930269,3.530411,9.820743,0.039065,0.436520,-0.260279
690390960.000,CC,recording,knock_twice_right,10,0.603217,3.346694,9.040586,-0.037453,0.706352,-0.215388
690390970.000,CC,recording,knock_twice_right,10,-0.322114,3.584958,8.181827,-0.165410,0.884796,-0.090748
690390980.000,CC,recording,knock_twice_right,10,-0.360516,3.745143,8.310137,-0.287350,0.919227,0.033952
690390990.000,CC,recording,knock_twice_right,10,0.255411,3.800478,9.093746,-0.330757,0.808268,0.098689
690391000.000,CC,recording,knock_twice_right,10,0.822750,3.707598,9.793161,-0.266133,0.604954,0.090584
690391010.000,CC,recording,knock_twice_right,10,1.022894,3.597557,10.006402,-0.123562,0.369842,0.035439
690391020.000,CC,recording,knock_twice_right,10,0.700608,3.531873,9.699536,0.032526,0.151651,-0.019560
690391030.000,CC,recording,knock_twice_right,10,0.222950,3.502911,9.044309,0.144360,-0.010542,-0.037169
690391040.000,CC,recording,knock_twice_right,10,-0.024163,3.485564,8.397072,0.184916,-0.100413,-0.009670
690391050.000,CC,recording,knock_twice_right,10,0.049795,3.595866,8.083770,0.156206,-0.128909,0.040654
690391060.000,CC,recording,knock_twice_right,10,0.494311,3.714470,8.030924,0.085277,-0.112929,0.087279
690391070.000,CC,recording,knock_twice_right,10,0.908581,3.738242,8.358071,0.008442,-0.075929,0.113806
690391080.000,CC,recording,knock_twice_right,10,1.221162,3.786113,8.684497,-0.049417,-0.047985,0.114133
690391090.000,CC,recording,knock_twice_right,10,1.306221,3.781624,9.017443,-0.078077,-0.038112,0.095830
690391100.000,CC,recording,knock_twice_right,10,1.302516,3.721351,9.187800,-0.081662,-0.037453,0.070556
690391110.000,CC,recording,knock_twice_right,10,1.284520,3.679323,9.346818,-0.068224,-0.036855,0.045636
690391120.000,CC,recording,knock_twice_right,10,1.223302,3.649728,9.412045,-0.047151,-0.033349,0.024845
690391130.000,CC,recording,knock_twice_right,10,1.139736,3.657680,9.360946,-0.028835,-0.025403,0.010576
690391140.000,CC,recording,knock_twice_right,10,1.123876,3.612705,9.318900,-0.014422,-0.013669,-0.000194
690391150.000,CC,recording,knock_twice_right,10,1.128218,3.579406,9.297627,0.000548,-0.004534,-0.011633
690391160.000,CC,recording,knock_twice_right,10,1.084081,3.567546,9.244329,0.012458,-0.000412,-0.024359
690391170.000,CC,recording,knock_twice_right,10,1.085620,3.526164,9.152231,0.017797,0.003447,-0.037744
690391180.000,CC,recording,knock_twice_right,10,0.971926,3.517612,9.086614,0.017600,0.009858,-0.047919
690391190.000,CC,recording,knock_twice_right,10,0.817821,3.473257,9.024503,0.011950,0.017332,-0.049620
690391200.000,CC,recording,knock_twice_right,10,0.730065,3.431113,8.947083,0.003584,0.023616,-0.041980
690391210.000,CC,recording,knock_twice_right,10,0.699199,3.398597,8.930678,-0.005057,0.024775,-0.027908
690391220.000,CC,recording,knock_twice_right,10,0.664610,3.415328,8.966615,-0.009395,0.016504,-0.012801
690391230.000,CC,recording,knock_twice_right,10,0.677885,3.434140,9.037624,-0.005625,-0.001492,-0.000326
690391240.000,CC,recording,knock_twice_right,10,0.756815,3.484878,9.075017,0.003343,-0.022117,0.009197
690391250.000,CC,recording,knock_twice_right,10,0.833492,3.527009,9.072557,0.013824,-0.038665,0.015184
690391260.000,CC,recording,knock_twice_right,10,0.833164,3.568265,9.043334,0.021979,-0.049355,0.019450
690391270.000,CC,recording,knock_twice_right,10,0.829206,3.625497,8.978913,0.023975,-0.055119,0.025322
690391280.000,CC,recording,knock_twice_right,10,0.869130,3.658807,8.972488,0.020273,-0.055923,0.031197
690391290.000,CC,recording,knock_twice_right,10,1.024436,3.718355,9.020090,0.014214,-0.050308,0.031021
690391300.000,CC,recording,knock_twice_right,10,1.180629,3.738493,9.007969,0.008073,-0.040077,0.021124
690391310.000,CC,recording,knock_twice_right,10,1.153895,3.749666,9.009501,0.001848,-0.031197,0.006982
690391320.000,CC,recording,knock_twice_right,10,1.075006,3.753504,9.008964,-0.006454,-0.025287,-0.003324
690391330.000,CC,recording,knock_twice_right,10,1.013723,3.701517,9.072258,-0.012908,-0.019741,-0.009685
690391340.000,CC,recording,knock_twice_right,10,0.996772,3.680648,9.166717,-0.012018,-0.016007,-0.016158
690391350.000,CC,recording,knock_twice_right,10,0.993435,3.673223,9.179658,-0.005366,-0.015283,-0.023714
690391360.000,CC,recording,knock_twice_right,10,0.937468,3.636905,9.100510,0.001715,-0.017240,-0.030094
690391370.000,CC,recording,knock_twice_right,10,0.786202,3.591892,9.019295,0.005654,-0.024044,-0.030304
690391380.000,CC,recording,knock_twice_right,10,0.692426,3.559231,8.962846,0.006827,-0.035003,-0.024115
690391390.000,CC,recording,knock_twice_right,10,0.716447,3.557101,8.996290,0.005684,-0.044261,-0.017385
690391400.000,CC,recording,knock_twice_right,10,0.827621,3.553049,9.011366,0.002327,-0.045843,-0.013417
690391410.000,CC,recording,knock_twice_right,10,0.827310,3.520057,9.054027,-0.002184,-0.038967,-0.009420
690391420.000,CC,recording,knock_twice_right,10,0.767954,3.488441,9.086678,-0.008173,-0.027148,-0.002726
690391430.000,CC,recording,knock_twice_right,10,0.778260,3.509804,9.126732,-0.013792,-0.013679,0.004680
690391440.000,CC,recording,knock_twice_right,10,0.898304,3.522935,9.207477,-0.014183,-0.000932,0.010625
690391450.000,CC,recording,knock_twice_right,10,0.948993,3.528308,9.247104,-0.009452,0.007725,0.013326
690391460.000,CC,recording,knock_twice_right,10,0.897288,3.555792,9.221579,-0.001673,0.008292,0.015360
690391470.000,CC,recording,knock_twice_right,10,0.826420,3.574040,9.181459,0.007492,0.001625,0.019938
690391480.000,CC,recording,knock_twice_right,10,0.784374,3.587180,9.128715,0.015726,-0.010148,0.027462
690391490.000,CC,recording,knock_twice_right,10,0.844847,3.622778,9.104916,0.022438,-0.024916,0.034026
690391500.000,CC,recording,knock_twice_right,10,1.015498,3.666209,9.099332,0.027078,-0.032308,0.033578
690391510.000,CC,recording,knock_twice_right,10,1.178978,3.695319,9.078870,0.028304,-0.023927,0.025663
690391520.000,CC,recording,knock_twice_right,10,1.121648,3.698323,9.028775,0.024309,-0.006062,0.016661
690391530.000,CC,recording,knock_twice_right,10,0.982609,3.687856,8.931133,0.015327,0.008505,0.013420
690391540.000,CC,recording,knock_twice_right,10,0.897653,3.664426,8.902584,0.005766,0.010842,0.016234
690391550.000,CC,recording,knock_twice_right,10,0.935685,3.682776,8.974139,0.002738,-0.001657,0.018381
690391560.000,CC,recording,knock_twice_right,10,1.051861,3.683094,9.069883,0.010499,-0.021724,0.014282
690391570.000,CC,recording,knock_twice_right,10,1.144849,3.705335,9.078766,0.023141,-0.037005,0.005052
690391580.000,CC,recording,knock_twice_right,10,1.099580,3.672748,8.972024,0.028981,-0.041564,-0.002594
690391590.000,CC,recording,knock_twice_right,10,0.964200,3.649251,8.903522,0.024301,-0.037207,-0.002332
690391600.000,CC,recording,knock_twice_right,10,0.896345,3.657277,8.868724,0.012878,-0.030730,0.003803
690391610.000,CC,recording,knock_twice_right,10,0.966627,3.670777,8.891181,-0.000786,-0.026724,0.007635
690391620.000,CC,recording,knock_twice_right,10,1.075823,3.691011,8.974782,-0.011965,-0.022224,0.004718
690391630.000,CC,recording,knock_twice_right,10,1.092170,3.646358,9.084926,-0.016016,-0.017159,-0.001639
690391640.000,CC,recording,knock_twice_right,10,1.005772,3.620104,9.155995,-0.012038,-0.014189,-0.008278
690391650.000,CC,recording,knock_twice_right,10,0.953387,3.613785,9.122666,-0.005292,-0.012169,-0.012284
690391660.000,CC,recording,knock_twice_right,10,0.917606,3.566103,9.104497,-0.000557,-0.010401,-0.011802
690391670.000,CC,recording,knock_twice_right,10,0.908661,3.538547,9.100019,0.003879,-0.008976,-0.009516
690391680.000,CC,recording,knock_twice_right,10,0.869743,3.548379,9.082575,0.008771,-0.010261,-0.006195
690391690.000,CC,recording,knock_twice_right,10,0.835714,3.585406,9.038338,0.011684,-0.015540,-0.001564
690391700.000,CC,recording,knock_twice_right,10,0.823175,3.579241,8.985574,0.011191,-0.021811,0.002780
690391710.000,CC,recording,knock_twice_right,10,0.819913,3.561665,8.991851,0.007540,-0.026914,0.005757
690391720.000,CC,recording,knock_twice_right,10,0.882730,3.578449,9.008511,0.003013,-0.026714,0.007915
690391730.000,CC,recording,knock_twice_right,10,0.866921,3.566269,9.001349,-0.001412,-0.021173,0.010490
690391740.000,CC,recording,knock_twice_right,10,0.796417,3.539314,8.959387,-0.005986,-0.017903,0.016667
690391750.000,CC,recording,knock_twice_right,10,0.765517,3.527839,9.015281,-0.008450,-0.019121,0.026427
690391760.000,CC,recording,knock_twice_right,10,0.821761,3.532754,9.077137,-0.006963,-0.018798,0.034738
690391770.000,CC,recording,knock_twice_right,10,0.944469,3.551911,9.098688,-0.003457,-0.014775,0.039112
690391780.000,CC,recording,knock_twice_right,10,0.960873,3.582620,9.063714,-0.000919,-0.011950,0.040204
690391790.000,CC,recording,knock_twice_right,10,0.922579,3.607021,8.994234,-0.003248,-0.011742,0.042199
690391800.000,CC,recording,knock_twice_right,10,0.899535,3.627865,8.904476,-0.012599,-0.010178,0.045461
690391810.000,CC,recording,knock_twice_right,10,0.994272,3.633184,8.962624,-0.020644,-0.006326,0.046323
690391820.000,CC,recording,knock_twice_right,10,1.098969,3.661522,9.121971,-0.020532,-0.004282,0.042186
690391830.000,CC,recording,knock_twice_right,10,1.108702,3.679302,9.120137,-0.015189,-0.004255,0.036127
690391840.000,CC,recording,knock_twice_right,10,1.048948,3.614714,9.126099,-0.008398,-0.006186,0.032792
690391850.000,CC,recording,knock_twice_right,10,0.971001,3.615311,9.094721,-0.002704,-0.012176,0.033671
690391860.000,CC,recording,knock_twice_right,10,0.909649,3.633065,9.074803,0.000879,-0.019112,0.039364
690391870.000,CC,recording,knock_twice_right,10,1.004333,3.613134,9.104373,0.002045,-0.020811,0.044449
690391880.000,CC,recording,knock_twice_right,10,1.144490,3.635232,9.131771,0.003379,-0.016745,0.044178
690391890.000,CC,recording,knock_twice_right,10,1.192020,3.648571,9.157438,0.006177,-0.009968,0.039590
690391900.000,CC,recording,knock_twice_right,10,1.150556,3.645771,9.116783,0.008108,-0.003906,0.034238
690391910.000,CC,recording,knock_twice_right,10,1.110496,3.653984,9.069836,0.008461,-0.002082,0.030893
690391920.000,CC,recording,knock_twice_right,10,1.094684,3.655503,9.041733,0.008465,-0.004659,0.029157
690391930.000,CC,recording,knock_twice_right,10,1.121271,3.667399,9.058095,0.007226,-0.008256,0.029373
690391940.000,CC,recording,knock_twice_right,10,1.127568,3.630677,9.086577,0.005889,-0.009436,0.030477
690391950.000,CC,recording,knock_twice_right,10,1.176440,3.643029,9.092026,0.008194,-0.007221,0.029882
690391960.000,CC,recording,knock_twice_right,10,1.207330,3.657015,9.098545,0.012421,-0.003418,0.027313
690391970.000,CC,recording,knock_twice_right,10,1.211632,3.647455,9.041243,0.014567,-0.001024,0.024236
690391980.000,CC,recording,knock_twice_right,10,1.193014,3.651057,9.005277,0.014378,-0.003708,0.019850
690391990.000,CC,recording,knock_twice_right,10,1.202034,3.635048,9.015939,0.013788,-0.010786,0.013592
690392000.000,CC,recording,knock_twice_right,10,1.184157,3.629736,9.006664,0.012978,-0.017733,0.007806
690392010.000,CC,recording,knock_twice_right,10,1.155162,3.600819,8.987126,0.011775,-0.020055,0.003852
690392020.000,CC,recording,knock_twice_right,10,1.117943,3.582773,8.998217,0.010084,-0.016431,0.003231
690392030.000,CC,recording,knock_twice_right,10,1.108968,3.573726,8.985706,0.007887,-0.011581,0.004296
690392040.000,CC,recording,knock_twice_right,10,1.127157,3.579411,8.975520,0.005914,-0.010256,0.003513
690392050.000,CC,recording,knock_twice_right,10,1.156825,3.576001,9.000819,0.005157,-0.013286,0.000311
690392060.000,CC,recording,knock_twice_right,10,1.161077,3.588632,9.018695,0.006162,-0.017134,-0.004146
690392070.000,CC,recording,knock_twice_right,10,1.134552,3.575135,9.003324,0.006650,-0.018905,-0.007870
690392080.000,CC,recording,knock_twice_right,10,1.055352,3.563701,9.004708,0.005037,-0.019315,-0.008481
690392090.000,CC,recording,knock_twice_right,10,0.993015,3.568299,8.963613,0.002182,-0.018172,-0.006410
690392100.000,CC,recording,knock_twice_right,10,0.963017,3.552671,8.940047,-0.001932,-0.017125,-0.002781
690392110.000,CC,recording,knock_twice_right,10,0.978060,3.569099,8.974717,-0.006262,-0.017632,0.001761
690392120.000,CC,recording,knock_twice_right,10,0.976317,3.551893,9.002243,-0.008563,-0.018357,0.005772
690392130.000,CC,recording,knock_twice_right,10,0.982548,3.566936,9.036398,-0.007752,-0.020207,0.008810
690392140.000,CC,recording,knock_twice_right,10,0.977782,3.584918,9.066966,-0.004972,-0.022853,0.011059
690392150.000,CC,recording,knock_twice_right,10,0.989585,3.581472,9.070371,-0.002302,-0.024830,0.012919
690392160.000,CC,recording,knock_twice_right,10,1.032250,3.589944,9.118939,0.001279,-0.026758,0.014125
690392170.000,CC,recording,knock_twice_right,10,1.085142,3.614057,9.133074,0.007558,-0.029060,0.013190
690392180.000,CC,recording,knock_twice_right,10,1.090881,3.635838,9.090274,0.013497,-0.031575,0.010665
690392190.000,CC,recording,knock_twice_right,10,1.039799,3.652746,9.038283,0.013278,-0.034674,0.009176
690392200.000,CC,recording,knock_twice_right,10,1.029485,3.630512,9.022424,0.007338,-0.032167,0.010808
690392210.000,CC,recording,knock_twice_right,10,1.035111,3.596480,9.072441,0.000617,-0.020562,0.014062
690392220.000,CC,recording,knock_twice_right,10,1.115169,3.629268,9.123819,-0.002919,-0.006326,0.016672
690392230.000,CC,recording,knock_twice_right,10,1.138132,3.611117,9.142849,-0.003119,0.005059,0.018179
690392240.000,CC,recording,knock_twice_right,10,1.103581,3.605251,9.095698,-0.001863,0.009443,0.018861
690392250.000,CC,recording,knock_twice_right,10,1.086174,3.598059,9.106867,0.002383,0.005421,0.018641
690392260.000,CC,recording,knock_twice_right,10,1.104776,3.595558,9.108010,0.009274,-0.003643,0.017424
690392270.000,CC,recording,knock_twice_right,10,1.125225,3.605608,9.057893,0.015463,-0.011922,0.015663
690392280.000,CC,recording,knock_twice_right,10,1.080836,3.582663,8.991198,0.017831,-0.014845,0.016414
690392290.000,CC,recording,knock_twice_right,10,1.071881,3.596032,8.974940,0.015601,-0.012225,0.020189
690392300.000,CC,recording,knock_twice_right,10,1.073019,3.615794,8.976954,0.010670,-0.007730,0.023761
690392310.000,CC,recording,knock_twice_right,10,1.128925,3.639390,8.977137,0.004795,-0.003241,0.025804
690392320.000,CC,recording,knock_twice_right,10,1.189459,3.642669,8.941171,-0.000865,0.001096,0.024704
690392330.000,CC,recording,knock_twice_right,10,1.203687,3.645272,8.980912,-0.005827,0.002159,0.020734
690392340.000,CC,recording,knock_twice_right,10,1.186410,3.650605,9.023808,-0.008135,-0.001462,0.015838
690392350.000,CC,recording,knock_twice_right,10,1.155659,3.639437,9.044788,-0.006776,-0.005692,0.012677
690392360.000,CC,recording,knock_twice_right,10,1.183138,3.637646,9.053667,-0.004625,-0.008131,0.011507
690392370.000,CC,recording,knock_twice_right,10,1.192471,3.632967,9.095291,-0.001735,-0.008937,0.011097
690392380.000,CC,recording,knock_twice_right,10,1.178050,3.632153,9.127285,0.003873,-0.007706,0.011168
690392390.000,CC,recording,knock_twice_right,10,1.175583,3.630824,9.108612,0.010720,-0.007554,0.010778
690392400.000,CC,recording,knock_twice_right,10,1.163260,3.646616,9.057872,0.015186,-0.010679,0.009990
690392410.000,CC,recording,knock_twice_right,10,1.135891,3.669098,9.022183,0.017446,-0.015727,0.009533
690392420.000,CC,recording,knock_twice_right,10,1.156347,3.673409,8.997641,0.017438,-0.021085,0.008345
690392430.000,CC,recording,knock_twice_right,10,1.169089,3.700468,8.983694,0.014441,-0.024668,0.005858
690392440.000,CC,recording,knock_twice_right,10,1.225103,3.701636,9.002203,0.009248,-0.022600,0.003124
690392450.000,CC,recording,knock_twice_right,10,1.220141,3.677697,9.034120,0.004017,-0.015524,0.001186
690392460.000,CC,recording,knock_twice_right,10,1.205583,3.683616,9.064592,0.001542,-0.007258,-0.000473
690392470.000,CC,recording,knock_twice_right,10,1.195632,3.672617,9.079594,0.001101,-0.000364,-0.002844
690392480.000,CC,recording,knock_twice_right,10,1.190708,3.654621,9.109165,0.004289,0.002127,-0.005698
690392490.000,CC,recording,knock_twice_right,10,1.174551,3.654097,9.089093,0.011686,-0.001097,-0.008754
690392500.000,CC,recording,knock_twice_right,10,1.152204,3.657585,9.054167,0.018586,-0.006969,-0.012394
690392510.000,CC,recording,knock_twice_right,10,1.148678,3.658062,9.007481,0.022306,-0.010781,-0.015906
690392520.000,CC,recording,knock_twice_right,10,1.139422,3.627358,8.951974,0.021392,-0.010238,-0.016977
690392530.000,CC,recording,knock_twice_right,10,1.084092,3.611550,8.928891,0.016134,-0.004436,-0.015473
690392540.000,CC,recording,knock_twice_right,10,1.057712,3.597968,8.911891,0.008876,0.003240,-0.012402
690392550.000,CC,recording,knock_twice_right,10,1.050486,3.584426,8.919702,0.000878,0.008166,-0.008638
690392560.000,CC,recording,knock_twice_right,10,1.081859,3.576459,8.912721,-0.005682,0.009385,-0.006567
690392570.000,CC,recording,knock_twice_right,10,1.109268,3.578327,8.960611,-0.008716,0.008624,-0.006960
690392580.000,CC,recording,knock_twice_right,10,1.107024,3.570406,9.004066,-0.007639,0.006551,-0.008959
690392590.000,CC,recording,knock_twice_right,10,1.104755,3.564831,8.989697,-0.004858,0.004061,-0.011410
690392600.000,CC,recording,knock_twice_right,10,1.053302,3.546136,8.969898,-0.002765,0.003704,-0.012998
690392610.000,CC,recording,knock_twice_right,10,1.002079,3.547748,8.935194,-0.002773,0.003835,-0.012456
690392620.000,CC,recording,knock_twice_right,10,0.916613,3.530465,8.906438,-0.006527,0.002880,-0.007184
690392630.000,CC,recording,knock_twice_right,10,0.921948,3.524407,8.895412,-0.012721,0.001489,0.001451
690392640.000,CC,recording,knock_twice_right,10,1.003721,3.525054,8.942333,-0.018235,0.000237,0.008358
690392650.000,CC,recording,knock_twice_right,10,1.101841,3.558734,9.010799,-0.020756,-0.000169,0.011462
690392660.000,CC,recording,knock_twice_right,10,1.129302,3.571122,9.044910,-0.020228,0.000217,0.011663
690392670.000,CC,recording,knock_twice_right,10,1.143987,3.578465,9.039762,-0.018869,0.002506,0.011217
690392680.000,CC,recording,knock_twice_right,10,1.125744,3.568347,9.025568,-0.019355,0.007452,0.010980
690392690.000,CC,recording,knock_twice_right,10,1.115332,3.592776,8.991608,-0.021630,0.012145,0.011370
690392700.000,CC,recording,knock_twice_right,10,1.114485,3.570062,9.019254,-0.023518,0.012787,0.013163
690392710.000,CC,recording,knock_twice_right,10,1.112936,3.577716,9.077413,-0.022183,0.009348,0.014797
690392720.000,CC,recording,knock_twice_right,10,1.146914,3.575153,9.100471,-0.017064,0.004580,0.014839
690392730.000,CC,recording,knock_twice_right,10,1.187992,3.575656,9.087947,-0.009922,0.001479,0.014408
690392740.000,CC,recording,knock_twice_right,10,1.175429,3.598229,9.065914,-0.002713,0.000581,0.014670
690392750.000,CC,recording,knock_twice_right,10,1.184378,3.643852,9.009602,0.001080,0.000351,0.014903
690392760.000,CC,recording,knock_twice_right,10,1.217834,3.660694,8.924986,-0.000605,-0.000484,0.013013
690392770.000,CC,recording,knock_twice_right,10,1.257505,3.691809,8.896803,-0.007140,-0.000271,0.008464
690392780.000,CC,recording,knock_twice_right,10,1.291446,3.687554,8.895940,-0.017108,0.001990,0.004011
690392790.000,CC,recording,knock_twice_right,10,1.273041,3.670136,8.969193,-0.026747,0.005690,0.000505
690392800.000,CC,recording,knock_twice_right,10,1.251277,3.637129,9.007338,-0.030985,0.008785,-0.002256
690392810.000,CC,recording,knock_twice_right,10,1.245347,3.627036,9.073259,-0.030021,0.007821,-0.005150
690392820.000,CC,recording,knock_twice_right,10,1.260740,3.616479,9.095068,-0.024233,0.001055,-0.009466
690392830.000,CC,recording,knock_twice_right,10,1.245537,3.627243,9.067015,-0.015885,-0.008711,-0.014941
690392840.000,CC,recording,knock_twice_right,10,1.241261,3.598371,9.032379,-0.010715,-0.015649,-0.020962
690392850.000,CC,recording,knock_twice_right,10,1.194641,3.587729,9.007318,-0.011712,-0.016627,-0.024703
690392860.000,CC,recording,knock_twice_right,10,1.130683,3.571575,9.025384,-0.017723,-0.012196,-0.024616
690392870.000,CC,recording,knock_twice_right,10,1.098183,3.577444,9.021636,-0.025172,-0.005525,-0.021871
690392880.000,CC,recording,knock_twice_right,10,1.103572,3.556359,9.070185,-0.031935,-0.000581,-0.018422
690392890.000,CC,recording,knock_twice_right,10,1.123896,3.562009,9.117963,-0.033181,0.001023,-0.016552
690392900.000,CC,recording,knock_twice_right,10,1.149782,3.549710,9.185633,-0.026868,-0.000998,-0.016772
690392910.000,CC,recording,knock_twice_right,10,1.144210,3.552685,9.171952,-0.014670,-0.010961,-0.018633
690392920.000,CC,recording,knock_twice_right,10,1.123375,3.587024,9.229341,0.000137,-0.026246,-0.021034
690392930.000,CC,recording,knock_twice_right,10,1.138797,3.585553,9.120955,0.009476,-0.032120,-0.022339
690392940.000,CC,recording,knock_twice_right,10,1.168506,3.570388,9.038765,0.008888,-0.027313,-0.022123
690392950.000,CC,recording,knock_twice_right,10,1.100014,3.633219,9.055595,-0.000325,-0.017893,-0.020096
690392960.000,CC,recording,knock_twice_right,10,1.149778,3.595780,8.998717,-0.014114,-0.003332,-0.020051
690392970.000,CC,recording,knock_twice_right,10,1.162317,3.553621,9.098212,-0.022848,0.011533,-0.023603
690392980.000,CC,recording,knock_twice_right,10,1.042456,3.554031,9.225306,-0.021942,0.020324,-0.023916
690392990.000,CC,recording,knock_twice_right,10,1.000249,3.525412,9.237802,-0.013847,0.019938,-0.020038
690393000.000,CC,recording,knock_twice_right,10,1.046665,3.504976,9.256340,0.000385,0.010424,-0.016275
690393010.000,CC,recording,knock_twice_right,10,1.042768,3.549860,9.263786,0.018117,-0.005092,-0.013909
690393020.000,CC,recording,knock_twice_right,10,1.097018,3.541922,9.154017,0.033346,-0.020661,-0.014066
690393030.000,CC,recording,knock_twice_right,10,1.046426,3.559832,9.024658,0.040753,-0.029055,-0.014458
690393040.000,CC,recording,knock_twice_right,10,1.010909,3.582341,8.952512,0.036734,-0.028058,-0.012374
690393050.000,CC,recording,knock_twice_right,10,1.061815,3.567057,8.922151,0.024278,-0.019478,-0.009183
690393060.000,CC,recording,knock_twice_right,10,1.060349,3.557807,8.959327,0.011318,-0.007645,-0.004436
690393070.000,CC,recording,knock_twice_right,10,1.056750,3.569284,8.991402,0.003341,0.000888,0.000778
690393080.000,CC,recording,knock_twice_right,10,1.053124,3.539478,9.031757,0.003241,0.001653,0.004817
690393090.000,CC,recording,knock_twice_right,10,1.017178,3.535214,9.044192,0.010105,-0.006359,0.009277
690393100.000,CC,recording,knock_twice_right,10,0.972909,3.519591,9.031769,0.019228,-0.021082,0.016002
690393110.000,CC,recording,knock_twice_right,10,0.910543,3.515949,8.943052,0.025954,-0.036829,0.027588
690393120.000,CC,recording,knock_twice_right,10,0.802717,3.503803,8.882163,0.024929,-0.048401,0.048807
690393130.000,CC,recording,knock_twice_right,10,0.750012,3.437795,8.819719,0.017155,-0.055721,0.073510
690393140.000,CC,recording,knock_twice_right,10,0.987376,3.474000,8.986007,0.012814,-0.068142,0.089317
690393150.000,CC,recording,knock_twice_right,10,1.097815,3.565594,9.255939,0.020148,-0.093759,0.091200
690393160.000,CC,recording,knock_twice_right,10,1.341020,3.610870,9.454499,0.038473,-0.110554,0.079361
690393170.000,CC,recording,knock_twice_right,10,1.530107,3.582518,9.295546,0.050906,-0.088669,0.061830
690393180.000,CC,recording,knock_twice_right,10,1.516760,3.592586,9.032690,0.043661,-0.036860,0.047860
690393190.000,CC,recording,knock_twice_right,10,1.404858,3.666545,8.958705,0.023121,0.012798,0.039054
690393200.000,CC,recording,knock_twice_right,10,1.255066,3.703685,9.037687,0.003509,0.042876,0.034433
690393210.000,CC,recording,knock_twice_right,10,1.259785,3.689929,9.089501,-0.005725,0.054145,0.032917
690393220.000,CC,recording,knock_twice_right,10,1.275776,3.677511,9.160530,-0.001578,0.047429,0.029449
690393230.000,CC,recording,knock_twice_right,10,1.342980,3.708959,9.229235,0.014116,0.027890,0.021758
690393240.000,CC,recording,knock_twice_right,10,1.406227,3.753226,9.202637,0.034661,0.010476,0.010931
690393250.000,CC,recording,knock_twice_right,10,1.413650,3.736141,9.090074,0.049938,0.004340,-0.001599
690393260.000,CC,recording,knock_twice_right,10,1.338096,3.762903,8.964060,0.053753,0.006735,-0.011408
690393270.000,CC,recording,knock_twice_right,10,1.267085,3.781988,8.873133,0.046405,0.014084,-0.015725
690393280.000,CC,recording,knock_twice_right,11,1.271674,3.798627,8.832897,0.031071,0.027680,-0.017596
690393290.000,CC,recording,knock_twice_right,11,1.297252,3.753945,8.840121,0.014624,0.042900,-0.019906
690393300.000,CC,recording,knock_twice_right,11,1.276069,3.756952,8.884440,0.002210,0.049790,-0.023493
690393310.000,CC,recording,knock_twice_right,11,1.235457,3.731764,8.928933,-0.003605,0.044799,-0.028042
690393320.000,CC,recording,knock_twice_right,11,1.186326,3.717425,8.962705,-0.001919,0.031291,-0.031313
690393330.000,CC,recording,knock_twice_right,11,1.142125,3.714300,8.938801,0.001806,0.014804,-0.032596
690393340.000,CC,recording,knock_twice_right,11,1.079354,3.679586,8.940950,0.002866,-0.000142,-0.030561
690393350.000,CC,recording,knock_twice_right,11,1.040184,3.651811,8.951630,0.002285,-0.011066,-0.024834
690393360.000,CC,recording,knock_twice_right,11,1.072264,3.640671,8.978214,0.002098,-0.015627,-0.018379
690393370.000,CC,recording,knock_twice_right,11,1.129927,3.635365,8.990019,0.001599,-0.016284,-0.014457
690393380.000,CC,recording,knock_twice_right,11,1.162865,3.634784,9.003110,0.000503,-0.017041,-0.014459
690393390.000,CC,recording,knock_twice_right,11,1.161520,3.615168,9.003198,0.000602,-0.017547,-0.016419
690393400.000,CC,recording,knock_twice_right,11,1.122062,3.592231,9.058912,0.001841,-0.017504,-0.017377
690393410.000,CC,recording,knock_twice_right,11,1.109085,3.565439,9.052827,0.003358,-0.016672,-0.017203
690393420.000,CC,recording,knock_twice_right,11,1.109760,3.558304,9.092761,0.006917,-0.013142,-0.016007
690393430.000,CC,recording,knock_twice_right,11,1.062765,3.569015,9.064308,0.010592,-0.009913,-0.013506
690393440.000,CC,recording,knock_twice_right,11,1.011670,3.562841,9.083778,0.013987,-0.011570,-0.010768
690393450.000,CC,recording,knock_twice_right,11,1.044527,3.574360,9.085446,0.018260,-0.011618,-0.007330
690393460.000,CC,recording,knock_twice_right,11,1.074049,3.562239,9.016470,0.018913,-0.003264,-0.003411
690393470.000,CC,recording,knock_twice_right,11,1.066554,3.552332,9.011040,0.014731,0.008225,0.001439
690393480.000,CC,recording,knock_twice_right,11,1.030704,3.587611,8.999742,0.009970,0.018245,0.007385
690393490.000,CC,recording,knock_twice_right,11,1.047362,3.605763,9.003625,0.006016,0.024310,0.011678
690393500.000,CC,recording,knock_twice_right,11,1.092019,3.626112,9.037188,0.004751,0.025807,0.013938
690393510.000,CC,recording,knock_twice_right,11,1.141671,3.593644,9.080980,0.009415,0.025588,0.014178
690393520.000,CC,recording,knock_twice_right,11,1.181984,3.649094,9.063519,0.016879,0.017640,0.010834
690393530.000,CC,recording,knock_twice_right,11,1.136969,3.658580,9.068794,0.023531,0.003628,0.006618
690393540.000,CC,recording,knock_twice_right,11,1.186043,3.661143,8.995899,0.025669,-0.000912,0.004376
690393550.000,CC,recording,knock_twice_right,11,1.149507,3.665894,8.872819,0.021975,0.006874,0.003959
690393560.000,CC,recording,knock_twice_right,11,1.168546,3.674220,8.871961,0.013357,0.016862,0.005665
690393570.000,CC,recording,knock_twice_right,11,1.159142,3.667867,8.900058,0.005010,0.022120,0.007324
690393580.000,CC,recording,knock_twice_right,11,1.194614,3.631180,8.971760,0.002243,0.024262,0.005635
690393590.000,CC,recording,knock_twice_right,11,1.291840,3.614247,8.973910,0.004006,0.020659,-0.003176
690393600.000,CC,recording,knock_twice_right,11,1.394671,3.665476,9.020033,0.007638,-0.000164,-0.025433
690393610.000,CC,recording,knock_twice_right,11,1.598283,3.770192,9.089749,0.016186,-0.037656,-0.062365
690393620.000,CC,recording,knock_twice_right,11,1.604282,3.829634,9.238671,0.031359,-0.081547,-0.106568
690393630.000,CC,recording,knock_twice_right,11,1.596203,3.758663,9.212784,0.049406,-0.124776,-0.150367
690393640.000,CC,recording,knock_twice_right,11,0.890357,3.572033,8.881166,0.061216,-0.139351,-0.165748
690393650.000,CC,recording,knock_twice_right,11,-1.498409,3.124962,7.547000,0.000358,-0.100766,-0.073616
690393660.000,CC,recording,knock_twice_right,11,-1.601494,3.262900,6.518147,-0.170855,-0.029411,0.135808
690393670.000,CC,recording,knock_twice_right,11,-0.664524,3.456792,7.287121,-0.381840,0.044606,0.339379
690393680.000,CC,recording,knock_twice_right,11,1.144401,3.407592,8.021979,-0.540139,0.098532,0.436504
690393690.000,CC,recording,knock_twice_right,11,2.292397,3.502954,9.703149,-0.579984,0.111055,0.411441
690393700.000,CC,recording,knock_twice_right,11,3.340085,3.353935,10.905356,-0.487647,0.101354,0.288846
690393710.000,CC,recording,knock_twice_right,11,3.538490,3.631664,11.356063,-0.311067,0.105847,0.114242
690393720.000,CC,recording,knock_twice_right,11,3.679508,3.631699,11.286107,-0.118666,0.140369,-0.076464
690393730.000,CC,recording,knock_twice_right,11,3.530146,3.612240,11.026051,0.047585,0.216624,-0.249735
690393740.000,CC,recording,knock_twice_right,11,2.785259,3.911083,10.682550,0.171920,0.318219,-0.376073
690393750.000,CC,recording,knock_twice_right,11,1.979979,3.680895,9.895290,0.246588,0.402963,-0.442351
690393760.000,CC,recording,knock_twice_right,11,0.761639,3.356236,8.992867,0.272118,0.463477,-0.422612
690393770.000,CC,recording,knock_twice_right,11,-0.523917,3.561611,8.071303,0.237673,0.502263,-0.303885
690393780.000,CC,recording,knock_twice_right,11,-0.862053,3.929056,7.341312,0.138567,0.478450,-0.147437
690393790.000,CC,recording,knock_twice_right,11,-0.347666,3.882716,7.501044,0.019735,0.370364,-0.038900
690393800.000,CC,recording,knock_twice_right,11,0.529371,3.905391,8.294681,-0.054088,0.215142,-0.007248
690393810.000,CC,recording,knock_twice_right,11,1.188255,3.769640,9.053606,-0.044677,0.048003,-0.040192
690393820.000,CC,recording,knock_twice_right,11,1.158273,3.597421,9.476438,0.036882,-0.128436,-0.105370
690393830.000,CC,recording,knock_twice_right,11,0.806673,3.413218,9.532490,0.164067,-0.308173,-0.165740
690393840.000,CC,recording,knock_twice_right,11,0.065982,3.191480,9.086709,0.285294,-0.450825,-0.166582
690393850.000,CC,recording,knock_twice_right,11,-2.180440,3.147508,7.159170,0.279832,-0.543345,-0.031992
690393860.000,CC,recording,knock_twice_right,11,-2.096710,3.242966,6.350150,0.129700,-0.602311,0.187259
690393870.000,CC,recording,knock_twice_right,11,0.699750,3.088863,8.253775,-0.031126,-0.590374,0.336612
690393880.000,CC,recording,knock_twice_right,11,2.881877,3.451489,9.758918,-0.102558,-0.473966,0.341423
690393890.000,CC,recording,knock_twice_right,11,3.902006,3.813998,10.918031,-0.073304,-0.296000,0.218779
690393900.000,CC,recording,knock_twice_right,11,3.830877,3.595707,11.118062,0.013640,-0.116901,0.047124
690393910.000,CC,recording,knock_twice_right,11,2.380832,3.722289,10.723994,0.110230,0.014728,-0.089685
690393920.000,CC,recording,knock_twice_right,11,1.147805,3.396795,10.225003,0.187521,0.104029,-0.145699
690393930.000,CC,recording,knock_twice_right,11,0.235913,3.276987,9.101471,0.203268,0.203004,-0.096375
690393940.000,CC,recording,knock_twice_right,11,-0.337786,3.516156,8.145750,0.140876,0.279150,0.034338
690393950.000,CC,recording,knock_twice_right,11,0.024876,3.749078,8.492794,0.055598,0.273689,0.149821
690393960.000,CC,recording,knock_twice_right,11,0.974765,3.988608,9.094854,0.002145,0.213632,0.186006
690393970.000,CC,recording,knock_twice_right,11,1.694520,3.838189,9.330763,-0.001398,0.162523,0.156792
690393980.000,CC,recording,knock_twice_right,11,1.755192,3.776058,9.272292,0.024714,0.132699,0.093306
690393990.000,CC,recording,knock_twice_right,11,1.376240,3.817538,8.913290,0.045016,0.107943,0.034478
690394000.000,CC,recording,knock_twice_right,11,0.873141,3.734098,8.618512,0.045818,0.088640,0.006905
690394010.000,CC,recording,knock_twice_right,11,0.626023,3.678068,8.353748,0.024952,0.068162,0.009969
690394020.000,CC,recording,knock_twice_right,11,0.545303,3.684391,8.346426,-0.004769,0.038225,0.031065
690394030.000,CC,recording,knock_twice_right,11,0.705233,3.704907,8.526250,-0.026184,0.002137,0.052453
690394040.000,CC,recording,knock_twice_right,11,1.053521,3.738261,8.743707,-0.033755,-0.030825,0.058944
690394050.000,CC,recording,knock_twice_right,11,1.384335,3.764405,8.922873,-0.030696,-0.050511,0.047445
690394060.000,CC,recording,knock_twice_right,11,1.430429,3.757944,8.973756,-0.025241,-0.056020,0.027349
690394070.000,CC,recording,knock_twice_right,11,1.319039,3.761719,8.951083,-0.024275,-0.050180,0.008749
690394080.000,CC,recording,knock_twice_right,11,1.238435,3.752084,8.929294,-0.031143,-0.032434,-0.004233
690394090.000,CC,recording,knock_twice_right,11,1.204320,3.721434,8.928366,-0.044447,-0.010408,-0.012441
690394100.000,CC,recording,knock_twice_right,11,1.206138,3.721810,9.021532,-0.057916,0.006278,-0.019554
690394110.000,CC,recording,knock_twice_right,11,1.236146,3.693170,9.087523,-0.065437,0.015340,-0.028054
690394120.000,CC,recording,knock_twice_right,11,1.196695,3.635715,9.146173,-0.064160,0.020050,-0.036759
690394130.000,CC,recording,knock_twice_right,11,1.159043,3.586250,9.214792,-0.054958,0.022158,-0.043861
690394140.000,CC,recording,knock_twice_right,11,1.105425,3.543882,9.225880,-0.041994,0.020281,-0.050160
690394150.000,CC,recording,knock_twice_right,11,1.080785,3.552280,9.155299,-0.029813,0.019027,-0.055695
690394160.000,CC,recording,knock_twice_right,11,0.995428,3.487277,9.092829,-0.022277,0.022827,-0.058548
690394170.000,CC,recording,knock_twice_right,11,0.853992,3.455874,9.042973,-0.019619,0.025008,-0.055225
690394180.000,CC,recording,knock_twice_right,11,0.724866,3.489601,9.017764,-0.020232,0.021275,-0.045456
690394190.000,CC,recording,knock_twice_right,11,0.735460,3.449552,9.013456,-0.022623,0.018308,-0.031576
690394200.000,CC,recording,knock_twice_right,11,0.733658,3.440216,9.039984,-0.024310,0.016288,-0.015835
690394210.000,CC,recording,knock_twice_right,11,0.758605,3.479128,9.075528,-0.023811,0.010033,0.000410
690394220.000,CC,recording,knock_twice_right,11,0.808817,3.544585,9.107249,-0.020541,0.001625,0.013588
690394230.000,CC,recording,knock_twice_right,11,0.916532,3.562545,9.113864,-0.013749,-0.006733,0.021138
690394240.000,CC,recording,knock_twice_right,11,0.919364,3.582656,9.086681,-0.005486,-0.017112,0.026220
690394250.000,CC,recording,knock_twice_right,11,0.888519,3.617369,9.008997,-0.000012,-0.032156,0.030503
690394260.000,CC,recording,knock_twice_right,11,0.938512,3.634560,8.983352,0.001253,-0.044970,0.034464
690394270.000,CC,recording,knock_twice_right,11,1.100820,3.649217,9.067928,0.002180,-0.045853,0.035291
690394280.000,CC,recording,knock_twice_right,11,1.240670,3.637611,9.150229,0.007735,-0.037527,0.031313
690394290.000,CC,recording,knock_twice_right,11,1.180577,3.707400,9.091162,0.014063,-0.028958,0.025884
690394300.000,CC,recording,knock_twice_right,11,1.147983,3.717280,8.976365,0.014385,-0.023855,0.019952
690394310.000,CC,recording,knock_twice_right,11,1.130786,3.710143,8.908940,0.010486,-0.022579,0.013500
690394320.000,CC,recording,knock_twice_right,11,1.132154,3.702871,8.980718,0.007282,-0.025563,0.006525
690394330.000,CC,recording,knock_twice_right,11,1.186495,3.696522,8.987519,0.006024,-0.029637,-0.002213
690394340.000,CC,recording,knock_twice_right,11,1.145943,3.682345,8.965054,0.003342,-0.030082,-0.010843
690394350.000,CC,recording,knock_twice_right,11,1.039605,3.615400,8.910507,-0.002573,-0.028302,-0.014604
690394360.000,CC,recording,knock_twice_right,11,0.976864,3.577617,8.938675,-0.008604,-0.030168,-0.012957
690394370.000,CC,recording,knock_twice_right,11,0.933857,3.546070,9.020730,-0.010477,-0.036210,-0.008245
690394380.000,CC,recording,knock_twice_right,11,0.982011,3.575510,9.065052,-0.006683,-0.045592,-0.002473
690394390.000,CC,recording,knock_twice_right,11,0.986478,3.548367,9.114113,0.001716,-0.056925,0.001655
690394400.000,CC,recording,knock_twice_right,11,1.017620,3.550489,9.116306,0.011652,-0.064376,0.005358
690394410.000,CC,recording,knock_twice_right,11,1.013154,3.529505,9.033110,0.016279,-0.065010,0.010809
690394420.000,CC,recording,knock_twice_right,11,1.068527,3.581829,9.042146,0.013974,-0.062537,0.015212
690394430.000,CC,recording,knock_twice_right,11,1.160054,3.623862,9.070905,0.008484,-0.056020,0.014846
690394440.000,CC,recording,knock_twice_right,11,1.233204,3.634365,9.032401,0.001101,-0.044321,0.010296
690394450.000,CC,recording,knock_twice_right,11,1.167592,3.641502,9.029979,-0.007271,-0.032759,0.006204
690394460.000,CC,recording,knock_twice_right,11,1.153090,3.613673,9.096540,-0.013562,-0.022803,0.005190
690394470.000,CC,recording,knock_twice_right,11,1.155877,3.564418,9.184313,-0.013100,-0.016682,0.006301
690394480.000,CC,recording,knock_twice_right,11,1.215381,3.589078,9.232904,-0.004754,-0.015668,0.006078
690394490.000,CC,recording,knock_twice_right,11,1.254480,3.611611,9.235618,0.008031,-0.017466,0.002741
690394500.000,CC,recording,knock_twice_right,11,1.241046,3.614895,9.155507,0.020209,-0.019910,-0.002395
690394510.000,CC,recording,knock_twice_right,11,1.164315,3.612180,9.057649,0.025514,-0.022488,-0.006777
690394520.000,CC,recording,knock_twice_right,11,1.149073,3.634933,8.973350,0.021684,-0.023616,-0.008470
690394530.000,CC,recording,knock_twice_right,11,1.170324,3.646063,8.939472,0.012610,-0.021019,-0.008774
690394540.000,CC,recording,knock_twice_right,11,1.143421,3.623426,8.981697,0.003832,-0.015436,-0.007833
690394550.000,CC,recording,knock_twice_right,11,1.146492,3.612111,9.021270,-0.000408,-0.008921,-0.006432
690394560.000,CC,recording,knock_twice_right,11,1.160431,3.625539,9.037900,0.001399,-0.005898,-0.006911
690394570.000,CC,recording,knock_twice_right,11,1.123581,3.624745,9.041658,0.006051,-0.008780,-0.007190
690394580.000,CC,recording,knock_twice_right,11,1.037774,3.616144,8.990101,0.010493,-0.016509,-0.004497
690394590.000,CC,recording,knock_twice_right,11,1.041849,3.592769,8.954120,0.014507,-0.029574,-0.000191
690394600.000,CC,recording,knock_twice_right,11,1.050175,3.621169,8.927425,0.017351,-0.045137,0.003713
690394610.000,CC,recording,knock_twice_right,11,1.104048,3.636863,8.945766,0.016968,-0.055838,0.006705
690394620.000,CC,recording,knock_twice_right,11,1.190683,3.645403,8.966463,0.013114,-0.058315,0.007447
690394630.000,CC,recording,knock_twice_right,11,1.211754,3.650936,9.002664,0.008431,-0.054418,0.005313
690394640.000,CC,recording,knock_twice_right,11,1.207092,3.663414,9.033446,0.004930,-0.046965,0.002596
690394650.000,CC,recording,knock_twice_right,11,1.174382,3.626953,9.042727,0.002497,-0.039930,0.000910
690394660.000,CC,recording,knock_twice_right,11,1.151522,3.614150,9.071354,0.002052,-0.036080,0.000157
690394670.000,CC,recording,knock_twice_right,11,1.158750,3.626213,9.084478,0.004812,-0.033710,-0.000392
690394680.000,CC,recording,knock_twice_right,11,1.179448,3.612684,9.072704,0.007656,-0.029794,-0.000933
690394690.000,CC,recording,knock_twice_right,11,1.147921,3.609185,9.037308,0.008592,-0.023734,-0.001226
690394700.000,CC,recording,knock_twice_right,11,1.141701,3.599097,9.037434,0.006600,-0.019522,-0.000586
690394710.000,CC,recording,knock_twice_right,11,1.139436,3.597497,9.039769,0.002694,-0.018363,0.000603
690394720.000,CC,recording,knock_twice_right,11,1.166375,3.581306,9.079833,0.001178,-0.015848,0.000790
690394730.000,CC,recording,knock_twice_right,11,1.170313,3.597151,9.117388,0.002512,-0.011224,0.000988
690394740.000,CC,recording,knock_twice_right,11,1.134952,3.601113,9.101527,0.005516,-0.005313,0.003373
690394750.000,CC,recording,knock_twice_right,11,1.103192,3.600602,9.054801,0.008264,0.000679,0.006433
690394760.000,CC,recording,knock_twice_right,11,1.077043,3.631748,9.014057,0.009406,0.003107,0.009577
690394770.000,CC,recording,knock_twice_right,11,1.105523,3.662559,9.004770,0.010542,-0.000309,0.012750
690394780.000,CC,recording,knock_twice_right,11,1.153813,3.671329,8.999609,0.012455,-0.009814,0.014935
690394790.000,CC,recording,knock_twice_right,11,1.206098,3.679495,9.051794,0.015059,-0.021770,0.015465
690394800.000,CC,recording,knock_twice_right,11,1.237427,3.678959,9.070762,0.019506,-0.030544,0.013806
690394810.000,CC,recording,knock_twice_right,11,1.260081,3.678739,9.063837,0.023860,-0.034225,0.011659
690394820.000,CC,recording,knock_twice_right,11,1.310475,3.674513,9.021845,0.024350,-0.030115,0.009526
690394830.000,CC,recording,knock_twice_right,11,1.304565,3.693093,8.947816,0.020114,-0.018504,0.007644
690394840.000,CC,recording,knock_twice_right,11,1.260319,3.706551,8.918813,0.011836,-0.006779,0.007426
690394850.000,CC,recording,knock_twice_right,11,1.272631,3.711704,8.952987,0.004257,-0.000018,0.007539
690394860.000,CC,recording,knock_twice_right,11,1.300191,3.707812,9.001511,0.000937,0.001455,0.004846
690394870.000,CC,recording,knock_twice_right,11,1.304013,3.730166,9.016790,0.001225,-0.000570,0.001022
690394880.000,CC,recording,knock_twice_right,11,1.281874,3.719531,9.005967,0.002725,-0.005484,-0.001294
690394890.000,CC,recording,knock_twice_right,11,1.282653,3.716523,9.026027,0.003856,-0.010669,-0.003551
690394900.000,CC,recording,knock_twice_right,11,1.272403,3.688567,9.040523,0.006874,-0.011636,-0.006802
690394910.000,CC,recording,knock_twice_right,11,1.279171,3.685278,9.050327,0.011261,-0.009074,-0.010155
690394920.000,CC,recording,knock_twice_right,11,1.250779,3.677593,8.987609,0.013460,-0.006854,-0.012163
690394930.000,CC,recording,knock_twice_right,11,1.190374,3.659827,8.936703,0.011558,-0.008560,-0.011303
690394940.000,CC,recording,knock_twice_right,11,1.126560,3.636942,8.932829,0.006804,-0.011977,-0.007757
690394950.000,CC,recording,knock_twice_right,11,1.170830,3.608377,8.999955,0.004258,-0.013154,-0.004086
690394960.000,CC,recording,knock_twice_right,11,1.238069,3.629447,9.084624,0.006517,-0.011200,-0.003182
690394970.000,CC,recording,knock_twice_right,11,1.263940,3.631717,9.067148,0.009552,-0.005568,-0.005068
690394980.000,CC,recording,knock_twice_right,11,1.217260,3.629809,8.995680,0.009377,0.001327,-0.005626
690394990.000,CC,recording,knock_twice_right,11,1.132499,3.610779,8.944736,0.006603,0.004819,-0.003669
690395000.000,CC,recording,knock_twice_right,11,1.087667,3.594837,8.937083,0.003632,0.002193,-0.000609
690395010.000,CC,recording,knock_twice_right,11,1.114261,3.621048,8.951122,0.001588,-0.004409,0.002107
690395020.000,CC,recording,knock_twice_right,11,1.153848,3.652443,8.942464,-0.000117,-0.010287,0.003726
690395030.000,CC,recording,knock_twice_right,11,1.157968,3.614045,8.973606,-0.001008,-0.012220,0.004702
690395040.000,CC,recording,knock_twice_right,11,1.124218,3.612834,9.010397,-0.000877,-0.012743,0.006662
690395050.000,CC,recording,knock_twice_right,11,1.101599,3.597870,9.010367,0.000050,-0.014700,0.010345
690395060.000,CC,recording,knock_twice_right,11,1.120013,3.608360,8.979222,0.001119,-0.017211,0.013256
690395070.000,CC,recording,knock_twice_right,11,1.146669,3.600995,8.977435,0.000697,-0.017571,0.014645
690395080.000,CC,recording,knock_twice_right,11,1.170379,3.592899,9.027205,0.000262,-0.014949,0.014967
690395090.000,CC,recording,knock_twice_right,11,1.168633,3.611833,9.037976,0.000825,-0.011727,0.016025
690395100.000,CC,recording,knock_twice_right,11,1.159801,3.601807,9.017709,0.000761,-0.006781,0.018958
690395110.000,CC,recording,knock_twice_right,11,1.180877,3.618718,8.999592,-0.001380,-0.000435,0.022244
690395120.000,CC,recording,knock_twice_right,11,1.143648,3.617371,9.007901,-0.002791,0.000850,0.025728
690395130.000,CC,recording,knock_twice_right,11,1.135958,3.640289,9.020901,-0.000872,-0.005428,0.028610
690395140.000,CC,recording,knock_twice_right,11,1.195383,3.645962,9.038491,0.004300,-0.015389,0.029554
690395150.000,CC,recording,knock_twice_right,11,1.249347,3.617890,9.067786,0.013378,-0.024464,0.028057
690395160.000,CC,recording,knock_twice_right,11,1.252906,3.648091,9.049704,0.021413,-0.030335,0.024491
690395170.000,CC,recording,knock_twice_right,11,1.236171,3.672641,8.998615,0.022935,-0.031815,0.022383
690395180.000,CC,recording,knock_twice_right,11,1.252983,3.664596,8.940190,0.016406,-0.026610,0.023007
690395190.000,CC,recording,knock_twice_right,11,1.285869,3.659922,8.944312,0.005798,-0.018042,0.024408
690395200.000,CC,recording,knock_twice_right,11,1.319378,3.683085,9.003932,-0.002662,-0.010236,0.024439
690395210.000,CC,recording,knock_twice_right,11,1.332474,3.665197,9.046192,-0.007280,-0.002519,0.023993
690395220.000,CC,recording,knock_twice_right,11,1.322193,3.658371,9.086975,-0.006305,0.003105,0.024499
690395230.000,CC,recording,knock_twice_right,11,1.309392,3.663227,9.111480,0.000350,0.002561,0.024662
690395240.000,CC,recording,knock_twice_right,11,1.286167,3.676366,9.075569,0.010004,-0.004491,0.024400
690395250.000,CC,recording,knock_twice_right,11,1.301702,3.666418,9.031834,0.020639,-0.015680,0.023986
690395260.000,CC,recording,knock_twice_right,11,1.325356,3.684749,9.001650,0.029109,-0.028760,0.022504
690395270.000,CC,recording,knock_twice_right,11,1.329559,3.691317,8.949293,0.033041,-0.040123,0.020823
690395280.000,CC,recording,knock_twice_right,11,1.341729,3.690730,8.911307,0.031090,-0.046375,0.019193
690395290.000,CC,recording,knock_twice_right,11,1.400542,3.712565,8.909872,0.024376,-0.042580,0.015835
690395300.000,CC,recording,knock_twice_right,11,1.449351,3.680594,8.945747,0.017570,-0.029853,0.010568
690395310.000,CC,recording,knock_twice_right,11,1.423966,3.678909,8.979983,0.011582,-0.017405,0.005312
690395320.000,CC,recording,knock_twice_right,11,1.386951,3.683567,8.915474,0.005987,-0.009575,0.000342
690395330.000,CC,recording,knock_twice_right,11,1.335547,3.643260,8.899375,0.002298,-0.008977,-0.004263
690395340.000,CC,recording,knock_twice_right,11,1.254907,3.652416,8.905049,0.001086,-0.016988,-0.006182
690395350.000,CC,recording,knock_twice_right,11,1.194585,3.625653,8.938929,0.001232,-0.029234,-0.004334
690395360.000,CC,recording,knock_twice_right,11,1.196946,3.591267,8.938680,0.001419,-0.040063,-0.000701
690395370.000,CC,recording,knock_twice_right,11,1.225190,3.614082,8.939896,0.000499,-0.045540,0.004127
690395380.000,CC,recording,knock_twice_right,11,1.279433,3.621372,8.972620,-0.000623,-0.045531,0.009316
690395390.000,CC,recording,knock_twice_right,11,1.325037,3.658023,8.981714,-0.000718,-0.043186,0.010599
690395400.000,CC,recording,knock_twice_right,11,1.382325,3.684461,8.963614,-0.001369,-0.041011,0.007742
690395410.000,CC,recording,knock_twice_right,11,1.377817,3.672819,8.916081,-0.004581,-0.040923,0.002284
690395420.000,CC,recording,knock_twice_right,11,1.288890,3.695316,8.883412,-0.010843,-0.040657,-0.001351
690395430.000,CC,recording,knock_twice_right,11,1.232673,3.645634,8.883374,-0.017521,-0.035937,0.002745
690395440.000,CC,recording,knock_twice_right,11,1.246877,3.623480,8.961629,-0.023034,-0.028834,0.008928
690395450.000,CC,recording,knock_twice_right,11,1.295187,3.697313,8.987522,-0.028295,-0.023628,0.011511
690395460.000,CC,recording,knock_twice_right,11,1.382590,3.642446,9.014543,-0.031597,-0.018181,0.011108
690395470.000,CC,recording,knock_twice_right,11,1.380679,3.636613,9.042613,-0.031592,-0.013679,0.006132
690395480.000,CC,recording,knock_twice_right,11,1.374277,3.643423,9.110176,-0.026203,-0.012683,0.001163
690395490.000,CC,recording,knock_twice_right,11,1.315891,3.620520,9.094532,-0.018195,-0.011126,-0.000059
690395500.000,CC,recording,knock_twice_right,11,1.322854,3.623834,9.042738,-0.014483,-0.006849,0.001502
690395510.000,CC,recording,knock_twice_right,11,1.287492,3.605647,9.016292,-0.015160,0.000478,0.005089
690395520.000,CC,recording,knock_twice_right,11,1.300336,3.634185,9.000185,-0.016720,0.008702,0.009458
690395530.000,CC,recording,knock_twice_right,11,1.344793,3.631945,9.046866,-0.017052,0.013372,0.012329
690395540.000,CC,recording,knock_twice_right,11,1.385198,3.622978,9.041866,-0.015813,0.013604,0.009900
690395550.000,CC,recording,knock_twice_right,11,1.409896,3.636523,9.059336,-0.012481,0.010979,0.004183
690395560.000,CC,recording,knock_twice_right,11,1.337283,3.610552,9.065425,-0.008222,0.008319,0.000124
690395570.000,CC,recording,knock_twice_right,11,1.247152,3.584045,9.055708,-0.005644,0.008459,0.000986
690395580.000,CC,recording,knock_twice_right,11,1.199631,3.593534,9.025193,-0.006261,0.010167,0.008048
690395590.000,CC,recording,knock_twice_right,11,1.234353,3.601006,9.016108,-0.008981,0.012187,0.017754
690395600.000,CC,recording,knock_twice_right,11,1.310541,3.609703,9.018326,-0.010116,0.013775,0.023348
690395610.000,CC,recording,knock_twice_right,11,1.366665,3.637280,9.025615,-0.007465,0.012075,0.022956
690395620.000,CC,recording,knock_twice_right,11,1.386424,3.655451,9.029538,-0.003595,0.007476,0.019822
690395630.000,CC,recording,knock_twice_right,11,1.364944,3.667777,8.984017,-0.000253,0.002741,0.016709
690395640.000,CC,recording,knock_twice_right,11,1.350730,3.638893,8.995253,0.001947,-0.002449,0.015607
690395650.000,CC,recording,knock_twice_right,11,1.320970,3.648531,9.010097,0.002728,-0.006537,0.016279
690395660.000,CC,recording,knock_twice_right,11,1.341933,3.655506,9.012507,0.003722,-0.008032,0.017815
690395670.000,CC,recording,knock_twice_right,11,1.393734,3.667416,9.015910,0.006068,-0.009762,0.017715
690395680.000,CC,recording,knock_twice_right,11,1.419221,3.664854,9.013866,0.008490,-0.011290,0.014923
690395690.000,CC,recording,knock_twice_right,11,1.422639,3.660210,8.978254,0.009498,-0.011052,0.012610
690395700.000,CC,recording,knock_twice_right,11,1.418272,3.669615,8.970317,0.009841,-0.010936,0.010792
690395710.000,CC,recording,knock_twice_right,11,1.465518,3.689535,8.964668,0.010474,-0.012457,0.007117
690395720.000,CC,recording,knock_twice_right,11,1.463850,3.681228,8.961381,0.011359,-0.014212,0.001400
690395730.000,CC,recording,knock_twice_right,11,1.450852,3.680277,8.936350,0.010866,-0.013638,-0.004588
690395740.000,CC,recording,knock_twice_right,11,1.416455,3.650055,8.948831,0.008644,-0.011019,-0.009494
690395750.000,CC,recording,knock_twice_right,11,1.340378,3.634539,8.924905,0.005786,-0.008417,-0.010472
690395760.000,CC,recording,knock_twice_right,11,1.283292,3.608225,8.906749,0.002730,-0.008082,-0.006990
690395770.000,CC,recording,knock_twice_right,11,1.295856,3.645637,8.887247,-0.000153,-0.012950,-0.003634
690395780.000,CC,recording,knock_twice_right,11,1.321787,3.633827,8.896767,-0.001907,-0.021922,-0.002998
690395790.000,CC,recording,knock_twice_right,11,1.329485,3.637289,8.928271,-0.001941,-0.031096,-0.005245
690395800.000,CC,recording,knock_twice_right,11,1.344611,3.623392,8.951966,-0.002748,-0.036885,-0.008503
690395810.000,CC,recording,knock_twice_right,11,1.349001,3.614633,8.950806,-0.006329,-0.033783,-0.010550
690395820.000,CC,recording,knock_twice_right,11,1.309993,3.588753,8.940980,-0.013818,-0.021029,-0.008954
690395830.000,CC,recording,knock_twice_right,11,1.292647,3.586624,8.957606,-0.023252,-0.003965,-0.005154
690395840.000,CC,recording,knock_twice_right,11,1.303247,3.594310,9.000757,-0.029161,0.010413,-0.002693
690395850.000,CC,recording,knock_twice_right,11,1.293204,3.587545,9.029583,-0.029286,0.018109,-0.000617
690395860.000,CC,recording,knock_twice_right,11,1.286963,3.571469,9.089367,-0.025436,0.017880,-0.000023
690395870.000,CC,recording,knock_twice_right,11,1.263235,3.615380,9.098957,-0.019267,0.014126,-0.000643
690395880.000,CC,recording,knock_twice_right,11,1.256329,3.572268,9.076410,-0.013509,0.013353,0.000377
690395890.000,CC,recording,knock_twice_right,11,1.164591,3.565684,9.029505,-0.010812,0.013689,0.004428
690395900.000,CC,recording,knock_twice_right,11,1.155331,3.536000,9.012065,-0.009287,0.014885,0.011429
690395910.000,CC,recording,knock_twice_right,11,1.194571,3.523796,9.032253,-0.007791,0.015391,0.019217
690395920.000,CC,recording,knock_twice_right,11,1.215701,3.545075,9.042559,-0.005984,0.015281,0.025127
690395930.000,CC,recording,knock_twice_right,11,1.262403,3.547111,9.082106,-0.003232,0.021141,0.027754
690395940.000,CC,recording,knock_twice_right,11,1.296052,3.540385,9.066386,-0.000412,0.030363,0.030492
690395950.000,CC,recording,knock_twice_right,11,1.323259,3.582933,9.042652,0.001812,0.037503,0.034574
690395960.000,CC,recording,knock_twice_right,11,1.309220,3.589576,9.046370,0.004165,0.043190,0.036890
690395970.000,CC,recording,knock_twice_right,11,1.394633,3.633288,9.018464,0.005462,0.041376,0.033863
690395980.000,CC,recording,knock_twice_right,11,1.404039,3.700366,8.998964,0.006484,0.030656,0.026084
690395990.000,CC,recording,knock_twice_right,11,1.408985,3.673968,9.003117,0.008519,0.021457,0.017966
690396000.000,CC,recording,knock_twice_right,11,1.401584,3.637998,8.975641,0.009501,0.017558,0.012719
690396010.000,CC,recording,knock_twice_right,11,1.344065,3.637696,8.977084,0.009097,0.016349,0.012562
690396020.000,CC,recording,knock_twice_right,11,1.365966,3.644435,8.951255,0.007729,0.015670,0.013849
690396030.000,CC,recording,knock_twice_right,11,1.389728,3.638789,8.990259,0.007896,0.014584,0.013573
690396040.000,CC,recording,knock_twice_right,11,1.380649,3.629471,8.965704,0.008235,0.010957,0.013449
690396050.000,CC,recording,knock_twice_right,11,1.402150,3.637598,8.971629,0.006391,0.005938,0.014213
690396060.000,CC,recording,knock_twice_right,11,1.418991,3.645927,8.974616,0.004354,0.001421,0.013976
690396070.000,CC,recording,knock_twice_right,11,1.446837,3.640945,8.966447,0.001825,-0.002618,0.012674
690396080.000,CC,recording,knock_twice_right,11,1.446219,3.649018,8.941469,-0.000835,-0.002988,0.009893
690396090.000,CC,recording,knock_twice_right,11,1.450130,3.620319,8.950806,-0.003240,0.000551,0.006233
690396100.000,CC,recording,knock_twice_right,11,1.413938,3.604088,8.970555,-0.003997,0.003104,0.005456
690396110.000,CC,recording,knock_twice_right,11,1.376637,3.584234,9.017538,-0.001933,0.001726,0.006468
690396120.000,CC,recording,knock_twice_right,11,1.377247,3.620692,9.021504,0.001240,-0.001472,0.005402
690396130.000,CC,recording,knock_twice_right,11,1.355120,3.579667,8.987825,0.003754,-0.005805,0.003255
690396140.000,CC,recording,knock_twice_right,11,1.330122,3.571488,8.989839,0.005466,-0.012718,0.001550
690396150.000,CC,recording,knock_twice_right,11,1.290594,3.583059,8.954390,0.005299,-0.020464,-0.000003
690396160.000,CC,recording,knock_twice_right,11,1.266393,3.578228,8.935865,0.001244,-0.025871,0.000398
690396170.000,CC,recording,knock_twice_right,11,1.282799,3.558483,8.983898,-0.002891,-0.031392,0.002135
690396180.000,CC,recording,knock_twice_right,11,1.307495,3.557357,9.073189,-0.000015,-0.038659,0.003429
690396190.000,CC,recording,knock_twice_right,11,1.363602,3.552867,9.125058,0.009951,-0.041259,0.004518
690396200.000,CC,recording,knock_twice_right,11,1.322861,3.544238,9.065235,0.018757,-0.038438,0.006578
690396210.000,CC,recording,knock_twice_right,11,1.300974,3.565949,8.990113,0.021078,-0.034116,0.010564
690396220.000,CC,recording,knock_twice_right,11,1.298170,3.615009,8.949793,0.016520,-0.029022,0.014915
690396230.000,CC,recording,knock_twice_right,11,1.341187,3.650836,8.920872,0.008841,-0.024715,0.017220
690396240.000,CC,recording,knock_twice_right,11,1.402090,3.646813,8.925431,0.002029,-0.020322,0.015666
690396250.000,CC,recording,knock_twice_right,11,1.411562,3.656562,8.881488,-0.004140,-0.021176,0.010126
690396260.000,CC,recording,knock_twice_right,11,1.389573,3.673806,8.986989,-0.006639,-0.028858,0.004003
690396270.000,CC,recording,knock_twice_right,11,1.437704,3.660464,8.983558,-0.005711,-0.033471,-0.001200
690396280.000,CC,recording,knock_twice_right,11,1.432373,3.683348,8.932645,-0.006105,-0.034535,-0.006835
690396290.000,CC,recording,knock_twice_right,11,1.448052,3.690361,8.948799,-0.010086,-0.030787,-0.012179
690396300.000,CC,recording,knock_twice_right,11,1.451330,3.664350,8.981191,-0.017376,-0.021472,-0.015704
690396310.000,CC,recording,knock_twice_right,12,1.443795,3.661254,9.045605,-0.023848,-0.010897,-0.017579
690396320.000,CC,recording,knock_twice_right,12,1.417457,3.641918,9.101497,-0.028573,0.004679,-0.018416
690396330.000,CC,recording,knock_twice_right,12,1.427204,3.564610,9.091216,-0.031148,0.020918,-0.018250
690396340.000,CC,recording,knock_twice_right,12,1.366121,3.606165,9.128424,-0.029031,0.028469,-0.016806
690396350.000,CC,recording,knock_twice_right,12,1.375394,3.591115,9.180827,-0.021077,0.029528,-0.015147
690396360.000,CC,recording,knock_twice_right,12,1.396685,3.593295,9.180391,-0.009454,0.026747,-0.015516
690396370.000,CC,recording,knock_twice_right,12,1.383370,3.631109,9.142791,0.002045,0.019909,-0.018488
690396380.000,CC,recording,knock_twice_right,12,1.342055,3.634717,9.066547,0.008810,0.014296,-0.020610
690396390.000,CC,recording,knock_twice_right,12,1.347799,3.634935,8.936256,0.007038,0.015101,-0.020043
690396400.000,CC,recording,knock_twice_right,12,1.302219,3.653747,8.887112,-0.001404,0.016360,-0.017920
690396410.000,CC,recording,knock_twice_right,12,1.299700,3.665978,8.993701,-0.010324,0.015132,-0.014913
690396420.000,CC,recording,knock_twice_right,12,1.353436,3.640925,9.009976,-0.015454,0.017652,-0.013471
690396430.000,CC,recording,knock_twice_right,12,1.390386,3.586345,9.008659,-0.016667,0.020110,-0.013196
690396440.000,CC,recording,knock_twice_right,12,1.349046,3.619202,9.085480,-0.012172,0.015509,-0.013150
690396450.000,CC,recording,knock_twice_right,12,1.397315,3.598487,9.130329,-0.001378,0.005140,-0.015372
690396460.000,CC,recording,knock_twice_right,12,1.391469,3.620513,9.081885,0.011564,-0.006911,-0.018131
690396470.000,CC,recording,knock_twice_right,12,1.390059,3.642736,9.026460,0.020058,-0.016913,-0.020086
690396480.000,CC,recording,knock_twice_right,12,1.401730,3.674043,8.962207,0.022429,-0.022164,-0.022754
690396490.000,CC,recording,knock_twice_right,12,1.401722,3.658431,8.919436,0.019007,-0.020134,-0.025297
690396500.000,CC,recording,knock_twice_right,12,1.382103,3.660439,8.893170,0.009578,-0.011455,-0.026859
690396510.000,CC,recording,knock_twice_right,12,1.369465,3.647591,8.911425,-0.001097,-0.000405,-0.027801
690396520.000,CC,recording,knock_twice_right,12,1.374276,3.624021,8.967423,-0.007274,0.006119,-0.028501
690396530.000,CC,recording,knock_twice_right,12,1.317305,3.603190,9.019397,-0.007431,0.005189,-0.029109
690396540.000,CC,recording,knock_twice_right,12,1.263601,3.550950,9.049123,-0.003089,-0.000670,-0.027679
690396550.000,CC,recording,knock_twice_right,12,1.253031,3.546874,9.097513,0.004631,-0.006237,-0.023642
690396560.000,CC,recording,knock_twice_right,12,1.259395,3.526862,9.096242,0.014099,-0.007802,-0.018956
690396570.000,CC,recording,knock_twice_right,12,1.291513,3.552975,9.047808,0.022273,-0.006369,-0.016198
690396580.000,CC,recording,knock_twice_right,12,1.422025,3.573114,9.007646,0.026898,-0.004066,-0.024713
690396590.000,CC,recording,knock_twice_right,12,1.622486,3.603630,9.056779,0.031648,-0.006024,-0.049707
690396600.000,CC,recording,knock_twice_right,12,1.635613,3.638748,9.229266,0.044021,-0.019402,-0.086854
690396610.000,CC,recording,knock_twice_right,12,1.688135,3.573469,9.364664,0.069584,-0.046401,-0.128001
690396620.000,CC,recording,knock_twice_right,12,1.451665,3.590071,9.382445,0.108451,-0.086461,-0.161615
690396630.000,CC,recording,knock_twice_right,12,0.657920,3.414445,9.155626,0.157729,-0.138377,-0.164427
690396640.000,CC,recording,knock_twice_right,12,-1.744726,3.054492,8.555645,0.190052,-0.195938,-0.054047
690396650.000,CC,recording,knock_twice_right,12,-1.909979,3.131656,7.847890,0.156501,-0.246948,0.173086
690396660.000,CC,recording,knock_twice_right,12,-0.421139,3.166336,7.854550,0.067236,-0.283505,0.386797
690396670.000,CC,recording,knock_twice_right,12,1.126570,3.349178,8.228547,-0.023239,-0.306177,0.494536
690396680.000,CC,recording,knock_twice_right,12,2.324600,3.700938,8.809954,-0.071068,-0.322208,0.469494
690396690.000,CC,recording,knock_twice_right,12,3.591355,3.736932,9.883016,-0.039791,-0.298337,0.336079
690396700.000,CC,recording,knock_twice_right,12,4.143568,3.922420,10.693716,0.055062,-0.200430,0.144174
690396710.000,CC,recording,knock_twice_right,12,4.354387,3.976289,10.330943,0.143637,-0.030716,-0.061614
690396720.000,CC,recording,knock_twice_right,12,4.124265,4.061290,9.971908,0.180204,0.213827,-0.250151
690396730.000,CC,recording,knock_twice_right,12,3.878501,4.140787,9.660890,0.164828,0.498472,-0.403679
690396740.000,CC,recording,knock_twice_right,12,2.940859,4.312511,9.269563,0.108962,0.744790,-0.491822
690396750.000,CC,recording,knock_twice_right,12,1.409582,4.322016,8.531264,0.021685,0.909857,-0.487750
690396760.000,CC,recording,knock_twice_right,12,0.067033,4.034571,7.668208,-0.092583,0.997074,-0.391982
690396770.000,CC,recording,knock_twice_right,12,-0.810906,3.960175,7.180910,-0.223593,0.984761,-0.232766
690396780.000,CC,recording,knock_twice_right,12,-0.824166,4.100341,7.502764,-0.327537,0.843556,-0.074967
690396790.000,CC,recording,knock_twice_right,12,-0.007288,4.048108,8.320570,-0.347231,0.596619,0.013369
690396800.000,CC,recording,knock_twice_right,12,0.973828,3.825253,9.155346,-0.261717,0.303039,0.007183
690396810.000,CC,recording,knock_twice_right,12,1.498380,3.608967,9.722632,-0.095556,0.000413,-0.066307
690396820.000,CC,recording,knock_twice_right,12,1.088633,3.503850,9.774324,0.095757,-0.291679,-0.144720
690396830.000,CC,recording,knock_twice_right,12,0.350587,3.417949,9.114344,0.254738,-0.531240,-0.178897
690396840.000,CC,recording,knock_twice_right,12,-0.705498,3.190416,7.802144,0.312001,-0.660919,-0.100477
690396850.000,CC,recording,knock_twice_right,12,-2.833762,3.091607,5.910013,0.199864,-0.704963,0.115515
690396860.000,CC,recording,knock_twice_right,12,-1.131625,3.146516,6.382497,-0.017117,-0.719396,0.358298
690396870.000,CC,recording,knock_twice_right,12,0.996570,3.307134,8.033846,-0.190872,-0.689044,0.483422
690396880.000,CC,recording,knock_twice_right,12,3.841699,3.571425,9.876216,-0.241316,-0.589854,0.428306
690396890.000,CC,recording,knock_twice_right,12,4.823847,3.991509,11.343829,-0.172504,-0.421261,0.233093
690396900.000,CC,recording,knock_twice_right,12,4.969494,3.806430,11.570643,-0.057731,-0.188649,-0.003353
690396910.000,CC,recording,knock_twice_right,12,3.678896,3.631500,10.838745,0.023134,0.087135,-0.190045
690396920.000,CC,recording,knock_twice_right,12,2.407865,3.542216,10.234842,0.049815,0.366901,-0.287266
690396930.000,CC,recording,knock_twice_right,12,1.113180,3.417044,9.390416,0.013254,0.621084,-0.270561
690396940.000,CC,recording,knock_twice_right,12,-0.069593,3.656568,8.168592,-0.099676,0.803679,-0.155926
690396950.000,CC,recording,knock_twice_right,12,-0.313947,3.811167,8.065103,-0.234447,0.850804,-0.019305
690396960.000,CC,recording,knock_twice_right,12,0.256469,3.904158,8.824135,-0.305442,0.751500,0.068477
690396970.000,CC,recording,knock_twice_right,12,0.966298,3.779442,9.494330,-0.269223,0.558306,0.076288
690396980.000,CC,recording,knock_twice_right,12,1.416830,3.652142,9.868792,-0.145767,0.332922,0.021392
690396990.000,CC,recording,knock_twice_right,12,1.170857,3.521072,9.687439,0.002888,0.123881,-0.047576
690397000.000,CC,recording,knock_twice_right,12,0.648436,3.444888,9.160393,0.116316,-0.030525,-0.086345
690397010.000,CC,recording,knock_twice_right,12,0.290014,3.408779,8.512148,0.159924,-0.110970,-0.077191
690397020.000,CC,recording,knock_twice_right,12,0.208720,3.415539,8.049986,0.134526,-0.126938,-0.030081
690397030.000,CC,recording,knock_twice_right,12,0.384230,3.517343,8.039836,0.069629,-0.110146,0.028760
690397040.000,CC,recording,knock_twice_right,12,0.758737,3.615652,8.332310,0.002610,-0.089656,0.072929
690397050.000,CC,recording,knock_twice_right,12,1.193173,3.680267,8.740311,-0.043361,-0.074998,0.083721
690397060.000,CC,recording,knock_twice_right,12,1.506072,3.649239,9.000048,-0.064263,-0.063492,0.064642
690397070.000,CC,recording,knock_twice_right,12,1.396693,3.638492,9.136110,-0.065607,-0.057110,0.036416
690397080.000,CC,recording,knock_twice_right,12,1.140900,3.641091,9.145468,-0.056812,-0.065068,0.015936
690397090.000,CC,recording,knock_twice_right,12,0.892278,3.626861,9.108849,-0.046997,-0.083636,0.010251
690397100.000,CC,recording,knock_twice_right,12,0.964277,3.615426,9.192314,-0.040129,-0.092286,0.012495
690397110.000,CC,recording,knock_twice_right,12,1.356259,3.615286,9.327009,-0.033631,-0.078773,0.008110
690397120.000,CC,recording,knock_twice_right,12,1.493347,3.656552,9.354108,-0.028135,-0.049213,-0.010012
690397130.000,CC,recording,knock_twice_right,12,1.385087,3.633965,9.269689,-0.028343,-0.015972,-0.032285
690397140.000,CC,recording,knock_twice_right,12,1.183476,3.562039,9.153376,-0.033207,0.009527,-0.045779
690397150.000,CC,recording,knock_twice_right,12,0.929523,3.493906,9.113390,-0.037996,0.016506,-0.047183
690397160.000,CC,recording,knock_twice_right,12,0.794622,3.437752,9.153632,-0.037180,0.007417,-0.040835
690397170.000,CC,recording,knock_twice_right,12,0.903575,3.407377,9.285257,-0.025281,-0.001304,-0.034975
690397180.000,CC,recording,knock_twice_right,12,1.047164,3.349346,9.356755,-0.005124,-0.002963,-0.031874
690397190.000,CC,recording,knock_twice_right,12,0.938811,3.375920,9.245452,0.013373,-0.000985,-0.025566
690397200.000,CC,recording,knock_twice_right,12,0.812795,3.371684,9.031703,0.021784,0.000840,-0.012702
690397210.000,CC,recording,knock_twice_right,12,0.736993,3.385339,8.892934,0.019708,-0.002502,0.005127
690397220.000,CC,recording,knock_twice_right,12,0.748539,3.439592,8.901728,0.013488,-0.010221,0.024824
690397230.000,CC,recording,knock_twice_right,12,0.876251,3.484079,8.958138,0.007890,-0.017751,0.042420
690397240.000,CC,recording,knock_twice_right,12,0.972912,3.559921,9.030313,0.005822,-0.025355,0.053700
690397250.000,CC,recording,knock_twice_right,12,1.110361,3.606337,9.079801,0.008417,-0.033933,0.057140
690397260.000,CC,recording,knock_twice_right,12,1.224277,3.658944,9.060837,0.011341,-0.040614,0.054343
690397270.000,CC,recording,knock_twice_right,12,1.288754,3.677775,8.956137,0.008562,-0.040391,0.047480
690397280.000,CC,recording,knock_twice_right,12,1.349291,3.700398,8.953952,0.002074,-0.033888,0.037939
690397290.000,CC,recording,knock_twice_right,12,1.368296,3.730004,9.028835,-0.002686,-0.027024,0.025368
690397300.000,CC,recording,knock_twice_right,12,1.403453,3.727904,9.043558,-0.005886,-0.021506,0.011089
690397310.000,CC,recording,knock_twice_right,12,1.393572,3.715202,9.015501,-0.008960,-0.016494,-0.002862
690397320.000,CC,recording,knock_twice_right,12,1.312275,3.699622,8.983530,-0.011599,-0.014593,-0.014943
690397330.000,CC,recording,knock_twice_right,12,1.218489,3.672094,8.981316,-0.014938,-0.018011,-0.022865
690397340.000,CC,recording,knock_twice_right,12,1.218200,3.659602,9.017611,-0.018815,-0.023448,-0.030042
690397350.000,CC,recording,knock_twice_right,12,1.252991,3.597764,9.080841,-0.019941,-0.023736,-0.038138
690397360.000,CC,recording,knock_twice_right,12,1.209353,3.531237,9.123545,-0.017142,-0.019625,-0.043807
690397370.000,CC,recording,knock_twice_right,12,1.097914,3.498569,9.105123,-0.012958,-0.018767,-0.044456
690397380.000,CC,recording,knock_twice_right,12,0.997185,3.481200,9.070574,-0.009166,-0.022366,-0.040702
690397390.000,CC,recording,knock_twice_right,12,0.990276,3.485513,9.082885,-0.006221,-0.028988,-0.035251
690397400.000,CC,recording,knock_twice_right,12,1.054130,3.505523,9.138589,-0.001770,-0.036316,-0.031739
690397410.000,CC,recording,knock_twice_right,12,1.104738,3.525841,9.124505,0.002570,-0.040970,-0.030417
690397420.000,CC,recording,knock_twice_right,12,1.074165,3.531089,9.070307,0.004061,-0.040823,-0.028206
690397430.000,CC,recording,knock_twice_right,12,1.069828,3.524627,9.093638,0.004967,-0.036928,-0.024347
690397440.000,CC,recording,knock_twice_right,12,1.049056,3.538883,9.103725,0.006460,-0.034481,-0.019879
690397450.000,CC,recording,knock_twice_right,12,1.080406,3.556065,9.102841,0.007839,-0.033976,-0.017461
690397460.000,CC,recording,knock_twice_right,12,1.121069,3.549185,9.081863,0.008529,-0.031924,-0.017468
690397470.000,CC,recording,knock_twice_right,12,1.106791,3.557578,9.070885,0.007814,-0.027555,-0.016736
690397480.000,CC,recording,knock_twice_right,12,1.072106,3.516292,9.059349,0.006257,-0.020501,-0.013442
690397490.000,CC,recording,knock_twice_right,12,1.075169,3.529603,9.071132,0.004867,-0.014687,-0.009866
690397500.000,CC,recording,knock_twice_right,12,1.144357,3.578652,9.113304,0.005155,-0.013093,-0.009252
690397510.000,CC,recording,knock_twice_right,12,1.196708,3.592244,9.114813,0.008031,-0.012541,-0.013579
690397520.000,CC,recording,knock_twice_right,12,1.177623,3.563351,9.042394,0.010124,-0.011491,-0.019947
690397530.000,CC,recording,knock_twice_right,12,1.068005,3.543067,8.983915,0.008549,-0.011116,-0.022240
690397540.000,CC,recording,knock_twice_right,12,0.987049,3.561874,8.960112,0.004753,-0.011785,-0.019851
690397550.000,CC,recording,knock_twice_right,12,1.011527,3.548093,8.978762,0.001796,-0.011505,-0.017330
690397560.000,CC,recording,knock_twice_right,12,1.116478,3.562511,9.035118,0.001638,-0.010691,-0.016595
690397570.000,CC,recording,knock_twice_right,12,1.085819,3.548086,9.057716,0.004636,-0.011718,-0.016184
690397580.000,CC,recording,knock_twice_right,12,1.002956,3.548959,9.056370,0.010076,-0.016268,-0.014454
690397590.000,CC,recording,knock_twice_right,12,0.959393,3.542862,9.029042,0.013474,-0.022617,-0.009363
690397600.000,CC,recording,knock_twice_right,12,1.023378,3.545599,8.986867,0.012440,-0.026122,-0.002996
690397610.000,CC,recording,knock_twice_right,12,1.113015,3.566109,9.001556,0.009613,-0.025819,0.000703
690397620.000,CC,recording,knock_twice_right,12,1.148104,3.570803,8.978747,0.004002,-0.021981,0.001533
690397630.000,CC,recording,knock_twice_right,12,1.129811,3.564037,8.990364,-0.004555,-0.015082,0.003157
690397640.000,CC,recording,knock_twice_right,12,1.109285,3.551688,9.036675,-0.011929,-0.008330,0.006220
690397650.000,CC,recording,knock_twice_right,12,1.175166,3.550981,9.119732,-0.014116,-0.003850,0.006007
690397660.000,CC,recording,knock_twice_right,12,1.225403,3.564620,9.152365,-0.011366,-0.001506,0.002388
690397670.000,CC,recording,knock_twice_right,12,1.174461,3.551427,9.143613,-0.005897,-0.003481,-0.001104
690397680.000,CC,recording,knock_twice_right,12,1.130349,3.549731,9.121522,0.000739,-0.009569,-0.001123
690397690.000,CC,recording,knock_twice_right,12,1.085670,3.543598,9.097891,0.006118,-0.013989,0.002058
690397700.000,CC,recording,knock_twice_right,12,1.210137,3.548027,9.163846,0.010518,-0.012003,0.003840
690397710.000,CC,recording,knock_twice_right,12,1.288646,3.550602,9.134105,0.013025,-0.003412,0.002010
690397720.000,CC,recording,knock_twice_right,12,1.256755,3.566549,9.048568,0.010635,0.008601,-0.000630
690397730.000,CC,recording,knock_twice_right,12,1.190096,3.530412,8.985261,0.003740,0.018524,-0.000306
690397740.000,CC,recording,knock_twice_right,12,1.082957,3.541686,8.973461,-0.004113,0.019702,0.002270
690397750.000,CC,recording,knock_twice_right,12,1.090668,3.566566,9.029058,-0.006328,0.012710,0.005099
690397760.000,CC,recording,knock_twice_right,12,1.166663,3.572214,9.051095,-0.001713,0.003390,0.006846
690397770.000,CC,recording,knock_twice_right,12,1.195899,3.585074,9.048409,0.005220,-0.006384,0.006124
690397780.000,CC,recording,knock_twice_right,12,1.165857,3.584515,9.004733,0.011526,-0.014617,0.004939
690397790.000,CC,recording,knock_twice_right,12,1.125716,3.581153,8.976240,0.012522,-0.018771,0.006801
690397800.000,CC,recording,knock_twice_right,12,1.137710,3.572331,8.928439,0.007104,-0.019718,0.009966
690397810.000,CC,recording,knock_twice_right,12,1.240813,3.624014,8.948268,-0.000218,-0.020150,0.009742
690397820.000,CC,recording,knock_twice_right,12,1.310986,3.641427,9.013084,-0.006450,-0.020383,0.005132
690397830.000,CC,recording,knock_twice_right,12,1.324225,3.629151,9.049628,-0.009335,-0.019732,-0.002534
690397840.000,CC,recording,knock_twice_right,12,1.277216,3.615901,9.034004,-0.009196,-0.019025,-0.010153
690397850.000,CC,recording,knock_twice_right,12,1.201865,3.577569,9.020759,-0.009564,-0.017921,-0.014371
690397860.000,CC,recording,knock_twice_right,12,1.187406,3.540480,9.032268,-0.011892,-0.017030,-0.015905
690397870.000,CC,recording,knock_twice_right,12,1.201138,3.532404,9.072504,-0.013126,-0.017094,-0.017710
690397880.000,CC,recording,knock_twice_right,12,1.217732,3.547173,9.087360,-0.013065,-0.017253,-0.020020
690397890.000,CC,recording,knock_twice_right,12,1.185059,3.520221,9.084012,-0.011668,-0.017072,-0.021296
690397900.000,CC,recording,knock_twice_right,12,1.133311,3.538011,9.145350,-0.008020,-0.015187,-0.019823
690397910.000,CC,recording,knock_twice_right,12,1.141890,3.541196,9.113487,-0.004812,-0.010966,-0.015712
690397920.000,CC,recording,knock_twice_right,12,1.166649,3.548673,9.088159,-0.002991,-0.006456,-0.011992
690397930.000,CC,recording,knock_twice_right,12,1.154680,3.561855,9.100802,-0.000936,-0.002831,-0.009895
690397940.000,CC,recording,knock_twice_right,12,1.148461,3.542201,9.107210,0.001469,-0.000047,-0.007479
690397950.000,CC,recording,knock_twice_right,12,1.087381,3.537314,9.103001,0.003531,0.000355,-0.004603
690397960.000,CC,recording,knock_twice_right,12,1.091382,3.555720,9.060072,0.004812,-0.000980,-0.002039
690397970.000,CC,recording,knock_twice_right,12,1.113256,3.565422,9.058585,0.003668,-0.002345,-0.000238
690397980.000,CC,recording,knock_twice_right,12,1.155226,3.561432,9.071767,0.002225,-0.004036,0.000132
690397990.000,CC,recording,knock_twice_right,12,1.176271,3.567756,9.112193,0.003259,-0.004251,0.000401
690398000.000,CC,recording,knock_twice_right,12,1.215561,3.576017,9.093819,0.004136,-0.001151,0.000086
690398010.000,CC,recording,knock_twice_right,12,1.196292,3.580538,9.063927,0.003010,0.003894,-0.001174
690398020.000,CC,recording,knock_twice_right,12,1.167035,3.550506,9.065401,0.001143,0.009486,-0.001456
690398030.000,CC,recording,knock_twice_right,12,1.168767,3.562992,9.078513,0.000375,0.015732,-0.001187
690398040.000,CC,recording,knock_twice_right,12,1.157099,3.548479,9.048315,0.000871,0.018890,-0.001255
690398050.000,CC,recording,knock_twice_right,12,1.104649,3.538244,9.001008,0.002764,0.014886,-0.000356
690398060.000,CC,recording,knock_twice_right,12,1.052735,3.556681,8.963064,0.006174,0.004380,0.001506
690398070.000,CC,recording,knock_twice_right,12,1.092720,3.559050,8.983340,0.010405,-0.008354,0.002846
690398080.000,CC,recording,knock_twice_right,12,1.105761,3.565279,8.976600,0.014231,-0.020252,0.003970
690398090.000,CC,recording,knock_twice_right,12,1.117118,3.584372,8.966702,0.014693,-0.028171,0.005294
690398100.000,CC,recording,knock_twice_right,12,1.150053,3.588455,8.934745,0.009254,-0.026883,0.006039
690398110.000,CC,recording,knock_twice_right,12,1.188791,3.581364,8.969454,-0.001320,-0.016813,0.007345
690398120.000,CC,recording,knock_twice_right,12,1.168136,3.572469,9.007729,-0.011725,-0.002558,0.009382
690398130.000,CC,recording,knock_twice_right,12,1.157526,3.581465,9.068770,-0.019088,0.010861,0.011041
690398140.000,CC,recording,knock_twice_right,12,1.198951,3.567100,9.113394,-0.021385,0.016793,0.011596
690398150.000,CC,recording,knock_twice_right,12,1.220512,3.563431,9.162104,-0.015500,0.011975,0.010516
690398160.000,CC,recording,knock_twice_right,12,1.216374,3.570343,9.207723,-0.001677,0.000683,0.008256
690398170.000,CC,recording,knock_twice_right,12,1.195967,3.569428,9.168173,0.014016,-0.010883,0.005433
690398180.000,CC,recording,knock_twice_right,12,1.170990,3.569872,9.089049,0.024147,-0.019420,0.004129
690398190.000,CC,recording,knock_twice_right,12,1.186228,3.606099,9.012330,0.027250,-0.022566,0.004674
690398200.000,CC,recording,knock_twice_right,12,1.208991,3.597522,8.968403,0.024125,-0.018606,0.005654
690398210.000,CC,recording,knock_twice_right,12,1.180287,3.605285,8.951742,0.016314,-0.011669,0.005933
690398220.000,CC,recording,knock_twice_right,12,1.198629,3.632130,8.918572,0.007436,-0.007288,0.005484
690398230.000,CC,recording,knock_twice_right,12,1.207103,3.624844,8.947562,0.000953,-0.005619,0.004422
690398240.000,CC,recording,knock_twice_right,12,1.213765,3.607584,9.009012,-0.001408,-0.003518,0.002052
690398250.000,CC,recording,knock_twice_right,12,1.216398,3.593308,9.058584,-0.001421,-0.000762,-0.000361
690398260.000,CC,recording,knock_twice_right,12,1.191608,3.585570,9.022894,-0.001482,0.001990,-0.002369
690398270.000,CC,recording,knock_twice_right,12,1.129137,3.588888,8.978465,-0.002069,0.002951,-0.002885
690398280.000,CC,recording,knock_twice_right,12,1.060344,3.599491,8.957566,-0.003180,-0.002258,-0.000231
690398290.000,CC,recording,knock_twice_right,12,1.078832,3.589107,8.988857,-0.002846,-0.012064,0.002581
690398300.000,CC,recording,knock_twice_right,12,1.167863,3.572493,9.065380,0.000037,-0.022460,0.002495
690398310.000,CC,recording,knock_twice_right,12,1.194186,3.586713,9.100043,0.004374,-0.029957,0.001069
690398320.000,CC,recording,knock_twice_right,12,1.188180,3.568310,9.119754,0.007557,-0.030541,-0.000024
690398330.000,CC,recording,knock_twice_right,12,1.151024,3.546520,9.095120,0.007297,-0.023765,0.001438
690398340.000,CC,recording,knock_twice_right,12,1.132683,3.549437,9.045558,0.003490,-0.012113,0.007060
690398350.000,CC,recording,knock_twice_right,12,1.102852,3.555096,9.043048,-0.001639,-0.002207,0.014283
690398360.000,CC,recording,knock_twice_right,12,1.126426,3.560381,9.075041,-0.003969,0.001940,0.018972
690398370.000,CC,recording,knock_twice_right,12,1.186893,3.555257,9.117109,-0.000577,0.000686,0.019080
690398380.000,CC,recording,knock_twice_right,12,1.199795,3.560284,9.139459,0.006434,-0.005520,0.016847
690398390.000,CC,recording,knock_twice_right,12,1.159390,3.550426,9.063714,0.012230,-0.012116,0.015476
690398400.000,CC,recording,knock_twice_right,12,1.148506,3.560987,9.018031,0.013558,-0.015786,0.016906
690398410.000,CC,recording,knock_twice_right,12,1.163912,3.562105,9.000455,0.010710,-0.015112,0.019275
690398420.000,CC,recording,knock_twice_right,12,1.221044,3.567506,9.013959,0.006256,-0.009756,0.020067
690398430.000,CC,recording,knock_twice_right,12,1.219738,3.582923,9.022400,0.001293,-0.003884,0.020265
690398440.000,CC,recording,knock_twice_right,12,1.230420,3.595332,9.041645,-0.000888,0.000646,0.020587
690398450.000,CC,recording,knock_twice_right,12,1.249722,3.599264,9.082401,0.001332,0.003146,0.020789
690398460.000,CC,recording,knock_twice_right,12,1.234333,3.590449,9.102546,0.005778,0.000757,0.020615
690398470.000,CC,recording,knock_twice_right,12,1.192958,3.604827,9.060872,0.010313,-0.004624,0.020230
690398480.000,CC,recording,knock_twice_right,12,1.197810,3.584737,9.035963,0.013941,-0.009993,0.019508
690398490.000,CC,recording,knock_twice_right,12,1.239446,3.575396,9.041619,0.016244,-0.014032,0.018086
690398500.000,CC,recording,knock_twice_right,12,1.249943,3.572715,9.003885,0.015319,-0.014763,0.016498
690398510.000,CC,recording,knock_twice_right,12,1.223822,3.587426,8.965052,0.011682,-0.012477,0.015653
690398520.000,CC,recording,knock_twice_right,12,1.182119,3.585644,8.963427,0.006977,-0.009460,0.017291
690398530.000,CC,recording,knock_twice_right,12,1.199376,3.578205,8.977664,0.002648,-0.008332,0.019749
690398540.000,CC,recording,knock_twice_right,12,1.209432,3.584543,8.995751,-0.000315,-0.011740,0.021079
690398550.000,CC,recording,knock_twice_right,12,1.220442,3.584381,9.031641,-0.001478,-0.017107,0.021362
690398560.000,CC,recording,knock_twice_right,12,1.258991,3.572931,9.064374,-0.001379,-0.020342,0.019921
690398570.000,CC,recording,knock_twice_right,12,1.304646,3.572922,9.081663,-0.000222,-0.019983,0.017947
690398580.000,CC,recording,knock_twice_right,12,1.271210,3.561957,9.100866,0.001763,-0.016395,0.016628
690398590.000,CC,recording,knock_twice_right,12,1.291450,3.543423,9.124218,0.004391,-0.012636,0.016017
690398600.000,CC,recording,knock_twice_right,12,1.254500,3.546514,9.121086,0.008099,-0.009707,0.016261
690398610.000,CC,recording,knock_twice_right,12,1.265216,3.568145,9.091703,0.011455,-0.007504,0.016753
690398620.000,CC,recording,knock_twice_right,12,1.291145,3.580060,9.053600,0.014153,-0.007151,0.016516
690398630.000,CC,recording,knock_twice_right,12,1.295335,3.590974,9.036067,0.015769,-0.008453,0.014304
690398640.000,CC,recording,knock_twice_right,12,1.315309,3.612510,9.021265,0.015493,-0.011054,0.010378
690398650.000,CC,recording,knock_twice_right,12,1.301251,3.616380,9.020263,0.012630,-0.011838,0.007110
690398660.000,CC,recording,knock_twice_right,12,1.291818,3.578413,9.008022,0.008806,-0.008472,0.005264
690398670.000,CC,recording,knock_twice_right,12,1.282916,3.581697,9.036501,0.006710,-0.004928,0.004953
690398680.000,CC,recording,knock_twice_right,12,1.275827,3.584103,9.045011,0.007100,-0.002393,0.006195
690398690.000,CC,recording,knock_twice_right,12,1.291553,3.580764,9.029055,0.008342,-0.000416,0.006541
690398700.000,CC,recording,knock_twice_right,12,1.269599,3.578566,8.995489,0.008801,0.000065,0.004302
690398710.000,CC,recording,knock_twice_right,12,1.249930,3.576258,8.979260,0.007927,-0.001592,0.002296
690398720.000,CC,recording,knock_twice_right,12,1.225798,3.584934,8.982535,0.005064,-0.004478,0.001342
690398730.000,CC,recording,knock_twice_right,12,1.233468,3.556490,8.970337,0.001556,-0.005118,0.000705
690398740.000,CC,recording,knock_twice_right,12,1.222476,3.531727,8.998691,-0.001317,-0.002870,0.001374
690398750.000,CC,recording,knock_twice_right,12,1.174762,3.534902,9.030446,-0.003509,-0.000136,0.004162
690398760.000,CC,recording,knock_twice_right,12,1.178055,3.534453,9.048222,-0.003353,0.000822,0.008885
690398770.000,CC,recording,knock_twice_right,12,1.194872,3.552983,9.063999,0.000756,-0.003383,0.014343
690398780.000,CC,recording,knock_twice_right,12,1.210430,3.556804,9.099979,0.009660,-0.012782,0.018792
690398790.000,CC,recording,knock_twice_right,12,1.202584,3.580856,9.098626,0.021178,-0.024558,0.021253
690398800.000,CC,recording,knock_twice_right,12,1.228742,3.584574,9.073839,0.030266,-0.035009,0.021319
690398810.000,CC,recording,knock_twice_right,12,1.257155,3.625136,9.007927,0.033210,-0.038830,0.020590
690398820.000,CC,recording,knock_twice_right,12,1.314900,3.651023,8.961461,0.028036,-0.033521,0.019168
690398830.000,CC,recording,knock_twice_right,12,1.327630,3.639932,8.948911,0.016861,-0.021157,0.016823
690398840.000,CC,recording,knock_twice_right,12,1.323995,3.640235,8.966477,0.004584,-0.006145,0.015967
690398850.000,CC,recording,knock_twice_right,12,1.340846,3.643988,9.029294,-0.005167,0.007012,0.014754
690398860.000,CC,recording,knock_twice_right,12,1.357844,3.642794,9.076318,-0.008270,0.014693,0.011506
690398870.000,CC,recording,knock_twice_right,12,1.336331,3.630262,9.100401,-0.004334,0.016095,0.008514
690398880.000,CC,recording,knock_twice_right,12,1.295179,3.604597,9.091394,0.002504,0.011898,0.006286
690398890.000,CC,recording,knock_twice_right,12,1.282515,3.595220,9.080687,0.010335,0.004327,0.004181
690398900.000,CC,recording,knock_twice_right,12,1.257089,3.584046,9.019987,0.016842,-0.003992,0.003804
690398910.000,CC,recording,knock_twice_right,12,1.269041,3.567179,9.001087,0.019841,-0.009682,0.004607
690398920.000,CC,recording,knock_twice_right,12,1.285392,3.564504,8.990632,0.019252,-0.010348,0.006372
690398930.000,CC,recording,knock_twice_right,12,1.274459,3.579444,8.985748,0.017045,-0.005855,0.009418
690398940.000,CC,recording,knock_twice_right,12,1.309527,3.581344,8.949329,0.013266,0.002067,0.010687
690398950.000,CC,recording,knock_twice_right,12,1.318774,3.574168,8.927160,0.006074,0.009119,0.010082
690398960.000,CC,recording,knock_twice_right,12,1.274413,3.608737,8.913921,-0.002652,0.011419,0.009562
690398970.000,CC,recording,knock_twice_right,12,1.248513,3.598666,8.930576,-0.010139,0.009525,0.009849
690398980.000,CC,recording,knock_twice_right,12,1.269545,3.579142,8.995386,-0.014174,0.007096,0.009604
690398990.000,CC,recording,knock_twice_right,12,1.260912,3.596181,9.080752,-0.012898,0.004354,0.009622
690399000.000,CC,recording,knock_twice_right,12,1.261637,3.578962,9.111736,-0.006608,0.000601,0.010945
690399010.000,CC,recording,knock_twice_right,12,1.260056,3.580085,9.091426,0.001517,-0.004263,0.012063
690399020.000,CC,recording,knock_twice_right,12,1.280561,3.586050,9.054421,0.008442,-0.010708,0.012586
690399030.000,CC,recording,knock_twice_right,12,1.320218,3.633837,9.016620,0.013171,-0.016827,0.010799
690399040.000,CC,recording,knock_twice_right,12,1.346882,3.641605,9.028430,0.014934,-0.018247,0.007545
690399050.000,CC,recording,knock_twice_right,12,1.328336,3.641508,9.026653,0.014272,-0.014369,0.005444
690399060.000,CC,recording,knock_twice_right,12,1.299885,3.644474,9.032978,0.013179,-0.009738,0.005767
690399070.000,CC,recording,knock_twice_right,12,1.289357,3.640457,9.011898,0.012345,-0.006811,0.007479
690399080.000,CC,recording,knock_twice_right,12,1.275082,3.645338,9.017523,0.012444,-0.006490,0.008260
690399090.000,CC,recording,knock_twice_right,12,1.277476,3.652425,8.995903,0.012115,-0.008114,0.007011
690399100.000,CC,recording,knock_twice_right,12,1.311693,3.670543,8.992549,0.010109,-0.008686,0.004861
690399110.000,CC,recording,knock_twice_right,12,1.316567,3.672092,9.036810,0.006585,-0.005547,0.002660
690399120.000,CC,recording,knock_twice_right,12,1.341352,3.659117,9.071828,0.002804,0.002310,-0.000237
690399130.000,CC,recording,knock_twice_right,12,1.332550,3.660923,9.088511,0.001044,0.013768,-0.004372
690399140.000,CC,recording,knock_twice_right,12,1.325831,3.635519,9.106115,0.001391,0.024966,-0.008471
690399150.000,CC,recording,knock_twice_right,12,1.289886,3.612746,9.124010,0.003054,0.033776,-0.010105
690399160.000,CC,recording,knock_twice_right,12,1.237791,3.561851,9.112415,0.006800,0.041656,-0.008897
690399170.000,CC,recording,knock_twice_right,12,1.236473,3.562109,9.120307,0.012046,0.050266,-0.005448
690399180.000,CC,recording,knock_twice_right,12,1.245894,3.543235,9.082071,0.016722,0.057721,-0.002382
690399190.000,CC,recording,knock_twice_right,12,1.197085,3.578420,9.058792,0.020828,0.060733,-0.000376
690399200.000,CC,recording,knock_twice_right,12,1.177167,3.604650,9.032439,0.024209,0.062763,0.000578
690399210.000,CC,recording,knock_twice_right,12,1.256979,3.632342,8.989128,0.022934,0.066846,-0.002763
690399220.000,CC,recording,knock_twice_right,12,1.350318,3.629705,8.989259,0.017634,0.073287,-0.010595
690399230.000,CC,recording,knock_twice_right,12,1.287707,3.622949,8.989259,0.011179,0.084442,-0.018238
690399240.000,CC,recording,knock_twice_right,12,1.274410,3.646698,8.941803,0.003199,0.100444,-0.025393
690399250.000,CC,recording,knock_twice_right,12,1.285658,3.610718,8.984286,-0.005217,0.114967,-0.031410
690399260.000,CC,recording,knock_twice_right,12,1.197925,3.666437,8.996100,-0.011458,0.124091,-0.035456
690399270.000,CC,recording,knock_twice_right,12,1.233449,3.651857,9.013183,-0.013961,0.129522,-0.038610
690399280.000,CC,recording,knock_twice_right,12,1.188989,3.646279,9.038015,-0.013858,0.133547,-0.039982
690399290.000,CC,recording,knock_twice_right,12,1.226263,3.606525,9.079491,-0.010061,0.135346,-0.041471
690399300.000,CC,recording,knock_twice_right,12,1.172730,3.612029,9.103810,-0.002607,0.132034,-0.044584
690399310.000,CC,recording,knock_twice_right,12,1.162200,3.639760,9.081548,0.005238,0.126876,-0.047446
690399320.000,CC,recording,knock_twice_right,12,1.048515,3.603210,8.999434,0.009863,0.121553,-0.046885
690399330.000,CC,recording,knock_twice_right,13,1.011579,3.605156,8.966645,0.010636,0.116478,-0.042385
690399340.000,CC,recording,knock_twice_right,13,0.948388,3.594503,8.970105,0.009115,0.108083,-0.035328
690399350.000,CC,recording,knock_twice_right,13,0.929428,3.592646,8.933750,0.007360,0.092683,-0.027585
690399360.000,CC,recording,knock_twice_right,13,0.984049,3.620803,8.935760,0.005939,0.078126,-0.021944
690399370.000,CC,recording,knock_twice_right,13,1.073536,3.606786,8.962068,0.005476,0.067248,-0.018989
690399380.000,CC,recording,knock_twice_right,13,0.997086,3.600893,8.971909,0.006350,0.052428,-0.015730
690399390.000,CC,recording,knock_twice_right,13,0.860748,3.586692,8.931230,0.006735,0.031175,-0.009638
690399400.000,CC,recording,knock_twice_right,13,0.821951,3.576030,8.893819,0.006318,0.008167,0.000179
690399410.000,CC,recording,knock_twice_right,13,0.869213,3.560857,8.903465,0.006017,-0.014336,0.010078
690399420.000,CC,recording,knock_twice_right,13,1.007283,3.580863,8.980299,0.007139,-0.030455,0.014993
690399430.000,CC,recording,knock_twice_right,13,1.208034,3.600913,9.066349,0.009916,-0.028941,0.011700
690399440.000,CC,recording,knock_twice_right,13,1.280222,3.576728,9.088683,0.011334,-0.012425,0.004735
690399450.000,CC,recording,knock_twice_right,13,1.090765,3.592203,8.981504,0.006871,0.005355,0.002251
690399460.000,CC,recording,knock_twice_right,13,1.005445,3.617056,8.892448,-0.002734,0.013854,0.004636
690399470.000,CC,recording,knock_twice_right,13,0.984040,3.609709,8.884994,-0.011374,0.008406,0.008644
690399480.000,CC,recording,knock_twice_right,13,1.022245,3.626735,8.960523,-0.013957,-0.007593,0.010383
690399490.000,CC,recording,knock_twice_right,13,1.101089,3.632855,9.055147,-0.008560,-0.025628,0.008465
690399500.000,CC,recording,knock_twice_right,13,1.099797,3.597660,9.108614,0.001689,-0.039230,0.005274
690399510.000,CC,recording,knock_twice_right,13,1.019857,3.591121,9.063040,0.010335,-0.045335,0.004999
690399520.000,CC,recording,knock_twice_right,13,1.007985,3.590708,8.985242,0.012851,-0.044452,0.006531
690399530.000,CC,recording,knock_twice_right,13,1.055316,3.626654,8.962236,0.008930,-0.038996,0.007242
690399540.000,CC,recording,knock_twice_right,13,1.065651,3.631660,8.888826,0.001653,-0.034141,0.007220
690399550.000,CC,recording,knock_twice_right,13,1.071670,3.633677,8.882246,-0.005478,-0.036499,0.003406
690399560.000,CC,recording,knock_twice_right,13,1.101736,3.585944,8.916885,-0.009933,-0.049675,-0.008592
690399570.000,CC,recording,knock_twice_right,13,1.178276,3.565381,8.981198,-0.007720,-0.080373,-0.029952
690399580.000,CC,recording,knock_twice_right,13,1.098672,3.554220,9.112941,0.007003,-0.140693,-0.052588
690399590.000,CC,recording,knock_twice_right,13,0.789893,3.562556,9.249434,0.036305,-0.236939,-0.064050
690399600.000,CC,recording,knock_twice_right,13,0.674573,3.552926,9.239251,0.078465,-0.352582,-0.061612
690399610.000,CC,recording,knock_twice_right,13,0.503273,3.454892,8.930214,0.127691,-0.458106,-0.050525
690399620.000,CC,recording,knock_twice_right,13,-0.652941,3.175009,7.821000,0.126406,-0.501208,0.046777
690399630.000,CC,recording,knock_twice_right,13,-3.103282,2.829695,6.093990,0.006848,-0.505043,0.260268
690399640.000,CC,recording,knock_twice_right,13,-0.971847,2.764884,7.286738,-0.163311,-0.524644,0.502269
690399650.000,CC,recording,knock_twice_right,13,-0.214381,3.306103,8.346332,-0.281297,-0.538972,0.668452
690399660.000,CC,recording,knock_twice_right,13,3.051058,2.964583,9.469458,-0.303418,-0.546500,0.674527
690399670.000,CC,recording,knock_twice_right,13,4.055484,3.714062,11.253036,-0.194487,-0.536274,0.531412
690399680.000,CC,recording,knock_twice_right,13,5.044256,3.939500,11.950243,0.001355,-0.464224,0.296381
690399690.000,CC,recording,knock_twice_right,13,4.864122,3.688942,11.254188,0.177312,-0.306662,0.052377
690399700.000,CC,recording,knock_twice_right,13,3.906531,3.873325,10.387827,0.261220,-0.065165,-0.125953
690399710.000,CC,recording,knock_twice_right,13,3.202945,4.233434,9.491991,0.244825,0.215571,-0.230486
690399720.000,CC,recording,knock_twice_right,13,2.568618,4.078713,8.941706,0.161712,0.473198,-0.281042
690399730.000,CC,recording,knock_twice_right,13,1.644388,3.870639,8.298270,0.040995,0.684119,-0.269811
690399740.000,CC,recording,knock_twice_right,13,0.431524,3.900758,7.740780,-0.101315,0.817250,-0.183307
690399750.000,CC,recording,knock_twice_right,13,0.085307,4.127444,8.013422,-0.229715,0.826991,-0.066261
690399760.000,CC,recording,knock_twice_right,13,0.556959,4.034021,8.573819,-0.289305,0.709123,0.013741
690399770.000,CC,recording,knock_twice_right,13,1.116598,3.924558,9.237925,-0.248425,0.505723,0.031097
690399780.000,CC,recording,knock_twice_right,13,1.574808,3.794628,9.550139,-0.127161,0.264342,-0.009343
690399790.000,CC,recording,knock_twice_right,13,1.545442,3.671410,9.532390,0.029571,0.009187,-0.078222
690399800.000,CC,recording,knock_twice_right,13,1.118569,3.604575,9.400927,0.183058,-0.237033,-0.134450
690399810.000,CC,recording,knock_twice_right,13,0.792495,3.507176,8.826687,0.298650,-0.442217,-0.152484
690399820.000,CC,recording,knock_twice_right,13,0.227477,3.454554,8.054746,0.345157,-0.576645,-0.119942
690399830.000,CC,recording,knock_twice_right,13,-0.899613,3.346693,6.780530,0.274554,-0.629613,0.008827
690399840.000,CC,recording,knock_twice_right,13,-1.028912,3.461630,6.133492,0.086615,-0.631334,0.196331
690399850.000,CC,recording,knock_twice_right,13,1.551239,3.470512,7.972925,-0.099730,-0.589845,0.312481
690399860.000,CC,recording,knock_twice_right,13,2.853060,3.815349,9.334683,-0.188305,-0.480730,0.303025
690399870.000,CC,recording,knock_twice_right,13,4.306384,3.869372,10.570726,-0.178691,-0.307518,0.182593
690399880.000,CC,recording,knock_twice_right,13,4.490486,3.814485,11.044898,-0.108765,-0.092648,0.011804
690399890.000,CC,recording,knock_twice_right,13,3.727125,3.625282,10.703764,-0.039121,0.127399,-0.136665
690399900.000,CC,recording,knock_twice_right,13,2.616747,3.677722,10.082504,0.000338,0.317374,-0.227129
690399910.000,CC,recording,knock_twice_right,13,1.664626,3.580986,9.650113,0.000312,0.470825,-0.239292
690399920.000,CC,recording,knock_twice_right,13,0.873026,3.723744,8.807703,-0.046622,0.578802,-0.181988
690399930.000,CC,recording,knock_twice_right,13,0.606888,3.753243,8.643096,-0.105701,0.604757,-0.102965
690399940.000,CC,recording,knock_twice_right,13,0.806051,3.805843,8.971897,-0.133191,0.534394,-0.051588
690399950.000,CC,recording,knock_twice_right,13,1.179351,3.803231,9.193633,-0.110634,0.401551,-0.049871
690399960.000,CC,recording,knock_twice_right,13,1.372972,3.679789,9.303798,-0.045916,0.256155,-0.081297
690399970.000,CC,recording,knock_twice_right,13,1.201725,3.570983,9.149091,0.028310,0.132752,-0.116851
690399980.000,CC,recording,knock_twice_right,13,0.874848,3.515517,8.764274,0.077954,0.050580,-0.132030
690399990.000,CC,recording,knock_twice_right,13,0.655141,3.510998,8.408053,0.086640,0.013857,-0.117623
690400000.000,CC,recording,knock_twice_right,13,0.581050,3.512700,8.193597,0.056751,0.007899,-0.078850
690400010.000,CC,recording,knock_twice_right,13,0.657106,3.539673,8.225627,0.008288,0.015213,-0.035754
690400020.000,CC,recording,knock_twice_right,13,0.870802,3.564769,8.454216,-0.038212,0.015719,-0.007634
690400030.000,CC,recording,knock_twice_right,13,1.116009,3.569062,8.707366,-0.067520,-0.002940,0.003704
690400040.000,CC,recording,knock_twice_right,13,1.165536,3.557216,9.065380,-0.072884,-0.029968,0.002444
690400050.000,CC,recording,knock_twice_right,13,1.327106,3.508950,9.207571,-0.061232,-0.047641,-0.007494
690400060.000,CC,recording,knock_twice_right,13,1.314622,3.511506,9.308467,-0.043389,-0.046605,-0.018647
690400070.000,CC,recording,knock_twice_right,13,1.224493,3.520063,9.206191,-0.032467,-0.030839,-0.024282
690400080.000,CC,recording,knock_twice_right,13,1.105590,3.473991,9.080961,-0.033224,-0.011994,-0.022525
690400090.000,CC,recording,knock_twice_right,13,1.015907,3.481343,9.093208,-0.037494,-0.001181,-0.015761
690400100.000,CC,recording,knock_twice_right,13,1.131040,3.480531,9.200413,-0.036413,0.001678,-0.013174
690400110.000,CC,recording,knock_twice_right,13,1.340125,3.456627,9.272380,-0.027567,0.003125,-0.020237
690400120.000,CC,recording,knock_twice_right,13,1.323959,3.444442,9.293234,-0.014759,0.007388,-0.032647
690400130.000,CC,recording,knock_twice_right,13,1.177605,3.404185,9.202270,-0.005108,0.014297,-0.040691
690400140.000,CC,recording,knock_twice_right,13,0.987841,3.358868,9.066741,-0.000763,0.018989,-0.037762
690400150.000,CC,recording,knock_twice_right,13,0.864214,3.359573,8.986377,0.000917,0.018864,-0.025369
690400160.000,CC,recording,knock_twice_right,13,0.789532,3.368972,8.922986,0.000609,0.009990,-0.008333
690400170.000,CC,recording,knock_twice_right,13,0.810523,3.371559,8.880193,-0.001253,-0.006015,0.010333
690400180.000,CC,recording,knock_twice_right,13,0.849963,3.365508,8.900339,-0.002165,-0.019747,0.029606
690400190.000,CC,recording,knock_twice_right,13,0.940264,3.387422,8.961877,-0.001488,-0.030772,0.047396
690400200.000,CC,recording,knock_twice_right,13,1.144333,3.453468,9.014073,0.000790,-0.037890,0.059120
690400210.000,CC,recording,knock_twice_right,13,1.282181,3.530818,9.042139,0.002679,-0.035704,0.062820
690400220.000,CC,recording,knock_twice_right,13,1.397906,3.569237,9.054389,0.002101,-0.025876,0.060880
690400230.000,CC,recording,knock_twice_right,13,1.426961,3.619241,9.063464,-0.000022,-0.013651,0.055803
690400240.000,CC,recording,knock_twice_right,13,1.465370,3.652564,9.063652,-0.002285,-0.002053,0.049808
690400250.000,CC,recording,knock_twice_right,13,1.494858,3.687593,9.057597,-0.004960,0.004753,0.042341
690400260.000,CC,recording,knock_twice_right,13,1.505719,3.749302,9.064385,-0.006459,0.004241,0.032687
690400270.000,CC,recording,knock_twice_right,13,1.530078,3.736979,9.089604,-0.004569,0.000622,0.020317
690400280.000,CC,recording,knock_twice_right,13,1.549001,3.751085,9.109479,-0.001148,-0.003502,0.005698
690400290.000,CC,recording,knock_twice_right,13,1.471644,3.741713,9.052043,-0.000962,-0.006225,-0.007286
690400300.000,CC,recording,knock_twice_right,13,1.459120,3.723461,8.991812,-0.006333,-0.003981,-0.016148
690400310.000,CC,recording,knock_twice_right,13,1.459270,3.682320,8.981521,-0.014338,0.003580,-0.022596
690400320.000,CC,recording,knock_twice_right,13,1.466189,3.671982,9.022921,-0.021532,0.014921,-0.030056
690400330.000,CC,recording,knock_twice_right,13,1.480339,3.632743,9.077324,-0.023949,0.025564,-0.038952
690400340.000,CC,recording,knock_twice_right,13,1.398599,3.563510,9.137931,-0.019625,0.028545,-0.045834
690400350.000,CC,recording,knock_twice_right,13,1.271955,3.536105,9.132968,-0.011294,0.023863,-0.047173
690400360.000,CC,recording,knock_twice_right,13,1.219847,3.506397,9.108172,-0.002522,0.015833,-0.044699
690400370.000,CC,recording,knock_twice_right,13,1.176129,3.507244,9.057666,0.004343,0.006807,-0.040539
690400380.000,CC,recording,knock_twice_right,13,1.137862,3.511373,9.046190,0.007988,-0.004022,-0.033449
690400390.000,CC,recording,knock_twice_right,13,1.132363,3.536007,9.002384,0.007049,-0.016507,-0.025552
690400400.000,CC,recording,knock_twice_right,13,1.123353,3.521071,8.950528,0.003508,-0.029552,-0.017614
690400410.000,CC,recording,knock_twice_right,13,1.143601,3.514180,8.965117,-0.000578,-0.039260,-0.010884
690400420.000,CC,recording,knock_twice_right,13,1.276400,3.534875,9.039418,-0.004518,-0.037734,-0.009970
690400430.000,CC,recording,knock_twice_right,13,1.402920,3.514789,9.143685,-0.004845,-0.023985,-0.017231
690400440.000,CC,recording,knock_twice_right,13,1.433762,3.533791,9.153871,-0.003267,-0.006615,-0.028037
690400450.000,CC,recording,knock_twice_right,13,1.278667,3.515720,9.103433,-0.002797,0.006273,-0.034784
690400460.000,CC,recording,knock_twice_right,13,1.163418,3.480018,9.031739,-0.002734,0.011452,-0.035238
690400470.000,CC,recording,knock_twice_right,13,1.106974,3.501292,9.020450,-0.002461,0.006829,-0.031014
690400480.000,CC,recording,knock_twice_right,13,1.176187,3.532128,9.054476,-0.001290,-0.003003,-0.027056
690400490.000,CC,recording,knock_twice_right,13,1.205515,3.511854,9.052753,0.001194,-0.010415,-0.025610
690400500.000,CC,recording,knock_twice_right,13,1.183576,3.515430,9.070297,0.003914,-0.012404,-0.024411
690400510.000,CC,recording,knock_twice_right,13,1.099225,3.510897,9.019709,0.005353,-0.011823,-0.020229
690400520.000,CC,recording,knock_twice_right,13,1.036901,3.490904,8.972926,0.004690,-0.012808,-0.012616
690400530.000,CC,recording,knock_twice_right,13,1.012804,3.496819,8.940676,0.002097,-0.017598,-0.004456
690400540.000,CC,recording,knock_twice_right,13,1.058767,3.520367,8.937402,-0.000475,-0.025596,0.002352
690400550.000,CC,recording,knock_twice_right,13,1.143778,3.512082,8.989191,-0.001284,-0.032168,0.006291
690400560.000,CC,recording,knock_twice_right,13,1.205205,3.532923,9.028169,-0.000990,-0.035381,0.006279
690400570.000,CC,recording,knock_twice_right,13,1.220334,3.552255,9.021078,-0.001482,-0.034704,0.004564
690400580.000,CC,recording,knock_twice_right,13,1.219683,3.576207,9.030630,-0.005618,-0.026923,0.003782
690400590.000,CC,recording,knock_twice_right,13,1.273833,3.563943,9.070064,-0.011034,-0.012922,0.004522
690400600.000,CC,recording,knock_twice_right,13,1.244826,3.547924,9.099349,-0.012737,-0.001102,0.006344
690400610.000,CC,recording,knock_twice_right,13,1.234103,3.553405,9.115530,-0.011848,0.002966,0.008410
690400620.000,CC,recording,knock_twice_right,13,1.282109,3.563636,9.130033,-0.008158,0.000438,0.008023
690400630.000,CC,recording,knock_twice_right,13,1.318082,3.552047,9.157498,-0.000403,-0.006065,0.004223
690400640.000,CC,recording,knock_twice_right,13,1.345981,3.556842,9.150455,0.008203,-0.013400,-0.001154
690400650.000,CC,recording,knock_twice_right,13,1.313339,3.576568,9.123735,0.014519,-0.016334,-0.004899
690400660.000,CC,recording,knock_twice_right,13,1.325715,3.583434,9.085008,0.016069,-0.010785,-0.005131
690400670.000,CC,recording,knock_twice_right,13,1.311267,3.560867,9.039704,0.012074,0.001661,-0.004073
690400680.000,CC,recording,knock_twice_right,13,1.271947,3.548031,8.995427,0.005569,0.015969,-0.002446
690400690.000,CC,recording,knock_twice_right,13,1.203921,3.561430,8.966896,-0.002295,0.025149,0.000951
690400700.000,CC,recording,knock_twice_right,13,1.237911,3.580412,8.967436,-0.008129,0.023061,0.004254
690400710.000,CC,recording,knock_twice_right,13,1.278832,3.576042,9.025035,-0.007416,0.011588,0.003697
690400720.000,CC,recording,knock_twice_right,13,1.332055,3.570937,9.087002,0.000022,-0.002934,-0.000609
690400730.000,CC,recording,knock_twice_right,13,1.344755,3.568091,9.075418,0.009193,-0.015336,-0.005791
690400740.000,CC,recording,knock_twice_right,13,1.314080,3.592533,8.987302,0.012144,-0.019843,-0.008559
690400750.000,CC,recording,knock_twice_right,13,1.289498,3.595713,8.929983,0.006587,-0.015238,-0.007203
690400760.000,CC,recording,knock_twice_right,13,1.264341,3.588466,8.947306,-0.004057,-0.006536,-0.003994
690400770.000,CC,recording,knock_twice_right,13,1.282926,3.598519,9.010597,-0.013182,0.002378,-0.001653
690400780.000,CC,recording,knock_twice_right,13,1.357618,3.576851,9.139745,-0.015952,0.007572,-0.000561
690400790.000,CC,recording,knock_twice_right,13,1.359548,3.581904,9.151257,-0.012622,0.006084,-0.002614
690400800.000,CC,recording,knock_twice_right,13,1.351331,3.584175,9.146003,-0.004722,-0.001230,-0.007602
690400810.000,CC,recording,knock_twice_right,13,1.324314,3.581899,9.134555,0.005919,-0.011718,-0.012303
690400820.000,CC,recording,knock_twice_right,13,1.302912,3.581536,9.071996,0.014590,-0.020822,-0.014183
690400830.000,CC,recording,knock_twice_right,13,1.286856,3.574431,9.011089,0.017357,-0.023655,-0.014076
690400840.000,CC,recording,knock_twice_right,13,1.301319,3.606049,8.957923,0.013351,-0.019607,-0.015067
690400850.000,CC,recording,knock_twice_right,13,1.268718,3.593605,8.939655,0.004740,-0.011718,-0.016309
690400860.000,CC,recording,knock_twice_right,13,1.240827,3.523114,8.956323,-0.003274,-0.002440,-0.015448
690400870.000,CC,recording,knock_twice_right,13,1.217312,3.557467,9.006767,-0.010337,0.003830,-0.013952
690400880.000,CC,recording,knock_twice_right,13,1.237130,3.571698,9.014350,-0.016244,0.008718,-0.014140
690400890.000,CC,recording,knock_twice_right,13,1.264725,3.512340,9.040789,-0.018262,0.014470,-0.016479
690400900.000,CC,recording,knock_twice_right,13,1.205521,3.518251,9.075762,-0.016570,0.016940,-0.018707
690400910.000,CC,recording,knock_twice_right,13,1.170890,3.496424,9.093975,-0.013538,0.013999,-0.018320
690400920.000,CC,recording,knock_twice_right,13,1.137995,3.463168,9.087102,-0.009353,0.008322,-0.015773
690400930.000,CC,recording,knock_twice_right,13,1.112711,3.469336,9.063968,-0.003995,0.003331,-0.012713
690400940.000,CC,recording,knock_twice_right,13,1.123895,3.447225,9.049516,0.001209,0.000591,-0.009321
690400950.000,CC,recording,knock_twice_right,13,1.097675,3.443405,9.038550,0.004929,-0.000084,-0.003743
690400960.000,CC,recording,knock_twice_right,13,1.053498,3.474528,9.003054,0.004977,0.000259,0.003254
690400970.000,CC,recording,knock_twice_right,13,1.106215,3.468621,8.955827,0.001290,0.000779,0.009338
690400980.000,CC,recording,knock_twice_right,13,1.104361,3.492385,8.938200,-0.005046,-0.000417,0.012913
690400990.000,CC,recording,knock_twice_right,13,1.151926,3.519981,8.939873,-0.011186,-0.001305,0.014012
690401000.000,CC,recording,knock_twice_right,13,1.234730,3.518785,8.949189,-0.016601,-0.000196,0.013821
690401010.000,CC,recording,knock_twice_right,13,1.228209,3.521057,8.981989,-0.022381,0.001654,0.013364
690401020.000,CC,recording,knock_twice_right,13,1.250722,3.501543,9.034790,-0.025297,0.004922,0.014104
690401030.000,CC,recording,knock_twice_right,13,1.241661,3.496492,9.090264,-0.022674,0.007094,0.015416
690401040.000,CC,recording,knock_twice_right,13,1.238899,3.540862,9.109259,-0.017626,0.005805,0.016658
690401050.000,CC,recording,knock_twice_right,13,1.270620,3.538657,9.067174,-0.014016,0.003197,0.017298
690401060.000,CC,recording,knock_twice_right,13,1.272549,3.549035,9.033656,-0.012843,0.002480,0.015804
690401070.000,CC,recording,knock_twice_right,13,1.326344,3.575992,9.034179,-0.014743,0.005623,0.014482
690401080.000,CC,recording,knock_twice_right,13,1.296468,3.564202,9.033253,-0.017863,0.010260,0.014380
690401090.000,CC,recording,knock_twice_right,13,1.333533,3.587251,9.050642,-0.020838,0.014551,0.013976
690401100.000,CC,recording,knock_twice_right,13,1.327769,3.569817,9.050263,-0.024134,0.018759,0.012179
690401110.000,CC,recording,knock_twice_right,13,1.394431,3.573532,9.111732,-0.024441,0.020258,0.007820
690401120.000,CC,recording,knock_twice_right,13,1.412541,3.609283,9.140373,-0.019692,0.017434,0.001212
690401130.000,CC,recording,knock_twice_right,13,1.351609,3.568495,9.145387,-0.012571,0.010935,-0.004546
690401140.000,CC,recording,knock_twice_right,13,1.270860,3.585730,9.132728,-0.005862,0.001879,-0.007672
690401150.000,CC,recording,knock_twice_right,13,1.259743,3.573014,9.100070,-0.001650,-0.006952,-0.007763
690401160.000,CC,recording,knock_twice_right,13,1.268836,3.548758,9.104838,0.000486,-0.011793,-0.005731
690401170.000,CC,recording,knock_twice_right,13,1.300026,3.551604,9.114359,0.002176,-0.012835,-0.003443
690401180.000,CC,recording,knock_twice_right,13,1.330895,3.563503,9.148159,0.004320,-0.012994,-0.001247
690401190.000,CC,recording,knock_twice_right,13,1.347645,3.553704,9.142703,0.006768,-0.011561,-0.000827
690401200.000,CC,recording,knock_twice_right,13,1.363882,3.546726,9.148426,0.009580,-0.007592,-0.002104
690401210.000,CC,recording,knock_twice_right,13,1.344325,3.550013,9.137843,0.012133,-0.002944,-0.004701
690401220.000,CC,recording,knock_twice_right,13,1.334178,3.547254,9.085913,0.012943,0.001527,-0.008719
690401230.000,CC,recording,knock_twice_right,13,1.311919,3.540411,9.033261,0.014369,0.004636,-0.012511
690401240.000,CC,recording,knock_twice_right,13,1.269427,3.538716,9.010152,0.016534,0.003361,-0.014700
690401250.000,CC,recording,knock_twice_right,13,1.205627,3.539307,9.014088,0.017499,-0.002602,-0.014667
690401260.000,CC,recording,knock_twice_right,13,1.226301,3.516115,9.001493,0.017325,-0.008787,-0.013386
690401270.000,CC,recording,knock_twice_right,13,1.276064,3.517390,8.998041,0.016129,-0.011237,-0.012852
690401280.000,CC,recording,knock_twice_right,13,1.320245,3.527081,8.995291,0.013642,-0.009792,-0.014445
690401290.000,CC,recording,knock_twice_right,13,1.317987,3.523917,8.941091,0.009422,-0.004613,-0.018549
690401300.000,CC,recording,knock_twice_right,13,1.271509,3.502264,8.926768,0.001745,0.002030,-0.022255
690401310.000,CC,recording,knock_twice_right,13,1.215379,3.516415,8.935089,-0.008503,0.006914,-0.022614
690401320.000,CC,recording,knock_twice_right,13,1.156014,3.493081,8.970306,-0.015957,0.007740,-0.019872
690401330.000,CC,recording,knock_twice_right,13,1.125796,3.465702,9.056155,-0.017954,0.002952,-0.015585
690401340.000,CC,recording,knock_twice_right,13,1.143327,3.443407,9.115747,-0.013644,-0.006472,-0.011185
690401350.000,CC,recording,knock_twice_right,13,1.144472,3.441502,9.128575,-0.004393,-0.017947,-0.006877
690401360.000,CC,recording,knock_twice_right,13,1.122710,3.440071,9.138975,0.005253,-0.028709,-0.002845
690401370.000,CC,recording,knock_twice_right,13,1.154384,3.445202,9.122964,0.014046,-0.033790,0.001241
690401380.000,CC,recording,knock_twice_right,13,1.194934,3.451788,9.076908,0.019127,-0.030497,0.004933
690401390.000,CC,recording,knock_twice_right,13,1.225647,3.503776,9.012046,0.017345,-0.022527,0.007341
690401400.000,CC,recording,knock_twice_right,13,1.205967,3.526907,8.991446,0.010082,-0.012410,0.009202
690401410.000,CC,recording,knock_twice_right,13,1.245008,3.543178,9.018261,0.001182,-0.001852,0.010408
690401420.000,CC,recording,knock_twice_right,13,1.235540,3.550730,9.037140,-0.005880,0.004774,0.010712
690401430.000,CC,recording,knock_twice_right,13,1.228328,3.566094,9.057592,-0.009105,0.006984,0.010775
690401440.000,CC,recording,knock_twice_right,13,1.201644,3.577697,9.089821,-0.007865,0.006696,0.011048
690401450.000,CC,recording,knock_twice_right,13,1.209146,3.573885,9.111402,-0.003450,0.003324,0.012219
690401460.000,CC,recording,knock_twice_right,13,1.231613,3.585029,9.138084,0.002935,-0.001324,0.013711
690401470.000,CC,recording,knock_twice_right,13,1.223452,3.581639,9.079290,0.008272,-0.003385,0.014514
690401480.000,CC,recording,knock_twice_right,13,1.247349,3.589473,9.060974,0.009664,-0.002605,0.014836
690401490.000,CC,recording,knock_twice_right,13,1.302464,3.615035,9.039896,0.006921,0.000087,0.012988
690401500.000,CC,recording,knock_twice_right,13,1.338033,3.607294,9.018350,0.000780,0.004711,0.009203
690401510.000,CC,recording,knock_twice_right,13,1.279096,3.546605,9.000973,-0.005838,0.009135,0.006495
690401520.000,CC,recording,knock_twice_right,13,1.198157,3.501739,9.083642,-0.008340,0.011660,0.007504
690401530.000,CC,recording,knock_twice_right,13,1.205389,3.501458,9.165769,-0.003616,0.010760,0.010755
690401540.000,CC,recording,knock_twice_right,13,1.199949,3.483559,9.135007,0.007228,0.004635,0.013432
690401550.000,CC,recording,knock_twice_right,13,1.247197,3.503017,9.082273,0.019119,-0.003985,0.014964
690401560.000,CC,recording,knock_twice_right,13,1.244045,3.515138,8.992852,0.026428,-0.010506,0.015154
690401570.000,CC,recording,knock_twice_right,13,1.204446,3.541077,8.896680,0.026436,-0.014113,0.015352
690401580.000,CC,recording,knock_twice_right,13,1.197851,3.537298,8.848338,0.018853,-0.015973,0.016251
690401590.000,CC,recording,knock_twice_right,13,1.196164,3.550299,8.860273,0.006741,-0.016301,0.017315
690401600.000,CC,recording,knock_twice_right,13,1.239005,3.526137,8.960535,-0.004092,-0.014306,0.019371
690401610.000,CC,recording,knock_twice_right,13,1.247340,3.524636,9.025577,-0.011069,-0.011968,0.022105
690401620.000,CC,recording,knock_twice_right,13,1.290164,3.535783,9.056137,-0.015054,-0.010741,0.024111
690401630.000,CC,recording,knock_twice_right,13,1.356598,3.551016,9.102045,-0.014388,-0.009496,0.023813
690401640.000,CC,recording,knock_twice_right,13,1.370194,3.573423,9.139759,-0.008716,-0.009036,0.020631
690401650.000,CC,recording,knock_twice_right,13,1.383291,3.580537,9.138486,-0.002162,-0.008672,0.015106
690401660.000,CC,recording,knock_twice_right,13,1.356069,3.557758,9.125115,0.002545,-0.007211,0.009684
690401670.000,CC,recording,knock_twice_right,13,1.332243,3.589553,9.081726,0.003796,-0.004295,0.006877
690401680.000,CC,recording,knock_twice_right,13,1.298938,3.580621,9.050805,0.002296,-0.000599,0.006987
690401690.000,CC,recording,knock_twice_right,13,1.251065,3.555897,9.058025,0.000243,0.001448,0.009107
690401700.000,CC,recording,knock_twice_right,13,1.262827,3.563187,9.086627,-0.000109,0.001285,0.011671
690401710.000,CC,recording,knock_twice_right,13,1.299018,3.576558,9.115711,0.004909,-0.000775,0.012052
690401720.000,CC,recording,knock_twice_right,13,1.332023,3.578659,9.128232,0.013763,-0.005076,0.009462
690401730.000,CC,recording,knock_twice_right,13,1.329352,3.581285,9.073100,0.020320,-0.010606,0.006494
690401740.000,CC,recording,knock_twice_right,13,1.268878,3.596669,8.987847,0.020657,-0.013660,0.004203
690401750.000,CC,recording,knock_twice_right,13,1.239696,3.597153,8.925211,0.015080,-0.011925,0.003574
690401760.000,CC,recording,knock_twice_right,13,1.233682,3.599195,8.960019,0.007001,-0.008671,0.004434
690401770.000,CC,recording,knock_twice_right,13,1.249038,3.586246,8.955911,-0.000961,-0.005137,0.004554
690401780.000,CC,recording,knock_twice_right,13,1.278325,3.537128,9.016922,-0.006141,-0.000252,0.003227
690401790.000,CC,recording,knock_twice_right,13,1.241112,3.518500,9.074027,-0.006522,0.003030,0.003609
690401800.000,CC,recording,knock_twice_right,13,1.179727,3.493566,9.095470,-0.002902,0.003255,0.006833
690401810.000,CC,recording,knock_twice_right,13,1.151563,3.481146,9.075888,0.002404,0.001026,0.010865
690401820.000,CC,recording,knock_twice_right,13,1.187826,3.482545,9.045986,0.007363,-0.004143,0.015527
690401830.000,CC,recording,knock_twice_right,13,1.197748,3.501069,9.022941,0.009410,-0.010729,0.019340
690401840.000,CC,recording,knock_twice_right,13,1.220390,3.497886,8.997243,0.008627,-0.014849,0.020226
690401850.000,CC,recording,knock_twice_right,13,1.248266,3.518759,8.999758,0.006664,-0.014412,0.020828
690401860.000,CC,recording,knock_twice_right,13,1.259084,3.511641,9.013821,0.004287,-0.011143,0.021447
690401870.000,CC,recording,knock_twice_right,13,1.247038,3.508361,9.036086,0.002476,-0.007900,0.022013
690401880.000,CC,recording,knock_twice_right,13,1.239584,3.508126,9.034238,0.001111,-0.006004,0.024058
690401890.000,CC,recording,knock_twice_right,13,1.251709,3.512316,9.019880,0.000177,-0.005411,0.025854
690401900.000,CC,recording,knock_twice_right,13,1.283535,3.514785,9.028932,-0.001500,-0.004735,0.026720
690401910.000,CC,recording,knock_twice_right,13,1.315142,3.529585,9.010498,-0.003017,-0.003582,0.027067
690401920.000,CC,recording,knock_twice_right,13,1.309414,3.516155,9.026920,-0.004018,-0.001912,0.027219
690401930.000,CC,recording,knock_twice_right,13,1.305285,3.522061,9.037511,-0.004495,-0.000476,0.027520
690401940.000,CC,recording,knock_twice_right,13,1.276085,3.501326,9.033103,-0.003692,-0.001252,0.028708
690401950.000,CC,recording,knock_twice_right,13,1.283403,3.504592,9.028342,-0.000855,-0.005954,0.030700
690401960.000,CC,recording,knock_twice_right,13,1.319196,3.504126,9.027807,0.004371,-0.013414,0.031347
690401970.000,CC,recording,knock_twice_right,13,1.354009,3.510542,8.997889,0.009673,-0.018648,0.029733
690401980.000,CC,recording,knock_twice_right,13,1.356211,3.509096,8.945550,0.012929,-0.019793,0.027621
690401990.000,CC,recording,knock_twice_right,13,1.352026,3.518173,8.887050,0.010412,-0.017436,0.025743
690402000.000,CC,recording,knock_twice_right,13,1.348892,3.544509,8.845720,-0.000135,-0.012826,0.023281
690402010.000,CC,recording,knock_twice_right,13,1.358229,3.569255,8.831507,-0.015912,-0.006919,0.019889
690402020.000,CC,recording,knock_twice_right,13,1.366000,3.579076,8.900397,-0.032519,0.000574,0.016982
690402030.000,CC,recording,knock_twice_right,13,1.270862,3.529980,8.990666,-0.044089,0.005262,0.017025
690402040.000,CC,recording,knock_twice_right,13,1.283554,3.510919,9.150865,-0.044792,0.003817,0.019683
690402050.000,CC,recording,knock_twice_right,13,1.324583,3.515318,9.235637,-0.035111,-0.002170,0.021864
690402060.000,CC,recording,knock_twice_right,13,1.377642,3.504889,9.273288,-0.020619,-0.008802,0.022642
690402070.000,CC,recording,knock_twice_right,13,1.388185,3.531290,9.213130,-0.006294,-0.015285,0.022136
690402080.000,CC,recording,knock_twice_right,13,1.375830,3.558153,9.236704,0.005671,-0.021715,0.020487
690402090.000,CC,recording,knock_twice_right,13,1.430812,3.574557,9.155792,0.012251,-0.022894,0.017997
690402100.000,CC,recording,knock_twice_right,13,1.447450,3.561816,9.072330,0.010328,-0.016295,0.014587
690402110.000,CC,recording,knock_twice_right,13,1.422695,3.568886,9.040558,0.003305,-0.007148,0.012158
690402120.000,CC,recording,knock_twice_right,13,1.412781,3.571102,9.137555,-0.002626,0.000573,0.011037
690402130.000,CC,recording,knock_twice_right,13,1.411610,3.516470,9.154716,-0.003013,0.009172,0.010333
690402140.000,CC,recording,knock_twice_right,13,1.429153,3.508480,9.175209,0.002957,0.016433,0.008995
690402150.000,CC,recording,knock_twice_right,13,1.382196,3.524249,9.156825,0.012582,0.014335,0.006926
690402160.000,CC,recording,knock_twice_right,13,1.349857,3.548232,9.112099,0.023268,0.000752,0.005013
690402170.000,CC,recording,knock_twice_right,13,1.338395,3.550111,9.007757,0.031745,-0.016990,0.003042
690402180.000,CC,recording,knock_twice_right,13,1.342682,3.559453,8.948966,0.034438,-0.030666,0.002219
690402190.000,CC,recording,knock_twice_right,13,1.341297,3.538697,8.901915,0.030407,-0.036797,0.004190
690402200.000,CC,recording,knock_twice_right,13,1.364488,3.557805,8.901582,0.021283,-0.036427,0.006082
690402210.000,CC,recording,knock_twice_right,13,1.426483,3.552997,8.921821,0.009677,-0.029814,0.005504
690402220.000,CC,recording,knock_twice_right,13,1.448796,3.542562,8.964476,0.000807,-0.017868,0.004607
690402230.000,CC,recording,knock_twice_right,13,1.405758,3.528930,9.019531,-0.002473,-0.007201,0.003690
690402240.000,CC,recording,knock_twice_right,13,1.393960,3.552318,9.075797,-0.000805,-0.005093,0.002679
690402250.000,CC,recording,knock_twice_right,13,1.350624,3.524019,9.092812,0.006816,-0.012570,0.001140
690402260.000,CC,recording,knock_twice_right,13,1.363671,3.529905,9.095163,0.017311,-0.025089,-0.000495
690402270.000,CC,recording,knock_twice_right,13,1.367554,3.533601,9.071364,0.024613,-0.034679,-0.002104
690402280.000,CC,recording,knock_twice_right,13,1.360043,3.546428,8.989320,0.025994,-0.036261,-0.003462
690402290.000,CC,recording,knock_twice_right,13,1.349137,3.561474,8.956076,0.019798,-0.029881,-0.003886
690402300.000,CC,recording,knock_twice_right,13,1.385044,3.558502,8.944077,0.008142,-0.017892,-0.004505
690402310.000,CC,recording,knock_twice_right,13,1.368900,3.539523,8.988890,-0.003318,-0.005718,-0.005376
690402320.000,CC,recording,knock_twice_right,13,1.326057,3.514392,9.081647,-0.010255,0.002862,-0.005623
690402330.000,CC,recording,knock_twice_right,13,1.359592,3.486570,9.190745,-0.009117,0.008697,-0.005403
690402340.000,CC,recording,knock_twice_right,13,1.360604,3.464256,9.202661,-0.002537,0.011547,-0.005492
690402350.000,CC,recording,knock_twice_right,13,1.306808,3.466426,9.145100,0.005691,0.010466,-0.004101
690402360.000,CC,recording,knock_twice_right,14,1.279712,3.470590,9.128361,0.016155,0.006186,-0.000167
690402370.000,CC,recording,knock_twice_right,14,1.271478,3.486213,9.069632,0.026245,0.000112,0.004722
690402380.000,CC,recording,knock_twice_right,14,1.267252,3.503072,9.001421,0.032731,-0.007529,0.008874
690402390.000,CC,recording,knock_twice_right,14,1.290065,3.525902,8.909307,0.034215,-0.015023,0.012209
690402400.000,CC,recording,knock_twice_right,14,1.327002,3.540776,8.880493,0.030690,-0.019677,0.012165
690402410.000,CC,recording,knock_twice_right,14,1.378007,3.567881,8.875953,0.023516,-0.020040,0.008188
690402420.000,CC,recording,knock_twice_right,14,1.397686,3.566801,8.912920,0.014351,-0.015730,0.004641
690402430.000,CC,recording,knock_twice_right,14,1.448261,3.562940,8.957047,0.006297,-0.009172,0.001939
690402440.000,CC,recording,knock_twice_right,14,1.474519,3.594345,9.003928,0.000989,-0.001287,-0.001411
690402450.000,CC,recording,knock_twice_right,14,1.458312,3.581138,8.989743,-0.004239,0.008281,-0.004545
690402460.000,CC,recording,knock_twice_right,14,1.442146,3.573075,9.004552,-0.009106,0.015326,-0.006161
690402470.000,CC,recording,knock_twice_right,14,1.419588,3.563560,9.052177,-0.011110,0.017421,-0.006574
690402480.000,CC,recording,knock_twice_right,14,1.442285,3.571095,9.130389,-0.009315,0.017187,-0.007675
690402490.000,CC,recording,knock_twice_right,14,1.438844,3.568931,9.170007,-0.001701,0.016147,-0.010119
690402500.000,CC,recording,knock_twice_right,14,1.406708,3.547892,9.155889,0.008298,0.014276,-0.012089
690402510.000,CC,recording,knock_twice_right,14,1.384881,3.571134,9.110619,0.016005,0.011941,-0.013026
690402520.000,CC,recording,knock_twice_right,14,1.387887,3.577943,9.033014,0.020241,0.010647,-0.013397
690402530.000,CC,recording,knock_twice_right,14,1.380775,3.568711,8.989690,0.020607,0.010877,-0.013553
690402540.000,CC,recording,knock_twice_right,14,1.377782,3.594798,8.979724,0.018609,0.012165,-0.014858
690402550.000,CC,recording,knock_twice_right,14,1.421302,3.577896,8.997219,0.015594,0.015190,-0.017473
690402560.000,CC,recording,knock_twice_right,14,1.393017,3.561668,9.010875,0.013395,0.020019,-0.018247
690402570.000,CC,recording,knock_twice_right,14,1.324252,3.525637,9.044014,0.015105,0.025027,-0.016130
690402580.000,CC,recording,knock_twice_right,14,1.277894,3.534449,9.003094,0.020270,0.028649,-0.012427
690402590.000,CC,recording,knock_twice_right,14,1.295030,3.501676,8.978195,0.026113,0.031885,-0.009070
690402600.000,CC,recording,knock_twice_right,14,1.310530,3.506606,8.916527,0.031217,0.037591,-0.007129
690402610.000,CC,recording,knock_twice_right,14,1.270770,3.496451,8.862063,0.033575,0.042723,-0.005771
690402620.000,CC,recording,knock_twice_right,14,1.276550,3.489918,8.897955,0.034218,0.041797,-0.004589
690402630.000,CC,recording,knock_twice_right,14,1.235260,3.518172,9.011960,0.037406,0.037244,-0.002969
690402640.000,CC,recording,knock_twice_right,14,1.300094,3.521635,9.122670,0.042988,0.036521,-0.001555
690402650.000,CC,recording,knock_twice_right,14,1.331367,3.477365,9.126177,0.048679,0.039741,-0.000847
690402660.000,CC,recording,knock_twice_right,14,1.256145,3.511828,9.121622,0.052658,0.040854,0.000423
690402670.000,CC,recording,knock_twice_right,14,1.190982,3.569054,9.090729,0.053558,0.037308,0.002467
690402680.000,CC,recording,knock_twice_right,14,1.233043,3.591060,9.068298,0.052168,0.031383,0.003620
690402690.000,CC,recording,knock_twice_right,14,1.281471,3.634381,9.054057,0.048701,0.026049,0.003351
690402700.000,CC,recording,knock_twice_right,14,1.270322,3.645333,9.022828,0.044131,0.022842,0.002541
690402710.000,CC,recording,knock_twice_right,14,1.226477,3.676698,8.980213,0.039370,0.019917,0.002081
690402720.000,CC,recording,knock_twice_right,14,1.170727,3.670978,8.944380,0.034839,0.009115,0.000411
690402730.000,CC,recording,knock_twice_right,14,1.205855,3.698885,8.898589,0.032463,-0.013169,-0.007147
690402740.000,CC,recording,knock_twice_right,14,1.348986,3.718548,8.935730,0.032492,-0.036346,-0.026647
690402750.000,CC,recording,knock_twice_right,14,1.582870,3.706019,9.005875,0.034268,-0.058896,-0.057927
690402760.000,CC,recording,knock_twice_right,14,1.504412,3.724131,9.209396,0.043344,-0.098266,-0.082844
690402770.000,CC,recording,knock_twice_right,14,1.149988,3.764352,9.123045,0.055650,-0.154233,-0.089377
690402780.000,CC,recording,knock_twice_right,14,1.061848,3.722138,8.740808,0.060655,-0.212884,-0.083339
690402790.000,CC,recording,knock_twice_right,14,0.915445,3.626626,8.664089,0.063962,-0.283111,-0.075222
690402800.000,CC,recording,knock_twice_right,14,0.250270,3.550051,8.321143,0.052088,-0.317702,-0.026855
690402810.000,CC,recording,knock_twice_right,14,-1.560532,3.326159,6.817784,-0.051485,-0.265863,0.118635
690402820.000,CC,recording,knock_twice_right,14,-0.506055,3.350455,6.515440,-0.263508,-0.181364,0.309223
690402830.000,CC,recording,knock_twice_right,14,0.396623,3.315477,7.524720,-0.481360,-0.111468,0.444940
690402840.000,CC,recording,knock_twice_right,14,2.148700,3.278674,8.890572,-0.593928,-0.047688,0.477913
690402850.000,CC,recording,knock_twice_right,14,3.130041,3.339389,10.608850,-0.556096,0.007466,0.402233
690402860.000,CC,recording,knock_twice_right,14,4.046106,3.327687,11.440057,-0.398876,0.051097,0.243951
690402870.000,CC,recording,knock_twice_right,14,3.776947,3.504736,11.431091,-0.201529,0.095648,0.064541
690402880.000,CC,recording,knock_twice_right,14,3.399302,3.405735,10.834836,-0.038046,0.158674,-0.094422
690402890.000,CC,recording,knock_twice_right,14,3.537682,3.552253,10.691373,0.076372,0.264190,-0.234191
690402900.000,CC,recording,knock_twice_right,14,3.223221,3.953602,10.773302,0.160122,0.385742,-0.342551
690402910.000,CC,recording,knock_twice_right,14,2.417494,3.685196,10.658435,0.243884,0.467735,-0.412191
690402920.000,CC,recording,knock_twice_right,14,1.623099,3.225458,9.956127,0.317396,0.529163,-0.424897
690402930.000,CC,recording,knock_twice_right,14,0.338399,3.692781,8.106414,0.317026,0.599829,-0.342843
690402940.000,CC,recording,knock_twice_right,14,-0.366136,3.941319,7.157371,0.227563,0.614998,-0.204340
690402950.000,CC,recording,knock_twice_right,14,-0.268404,4.068668,7.275338,0.103970,0.508160,-0.095313
690402960.000,CC,recording,knock_twice_right,14,0.368291,4.008601,7.769463,0.010107,0.320870,-0.046778
690402970.000,CC,recording,knock_twice_right,14,1.009025,3.869173,8.453574,-0.016875,0.130342,-0.054222
690402980.000,CC,recording,knock_twice_right,14,1.409031,3.622423,9.061047,0.026542,-0.056417,-0.100102
690402990.000,CC,recording,knock_twice_right,14,0.966164,3.501755,9.134309,0.114738,-0.243588,-0.146802
690403000.000,CC,recording,knock_twice_right,14,0.655467,3.413657,8.800537,0.209546,-0.415513,-0.164033
690403010.000,CC,recording,knock_twice_right,14,-0.010553,3.235363,8.079176,0.255839,-0.543687,-0.121208
690403020.000,CC,recording,knock_twice_right,14,-1.669406,3.233047,6.575347,0.175544,-0.613739,0.027815
690403030.000,CC,recording,knock_twice_right,14,-1.331252,3.334770,6.219826,-0.008614,-0.637776,0.223613
690403040.000,CC,recording,knock_twice_right,14,1.490452,3.268149,8.217787,-0.167438,-0.594300,0.332002
690403050.000,CC,recording,knock_twice_right,14,2.962572,3.612219,9.559523,-0.230379,-0.462982,0.306449
690403060.000,CC,recording,knock_twice_right,14,4.126302,3.801334,10.597695,-0.210363,-0.270759,0.174484
690403070.000,CC,recording,knock_twice_right,14,4.123850,3.635972,10.881573,-0.148501,-0.060178,0.004613
690403080.000,CC,recording,knock_twice_right,14,3.032769,3.572055,10.623318,-0.086034,0.124389,-0.132097
690403090.000,CC,recording,knock_twice_right,14,1.895679,3.451413,10.220976,-0.036736,0.250780,-0.202229
690403100.000,CC,recording,knock_twice_right,14,0.987390,3.288453,9.843989,-0.007890,0.334483,-0.192921
690403110.000,CC,recording,knock_twice_right,14,0.323078,3.459607,9.029759,-0.018424,0.388326,-0.118314
690403120.000,CC,recording,knock_twice_right,14,0.314197,3.523487,8.787827,-0.052870,0.384723,-0.031400
690403130.000,CC,recording,knock_twice_right,14,0.704294,3.623378,9.132557,-0.070065,0.318708,0.020251
690403140.000,CC,recording,knock_twice_right,14,1.140789,3.667783,9.321929,-0.050562,0.234307,0.025067
690403150.000,CC,recording,knock_twice_right,14,1.333925,3.575512,9.258025,-0.009131,0.165704,-0.000094
690403160.000,CC,recording,knock_twice_right,14,1.124127,3.534763,9.028426,0.030804,0.114465,-0.023308
690403170.000,CC,recording,knock_twice_right,14,0.763934,3.506199,8.777895,0.048604,0.076799,-0.028656
690403180.000,CC,recording,knock_twice_right,14,0.592580,3.475395,8.467408,0.035941,0.050983,-0.018288
690403190.000,CC,recording,knock_twice_right,14,0.493447,3.491645,8.438297,0.006983,0.031329,0.008777
690403200.000,CC,recording,knock_twice_right,14,0.647383,3.533964,8.577348,-0.021501,0.011433,0.041807
690403210.000,CC,recording,knock_twice_right,14,0.900339,3.525727,8.772900,-0.040204,-0.011273,0.065204
690403220.000,CC,recording,knock_twice_right,14,1.207814,3.548047,8.978614,-0.043417,-0.032923,0.071468
690403230.000,CC,recording,knock_twice_right,14,1.387785,3.580080,9.128374,-0.034793,-0.046197,0.061545
690403240.000,CC,recording,knock_twice_right,14,1.441447,3.582193,9.195833,-0.025038,-0.048899,0.044792
690403250.000,CC,recording,knock_twice_right,14,1.424177,3.591711,9.233498,-0.018001,-0.039178,0.029407
690403260.000,CC,recording,knock_twice_right,14,1.388001,3.603462,9.226936,-0.014847,-0.018118,0.018797
690403270.000,CC,recording,knock_twice_right,14,1.301108,3.587517,9.170752,-0.016373,0.001288,0.013748
690403280.000,CC,recording,knock_twice_right,14,1.251915,3.578267,9.212180,-0.017477,0.009804,0.011694
690403290.000,CC,recording,knock_twice_right,14,1.322927,3.556951,9.256964,-0.011889,0.010704,0.007371
690403300.000,CC,recording,knock_twice_right,14,1.484230,3.535954,9.289942,0.000193,0.012704,-0.003774
690403310.000,CC,recording,knock_twice_right,14,1.494581,3.520857,9.206458,0.011291,0.019595,-0.019288
690403320.000,CC,recording,knock_twice_right,14,1.343809,3.505423,9.048994,0.013894,0.027858,-0.031436
690403330.000,CC,recording,knock_twice_right,14,1.178123,3.443918,8.919826,0.007680,0.033527,-0.034570
690403340.000,CC,recording,knock_twice_right,14,1.026808,3.442429,8.915740,-0.000799,0.032442,-0.028894
690403350.000,CC,recording,knock_twice_right,14,1.019378,3.446445,8.945877,-0.005384,0.024272,-0.018685
690403360.000,CC,recording,knock_twice_right,14,1.062026,3.429877,8.967032,-0.006016,0.014170,-0.008884
690403370.000,CC,recording,knock_twice_right,14,1.097056,3.428574,8.983676,-0.003454,0.004493,-0.001096
690403380.000,CC,recording,knock_twice_right,14,1.142918,3.467352,9.016251,0.002730,-0.006041,0.005794
690403390.000,CC,recording,knock_twice_right,14,1.177881,3.500920,9.006873,0.010675,-0.015785,0.011644
690403400.000,CC,recording,knock_twice_right,14,1.207126,3.523121,8.924736,0.014804,-0.023813,0.015113
690403410.000,CC,recording,knock_twice_right,14,1.241781,3.573980,8.881170,0.011689,-0.030123,0.015670
690403420.000,CC,recording,knock_twice_right,14,1.278199,3.600409,8.943104,0.006167,-0.032537,0.014142
690403430.000,CC,recording,knock_twice_right,14,1.364317,3.612145,8.968559,0.000883,-0.031333,0.009882
690403440.000,CC,recording,knock_twice_right,14,1.332401,3.626813,8.958955,-0.006100,-0.029317,0.004032
690403450.000,CC,recording,knock_twice_right,14,1.309859,3.625744,8.955673,-0.014809,-0.025733,-0.001182
690403460.000,CC,recording,knock_twice_right,14,1.309484,3.617603,9.057475,-0.020615,-0.018626,-0.007574
690403470.000,CC,recording,knock_twice_right,14,1.397711,3.613687,9.099445,-0.020999,-0.009681,-0.016658
690403480.000,CC,recording,knock_twice_right,14,1.360339,3.605352,9.109440,-0.020065,-0.000300,-0.027546
690403490.000,CC,recording,knock_twice_right,14,1.271736,3.582811,9.060460,-0.021045,0.007955,-0.036260
690403500.000,CC,recording,knock_twice_right,14,1.110073,3.542267,9.050759,-0.024322,0.011685,-0.038043
690403510.000,CC,recording,knock_twice_right,14,1.022232,3.506496,9.130932,-0.026326,0.011079,-0.034116
690403520.000,CC,recording,knock_twice_right,14,1.080083,3.494458,9.174074,-0.024160,0.011058,-0.029712
690403530.000,CC,recording,knock_twice_right,14,1.085689,3.456491,9.195748,-0.018992,0.010750,-0.025966
690403540.000,CC,recording,knock_twice_right,14,1.003245,3.435053,9.174049,-0.011729,0.007495,-0.020055
690403550.000,CC,recording,knock_twice_right,14,0.956711,3.414513,9.148813,-0.003155,0.000663,-0.010610
690403560.000,CC,recording,knock_twice_right,14,0.913696,3.432209,9.094952,0.004764,-0.010618,0.000554
690403570.000,CC,recording,knock_twice_right,14,1.005465,3.476839,9.086491,0.009856,-0.018387,0.008376
690403580.000,CC,recording,knock_twice_right,14,1.156894,3.479580,9.065271,0.009203,-0.014916,0.010033
690403590.000,CC,recording,knock_twice_right,14,1.200363,3.480300,9.029766,0.003412,-0.003415,0.010432
690403600.000,CC,recording,knock_twice_right,14,1.123125,3.480091,9.051058,-0.004689,0.009422,0.014144
690403610.000,CC,recording,knock_twice_right,14,1.071391,3.481634,9.090010,-0.011430,0.018750,0.020565
690403620.000,CC,recording,knock_twice_right,14,1.149177,3.504857,9.146869,-0.011781,0.020718,0.025742
690403630.000,CC,recording,knock_twice_right,14,1.236607,3.541756,9.188386,-0.004899,0.016131,0.024770
690403640.000,CC,recording,knock_twice_right,14,1.269867,3.551606,9.170870,0.005285,0.008763,0.019949
690403650.000,CC,recording,knock_twice_right,14,1.239265,3.546433,9.132221,0.016183,-0.000339,0.015067
690403660.000,CC,recording,knock_twice_right,14,1.254782,3.564732,9.080830,0.024515,-0.010858,0.010558
690403670.000,CC,recording,knock_twice_right,14,1.270679,3.547209,9.062340,0.027586,-0.018097,0.007181
690403680.000,CC,recording,knock_twice_right,14,1.299836,3.533916,9.036463,0.026326,-0.018710,0.005041
690403690.000,CC,recording,knock_twice_right,14,1.275863,3.526452,9.035289,0.023213,-0.014995,0.004794
690403700.000,CC,recording,knock_twice_right,14,1.270560,3.533225,9.047021,0.021162,-0.009123,0.005385
690403710.000,CC,recording,knock_twice_right,14,1.285145,3.537866,8.999041,0.018024,-0.003067,0.004019
690403720.000,CC,recording,knock_twice_right,14,1.321300,3.572785,8.940526,0.011416,0.003116,0.001507
690403730.000,CC,recording,knock_twice_right,14,1.308073,3.551538,8.915278,0.002728,0.010654,-0.001645
690403740.000,CC,recording,knock_twice_right,14,1.269061,3.544752,8.932454,-0.006048,0.016355,-0.003908
690403750.000,CC,recording,knock_twice_right,14,1.222719,3.537900,8.945803,-0.012926,0.016596,-0.003461
690403760.000,CC,recording,knock_twice_right,14,1.254187,3.537188,9.005765,-0.015075,0.011293,-0.004123
690403770.000,CC,recording,knock_twice_right,14,1.294362,3.544345,9.067382,-0.010899,0.002389,-0.007969
690403780.000,CC,recording,knock_twice_right,14,1.274446,3.538023,9.117456,-0.000721,-0.008166,-0.011647
690403790.000,CC,recording,knock_twice_right,14,1.206588,3.514292,9.078091,0.009841,-0.019662,-0.012718
690403800.000,CC,recording,knock_twice_right,14,1.191604,3.527248,8.992903,0.011612,-0.028613,-0.012219
690403810.000,CC,recording,knock_twice_right,14,1.207296,3.513640,8.939951,0.003368,-0.029003,-0.011812
690403820.000,CC,recording,knock_twice_right,14,1.270872,3.507816,9.004941,-0.009590,-0.019887,-0.012641
690403830.000,CC,recording,knock_twice_right,14,1.299909,3.519255,9.057343,-0.021590,-0.006007,-0.014739
690403840.000,CC,recording,knock_twice_right,14,1.260620,3.477694,9.102392,-0.029979,0.007985,-0.016241
690403850.000,CC,recording,knock_twice_right,14,1.159663,3.441467,9.151274,-0.030761,0.017350,-0.014680
690403860.000,CC,recording,knock_twice_right,14,1.096754,3.445379,9.225751,-0.020510,0.014975,-0.010955
690403870.000,CC,recording,knock_twice_right,14,1.172717,3.476705,9.241895,-0.002790,0.003746,-0.008767
690403880.000,CC,recording,knock_twice_right,14,1.235439,3.488494,9.150092,0.014576,-0.008563,-0.009871
690403890.000,CC,recording,knock_twice_right,14,1.141419,3.502354,9.018552,0.024083,-0.019517,-0.010607
690403900.000,CC,recording,knock_twice_right,14,1.093550,3.525104,8.900466,0.021118,-0.025687,-0.007850
690403910.000,CC,recording,knock_twice_right,14,1.105885,3.537665,8.896678,0.008831,-0.025582,-0.003439
690403920.000,CC,recording,knock_twice_right,14,1.178582,3.544237,9.013529,-0.003357,-0.018583,-0.000245
690403930.000,CC,recording,knock_twice_right,14,1.257177,3.570238,9.081041,-0.011830,-0.006606,-0.001220
690403940.000,CC,recording,knock_twice_right,14,1.247048,3.544729,9.098197,-0.016371,0.005236,-0.004022
690403950.000,CC,recording,knock_twice_right,14,1.141274,3.526257,9.114693,-0.016124,0.012139,-0.003394
690403960.000,CC,recording,knock_twice_right,14,1.065386,3.503911,9.122852,-0.010687,0.008682,0.000689
690403970.000,CC,recording,knock_twice_right,14,1.085069,3.517748,9.177826,-0.001251,-0.001910,0.004212
690403980.000,CC,recording,knock_twice_right,14,1.218156,3.522308,9.184384,0.009427,-0.011710,0.002933
690403990.000,CC,recording,knock_twice_right,14,1.301640,3.557575,9.122042,0.016914,-0.013157,-0.001872
690404000.000,CC,recording,knock_twice_right,14,1.266470,3.540234,9.037193,0.016698,-0.005340,-0.006006
690404010.000,CC,recording,knock_twice_right,14,1.167547,3.541132,8.959980,0.008889,0.003559,-0.006022
690404020.000,CC,recording,knock_twice_right,14,1.107786,3.538360,8.965740,-0.003053,0.010431,-0.001518
690404030.000,CC,recording,knock_twice_right,14,1.183533,3.535087,9.026104,-0.012524,0.014575,0.002620
690404040.000,CC,recording,knock_twice_right,14,1.249580,3.503732,9.134370,-0.013369,0.016466,0.002884
690404050.000,CC,recording,knock_twice_right,14,1.264227,3.494045,9.181760,-0.006997,0.017227,0.000786
690404060.000,CC,recording,knock_twice_right,14,1.214167,3.506002,9.139577,0.002349,0.016550,-0.000509
690404070.000,CC,recording,knock_twice_right,14,1.159961,3.493185,9.084068,0.010540,0.013515,0.000441
690404080.000,CC,recording,knock_twice_right,14,1.118875,3.524857,9.025255,0.015183,0.006634,0.002719
690404090.000,CC,recording,knock_twice_right,14,1.151579,3.551924,8.997822,0.015712,-0.002468,0.004292
690404100.000,CC,recording,knock_twice_right,14,1.248244,3.557344,8.965001,0.013037,-0.008500,0.003252
690404110.000,CC,recording,knock_twice_right,14,1.310161,3.552623,8.975525,0.009284,-0.009238,0.000626
690404120.000,CC,recording,knock_twice_right,14,1.263103,3.542491,9.009060,0.004239,-0.006269,-0.001400
690404130.000,CC,recording,knock_twice_right,14,1.260656,3.550009,8.998642,-0.001587,-0.001341,-0.002111
690404140.000,CC,recording,knock_twice_right,14,1.270758,3.548703,9.030139,-0.005515,0.003200,-0.002323
690404150.000,CC,recording,knock_twice_right,14,1.276603,3.541991,9.097014,-0.005322,0.004766,-0.002673
690404160.000,CC,recording,knock_twice_right,14,1.261730,3.520321,9.127539,-0.000991,0.001471,-0.003129
690404170.000,CC,recording,knock_twice_right,14,1.242721,3.546126,9.120242,0.005266,-0.005583,-0.004371
690404180.000,CC,recording,knock_twice_right,14,1.290794,3.563889,9.096071,0.010490,-0.010721,-0.006880
690404190.000,CC,recording,knock_twice_right,14,1.319601,3.572500,9.053622,0.013336,-0.011342,-0.011117
690404200.000,CC,recording,knock_twice_right,14,1.274224,3.548731,9.036707,0.014057,-0.009124,-0.014820
690404210.000,CC,recording,knock_twice_right,14,1.219340,3.557069,8.981201,0.010982,-0.004960,-0.016404
690404220.000,CC,recording,knock_twice_right,14,1.205297,3.555380,8.976957,0.004126,-0.000308,-0.016495
690404230.000,CC,recording,knock_twice_right,14,1.192083,3.559304,8.993874,-0.002648,0.003186,-0.015399
690404240.000,CC,recording,knock_twice_right,14,1.211335,3.541601,9.034579,-0.007390,0.005880,-0.014936
690404250.000,CC,recording,knock_twice_right,14,1.198112,3.535668,9.054595,-0.009157,0.007235,-0.016058
690404260.000,CC,recording,knock_twice_right,14,1.157951,3.521990,9.071222,-0.008248,0.006049,-0.017596
690404270.000,CC,recording,knock_twice_right,14,1.164953,3.504979,9.067028,-0.007473,0.004847,-0.018668
690404280.000,CC,recording,knock_twice_right,14,1.146439,3.500284,9.080626,-0.005916,0.005038,-0.018179
690404290.000,CC,recording,knock_twice_right,14,1.120431,3.498766,9.062970,-0.003702,0.005314,-0.016219
690404300.000,CC,recording,knock_twice_right,14,1.098901,3.482049,9.062165,-0.001973,0.004932,-0.013032
690404310.000,CC,recording,knock_twice_right,14,1.072149,3.483674,9.050767,0.000094,0.003399,-0.008699
690404320.000,CC,recording,knock_twice_right,14,1.057427,3.470969,9.019724,0.001026,0.000212,-0.002543
690404330.000,CC,recording,knock_twice_right,14,1.068105,3.479806,8.989216,0.000835,-0.004174,0.003197
690404340.000,CC,recording,knock_twice_right,14,1.119095,3.482152,8.995714,0.000379,-0.008369,0.004886
690404350.000,CC,recording,knock_twice_right,14,1.175516,3.506238,8.987087,-0.002597,-0.009054,0.003994
690404360.000,CC,recording,knock_twice_right,14,1.168988,3.503347,9.007036,-0.008034,-0.006694,0.003057
690404370.000,CC,recording,knock_twice_right,14,1.105860,3.495128,9.004749,-0.012918,-0.003390,0.004600
690404380.000,CC,recording,knock_twice_right,14,1.084173,3.504806,9.043341,-0.016122,0.000660,0.008998
690404390.000,CC,recording,knock_twice_right,14,1.124156,3.514185,9.063687,-0.016376,0.002654,0.013136
690404400.000,CC,recording,knock_twice_right,14,1.190109,3.523152,9.092926,-0.014164,0.001408,0.013729
690404410.000,CC,recording,knock_twice_right,14,1.212811,3.523858,9.129460,-0.010486,-0.000120,0.011340
690404420.000,CC,recording,knock_twice_right,14,1.209693,3.512693,9.129787,-0.006651,0.001109,0.009519
690404430.000,CC,recording,knock_twice_right,14,1.193724,3.520987,9.102113,-0.004870,0.005372,0.009198
690404440.000,CC,recording,knock_twice_right,14,1.188502,3.512278,9.070283,-0.006947,0.010466,0.009707
690404450.000,CC,recording,knock_twice_right,14,1.149752,3.525313,9.078750,-0.011511,0.012958,0.011537
690404460.000,CC,recording,knock_twice_right,14,1.139543,3.531724,9.098532,-0.014672,0.013417,0.014427
690404470.000,CC,recording,knock_twice_right,14,1.155727,3.520948,9.140270,-0.014851,0.013219,0.017818
690404480.000,CC,recording,knock_twice_right,14,1.204911,3.522518,9.179310,-0.010853,0.010834,0.019902
690404490.000,CC,recording,knock_twice_right,14,1.243151,3.535519,9.228229,-0.002005,0.005517,0.018832
690404500.000,CC,recording,knock_twice_right,14,1.292389,3.538564,9.224053,0.009226,-0.001109,0.014622
690404510.000,CC,recording,knock_twice_right,14,1.298721,3.526149,9.165876,0.019384,-0.005741,0.009563
690404520.000,CC,recording,knock_twice_right,14,1.242799,3.537953,9.088935,0.025345,-0.007396,0.007822
690404530.000,CC,recording,knock_twice_right,14,1.214447,3.577184,8.998915,0.024986,-0.005697,0.009626
690404540.000,CC,recording,knock_twice_right,14,1.242696,3.573249,8.943575,0.018058,-0.002170,0.011452
690404550.000,CC,recording,knock_twice_right,14,1.257707,3.591336,8.924883,0.008663,-0.000136,0.011083
690404560.000,CC,recording,knock_twice_right,14,1.299474,3.589417,8.949211,0.001027,0.000192,0.008620
690404570.000,CC,recording,knock_twice_right,14,1.297803,3.572475,9.025650,-0.003499,0.000440,0.004336
690404580.000,CC,recording,knock_twice_right,14,1.292324,3.569397,9.050309,-0.004049,-0.001366,-0.000613
690404590.000,CC,recording,knock_twice_right,14,1.289787,3.578915,9.066653,-0.002135,-0.006629,-0.004786
690404600.000,CC,recording,knock_twice_right,14,1.257399,3.559030,9.039246,-0.000884,-0.010838,-0.007891
690404610.000,CC,recording,knock_twice_right,14,1.266958,3.545902,9.077821,-0.000873,-0.011073,-0.009670
690404620.000,CC,recording,knock_twice_right,14,1.252491,3.526464,9.094122,-0.001255,-0.008201,-0.011208
690404630.000,CC,recording,knock_twice_right,14,1.248060,3.535572,9.098579,-0.002472,-0.002144,-0.012775
690404640.000,CC,recording,knock_twice_right,14,1.248148,3.518687,9.087594,-0.002982,0.004927,-0.014855
690404650.000,CC,recording,knock_twice_right,14,1.180973,3.510039,9.073045,-0.003367,0.008243,-0.016535
690404660.000,CC,recording,knock_twice_right,14,1.090705,3.491083,9.019293,-0.004598,0.005479,-0.014369
690404670.000,CC,recording,knock_twice_right,14,1.071398,3.477925,9.052662,-0.004120,-0.004160,-0.009448
690404680.000,CC,recording,knock_twice_right,14,1.090054,3.475871,9.125601,0.000137,-0.018801,-0.005583
690404690.000,CC,recording,knock_twice_right,14,1.109139,3.443240,9.160528,0.008337,-0.030340,-0.002251
690404700.000,CC,recording,knock_twice_right,14,1.158130,3.456050,9.151475,0.017636,-0.033417,0.001241
690404710.000,CC,recording,knock_twice_right,14,1.174494,3.484471,9.099352,0.023113,-0.028764,0.004371
690404720.000,CC,recording,knock_twice_right,14,1.188442,3.514142,9.051941,0.022495,-0.018508,0.007473
690404730.000,CC,recording,knock_twice_right,14,1.183272,3.527108,8.996816,0.017454,-0.006737,0.009138
690404740.000,CC,recording,knock_twice_right,14,1.177717,3.534887,8.983233,0.010351,0.002066,0.008568
690404750.000,CC,recording,knock_twice_right,14,1.168570,3.552870,8.981611,0.003411,0.006312,0.007503
690404760.000,CC,recording,knock_twice_right,14,1.164416,3.542021,9.033533,-0.001193,0.007797,0.006934
690404770.000,CC,recording,knock_twice_right,14,1.181486,3.542838,9.098517,-0.000858,0.006098,0.005961
690404780.000,CC,recording,knock_twice_right,14,1.146977,3.524801,9.114967,0.004909,0.001319,0.006358
690404790.000,CC,recording,knock_twice_right,14,1.124900,3.523494,9.075943,0.010596,-0.003294,0.010023
690404800.000,CC,recording,knock_twice_right,14,1.111874,3.501796,9.037045,0.012940,-0.008119,0.014622
690404810.000,CC,recording,knock_twice_right,14,1.146224,3.521692,9.012113,0.014255,-0.012246,0.017351
690404820.000,CC,recording,knock_twice_right,14,1.222672,3.512549,9.016550,0.014177,-0.013334,0.017531
690404830.000,CC,recording,knock_twice_right,14,1.248535,3.520099,8.994388,0.010960,-0.010775,0.015595
690404840.000,CC,recording,knock_twice_right,14,1.229341,3.496734,8.967941,0.005375,-0.004263,0.013831
690404850.000,CC,recording,knock_twice_right,14,1.198834,3.489192,8.986342,-0.000812,0.002126,0.013739
690404860.000,CC,recording,knock_twice_right,14,1.163423,3.504270,8.998485,-0.006368,0.005898,0.015636
690404870.000,CC,recording,knock_twice_right,14,1.171857,3.504692,9.054920,-0.008496,0.006067,0.017875
690404880.000,CC,recording,knock_twice_right,14,1.178928,3.504974,9.076294,-0.005417,0.002507,0.019307
690404890.000,CC,recording,knock_twice_right,14,1.190559,3.506161,9.105598,0.002293,-0.003036,0.020694
690404900.000,CC,recording,knock_twice_right,14,1.183391,3.519730,9.083477,0.011386,-0.009644,0.022208
690404910.000,CC,recording,knock_twice_right,14,1.170338,3.538906,8.995540,0.015041,-0.015762,0.023523
690404920.000,CC,recording,knock_twice_right,14,1.230063,3.555818,8.950010,0.011714,-0.018173,0.023197
690404930.000,CC,recording,knock_twice_right,14,1.263810,3.561556,8.945243,0.003680,-0.016212,0.022047
690404940.000,CC,recording,knock_twice_right,14,1.244378,3.556136,9.000506,-0.005029,-0.012438,0.021630
690404950.000,CC,recording,knock_twice_right,14,1.266670,3.540224,9.025248,-0.011621,-0.008561,0.021273
690404960.000,CC,recording,knock_twice_right,14,1.256623,3.542232,9.104525,-0.014605,-0.006277,0.020569
690404970.000,CC,recording,knock_twice_right,14,1.292776,3.553017,9.164687,-0.009777,-0.008758,0.019894
690404980.000,CC,recording,knock_twice_right,14,1.316289,3.574825,9.195418,-0.000240,-0.015434,0.018312
690404990.000,CC,recording,knock_twice_right,14,1.309486,3.578154,9.138118,0.008227,-0.021408,0.015846
690405000.000,CC,recording,knock_twice_right,14,1.307563,3.580624,9.109717,0.014717,-0.024869,0.014436
690405010.000,CC,recording,knock_twice_right,14,1.285514,3.595075,9.070313,0.017711,-0.025661,0.013120
690405020.000,CC,recording,knock_twice_right,14,1.325242,3.609495,9.026657,0.014880,-0.023300,0.010144
690405030.000,CC,recording,knock_twice_right,14,1.357957,3.612369,9.012990,0.008671,-0.017438,0.006094
690405040.000,CC,recording,knock_twice_right,14,1.343699,3.606139,9.067996,0.004091,-0.010934,0.002338
690405050.000,CC,recording,knock_twice_right,14,1.304145,3.578294,9.111587,0.003205,-0.006234,-0.000067
690405060.000,CC,recording,knock_twice_right,14,1.285306,3.585269,9.082917,0.003923,-0.003001,-0.000933
690405070.000,CC,recording,knock_twice_right,14,1.260796,3.566243,9.068167,0.006651,-0.002910,-0.000717
690405080.000,CC,recording,knock_twice_right,14,1.269370,3.584171,8.991182,0.009354,-0.004265,-0.001000
690405090.000,CC,recording,knock_twice_right,14,1.261544,3.585453,8.944954,0.006992,-0.006077,-0.001746
690405100.000,CC,recording,knock_twice_right,14,1.281350,3.582091,8.950892,0.001548,-0.008581,-0.003420
690405110.000,CC,recording,knock_twice_right,14,1.267646,3.567317,8.990524,-0.003832,-0.009751,-0.006437
690405120.000,CC,recording,knock_twice_right,14,1.284817,3.547277,9.053329,-0.006880,-0.007422,-0.009685
690405130.000,CC,recording,knock_twice_right,14,1.243630,3.497828,9.079924,-0.006932,-0.003245,-0.011413
690405140.000,CC,recording,knock_twice_right,14,1.199457,3.495373,9.111143,-0.005128,-0.000405,-0.010372
690405150.000,CC,recording,knock_twice_right,14,1.145315,3.472802,9.084438,-0.002751,0.000146,-0.006990
690405160.000,CC,recording,knock_twice_right,14,1.144933,3.459165,9.094054,0.001028,-0.001550,-0.001224
690405170.000,CC,recording,knock_twice_right,14,1.100777,3.454482,9.067579,0.006210,-0.005462,0.005610
690405180.000,CC,recording,knock_twice_right,14,1.134884,3.464236,9.048338,0.011123,-0.010765,0.011311
690405190.000,CC,recording,knock_twice_right,14,1.179742,3.489486,9.051429,0.013162,-0.013727,0.015665
690405200.000,CC,recording,knock_twice_right,14,1.218873,3.488338,9.043047,0.012861,-0.013945,0.018331
690405210.000,CC,recording,knock_twice_right,14,1.221923,3.495521,9.045827,0.012472,-0.011770,0.019558
690405220.000,CC,recording,knock_twice_right,14,1.187736,3.488916,9.006816,0.010565,-0.007861,0.020803
690405230.000,CC,recording,knock_twice_right,14,1.171549,3.480593,9.010411,0.007332,-0.005849,0.024497
690405240.000,CC,recording,knock_twice_right,14,1.176680,3.485108,9.011743,0.005483,-0.006596,0.030284
690405250.000,CC,recording,knock_twice_right,14,1.183951,3.489703,9.048852,0.006477,-0.010785,0.035059
690405260.000,CC,recording,knock_twice_right,14,1.230057,3.501963,9.052429,0.010829,-0.019389,0.037406
690405270.000,CC,recording,knock_twice_right,14,1.235190,3.510943,9.085753,0.018757,-0.028985,0.038117
690405280.000,CC,recording,knock_twice_right,14,1.244930,3.502185,9.078524,0.026871,-0.038075,0.039582
690405290.000,CC,recording,knock_twice_right,14,1.191970,3.488779,9.015853,0.032600,-0.047070,0.044245
690405300.000,CC,recording,knock_twice_right,14,1.170404,3.471538,8.992287,0.037332,-0.054107,0.052621
690405310.000,CC,recording,knock_twice_right,14,1.172500,3.441694,8.985708,0.042783,-0.061801,0.061730
690405320.000,CC,recording,knock_twice_right,14,1.206449,3.427466,9.015215,0.051772,-0.080754,0.069309
690405330.000,CC,recording,knock_twice_right,14,1.162666,3.454213,9.138372,0.069978,-0.114064,0.076124
690405340.000,CC,recording,knock_twice_right,14,1.137709,3.436883,9.277960,0.094545,-0.150355,0.085913
690405350.000,CC,recording,knock_twice_right,14,1.192711,3.440967,9.219499,0.116929,-0.177621,0.095547
690405360.000,CC,recording,knock_twice_right,14,1.425329,3.549133,9.221087,0.134096,-0.188615,0.097309
690405370.000,CC,recording,knock_twice_right,14,1.518394,3.582836,9.130164,0.140631,-0.180052,0.093919
690405380.000,CC,recording,knock_twice_right,14,1.538680,3.631816,8.902131,0.129819,-0.152817,0.090177
690405390.000,CC,recording,knock_twice_right,15,1.543918,3.706899,8.697391,0.100034,-0.112356,0.087005
690405400.000,CC,recording,knock_twice_right,15,1.601849,3.748623,8.656016,0.057654,-0.067584,0.082891
690405410.000,CC,recording,knock_twice_right,15,1.691542,3.751436,8.721972,0.015187,-0.026565,0.074831
690405420.000,CC,recording,knock_twice_right,15,1.731723,3.746891,8.872818,-0.017543,0.011084,0.064043
690405430.000,CC,recording,knock_twice_right,15,1.737184,3.720900,8.979147,-0.034419,0.041270,0.051574
690405440.000,CC,recording,knock_twice_right,15,1.702741,3.708014,9.094247,-0.035508,0.052136,0.036304
690405450.000,CC,recording,knock_twice_right,15,1.692686,3.735330,9.120417,-0.025646,0.048212,0.020341
690405460.000,CC,recording,knock_twice_right,15,1.676725,3.674255,9.097397,-0.011330,0.039446,0.005128
690405470.000,CC,recording,knock_twice_right,15,1.603216,3.665683,8.990152,-0.001631,0.027508,-0.007088
690405480.000,CC,recording,knock_twice_right,15,1.513686,3.674774,8.947326,0.000783,0.018532,-0.013435
690405490.000,CC,recording,knock_twice_right,15,1.507480,3.659519,8.907734,-0.002976,0.018521,-0.015092
690405500.000,CC,recording,knock_twice_right,15,1.464487,3.643846,8.917913,-0.011120,0.025867,-0.012020
690405510.000,CC,recording,knock_twice_right,15,1.465011,3.646880,8.959277,-0.019640,0.035010,-0.006597
690405520.000,CC,recording,knock_twice_right,15,1.477457,3.639141,8.997926,-0.024113,0.041178,-0.003284
690405530.000,CC,recording,knock_twice_right,15,1.471010,3.630107,9.027939,-0.021450,0.042279,-0.001856
690405540.000,CC,recording,knock_twice_right,15,1.434401,3.620637,9.033718,-0.013193,0.033794,-0.001031
690405550.000,CC,recording,knock_twice_right,15,1.407420,3.638289,9.074116,-0.001024,0.014138,-0.000873
690405560.000,CC,recording,knock_twice_right,15,1.442067,3.645468,9.046983,0.011592,-0.006309,-0.002621
690405570.000,CC,recording,knock_twice_right,15,1.444372,3.626831,9.019237,0.019265,-0.017217,-0.005539
690405580.000,CC,recording,knock_twice_right,15,1.429236,3.652415,8.959883,0.019910,-0.019722,-0.007201
690405590.000,CC,recording,knock_twice_right,15,1.402673,3.629780,8.965349,0.013721,-0.017230,-0.007621
690405600.000,CC,recording,knock_twice_right,15,1.442606,3.620156,8.997832,0.005176,-0.009932,-0.008970
690405610.000,CC,recording,knock_twice_right,15,1.439579,3.587436,9.044318,-0.000235,0.000957,-0.010848
690405620.000,CC,recording,knock_twice_right,15,1.440589,3.561164,9.148327,0.000341,0.009611,-0.011890
690405630.000,CC,recording,knock_twice_right,15,1.448125,3.554111,9.181551,0.006848,0.015060,-0.014304
690405640.000,CC,recording,knock_twice_right,15,1.458948,3.522217,9.132900,0.014951,0.020589,-0.017561
690405650.000,CC,recording,knock_twice_right,15,1.352352,3.514470,9.016351,0.020057,0.023148,-0.018852
690405660.000,CC,recording,knock_twice_right,15,1.287966,3.548353,8.919639,0.021099,0.019821,-0.017754
690405670.000,CC,recording,knock_twice_right,15,1.302281,3.531507,8.882489,0.019939,0.015089,-0.018643
690405680.000,CC,recording,knock_twice_right,15,1.456884,3.495026,8.911122,0.019136,0.007093,-0.031428
690405690.000,CC,recording,knock_twice_right,15,1.602062,3.559538,9.117120,0.024292,-0.019019,-0.058247
690405700.000,CC,recording,knock_twice_right,15,1.733581,3.645063,9.392546,0.050000,-0.060777,-0.094022
690405710.000,CC,recording,knock_twice_right,15,1.663492,3.615537,9.344356,0.090054,-0.104502,-0.132591
690405720.000,CC,recording,knock_twice_right,15,1.347994,3.524118,8.851335,0.123904,-0.139593,-0.161747
690405730.000,CC,recording,knock_twice_right,15,-0.010820,3.321344,8.097662,0.116791,-0.136160,-0.099726
690405740.000,CC,recording,knock_twice_right,15,-1.931771,3.199389,6.730994,0.007438,-0.115968,0.079834
690405750.000,CC,recording,knock_twice_right,15,-0.361808,3.350138,7.083591,-0.169190,-0.112428,0.269983
690405760.000,CC,recording,knock_twice_right,15,0.530152,3.488473,8.046416,-0.308153,-0.100991,0.388056
690405770.000,CC,recording,knock_twice_right,15,2.376578,3.366192,9.217512,-0.352219,-0.079126,0.395642
690405780.000,CC,recording,knock_twice_right,15,3.401300,3.534269,10.541057,-0.277901,-0.046828,0.287941
690405790.000,CC,recording,knock_twice_right,15,4.210450,3.627675,11.326186,-0.118032,0.013638,0.109898
690405800.000,CC,recording,knock_twice_right,15,4.010367,3.713039,10.971517,0.044557,0.107540,-0.083055
690405810.000,CC,recording,knock_twice_right,15,3.716568,3.822478,10.461870,0.152355,0.239710,-0.245389
690405820.000,CC,recording,knock_twice_right,15,2.967841,4.236696,9.952643,0.194240,0.397178,-0.351509
690405830.000,CC,recording,knock_twice_right,15,2.186117,3.774172,9.215405,0.180950,0.543919,-0.397686
690405840.000,CC,recording,knock_twice_right,15,0.919279,3.661001,8.450995,0.115978,0.659187,-0.362028
690405850.000,CC,recording,knock_twice_right,15,-0.242279,3.904295,7.425558,-0.003055,0.713909,-0.242812
690405860.000,CC,recording,knock_twice_right,15,-0.498426,4.032461,7.436544,-0.131081,0.657293,-0.105348
690405870.000,CC,recording,knock_twice_right,15,0.216724,3.955550,8.346284,-0.195399,0.491081,-0.019600
690405880.000,CC,recording,knock_twice_right,15,1.048538,3.790093,9.097261,-0.163144,0.279640,-0.013472
690405890.000,CC,recording,knock_twice_right,15,1.636920,3.619388,9.633529,-0.045489,0.059516,-0.072852
690405900.000,CC,recording,knock_twice_right,15,1.333889,3.476778,9.759293,0.118881,-0.166075,-0.148394
690405910.000,CC,recording,knock_twice_right,15,0.746659,3.389887,9.435675,0.280295,-0.381925,-0.196796
690405920.000,CC,recording,knock_twice_right,15,0.124111,3.275680,8.604119,0.384855,-0.545070,-0.184220
690405930.000,CC,recording,knock_twice_right,15,-1.535775,3.305930,6.961234,0.348193,-0.621335,-0.048171
690405940.000,CC,recording,knock_twice_right,15,-1.595238,3.378009,5.912316,0.162720,-0.626315,0.161546
690405950.000,CC,recording,knock_twice_right,15,1.345239,3.335056,7.696032,-0.044251,-0.553396,0.291253
690405960.000,CC,recording,knock_twice_right,15,3.090407,3.723150,9.245227,-0.167809,-0.377744,0.278476
690405970.000,CC,recording,knock_twice_right,15,4.339571,3.873828,10.539361,-0.190438,-0.140819,0.150565
690405980.000,CC,recording,knock_twice_right,15,3.959972,3.671381,10.853460,-0.145614,0.080371,-0.013587
690405990.000,CC,recording,knock_twice_right,15,2.570403,3.633264,10.632554,-0.072836,0.234765,-0.139297
690406000.000,CC,recording,knock_twice_right,15,1.489136,3.436973,10.275458,-0.003260,0.334802,-0.186773
690406010.000,CC,recording,knock_twice_right,15,0.459231,3.446272,9.192413,0.020293,0.405748,-0.140510
690406020.000,CC,recording,knock_twice_right,15,-0.149710,3.657470,8.498784,-0.017756,0.420659,-0.035870
690406030.000,CC,recording,knock_twice_right,15,0.141551,3.791982,8.618948,-0.075734,0.368567,0.061106
690406040.000,CC,recording,knock_twice_right,15,0.870299,3.794476,8.999471,-0.098840,0.289650,0.111690
690406050.000,CC,recording,knock_twice_right,15,1.487037,3.707246,9.324969,-0.075044,0.215481,0.101308
690406060.000,CC,recording,knock_twice_right,15,1.587139,3.668031,9.221874,-0.031933,0.143801,0.049356
690406070.000,CC,recording,knock_twice_right,15,1.134058,3.648016,8.929981,0.003533,0.082034,0.001250
690406080.000,CC,recording,knock_twice_right,15,0.704574,3.572792,8.591263,0.013262,0.044830,-0.017012
690406090.000,CC,recording,knock_twice_right,15,0.588438,3.496890,8.307121,-0.008473,0.029879,-0.003515
690406100.000,CC,recording,knock_twice_right,15,0.593141,3.510813,8.335718,-0.045814,0.024770,0.026346
690406110.000,CC,recording,knock_twice_right,15,0.851431,3.584775,8.609581,-0.077415,0.015355,0.052111
690406120.000,CC,recording,knock_twice_right,15,1.137302,3.583813,8.819062,-0.095321,-0.003905,0.061884
690406130.000,CC,recording,knock_twice_right,15,1.290984,3.539489,9.078065,-0.095495,-0.025307,0.055604
690406140.000,CC,recording,knock_twice_right,15,1.451508,3.542602,9.276453,-0.079810,-0.036943,0.038552
690406150.000,CC,recording,knock_twice_right,15,1.391409,3.553111,9.210867,-0.063031,-0.032534,0.020457
690406160.000,CC,recording,knock_twice_right,15,1.241505,3.498409,9.139594,-0.056135,-0.016072,0.011194
690406170.000,CC,recording,knock_twice_right,15,1.102447,3.519367,9.113941,-0.056540,-0.003111,0.012226
690406180.000,CC,recording,knock_twice_right,15,1.163305,3.558060,9.216593,-0.052452,0.000706,0.014164
690406190.000,CC,recording,knock_twice_right,15,1.396483,3.553059,9.342557,-0.039011,0.000917,0.005310
690406200.000,CC,recording,knock_twice_right,15,1.475927,3.553948,9.307886,-0.022515,-0.000187,-0.012583
690406210.000,CC,recording,knock_twice_right,15,1.353963,3.537338,9.223313,-0.011113,0.000079,-0.028226
690406220.000,CC,recording,knock_twice_right,15,1.205059,3.477878,9.126271,-0.008290,0.005196,-0.035509
690406230.000,CC,recording,knock_twice_right,15,1.059958,3.442656,9.052529,-0.010053,0.013272,-0.034597
690406240.000,CC,recording,knock_twice_right,15,1.009595,3.421887,9.043897,-0.013605,0.017819,-0.028752
690406250.000,CC,recording,knock_twice_right,15,1.008092,3.393443,9.018544,-0.017898,0.016433,-0.022432
690406260.000,CC,recording,knock_twice_right,15,0.992296,3.398346,9.021355,-0.018502,0.011282,-0.016384
690406270.000,CC,recording,knock_twice_right,15,0.984252,3.404609,9.045441,-0.015289,0.002456,-0.007958
690406280.000,CC,recording,knock_twice_right,15,0.987104,3.438836,9.030042,-0.011946,-0.009628,0.001090
690406290.000,CC,recording,knock_twice_right,15,1.064830,3.464990,8.998891,-0.009499,-0.019658,0.008149
690406300.000,CC,recording,knock_twice_right,15,1.147697,3.484797,9.046373,-0.007551,-0.023359,0.013108
690406310.000,CC,recording,knock_twice_right,15,1.183703,3.515847,9.098146,-0.005064,-0.022544,0.016283
690406320.000,CC,recording,knock_twice_right,15,1.209021,3.565852,9.087506,-0.002906,-0.020439,0.019272
690406330.000,CC,recording,knock_twice_right,15,1.197440,3.604115,9.047391,-0.002327,-0.019746,0.021373
690406340.000,CC,recording,knock_twice_right,15,1.246957,3.634437,9.066986,-0.001227,-0.021091,0.020126
690406350.000,CC,recording,knock_twice_right,15,1.369540,3.652193,9.124761,0.002457,-0.021784,0.013797
690406360.000,CC,recording,knock_twice_right,15,1.428865,3.673996,9.137353,0.007745,-0.019763,0.002844
690406370.000,CC,recording,knock_twice_right,15,1.368225,3.690920,9.072917,0.010956,-0.016597,-0.008202
690406380.000,CC,recording,knock_twice_right,15,1.256084,3.676716,8.993310,0.008088,-0.016327,-0.015706
690406390.000,CC,recording,knock_twice_right,15,1.231901,3.681324,8.962409,-0.000176,-0.013633,-0.020476
690406400.000,CC,recording,knock_twice_right,15,1.312305,3.658476,9.018411,-0.007872,-0.001058,-0.026486
690406410.000,CC,recording,knock_twice_right,15,1.369971,3.601679,9.085553,-0.012986,0.015655,-0.035150
690406420.000,CC,recording,knock_twice_right,15,1.171782,3.597406,9.060477,-0.017647,0.028521,-0.040588
690406430.000,CC,recording,knock_twice_right,15,1.037026,3.542975,9.005430,-0.021640,0.033516,-0.039195
690406440.000,CC,recording,knock_twice_right,15,0.956406,3.500857,9.020303,-0.022170,0.025259,-0.032654
690406450.000,CC,recording,knock_twice_right,15,0.935451,3.499306,9.115873,-0.016756,0.006046,-0.024667
690406460.000,CC,recording,knock_twice_right,15,1.058944,3.476693,9.193409,-0.007424,-0.012268,-0.020845
690406470.000,CC,recording,knock_twice_right,15,1.121691,3.443367,9.206165,0.003117,-0.021599,-0.020666
690406480.000,CC,recording,knock_twice_right,15,1.050189,3.429420,9.205726,0.011803,-0.021663,-0.018939
690406490.000,CC,recording,knock_twice_right,15,0.970923,3.418908,9.098036,0.016141,-0.018206,-0.012475
690406500.000,CC,recording,knock_twice_right,15,0.880663,3.438401,9.092841,0.018150,-0.015374,-0.000496
690406510.000,CC,recording,knock_twice_right,15,0.999052,3.467402,9.098087,0.020042,-0.014023,0.009760
690406520.000,CC,recording,knock_twice_right,15,1.196652,3.517473,9.157247,0.023318,-0.012484,0.009823
690406530.000,CC,recording,knock_twice_right,15,1.309744,3.533488,9.127665,0.026246,-0.007106,0.002792
690406540.000,CC,recording,knock_twice_right,15,1.186490,3.510073,9.027911,0.024211,0.001494,-0.002586
690406550.000,CC,recording,knock_twice_right,15,1.112325,3.512604,8.982254,0.017729,0.007898,-0.002060
690406560.000,CC,recording,knock_twice_right,15,1.067120,3.547132,8.962740,0.011087,0.007910,0.001425
690406570.000,CC,recording,knock_twice_right,15,1.160424,3.564890,8.936026,0.005895,0.003628,0.002774
690406580.000,CC,recording,knock_twice_right,15,1.221937,3.564402,8.943093,0.000341,0.000708,0.000878
690406590.000,CC,recording,knock_twice_right,15,1.237616,3.555499,8.994547,-0.004960,0.001696,-0.001967
690406600.000,CC,recording,knock_twice_right,15,1.259930,3.534828,9.042716,-0.006221,0.004943,-0.004524
690406610.000,CC,recording,knock_twice_right,15,1.170891,3.535215,9.016363,-0.004848,0.006354,-0.004094
690406620.000,CC,recording,knock_twice_right,15,1.113757,3.508629,8.958090,-0.003628,0.003073,-0.000729
690406630.000,CC,recording,knock_twice_right,15,1.121280,3.531223,8.961704,-0.003321,-0.004735,0.001619
690406640.000,CC,recording,knock_twice_right,15,1.233947,3.558780,9.002124,-0.002266,-0.012113,-0.000067
690406650.000,CC,recording,knock_twice_right,15,1.309636,3.574258,9.009235,0.000157,-0.015358,-0.005225
690406660.000,CC,recording,knock_twice_right,15,1.282948,3.595820,8.977303,-0.000864,-0.015307,-0.011068
690406670.000,CC,recording,knock_twice_right,15,1.234103,3.586688,8.969966,-0.006921,-0.012703,-0.014686
690406680.000,CC,recording,knock_twice_right,15,1.145507,3.559192,8.977638,-0.013220,-0.009304,-0.014292
690406690.000,CC,recording,knock_twice_right,15,1.137439,3.553777,9.023008,-0.015701,-0.007950,-0.012102
690406700.000,CC,recording,knock_twice_right,15,1.148971,3.569475,9.081020,-0.015513,-0.010523,-0.009580
690406710.000,CC,recording,knock_twice_right,15,1.187737,3.545165,9.088786,-0.012926,-0.014354,-0.008463
690406720.000,CC,recording,knock_twice_right,15,1.242521,3.555003,9.130063,-0.008044,-0.015460,-0.011060
690406730.000,CC,recording,knock_twice_right,15,1.256192,3.551999,9.127005,-0.004682,-0.013648,-0.016657
690406740.000,CC,recording,knock_twice_right,15,1.199265,3.582105,9.022581,-0.007662,-0.008394,-0.021675
690406750.000,CC,recording,knock_twice_right,15,1.111678,3.543870,8.966934,-0.018298,0.000270,-0.021695
690406760.000,CC,recording,knock_twice_right,15,1.035110,3.522048,9.010831,-0.031297,0.007509,-0.015556
690406770.000,CC,recording,knock_twice_right,15,1.047783,3.513957,9.153081,-0.036330,0.010556,-0.008846
690406780.000,CC,recording,knock_twice_right,15,1.144047,3.494448,9.287884,-0.027393,0.008683,-0.007374
690406790.000,CC,recording,knock_twice_right,15,1.184591,3.477139,9.304907,-0.009256,0.003384,-0.009798
690406800.000,CC,recording,knock_twice_right,15,1.129686,3.489859,9.235902,0.008216,-0.003486,-0.011955
690406810.000,CC,recording,knock_twice_right,15,1.020284,3.483390,9.096213,0.017204,-0.010277,-0.009728
690406820.000,CC,recording,knock_twice_right,15,1.020442,3.498914,9.031233,0.017378,-0.012107,-0.004220
690406830.000,CC,recording,knock_twice_right,15,1.093393,3.517982,9.004340,0.011791,-0.007152,0.000247
690406840.000,CC,recording,knock_twice_right,15,1.138295,3.525581,9.053517,0.004013,0.001982,0.003150
690406850.000,CC,recording,knock_twice_right,15,1.142335,3.534602,9.058207,-0.003009,0.010962,0.004787
690406860.000,CC,recording,knock_twice_right,15,1.095170,3.527254,9.090508,-0.006112,0.014132,0.006758
690406870.000,CC,recording,knock_twice_right,15,1.090987,3.531426,9.107058,-0.002764,0.010784,0.008144
690406880.000,CC,recording,knock_twice_right,15,1.138133,3.550966,9.088219,0.002287,0.004313,0.007528
690406890.000,CC,recording,knock_twice_right,15,1.150599,3.560914,9.032294,0.005254,-0.003115,0.006951
690406900.000,CC,recording,knock_twice_right,15,1.113080,3.531997,9.010971,0.006035,-0.008883,0.006708
690406910.000,CC,recording,knock_twice_right,15,1.146628,3.559509,9.038663,0.004966,-0.010703,0.006117
690406920.000,CC,recording,knock_twice_right,15,1.226032,3.546208,9.091712,0.004949,-0.008936,0.003505
690406930.000,CC,recording,knock_twice_right,15,1.257190,3.556576,9.097699,0.005398,-0.003637,-0.000389
690406940.000,CC,recording,knock_twice_right,15,1.245667,3.534469,9.027682,0.001162,0.005296,-0.002082
690406950.000,CC,recording,knock_twice_right,15,1.176945,3.511894,8.990864,-0.007226,0.014959,-0.000886
690406960.000,CC,recording,knock_twice_right,15,1.152763,3.499838,9.039754,-0.014599,0.021830,0.001297
690406970.000,CC,recording,knock_twice_right,15,1.171062,3.487227,9.083782,-0.016773,0.022355,0.002771
690406980.000,CC,recording,knock_twice_right,15,1.151767,3.500850,9.104586,-0.012285,0.016616,0.003436
690406990.000,CC,recording,knock_twice_right,15,1.118703,3.491849,9.092835,-0.004149,0.006654,0.004947
690407000.000,CC,recording,knock_twice_right,15,1.093336,3.485611,9.081373,0.005225,-0.006781,0.007883
690407010.000,CC,recording,knock_twice_right,15,1.136242,3.479643,9.086769,0.013546,-0.020784,0.010372
690407020.000,CC,recording,knock_twice_right,15,1.216157,3.522245,9.066542,0.019035,-0.028967,0.010085
690407030.000,CC,recording,knock_twice_right,15,1.314182,3.550000,9.012098,0.019861,-0.026777,0.006575
690407040.000,CC,recording,knock_twice_right,15,1.290129,3.558182,8.975267,0.012515,-0.018629,0.002855
690407050.000,CC,recording,knock_twice_right,15,1.242331,3.589346,8.953030,-0.001608,-0.009794,0.000938
690407060.000,CC,recording,knock_twice_right,15,1.247816,3.559016,9.010876,-0.015797,-0.000661,-0.000569
690407070.000,CC,recording,knock_twice_right,15,1.285883,3.536351,9.095598,-0.023916,0.007746,-0.004620
690407080.000,CC,recording,knock_twice_right,15,1.279264,3.513490,9.171017,-0.023202,0.013592,-0.009129
690407090.000,CC,recording,knock_twice_right,15,1.210495,3.495001,9.199764,-0.015301,0.014641,-0.011502
690407100.000,CC,recording,knock_twice_right,15,1.142267,3.505073,9.192713,-0.005365,0.009368,-0.012216
690407110.000,CC,recording,knock_twice_right,15,1.105857,3.491559,9.110843,0.003474,-0.000891,-0.010694
690407120.000,CC,recording,knock_twice_right,15,1.075351,3.499276,9.068301,0.009014,-0.013338,-0.007620
690407130.000,CC,recording,knock_twice_right,15,1.111325,3.520201,9.065775,0.011037,-0.024628,-0.006086
690407140.000,CC,recording,knock_twice_right,15,1.209457,3.536550,9.114856,0.012714,-0.029669,-0.007764
690407150.000,CC,recording,knock_twice_right,15,1.267143,3.541721,9.128758,0.014673,-0.024802,-0.011782
690407160.000,CC,recording,knock_twice_right,15,1.204715,3.524204,9.081407,0.013487,-0.011808,-0.015160
690407170.000,CC,recording,knock_twice_right,15,1.122213,3.517736,9.021943,0.007674,0.003647,-0.013555
690407180.000,CC,recording,knock_twice_right,15,1.008309,3.494719,9.017498,0.000822,0.014245,-0.006317
690407190.000,CC,recording,knock_twice_right,15,1.003573,3.522222,9.037501,-0.003340,0.014930,0.002385
690407200.000,CC,recording,knock_twice_right,15,1.049716,3.529637,9.078314,-0.002429,0.006113,0.007310
690407210.000,CC,recording,knock_twice_right,15,1.116176,3.552657,9.109784,0.003392,-0.005313,0.007390
690407220.000,CC,recording,knock_twice_right,15,1.157627,3.523890,9.122360,0.008771,-0.010767,0.004906
690407230.000,CC,recording,knock_twice_right,15,1.127496,3.521681,9.083777,0.010941,-0.008296,0.003853
690407240.000,CC,recording,knock_twice_right,15,1.093167,3.522732,9.044057,0.009698,-0.002119,0.005552
690407250.000,CC,recording,knock_twice_right,15,1.106979,3.525994,9.028105,0.005913,0.004188,0.007773
690407260.000,CC,recording,knock_twice_right,15,1.129749,3.510803,9.077580,0.003399,0.008250,0.008444
690407270.000,CC,recording,knock_twice_right,15,1.161393,3.515558,9.086892,0.005293,0.009608,0.007344
690407280.000,CC,recording,knock_twice_right,15,1.165652,3.515317,9.074879,0.007610,0.009278,0.005809
690407290.000,CC,recording,knock_twice_right,15,1.150940,3.510153,9.026136,0.007004,0.008939,0.004242
690407300.000,CC,recording,knock_twice_right,15,1.124543,3.511435,9.032550,0.005550,0.009792,0.004144
690407310.000,CC,recording,knock_twice_right,15,1.076586,3.509260,9.024028,0.003763,0.010407,0.006546
690407320.000,CC,recording,knock_twice_right,15,1.057269,3.510429,9.019430,0.003520,0.008676,0.010119
690407330.000,CC,recording,knock_twice_right,15,1.086063,3.512993,9.042558,0.005611,0.003947,0.014349
690407340.000,CC,recording,knock_twice_right,15,1.105418,3.558812,9.030781,0.008982,-0.000892,0.016923
690407350.000,CC,recording,knock_twice_right,15,1.190659,3.541561,9.023304,0.011886,-0.004885,0.016540
690407360.000,CC,recording,knock_twice_right,15,1.223276,3.546368,9.024323,0.011842,-0.007658,0.014984
690407370.000,CC,recording,knock_twice_right,15,1.253153,3.562729,8.990856,0.008180,-0.007002,0.012589
690407380.000,CC,recording,knock_twice_right,15,1.211754,3.550929,8.993862,0.001848,-0.004703,0.010969
690407390.000,CC,recording,knock_twice_right,15,1.198530,3.567601,9.040769,-0.004526,-0.002878,0.011493
690407400.000,CC,recording,knock_twice_right,15,1.242800,3.552489,9.078969,-0.007113,-0.001003,0.012537
690407410.000,CC,recording,knock_twice_right,15,1.274142,3.544540,9.114359,-0.005471,0.000012,0.012345
690407420.000,CC,recording,knock_twice_right,15,1.273954,3.575026,9.105590,-0.002393,-0.000555,0.010322
690407430.000,CC,recording,knock_twice_right,15,1.297045,3.578819,9.077860,0.000051,-0.001549,0.006795
690407440.000,CC,recording,knock_twice_right,15,1.309995,3.583520,9.097148,0.002258,-0.001832,0.002023
690407450.000,CC,recording,knock_twice_right,15,1.296272,3.581692,9.127532,0.007402,-0.002387,-0.003128
690407460.000,CC,recording,knock_twice_right,15,1.263249,3.583065,9.106527,0.014795,-0.004237,-0.008642
690407470.000,CC,recording,knock_twice_right,15,1.225641,3.585380,9.067104,0.018437,-0.006140,-0.012868
690407480.000,CC,recording,knock_twice_right,15,1.212794,3.560976,9.028893,0.017045,-0.006362,-0.014413
690407490.000,CC,recording,knock_twice_right,15,1.214516,3.572737,8.995191,0.012509,-0.004267,-0.015654
690407500.000,CC,recording,knock_twice_right,15,1.203326,3.566739,8.993672,0.005321,-0.001130,-0.016871
690407510.000,CC,recording,knock_twice_right,15,1.166650,3.558463,8.983775,-0.003529,0.002839,-0.015993
690407520.000,CC,recording,knock_twice_right,15,1.162028,3.536413,9.034261,-0.009633,0.007544,-0.014989
690407530.000,CC,recording,knock_twice_right,15,1.193348,3.541483,9.100945,-0.008233,0.010868,-0.015764
690407540.000,CC,recording,knock_twice_right,15,1.182591,3.535324,9.105406,-0.001309,0.010438,-0.016903
690407550.000,CC,recording,knock_twice_right,15,1.124357,3.529508,9.020702,0.004399,0.006497,-0.018254
690407560.000,CC,recording,knock_twice_right,15,1.049346,3.528293,8.923538,0.005879,-0.001449,-0.017507
690407570.000,CC,recording,knock_twice_right,15,0.998296,3.523171,8.910578,0.004170,-0.014106,-0.012574
690407580.000,CC,recording,knock_twice_right,15,1.019989,3.502352,8.961589,0.000710,-0.024390,-0.006937
690407590.000,CC,recording,knock_twice_right,15,1.176169,3.496612,8.999719,-0.002303,-0.025395,-0.006214
690407600.000,CC,recording,knock_twice_right,15,1.261980,3.512505,9.035957,-0.005044,-0.017522,-0.010258
690407610.000,CC,recording,knock_twice_right,15,1.176571,3.492443,9.028439,-0.009721,-0.005902,-0.012163
690407620.000,CC,recording,knock_twice_right,15,1.098956,3.470450,9.027820,-0.014730,0.003039,-0.009749
690407630.000,CC,recording,knock_twice_right,15,1.062930,3.461454,9.051083,-0.016631,0.006096,-0.005972
690407640.000,CC,recording,knock_twice_right,15,1.094283,3.478159,9.100013,-0.014713,0.003526,-0.002905
690407650.000,CC,recording,knock_twice_right,15,1.135364,3.486897,9.131273,-0.009774,-0.002173,-0.001395
690407660.000,CC,recording,knock_twice_right,15,1.141762,3.510412,9.121453,-0.004847,-0.006986,-0.000533
690407670.000,CC,recording,knock_twice_right,15,1.116524,3.502003,9.103535,-0.000812,-0.008350,0.001368
690407680.000,CC,recording,knock_twice_right,15,1.123764,3.527864,9.095909,0.002464,-0.006400,0.004282
690407690.000,CC,recording,knock_twice_right,15,1.122087,3.523454,9.093396,0.003386,-0.003769,0.006192
690407700.000,CC,recording,knock_twice_right,15,1.118732,3.553178,9.068764,0.002809,-0.002854,0.006541
690407710.000,CC,recording,knock_twice_right,15,1.163709,3.550317,9.075270,0.001631,-0.004863,0.006297
690407720.000,CC,recording,knock_twice_right,15,1.176520,3.584166,9.103685,0.000948,-0.007272,0.004634
690407730.000,CC,recording,knock_twice_right,15,1.227398,3.581707,9.124136,0.001416,-0.005537,0.002073
690407740.000,CC,recording,knock_twice_right,15,1.219861,3.571665,9.103901,0.001309,0.000442,0.000620
690407750.000,CC,recording,knock_twice_right,15,1.203558,3.570611,9.096340,0.000386,0.007321,0.001031
690407760.000,CC,recording,knock_twice_right,15,1.163110,3.574578,9.092388,-0.000669,0.011229,0.002457
690407770.000,CC,recording,knock_twice_right,15,1.169961,3.586306,9.081877,-0.001977,0.010895,0.003302
690407780.000,CC,recording,knock_twice_right,15,1.184651,3.546108,9.129630,-0.001718,0.007987,0.004402
690407790.000,CC,recording,knock_twice_right,15,1.174198,3.542633,9.158262,0.001374,0.004457,0.005789
690407800.000,CC,recording,knock_twice_right,15,1.199216,3.541403,9.175750,0.006858,0.001319,0.005816
690407810.000,CC,recording,knock_twice_right,15,1.236270,3.545526,9.184046,0.014254,0.000199,0.005123
690407820.000,CC,recording,knock_twice_right,15,1.231390,3.531273,9.166276,0.022135,0.001873,0.005204
690407830.000,CC,recording,knock_twice_right,15,1.198971,3.550486,9.102874,0.027591,0.002838,0.005367
690407840.000,CC,recording,knock_twice_right,15,1.200862,3.593070,9.017091,0.028647,0.001412,0.004196
690407850.000,CC,recording,knock_twice_right,15,1.255071,3.586060,8.970877,0.025438,-0.001111,0.001645
690407860.000,CC,recording,knock_twice_right,15,1.236652,3.601073,8.945662,0.019537,-0.001786,-0.001843
690407870.000,CC,recording,knock_twice_right,15,1.234737,3.581972,8.941874,0.011649,0.000359,-0.004049
690407880.000,CC,recording,knock_twice_right,15,1.200546,3.588356,8.960982,0.002505,0.004576,-0.005507
690407890.000,CC,recording,knock_twice_right,15,1.172527,3.554887,8.959565,-0.005945,0.009266,-0.006235
690407900.000,CC,recording,knock_twice_right,15,1.128381,3.524165,9.010601,-0.009579,0.009533,-0.004288
690407910.000,CC,recording,knock_twice_right,15,1.104634,3.494438,9.079196,-0.006386,0.005305,-0.001409
690407920.000,CC,recording,knock_twice_right,15,1.140357,3.469617,9.103279,0.001833,-0.001626,0.000398
690407930.000,CC,recording,knock_twice_right,15,1.168278,3.472220,9.104326,0.012688,-0.009319,0.000206
690407940.000,CC,recording,knock_twice_right,15,1.165128,3.493238,9.026751,0.020200,-0.015200,-0.001114
690407950.000,CC,recording,knock_twice_right,15,1.107679,3.496432,8.946495,0.019687,-0.019061,-0.002670
690407960.000,CC,recording,knock_twice_right,15,1.070062,3.504664,8.891707,0.010442,-0.020893,-0.001268
690407970.000,CC,recording,knock_twice_right,15,1.037519,3.483825,8.920652,-0.002417,-0.019399,0.003629
690407980.000,CC,recording,knock_twice_right,15,1.064134,3.490482,8.989908,-0.011016,-0.014956,0.008368
690407990.000,CC,recording,knock_twice_right,15,1.101618,3.495175,9.073929,-0.012676,-0.011773,0.012252
690408000.000,CC,recording,knock_twice_right,15,1.127405,3.515932,9.125996,-0.008274,-0.011343,0.015487
690408010.000,CC,recording,knock_twice_right,15,1.131462,3.529151,9.125847,-0.001058,-0.012192,0.016392
690408020.000,CC,recording,knock_twice_right,15,1.137189,3.547272,9.090422,0.005252,-0.014226,0.016059
690408030.000,CC,recording,knock_twice_right,15,1.122489,3.552758,9.055910,0.008919,-0.017947,0.016530
690408040.000,CC,recording,knock_twice_right,15,1.139164,3.537144,9.062325,0.010803,-0.020865,0.018420
690408050.000,CC,recording,knock_twice_right,15,1.158855,3.552675,9.059249,0.010640,-0.021264,0.019339
690408060.000,CC,recording,knock_twice_right,15,1.189361,3.566453,9.064321,0.008553,-0.019668,0.018401
690408070.000,CC,recording,knock_twice_right,15,1.182870,3.592845,9.080432,0.006996,-0.015631,0.018681
690408080.000,CC,recording,knock_twice_right,15,1.199435,3.590599,9.052906,0.005302,-0.009692,0.019562
690408090.000,CC,recording,knock_twice_right,15,1.234386,3.595617,9.069762,0.003091,-0.003116,0.018807
690408100.000,CC,recording,knock_twice_right,15,1.240722,3.580364,9.084947,0.002105,0.001909,0.017424
690408110.000,CC,recording,knock_twice_right,15,1.224280,3.593974,9.079187,0.003018,0.004118,0.016406
690408120.000,CC,recording,knock_twice_right,15,1.220890,3.596283,9.041265,0.004221,0.002950,0.015182
690408130.000,CC,recording,knock_twice_right,15,1.215072,3.611518,9.033762,0.003849,-0.001773,0.013983
690408140.000,CC,recording,knock_twice_right,15,1.226369,3.614929,9.049216,0.003435,-0.005451,0.012373
690408150.000,CC,recording,knock_twice_right,15,1.244172,3.583406,9.072315,0.003768,-0.004406,0.010453
690408160.000,CC,recording,knock_twice_right,15,1.241727,3.580378,9.080209,0.004274,0.000969,0.008907
690408170.000,CC,recording,knock_twice_right,15,1.218810,3.576180,9.070207,0.005055,0.007282,0.008632
690408180.000,CC,recording,knock_twice_right,15,1.185958,3.563084,9.043830,0.006007,0.009406,0.008405
690408190.000,CC,recording,knock_twice_right,15,1.168854,3.549592,9.022410,0.007769,0.007195,0.007999
690408200.000,CC,recording,knock_twice_right,15,1.156963,3.521385,9.049155,0.010553,0.001838,0.008773
690408210.000,CC,recording,knock_twice_right,15,1.149538,3.523668,9.022164,0.014656,-0.005315,0.009350
690408220.000,CC,recording,knock_twice_right,15,1.148872,3.520073,8.967410,0.015489,-0.010294,0.010585
690408230.000,CC,recording,knock_twice_right,15,1.155978,3.550919,8.941809,0.010454,-0.011590,0.012597
690408240.000,CC,recording,knock_twice_right,15,1.190882,3.558423,8.975891,0.003082,-0.010606,0.014486
690408250.000,CC,recording,knock_twice_right,15,1.209910,3.579892,9.015127,-0.004204,-0.007631,0.016453
690408260.000,CC,recording,knock_twice_right,15,1.194280,3.557542,9.064862,-0.008037,-0.004090,0.017772
690408270.000,CC,recording,knock_twice_right,15,1.218487,3.531159,9.125313,-0.005120,-0.002921,0.018879
690408280.000,CC,recording,knock_twice_right,15,1.211243,3.545563,9.153073,0.002724,-0.005879,0.020460
690408290.000,CC,recording,knock_twice_right,15,1.236290,3.567237,9.143166,0.010876,-0.011189,0.020615
690408300.000,CC,recording,knock_twice_right,15,1.246589,3.586368,9.076180,0.017370,-0.016204,0.018991
690408310.000,CC,recording,knock_twice_right,15,1.246000,3.595391,9.044356,0.019373,-0.019786,0.016685
690408320.000,CC,recording,knock_twice_right,15,1.260922,3.626120,8.997407,0.015119,-0.019509,0.012917
690408330.000,CC,recording,knock_twice_right,15,1.292466,3.616900,8.988195,0.007652,-0.013636,0.009731
690408340.000,CC,recording,knock_twice_right,15,1.296569,3.613180,9.037798,0.000932,-0.004863,0.007418
690408350.000,CC,recording,knock_twice_right,15,1.280986,3.574296,9.093551,-0.002236,0.003003,0.005780
690408360.000,CC,recording,knock_twice_right,15,1.243913,3.572195,9.132132,0.000264,0.007013,0.005972
690408370.000,CC,recording,knock_twice_right,15,1.220160,3.551446,9.148427,0.007767,0.005171,0.007058
690408380.000,CC,recording,knock_twice_right,15,1.185438,3.545089,9.104560,0.018015,-0.001484,0.008703
690408390.000,CC,recording,knock_twice_right,15,1.188369,3.546131,9.026574,0.027204,-0.010012,0.010383
690408400.000,CC,recording,knock_twice_right,15,1.202896,3.564477,8.940974,0.029638,-0.017676,0.011518
690408410.000,CC,recording,knock_twice_right,15,1.223163,3.573214,8.880962,0.025306,-0.021339,0.012045
690408420.000,CC,recording,knock_twice_right,16,1.243137,3.574683,8.882824,0.018529,-0.020032,0.011511
690408430.000,CC,recording,knock_twice_right,16,1.260350,3.578762,8.921375,0.011295,-0.016530,0.010601
690408440.000,CC,recording,knock_twice_right,16,1.245472,3.561719,8.949284,0.005173,-0.013000,0.009590
690408450.000,CC,recording,knock_twice_right,16,1.253597,3.545967,8.967167,0.001825,-0.010921,0.008051
690408460.000,CC,recording,knock_twice_right,16,1.245014,3.537266,8.990523,0.001394,-0.013243,0.007160
690408470.000,CC,recording,knock_twice_right,16,1.219805,3.555100,8.976772,0.000495,-0.020280,0.006548
690408480.000,CC,recording,knock_twice_right,16,1.228155,3.540506,8.956778,-0.003362,-0.025291,0.006478
690408490.000,CC,recording,knock_twice_right,16,1.216864,3.530552,8.981077,-0.007054,-0.024790,0.007511
690408500.000,CC,recording,knock_twice_right,16,1.210245,3.527872,9.044276,-0.010124,-0.022366,0.009202
690408510.000,CC,recording,knock_twice_right,16,1.209754,3.536452,9.113650,-0.011467,-0.016738,0.010408
690408520.000,CC,recording,knock_twice_right,16,1.229318,3.535339,9.142985,-0.010695,-0.009087,0.010712
690408530.000,CC,recording,knock_twice_right,16,1.244793,3.532983,9.127907,-0.007561,-0.005583,0.009523
690408540.000,CC,recording,knock_twice_right,16,1.195099,3.539155,9.169330,-0.001642,-0.006101,0.008207
690408550.000,CC,recording,knock_twice_right,16,1.195636,3.550387,9.133207,0.003317,-0.008022,0.009290
690408560.000,CC,recording,knock_twice_right,16,1.205142,3.511858,9.152485,0.007979,-0.007901,0.012680
690408570.000,CC,recording,knock_twice_right,16,1.195886,3.558499,9.153073,0.013472,-0.004529,0.017469
690408580.000,CC,recording,knock_twice_right,16,1.252751,3.573248,9.136338,0.017252,-0.000857,0.021398
690408590.000,CC,recording,knock_twice_right,16,1.276295,3.582151,9.110021,0.019979,0.001024,0.021835
690408600.000,CC,recording,knock_twice_right,16,1.296225,3.633212,9.052887,0.021117,0.001547,0.019861
690408610.000,CC,recording,knock_twice_right,16,1.309221,3.646142,9.036107,0.019266,0.001936,0.017608
690408620.000,CC,recording,knock_twice_right,16,1.289664,3.603942,9.019043,0.016677,0.002410,0.016423
690408630.000,CC,recording,knock_twice_right,16,1.280811,3.600308,9.043239,0.014283,0.003174,0.017181
690408640.000,CC,recording,knock_twice_right,16,1.304981,3.600803,9.071701,0.014036,0.003860,0.018812
690408650.000,CC,recording,knock_twice_right,16,1.300210,3.589183,9.085995,0.018190,0.004451,0.019745
690408660.000,CC,recording,knock_twice_right,16,1.320919,3.605512,9.094562,0.024929,0.003018,0.018631
690408670.000,CC,recording,knock_twice_right,16,1.349546,3.633072,9.041488,0.031231,-0.000758,0.015786
690408680.000,CC,recording,knock_twice_right,16,1.347207,3.633773,8.966939,0.033713,-0.004273,0.011853
690408690.000,CC,recording,knock_twice_right,16,1.316780,3.635518,8.881340,0.029547,-0.007025,0.008666
690408700.000,CC,recording,knock_twice_right,16,1.292071,3.619401,8.862394,0.020540,-0.008910,0.007592
690408710.000,CC,recording,knock_twice_right,16,1.278404,3.599519,8.899083,0.011043,-0.011319,0.008034
690408720.000,CC,recording,knock_twice_right,16,1.332687,3.587418,8.983001,0.004310,-0.012694,0.008172
690408730.000,CC,recording,knock_twice_right,16,1.412708,3.571371,9.052682,0.003092,-0.008277,0.005168
690408740.000,CC,recording,knock_twice_right,16,1.417511,3.564963,9.085309,0.005364,0.001816,-0.000330
690408750.000,CC,recording,knock_twice_right,16,1.330308,3.527795,9.066041,0.007139,0.011029,-0.004988
690408760.000,CC,recording,knock_twice_right,16,1.279721,3.559081,9.003265,0.007425,0.014900,-0.007537
690408770.000,CC,recording,knock_twice_right,16,1.260199,3.555470,8.944708,0.005174,0.014290,-0.008637
690408780.000,CC,recording,knock_twice_right,16,1.240867,3.559059,8.945918,-0.000065,0.012012,-0.009337
690408790.000,CC,recording,knock_twice_right,16,1.235908,3.554513,8.967617,-0.006677,0.011181,-0.009188
690408800.000,CC,recording,knock_twice_right,16,1.236995,3.532180,9.041691,-0.010813,0.013468,-0.007762
690408810.000,CC,recording,knock_twice_right,16,1.242865,3.539533,9.093922,-0.009390,0.016552,-0.006093
690408820.000,CC,recording,knock_twice_right,16,1.221233,3.548241,9.115166,-0.001973,0.016713,-0.004958
690408830.000,CC,recording,knock_twice_right,16,1.180470,3.569996,9.098719,0.006866,0.014640,-0.003192
690408840.000,CC,recording,knock_twice_right,16,1.174545,3.567746,9.064284,0.013602,0.009344,-0.000642
690408850.000,CC,recording,knock_twice_right,16,1.193967,3.627794,9.042495,0.019117,-0.000084,0.001279
690408860.000,CC,recording,knock_twice_right,16,1.266021,3.642687,9.002288,0.022200,-0.009082,0.000209
690408870.000,CC,recording,knock_twice_right,16,1.301107,3.652489,8.958001,0.020288,-0.012175,-0.003739
690408880.000,CC,recording,knock_twice_right,16,1.261105,3.645597,8.933594,0.013675,-0.008316,-0.007393
690408890.000,CC,recording,knock_twice_right,16,1.232253,3.643391,8.919565,0.004412,-0.001259,-0.008721
690408900.000,CC,recording,knock_twice_right,16,1.197888,3.632440,8.916420,-0.004732,0.004502,-0.007879
690408910.000,CC,recording,knock_twice_right,16,1.184245,3.603711,8.951300,-0.009509,0.005317,-0.006206
690408920.000,CC,recording,knock_twice_right,16,1.207546,3.576126,8.986221,-0.008477,0.002883,-0.005017
690408930.000,CC,recording,knock_twice_right,16,1.239564,3.544305,9.029417,-0.004264,0.000545,-0.005460
690408940.000,CC,recording,knock_twice_right,16,1.207676,3.522555,9.000439,0.000480,-0.003588,-0.006642
690408950.000,CC,recording,knock_twice_right,16,1.203488,3.554791,8.971436,0.003507,-0.011799,-0.010325
690408960.000,CC,recording,knock_twice_right,16,1.318910,3.553612,8.982332,0.005123,-0.025889,-0.022581
690408970.000,CC,recording,knock_twice_right,16,1.416929,3.567817,9.080326,0.011315,-0.046777,-0.041930
690408980.000,CC,recording,knock_twice_right,16,1.293742,3.598899,9.150185,0.025271,-0.069892,-0.056681
690408990.000,CC,recording,knock_twice_right,16,1.122542,3.508832,9.033470,0.040095,-0.093251,-0.060193
690409000.000,CC,recording,knock_twice_right,16,1.011480,3.506245,8.921605,0.052084,-0.124370,-0.057209
690409010.000,CC,recording,knock_twice_right,16,1.000575,3.501969,8.932502,0.066322,-0.163938,-0.051581
690409020.000,CC,recording,knock_twice_right,16,0.969518,3.473765,8.821490,0.079794,-0.213804,-0.045607
690409030.000,CC,recording,knock_twice_right,16,0.947387,3.533199,8.596323,0.087743,-0.278908,-0.045684
690409040.000,CC,recording,knock_twice_right,16,0.745174,3.595219,8.434029,0.083780,-0.328613,-0.034137
690409050.000,CC,recording,knock_twice_right,16,-0.331676,3.427874,7.304138,0.013460,-0.324248,0.051304
690409060.000,CC,recording,knock_twice_right,16,-0.995272,3.380894,6.436764,-0.138082,-0.305972,0.209127
690409070.000,CC,recording,knock_twice_right,16,0.000730,3.357527,7.725556,-0.283442,-0.321277,0.359298
690409080.000,CC,recording,knock_twice_right,16,1.017600,3.318406,8.468185,-0.360980,-0.364360,0.444332
690409090.000,CC,recording,knock_twice_right,16,2.094529,3.148650,9.423443,-0.347913,-0.427561,0.433104
690409100.000,CC,recording,knock_twice_right,16,3.151287,3.249488,10.751151,-0.232565,-0.472070,0.342467
690409110.000,CC,recording,knock_twice_right,16,3.673258,3.334222,11.270266,-0.056335,-0.437760,0.209794
690409120.000,CC,recording,knock_twice_right,16,3.952250,3.426045,11.037591,0.097029,-0.309050,0.066664
690409130.000,CC,recording,knock_twice_right,16,3.655724,3.561240,10.363047,0.175421,-0.108129,-0.055295
690409140.000,CC,recording,knock_twice_right,16,3.557812,3.744363,10.126016,0.190316,0.136462,-0.153685
690409150.000,CC,recording,knock_twice_right,16,3.287353,3.931381,9.857207,0.168806,0.371989,-0.231678
690409160.000,CC,recording,knock_twice_right,16,2.528643,3.889661,9.557608,0.133989,0.537762,-0.287384
690409170.000,CC,recording,knock_twice_right,16,1.425542,3.698507,9.201158,0.098810,0.635139,-0.277382
690409180.000,CC,recording,knock_twice_right,16,0.057452,4.144658,8.342812,0.039955,0.675233,-0.176991
690409190.000,CC,recording,knock_twice_right,16,0.002710,3.960924,7.817122,-0.043083,0.623639,-0.053476
690409200.000,CC,recording,knock_twice_right,16,0.547039,3.975482,8.416072,-0.092323,0.474994,0.020694
690409210.000,CC,recording,knock_twice_right,16,1.584730,4.057443,9.213700,-0.058019,0.268559,0.009717
690409220.000,CC,recording,knock_twice_right,16,2.071997,3.873894,9.754888,0.057789,0.045040,-0.067079
690409230.000,CC,recording,knock_twice_right,16,1.621129,3.696699,9.441631,0.204444,-0.164328,-0.153958
690409240.000,CC,recording,knock_twice_right,16,0.976171,3.594935,8.671163,0.314685,-0.345197,-0.204839
690409250.000,CC,recording,knock_twice_right,16,-0.108884,3.598753,7.623812,0.331048,-0.461689,-0.171878
690409260.000,CC,recording,knock_twice_right,16,-1.130350,3.614815,6.266928,0.209920,-0.492548,-0.030479
690409270.000,CC,recording,knock_twice_right,16,-0.236041,3.516960,6.487995,-0.004422,-0.468355,0.141339
690409280.000,CC,recording,knock_twice_right,16,1.965907,3.508236,8.394645,-0.179462,-0.380603,0.228524
690409290.000,CC,recording,knock_twice_right,16,3.594645,3.718842,9.921334,-0.240025,-0.221901,0.192925
690409300.000,CC,recording,knock_twice_right,16,4.096064,3.776418,10.851336,-0.197824,-0.038006,0.072635
690409310.000,CC,recording,knock_twice_right,16,3.455155,3.567369,10.820281,-0.110239,0.130545,-0.056186
690409320.000,CC,recording,knock_twice_right,16,2.246100,3.418085,10.097583,-0.036641,0.267738,-0.139950
690409330.000,CC,recording,knock_twice_right,16,1.371738,3.299905,9.524185,-0.008875,0.372573,-0.143280
690409340.000,CC,recording,knock_twice_right,16,0.334316,3.692717,8.819452,-0.036931,0.431022,-0.069762
690409350.000,CC,recording,knock_twice_right,16,0.385436,3.623883,8.660552,-0.096132,0.424616,0.021746
690409360.000,CC,recording,knock_twice_right,16,0.823911,3.645603,8.924309,-0.136843,0.371162,0.080519
690409370.000,CC,recording,knock_twice_right,16,1.448168,3.652523,9.344709,-0.127761,0.299471,0.084640
690409380.000,CC,recording,knock_twice_right,16,1.746855,3.575429,9.478072,-0.077656,0.226091,0.044232
690409390.000,CC,recording,knock_twice_right,16,1.620165,3.496989,9.374640,-0.014170,0.164505,-0.007032
690409400.000,CC,recording,knock_twice_right,16,1.216275,3.428766,9.013296,0.032347,0.122412,-0.039616
690409410.000,CC,recording,knock_twice_right,16,0.830159,3.438026,8.612475,0.047771,0.097857,-0.039771
690409420.000,CC,recording,knock_twice_right,16,0.621267,3.410441,8.425680,0.034576,0.078450,-0.016306
690409430.000,CC,recording,knock_twice_right,16,0.686229,3.464196,8.361420,0.004315,0.053161,0.013941
690409440.000,CC,recording,knock_twice_right,16,0.862328,3.491646,8.547654,-0.021620,0.022861,0.039604
690409450.000,CC,recording,knock_twice_right,16,1.142572,3.506261,8.721896,-0.035384,-0.009154,0.049522
690409460.000,CC,recording,knock_twice_right,16,1.364518,3.519238,8.925717,-0.037015,-0.033050,0.043306
690409470.000,CC,recording,knock_twice_right,16,1.448065,3.516862,9.082771,-0.028830,-0.041593,0.030779
690409480.000,CC,recording,knock_twice_right,16,1.352904,3.523564,9.085057,-0.020190,-0.039036,0.021437
690409490.000,CC,recording,knock_twice_right,16,1.244897,3.534388,8.997316,-0.018792,-0.030124,0.020513
690409500.000,CC,recording,knock_twice_right,16,1.252788,3.552281,8.997946,-0.022766,-0.020288,0.024065
690409510.000,CC,recording,knock_twice_right,16,1.392459,3.597811,9.061497,-0.023641,-0.014078,0.021820
690409520.000,CC,recording,knock_twice_right,16,1.509474,3.619487,9.130280,-0.019303,-0.011536,0.010505
690409530.000,CC,recording,knock_twice_right,16,1.533581,3.606574,9.092372,-0.016142,-0.009831,-0.004773
690409540.000,CC,recording,knock_twice_right,16,1.502298,3.586493,9.045269,-0.018026,-0.002210,-0.020420
690409550.000,CC,recording,knock_twice_right,16,1.471142,3.553124,9.050738,-0.023644,0.015869,-0.034950
690409560.000,CC,recording,knock_twice_right,16,1.362010,3.523587,9.037748,-0.031486,0.036723,-0.044017
690409570.000,CC,recording,knock_twice_right,16,1.170372,3.512055,9.017361,-0.038860,0.049633,-0.044126
690409580.000,CC,recording,knock_twice_right,16,1.006063,3.456686,8.969365,-0.043163,0.050131,-0.034898
690409590.000,CC,recording,knock_twice_right,16,0.955067,3.409014,9.013383,-0.041311,0.036235,-0.019967
690409600.000,CC,recording,knock_twice_right,16,1.047709,3.435730,9.134562,-0.029604,0.013480,-0.007267
690409610.000,CC,recording,knock_twice_right,16,1.177634,3.471706,9.151799,-0.012461,-0.011890,-0.000471
690409620.000,CC,recording,knock_twice_right,16,1.175597,3.491256,9.072181,0.000592,-0.034751,0.004920
690409630.000,CC,recording,knock_twice_right,16,1.189708,3.532793,8.997227,0.004847,-0.048029,0.012263
690409640.000,CC,recording,knock_twice_right,16,1.262064,3.545456,9.052625,0.002061,-0.044128,0.019433
690409650.000,CC,recording,knock_twice_right,16,1.482372,3.576519,9.196117,-0.001112,-0.023760,0.020675
690409660.000,CC,recording,knock_twice_right,16,1.520081,3.616519,9.238071,-0.001439,-0.000935,0.014777
690409670.000,CC,recording,knock_twice_right,16,1.454711,3.636067,9.169028,-0.000742,0.013089,0.008601
690409680.000,CC,recording,knock_twice_right,16,1.390471,3.653947,9.075061,0.000415,0.014096,0.004255
690409690.000,CC,recording,knock_twice_right,16,1.375319,3.667308,9.099297,0.004080,0.004893,-0.001575
690409700.000,CC,recording,knock_twice_right,16,1.466151,3.672824,9.163947,0.011350,-0.003277,-0.010429
690409710.000,CC,recording,knock_twice_right,16,1.527346,3.657470,9.126937,0.018381,-0.001986,-0.021968
690409720.000,CC,recording,knock_twice_right,16,1.411157,3.665713,9.005754,0.018241,0.006403,-0.031390
690409730.000,CC,recording,knock_twice_right,16,1.307709,3.646216,8.906272,0.009466,0.015535,-0.034539
690409740.000,CC,recording,knock_twice_right,16,1.210751,3.645489,8.894232,-0.001885,0.017587,-0.031682
690409750.000,CC,recording,knock_twice_right,16,1.145362,3.580811,8.945535,-0.008540,0.009728,-0.027024
690409760.000,CC,recording,knock_twice_right,16,1.176751,3.522142,9.024280,-0.007894,-0.004557,-0.024712
690409770.000,CC,recording,knock_twice_right,16,1.211317,3.487250,9.084411,-0.001967,-0.019256,-0.023594
690409780.000,CC,recording,knock_twice_right,16,1.198340,3.473912,9.112511,0.005426,-0.027718,-0.022328
690409790.000,CC,recording,knock_twice_right,16,1.197124,3.457497,9.073463,0.009686,-0.026880,-0.019869
690409800.000,CC,recording,knock_twice_right,16,1.176341,3.430692,9.017579,0.007760,-0.018119,-0.014166
690409810.000,CC,recording,knock_twice_right,16,1.147282,3.430513,8.964951,0.001491,-0.007388,-0.006476
690409820.000,CC,recording,knock_twice_right,16,1.193078,3.473162,8.978429,-0.005725,0.001345,-0.000488
690409830.000,CC,recording,knock_twice_right,16,1.211877,3.470569,8.994409,-0.011348,0.006210,0.002673
690409840.000,CC,recording,knock_twice_right,16,1.200905,3.474776,9.006443,-0.012609,0.005826,0.004023
690409850.000,CC,recording,knock_twice_right,16,1.173204,3.478468,9.037825,-0.010988,0.001039,0.005576
690409860.000,CC,recording,knock_twice_right,16,1.156136,3.486708,8.997672,-0.010101,-0.006956,0.008467
690409870.000,CC,recording,knock_twice_right,16,1.171575,3.493977,8.985961,-0.009804,-0.017271,0.011912
690409880.000,CC,recording,knock_twice_right,16,1.184272,3.507594,9.008275,-0.008697,-0.026994,0.014773
690409890.000,CC,recording,knock_twice_right,16,1.255792,3.494895,9.039341,-0.006981,-0.031261,0.016952
690409900.000,CC,recording,knock_twice_right,16,1.337702,3.518452,9.023790,-0.007506,-0.027576,0.017053
690409910.000,CC,recording,knock_twice_right,16,1.348642,3.528707,8.989182,-0.011107,-0.018703,0.014831
690409920.000,CC,recording,knock_twice_right,16,1.367267,3.540941,9.011468,-0.015366,-0.009008,0.011149
690409930.000,CC,recording,knock_twice_right,16,1.379553,3.557710,8.987250,-0.020368,-0.001871,0.006310
690409940.000,CC,recording,knock_twice_right,16,1.344094,3.542375,9.023284,-0.025129,0.000815,0.003364
690409950.000,CC,recording,knock_twice_right,16,1.315070,3.533909,9.042264,-0.026606,-0.000028,0.002353
690409960.000,CC,recording,knock_twice_right,16,1.349887,3.553163,9.064292,-0.024454,-0.003322,0.001501
690409970.000,CC,recording,knock_twice_right,16,1.337204,3.511274,9.105924,-0.020428,-0.007573,0.000525
690409980.000,CC,recording,knock_twice_right,16,1.338888,3.527101,9.122501,-0.015384,-0.012147,-0.000732
690409990.000,CC,recording,knock_twice_right,16,1.317990,3.525899,9.108429,-0.007616,-0.016345,-0.000710
690410000.000,CC,recording,knock_twice_right,16,1.312990,3.522975,9.102876,0.000859,-0.019026,0.000239
690410010.000,CC,recording,knock_twice_right,16,1.331150,3.553855,9.081466,0.005873,-0.020999,-0.000162
690410020.000,CC,recording,knock_twice_right,16,1.364163,3.568438,9.066286,0.006806,-0.020008,-0.001832
690410030.000,CC,recording,knock_twice_right,16,1.399113,3.585191,9.049160,0.003865,-0.011597,-0.004092
690410040.000,CC,recording,knock_twice_right,16,1.379191,3.593779,9.017608,-0.003851,-0.000221,-0.006338
690410050.000,CC,recording,knock_twice_right,16,1.336704,3.609912,9.017772,-0.014750,0.009505,-0.009023
690410060.000,CC,recording,knock_twice_right,16,1.353637,3.577953,9.084002,-0.022349,0.015138,-0.011502
690410070.000,CC,recording,knock_twice_right,16,1.328755,3.558933,9.177586,-0.021369,0.014406,-0.013274
690410080.000,CC,recording,knock_twice_right,16,1.306172,3.554212,9.185999,-0.013289,0.009995,-0.015375
690410090.000,CC,recording,knock_twice_right,16,1.293078,3.527680,9.188505,-0.002057,0.004353,-0.017072
690410100.000,CC,recording,knock_twice_right,16,1.267663,3.515026,9.159020,0.008911,-0.000730,-0.018144
690410110.000,CC,recording,knock_twice_right,16,1.203195,3.513555,9.088114,0.014904,-0.004323,-0.017642
690410120.000,CC,recording,knock_twice_right,16,1.158726,3.514825,8.998221,0.013918,-0.003812,-0.014191
690410130.000,CC,recording,knock_twice_right,16,1.144609,3.510054,8.973376,0.007358,0.000212,-0.007000
690410140.000,CC,recording,knock_twice_right,16,1.148822,3.492343,8.974049,-0.000190,0.005457,0.000475
690410150.000,CC,recording,knock_twice_right,16,1.205999,3.489658,9.041330,-0.004698,0.009570,0.004640
690410160.000,CC,recording,knock_twice_right,16,1.243951,3.485657,9.075172,-0.004668,0.009101,0.006648
690410170.000,CC,recording,knock_twice_right,16,1.235832,3.450812,9.100646,0.001082,0.002513,0.008279
690410180.000,CC,recording,knock_twice_right,16,1.218014,3.460136,9.102764,0.010810,-0.008411,0.008649
690410190.000,CC,recording,knock_twice_right,16,1.277872,3.473016,9.050728,0.018856,-0.017401,0.007680
690410200.000,CC,recording,knock_twice_right,16,1.298245,3.496718,8.980422,0.019815,-0.019064,0.007762
690410210.000,CC,recording,knock_twice_right,16,1.303169,3.510338,8.947120,0.013431,-0.012532,0.007992
690410220.000,CC,recording,knock_twice_right,16,1.309314,3.505337,8.965541,0.004001,0.000569,0.007836
690410230.000,CC,recording,knock_twice_right,16,1.318190,3.510557,8.991131,-0.004962,0.014706,0.007454
690410240.000,CC,recording,knock_twice_right,16,1.279133,3.507509,8.996337,-0.011349,0.022194,0.007985
690410250.000,CC,recording,knock_twice_right,16,1.243010,3.504502,9.036536,-0.012181,0.019276,0.009389
690410260.000,CC,recording,knock_twice_right,16,1.263043,3.499692,9.072160,-0.006448,0.005534,0.009240
690410270.000,CC,recording,knock_twice_right,16,1.321546,3.511655,9.109543,0.003814,-0.012951,0.006661
690410280.000,CC,recording,knock_twice_right,16,1.376913,3.502202,9.093682,0.013222,-0.025629,0.002783
690410290.000,CC,recording,knock_twice_right,16,1.385619,3.499631,8.996352,0.014743,-0.025727,0.000365
690410300.000,CC,recording,knock_twice_right,16,1.325245,3.496580,8.940278,0.006785,-0.014287,0.002040
690410310.000,CC,recording,knock_twice_right,16,1.303082,3.497887,8.917428,-0.006732,0.001998,0.007184
690410320.000,CC,recording,knock_twice_right,16,1.324733,3.511013,8.954084,-0.020403,0.015509,0.010284
690410330.000,CC,recording,knock_twice_right,16,1.415051,3.533690,9.046355,-0.028079,0.021458,0.008309
690410340.000,CC,recording,knock_twice_right,16,1.427103,3.528048,9.122334,-0.026855,0.018954,0.002896
690410350.000,CC,recording,knock_twice_right,16,1.350716,3.511146,9.169785,-0.018927,0.010697,-0.002533
690410360.000,CC,recording,knock_twice_right,16,1.312186,3.501742,9.166653,-0.007816,0.000015,-0.004102
690410370.000,CC,recording,knock_twice_right,16,1.314723,3.508948,9.135757,0.002845,-0.008859,-0.001911
690410380.000,CC,recording,knock_twice_right,16,1.345471,3.522820,9.103978,0.009889,-0.012525,0.000126
690410390.000,CC,recording,knock_twice_right,16,1.389804,3.565745,9.066194,0.011903,-0.012817,-0.000884
690410400.000,CC,recording,knock_twice_right,16,1.412893,3.583754,9.026276,0.010155,-0.010680,-0.003321
690410410.000,CC,recording,knock_twice_right,16,1.404035,3.593192,8.995305,0.006359,-0.006035,-0.006462
690410420.000,CC,recording,knock_twice_right,16,1.364667,3.579432,8.984101,-0.000576,-0.000315,-0.010941
690410430.000,CC,recording,knock_twice_right,16,1.317972,3.552312,8.996362,-0.009150,0.005068,-0.014749
690410440.000,CC,recording,knock_twice_right,16,1.314163,3.514161,9.029534,-0.015335,0.007362,-0.016132
690410450.000,CC,recording,knock_twice_right,16,1.289180,3.501027,9.091055,-0.016012,0.005175,-0.015063
690410460.000,CC,recording,knock_twice_right,16,1.278643,3.506876,9.114934,-0.010708,0.000264,-0.013987
690410470.000,CC,recording,knock_twice_right,16,1.288353,3.512766,9.130859,-0.001255,-0.006350,-0.014972
690410480.000,CC,recording,knock_twice_right,16,1.319934,3.512188,9.171478,0.009675,-0.014026,-0.017009
690410490.000,CC,recording,knock_twice_right,16,1.351736,3.524891,9.154533,0.019815,-0.017961,-0.019425
690410500.000,CC,recording,knock_twice_right,16,1.297834,3.513768,9.071525,0.025083,-0.016258,-0.021243
690410510.000,CC,recording,knock_twice_right,16,1.204953,3.511694,9.003870,0.021999,-0.010973,-0.018878
690410520.000,CC,recording,knock_twice_right,16,1.179553,3.496272,8.947185,0.013374,-0.003831,-0.012811
690410530.000,CC,recording,knock_twice_right,16,1.206854,3.507425,8.978855,0.003527,0.002373,-0.007223
690410540.000,CC,recording,knock_twice_right,16,1.235176,3.526289,9.035835,-0.003729,0.006489,-0.003921
690410550.000,CC,recording,knock_twice_right,16,1.263038,3.505888,9.126796,-0.004728,0.008926,-0.002687
690410560.000,CC,recording,knock_twice_right,16,1.292368,3.506730,9.163960,0.000990,0.008313,-0.002995
690410570.000,CC,recording,knock_twice_right,16,1.310021,3.529386,9.187051,0.009777,0.005606,-0.004074
690410580.000,CC,recording,knock_twice_right,16,1.313118,3.526372,9.117485,0.017179,0.005218,-0.005457
690410590.000,CC,recording,knock_twice_right,16,1.297111,3.535414,9.010512,0.019604,0.006885,-0.006709
690410600.000,CC,recording,knock_twice_right,16,1.232413,3.575341,8.911274,0.015540,0.007712,-0.007363
690410610.000,CC,recording,knock_twice_right,16,1.243688,3.538493,8.907672,0.006137,0.008727,-0.007126
690410620.000,CC,recording,knock_twice_right,16,1.229753,3.521979,8.952604,-0.004386,0.011834,-0.005905
690410630.000,CC,recording,knock_twice_right,16,1.249187,3.486927,9.039220,-0.010262,0.014514,-0.004887
690410640.000,CC,recording,knock_twice_right,16,1.232998,3.487083,9.089213,-0.009230,0.015055,-0.004158
690410650.000,CC,recording,knock_twice_right,16,1.246670,3.454156,9.114234,-0.003641,0.012585,-0.002803
690410660.000,CC,recording,knock_twice_right,16,1.232563,3.466477,9.117610,0.004485,0.007186,-0.000001
690410670.000,CC,recording,knock_twice_right,16,1.257548,3.492537,9.055961,0.011544,0.002985,0.003168
690410680.000,CC,recording,knock_twice_right,16,1.283439,3.505454,8.991931,0.013845,0.001511,0.004858
690410690.000,CC,recording,knock_twice_right,16,1.301128,3.511368,8.981171,0.011704,0.001285,0.005049
690410700.000,CC,recording,knock_twice_right,16,1.275841,3.527663,8.967284,0.008616,0.002017,0.005247
690410710.000,CC,recording,knock_twice_right,16,1.258889,3.523154,8.961281,0.004463,0.002506,0.007632
690410720.000,CC,recording,knock_twice_right,16,1.274728,3.543120,8.950499,-0.000865,0.001221,0.010691
690410730.000,CC,recording,knock_twice_right,16,1.335718,3.551710,9.017100,-0.003088,-0.000439,0.010601
690410740.000,CC,recording,knock_twice_right,16,1.372654,3.545135,9.039428,-0.001304,-0.002313,0.008351
690410750.000,CC,recording,knock_twice_right,16,1.338073,3.555432,9.050990,0.002553,-0.006329,0.006962
690410760.000,CC,recording,knock_twice_right,16,1.332071,3.569603,9.005624,0.005544,-0.011755,0.006159
690410770.000,CC,recording,knock_twice_right,16,1.355655,3.588068,9.003635,0.006466,-0.016006,0.004270
690410780.000,CC,recording,knock_twice_right,16,1.422112,3.595828,9.019127,0.005957,-0.016330,0.000626
690410790.000,CC,recording,knock_twice_right,16,1.441426,3.600796,9.048600,0.003565,-0.012508,-0.005016
690410800.000,CC,recording,knock_twice_right,16,1.412798,3.599814,9.052472,0.000806,-0.004789,-0.012233
690410810.000,CC,recording,knock_twice_right,16,1.385523,3.607065,9.011465,-0.003861,0.005219,-0.017732
690410820.000,CC,recording,knock_twice_right,16,1.320610,3.570735,8.973658,-0.011866,0.012992,-0.019124
690410830.000,CC,recording,knock_twice_right,16,1.241352,3.565859,9.012646,-0.017765,0.016014,-0.017358
690410840.000,CC,recording,knock_twice_right,16,1.262736,3.535705,9.071592,-0.017762,0.013809,-0.014864
690410850.000,CC,recording,knock_twice_right,16,1.305268,3.494774,9.151794,-0.010562,0.008318,-0.014770
690410860.000,CC,recording,knock_twice_right,16,1.278621,3.460225,9.175973,0.001558,0.001845,-0.016305
690410870.000,CC,recording,knock_twice_right,16,1.211650,3.487206,9.134752,0.013725,-0.004143,-0.015763
690410880.000,CC,recording,knock_twice_right,16,1.171598,3.493922,9.035218,0.020571,-0.006243,-0.012901
690410890.000,CC,recording,knock_twice_right,16,1.145451,3.495162,8.947339,0.017270,-0.003846,-0.008897
690410900.000,CC,recording,knock_twice_right,16,1.149771,3.510352,8.889125,0.006055,0.000643,-0.004928
690410910.000,CC,recording,knock_twice_right,16,1.172901,3.511743,8.897888,-0.006679,0.004452,-0.002106
690410920.000,CC,recording,knock_twice_right,16,1.196585,3.509427,8.955876,-0.015703,0.006343,0.000232
690410930.000,CC,recording,knock_twice_right,16,1.178550,3.500489,8.998793,-0.019231,0.004131,0.001707
690410940.000,CC,recording,knock_twice_right,16,1.162696,3.486893,9.026481,-0.020218,-0.000302,0.003362
690410950.000,CC,recording,knock_twice_right,16,1.143161,3.470821,9.044565,-0.020557,-0.001846,0.008043
690410960.000,CC,recording,knock_twice_right,16,1.141923,3.449416,9.055997,-0.018452,-0.001714,0.014923
690410970.000,CC,recording,knock_twice_right,16,1.178155,3.469856,9.098051,-0.013261,-0.002769,0.020546
690410980.000,CC,recording,knock_twice_right,16,1.242545,3.474197,9.125963,-0.006162,-0.004531,0.023294
690410990.000,CC,recording,knock_twice_right,16,1.260545,3.507117,9.106424,0.000516,-0.006257,0.022924
690411000.000,CC,recording,knock_twice_right,16,1.258702,3.525857,9.072187,0.002972,-0.008404,0.021124
690411010.000,CC,recording,knock_twice_right,16,1.244152,3.531984,9.065436,0.000965,-0.007370,0.021305
690411020.000,CC,recording,knock_twice_right,16,1.249254,3.535896,9.076148,-0.002059,-0.002367,0.023449
690411030.000,CC,recording,knock_twice_right,16,1.295248,3.538142,9.120605,-0.003696,0.003958,0.025536
690411040.000,CC,recording,knock_twice_right,16,1.348273,3.557733,9.136238,-0.002118,0.009645,0.025843
690411050.000,CC,recording,knock_twice_right,16,1.367865,3.562279,9.119548,0.002093,0.013804,0.022786
690411060.000,CC,recording,knock_twice_right,16,1.350605,3.556559,9.128350,0.007851,0.015833,0.018244
690411070.000,CC,recording,knock_twice_right,16,1.398565,3.573983,9.126900,0.013051,0.017896,0.013239
690411080.000,CC,recording,knock_twice_right,16,1.407755,3.597859,9.071540,0.013208,0.021072,0.008793
690411090.000,CC,recording,knock_twice_right,16,1.340333,3.591121,9.048019,0.009871,0.024634,0.007008
690411100.000,CC,recording,knock_twice_right,16,1.326704,3.618567,9.060762,0.006536,0.027294,0.007914
690411110.000,CC,recording,knock_twice_right,16,1.343117,3.633979,9.038587,0.003841,0.028340,0.007188
690411120.000,CC,recording,knock_twice_right,16,1.469038,3.630925,9.059034,0.003725,0.031181,0.002012
690411130.000,CC,recording,knock_twice_right,16,1.460754,3.625657,9.108886,0.005505,0.036488,-0.005013
690411140.000,CC,recording,knock_twice_right,16,1.506768,3.615420,9.126930,0.005883,0.046552,-0.013853
690411150.000,CC,recording,knock_twice_right,16,1.452019,3.589691,9.116417,0.003855,0.063469,-0.021772
690411160.000,CC,recording,knock_twice_right,16,1.425424,3.594896,9.081707,0.000261,0.083004,-0.027540
690411170.000,CC,recording,knock_twice_right,16,1.364054,3.608151,9.057937,-0.003793,0.098785,-0.031851
690411180.000,CC,recording,knock_twice_right,16,1.311340,3.616540,9.020854,-0.007977,0.104865,-0.035254
690411190.000,CC,recording,knock_twice_right,16,1.293283,3.581645,9.064865,-0.009458,0.100652,-0.039708
690411200.000,CC,recording,knock_twice_right,16,1.323067,3.556098,9.157497,-0.004634,0.094285,-0.047477
690411210.000,CC,recording,knock_twice_right,16,1.350723,3.560361,9.150199,0.002702,0.088892,-0.055027
690411220.000,CC,recording,knock_twice_right,16,1.118357,3.516066,9.094234,0.005013,0.084174,-0.055919
690411230.000,CC,recording,knock_twice_right,16,1.108778,3.482051,9.040811,0.004485,0.081727,-0.051755
690411240.000,CC,recording,knock_twice_right,16,1.123288,3.491687,9.088010,0.005009,0.078731,-0.046817
690411250.000,CC,recording,knock_twice_right,16,1.072158,3.522427,9.133683,0.008215,0.072253,-0.041954
690411260.000,CC,recording,knock_twice_right,16,1.120400,3.463231,9.186744,0.017735,0.061372,-0.038134
690411270.000,CC,recording,knock_twice_right,16,1.008496,3.481903,9.091494,0.028838,0.044130,-0.034756
690411280.000,CC,recording,knock_twice_right,16,0.945587,3.468157,9.017860,0.036997,0.023222,-0.029248
690411290.000,CC,recording,knock_twice_right,16,0.886429,3.442933,8.944545,0.041417,0.001334,-0.021024
690411300.000,CC,recording,knock_twice_right,16,0.844660,3.450513,8.865102,0.040602,-0.021828,-0.010369
690411310.000,CC,recording,knock_twice_right,16,0.831774,3.446691,8.814116,0.034810,-0.041050,0.001279
690411320.000,CC,recording,knock_twice_right,16,0.918696,3.434202,8.795733,0.024961,-0.051176,0.011546
690411330.000,CC,recording,knock_twice_right,16,1.005179,3.450500,8.858014,0.013816,-0.050705,0.018779
690411340.000,CC,recording,knock_twice_right,16,1.039611,3.448404,8.957253,0.005321,-0.043010,0.025003
690411350.000,CC,recording,knock_twice_right,16,1.065960,3.466973,9.018059,0.000462,-0.034978,0.030004
690411360.000,CC,recording,knock_twice_right,16,1.071329,3.472056,9.014028,-0.002218,-0.031588,0.032759
690411370.000,CC,recording,knock_twice_right,16,1.073024,3.484128,9.029759,-0.001948,-0.034643,0.034938
690411380.000,CC,recording,knock_twice_right,16,1.043515,3.498416,9.018561,0.000044,-0.041258,0.037350
690411390.000,CC,recording,knock_twice_right,16,1.109863,3.495752,9.046946,0.000510,-0.044333,0.038410
690411400.000,CC,recording,knock_twice_right,16,1.172951,3.508887,9.041743,-0.001228,-0.040401,0.037784
690411410.000,CC,recording,knock_twice_right,16,1.145169,3.547717,9.053540,-0.005147,-0.029257,0.039242
690411420.000,CC,recording,knock_twice_right,16,1.170858,3.556750,9.072533,-0.009721,-0.014057,0.041368
690411430.000,CC,recording,knock_twice_right,16,1.208731,3.557027,9.098200,-0.012681,-0.001134,0.041502
690411440.000,CC,recording,knock_twice_right,17,1.263304,3.571428,9.162956,-0.012029,0.006579,0.039559
690411450.000,CC,recording,knock_twice_right,17,1.314765,3.574652,9.215119,-0.006247,0.008798,0.034312
690411460.000,CC,recording,knock_twice_right,17,1.275305,3.590013,9.167675,0.002155,0.006642,0.027616
690411470.000,CC,recording,knock_twice_right,17,1.252222,3.578052,9.141942,0.008831,0.001792,0.023713
690411480.000,CC,recording,knock_twice_right,17,1.259642,3.590780,9.095520,0.011100,-0.000039,0.022808
690411490.000,CC,recording,knock_twice_right,17,1.267553,3.583311,9.100454,0.009766,0.003448,0.023389
690411500.000,CC,recording,knock_twice_right,17,1.268275,3.611651,9.138149,0.007686,0.012650,0.025310
690411510.000,CC,recording,knock_twice_right,17,1.326978,3.599606,9.113491,0.004835,0.025671,0.025751
690411520.000,CC,recording,knock_twice_right,17,1.291417,3.630413,9.162266,0.002702,0.033966,0.023239
690411530.000,CC,recording,knock_twice_right,17,1.324879,3.645801,9.183385,0.004189,0.039101,0.018314
690411540.000,CC,recording,knock_twice_right,17,1.371673,3.625543,9.160278,0.007709,0.045086,0.011462
690411550.000,CC,recording,knock_twice_right,17,1.333248,3.599751,9.143902,0.011985,0.046963,0.005114
690411560.000,CC,recording,knock_twice_right,17,1.251884,3.638211,9.141481,0.019054,0.040844,0.001359
690411570.000,CC,recording,knock_twice_right,17,1.246367,3.620666,9.133737,0.027182,0.031141,0.000450
690411580.000,CC,recording,knock_twice_right,17,1.239615,3.632392,9.090851,0.032801,0.024489,0.000535
690411590.000,CC,recording,knock_twice_right,17,1.290193,3.633075,9.053108,0.035672,0.022195,-0.000098
690411600.000,CC,recording,knock_twice_right,17,1.289166,3.646810,9.016207,0.036659,0.021711,-0.002550
690411610.000,CC,recording,knock_twice_right,17,1.276724,3.670116,8.985097,0.035250,0.020324,-0.007082
690411620.000,CC,recording,knock_twice_right,17,1.266679,3.659709,8.963918,0.030474,0.020173,-0.011712
690411630.000,CC,recording,knock_twice_right,17,1.279745,3.644225,8.956187,0.024542,0.022307,-0.016869
690411640.000,CC,recording,knock_twice_right,17,1.248670,3.642513,8.979672,0.020086,0.022960,-0.022440
690411650.000,CC,recording,knock_twice_right,17,1.175918,3.613904,8.992597,0.017431,0.019545,-0.026192
690411660.000,CC,recording,knock_twice_right,17,1.135347,3.573992,8.984372,0.016713,0.012746,-0.027415
690411670.000,CC,recording,knock_twice_right,17,1.142287,3.561370,9.027338,0.018797,0.006532,-0.027283
690411680.000,CC,recording,knock_twice_right,17,1.167715,3.540691,9.054431,0.023488,0.001159,-0.026095
690411690.000,CC,recording,knock_twice_right,17,1.095065,3.535058,9.027977,0.025762,-0.003609,-0.023360
690411700.000,CC,recording,knock_twice_right,17,1.081500,3.529309,8.969800,0.024066,-0.002842,-0.019472
690411710.000,CC,recording,knock_twice_right,17,1.093833,3.488650,8.958799,0.021215,0.000558,-0.015798
690411720.000,CC,recording,knock_twice_right,17,1.023109,3.511383,8.937918,0.017663,0.000312,-0.011659
690411730.000,CC,recording,knock_twice_right,17,0.967415,3.497344,8.956378,0.015680,-0.005608,-0.006388
690411740.000,CC,recording,knock_twice_right,17,0.980424,3.499660,8.940863,0.016130,-0.014154,-0.002191
690411750.000,CC,recording,knock_twice_right,17,1.061312,3.501138,8.957193,0.018635,-0.019150,-0.000402
690411760.000,CC,recording,knock_twice_right,17,1.030629,3.501173,8.956508,0.021178,-0.021498,0.000246
690411770.000,CC,recording,knock_twice_right,17,1.037334,3.517468,8.913702,0.019492,-0.022757,0.002001
690411780.000,CC,recording,knock_twice_right,17,1.010886,3.493612,8.851028,0.012034,-0.022848,0.005857
690411790.000,CC,recording,knock_twice_right,17,0.953891,3.519491,8.840909,0.001440,-0.023252,0.010653
690411800.000,CC,recording,knock_twice_right,17,1.001078,3.522688,8.899252,-0.009702,-0.024044,0.014515
690411810.000,CC,recording,knock_twice_right,17,1.050982,3.504030,8.990022,-0.019382,-0.023262,0.018162
690411820.000,CC,recording,knock_twice_right,17,0.991219,3.491161,9.064455,-0.023823,-0.020361,0.023850
690411830.000,CC,recording,knock_twice_right,17,0.998526,3.482089,9.150813,-0.020771,-0.016845,0.028154
690411840.000,CC,recording,knock_twice_right,17,1.088845,3.465256,9.200199,-0.011283,-0.018432,0.025707
690411850.000,CC,recording,knock_twice_right,17,1.189395,3.486048,9.253700,0.005128,-0.027220,0.015532
690411860.000,CC,recording,knock_twice_right,17,1.266587,3.531748,9.286122,0.028875,-0.046681,-0.001675
690411870.000,CC,recording,knock_twice_right,17,1.280846,3.520453,9.337258,0.056288,-0.092437,-0.024820
690411880.000,CC,recording,knock_twice_right,17,1.193392,3.597746,9.484778,0.089097,-0.168496,-0.045493
690411890.000,CC,recording,knock_twice_right,17,1.003655,3.618898,9.504033,0.129655,-0.248731,-0.055724
690411900.000,CC,recording,knock_twice_right,17,0.887586,3.499291,9.281798,0.172344,-0.312048,-0.053594
690411910.000,CC,recording,knock_twice_right,17,0.375792,3.393807,8.912838,0.205326,-0.343433,-0.027415
690411920.000,CC,recording,knock_twice_right,17,-1.122448,3.241714,7.892755,0.183405,-0.332308,0.098082
690411930.000,CC,recording,knock_twice_right,17,-1.598729,3.277709,7.194590,0.080139,-0.316885,0.304963
690411940.000,CC,recording,knock_twice_right,17,0.857709,3.243046,8.464577,-0.033717,-0.308671,0.455500
690411950.000,CC,recording,knock_twice_right,17,2.159404,3.552577,9.419928,-0.078853,-0.258076,0.486874
690411960.000,CC,recording,knock_twice_right,17,3.549601,3.773153,10.244495,-0.048292,-0.160161,0.405175
690411970.000,CC,recording,knock_twice_right,17,3.789003,3.880126,10.384496,0.024246,-0.050684,0.258514
690411980.000,CC,recording,knock_twice_right,17,3.361721,3.942805,10.073591,0.097282,0.053690,0.106240
690411990.000,CC,recording,knock_twice_right,17,2.907724,3.911242,9.655059,0.142929,0.151022,-0.016566
690412000.000,CC,recording,knock_twice_right,17,2.607851,4.130514,9.458426,0.159345,0.250592,-0.101367
690412010.000,CC,recording,knock_twice_right,17,2.359027,4.362142,9.318985,0.154694,0.352656,-0.153116
690412020.000,CC,recording,knock_twice_right,17,1.989410,4.126560,8.834026,0.119687,0.471186,-0.169391
690412030.000,CC,recording,knock_twice_right,17,1.328874,3.877998,8.059431,0.039306,0.594341,-0.133873
690412040.000,CC,recording,knock_twice_right,17,0.711255,4.186447,7.876038,-0.064461,0.651733,-0.066611
690412050.000,CC,recording,knock_twice_right,17,0.794971,4.265372,8.214567,-0.142239,0.603693,-0.020238
690412060.000,CC,recording,knock_twice_right,17,1.332832,4.071734,8.761850,-0.156790,0.472498,-0.028670
690412070.000,CC,recording,knock_twice_right,17,1.881249,3.927118,9.322049,-0.091178,0.295819,-0.091998
690412080.000,CC,recording,knock_twice_right,17,1.814446,3.824916,9.640062,0.031729,0.088769,-0.169805
690412090.000,CC,recording,knock_twice_right,17,1.134765,3.679156,9.159581,0.161842,-0.123718,-0.222385
690412100.000,CC,recording,knock_twice_right,17,0.686103,3.550816,8.569956,0.253517,-0.316437,-0.234708
690412110.000,CC,recording,knock_twice_right,17,0.229596,3.514399,7.951482,0.284520,-0.475476,-0.202423
690412120.000,CC,recording,knock_twice_right,17,-0.424996,3.529682,7.297183,0.239800,-0.566549,-0.099735
690412130.000,CC,recording,knock_twice_right,17,-1.039075,3.526096,6.490462,0.101083,-0.564599,0.053213
690412140.000,CC,recording,knock_twice_right,17,1.514985,3.611379,7.518433,-0.068184,-0.471706,0.154916
690412150.000,CC,recording,knock_twice_right,17,2.858998,3.785082,8.980943,-0.182113,-0.299942,0.145952
690412160.000,CC,recording,knock_twice_right,17,3.931903,3.947822,9.756281,-0.223295,-0.088423,0.043061
690412170.000,CC,recording,knock_twice_right,17,3.574600,3.888713,10.209426,-0.208432,0.105472,-0.099913
690412180.000,CC,recording,knock_twice_right,17,2.808823,3.716709,10.148720,-0.169813,0.252319,-0.223431
690412190.000,CC,recording,knock_twice_right,17,1.692100,3.640945,9.866821,-0.126017,0.346373,-0.294057
690412200.000,CC,recording,knock_twice_right,17,0.820219,3.406810,9.558895,-0.095228,0.400921,-0.285744
690412210.000,CC,recording,knock_twice_right,17,-0.190168,3.529331,8.758525,-0.107636,0.434633,-0.195654
690412220.000,CC,recording,knock_twice_right,17,-0.325949,3.524664,8.410001,-0.157977,0.433523,-0.077575
690412230.000,CC,recording,knock_twice_right,17,0.188126,3.601771,8.710734,-0.199883,0.382163,0.007736
690412240.000,CC,recording,knock_twice_right,17,0.895915,3.662276,9.277102,-0.191075,0.295573,0.030388
690412250.000,CC,recording,knock_twice_right,17,1.367255,3.607287,9.585706,-0.132953,0.198509,-0.000949
690412260.000,CC,recording,knock_twice_right,17,1.209182,3.528809,9.472004,-0.059409,0.110913,-0.050951
690412270.000,CC,recording,knock_twice_right,17,0.775121,3.474123,9.153022,-0.004292,0.049595,-0.082691
690412280.000,CC,recording,knock_twice_right,17,0.417693,3.426195,8.782430,0.012507,0.022037,-0.079257
690412290.000,CC,recording,knock_twice_right,17,0.338751,3.445906,8.561922,-0.007887,0.020011,-0.049788
690412300.000,CC,recording,knock_twice_right,17,0.416452,3.484775,8.553088,-0.045943,0.029724,-0.013355
690412310.000,CC,recording,knock_twice_right,17,0.598674,3.478051,8.752842,-0.077103,0.030900,0.015043
690412320.000,CC,recording,knock_twice_right,17,0.690500,3.502910,9.042447,-0.086093,0.008154,0.028199
690412330.000,CC,recording,knock_twice_right,17,0.777515,3.499272,9.310472,-0.067931,-0.026631,0.028623
690412340.000,CC,recording,knock_twice_right,17,0.891564,3.460322,9.431085,-0.031979,-0.053286,0.022558
690412350.000,CC,recording,knock_twice_right,17,0.901777,3.482564,9.328582,0.000549,-0.065823,0.016755
690412360.000,CC,recording,knock_twice_right,17,0.821971,3.535944,9.141818,0.015928,-0.066874,0.017351
690412370.000,CC,recording,knock_twice_right,17,0.789133,3.548469,8.970001,0.010725,-0.057770,0.023752
690412380.000,CC,recording,knock_twice_right,17,0.902670,3.550535,8.999777,-0.005842,-0.039363,0.029499
690412390.000,CC,recording,knock_twice_right,17,1.113022,3.551423,9.131709,-0.018630,-0.015327,0.028576
690412400.000,CC,recording,knock_twice_right,17,1.183074,3.547373,9.187120,-0.023395,0.003700,0.020722
690412410.000,CC,recording,knock_twice_right,17,1.113249,3.532265,9.196135,-0.021776,0.013728,0.010807
690412420.000,CC,recording,knock_twice_right,17,1.087120,3.468438,9.205524,-0.015266,0.019503,0.003706
690412430.000,CC,recording,knock_twice_right,17,0.970264,3.441092,9.188400,-0.005054,0.018517,0.002580
690412440.000,CC,recording,knock_twice_right,17,0.830580,3.444049,9.086673,0.005986,0.006164,0.008953
690412450.000,CC,recording,knock_twice_right,17,0.767747,3.449551,8.958493,0.012619,-0.014725,0.020927
690412460.000,CC,recording,knock_twice_right,17,0.824191,3.474364,8.911667,0.016028,-0.034920,0.035837
690412470.000,CC,recording,knock_twice_right,17,0.981443,3.491973,8.992080,0.017789,-0.044841,0.047518
690412480.000,CC,recording,knock_twice_right,17,1.247815,3.566443,9.051315,0.016337,-0.040280,0.048979
690412490.000,CC,recording,knock_twice_right,17,1.364468,3.618701,9.002296,0.011158,-0.024217,0.041718
690412500.000,CC,recording,knock_twice_right,17,1.283724,3.661519,8.923964,0.000042,-0.005514,0.033236
690412510.000,CC,recording,knock_twice_right,17,1.202777,3.669642,8.938708,-0.013101,0.006240,0.029280
690412520.000,CC,recording,knock_twice_right,17,1.094718,3.672705,9.008705,-0.021175,0.006261,0.031033
690412530.000,CC,recording,knock_twice_right,17,1.163519,3.680882,9.098066,-0.021002,-0.003335,0.032114
690412540.000,CC,recording,knock_twice_right,17,1.345280,3.727830,9.185876,-0.012953,-0.014911,0.024461
690412550.000,CC,recording,knock_twice_right,17,1.421657,3.722330,9.200010,-0.001852,-0.021343,0.009755
690412560.000,CC,recording,knock_twice_right,17,1.345570,3.700921,9.128266,0.007747,-0.021791,-0.005727
690412570.000,CC,recording,knock_twice_right,17,1.238594,3.685179,9.050004,0.011101,-0.019133,-0.016637
690412580.000,CC,recording,knock_twice_right,17,1.167432,3.684160,8.974163,0.007589,-0.014213,-0.022312
690412590.000,CC,recording,knock_twice_right,17,1.180485,3.695357,8.959146,-0.000006,-0.008613,-0.026999
690412600.000,CC,recording,knock_twice_right,17,1.184876,3.688808,8.980374,-0.009415,-0.003605,-0.032991
690412610.000,CC,recording,knock_twice_right,17,1.125990,3.632399,9.032007,-0.016325,0.000706,-0.037854
690412620.000,CC,recording,knock_twice_right,17,1.025656,3.577593,9.046045,-0.020601,-0.000050,-0.038991
690412630.000,CC,recording,knock_twice_right,17,0.984413,3.590524,9.081692,-0.021604,-0.006889,-0.038382
690412640.000,CC,recording,knock_twice_right,17,0.963371,3.560517,9.080358,-0.018274,-0.015183,-0.035934
690412650.000,CC,recording,knock_twice_right,17,0.912035,3.513876,9.104628,-0.013980,-0.024365,-0.031417
690412660.000,CC,recording,knock_twice_right,17,0.894568,3.503182,9.110741,-0.008971,-0.031598,-0.026790
690412670.000,CC,recording,knock_twice_right,17,0.977997,3.505161,9.122463,-0.002463,-0.031174,-0.023629
690412680.000,CC,recording,knock_twice_right,17,1.000904,3.507377,9.062579,0.001672,-0.023953,-0.022391
690412690.000,CC,recording,knock_twice_right,17,0.914106,3.532510,9.033738,0.001249,-0.016175,-0.019452
690412700.000,CC,recording,knock_twice_right,17,0.857552,3.525288,9.030197,-0.001494,-0.012894,-0.012861
690412710.000,CC,recording,knock_twice_right,17,0.902776,3.519600,9.075996,-0.002147,-0.015981,-0.006929
690412720.000,CC,recording,knock_twice_right,17,1.063111,3.564405,9.118044,0.000069,-0.021609,-0.006957
690412730.000,CC,recording,knock_twice_right,17,1.161386,3.571437,9.114846,0.003815,-0.021281,-0.013003
690412740.000,CC,recording,knock_twice_right,17,1.115522,3.539508,9.085162,0.004949,-0.014498,-0.019108
690412750.000,CC,recording,knock_twice_right,17,0.948732,3.509387,9.029983,0.001407,-0.006462,-0.018957
690412760.000,CC,recording,knock_twice_right,17,0.848454,3.506587,9.014349,-0.002261,-0.003443,-0.011802
690412770.000,CC,recording,knock_twice_right,17,0.873061,3.498113,9.032651,-0.002104,-0.008512,-0.003487
690412780.000,CC,recording,knock_twice_right,17,0.971371,3.518233,9.049441,0.003459,-0.019641,0.000636
690412790.000,CC,recording,knock_twice_right,17,1.015204,3.550183,9.055479,0.011796,-0.033150,0.001494
690412800.000,CC,recording,knock_twice_right,17,1.082164,3.582709,9.022047,0.016952,-0.042751,0.000906
690412810.000,CC,recording,knock_twice_right,17,1.168455,3.604282,8.967728,0.015442,-0.041788,-0.002254
690412820.000,CC,recording,knock_twice_right,17,1.174273,3.615383,8.964881,0.007368,-0.028237,-0.007761
690412830.000,CC,recording,knock_twice_right,17,1.110513,3.592035,8.961901,-0.004864,-0.009620,-0.010950
690412840.000,CC,recording,knock_twice_right,17,1.035696,3.591619,8.954604,-0.017753,0.003850,-0.009003
690412850.000,CC,recording,knock_twice_right,17,0.975355,3.565747,8.965881,-0.028579,0.008710,-0.003856
690412860.000,CC,recording,knock_twice_right,17,0.999685,3.567542,9.061099,-0.032817,0.007301,0.001641
690412870.000,CC,recording,knock_twice_right,17,1.075875,3.589190,9.113716,-0.027989,0.000713,0.004306
690412880.000,CC,recording,knock_twice_right,17,1.169071,3.620979,9.122060,-0.018371,-0.008106,0.001836
690412890.000,CC,recording,knock_twice_right,17,1.145129,3.620701,9.097384,-0.010371,-0.014949,-0.003821
690412900.000,CC,recording,knock_twice_right,17,1.069766,3.590616,9.077618,-0.006694,-0.019515,-0.006879
690412910.000,CC,recording,knock_twice_right,17,1.023678,3.579342,9.085019,-0.006264,-0.021211,-0.005820
690412920.000,CC,recording,knock_twice_right,17,1.009191,3.592524,9.053095,-0.008599,-0.021020,-0.003539
690412930.000,CC,recording,knock_twice_right,17,1.094509,3.618543,9.050651,-0.013138,-0.017757,-0.002528
690412940.000,CC,recording,knock_twice_right,17,1.128127,3.561640,9.106749,-0.016282,-0.009907,-0.003423
690412950.000,CC,recording,knock_twice_right,17,1.066255,3.529306,9.158057,-0.016939,-0.002441,-0.003136
690412960.000,CC,recording,knock_twice_right,17,1.025113,3.524062,9.175129,-0.015272,0.000833,-0.000755
690412970.000,CC,recording,knock_twice_right,17,1.081250,3.519506,9.179707,-0.011391,0.003029,0.000985
690412980.000,CC,recording,knock_twice_right,17,1.094572,3.505055,9.176922,-0.005586,0.003931,0.001512
690412990.000,CC,recording,knock_twice_right,17,1.046916,3.529722,9.141570,0.001931,0.000017,0.001901
690413000.000,CC,recording,knock_twice_right,17,1.027626,3.554402,9.072312,0.009114,-0.007437,0.003132
690413010.000,CC,recording,knock_twice_right,17,1.043037,3.566908,9.034642,0.012590,-0.014486,0.005393
690413020.000,CC,recording,knock_twice_right,17,1.079208,3.555473,9.021953,0.012946,-0.017087,0.007458
690413030.000,CC,recording,knock_twice_right,17,1.122988,3.559023,9.037478,0.014316,-0.017387,0.007500
690413040.000,CC,recording,knock_twice_right,17,1.150454,3.581146,9.015899,0.017503,-0.019365,0.007001
690413050.000,CC,recording,knock_twice_right,17,1.159516,3.572928,8.988546,0.019660,-0.022443,0.006990
690413060.000,CC,recording,knock_twice_right,17,1.142138,3.581214,8.911514,0.018357,-0.025906,0.006301
690413070.000,CC,recording,knock_twice_right,17,1.202124,3.636392,8.881663,0.013503,-0.028523,0.005324
690413080.000,CC,recording,knock_twice_right,17,1.220576,3.657540,8.904688,0.005537,-0.030043,0.003297
690413090.000,CC,recording,knock_twice_right,17,1.295669,3.681601,8.968994,-0.002999,-0.029738,-0.000906
690413100.000,CC,recording,knock_twice_right,17,1.366019,3.683861,9.003144,-0.009039,-0.025110,-0.007642
690413110.000,CC,recording,knock_twice_right,17,1.346169,3.665772,9.046533,-0.013148,-0.017112,-0.016007
690413120.000,CC,recording,knock_twice_right,17,1.305169,3.653961,9.036364,-0.017400,-0.009784,-0.022599
690413130.000,CC,recording,knock_twice_right,17,1.241498,3.636424,9.048410,-0.021712,-0.004330,-0.027069
690413140.000,CC,recording,knock_twice_right,17,1.234442,3.601667,9.083974,-0.024257,-0.000167,-0.031710
690413150.000,CC,recording,knock_twice_right,17,1.184018,3.569595,9.117718,-0.023114,0.000691,-0.035753
690413160.000,CC,recording,knock_twice_right,17,1.148388,3.544421,9.142187,-0.017322,-0.002013,-0.037308
690413170.000,CC,recording,knock_twice_right,17,1.089889,3.523535,9.143772,-0.009469,-0.004846,-0.036557
690413180.000,CC,recording,knock_twice_right,17,1.097044,3.518548,9.139475,-0.004143,-0.005025,-0.034927
690413190.000,CC,recording,knock_twice_right,17,1.056884,3.503332,9.117730,-0.002695,-0.003270,-0.031502
690413200.000,CC,recording,knock_twice_right,17,0.970718,3.506586,9.081611,-0.003625,-0.001410,-0.024462
690413210.000,CC,recording,knock_twice_right,17,0.973443,3.527295,9.085558,-0.004584,-0.001938,-0.018527
690413220.000,CC,recording,knock_twice_right,17,1.126487,3.535518,9.146643,-0.003540,-0.003558,-0.019131
690413230.000,CC,recording,knock_twice_right,17,1.144072,3.514202,9.158233,-0.001477,-0.000762,-0.023041
690413240.000,CC,recording,knock_twice_right,17,1.106081,3.521719,9.136026,-0.000806,0.005854,-0.026110
690413250.000,CC,recording,knock_twice_right,17,0.989522,3.503938,9.076715,-0.002898,0.013236,-0.024085
690413260.000,CC,recording,knock_twice_right,17,0.913660,3.470880,9.098220,-0.005593,0.019425,-0.015597
690413270.000,CC,recording,knock_twice_right,17,0.896471,3.449683,9.125670,-0.004785,0.020045,-0.006861
690413280.000,CC,recording,knock_twice_right,17,0.969724,3.497378,9.156743,0.000608,0.013658,-0.001624
690413290.000,CC,recording,knock_twice_right,17,0.995754,3.484947,9.147497,0.009979,0.002260,0.001187
690413300.000,CC,recording,knock_twice_right,17,1.002352,3.496322,9.099691,0.018888,-0.008800,0.003221
690413310.000,CC,recording,knock_twice_right,17,1.015110,3.515825,9.067696,0.024196,-0.014011,0.004745
690413320.000,CC,recording,knock_twice_right,17,1.102500,3.561812,9.027049,0.025559,-0.012763,0.004507
690413330.000,CC,recording,knock_twice_right,17,1.125759,3.603233,8.938945,0.020870,-0.005157,0.003400
690413340.000,CC,recording,knock_twice_right,17,1.109773,3.610989,8.881373,0.011393,0.004072,0.002990
690413350.000,CC,recording,knock_twice_right,17,1.075638,3.598731,8.915640,0.002137,0.007787,0.002895
690413360.000,CC,recording,knock_twice_right,17,1.093861,3.589302,8.958856,-0.004600,0.005971,0.003595
690413370.000,CC,recording,knock_twice_right,17,1.129305,3.580390,9.007408,-0.007386,0.002950,0.004586
690413380.000,CC,recording,knock_twice_right,17,1.195123,3.582133,9.061049,-0.005155,0.000570,0.003382
690413390.000,CC,recording,knock_twice_right,17,1.207372,3.581108,9.057300,-0.001381,0.000146,-0.000301
690413400.000,CC,recording,knock_twice_right,17,1.188216,3.576736,9.012935,0.000666,0.001919,-0.002783
690413410.000,CC,recording,knock_twice_right,17,1.143534,3.595258,8.933859,0.000031,0.002102,-0.002620
690413420.000,CC,recording,knock_twice_right,17,1.140705,3.610575,8.904197,-0.002622,-0.001306,-0.002475
690413430.000,CC,recording,knock_twice_right,17,1.173310,3.628635,8.933783,-0.006484,-0.007292,-0.005217
690413440.000,CC,recording,knock_twice_right,17,1.214719,3.620529,8.938033,-0.011147,-0.012979,-0.011044
690413450.000,CC,recording,knock_twice_right,17,1.187698,3.606733,8.974240,-0.016693,-0.014646,-0.016731
690413460.000,CC,recording,knock_twice_right,17,1.163058,3.584377,9.036366,-0.021499,-0.011012,-0.019899
690413470.000,CC,recording,knock_twice_right,17,1.129228,3.567141,9.052638,-0.023921,-0.004977,-0.020259
690413480.000,CC,recording,knock_twice_right,17,1.083776,3.566546,9.053394,-0.026391,-0.000107,-0.018642
690413490.000,CC,recording,knock_twice_right,17,1.093351,3.557718,9.067178,-0.028297,0.002021,-0.017079
690413500.000,CC,recording,knock_twice_right,17,1.089025,3.560242,9.128964,-0.027227,0.000591,-0.016814
690413510.000,CC,recording,knock_twice_right,17,1.075898,3.527643,9.191157,-0.022012,-0.004062,-0.017830
690413520.000,CC,recording,knock_twice_right,17,1.040151,3.522929,9.204569,-0.014276,-0.008638,-0.018016
690413530.000,CC,recording,knock_twice_right,17,1.047805,3.523629,9.193826,-0.006947,-0.008973,-0.015971
690413540.000,CC,recording,knock_twice_right,17,1.049722,3.511596,9.182682,-0.002417,-0.005098,-0.012855
690413550.000,CC,recording,knock_twice_right,17,1.011657,3.518068,9.168464,-0.000367,-0.000854,-0.008889
690413560.000,CC,recording,knock_twice_right,17,0.989519,3.518875,9.138442,0.001947,0.000843,-0.004680
690413570.000,CC,recording,knock_twice_right,17,0.987714,3.541186,9.114853,0.004529,-0.000325,-0.001434
690413580.000,CC,recording,knock_twice_right,17,1.005716,3.553780,9.094911,0.006909,-0.003258,0.001138
690413590.000,CC,recording,knock_twice_right,17,1.015965,3.565057,9.077845,0.009644,-0.006986,0.002952
690413600.000,CC,recording,knock_twice_right,17,1.002224,3.575819,9.052611,0.010410,-0.010031,0.003078
690413610.000,CC,recording,knock_twice_right,17,1.056346,3.580541,9.048986,0.007784,-0.008055,0.002180
690413620.000,CC,recording,knock_twice_right,17,1.085739,3.530830,9.090099,0.004743,-0.000346,0.001115
690413630.000,CC,recording,knock_twice_right,17,1.060946,3.552860,9.084334,0.002412,0.008376,0.000794
690413640.000,CC,recording,knock_twice_right,17,1.004879,3.548442,9.054051,0.000771,0.013486,0.002227
690413650.000,CC,recording,knock_twice_right,17,1.019787,3.566258,9.056874,-0.000262,0.012217,0.003705
690413660.000,CC,recording,knock_twice_right,17,1.057678,3.577758,9.082401,0.002464,0.005792,0.003446
690413670.000,CC,recording,knock_twice_right,17,1.133289,3.564745,9.129825,0.010169,-0.000635,0.001331
690413680.000,CC,recording,knock_twice_right,17,1.129734,3.556842,9.090037,0.017090,-0.003424,-0.001716
690413690.000,CC,recording,knock_twice_right,17,1.061386,3.550989,9.008579,0.017017,-0.002432,-0.001689
690413700.000,CC,recording,knock_twice_right,17,1.026294,3.541348,8.965319,0.010825,0.001973,0.002256
690413710.000,CC,recording,knock_twice_right,17,1.051972,3.543333,8.977040,0.003914,0.008684,0.005301
690413720.000,CC,recording,knock_twice_right,17,1.135087,3.572221,8.972654,-0.001430,0.013482,0.005682
690413730.000,CC,recording,knock_twice_right,17,1.113823,3.577690,8.953552,-0.005066,0.013703,0.004564
690413740.000,CC,recording,knock_twice_right,17,1.097512,3.564577,8.941108,-0.008554,0.009287,0.003849
690413750.000,CC,recording,knock_twice_right,17,1.066576,3.551739,8.972118,-0.011436,0.001448,0.004299
690413760.000,CC,recording,knock_twice_right,17,1.104823,3.537917,9.042736,-0.010893,-0.004561,0.003941
690413770.000,CC,recording,knock_twice_right,17,1.164873,3.526695,9.069647,-0.007897,-0.005924,0.001603
690413780.000,CC,recording,knock_twice_right,17,1.170700,3.514122,9.050073,-0.006320,-0.003344,-0.000859
690413790.000,CC,recording,knock_twice_right,17,1.042828,3.510817,8.994713,-0.008734,0.000668,-0.000893
690413800.000,CC,recording,knock_twice_right,17,0.964297,3.498209,8.963518,-0.015250,0.001911,0.003898
690413810.000,CC,recording,knock_twice_right,17,0.953507,3.481918,8.987917,-0.022905,-0.001324,0.011521
690413820.000,CC,recording,knock_twice_right,17,1.064487,3.513088,9.077770,-0.026012,-0.006800,0.014592
690413830.000,CC,recording,knock_twice_right,17,1.195523,3.534619,9.173164,-0.020791,-0.010148,0.011269
690413840.000,CC,recording,knock_twice_right,17,1.236598,3.523286,9.209946,-0.012776,-0.007606,0.006055
690413850.000,CC,recording,knock_twice_right,17,1.144546,3.525671,9.182844,-0.008126,-0.000537,0.003697
690413860.000,CC,recording,knock_twice_right,17,1.031206,3.539439,9.101377,-0.005421,0.006172,0.006341
690413870.000,CC,recording,knock_twice_right,17,1.003617,3.548676,9.053080,-0.004120,0.008321,0.011350
690413880.000,CC,recording,knock_twice_right,17,1.030500,3.555227,9.056019,-0.003331,0.006126,0.014681
690413890.000,CC,recording,knock_twice_right,17,1.092819,3.559053,9.067288,-0.001456,0.000787,0.014928
690413900.000,CC,recording,knock_twice_right,17,1.128653,3.583722,9.080589,0.001180,-0.007133,0.012207
690413910.000,CC,recording,knock_twice_right,17,1.134556,3.607215,9.050329,0.002410,-0.012112,0.008185
690413920.000,CC,recording,knock_twice_right,17,1.109765,3.602217,9.047458,-0.000871,-0.010793,0.006208
690413930.000,CC,recording,knock_twice_right,17,1.094903,3.614233,9.046572,-0.006697,-0.004843,0.007458
690413940.000,CC,recording,knock_twice_right,17,1.150434,3.603209,9.060106,-0.011988,0.004249,0.008491
690413950.000,CC,recording,knock_twice_right,17,1.171666,3.591732,9.098691,-0.015422,0.014393,0.006923
690413960.000,CC,recording,knock_twice_right,17,1.143905,3.578220,9.148826,-0.015039,0.021353,0.004517
690413970.000,CC,recording,knock_twice_right,17,1.115477,3.549149,9.148107,-0.010857,0.022100,0.002208
690413980.000,CC,recording,knock_twice_right,17,1.114099,3.548370,9.124030,-0.004744,0.017001,-0.000736
690413990.000,CC,recording,knock_twice_right,17,1.106809,3.538645,9.144591,0.002408,0.009425,-0.003901
690414000.000,CC,recording,knock_twice_right,17,1.083311,3.532846,9.120921,0.009054,0.003469,-0.006582
690414010.000,CC,recording,knock_twice_right,17,1.061960,3.515567,9.083157,0.012002,0.001330,-0.007190
690414020.000,CC,recording,knock_twice_right,17,1.041076,3.497170,9.034289,0.009826,0.001904,-0.004745
690414030.000,CC,recording,knock_twice_right,17,1.039130,3.489607,9.043721,0.005591,0.003464,-0.000616
690414040.000,CC,recording,knock_twice_right,17,1.035047,3.506087,9.049547,0.002454,0.004111,0.003480
690414050.000,CC,recording,knock_twice_right,17,1.076897,3.506735,9.067232,0.001716,0.002317,0.005870
690414060.000,CC,recording,knock_twice_right,17,1.132977,3.499779,9.092743,0.004359,-0.001419,0.004907
690414070.000,CC,recording,knock_twice_right,17,1.158325,3.514222,9.111755,0.008657,-0.003608,0.002239
690414080.000,CC,recording,knock_twice_right,17,1.170205,3.503408,9.098820,0.012314,-0.002269,0.000205
690414090.000,CC,recording,knock_twice_right,17,1.135875,3.512110,9.053428,0.013148,0.001612,-0.000753
690414100.000,CC,recording,knock_twice_right,17,1.118959,3.534815,9.000141,0.009736,0.006412,-0.000646
690414110.000,CC,recording,knock_twice_right,17,1.106996,3.525497,8.985155,0.003928,0.009779,0.000264
690414120.000,CC,recording,knock_twice_right,17,1.121259,3.534435,9.018921,0.000622,0.009865,0.000833
690414130.000,CC,recording,knock_twice_right,17,1.138258,3.549874,9.058994,0.002014,0.004519,-0.000162
690414140.000,CC,recording,knock_twice_right,17,1.133636,3.523809,9.077865,0.007307,-0.003716,-0.001156
690414150.000,CC,recording,knock_twice_right,17,1.160266,3.560250,9.036929,0.013005,-0.009583,-0.002128
690414160.000,CC,recording,knock_twice_right,17,1.193714,3.576132,8.977493,0.014011,-0.012549,-0.004142
690414170.000,CC,recording,knock_twice_right,17,1.146119,3.584457,8.929070,0.008912,-0.012573,-0.006855
690414180.000,CC,recording,knock_twice_right,17,1.161367,3.590466,8.913708,-0.000714,-0.008274,-0.008870
690414190.000,CC,recording,knock_twice_right,17,1.165540,3.583469,8.937242,-0.011782,-0.002215,-0.010310
690414200.000,CC,recording,knock_twice_right,17,1.142935,3.584252,9.006186,-0.021490,0.002344,-0.011035
690414210.000,CC,recording,knock_twice_right,17,1.086818,3.551672,9.076542,-0.025687,0.004780,-0.010836
690414220.000,CC,recording,knock_twice_right,17,1.094490,3.529767,9.148813,-0.021481,0.003357,-0.010861
690414230.000,CC,recording,knock_twice_right,17,1.092137,3.547128,9.178899,-0.011757,-0.001611,-0.011937
690414240.000,CC,recording,knock_twice_right,17,1.124531,3.545212,9.146774,-0.000851,-0.007627,-0.013883
690414250.000,CC,recording,knock_twice_right,17,1.061122,3.558800,9.062902,0.005733,-0.011864,-0.015513
690414260.000,CC,recording,knock_twice_right,17,1.025227,3.574340,8.964963,0.003395,-0.011621,-0.014812
690414270.000,CC,recording,knock_twice_right,17,0.963529,3.549595,8.965229,-0.006416,-0.008179,-0.011139
690414280.000,CC,recording,knock_twice_right,17,0.964360,3.529223,9.026662,-0.017384,-0.004550,-0.006608
690414290.000,CC,recording,knock_twice_right,17,0.967210,3.494958,9.104845,-0.024436,-0.000694,-0.001921
690414300.000,CC,recording,knock_twice_right,17,0.964643,3.472285,9.148222,-0.025901,0.003154,0.003562
690414310.000,CC,recording,knock_twice_right,17,0.977589,3.484693,9.201287,-0.021301,0.004182,0.008591
690414320.000,CC,recording,knock_twice_right,17,1.002731,3.476676,9.207753,-0.011934,0.002342,0.011667
690414330.000,CC,recording,knock_twice_right,17,0.991149,3.476593,9.157223,-0.001981,0.000332,0.014048
690414340.000,CC,recording,knock_twice_right,17,0.962612,3.480721,9.075842,0.003023,0.001045,0.019521
690414350.000,CC,recording,knock_twice_right,17,0.933581,3.502589,8.992857,0.002250,0.006780,0.029349
690414360.000,CC,recording,knock_twice_right,17,0.929823,3.519188,8.928211,-0.004760,0.011197,0.037323
690414370.000,CC,recording,knock_twice_right,17,0.997546,3.621494,8.900409,-0.015928,0.011454,0.040929
690414380.000,CC,recording,knock_twice_right,17,1.101066,3.549145,8.965044,-0.027257,0.009837,0.038596
690414390.000,CC,recording,knock_twice_right,17,1.108426,3.573113,9.042386,-0.032963,0.005616,0.031408
690414400.000,CC,recording,knock_twice_right,17,1.110939,3.526121,9.224603,-0.028244,0.001039,0.025587
690414410.000,CC,recording,knock_twice_right,17,1.120867,3.501034,9.252297,-0.016733,-0.001096,0.021583
690414420.000,CC,recording,knock_twice_right,17,1.100814,3.474174,9.256754,-0.004512,0.001077,0.020859
690414430.000,CC,recording,knock_twice_right,17,1.016850,3.474953,9.143654,0.003660,0.003755,0.023131
690414440.000,CC,recording,knock_twice_right,17,0.983408,3.517737,9.072588,0.005717,0.003619,0.027150
690414450.000,CC,recording,knock_twice_right,17,1.030912,3.520884,9.034504,0.002602,0.003411,0.031698
690414460.000,CC,recording,knock_twice_right,17,1.082423,3.543765,9.047132,-0.001823,0.003390,0.032659
690414470.000,CC,recording,knock_twice_right,17,1.122592,3.570238,9.121311,-0.003986,0.001390,0.030398
690414480.000,CC,recording,knock_twice_right,18,1.168696,3.577585,9.153141,-0.002302,0.001048,0.026146
690414490.000,CC,recording,knock_twice_right,18,1.173389,3.552577,9.140460,0.001017,0.003412,0.020942
690414500.000,CC,recording,knock_twice_right,18,1.127064,3.570758,9.084078,0.002905,0.005215,0.018337
690414510.000,CC,recording,knock_twice_right,18,1.087076,3.552120,9.062908,0.001436,0.005271,0.018341
690414520.000,CC,recording,knock_twice_right,18,1.129108,3.559928,9.059239,-0.000981,0.003852,0.017870
690414530.000,CC,recording,knock_twice_right,18,1.133854,3.550683,9.105812,-0.000813,0.001701,0.016972
690414540.000,CC,recording,knock_twice_right,18,1.157757,3.544564,9.128658,0.001629,-0.000994,0.015479
690414550.000,CC,recording,knock_twice_right,18,1.163051,3.541131,9.128940,0.006390,-0.002497,0.012613
690414560.000,CC,recording,knock_twice_right,18,1.167312,3.526352,9.134695,0.013437,-0.002603,0.010163
690414570.000,CC,recording,knock_twice_right,18,1.150383,3.525520,9.074244,0.018936,-0.003515,0.009219
690414580.000,CC,recording,knock_twice_right,18,1.114603,3.531807,8.975440,0.018580,-0.004651,0.009396
690414590.000,CC,recording,knock_twice_right,18,1.075770,3.529718,8.930090,0.012905,-0.004997,0.011101
690414600.000,CC,recording,knock_twice_right,18,1.061400,3.568723,8.935537,0.004355,-0.007311,0.013931
690414610.000,CC,recording,knock_twice_right,18,1.089584,3.551042,8.995358,-0.004438,-0.012328,0.016294
690414620.000,CC,recording,knock_twice_right,18,1.161799,3.522895,9.098636,-0.006847,-0.018299,0.015971
690414630.000,CC,recording,knock_twice_right,18,1.203714,3.499432,9.193132,-0.000021,-0.026506,0.012196
690414640.000,CC,recording,knock_twice_right,18,1.169820,3.491989,9.180660,0.010920,-0.036166,0.007304
690414650.000,CC,recording,knock_twice_right,18,1.108159,3.462613,9.087370,0.020536,-0.042428,0.005395
690414660.000,CC,recording,knock_twice_right,18,1.043947,3.462138,9.019448,0.026123,-0.045487,0.006804
690414670.000,CC,recording,knock_twice_right,18,1.023600,3.487329,8.938350,0.023623,-0.046805,0.009913
690414680.000,CC,recording,knock_twice_right,18,1.007759,3.486706,8.917432,0.014542,-0.048588,0.015942
690414690.000,CC,recording,knock_twice_right,18,0.979474,3.457699,8.927283,0.006315,-0.059346,0.022514
690414700.000,CC,recording,knock_twice_right,18,0.921401,3.459289,8.887399,0.001736,-0.083752,0.029468
690414710.000,CC,recording,knock_twice_right,18,0.860319,3.457328,8.874339,0.002470,-0.124992,0.037472
690414720.000,CC,recording,knock_twice_right,18,0.695812,3.407728,8.860375,0.006486,-0.186259,0.054316
690414730.000,CC,recording,knock_twice_right,18,0.533103,3.373418,8.790133,0.013908,-0.260283,0.082175
690414740.000,CC,recording,knock_twice_right,18,0.697982,3.384159,8.858398,0.027723,-0.336734,0.110456
690414750.000,CC,recording,knock_twice_right,18,0.862609,3.399895,8.900134,0.042344,-0.397127,0.130461
690414760.000,CC,recording,knock_twice_right,18,1.348777,3.442651,8.982022,0.053269,-0.407070,0.133535
690414770.000,CC,recording,knock_twice_right,18,1.859014,3.434815,9.166168,0.056838,-0.349523,0.117860
690414780.000,CC,recording,knock_twice_right,18,2.030641,3.475436,9.233687,0.047375,-0.249532,0.090985
690414790.000,CC,recording,knock_twice_right,18,1.870988,3.545230,9.263556,0.024542,-0.138833,0.067179
690414800.000,CC,recording,knock_twice_right,18,1.685527,3.562933,9.169224,-0.008989,-0.029899,0.057710
690414810.000,CC,recording,knock_twice_right,18,1.553008,3.568645,9.145936,-0.042417,0.059323,0.058756
690414820.000,CC,recording,knock_twice_right,18,1.586301,3.595146,9.357850,-0.058896,0.110841,0.056830
690414830.000,CC,recording,knock_twice_right,18,1.652108,3.627609,9.505643,-0.049906,0.129383,0.045398
690414840.000,CC,recording,knock_twice_right,18,1.642147,3.577132,9.563926,-0.019214,0.128323,0.028436
690414850.000,CC,recording,knock_twice_right,18,1.541481,3.575229,9.450950,0.020320,0.118177,0.013954
690414860.000,CC,recording,knock_twice_right,18,1.433202,3.574694,9.235069,0.052472,0.110485,0.006968
690414870.000,CC,recording,knock_twice_right,18,1.378331,3.600263,9.036535,0.068857,0.109193,0.006938
690414880.000,CC,recording,knock_twice_right,18,1.346664,3.649552,8.850017,0.068943,0.108521,0.009153
690414890.000,CC,recording,knock_twice_right,18,1.363039,3.688038,8.698803,0.056475,0.104809,0.010949
690414900.000,CC,recording,knock_twice_right,18,1.344843,3.666778,8.616803,0.037079,0.094960,0.012063
690414910.000,CC,recording,knock_twice_right,18,1.328345,3.685572,8.602142,0.017158,0.072271,0.011581
690414920.000,CC,recording,knock_twice_right,18,1.351295,3.678639,8.681636,0.002167,0.039908,0.010379
690414930.000,CC,recording,knock_twice_right,18,1.376971,3.637441,8.713369,-0.009610,0.008274,0.007697
690414940.000,CC,recording,knock_twice_right,18,1.465510,3.629246,8.852781,-0.019340,-0.012173,0.003583
690414950.000,CC,recording,knock_twice_right,18,1.563778,3.598716,8.974993,-0.028536,-0.009115,0.000010
690414960.000,CC,recording,knock_twice_right,18,1.597209,3.570227,9.046793,-0.039131,0.020589,-0.003520
690414970.000,CC,recording,knock_twice_right,18,1.672706,3.570338,9.188622,-0.048223,0.066807,-0.008914
690414980.000,CC,recording,knock_twice_right,18,1.643941,3.559940,9.252052,-0.054278,0.108892,-0.017273
690414990.000,CC,recording,knock_twice_right,18,1.561849,3.589461,9.333894,-0.053419,0.139494,-0.025306
690415000.000,CC,recording,knock_twice_right,18,1.498220,3.576223,9.432997,-0.043346,0.163643,-0.031682
690415010.000,CC,recording,knock_twice_right,18,1.477353,3.537221,9.479899,-0.026708,0.180916,-0.036874
690415020.000,CC,recording,knock_twice_right,18,1.442047,3.545368,9.510976,-0.006252,0.192013,-0.041766
690415030.000,CC,recording,knock_twice_right,18,1.394282,3.562483,9.452028,0.014461,0.202246,-0.048590
690415040.000,CC,recording,knock_twice_right,18,1.353463,3.547825,9.347655,0.030155,0.211973,-0.054740
690415050.000,CC,recording,knock_twice_right,18,1.142356,3.551338,9.193898,0.038564,0.214091,-0.056840
690415060.000,CC,recording,knock_twice_right,18,1.036795,3.547947,9.087781,0.041434,0.206933,-0.055201
690415070.000,CC,recording,knock_twice_right,18,0.912106,3.531560,8.967236,0.041157,0.188133,-0.050446
690415080.000,CC,recording,knock_twice_right,18,0.849174,3.530508,8.930281,0.041958,0.157335,-0.044337
690415090.000,CC,recording,knock_twice_right,18,0.824949,3.535588,8.877506,0.045853,0.118443,-0.037748
690415100.000,CC,recording,knock_twice_right,18,0.831513,3.500662,8.859154,0.051052,0.075771,-0.030461
690415110.000,CC,recording,knock_twice_right,18,0.797093,3.540536,8.731421,0.051401,0.037056,-0.022265
690415120.000,CC,recording,knock_twice_right,18,0.794143,3.504880,8.683108,0.044915,0.006641,-0.013815
690415130.000,CC,recording,knock_twice_right,18,0.831515,3.493562,8.666007,0.034189,-0.012024,-0.006809
690415140.000,CC,recording,knock_twice_right,18,0.898182,3.479253,8.654234,0.018387,-0.021302,-0.001557
690415150.000,CC,recording,knock_twice_right,18,0.912156,3.448658,8.725855,0.001642,-0.034236,-0.002932
690415160.000,CC,recording,knock_twice_right,18,1.059300,3.424269,8.971430,-0.005739,-0.060567,-0.016997
690415170.000,CC,recording,knock_twice_right,18,1.225978,3.406160,9.330337,0.013790,-0.106422,-0.041997
690415180.000,CC,recording,knock_twice_right,18,1.284300,3.446847,9.697481,0.072733,-0.157796,-0.071628
690415190.000,CC,recording,knock_twice_right,18,1.207983,3.294381,9.554620,0.147381,-0.212694,-0.100454
690415200.000,CC,recording,knock_twice_right,18,0.511049,3.262233,8.980036,0.200564,-0.277734,-0.107126
690415210.000,CC,recording,knock_twice_right,18,-1.058572,3.152379,7.855409,0.165812,-0.299993,-0.003545
690415220.000,CC,recording,knock_twice_right,18,-2.323244,2.918003,6.392906,0.007973,-0.279989,0.212871
690415230.000,CC,recording,knock_twice_right,18,-0.465297,3.143966,7.722884,-0.174150,-0.255086,0.415138
690415240.000,CC,recording,knock_twice_right,18,1.048413,3.436900,9.026623,-0.267724,-0.197220,0.503856
690415250.000,CC,recording,knock_twice_right,18,3.198790,3.407680,10.473113,-0.242539,-0.104591,0.451668
690415260.000,CC,recording,knock_twice_right,18,3.776568,3.601206,10.941243,-0.132641,-0.004827,0.298466
690415270.000,CC,recording,knock_twice_right,18,3.621281,3.630324,10.663939,-0.009198,0.085414,0.120443
690415280.000,CC,recording,knock_twice_right,18,2.764931,3.751753,10.161038,0.079105,0.171927,-0.027196
690415290.000,CC,recording,knock_twice_right,18,2.594096,3.909779,9.986472,0.125410,0.270338,-0.132602
690415300.000,CC,recording,knock_twice_right,18,2.316309,4.119593,9.816665,0.144657,0.381478,-0.206312
690415310.000,CC,recording,knock_twice_right,18,2.174932,3.792991,9.398300,0.137106,0.493773,-0.246305
690415320.000,CC,recording,knock_twice_right,18,0.862035,3.960041,8.482970,0.080922,0.583969,-0.226811
690415330.000,CC,recording,knock_twice_right,18,0.074772,3.927598,7.840115,-0.019550,0.619437,-0.147523
690415340.000,CC,recording,knock_twice_right,18,-0.182500,4.045885,8.053661,-0.117802,0.577577,-0.043504
690415350.000,CC,recording,knock_twice_right,18,0.248210,3.914624,8.431716,-0.164307,0.465729,0.035542
690415360.000,CC,recording,knock_twice_right,18,0.800847,3.849130,8.918671,-0.143284,0.308783,0.064123
690415370.000,CC,recording,knock_twice_right,18,1.264911,3.723795,9.200072,-0.071545,0.126723,0.040374
690415380.000,CC,recording,knock_twice_right,18,1.421418,3.638175,9.481499,0.035016,-0.073644,-0.016920
690415390.000,CC,recording,knock_twice_right,18,0.988383,3.582672,9.461193,0.153350,-0.267189,-0.065592
690415400.000,CC,recording,knock_twice_right,18,0.582744,3.467465,8.803497,0.242444,-0.420753,-0.080197
690415410.000,CC,recording,knock_twice_right,18,0.196048,3.380204,8.038666,0.267599,-0.521349,-0.054793
690415420.000,CC,recording,knock_twice_right,18,-1.353539,3.285914,6.669357,0.174212,-0.554824,0.071056
690415430.000,CC,recording,knock_twice_right,18,-1.640865,3.125064,5.958759,-0.028424,-0.537087,0.273381
690415440.000,CC,recording,knock_twice_right,18,0.894206,3.205230,7.989523,-0.214152,-0.482887,0.408422
690415450.000,CC,recording,knock_twice_right,18,2.766501,3.510305,9.623649,-0.284861,-0.373802,0.401279
690415460.000,CC,recording,knock_twice_right,18,4.267166,3.604544,11.039980,-0.229151,-0.219544,0.257322
690415470.000,CC,recording,knock_twice_right,18,4.593594,3.517456,11.457765,-0.097588,-0.053144,0.044060
690415480.000,CC,recording,knock_twice_right,18,3.532881,3.516391,10.985609,0.028532,0.105864,-0.151058
690415490.000,CC,recording,knock_twice_right,18,2.608595,3.652511,10.185340,0.100741,0.250330,-0.280642
690415500.000,CC,recording,knock_twice_right,18,1.778577,3.791995,9.570306,0.113031,0.369295,-0.339645
690415510.000,CC,recording,knock_twice_right,18,1.071522,3.577539,8.930187,0.071822,0.458083,-0.332576
690415520.000,CC,recording,knock_twice_right,18,0.088849,3.632801,8.251761,-0.009708,0.509614,-0.263746
690415530.000,CC,recording,knock_twice_right,18,-0.231711,3.571858,8.227441,-0.097626,0.504534,-0.159770
690415540.000,CC,recording,knock_twice_right,18,0.093809,3.633032,8.702733,-0.144982,0.437186,-0.069121
690415550.000,CC,recording,knock_twice_right,18,0.641490,3.565754,9.078514,-0.128865,0.330817,-0.026098
690415560.000,CC,recording,knock_twice_right,18,0.885386,3.518616,9.130222,-0.068449,0.212008,-0.025932
690415570.000,CC,recording,knock_twice_right,18,0.738287,3.486202,8.880785,-0.000880,0.094443,-0.039545
690415580.000,CC,recording,knock_twice_right,18,0.435987,3.524142,8.561423,0.041181,-0.010055,-0.039092
690415590.000,CC,recording,knock_twice_right,18,0.273867,3.515752,8.280909,0.043302,-0.089587,-0.016221
690415600.000,CC,recording,knock_twice_right,18,0.335258,3.522897,8.202442,0.010574,-0.140283,0.021690
690415610.000,CC,recording,knock_twice_right,18,0.556654,3.544794,8.362692,-0.038915,-0.162992,0.059762
690415620.000,CC,recording,knock_twice_right,18,0.913111,3.530134,8.711478,-0.083599,-0.159262,0.084141
690415630.000,CC,recording,knock_twice_right,18,1.238780,3.541524,9.010439,-0.112553,-0.138672,0.086301
690415640.000,CC,recording,knock_twice_right,18,1.364744,3.517352,9.208138,-0.123017,-0.120352,0.069841
690415650.000,CC,recording,knock_twice_right,18,1.229317,3.478672,9.344438,-0.116270,-0.114605,0.046693
690415660.000,CC,recording,knock_twice_right,18,1.180432,3.475779,9.463974,-0.097851,-0.110141,0.024725
690415670.000,CC,recording,knock_twice_right,18,1.240712,3.431241,9.486048,-0.076416,-0.096575,0.006347
690415680.000,CC,recording,knock_twice_right,18,1.181394,3.425989,9.453163,-0.059423,-0.080143,-0.007715
690415690.000,CC,recording,knock_twice_right,18,1.079941,3.385646,9.450041,-0.049543,-0.067347,-0.015458
690415700.000,CC,recording,knock_twice_right,18,1.015146,3.358268,9.420027,-0.042626,-0.054589,-0.017561
690415710.000,CC,recording,knock_twice_right,18,1.032646,3.348758,9.433045,-0.033672,-0.035720,-0.018332
690415720.000,CC,recording,knock_twice_right,18,1.089841,3.304325,9.416686,-0.023578,-0.012144,-0.021704
690415730.000,CC,recording,knock_twice_right,18,1.039509,3.275612,9.342316,-0.015153,0.009562,-0.024122
690415740.000,CC,recording,knock_twice_right,18,0.874915,3.281513,9.228252,-0.008684,0.023467,-0.020204
690415750.000,CC,recording,knock_twice_right,18,0.758743,3.286684,9.153217,-0.001964,0.025882,-0.010054
690415760.000,CC,recording,knock_twice_right,18,0.756576,3.308390,9.112529,0.006183,0.014604,0.003971
690415770.000,CC,recording,knock_twice_right,18,0.806817,3.357224,9.067360,0.013688,-0.005174,0.017284
690415780.000,CC,recording,knock_twice_right,18,0.934435,3.395310,9.008500,0.017532,-0.021974,0.026667
690415790.000,CC,recording,knock_twice_right,18,1.000693,3.422030,8.999542,0.017367,-0.032030,0.034643
690415800.000,CC,recording,knock_twice_right,18,1.025285,3.475218,8.991157,0.014087,-0.039333,0.042799
690415810.000,CC,recording,knock_twice_right,18,1.035288,3.530778,8.977141,0.008778,-0.047261,0.051670
690415820.000,CC,recording,knock_twice_right,18,1.100303,3.553737,9.004902,0.004010,-0.054359,0.059720
690415830.000,CC,recording,knock_twice_right,18,1.285304,3.570330,9.105767,0.002600,-0.054257,0.059632
690415840.000,CC,recording,knock_twice_right,18,1.601222,3.623127,9.185808,0.006773,-0.044746,0.045266
690415850.000,CC,recording,knock_twice_right,18,1.601963,3.678131,9.158168,0.011915,-0.033636,0.022683
690415860.000,CC,recording,knock_twice_right,18,1.463203,3.700356,9.058024,0.010370,-0.024044,0.002254
690415870.000,CC,recording,knock_twice_right,18,1.367606,3.665542,8.971899,0.002884,-0.017141,-0.012107
690415880.000,CC,recording,knock_twice_right,18,1.308294,3.627389,9.002921,-0.007152,-0.012551,-0.022009
690415890.000,CC,recording,knock_twice_right,18,1.385556,3.626374,9.105015,-0.014957,-0.005125,-0.033315
690415900.000,CC,recording,knock_twice_right,18,1.430079,3.595236,9.152858,-0.016486,0.005509,-0.048617
690415910.000,CC,recording,knock_twice_right,18,1.305290,3.551248,9.109593,-0.016507,0.014991,-0.061969
690415920.000,CC,recording,knock_twice_right,18,1.128834,3.494630,9.051373,-0.018011,0.018794,-0.067685
690415930.000,CC,recording,knock_twice_right,18,0.946235,3.447752,9.011417,-0.020024,0.012848,-0.064760
690415940.000,CC,recording,knock_twice_right,18,0.828861,3.402629,8.999793,-0.023098,-0.003430,-0.055017
690415950.000,CC,recording,knock_twice_right,18,0.877511,3.388097,9.078171,-0.025637,-0.021479,-0.044636
690415960.000,CC,recording,knock_twice_right,18,1.059873,3.374448,9.196738,-0.023375,-0.030530,-0.039206
690415970.000,CC,recording,knock_twice_right,18,1.069592,3.343261,9.250516,-0.016044,-0.029600,-0.037006
690415980.000,CC,recording,knock_twice_right,18,0.968549,3.356593,9.216685,-0.009363,-0.024045,-0.031876
690415990.000,CC,recording,knock_twice_right,18,0.884672,3.352793,9.118380,-0.007275,-0.017481,-0.020686
690416000.000,CC,recording,knock_twice_right,18,0.870035,3.392706,9.103868,-0.007261,-0.013941,-0.007528
690416010.000,CC,recording,knock_twice_right,18,1.040633,3.434688,9.188824,-0.005152,-0.012750,-0.001918
690416020.000,CC,recording,knock_twice_right,18,1.230063,3.464751,9.236625,-0.000719,-0.009831,-0.007762
690416030.000,CC,recording,knock_twice_right,18,1.160214,3.454383,9.227423,0.004127,-0.005996,-0.017182
690416040.000,CC,recording,knock_twice_right,18,0.996691,3.442827,9.162477,0.007695,-0.003652,-0.020858
690416050.000,CC,recording,knock_twice_right,18,0.858814,3.423088,9.096681,0.008667,-0.004361,-0.017233
690416060.000,CC,recording,knock_twice_right,18,0.881012,3.443409,9.069134,0.008372,-0.007867,-0.010254
690416070.000,CC,recording,knock_twice_right,18,0.955493,3.446556,9.061459,0.008617,-0.012016,-0.003541
690416080.000,CC,recording,knock_twice_right,18,0.991260,3.462606,9.071622,0.010086,-0.015486,0.001662
690416090.000,CC,recording,knock_twice_right,18,1.029043,3.478175,9.064930,0.011514,-0.015491,0.004491
690416100.000,CC,recording,knock_twice_right,18,1.093782,3.481067,9.057775,0.010739,-0.010035,0.003474
690416110.000,CC,recording,knock_twice_right,18,1.145493,3.505232,9.040339,0.007289,-0.001768,-0.001016
690416120.000,CC,recording,knock_twice_right,18,1.063141,3.496487,8.989905,0.000935,0.004102,-0.005264
690416130.000,CC,recording,knock_twice_right,18,0.965602,3.475931,8.975807,-0.005523,0.004096,-0.004664
690416140.000,CC,recording,knock_twice_right,18,0.928930,3.436017,9.014196,-0.009392,-0.001356,-0.000464
690416150.000,CC,recording,knock_twice_right,18,0.961510,3.413429,9.090177,-0.010855,-0.008576,0.004605
690416160.000,CC,recording,knock_twice_right,18,0.999232,3.407337,9.111045,-0.008643,-0.013774,0.010576
690416170.000,CC,recording,knock_twice_right,18,1.012999,3.421101,9.082662,-0.004759,-0.018698,0.016359
690416180.000,CC,recording,knock_twice_right,18,1.027899,3.424473,9.037442,-0.004085,-0.023363,0.020379
690416190.000,CC,recording,knock_twice_right,18,1.018920,3.420289,9.038627,-0.007192,-0.027041,0.022774
690416200.000,CC,recording,knock_twice_right,18,1.097441,3.439168,9.037589,-0.014480,-0.031113,0.025635
690416210.000,CC,recording,knock_twice_right,18,1.156242,3.456292,9.047518,-0.023082,-0.028142,0.028005
690416220.000,CC,recording,knock_twice_right,18,1.212082,3.431582,9.143320,-0.027717,-0.017567,0.026925
690416230.000,CC,recording,knock_twice_right,18,1.260956,3.460646,9.235725,-0.026374,-0.009147,0.021915
690416240.000,CC,recording,knock_twice_right,18,1.273272,3.456458,9.290592,-0.018478,-0.001698,0.015067
690416250.000,CC,recording,knock_twice_right,18,1.318427,3.450402,9.260062,-0.008803,0.006993,0.007547
690416260.000,CC,recording,knock_twice_right,18,1.224510,3.454965,9.173276,-0.002113,0.012548,0.002246
690416270.000,CC,recording,knock_twice_right,18,1.158475,3.480918,9.116318,0.000504,0.014256,0.001491
690416280.000,CC,recording,knock_twice_right,18,1.175860,3.487185,9.077031,-0.000793,0.013006,0.002393
690416290.000,CC,recording,knock_twice_right,18,1.240165,3.496360,9.091280,-0.003414,0.011284,0.001228
690416300.000,CC,recording,knock_twice_right,18,1.219487,3.475053,9.081296,-0.003887,0.010637,-0.001953
690416310.000,CC,recording,knock_twice_right,18,1.166069,3.485380,9.092271,-0.003307,0.008453,-0.003848
690416320.000,CC,recording,knock_twice_right,18,1.167533,3.488811,9.083908,-0.002939,0.004283,-0.004608
690416330.000,CC,recording,knock_twice_right,18,1.210405,3.479466,9.095432,-0.001545,-0.000620,-0.007166
690416340.000,CC,recording,knock_twice_right,18,1.193079,3.489078,9.068318,-0.000402,-0.005529,-0.010806
690416350.000,CC,recording,knock_twice_right,18,1.190364,3.484744,9.045073,-0.001610,-0.008131,-0.014056
690416360.000,CC,recording,knock_twice_right,18,1.219608,3.483204,9.019913,-0.005802,-0.005455,-0.016709
690416370.000,CC,recording,knock_twice_right,18,1.213455,3.483722,9.005626,-0.012357,0.000109,-0.018551
690416380.000,CC,recording,knock_twice_right,18,1.135404,3.467525,9.059781,-0.018836,0.004558,-0.019191
690416390.000,CC,recording,knock_twice_right,18,1.130727,3.419756,9.123472,-0.020960,0.006457,-0.017149
690416400.000,CC,recording,knock_twice_right,18,1.124655,3.421149,9.182278,-0.015762,0.004672,-0.013222
690416410.000,CC,recording,knock_twice_right,18,1.142305,3.434490,9.182196,-0.005393,-0.000946,-0.011950
690416420.000,CC,recording,knock_twice_right,18,1.175112,3.449407,9.153003,0.005091,-0.008098,-0.014438
690416430.000,CC,recording,knock_twice_right,18,1.156704,3.433468,9.078619,0.011307,-0.014248,-0.017678
690416440.000,CC,recording,knock_twice_right,18,1.144257,3.461669,9.026451,0.009570,-0.016362,-0.020893
690416450.000,CC,recording,knock_twice_right,18,1.143844,3.460450,9.006643,0.000707,-0.011478,-0.024091
690416460.000,CC,recording,knock_twice_right,18,1.091151,3.446457,9.036808,-0.012242,-0.000568,-0.025055
690416470.000,CC,recording,knock_twice_right,18,1.069329,3.408322,9.093663,-0.025744,0.012353,-0.022504
690416480.000,CC,recording,knock_twice_right,18,1.026726,3.378156,9.172529,-0.033406,0.021835,-0.016748
690416490.000,CC,recording,knock_twice_right,18,1.008504,3.343530,9.258536,-0.030183,0.024870,-0.009104
690416500.000,CC,recording,knock_twice_right,18,1.077555,3.348033,9.308210,-0.019421,0.020220,-0.004610
690416510.000,CC,recording,knock_twice_right,18,1.119701,3.374297,9.216604,-0.006744,0.011893,-0.004958
690416520.000,CC,recording,knock_twice_right,18,1.056644,3.396563,9.148156,0.005038,0.005421,-0.006699
690416530.000,CC,recording,knock_twice_right,18,1.031808,3.374055,9.072181,0.010429,-0.001151,-0.006673
690416540.000,CC,recording,knock_twice_right,18,0.965109,3.419917,8.995251,0.007699,-0.004262,-0.003906
690416550.000,CC,recording,knock_twice_right,18,1.071263,3.380884,9.001941,0.001345,0.001798,-0.002368
690416560.000,CC,recording,knock_twice_right,18,1.188955,3.403555,9.048716,-0.005789,0.012434,-0.004294
690416570.000,CC,recording,knock_twice_right,18,1.087329,3.416517,9.044326,-0.011125,0.020915,-0.005750
690416580.000,CC,recording,knock_twice_right,18,1.015970,3.384273,9.010696,-0.014694,0.021806,-0.003096
690416590.000,CC,recording,knock_twice_right,18,0.945497,3.371783,8.997141,-0.015170,0.012840,0.002565
690416600.000,CC,recording,knock_twice_right,18,0.958353,3.369883,9.027739,-0.012293,0.000704,0.008361
690416610.000,CC,recording,knock_twice_right,18,1.085488,3.397044,9.063097,-0.010133,-0.005154,0.010899
690416620.000,CC,recording,knock_twice_right,18,1.208642,3.454986,9.070881,-0.010431,-0.003613,0.007816
690416630.000,CC,recording,knock_twice_right,18,1.194825,3.463419,9.022443,-0.015374,0.000749,0.002008
690416640.000,CC,recording,knock_twice_right,18,1.120681,3.447638,9.008011,-0.025308,0.003012,-0.001036
690416650.000,CC,recording,knock_twice_right,18,1.023956,3.425505,9.059340,-0.033891,0.000144,0.000274
690416660.000,CC,recording,knock_twice_right,18,0.995636,3.420315,9.176639,-0.034138,-0.008505,0.004700
690416670.000,CC,recording,knock_twice_right,18,1.076688,3.438312,9.231922,-0.025455,-0.018233,0.009118
690416680.000,CC,recording,knock_twice_right,18,1.181368,3.415332,9.283591,-0.012385,-0.022648,0.009137
690416690.000,CC,recording,knock_twice_right,18,1.267980,3.440713,9.294842,0.000405,-0.021507,0.005570
690416700.000,CC,recording,knock_twice_right,18,1.290042,3.460759,9.238994,0.009069,-0.015333,0.000590
690416710.000,CC,recording,knock_twice_right,18,1.249659,3.487744,9.098910,0.009154,-0.007255,-0.004415
690416720.000,CC,recording,knock_twice_right,18,1.185049,3.521235,9.044908,0.000418,-0.003076,-0.007555
690416730.000,CC,recording,knock_twice_right,18,1.153548,3.507131,9.078478,-0.010445,-0.001697,-0.008721
690416740.000,CC,recording,knock_twice_right,18,1.163410,3.472709,9.196190,-0.015263,0.000275,-0.008870
690416750.000,CC,recording,knock_twice_right,18,1.197565,3.457020,9.239712,-0.011985,0.003228,-0.009362
690416760.000,CC,recording,knock_twice_right,18,1.214337,3.480781,9.227939,-0.004333,0.004649,-0.012192
690416770.000,CC,recording,knock_twice_right,18,1.164156,3.492737,9.149977,0.002334,0.001673,-0.015998
690416780.000,CC,recording,knock_twice_right,18,1.123093,3.506914,9.097463,0.005905,-0.003694,-0.019082
690416790.000,CC,recording,knock_twice_right,18,1.119292,3.473836,9.081781,0.007432,-0.008235,-0.022344
690416800.000,CC,recording,knock_twice_right,18,1.152670,3.487973,9.041945,0.005808,-0.009747,-0.026125
690416810.000,CC,recording,knock_twice_right,18,1.125658,3.463993,9.025404,-0.000172,-0.007422,-0.028696
690416820.000,CC,recording,knock_twice_right,18,1.059523,3.424507,9.049830,-0.007861,-0.003245,-0.028394
690416830.000,CC,recording,knock_twice_right,18,1.003740,3.395343,9.105272,-0.013053,0.001343,-0.024884
690416840.000,CC,recording,knock_twice_right,18,0.984038,3.357998,9.135144,-0.014438,0.005060,-0.019415
690416850.000,CC,recording,knock_twice_right,18,0.998008,3.372666,9.173202,-0.011239,0.006414,-0.015571
690416860.000,CC,recording,knock_twice_right,18,1.072787,3.381070,9.173581,-0.004280,0.005823,-0.014554
690416870.000,CC,recording,knock_twice_right,18,1.047756,3.381889,9.137137,0.001545,0.003088,-0.015584
690416880.000,CC,recording,knock_twice_right,18,0.983140,3.394405,9.085523,0.003386,-0.001349,-0.017080
690416890.000,CC,recording,knock_twice_right,18,0.919139,3.374264,9.054649,0.002628,-0.005398,-0.015405
690416900.000,CC,recording,knock_twice_right,18,0.898426,3.355215,9.067152,0.000997,-0.007438,-0.009571
690416910.000,CC,recording,knock_twice_right,18,0.924232,3.346352,9.080582,-0.000913,-0.006528,-0.001765
690416920.000,CC,recording,knock_twice_right,18,0.929059,3.360003,9.070636,-0.001712,-0.005191,0.006017
690416930.000,CC,recording,knock_twice_right,18,0.971160,3.347720,9.069722,-0.000246,-0.008005,0.012104
690416940.000,CC,recording,knock_twice_right,18,0.991169,3.346718,9.073910,0.001812,-0.013318,0.015378
690416950.000,CC,recording,knock_twice_right,18,1.014160,3.372281,9.049458,0.001426,-0.013613,0.016774
690416960.000,CC,recording,knock_twice_right,18,1.054202,3.379200,9.036887,-0.003847,-0.007520,0.017591
690416970.000,CC,recording,knock_twice_right,18,1.067707,3.406498,9.033561,-0.013486,0.000145,0.017241
690416980.000,CC,recording,knock_twice_right,18,1.034126,3.397796,9.012773,-0.025053,0.009749,0.017146
690416990.000,CC,recording,knock_twice_right,18,1.052467,3.374184,9.076509,-0.034344,0.018864,0.018423
690417000.000,CC,recording,knock_twice_right,18,1.077443,3.406017,9.147536,-0.037443,0.020583,0.018281
690417010.000,CC,recording,knock_twice_right,18,1.111588,3.397894,9.178422,-0.034318,0.016496,0.015715
690417020.000,CC,recording,knock_twice_right,18,1.119545,3.378510,9.207302,-0.027250,0.009796,0.012571
690417030.000,CC,recording,knock_twice_right,18,1.094664,3.373383,9.210085,-0.019369,0.000528,0.012137
690417040.000,CC,recording,knock_twice_right,18,1.054960,3.395347,9.208603,-0.013170,-0.009687,0.013796
690417050.000,CC,recording,knock_twice_right,18,1.067879,3.393714,9.181897,-0.008625,-0.011703,0.015862
690417060.000,CC,recording,knock_twice_right,18,1.173253,3.370769,9.237505,-0.004374,-0.001391,0.018958
690417070.000,CC,recording,knock_twice_right,18,1.225021,3.367082,9.254439,-0.000638,0.014009,0.020757
690417080.000,CC,recording,knock_twice_right,18,1.170745,3.408953,9.276888,0.003783,0.029265,0.020994
690417090.000,CC,recording,knock_twice_right,18,1.149371,3.376771,9.199814,0.008495,0.038515,0.020456
690417100.000,CC,recording,knock_twice_right,18,1.148971,3.410640,9.154570,0.012495,0.038395,0.018361
690417110.000,CC,recording,knock_twice_right,18,1.132069,3.426403,9.147647,0.017263,0.030728,0.014548
690417120.000,CC,recording,knock_twice_right,18,1.149500,3.435329,9.157972,0.021684,0.019411,0.011340
690417130.000,CC,recording,knock_twice_right,18,1.163012,3.450261,9.153650,0.024704,0.010330,0.009519
690417140.000,CC,recording,knock_twice_right,18,1.200896,3.454847,9.117998,0.026621,0.006395,0.007216
690417150.000,CC,recording,knock_twice_right,18,1.257368,3.465273,9.093448,0.026790,0.008165,0.003381
690417160.000,CC,recording,knock_twice_right,18,1.243015,3.482172,9.040684,0.023917,0.013724,-0.001564
690417170.000,CC,recording,knock_twice_right,18,1.230811,3.488079,8.999507,0.017284,0.018307,-0.008048
690417180.000,CC,recording,knock_twice_right,18,1.217581,3.477881,8.966076,0.007601,0.019264,-0.016417
690417190.000,CC,recording,knock_twice_right,18,1.142686,3.440787,8.986658,-0.002844,0.017070,-0.022334
690417200.000,CC,recording,knock_twice_right,18,1.061574,3.420999,9.040647,-0.010924,0.011852,-0.023340
690417210.000,CC,recording,knock_twice_right,18,1.013714,3.389969,9.109161,-0.013143,0.003744,-0.020551
690417220.000,CC,recording,knock_twice_right,18,1.040500,3.351531,9.173971,-0.008596,-0.003616,-0.015942
690417230.000,CC,recording,knock_twice_right,18,1.078734,3.350776,9.198914,0.000308,-0.008840,-0.011836
690417240.000,CC,recording,knock_twice_right,18,1.086713,3.353724,9.231032,0.011687,-0.012610,-0.009513
690417250.000,CC,recording,knock_twice_right,18,1.082286,3.368082,9.180114,0.021966,-0.014728,-0.009001
690417260.000,CC,recording,knock_twice_right,18,1.073826,3.389994,9.080197,0.026473,-0.015909,-0.008668
690417270.000,CC,recording,knock_twice_right,18,1.028844,3.420336,9.044533,0.023874,-0.016953,-0.007720
690417280.000,CC,recording,knock_twice_right,18,1.027426,3.428987,9.044630,0.015461,-0.016018,-0.005891
690417290.000,CC,recording,knock_twice_right,18,1.077659,3.427356,9.023951,0.002910,-0.010753,-0.003577
690417300.000,CC,recording,knock_twice_right,18,1.020409,3.414584,9.023469,-0.010414,-0.003919,-0.002053
690417310.000,CC,recording,knock_twice_right,18,1.008976,3.438935,9.093177,-0.019010,0.000516,-0.001106
690417320.000,CC,recording,knock_twice_right,18,1.009552,3.405847,9.181550,-0.020422,0.000291,-0.000416
690417330.000,CC,recording,knock_twice_right,18,1.015739,3.392244,9.247836,-0.013352,-0.006603,0.001166
690417340.000,CC,recording,knock_twice_right,18,1.021911,3.379871,9.289096,0.000837,-0.018053,0.003398
690417350.000,CC,recording,knock_twice_right,18,1.038033,3.365553,9.263033,0.016867,-0.029813,0.004140
690417360.000,CC,recording,knock_twice_right,18,1.011572,3.370418,9.189463,0.029447,-0.039978,0.004303
690417370.000,CC,recording,knock_twice_right,18,1.028616,3.389671,9.087854,0.032648,-0.044688,0.005127
690417380.000,CC,recording,knock_twice_right,18,1.046604,3.380829,9.014919,0.025677,-0.038514,0.006400
690417390.000,CC,recording,knock_twice_right,18,1.074995,3.372310,9.006164,0.012372,-0.023402,0.008116
690417400.000,CC,recording,knock_twice_right,18,1.097157,3.400340,9.062147,-0.002255,-0.005985,0.009573
690417410.000,CC,recording,knock_twice_right,18,1.088400,3.400191,9.111409,-0.012322,0.007833,0.010054
690417420.000,CC,recording,knock_twice_right,18,1.067610,3.393682,9.158714,-0.013790,0.012923,0.010684
690417430.000,CC,recording,knock_twice_right,18,1.041076,3.389472,9.167019,-0.005811,0.007561,0.011816
690417440.000,CC,recording,knock_twice_right,18,1.049042,3.408856,9.176855,0.006718,-0.005444,0.012477
690417450.000,CC,recording,knock_twice_right,18,1.085852,3.413918,9.128882,0.016490,-0.019607,0.011263
690417460.000,CC,recording,knock_twice_right,18,1.083983,3.411143,9.063869,0.019957,-0.027360,0.010606
690417470.000,CC,recording,knock_twice_right,18,1.068706,3.424724,9.008244,0.015816,-0.024608,0.013401
690417480.000,CC,recording,knock_twice_right,18,1.094764,3.438383,9.003021,0.005259,-0.013177,0.017076
690417490.000,CC,recording,knock_twice_right,18,1.160139,3.449612,9.045895,-0.005762,-0.000231,0.018047
690417500.000,CC,recording,knock_twice_right,19,1.169770,3.462324,9.139495,-0.011514,0.006900,0.015938
690417510.000,CC,recording,knock_twice_right,19,1.161591,3.438261,9.222090,-0.009127,0.006126,0.012482
690417520.000,CC,recording,knock_twice_right,19,1.158269,3.425420,9.252360,0.001066,-0.001637,0.009550
690417530.000,CC,recording,knock_twice_right,19,1.119847,3.438790,9.230396,0.013566,-0.013515,0.008090
690417540.000,CC,recording,knock_twice_right,19,1.132850,3.454197,9.171558,0.021328,-0.021960,0.007744
690417550.000,CC,recording,knock_twice_right,19,1.188727,3.464880,9.104346,0.022510,-0.022381,0.008169
690417560.000,CC,recording,knock_twice_right,19,1.201896,3.477830,9.078793,0.018664,-0.016628,0.008221
690417570.000,CC,recording,knock_twice_right,19,1.200315,3.497602,9.075047,0.012112,-0.008726,0.007680
690417580.000,CC,recording,knock_twice_right,19,1.215963,3.514827,9.060359,0.005138,-0.002140,0.005585
690417590.000,CC,recording,knock_twice_right,19,1.240693,3.506298,9.097550,0.000706,0.001874,0.001524
690417600.000,CC,recording,knock_twice_right,19,1.238159,3.482677,9.121434,0.000174,0.002972,-0.002837
690417610.000,CC,recording,knock_twice_right,19,1.194208,3.461699,9.132021,0.000602,0.002466,-0.006891
690417620.000,CC,recording,knock_twice_right,19,1.191868,3.456691,9.143901,0.001097,0.003061,-0.011255
690417630.000,CC,recording,knock_twice_right,19,1.197826,3.466856,9.129683,0.001369,0.007806,-0.015365
690417640.000,CC,recording,knock_twice_right,19,1.113833,3.424920,9.079425,0.000478,0.013097,-0.016517
690417650.000,CC,recording,knock_twice_right,19,1.039292,3.398025,9.092238,-0.000379,0.013116,-0.013735
690417660.000,CC,recording,knock_twice_right,19,0.993189,3.386429,9.088016,0.000684,0.006924,-0.008068
690417670.000,CC,recording,knock_twice_right,19,0.996059,3.364214,9.124384,0.006490,-0.003523,-0.001524
690417680.000,CC,recording,knock_twice_right,19,1.006513,3.363304,9.145800,0.016162,-0.015244,0.003250
690417690.000,CC,recording,knock_twice_right,19,1.005209,3.365993,9.100530,0.023687,-0.024288,0.005516
690417700.000,CC,recording,knock_twice_right,19,1.061578,3.389801,9.022955,0.024551,-0.027458,0.005951
690417710.000,CC,recording,knock_twice_right,19,1.052706,3.420881,9.014471,0.018950,-0.027164,0.005487
690417720.000,CC,recording,knock_twice_right,19,1.081921,3.427431,9.028929,0.010029,-0.022234,0.005922
690417730.000,CC,recording,knock_twice_right,19,1.080671,3.385487,9.011354,0.000542,-0.011809,0.007285
690417740.000,CC,recording,knock_twice_right,19,1.070207,3.383479,9.077753,-0.005774,-0.001413,0.008862
690417750.000,CC,recording,knock_twice_right,19,1.047721,3.371219,9.146441,-0.005690,0.003455,0.011194
690417760.000,CC,recording,knock_twice_right,19,1.031101,3.367506,9.148504,-0.000142,0.000844,0.014536
690417770.000,CC,recording,knock_twice_right,19,0.995368,3.342642,9.130263,0.008606,-0.007402,0.019170
690417780.000,CC,recording,knock_twice_right,19,0.982647,3.353134,9.122975,0.017802,-0.019585,0.024271
690417790.000,CC,recording,knock_twice_right,19,1.029857,3.399456,9.112399,0.025176,-0.032439,0.028264
690417800.000,CC,recording,knock_twice_right,19,1.096522,3.410453,9.069321,0.029097,-0.039032,0.030226
690417810.000,CC,recording,knock_twice_right,19,1.135189,3.424804,9.061595,0.026276,-0.036178,0.030034
690417820.000,CC,recording,knock_twice_right,19,1.161970,3.447278,9.061745,0.018199,-0.025334,0.029430
690417830.000,CC,recording,knock_twice_right,19,1.165035,3.446591,9.089837,0.008893,-0.010004,0.030116
690417840.000,CC,recording,knock_twice_right,19,1.149934,3.461196,9.124608,0.000691,0.003794,0.031160
690417850.000,CC,recording,knock_twice_right,19,1.162817,3.460736,9.175063,-0.003524,0.012553,0.030720
690417860.000,CC,recording,knock_twice_right,19,1.141083,3.445628,9.219677,-0.002004,0.014595,0.028782
690417870.000,CC,recording,knock_twice_right,19,1.151168,3.448884,9.245545,0.004449,0.010653,0.027346
690417880.000,CC,recording,knock_twice_right,19,1.155958,3.446959,9.251825,0.013894,0.004431,0.026950
690417890.000,CC,recording,knock_twice_right,19,1.176780,3.436224,9.253733,0.024924,0.000481,0.027849
690417900.000,CC,recording,knock_twice_right,19,1.174898,3.446695,9.234916,0.036178,-0.000512,0.030219
690417910.000,CC,recording,knock_twice_right,19,1.204047,3.490663,9.168726,0.044404,-0.001708,0.031159
690417920.000,CC,recording,knock_twice_right,19,1.207741,3.483291,9.099445,0.049096,-0.005709,0.029910
690417930.000,CC,recording,knock_twice_right,19,1.218390,3.482997,9.050087,0.051957,-0.013419,0.027002
690417940.000,CC,recording,knock_twice_right,19,1.253994,3.489841,9.040468,0.053312,-0.022693,0.022548
690417950.000,CC,recording,knock_twice_right,19,1.277840,3.491856,8.997781,0.053116,-0.031220,0.018014
690417960.000,CC,recording,knock_twice_right,19,1.267815,3.504959,8.972880,0.052345,-0.037374,0.013890
690417970.000,CC,recording,knock_twice_right,19,1.307527,3.486938,8.977311,0.050654,-0.043578,0.005275
690417980.000,CC,recording,knock_twice_right,19,1.494419,3.507235,8.979195,0.048638,-0.054683,-0.015882
690417990.000,CC,recording,knock_twice_right,19,1.562244,3.552132,9.037546,0.053766,-0.071737,-0.043706
690418000.000,CC,recording,knock_twice_right,19,1.386106,3.505833,9.028997,0.064740,-0.090926,-0.067742
690418010.000,CC,recording,knock_twice_right,19,1.380673,3.407598,8.949689,0.075623,-0.115471,-0.086082
690418020.000,CC,recording,knock_twice_right,19,1.180464,3.402207,9.019339,0.090218,-0.151917,-0.098201
690418030.000,CC,recording,knock_twice_right,19,0.915817,3.279488,9.082767,0.117975,-0.207661,-0.103451
690418040.000,CC,recording,knock_twice_right,19,-0.544547,3.098193,8.976141,0.158125,-0.284009,-0.026047
690418050.000,CC,recording,knock_twice_right,19,-2.234903,3.034969,8.232724,0.160155,-0.342896,0.157919
690418060.000,CC,recording,knock_twice_right,19,-0.076714,2.890799,7.655741,0.084993,-0.383578,0.340398
690418070.000,CC,recording,knock_twice_right,19,0.613817,3.296697,8.020844,-0.008769,-0.420407,0.433356
690418080.000,CC,recording,knock_twice_right,19,2.675219,3.505225,9.158148,-0.054089,-0.406583,0.414241
690418090.000,CC,recording,knock_twice_right,19,3.354098,3.633325,9.797090,-0.039414,-0.324799,0.306112
690418100.000,CC,recording,knock_twice_right,19,3.828850,3.822110,10.252085,0.008933,-0.196835,0.153650
690418110.000,CC,recording,knock_twice_right,19,3.685586,3.834407,10.026447,0.047905,-0.034842,-0.000294
690418120.000,CC,recording,knock_twice_right,19,3.526850,3.861840,9.860252,0.059036,0.153135,-0.141688
690418130.000,CC,recording,knock_twice_right,19,3.272416,3.976787,9.741364,0.047377,0.342807,-0.259438
690418140.000,CC,recording,knock_twice_right,19,2.553346,3.847277,9.608564,0.031361,0.486614,-0.352790
690418150.000,CC,recording,knock_twice_right,19,1.471573,3.311324,9.488900,0.034791,0.567956,-0.370674
690418160.000,CC,recording,knock_twice_right,19,-0.483743,3.889828,8.847407,0.024450,0.575949,-0.266093
690418170.000,CC,recording,knock_twice_right,19,-0.672966,3.909713,8.019513,-0.027052,0.481056,-0.113501
690418180.000,CC,recording,knock_twice_right,19,-0.147934,3.817757,8.498674,-0.069095,0.320557,0.008461
690418190.000,CC,recording,knock_twice_right,19,0.859826,3.758861,9.028467,-0.063109,0.173324,0.069981
690418200.000,CC,recording,knock_twice_right,19,1.609654,3.661498,9.099506,-0.018699,0.063087,0.056920
690418210.000,CC,recording,knock_twice_right,19,1.907290,3.650346,9.205692,0.044363,-0.045753,-0.008011
690418220.000,CC,recording,knock_twice_right,19,1.379569,3.635911,9.128720,0.118160,-0.168642,-0.075282
690418230.000,CC,recording,knock_twice_right,19,0.806666,3.526778,8.725318,0.185177,-0.282358,-0.112070
690418240.000,CC,recording,knock_twice_right,19,0.553058,3.390325,8.264859,0.219600,-0.377715,-0.108168
690418250.000,CC,recording,knock_twice_right,19,0.241176,3.428699,7.975222,0.213205,-0.472393,-0.065035
690418260.000,CC,recording,knock_twice_right,19,-0.222604,3.430098,7.678104,0.166038,-0.548164,0.021505
690418270.000,CC,recording,knock_twice_right,19,-0.181554,3.462819,7.357090,0.067914,-0.571745,0.137085
690418280.000,CC,recording,knock_twice_right,19,1.294327,3.381699,8.128254,-0.043885,-0.538770,0.216845
690418290.000,CC,recording,knock_twice_right,19,2.519103,3.642777,9.575176,-0.103984,-0.437284,0.220836
690418300.000,CC,recording,knock_twice_right,19,3.194813,3.708189,10.080503,-0.110092,-0.267863,0.159707
690418310.000,CC,recording,knock_twice_right,19,3.292746,3.461038,10.294346,-0.091212,-0.067092,0.066824
690418320.000,CC,recording,knock_twice_right,19,2.426887,3.323352,10.079530,-0.067432,0.117406,-0.003739
690418330.000,CC,recording,knock_twice_right,19,1.338203,3.445281,9.601871,-0.062082,0.251753,-0.008516
690418340.000,CC,recording,knock_twice_right,19,0.915836,3.568859,9.287623,-0.075843,0.316414,0.033851
690418350.000,CC,recording,knock_twice_right,19,1.145612,3.540696,9.411141,-0.080942,0.310737,0.072849
690418360.000,CC,recording,knock_twice_right,19,1.459411,3.654118,9.655679,-0.059239,0.260804,0.083714
690418370.000,CC,recording,knock_twice_right,19,1.717735,3.597903,9.753801,-0.006760,0.207350,0.066278
690418380.000,CC,recording,knock_twice_right,19,1.766524,3.532733,9.704888,0.061273,0.171055,0.035739
690418390.000,CC,recording,knock_twice_right,19,1.563544,3.581524,9.363255,0.117441,0.148791,0.006985
690418400.000,CC,recording,knock_twice_right,19,1.347381,3.651979,9.017281,0.147309,0.141566,-0.009274
690418410.000,CC,recording,knock_twice_right,19,1.233995,3.667399,8.689614,0.146308,0.148451,-0.010822
690418420.000,CC,recording,knock_twice_right,19,1.123207,3.674406,8.480805,0.120822,0.155142,-0.002259
690418430.000,CC,recording,knock_twice_right,19,1.132349,3.760145,8.503858,0.089526,0.149555,0.009747
690418440.000,CC,recording,knock_twice_right,19,1.135652,3.764151,8.590563,0.065495,0.126034,0.019614
690418450.000,CC,recording,knock_twice_right,19,1.187769,3.739132,8.629323,0.051786,0.088741,0.023495
690418460.000,CC,recording,knock_twice_right,19,1.294996,3.803418,8.708867,0.047665,0.048813,0.019584
690418470.000,CC,recording,knock_twice_right,19,1.394730,3.749097,8.705315,0.047018,0.016848,0.009119
690418480.000,CC,recording,knock_twice_right,19,1.366942,3.775615,8.573922,0.040416,-0.000262,-0.002107
690418490.000,CC,recording,knock_twice_right,19,1.246292,3.742564,8.466658,0.023300,-0.006311,-0.007506
690418500.000,CC,recording,knock_twice_right,19,1.198635,3.725413,8.447575,-0.001987,-0.006454,-0.008587
690418510.000,CC,recording,knock_twice_right,19,1.315798,3.712711,8.556309,-0.027990,-0.000761,-0.012483
690418520.000,CC,recording,knock_twice_right,19,1.449531,3.682460,8.634003,-0.051663,0.009180,-0.022290
690418530.000,CC,recording,knock_twice_right,19,1.456880,3.638587,8.740922,-0.073932,0.018138,-0.034939
690418540.000,CC,recording,knock_twice_right,19,1.331189,3.578377,8.830396,-0.091640,0.024887,-0.044884
690418550.000,CC,recording,knock_twice_right,19,1.224270,3.481459,8.987015,-0.098703,0.028486,-0.049480
690418560.000,CC,recording,knock_twice_right,19,1.176733,3.411493,9.155436,-0.092405,0.026782,-0.049040
690418570.000,CC,recording,knock_twice_right,19,1.165112,3.381762,9.211890,-0.078046,0.019735,-0.045275
690418580.000,CC,recording,knock_twice_right,19,1.051859,3.349269,9.128551,-0.062689,0.007689,-0.036724
690418590.000,CC,recording,knock_twice_right,19,0.942988,3.326736,9.075046,-0.049843,-0.005249,-0.021109
690418600.000,CC,recording,knock_twice_right,19,0.885435,3.315324,9.068704,-0.038620,-0.019083,-0.000019
690418610.000,CC,recording,knock_twice_right,19,0.898102,3.353627,9.105350,-0.026311,-0.035797,0.022965
690418620.000,CC,recording,knock_twice_right,19,1.089892,3.433356,9.110380,-0.015333,-0.049788,0.038319
690418630.000,CC,recording,knock_twice_right,19,1.383257,3.537182,9.079896,-0.008979,-0.049042,0.039138
690418640.000,CC,recording,knock_twice_right,19,1.528703,3.566036,9.073603,-0.008931,-0.030498,0.030844
690418650.000,CC,recording,knock_twice_right,19,1.431689,3.595138,9.057713,-0.015120,-0.008891,0.024841
690418660.000,CC,recording,knock_twice_right,19,1.310424,3.627179,8.978642,-0.026089,0.004982,0.026184
690418670.000,CC,recording,knock_twice_right,19,1.344635,3.636015,9.008152,-0.036148,0.012786,0.028546
690418680.000,CC,recording,knock_twice_right,19,1.508271,3.665713,9.138665,-0.036519,0.019354,0.025222
690418690.000,CC,recording,knock_twice_right,19,1.614067,3.698525,9.199383,-0.027185,0.023818,0.014215
690418700.000,CC,recording,knock_twice_right,19,1.519918,3.705750,9.129947,-0.016956,0.023915,0.001256
690418710.000,CC,recording,knock_twice_right,19,1.417637,3.728989,8.992924,-0.013146,0.020925,-0.007185
690418720.000,CC,recording,knock_twice_right,19,1.375523,3.681520,8.987352,-0.014478,0.016556,-0.012026
690418730.000,CC,recording,knock_twice_right,19,1.385359,3.677669,9.007359,-0.016444,0.013370,-0.015998
690418740.000,CC,recording,knock_twice_right,19,1.421098,3.653395,9.006210,-0.018439,0.011620,-0.020321
690418750.000,CC,recording,knock_twice_right,19,1.359191,3.615431,9.003089,-0.021509,0.011337,-0.022937
690418760.000,CC,recording,knock_twice_right,19,1.289563,3.587186,8.984939,-0.026030,0.010863,-0.021571
690418770.000,CC,recording,knock_twice_right,19,1.258060,3.560265,9.036491,-0.028112,0.008793,-0.017863
690418780.000,CC,recording,knock_twice_right,19,1.352272,3.560732,9.100360,-0.025837,0.009470,-0.017922
690418790.000,CC,recording,knock_twice_right,19,1.367224,3.552402,9.030326,-0.023856,0.011278,-0.022036
690418800.000,CC,recording,knock_twice_right,19,1.263884,3.544063,8.954435,-0.025973,0.009295,-0.025399
690418810.000,CC,recording,knock_twice_right,19,1.175382,3.541259,8.949000,-0.031616,0.003950,-0.023972
690418820.000,CC,recording,knock_twice_right,19,1.125540,3.492454,9.036522,-0.035484,-0.001950,-0.018110
690418830.000,CC,recording,knock_twice_right,19,1.201781,3.478331,9.146269,-0.034195,-0.005836,-0.012529
690418840.000,CC,recording,knock_twice_right,19,1.262433,3.488286,9.165835,-0.029882,-0.007866,-0.009226
690418850.000,CC,recording,knock_twice_right,19,1.257334,3.497161,9.157438,-0.025344,-0.006775,-0.007249
690418860.000,CC,recording,knock_twice_right,19,1.261508,3.480517,9.139948,-0.020725,-0.002809,-0.004826
690418870.000,CC,recording,knock_twice_right,19,1.259288,3.486310,9.190203,-0.015005,0.000091,-0.002446
690418880.000,CC,recording,knock_twice_right,19,1.356036,3.538984,9.173889,-0.009566,0.001657,-0.003937
690418890.000,CC,recording,knock_twice_right,19,1.388563,3.553492,9.127546,-0.006755,0.004360,-0.009767
690418900.000,CC,recording,knock_twice_right,19,1.340959,3.526990,9.108081,-0.005351,0.009977,-0.015578
690418910.000,CC,recording,knock_twice_right,19,1.277969,3.523847,9.129993,-0.002729,0.016567,-0.017553
690418920.000,CC,recording,knock_twice_right,19,1.220140,3.553112,9.092208,-0.000883,0.019367,-0.015098
690418930.000,CC,recording,knock_twice_right,19,1.253903,3.551796,9.053501,-0.001054,0.018818,-0.011560
690418940.000,CC,recording,knock_twice_right,19,1.277988,3.564537,9.025190,-0.001146,0.016699,-0.009152
690418950.000,CC,recording,knock_twice_right,19,1.280681,3.561674,9.014940,-0.000611,0.013444,-0.008530
690418960.000,CC,recording,knock_twice_right,19,1.302372,3.569432,9.009362,-0.001517,0.011577,-0.010657
690418970.000,CC,recording,knock_twice_right,19,1.329365,3.580218,8.989673,-0.005445,0.013064,-0.014364
690418980.000,CC,recording,knock_twice_right,19,1.299000,3.560451,8.945438,-0.013139,0.018003,-0.017720
690418990.000,CC,recording,knock_twice_right,19,1.230658,3.549269,8.919951,-0.024891,0.024250,-0.017928
690419000.000,CC,recording,knock_twice_right,19,1.189866,3.501959,9.011269,-0.033601,0.029155,-0.013866
690419010.000,CC,recording,knock_twice_right,19,1.226006,3.482131,9.138170,-0.032207,0.030809,-0.009728
690419020.000,CC,recording,knock_twice_right,19,1.249703,3.499382,9.154709,-0.022700,0.027047,-0.008144
690419030.000,CC,recording,knock_twice_right,19,1.237292,3.507831,9.105734,-0.009619,0.018157,-0.008877
690419040.000,CC,recording,knock_twice_right,19,1.177769,3.518206,9.014802,0.001122,0.004909,-0.010243
690419050.000,CC,recording,knock_twice_right,19,1.181233,3.536400,8.952905,0.004178,-0.010329,-0.010762
690419060.000,CC,recording,knock_twice_right,19,1.250890,3.530855,8.959006,0.001598,-0.017110,-0.012638
690419070.000,CC,recording,knock_twice_right,19,1.344262,3.544163,8.993189,-0.004791,-0.009761,-0.017859
690419080.000,CC,recording,knock_twice_right,19,1.317052,3.548298,8.975987,-0.018055,0.006774,-0.022790
690419090.000,CC,recording,knock_twice_right,19,1.231264,3.505891,8.960768,-0.034694,0.024402,-0.023771
690419100.000,CC,recording,knock_twice_right,19,1.126250,3.479471,9.025030,-0.044063,0.031472,-0.019298
690419110.000,CC,recording,knock_twice_right,19,1.065186,3.478631,9.136312,-0.040967,0.023306,-0.011286
690419120.000,CC,recording,knock_twice_right,19,1.152939,3.474208,9.195958,-0.027392,0.006216,-0.005950
690419130.000,CC,recording,knock_twice_right,19,1.240090,3.483277,9.177860,-0.009841,-0.010871,-0.006069
690419140.000,CC,recording,knock_twice_right,19,1.268518,3.492638,9.103435,0.002732,-0.020510,-0.008528
690419150.000,CC,recording,knock_twice_right,19,1.227212,3.512852,9.010212,0.006166,-0.021405,-0.009496
690419160.000,CC,recording,knock_twice_right,19,1.215124,3.534421,8.971558,0.001186,-0.014682,-0.008512
690419170.000,CC,recording,knock_twice_right,19,1.244534,3.549754,8.955206,-0.009833,-0.003299,-0.006775
690419180.000,CC,recording,knock_twice_right,19,1.260720,3.551887,9.022473,-0.020309,0.006427,-0.005314
690419190.000,CC,recording,knock_twice_right,19,1.264750,3.539028,9.093517,-0.024396,0.011247,-0.005577
690419200.000,CC,recording,knock_twice_right,19,1.270209,3.532105,9.158282,-0.020505,0.010966,-0.006702
690419210.000,CC,recording,knock_twice_right,19,1.274886,3.525635,9.193784,-0.009301,0.005286,-0.008106
690419220.000,CC,recording,knock_twice_right,19,1.292407,3.550038,9.147855,0.004162,-0.003826,-0.011853
690419230.000,CC,recording,knock_twice_right,19,1.289132,3.560764,9.071103,0.013437,-0.009502,-0.016423
690419240.000,CC,recording,knock_twice_right,19,1.248054,3.549259,8.973245,0.013525,-0.007967,-0.017896
690419250.000,CC,recording,knock_twice_right,19,1.189963,3.574586,8.894692,0.004460,-0.003538,-0.015979
690419260.000,CC,recording,knock_twice_right,19,1.163363,3.552514,8.868553,-0.009318,0.001474,-0.014107
690419270.000,CC,recording,knock_twice_right,19,1.179447,3.551234,8.909396,-0.023292,0.005920,-0.013464
690419280.000,CC,recording,knock_twice_right,19,1.206404,3.512782,8.987455,-0.034129,0.009205,-0.014254
690419290.000,CC,recording,knock_twice_right,19,1.203763,3.485328,9.105412,-0.037489,0.013037,-0.015601
690419300.000,CC,recording,knock_twice_right,19,1.170594,3.431281,9.189951,-0.031600,0.015448,-0.014854
690419310.000,CC,recording,knock_twice_right,19,1.140822,3.437137,9.226290,-0.020683,0.013512,-0.011903
690419320.000,CC,recording,knock_twice_right,19,1.127261,3.434364,9.185636,-0.008955,0.008944,-0.008366
690419330.000,CC,recording,knock_twice_right,19,1.124663,3.442459,9.099024,-0.000488,0.004035,-0.003714
690419340.000,CC,recording,knock_twice_right,19,1.092709,3.458089,9.017247,0.001571,-0.000040,0.001885
690419350.000,CC,recording,knock_twice_right,19,1.105121,3.486544,8.969508,-0.002587,-0.001598,0.006960
690419360.000,CC,recording,knock_twice_right,19,1.145883,3.481661,9.002950,-0.009722,-0.000380,0.009810
690419370.000,CC,recording,knock_twice_right,19,1.226122,3.496783,9.079547,-0.014506,0.004817,0.009293
690419380.000,CC,recording,knock_twice_right,19,1.242298,3.463561,9.119642,-0.015166,0.011064,0.007619
690419390.000,CC,recording,knock_twice_right,19,1.186891,3.460525,9.101892,-0.013036,0.013906,0.007422
690419400.000,CC,recording,knock_twice_right,19,1.117056,3.474410,9.053038,-0.009892,0.012440,0.009521
690419410.000,CC,recording,knock_twice_right,19,1.141810,3.478908,9.017742,-0.007643,0.006694,0.012658
690419420.000,CC,recording,knock_twice_right,19,1.183631,3.493416,8.998745,-0.006854,-0.001318,0.014150
690419430.000,CC,recording,knock_twice_right,19,1.243683,3.520946,9.045394,-0.008337,-0.006530,0.012699
690419440.000,CC,recording,knock_twice_right,19,1.294801,3.525373,9.058194,-0.010895,-0.005608,0.009844
690419450.000,CC,recording,knock_twice_right,19,1.278218,3.501710,9.063930,-0.013834,0.000103,0.007959
690419460.000,CC,recording,knock_twice_right,19,1.284360,3.492450,9.083736,-0.016423,0.008850,0.007875
690419470.000,CC,recording,knock_twice_right,19,1.294550,3.507176,9.103868,-0.015516,0.016808,0.007542
690419480.000,CC,recording,knock_twice_right,19,1.318636,3.513771,9.103280,-0.012049,0.018854,0.005274
690419490.000,CC,recording,knock_twice_right,19,1.271127,3.522337,9.060280,-0.009722,0.013177,0.002080
690419500.000,CC,recording,knock_twice_right,19,1.262562,3.507200,9.029242,-0.008453,0.003035,-0.000424
690419510.000,CC,recording,knock_twice_right,19,1.260313,3.527936,9.024896,-0.008124,-0.005474,-0.001885
690419520.000,CC,recording,knock_twice_right,19,1.274203,3.498018,9.051687,-0.011044,-0.007441,-0.003798
690419530.000,CC,recording,knock_twice_right,19,1.292660,3.497137,9.035204,-0.017270,-0.002912,-0.004668
690419540.000,CC,recording,knock_twice_right,19,1.282676,3.481488,9.066970,-0.023668,0.004917,-0.003956
690419550.000,CC,recording,knock_twice_right,19,1.292094,3.487014,9.118305,-0.025516,0.011612,-0.004148
690419560.000,CC,recording,knock_twice_right,19,1.308941,3.481751,9.175295,-0.020894,0.012947,-0.006915
690419570.000,CC,recording,knock_twice_right,19,1.277976,3.491896,9.170400,-0.012942,0.008973,-0.010944
690419580.000,CC,recording,knock_twice_right,19,1.231054,3.485087,9.158766,-0.006446,0.001810,-0.012687
690419590.000,CC,recording,knock_twice_right,19,1.204285,3.453208,9.104645,-0.004014,-0.004532,-0.012516
690419600.000,CC,recording,knock_twice_right,19,1.230929,3.453745,9.100229,-0.005723,-0.005726,-0.012492
690419610.000,CC,recording,knock_twice_right,19,1.245289,3.439879,9.121690,-0.009321,-0.000216,-0.012555
690419620.000,CC,recording,knock_twice_right,19,1.227467,3.435946,9.139647,-0.012879,0.008716,-0.012085
690419630.000,CC,recording,knock_twice_right,19,1.199738,3.443511,9.165577,-0.013985,0.014253,-0.010510
690419640.000,CC,recording,knock_twice_right,19,1.198898,3.440809,9.165497,-0.010245,0.012917,-0.008788
690419650.000,CC,recording,knock_twice_right,19,1.208335,3.479205,9.165603,-0.002678,0.006882,-0.009627
690419660.000,CC,recording,knock_twice_right,19,1.168048,3.461214,9.118970,0.005447,-0.000738,-0.010939
690419670.000,CC,recording,knock_twice_right,19,1.131620,3.452844,9.099310,0.011753,-0.008392,-0.009608
690419680.000,CC,recording,knock_twice_right,19,1.148260,3.454181,9.054030,0.013866,-0.011198,-0.006304
690419690.000,CC,recording,knock_twice_right,19,1.202403,3.443548,9.030924,0.010717,-0.006289,-0.003110
690419700.000,CC,recording,knock_twice_right,19,1.181008,3.461409,8.992161,0.004455,0.001967,-0.000974
690419710.000,CC,recording,knock_twice_right,19,1.152559,3.486493,8.986141,-0.003133,0.008828,0.000264
690419720.000,CC,recording,knock_twice_right,19,1.128739,3.462699,9.004888,-0.009283,0.011235,0.001328
690419730.000,CC,recording,knock_twice_right,19,1.182192,3.475902,9.059544,-0.011067,0.008959,0.001897
690419740.000,CC,recording,knock_twice_right,19,1.204539,3.479745,9.101652,-0.008484,0.005245,0.000407
690419750.000,CC,recording,knock_twice_right,19,1.241927,3.454475,9.125108,-0.004143,0.003442,-0.002660
690419760.000,CC,recording,knock_twice_right,19,1.246601,3.451804,9.101528,-0.000217,0.005764,-0.005199
690419770.000,CC,recording,knock_twice_right,19,1.213377,3.434446,9.078561,0.002778,0.011000,-0.005924
690419780.000,CC,recording,knock_twice_right,19,1.123621,3.429496,9.025634,0.003011,0.014062,-0.004349
690419790.000,CC,recording,knock_twice_right,19,1.087406,3.429664,8.972282,-0.000196,0.012313,-0.000772
690419800.000,CC,recording,knock_twice_right,19,1.121932,3.443697,8.959708,-0.003548,0.007321,0.002107
690419810.000,CC,recording,knock_twice_right,19,1.160520,3.438065,8.988839,-0.004994,0.000638,0.002983
690419820.000,CC,recording,knock_twice_right,19,1.163681,3.468530,8.989990,-0.006770,-0.005325,0.003209
690419830.000,CC,recording,knock_twice_right,19,1.189917,3.464645,8.971076,-0.010563,-0.007367,0.003797
690419840.000,CC,recording,knock_twice_right,19,1.234713,3.462279,9.003880,-0.016078,-0.005184,0.003421
690419850.000,CC,recording,knock_twice_right,19,1.245768,3.473374,9.055982,-0.022668,-0.000092,0.001822
690419860.000,CC,recording,knock_twice_right,19,1.229850,3.456727,9.094467,-0.028535,0.006646,0.000592
690419870.000,CC,recording,knock_twice_right,19,1.208489,3.425291,9.129290,-0.030769,0.010143,0.000270
690419880.000,CC,recording,knock_twice_right,19,1.188488,3.436520,9.181779,-0.027746,0.009512,0.001208
690419890.000,CC,recording,knock_twice_right,19,1.207383,3.448071,9.226610,-0.019538,0.006720,0.002595
690419900.000,CC,recording,knock_twice_right,19,1.217306,3.451485,9.234493,-0.007625,0.001570,0.003613
690419910.000,CC,recording,knock_twice_right,19,1.226729,3.467498,9.218944,0.004306,-0.004685,0.003351
690419920.000,CC,recording,knock_twice_right,19,1.244315,3.486952,9.176141,0.013299,-0.009342,0.001798
690419930.000,CC,recording,knock_twice_right,19,1.254871,3.501621,9.058186,0.015953,-0.010572,-0.000155
690419940.000,CC,recording,knock_twice_right,19,1.228353,3.518188,9.005816,0.010347,-0.009067,-0.000466
690419950.000,CC,recording,knock_twice_right,19,1.234027,3.533469,8.983348,0.000934,-0.005254,0.000334
690419960.000,CC,recording,knock_twice_right,19,1.292764,3.523781,9.044135,-0.007101,-0.000974,-0.000120
690419970.000,CC,recording,knock_twice_right,19,1.310050,3.544810,9.087164,-0.011114,0.001540,-0.003063
690419980.000,CC,recording,knock_twice_right,19,1.343315,3.550346,9.114734,-0.010759,0.003624,-0.008663
690419990.000,CC,recording,knock_twice_right,19,1.320603,3.536759,9.156092,-0.007338,0.003998,-0.014673
690420000.000,CC,recording,knock_twice_right,19,1.290190,3.520741,9.171938,-0.002969,0.002452,-0.020353
690420010.000,CC,recording,knock_twice_right,19,1.285382,3.504949,9.151454,0.001389,0.005166,-0.024827
690420020.000,CC,recording,knock_twice_right,19,1.268244,3.490151,9.126009,0.003694,0.011495,-0.028035
690420030.000,CC,recording,knock_twice_right,19,1.195377,3.511647,9.052252,0.001149,0.017441,-0.029608
690420040.000,CC,recording,knock_twice_right,19,1.144602,3.479547,9.026458,-0.002799,0.019480,-0.029009
690420050.000,CC,recording,knock_twice_right,19,1.094710,3.447556,9.072259,-0.004694,0.015301,-0.026936
690420060.000,CC,recording,knock_twice_right,19,1.093366,3.429405,9.124277,-0.002910,0.007857,-0.024198
690420070.000,CC,recording,knock_twice_right,19,1.110596,3.418269,9.137879,0.003452,-0.000097,-0.021188
690420080.000,CC,recording,knock_twice_right,19,1.086826,3.400819,9.093915,0.009620,-0.005331,-0.018079
690420090.000,CC,recording,knock_twice_right,19,1.100703,3.419303,9.037324,0.011723,-0.006490,-0.015409
690420100.000,CC,recording,knock_twice_right,19,1.109010,3.414814,9.000955,0.009079,-0.005127,-0.013563
690420110.000,CC,recording,knock_twice_right,19,1.104160,3.427719,8.950617,0.001921,-0.002435,-0.011671
690420120.000,CC,recording,knock_twice_right,19,1.067100,3.421649,8.955295,-0.007113,0.000112,-0.009399
690420130.000,CC,recording,knock_twice_right,19,1.088723,3.418904,9.008981,-0.014554,0.002665,-0.007387
690420140.000,CC,recording,knock_twice_right,19,1.097398,3.381371,9.095508,-0.017261,0.006281,-0.005619
690420150.000,CC,recording,knock_twice_right,19,1.101212,3.397283,9.120435,-0.017097,0.009099,-0.003712
690420160.000,CC,recording,knock_twice_right,19,1.086728,3.379645,9.096458,-0.016758,0.009442,-0.001427
690420170.000,CC,recording,knock_twice_right,19,1.053871,3.387726,9.091100,-0.015382,0.006582,0.002075
690420180.000,CC,recording,knock_twice_right,19,1.016565,3.378371,9.088249,-0.012743,0.000462,0.006334
690420190.000,CC,recording,knock_twice_right,19,1.037377,3.388356,9.123270,-0.009708,-0.007639,0.010660
690420200.000,CC,recording,knock_twice_right,19,1.063159,3.397149,9.132045,-0.006333,-0.015880,0.014448
690420210.000,CC,recording,knock_twice_right,19,1.124121,3.422639,9.151509,-0.002244,-0.019234,0.016141
690420220.000,CC,recording,knock_twice_right,19,1.234575,3.426895,9.169953,0.000253,-0.014605,0.015026
690420230.000,CC,recording,knock_twice_right,19,1.259952,3.434412,9.185703,-0.000393,-0.002237,0.012115
690420240.000,CC,recording,knock_twice_right,19,1.230756,3.439527,9.182694,-0.002112,0.014410,0.008899
690420250.000,CC,recording,knock_twice_right,19,1.168256,3.437535,9.176714,-0.003335,0.027138,0.008193
690420260.000,CC,recording,knock_twice_right,19,1.103022,3.438919,9.169433,-0.002900,0.029525,0.012150
690420270.000,CC,recording,knock_twice_right,19,1.137581,3.447841,9.156015,0.002012,0.021269,0.016323
690420280.000,CC,recording,knock_twice_right,19,1.201859,3.475568,9.165418,0.010934,0.008241,0.016427
690420290.000,CC,recording,knock_twice_right,19,1.248203,3.496550,9.171845,0.021078,-0.003027,0.013204
690420300.000,CC,recording,knock_twice_right,19,1.250215,3.495587,9.087127,0.028285,-0.006936,0.008910
690420310.000,CC,recording,knock_twice_right,19,1.256052,3.514927,9.023240,0.025961,-0.002098,0.005815
690420320.000,CC,recording,knock_twice_right,19,1.248983,3.511991,8.947559,0.015025,0.007192,0.004851
690420330.000,CC,recording,knock_twice_right,19,1.229930,3.529971,8.940378,0.001594,0.015744,0.004596
690420340.000,CC,recording,knock_twice_right,19,1.219520,3.513552,9.021072,-0.008669,0.018599,0.004486
690420350.000,CC,recording,knock_twice_right,19,1.213787,3.512387,9.103767,-0.010165,0.013135,0.003450
690420360.000,CC,recording,knock_twice_right,19,1.233595,3.475767,9.169684,-0.003856,0.000799,0.000768
690420370.000,CC,recording,knock_twice_right,19,1.290998,3.463531,9.169877,0.006761,-0.012472,-0.003828
690420380.000,CC,recording,knock_twice_right,19,1.313465,3.471425,9.124111,0.016059,-0.019975,-0.009236
690420390.000,CC,recording,knock_twice_right,19,1.293385,3.470653,9.055520,0.018224,-0.018185,-0.013912
690420400.000,CC,recording,knock_twice_right,19,1.272212,3.462654,8.995968,0.013464,-0.010140,-0.017537
690420410.000,CC,recording,knock_twice_right,19,1.220375,3.467722,8.991116,0.003714,-0.001294,-0.018600
690420420.000,CC,recording,knock_twice_right,19,1.178555,3.421477,9.003715,-0.006204,0.004619,-0.017825
690420430.000,CC,recording,knock_twice_right,19,1.173834,3.390088,9.065803,-0.010884,0.005859,-0.016753
690420440.000,CC,recording,knock_twice_right,19,1.186301,3.397069,9.133875,-0.009167,0.002981,-0.015441
690420450.000,CC,recording,knock_twice_right,19,1.181301,3.390743,9.181997,-0.001815,-0.003210,-0.014695
690420460.000,CC,recording,knock_twice_right,19,1.160500,3.415065,9.152859,0.006933,-0.009849,-0.015138
690420470.000,CC,recording,knock_twice_right,19,1.195486,3.440482,9.090837,0.011136,-0.010373,-0.015275
690420480.000,CC,recording,knock_twice_right,19,1.118235,3.393715,9.025397,0.010222,-0.005543,-0.013028
690420490.000,CC,recording,knock_twice_right,19,1.063498,3.415886,9.062412,0.007937,-0.001957,-0.008022
690420500.000,CC,recording,knock_twice_right,19,1.074103,3.426731,9.058660,0.005687,-0.000129,-0.003552
690420510.000,CC,recording,knock_twice_right,19,1.156175,3.451735,9.063868,0.003498,0.000935,-0.002092
690420520.000,CC,recording,knock_twice_right,19,1.175295,3.487299,9.066820,0.002349,0.002690,-0.003437
690420530.000,CC,recording,knock_twice_right,20,1.187245,3.477697,9.033782,-0.000107,0.006974,-0.007184
690420540.000,CC,recording,knock_twice_right,20,1.146805,3.482350,9.017079,-0.006371,0.012071,-0.010186
690420550.000,CC,recording,knock_twice_right,20,1.090770,3.491182,9.037389,-0.013422,0.014068,-0.010614
690420560.000,CC,recording,knock_twice_right,20,1.099959,3.454539,9.101277,-0.017162,0.014174,-0.008787
690420570.000,CC,recording,knock_twice_right,20,1.136943,3.422524,9.174334,-0.014203,0.013834,-0.005583
690420580.000,CC,recording,knock_twice_right,20,1.112110,3.432083,9.233615,-0.004824,0.012638,-0.002994
690420590.000,CC,recording,knock_twice_right,20,1.117892,3.456509,9.186708,0.004082,0.012133,-0.000514
690420600.000,CC,recording,knock_twice_right,20,1.089035,3.439045,9.085308,0.007832,0.011004,0.002082
690420610.000,CC,recording,knock_twice_right,20,1.098620,3.467027,9.048613,0.007163,0.008033,0.004218
690420620.000,CC,recording,knock_twice_right,20,1.099234,3.481982,9.028727,0.004874,0.004725,0.005537
690420630.000,CC,recording,knock_twice_right,20,1.143890,3.460935,9.081657,0.002047,0.002242,0.005887
690420640.000,CC,recording,knock_twice_right,20,1.136426,3.455715,9.107378,-0.000000,0.002024,0.006467
690420650.000,CC,recording,knock_twice_right,20,1.140892,3.453958,9.138669,-0.000467,0.004930,0.007578
690420660.000,CC,recording,knock_twice_right,20,1.176150,3.468417,9.139811,0.000461,0.009846,0.007740
690420670.000,CC,recording,knock_twice_right,20,1.213163,3.471220,9.112779,0.001101,0.013645,0.007412
690420680.000,CC,recording,knock_twice_right,20,1.204163,3.481881,9.062120,0.000145,0.014956,0.007220
690420690.000,CC,recording,knock_twice_right,20,1.190817,3.468789,9.082025,-0.000594,0.013119,0.006888
690420700.000,CC,recording,knock_twice_right,20,1.165082,3.469296,9.114406,0.000592,0.007533,0.006683
690420710.000,CC,recording,knock_twice_right,20,1.189988,3.466032,9.128453,0.003461,0.000398,0.006608
690420720.000,CC,recording,knock_twice_right,20,1.231374,3.468204,9.161977,0.007412,-0.005240,0.006074
690420730.000,CC,recording,knock_twice_right,20,1.258843,3.479631,9.176755,0.012612,-0.006267,0.003980
690420740.000,CC,recording,knock_twice_right,20,1.273803,3.489608,9.159034,0.017266,-0.003482,0.000689
690420750.000,CC,recording,knock_twice_right,20,1.245824,3.502344,9.090442,0.018383,-0.001364,-0.001938
690420760.000,CC,recording,knock_twice_right,20,1.172566,3.503287,9.052786,0.016518,-0.001931,-0.002705
690420770.000,CC,recording,knock_twice_right,20,1.174033,3.514799,9.030439,0.013720,-0.005292,-0.002637
690420780.000,CC,recording,knock_twice_right,20,1.178112,3.515823,9.025710,0.009942,-0.009884,-0.002793
690420790.000,CC,recording,knock_twice_right,20,1.190613,3.504242,9.066922,0.007056,-0.012171,-0.003671
690420800.000,CC,recording,knock_twice_right,20,1.204090,3.499835,9.104438,0.006689,-0.011041,-0.005227
690420810.000,CC,recording,knock_twice_right,20,1.201693,3.481016,9.118268,0.008292,-0.007564,-0.007622
690420820.000,CC,recording,knock_twice_right,20,1.174839,3.473543,9.108640,0.010347,-0.002746,-0.008746
690420830.000,CC,recording,knock_twice_right,20,1.147814,3.472436,9.104477,0.011447,0.001187,-0.008144
690420840.000,CC,recording,knock_twice_right,20,1.104140,3.475504,9.056757,0.011390,0.002368,-0.007872
690420850.000,CC,recording,knock_twice_right,20,1.078024,3.474438,9.035916,0.009992,0.002162,-0.007331
690420860.000,CC,recording,knock_twice_right,20,1.067109,3.454475,9.048233,0.007350,0.001444,-0.005732
690420870.000,CC,recording,knock_twice_right,20,1.016905,3.431710,9.085706,0.005058,0.001756,-0.001762
690420880.000,CC,recording,knock_twice_right,20,0.978621,3.384956,9.107930,0.006658,0.002835,0.005115
690420890.000,CC,recording,knock_twice_right,20,0.944449,3.391090,9.163670,0.012535,0.001479,0.012606
690420900.000,CC,recording,knock_twice_right,20,1.028208,3.413391,9.175101,0.022097,-0.000329,0.017589
690420910.000,CC,recording,knock_twice_right,20,1.111472,3.414811,9.172900,0.032068,-0.002763,0.019381
690420920.000,CC,recording,knock_twice_right,20,1.091604,3.416698,9.123541,0.039827,-0.006399,0.019728
690420930.000,CC,recording,knock_twice_right,20,1.007996,3.425646,9.063557,0.044636,-0.006992,0.022290
690420940.000,CC,recording,knock_twice_right,20,0.999143,3.408491,8.991476,0.044128,-0.004094,0.026492
690420950.000,CC,recording,knock_twice_right,20,1.022110,3.414463,9.036305,0.042696,-0.001173,0.029625
690420960.000,CC,recording,knock_twice_right,20,1.032137,3.430356,9.098619,0.045949,-0.001708,0.032083
690420970.000,CC,recording,knock_twice_right,20,1.037517,3.457588,9.121020,0.052829,-0.009935,0.032861
690420980.000,CC,recording,knock_twice_right,20,1.101518,3.515145,9.177252,0.060805,-0.025493,0.030553
690420990.000,CC,recording,knock_twice_right,20,1.098733,3.541084,9.208251,0.066867,-0.041027,0.025965
690421000.000,CC,recording,knock_twice_right,20,1.133307,3.581439,9.149632,0.068308,-0.047103,0.023296
690421010.000,CC,recording,knock_twice_right,20,1.163135,3.566528,8.967555,0.059532,-0.032859,0.025437
690421020.000,CC,recording,knock_twice_right,20,1.152691,3.558123,8.774372,0.037135,-0.003812,0.030422
690421030.000,CC,recording,knock_twice_right,20,1.156675,3.598874,8.747753,0.009180,0.015573,0.031821
690421040.000,CC,recording,knock_twice_right,20,1.230148,3.627468,8.859940,-0.008795,0.009943,0.020037
690421050.000,CC,recording,knock_twice_right,20,1.434386,3.619221,9.072363,-0.006155,-0.022274,-0.008353
690421060.000,CC,recording,knock_twice_right,20,1.532918,3.649082,9.264150,0.016949,-0.074265,-0.045298
690421070.000,CC,recording,knock_twice_right,20,1.460271,3.645783,9.362635,0.047677,-0.129856,-0.080118
690421080.000,CC,recording,knock_twice_right,20,1.437554,3.579883,9.213888,0.074723,-0.181072,-0.108617
690421090.000,CC,recording,knock_twice_right,20,1.271734,3.510036,9.148670,0.106882,-0.234611,-0.130729
690421100.000,CC,recording,knock_twice_right,20,0.508121,3.419712,8.720045,0.124417,-0.247434,-0.104459
690421110.000,CC,recording,knock_twice_right,20,-1.406062,3.173911,7.097558,0.043313,-0.196296,0.029971
690421120.000,CC,recording,knock_twice_right,20,-1.018844,3.211772,6.670959,-0.140011,-0.137391,0.222220
690421130.000,CC,recording,knock_twice_right,20,0.809057,3.374045,8.177245,-0.309330,-0.073081,0.342870
690421140.000,CC,recording,knock_twice_right,20,2.713485,3.451175,9.475580,-0.371643,0.014430,0.338645
690421150.000,CC,recording,knock_twice_right,20,3.133210,3.584315,10.792055,-0.308478,0.089702,0.243241
690421160.000,CC,recording,knock_twice_right,20,3.351108,3.507889,11.018315,-0.167578,0.125229,0.107466
690421170.000,CC,recording,knock_twice_right,20,2.839515,3.533781,10.750132,-0.014596,0.127952,-0.028120
690421180.000,CC,recording,knock_twice_right,20,2.752401,3.582034,10.447558,0.109946,0.133517,-0.147443
690421190.000,CC,recording,knock_twice_right,20,2.489867,3.815417,10.110572,0.189423,0.154713,-0.233779
690421200.000,CC,recording,knock_twice_right,20,1.818841,3.941622,9.984148,0.240819,0.182816,-0.281077
690421210.000,CC,recording,knock_twice_right,20,1.373570,3.397523,9.465107,0.261868,0.258001,-0.276657
690421220.000,CC,recording,knock_twice_right,20,0.436129,3.567296,8.131433,0.201230,0.372070,-0.199675
690421230.000,CC,recording,knock_twice_right,20,0.120318,3.887687,7.650469,0.073882,0.439077,-0.092726
690421240.000,CC,recording,knock_twice_right,20,0.325412,3.997633,8.193440,-0.043865,0.419234,-0.011455
690421250.000,CC,recording,knock_twice_right,20,0.876861,3.806533,8.603149,-0.102908,0.343582,0.021160
690421260.000,CC,recording,knock_twice_right,20,1.348292,3.694893,8.943532,-0.092719,0.235624,-0.002387
690421270.000,CC,recording,knock_twice_right,20,1.460797,3.603758,9.285186,-0.027904,0.086827,-0.063688
690421280.000,CC,recording,knock_twice_right,20,1.080851,3.500444,9.349292,0.067547,-0.088472,-0.124638
690421290.000,CC,recording,knock_twice_right,20,0.631344,3.400557,9.081609,0.158057,-0.255932,-0.154565
690421300.000,CC,recording,knock_twice_right,20,0.366734,3.289598,8.641252,0.210742,-0.389849,-0.144930
690421310.000,CC,recording,knock_twice_right,20,0.257218,3.273757,8.372319,0.227574,-0.493942,-0.106642
690421320.000,CC,recording,knock_twice_right,20,-0.208839,3.260117,8.059846,0.213833,-0.561180,-0.028631
690421330.000,CC,recording,knock_twice_right,20,-1.508934,3.178797,6.906013,0.113555,-0.578124,0.121345
690421340.000,CC,recording,knock_twice_right,20,-0.320216,3.078460,7.101177,-0.040878,-0.552269,0.278357
690421350.000,CC,recording,knock_twice_right,20,1.960578,3.313134,9.399388,-0.131246,-0.463315,0.336655
690421360.000,CC,recording,knock_twice_right,20,3.286018,3.623960,10.054895,-0.139837,-0.300129,0.276560
690421370.000,CC,recording,knock_twice_right,20,3.839889,3.592424,10.553153,-0.098694,-0.109414,0.140009
690421380.000,CC,recording,knock_twice_right,20,3.199839,3.626307,10.414385,-0.039716,0.053508,-0.002542
690421390.000,CC,recording,knock_twice_right,20,2.071368,3.568764,9.950776,0.004407,0.169687,-0.102454
690421400.000,CC,recording,knock_twice_right,20,1.485574,3.285406,9.623200,0.029921,0.254929,-0.143139
690421410.000,CC,recording,knock_twice_right,20,0.539488,3.412979,9.242722,0.031798,0.322512,-0.106128
690421420.000,CC,recording,knock_twice_right,20,0.064326,3.643168,8.658649,-0.002624,0.349548,-0.014230
690421430.000,CC,recording,knock_twice_right,20,0.453116,3.536697,8.739788,-0.048034,0.318784,0.069195
690421440.000,CC,recording,knock_twice_right,20,0.969658,3.736456,9.059212,-0.065633,0.255757,0.107473
690421450.000,CC,recording,knock_twice_right,20,1.455569,3.715295,9.227285,-0.047022,0.190554,0.095741
690421460.000,CC,recording,knock_twice_right,20,1.549850,3.661982,9.131212,-0.011644,0.133877,0.055761
690421470.000,CC,recording,knock_twice_right,20,1.210679,3.657743,8.854756,0.014960,0.090110,0.020002
690421480.000,CC,recording,knock_twice_right,20,0.889864,3.633269,8.567443,0.014829,0.060139,0.009207
690421490.000,CC,recording,knock_twice_right,20,0.662033,3.577700,8.386413,-0.010767,0.037271,0.025847
690421500.000,CC,recording,knock_twice_right,20,0.661320,3.566206,8.484353,-0.042558,0.008780,0.056687
690421510.000,CC,recording,knock_twice_right,20,0.852221,3.597286,8.741572,-0.061383,-0.032735,0.083272
690421520.000,CC,recording,knock_twice_right,20,1.167997,3.578467,9.011780,-0.058061,-0.078842,0.095996
690421530.000,CC,recording,knock_twice_right,20,1.465059,3.584123,9.230839,-0.038206,-0.110839,0.091077
690421540.000,CC,recording,knock_twice_right,20,1.712433,3.597688,9.260713,-0.019508,-0.112114,0.069733
690421550.000,CC,recording,knock_twice_right,20,1.709491,3.593050,9.199552,-0.011157,-0.083570,0.045871
690421560.000,CC,recording,knock_twice_right,20,1.547063,3.596866,9.156604,-0.016988,-0.043731,0.030553
690421570.000,CC,recording,knock_twice_right,20,1.429211,3.590364,9.041817,-0.034712,-0.006108,0.023079
690421580.000,CC,recording,knock_twice_right,20,1.357409,3.555628,9.149802,-0.048631,0.019629,0.018665
690421590.000,CC,recording,knock_twice_right,20,1.388004,3.583609,9.312830,-0.047454,0.023805,0.011062
690421600.000,CC,recording,knock_twice_right,20,1.446958,3.539004,9.395389,-0.029211,0.010680,-0.001953
690421610.000,CC,recording,knock_twice_right,20,1.391236,3.487802,9.414306,-0.000424,-0.008014,-0.016243
690421620.000,CC,recording,knock_twice_right,20,1.278813,3.489371,9.307776,0.026853,-0.023271,-0.026356
690421630.000,CC,recording,knock_twice_right,20,1.238002,3.459899,9.138461,0.042379,-0.025579,-0.030390
690421640.000,CC,recording,knock_twice_right,20,1.220267,3.472825,8.929848,0.040147,-0.013173,-0.029600
690421650.000,CC,recording,knock_twice_right,20,1.150453,3.463447,8.845939,0.022648,0.006757,-0.023935
690421660.000,CC,recording,knock_twice_right,20,1.091395,3.471004,8.860875,0.001022,0.025729,-0.014642
690421670.000,CC,recording,knock_twice_right,20,1.085904,3.472807,8.954602,-0.014128,0.035523,-0.005347
690421680.000,CC,recording,knock_twice_right,20,1.122098,3.471674,9.044412,-0.018998,0.032784,0.002236
690421690.000,CC,recording,knock_twice_right,20,1.133899,3.448501,9.128954,-0.011909,0.019170,0.007799
690421700.000,CC,recording,knock_twice_right,20,1.121991,3.448715,9.195861,0.006668,-0.003163,0.012022
690421710.000,CC,recording,knock_twice_right,20,1.126002,3.470135,9.140303,0.029529,-0.028446,0.015891
690421720.000,CC,recording,knock_twice_right,20,1.180195,3.516956,9.018578,0.045467,-0.046302,0.018671
690421730.000,CC,recording,knock_twice_right,20,1.253120,3.557526,8.921764,0.048649,-0.051220,0.019006
690421740.000,CC,recording,knock_twice_right,20,1.331197,3.584902,8.882933,0.039849,-0.043579,0.015899
690421750.000,CC,recording,knock_twice_right,20,1.352266,3.611732,8.827410,0.022925,-0.027929,0.009850
690421760.000,CC,recording,knock_twice_right,20,1.305124,3.618125,8.803426,0.001903,-0.010852,0.003575
690421770.000,CC,recording,knock_twice_right,20,1.275419,3.586496,8.874620,-0.017621,0.005185,-0.000690
690421780.000,CC,recording,knock_twice_right,20,1.287210,3.539194,9.008175,-0.029194,0.017821,-0.004443
690421790.000,CC,recording,knock_twice_right,20,1.199456,3.509388,9.065391,-0.032077,0.023096,-0.006929
690421800.000,CC,recording,knock_twice_right,20,1.109855,3.483484,9.049668,-0.030159,0.018515,-0.005594
690421810.000,CC,recording,knock_twice_right,20,1.078229,3.463267,9.049533,-0.025716,0.006695,-0.001893
690421820.000,CC,recording,knock_twice_right,20,1.101941,3.458040,9.094529,-0.018885,-0.003536,0.000773
690421830.000,CC,recording,knock_twice_right,20,1.169352,3.457388,9.111231,-0.011730,-0.007336,0.000995
690421840.000,CC,recording,knock_twice_right,20,1.168411,3.451688,9.057762,-0.009195,-0.005314,0.001310
690421850.000,CC,recording,knock_twice_right,20,1.076158,3.455274,9.001228,-0.013722,-0.000899,0.006052
690421860.000,CC,recording,knock_twice_right,20,1.052583,3.471257,9.018876,-0.021947,0.003876,0.015168
690421870.000,CC,recording,knock_twice_right,20,1.134701,3.450520,9.145397,-0.026132,0.009415,0.023211
690421880.000,CC,recording,knock_twice_right,20,1.262095,3.443370,9.300840,-0.020480,0.014207,0.026728
690421890.000,CC,recording,knock_twice_right,20,1.290182,3.464128,9.308792,-0.007525,0.015883,0.026281
690421900.000,CC,recording,knock_twice_right,20,1.256100,3.493197,9.212263,0.005544,0.013625,0.024881
690421910.000,CC,recording,knock_twice_right,20,1.212214,3.492865,9.147679,0.014569,0.005990,0.026350
690421920.000,CC,recording,knock_twice_right,20,1.211216,3.523576,9.107119,0.021827,-0.003919,0.029799
690421930.000,CC,recording,knock_twice_right,20,1.316201,3.543305,9.095061,0.028823,-0.009859,0.029302
690421940.000,CC,recording,knock_twice_right,20,1.399665,3.583992,9.016245,0.032790,-0.010667,0.023463
690421950.000,CC,recording,knock_twice_right,20,1.400670,3.606424,8.933682,0.029742,-0.007047,0.015522
690421960.000,CC,recording,knock_twice_right,20,1.364368,3.601761,8.870960,0.020763,-0.000916,0.008407
690421970.000,CC,recording,knock_twice_right,20,1.318613,3.589373,8.832102,0.009388,0.005811,0.004776
690421980.000,CC,recording,knock_twice_right,20,1.326532,3.597997,8.843133,-0.003796,0.011661,0.003308
690421990.000,CC,recording,knock_twice_right,20,1.377368,3.608004,8.834519,-0.016756,0.015144,0.000484
690422000.000,CC,recording,knock_twice_right,20,1.411425,3.599696,8.908014,-0.027305,0.014701,-0.005508
690422010.000,CC,recording,knock_twice_right,20,1.421508,3.571839,8.959135,-0.032093,0.011251,-0.013563
690422020.000,CC,recording,knock_twice_right,20,1.415059,3.524382,9.062844,-0.029936,0.008365,-0.021769
690422030.000,CC,recording,knock_twice_right,20,1.358894,3.490259,9.088579,-0.025490,0.007736,-0.027607
690422040.000,CC,recording,knock_twice_right,20,1.275376,3.446595,9.055753,-0.023266,0.009173,-0.028394
690422050.000,CC,recording,knock_twice_right,20,1.220971,3.445840,9.021417,-0.023677,0.012400,-0.024442
690422060.000,CC,recording,knock_twice_right,20,1.226827,3.430765,9.018337,-0.025418,0.019546,-0.019097
690422070.000,CC,recording,knock_twice_right,20,1.251668,3.440406,9.035324,-0.028198,0.027080,-0.016690
690422080.000,CC,recording,knock_twice_right,20,1.238044,3.461829,9.033188,-0.031049,0.027788,-0.017579
690422090.000,CC,recording,knock_twice_right,20,1.202486,3.488846,8.959098,-0.035276,0.023471,-0.018664
690422100.000,CC,recording,knock_twice_right,20,1.114439,3.435289,8.975700,-0.039719,0.014489,-0.016926
690422110.000,CC,recording,knock_twice_right,20,1.096947,3.424447,9.086002,-0.039327,0.001460,-0.013874
690422120.000,CC,recording,knock_twice_right,20,1.190884,3.437461,9.106355,-0.038684,-0.008403,-0.011915
690422130.000,CC,recording,knock_twice_right,20,1.187620,3.439875,9.070266,-0.038483,-0.008597,-0.009067
690422140.000,CC,recording,knock_twice_right,20,1.266374,3.437785,9.191176,-0.035669,-0.002260,-0.007624
690422150.000,CC,recording,knock_twice_right,20,1.224449,3.455767,9.120567,-0.033038,0.002953,-0.007349
690422160.000,CC,recording,knock_twice_right,20,1.122497,3.429008,9.170138,-0.029285,0.004670,-0.003325
690422170.000,CC,recording,knock_twice_right,20,1.077538,3.432396,9.147084,-0.024602,0.002186,0.002359
690422180.000,CC,recording,knock_twice_right,20,1.214685,3.451755,9.244082,-0.018047,0.000131,0.003981
690422190.000,CC,recording,knock_twice_right,20,1.383766,3.483413,9.304106,-0.009076,0.004439,-0.000719
690422200.000,CC,recording,knock_twice_right,20,1.357500,3.496262,9.230660,-0.000806,0.014815,-0.007705
690422210.000,CC,recording,knock_twice_right,20,1.248775,3.511295,9.128500,0.003433,0.023964,-0.010802
690422220.000,CC,recording,knock_twice_right,20,1.161313,3.530856,9.022277,0.002674,0.026752,-0.009131
690422230.000,CC,recording,knock_twice_right,20,1.146916,3.519291,9.004892,-0.002283,0.025173,-0.006712
690422240.000,CC,recording,knock_twice_right,20,1.183681,3.520247,9.001584,-0.009344,0.023688,-0.004975
690422250.000,CC,recording,knock_twice_right,20,1.175641,3.506481,9.045926,-0.014280,0.025005,-0.003624
690422260.000,CC,recording,knock_twice_right,20,1.177577,3.485876,9.108534,-0.014813,0.024328,-0.002443
690422270.000,CC,recording,knock_twice_right,20,1.181126,3.479013,9.122940,-0.010089,0.017867,-0.002089
690422280.000,CC,recording,knock_twice_right,20,1.176139,3.481109,9.109870,-0.002229,0.009222,-0.002748
690422290.000,CC,recording,knock_twice_right,20,1.227594,3.483925,9.073099,0.003469,0.003494,-0.003964
690422300.000,CC,recording,knock_twice_right,20,1.244442,3.477196,9.049347,0.003874,0.002640,-0.004668
690422310.000,CC,recording,knock_twice_right,20,1.231560,3.492784,9.018736,-0.000277,0.005757,-0.004947
690422320.000,CC,recording,knock_twice_right,20,1.246650,3.495712,8.992010,-0.008198,0.011053,-0.005556
690422330.000,CC,recording,knock_twice_right,20,1.243725,3.478160,8.997076,-0.017303,0.016574,-0.007441
690422340.000,CC,recording,knock_twice_right,20,1.263033,3.461698,9.065755,-0.025196,0.021971,-0.010838
690422350.000,CC,recording,knock_twice_right,20,1.244551,3.450491,9.122670,-0.029709,0.025338,-0.013578
690422360.000,CC,recording,knock_twice_right,20,1.164531,3.417382,9.163254,-0.028440,0.024601,-0.013648
690422370.000,CC,recording,knock_twice_right,20,1.163197,3.403217,9.202046,-0.023321,0.020953,-0.010347
690422380.000,CC,recording,knock_twice_right,20,1.179403,3.392192,9.238458,-0.014760,0.014759,-0.005971
690422390.000,CC,recording,knock_twice_right,20,1.234014,3.411225,9.273851,-0.001370,0.006687,-0.003829
690422400.000,CC,recording,knock_twice_right,20,1.253688,3.422991,9.212694,0.013075,0.000225,-0.004774
690422410.000,CC,recording,knock_twice_right,20,1.264781,3.464960,9.110962,0.021508,-0.004677,-0.007123
690422420.000,CC,recording,knock_twice_right,20,1.236393,3.487670,9.015854,0.021657,-0.007403,-0.009465
690422430.000,CC,recording,knock_twice_right,20,1.242952,3.501041,8.965489,0.015310,-0.005339,-0.011435
690422440.000,CC,recording,knock_twice_right,20,1.299177,3.512399,8.975957,0.005526,0.001093,-0.014435
690422450.000,CC,recording,knock_twice_right,20,1.299271,3.518447,8.970513,-0.005447,0.009957,-0.018669
690422460.000,CC,recording,knock_twice_right,20,1.235297,3.493011,8.979931,-0.015123,0.017880,-0.021310
690422470.000,CC,recording,knock_twice_right,20,1.179654,3.465237,9.058490,-0.017321,0.019423,-0.021461
690422480.000,CC,recording,knock_twice_right,20,1.170564,3.484466,9.100908,-0.011506,0.011659,-0.021256
690422490.000,CC,recording,knock_twice_right,20,1.185310,3.500784,9.108244,-0.003063,-0.000768,-0.022668
690422500.000,CC,recording,knock_twice_right,20,1.222063,3.498747,9.052273,0.002563,-0.009998,-0.025630
690422510.000,CC,recording,knock_twice_right,20,1.189609,3.496637,8.961775,0.001142,-0.012128,-0.028618
690422520.000,CC,recording,knock_twice_right,20,1.150392,3.490939,8.939401,-0.006476,-0.008161,-0.029661
690422530.000,CC,recording,knock_twice_right,20,1.101933,3.471792,8.972536,-0.018390,0.000061,-0.027972
690422540.000,CC,recording,knock_twice_right,20,1.098675,3.442408,9.007247,-0.031157,0.009844,-0.024503
690422550.000,CC,recording,knock_twice_right,20,1.076036,3.420723,9.094135,-0.038952,0.016415,-0.019999
690422560.000,CC,recording,knock_twice_right,20,1.087448,3.429923,9.155203,-0.039147,0.017679,-0.017259
690422570.000,CC,recording,knock_twice_right,20,1.103478,3.447777,9.181463,-0.033136,0.014243,-0.017561
690422580.000,CC,recording,knock_twice_right,20,1.087217,3.448842,9.152757,-0.025057,0.006931,-0.019089
690422590.000,CC,recording,knock_twice_right,20,1.055120,3.444562,9.141330,-0.018387,-0.000108,-0.019223
690422600.000,CC,recording,knock_twice_right,20,1.031159,3.446712,9.101143,-0.016326,-0.000476,-0.016838
690422610.000,CC,recording,knock_twice_right,20,1.045985,3.438923,9.079245,-0.019045,0.006951,-0.012526
690422620.000,CC,recording,knock_twice_right,20,1.049536,3.440440,9.106408,-0.023020,0.014523,-0.008302
690422630.000,CC,recording,knock_twice_right,20,1.038232,3.441241,9.085025,-0.024922,0.018338,-0.005123
690422640.000,CC,recording,knock_twice_right,20,0.988271,3.436589,9.120135,-0.023386,0.017647,-0.001310
690422650.000,CC,recording,knock_twice_right,20,0.958814,3.406076,9.130750,-0.019169,0.009795,0.003317
690422660.000,CC,recording,knock_twice_right,20,0.986901,3.408148,9.161397,-0.012182,0.000008,0.008100
690422670.000,CC,recording,knock_twice_right,20,1.038250,3.413950,9.123412,-0.005636,-0.006233,0.011395
690422680.000,CC,recording,knock_twice_right,20,1.079802,3.440059,9.095200,-0.004049,-0.007307,0.013439
690422690.000,CC,recording,knock_twice_right,20,1.098115,3.445027,9.098978,-0.005617,-0.003043,0.015406
690422700.000,CC,recording,knock_twice_right,20,1.143802,3.457996,9.123571,-0.008465,0.003300,0.015720
690422710.000,CC,recording,knock_twice_right,20,1.191342,3.460039,9.132460,-0.011340,0.009058,0.014658
690422720.000,CC,recording,knock_twice_right,20,1.184928,3.458561,9.147194,-0.013342,0.013008,0.012702
690422730.000,CC,recording,knock_twice_right,20,1.193316,3.452304,9.176188,-0.013292,0.015873,0.009844
690422740.000,CC,recording,knock_twice_right,20,1.171482,3.446251,9.192003,-0.009516,0.017060,0.007711
690422750.000,CC,recording,knock_twice_right,20,1.166722,3.451593,9.157256,-0.005300,0.015974,0.006707
690422760.000,CC,recording,knock_twice_right,20,1.193338,3.464291,9.100806,-0.003126,0.016629,0.005554
690422770.000,CC,recording,knock_twice_right,20,1.194801,3.473640,9.075844,-0.003229,0.017789,0.003389
690422780.000,CC,recording,knock_twice_right,20,1.171832,3.459163,9.084098,-0.005278,0.016157,0.000609
690422790.000,CC,recording,knock_twice_right,20,1.158019,3.439693,9.109859,-0.005836,0.013646,-0.000908
690422800.000,CC,recording,knock_twice_right,20,1.203777,3.421885,9.089391,-0.003879,0.011552,-0.000780
690422810.000,CC,recording,knock_twice_right,20,1.205741,3.412097,9.128008,-0.000309,0.009745,-0.000282
690422820.000,CC,recording,knock_twice_right,20,1.211995,3.420959,9.116707,0.004731,0.008313,-0.000023
690422830.000,CC,recording,knock_twice_right,20,1.229099,3.416327,9.084799,0.007585,0.008097,-0.001386
690422840.000,CC,recording,knock_twice_right,20,1.198001,3.420642,9.004029,0.005748,0.008391,-0.003098
690422850.000,CC,recording,knock_twice_right,20,1.154424,3.435766,8.978960,0.000232,0.006841,-0.002754
690422860.000,CC,recording,knock_twice_right,20,1.148268,3.412077,8.961850,-0.007303,0.002497,-0.001286
690422870.000,CC,recording,knock_twice_right,20,1.177244,3.409520,9.003560,-0.013499,-0.001868,-0.001658
690422880.000,CC,recording,knock_twice_right,20,1.245209,3.414079,9.061611,-0.015566,-0.002868,-0.005635
690422890.000,CC,recording,knock_twice_right,20,1.261845,3.393521,9.149982,-0.012409,-0.001191,-0.011164
690422900.000,CC,recording,knock_twice_right,20,1.193821,3.383990,9.153323,-0.007882,0.001676,-0.014466
690422910.000,CC,recording,knock_twice_right,20,1.133598,3.374948,9.111555,-0.005934,0.005308,-0.014642
690422920.000,CC,recording,knock_twice_right,20,1.080878,3.386840,9.032913,-0.007269,0.006081,-0.012639
690422930.000,CC,recording,knock_twice_right,20,1.057894,3.404318,9.011006,-0.010587,0.001325,-0.010602
690422940.000,CC,recording,knock_twice_right,20,1.082725,3.415436,8.997951,-0.014528,-0.007586,-0.010317
690422950.000,CC,recording,knock_twice_right,20,1.118584,3.399753,9.059977,-0.018404,-0.016227,-0.011148
690422960.000,CC,recording,knock_twice_right,20,1.190593,3.396108,9.139796,-0.019202,-0.018944,-0.013440
690422970.000,CC,recording,knock_twice_right,20,1.174132,3.372338,9.198700,-0.017451,-0.014602,-0.015580
690422980.000,CC,recording,knock_twice_right,20,1.112292,3.379171,9.188024,-0.014532,-0.006529,-0.015399
690422990.000,CC,recording,knock_twice_right,20,1.078242,3.364293,9.157634,-0.012127,0.000329,-0.012759
690423000.000,CC,recording,knock_twice_right,20,1.019084,3.377896,9.124186,-0.010200,0.002474,-0.008351
690423010.000,CC,recording,knock_twice_right,20,1.032460,3.382056,9.116724,-0.007483,-0.000959,-0.004072
690423020.000,CC,recording,knock_twice_right,20,1.057897,3.410341,9.139984,-0.004657,-0.006658,-0.001611
690423030.000,CC,recording,knock_twice_right,20,1.130541,3.430146,9.127746,-0.003172,-0.008598,-0.000801
690423040.000,CC,recording,knock_twice_right,20,1.140720,3.444950,9.096797,-0.005313,-0.006068,-0.001538
690423050.000,CC,recording,knock_twice_right,20,1.119948,3.459749,9.079556,-0.011388,-0.000276,-0.001350
690423060.000,CC,recording,knock_twice_right,20,1.131765,3.451685,9.108285,-0.018557,0.006395,0.001156
690423070.000,CC,recording,knock_twice_right,20,1.123661,3.471134,9.142681,-0.023406,0.008727,0.002279
690423080.000,CC,recording,knock_twice_right,20,1.160167,3.473502,9.171922,-0.023896,0.007361,0.001363
690423090.000,CC,recording,knock_twice_right,20,1.136833,3.439986,9.212576,-0.019398,0.005773,-0.000336
690423100.000,CC,recording,knock_twice_right,20,1.176097,3.432331,9.240428,-0.010954,0.005477,-0.002780
690423110.000,CC,recording,knock_twice_right,20,1.152586,3.430902,9.217756,-0.003322,0.007490,-0.005178
690423120.000,CC,recording,knock_twice_right,20,1.123026,3.407503,9.168661,0.000514,0.011332,-0.006663
690423130.000,CC,recording,knock_twice_right,20,1.082378,3.412923,9.112311,0.000336,0.014557,-0.005842
690423140.000,CC,recording,knock_twice_right,20,1.067404,3.414327,9.099182,-0.002190,0.014895,-0.003128
690423150.000,CC,recording,knock_twice_right,20,1.054765,3.399998,9.137689,-0.002755,0.012451,-0.000001
690423160.000,CC,recording,knock_twice_right,20,1.054792,3.390400,9.152713,0.000260,0.007632,0.002673
690423170.000,CC,recording,knock_twice_right,20,1.090964,3.394428,9.178168,0.005524,0.001555,0.003280
690423180.000,CC,recording,knock_twice_right,20,1.136458,3.407846,9.177739,0.010270,-0.002512,0.002831
690423190.000,CC,recording,knock_twice_right,20,1.160090,3.422764,9.141712,0.012681,-0.002627,0.001769
690423200.000,CC,recording,knock_twice_right,20,1.180043,3.436408,9.122875,0.012412,-0.001208,-0.000106
690423210.000,CC,recording,knock_twice_right,20,1.181039,3.432310,9.112229,0.011216,-0.000363,-0.000954
690423220.000,CC,recording,knock_twice_right,20,1.186158,3.448500,9.128273,0.011535,0.000214,-0.001973
690423230.000,CC,recording,knock_twice_right,20,1.211214,3.457942,9.124373,0.012175,-0.001224,-0.004336
690423240.000,CC,recording,knock_twice_right,20,1.219438,3.459765,9.121193,0.012511,-0.002769,-0.007506
690423250.000,CC,recording,knock_twice_right,20,1.270117,3.458819,9.070553,0.012635,-0.000553,-0.011506
690423260.000,CC,recording,knock_twice_right,20,1.254204,3.437114,9.083874,0.010947,0.003880,-0.016218
690423270.000,CC,recording,knock_twice_right,20,1.173425,3.423735,9.077682,0.008301,0.007419,-0.018056
690423280.000,CC,recording,knock_twice_right,20,1.109472,3.411133,9.046340,0.004838,0.006144,-0.015617
690423290.000,CC,recording,knock_twice_right,20,1.132065,3.439985,9.027259,0.001644,0.001340,-0.014575
690423300.000,CC,recording,knock_twice_right,20,1.156073,3.433563,9.064029,0.001256,-0.004281,-0.016097
690423310.000,CC,recording,knock_twice_right,20,1.171974,3.422477,9.115409,0.003171,-0.009293,-0.017918
690423320.000,CC,recording,knock_twice_right,20,1.175838,3.401804,9.139485,0.006156,-0.009379,-0.019860
690423330.000,CC,recording,knock_twice_right,20,1.152385,3.408815,9.101383,0.008847,-0.007256,-0.021423
690423340.000,CC,recording,knock_twice_right,20,1.092850,3.401935,9.063094,0.009211,-0.006727,-0.021440
690423350.000,CC,recording,knock_twice_right,20,1.067412,3.417580,9.057031,0.006851,-0.006224,-0.020000
690423360.000,CC,recording,knock_twice_right,20,1.036004,3.408729,9.052453,0.002790,-0.007123,-0.019084
690423370.000,CC,recording,knock_twice_right,20,1.040243,3.400015,9.064194,-0.000500,-0.008570,-0.019212
690423380.000,CC,recording,knock_twice_right,20,1.002121,3.377670,9.088211,-0.001616,-0.008374,-0.017648
690423390.000,CC,recording,knock_twice_right,20,0.994199,3.360314,9.113302,-0.001443,-0.009518,-0.014553
690423400.000,CC,recording,knock_twice_right,20,0.969017,3.375272,9.107665,0.000249,-0.012614,-0.011267
690423410.000,CC,recording,knock_twice_right,20,0.986346,3.355695,9.136090,0.003819,-0.016972,-0.007039
690423420.000,CC,recording,knock_twice_right,20,0.988918,3.359101,9.099286,0.007936,-0.021397,-0.002912
690423430.000,CC,recording,knock_twice_right,20,1.023533,3.386881,9.040703,0.009406,-0.023493,-0.000518
690423440.000,CC,recording,knock_twice_right,20,1.040469,3.403928,8.996390,0.006564,-0.021288,0.000019
690423450.000,CC,recording,knock_twice_right,20,1.029273,3.380020,8.993041,-0.001177,-0.013868,0.000603
690423460.000,CC,recording,knock_twice_right,20,1.003469,3.384757,9.028351,-0.012079,-0.003087,0.002719
690423470.000,CC,recording,knock_twice_right,20,0.990711,3.382796,9.085607,-0.019926,0.006435,0.006040
690423480.000,CC,recording,knock_twice_right,20,1.000171,3.398168,9.127275,-0.023596,0.012004,0.009666
690423490.000,CC,recording,knock_twice_right,20,1.046654,3.375697,9.165842,-0.022594,0.013467,0.013093
690423500.000,CC,recording,knock_twice_right,20,1.062969,3.382491,9.191339,-0.016798,0.010321,0.014893
690423510.000,CC,recording,knock_twice_right,20,1.083177,3.402758,9.181232,-0.009936,0.006112,0.015129
690423520.000,CC,recording,knock_twice_right,20,1.085419,3.396779,9.168524,-0.003528,0.003360,0.016339
690423530.000,CC,recording,knock_twice_right,20,1.032921,3.404389,9.161424,0.001283,0.001114,0.019407
690423540.000,CC,recording,knock_twice_right,20,1.079116,3.430957,9.141046,0.003896,-0.000056,0.022495
690423550.000,CC,recording,knock_twice_right,20,1.139380,3.449834,9.134158,0.004786,0.000210,0.023594