timestamp_ms,user_name,phase,action_label,segment_index,acc_x,acc_y,acc_z,gyro_x,gyro_y,gyro_z
200417040.000,YYQ,recording,knock_twice_right,1,1.078613,4.164825,8.640051,0.115268,0.005242,-0.011333
200417050.000,YYQ,recording,knock_twice_right,1,1.062393,4.189256,8.395279,0.093467,0.036305,-0.011119
200417060.000,YYQ,recording,knock_twice_right,1,1.025673,4.237324,8.304113,0.051536,0.057421,-0.010977
200417070.000,YYQ,recording,knock_twice_right,1,1.007134,4.233585,8.320934,0.004338,0.065875,-0.011743
200417080.000,YYQ,recording,knock_twice_right,1,0.996653,4.214142,8.468440,-0.037741,0.069142,-0.013268
200417090.000,YYQ,recording,knock_twice_right,1,0.923521,4.178286,8.675929,-0.066302,0.071022,-0.014334
200417100.000,YYQ,recording,knock_twice_right,1,0.887644,4.145161,8.889421,-0.075455,0.066978,-0.013462
200417110.000,YYQ,recording,knock_twice_right,1,0.887732,4.097406,9.023007,-0.063895,0.054474,-0.011524
200417120.000,YYQ,recording,knock_twice_right,1,0.907700,4.078213,9.140245,-0.036151,0.036616,-0.010246
200417130.000,YYQ,recording,knock_twice_right,1,0.921994,4.065454,9.172347,0.000215,0.016682,-0.010223
200417140.000,YYQ,recording,knock_twice_right,1,0.914556,4.049107,9.103676,0.035915,-0.003235,-0.010847
200417150.000,YYQ,recording,knock_twice_right,1,0.920777,4.075622,8.987697,0.064391,-0.022482,-0.012268
200417160.000,YYQ,recording,knock_twice_right,1,0.931668,4.089401,8.878613,0.084020,-0.039445,-0.014120
200417170.000,YYQ,recording,knock_twice_right,1,0.956626,4.102417,8.829309,0.095176,-0.048941,-0.013960
200417180.000,YYQ,recording,knock_twice_right,1,0.970239,4.111804,8.798822,0.101700,-0.048661,-0.012628
200417190.000,YYQ,recording,knock_twice_right,1,0.986620,4.136217,8.767360,0.105170,-0.040771,-0.011644
200417200.000,YYQ,recording,knock_twice_right,1,1.010790,4.138685,8.685350,0.104208,-0.031812,-0.011459
200417210.000,YYQ,recording,knock_twice_right,1,0.990921,4.187550,8.606610,0.097168,-0.023880,-0.011976
200417220.000,YYQ,recording,knock_twice_right,1,0.938256,4.213821,8.588894,0.084053,-0.013825,-0.011458
200417230.000,YYQ,recording,knock_twice_right,1,0.889387,4.192941,8.617386,0.069069,-0.003029,-0.011663
200417240.000,YYQ,recording,knock_twice_right,1,0.906103,4.200362,8.739264,0.057307,0.002273,-0.013743
200417250.000,YYQ,recording,knock_twice_right,1,0.885409,4.210819,8.858237,0.053731,0.006342,-0.013525
200417260.000,YYQ,recording,knock_twice_right,1,0.885247,4.198492,8.936901,0.061024,0.021089,-0.011588
200417270.000,YYQ,recording,knock_twice_right,1,0.926290,4.193297,8.922779,0.074055,0.048190,-0.009998
200417280.000,YYQ,recording,knock_twice_right,1,0.981912,4.179956,8.858236,0.085648,0.079410,-0.007624
200417290.000,YYQ,recording,knock_twice_right,1,1.007271,4.215306,8.820765,0.092495,0.105479,-0.004222
200417300.000,YYQ,recording,knock_twice_right,1,1.011723,4.241078,8.739086,0.092512,0.120776,-0.000860
200417310.000,YYQ,recording,knock_twice_right,1,1.004525,4.227668,8.660436,0.083604,0.124483,0.000487
200417320.000,YYQ,recording,knock_twice_right,1,0.998662,4.268951,8.656827,0.067197,0.120348,0.000719
200417330.000,YYQ,recording,knock_twice_right,1,0.979338,4.277581,8.718204,0.052431,0.112658,0.000492
200417340.000,YYQ,recording,knock_twice_right,1,0.987265,4.260851,8.820830,0.047056,0.103265,-0.000705
200417350.000,YYQ,recording,knock_twice_right,1,0.997616,4.279738,8.861279,0.051390,0.089857,-0.003013
200417360.000,YYQ,recording,knock_twice_right,1,0.996432,4.301511,8.932561,0.062329,0.071582,-0.006392
200417370.000,YYQ,recording,knock_twice_right,1,0.913066,4.311287,8.942895,0.077602,0.052236,-0.010008
200417380.000,YYQ,recording,knock_twice_right,1,0.833410,4.302725,8.915846,0.094049,0.035147,-0.013156
200417390.000,YYQ,recording,knock_twice_right,1,0.773368,4.311530,8.884573,0.108397,0.020970,-0.014918
200417400.000,YYQ,recording,knock_twice_right,1,0.763618,4.301836,8.823095,0.118240,0.008539,-0.015689
200417410.000,YYQ,recording,knock_twice_right,1,0.798915,4.341278,8.760168,0.122438,-0.004220,-0.016816
200417420.000,YYQ,recording,knock_twice_right,1,0.816647,4.348483,8.703317,0.121115,-0.015139,-0.017674
200417430.000,YYQ,recording,knock_twice_right,1,0.841596,4.376198,8.633980,0.114386,-0.023854,-0.017529
200417440.000,YYQ,recording,knock_twice_right,1,0.875282,4.354515,8.635190,0.105020,-0.029602,-0.016555
200417450.000,YYQ,recording,knock_twice_right,1,0.885400,4.356600,8.677786,0.099475,-0.026495,-0.015488
200417460.000,YYQ,recording,knock_twice_right,1,0.862790,4.371443,8.670879,0.100625,-0.017499,-0.013881
200417470.000,YYQ,recording,knock_twice_right,1,0.885201,4.386158,8.674167,0.104106,-0.006768,-0.010608
200417480.000,YYQ,recording,knock_twice_right,1,0.894908,4.388010,8.602919,0.104826,0.005341,-0.007519
200417490.000,YYQ,recording,knock_twice_right,1,0.902679,4.385434,8.564846,0.099501,0.015719,-0.006035
200417500.000,YYQ,recording,knock_twice_right,1,0.892804,4.381125,8.479395,0.086664,0.025805,-0.006256
200417510.000,YYQ,recording,knock_twice_right,1,0.852266,4.389284,8.440773,0.067352,0.036194,-0.007026
200417520.000,YYQ,recording,knock_twice_right,1,0.875281,4.391151,8.465751,0.047432,0.044283,-0.006326
200417530.000,YYQ,recording,knock_twice_right,1,0.887806,4.375810,8.554815,0.030353,0.051034,-0.006693
200417540.000,YYQ,recording,knock_twice_right,1,0.898653,4.383988,8.593838,0.016790,0.053446,-0.009963
200417550.000,YYQ,recording,knock_twice_right,1,0.890514,4.382618,8.660089,0.007948,0.045588,-0.013678
200417560.000,YYQ,recording,knock_twice_right,1,0.876043,4.412722,8.738173,0.008043,0.029033,-0.016854
200417570.000,YYQ,recording,knock_twice_right,1,0.880606,4.406649,8.868540,0.020175,0.011937,-0.020003
200417580.000,YYQ,recording,knock_twice_right,1,0.826807,4.405892,8.939432,0.040819,-0.000170,-0.022349
200417590.000,YYQ,recording,knock_twice_right,1,0.816445,4.397169,8.914322,0.062323,-0.003248,-0.023994
200417600.000,YYQ,recording,knock_twice_right,1,0.769186,4.424857,8.790184,0.075255,0.002395,-0.023109
200417610.000,YYQ,recording,knock_twice_right,1,0.783005,4.429425,8.593732,0.072210,0.009009,-0.019502
200417620.000,YYQ,recording,knock_twice_right,1,0.769635,4.468332,8.486143,0.055138,0.011690,-0.016184
200417630.000,YYQ,recording,knock_twice_right,1,0.776635,4.472724,8.486081,0.030105,0.009414,-0.012988
200417640.000,YYQ,recording,knock_twice_right,1,0.802354,4.478700,8.517330,0.003257,0.003346,-0.010065
200417650.000,YYQ,recording,knock_twice_right,1,0.792545,4.467638,8.617480,-0.017554,-0.003382,-0.008119
200417660.000,YYQ,recording,knock_twice_right,1,0.791983,4.445866,8.671942,-0.029689,-0.007788,-0.006953
200417670.000,YYQ,recording,knock_twice_right,1,0.792048,4.443971,8.678843,-0.035840,-0.007304,-0.005904
200417680.000,YYQ,recording,knock_twice_right,1,0.812935,4.430918,8.697120,-0.038193,-0.004534,-0.004841
200417690.000,YYQ,recording,knock_twice_right,1,0.826328,4.453147,8.648517,-0.038028,-0.003336,-0.003506
200417700.000,YYQ,recording,knock_twice_right,1,0.880729,4.448348,8.674784,-0.037509,-0.004521,-0.001465
200417710.000,YYQ,recording,knock_twice_right,1,0.906164,4.441952,8.721414,-0.037257,-0.005543,-0.000417
200417720.000,YYQ,recording,knock_twice_right,1,0.889818,4.449914,8.783802,-0.034428,-0.006545,-0.001907
200417730.000,YYQ,recording,knock_twice_right,1,0.864592,4.416577,8.858063,-0.025496,-0.007858,-0.003624
200417740.000,YYQ,recording,knock_twice_right,1,0.822877,4.417851,8.824999,-0.013060,-0.007700,-0.003376
200417750.000,YYQ,recording,knock_twice_right,1,0.825793,4.415280,8.766126,-0.003525,-0.004784,-0.002817
200417760.000,YYQ,recording,knock_twice_right,1,0.835398,4.421587,8.770256,0.001688,0.002265,-0.002274
200417770.000,YYQ,recording,knock_twice_right,1,0.840756,4.425864,8.718702,0.004760,0.010903,-0.003102
200417780.000,YYQ,recording,knock_twice_right,1,0.844530,4.421820,8.650572,0.003689,0.019835,-0.005790
200417790.000,YYQ,recording,knock_twice_right,1,0.838918,4.415956,8.614600,-0.004477,0.028834,-0.007235
200417800.000,YYQ,recording,knock_twice_right,1,0.805366,4.432630,8.618429,-0.016595,0.035958,-0.007009
200417810.000,YYQ,recording,knock_twice_right,1,0.779901,4.443024,8.640626,-0.027915,0.039561,-0.005697
200417820.000,YYQ,recording,knock_twice_right,1,0.707131,4.448397,8.679274,-0.036624,0.040256,-0.003345
200417830.000,YYQ,recording,knock_twice_right,1,0.737273,4.437093,8.736676,-0.040132,0.038237,0.000295
200417840.000,YYQ,recording,knock_twice_right,1,0.734566,4.441191,8.756635,-0.038763,0.032158,0.004629
200417850.000,YYQ,recording,knock_twice_right,1,0.800130,4.421928,8.739434,-0.036678,0.024829,0.006516
200417860.000,YYQ,recording,knock_twice_right,1,0.816884,4.424878,8.696251,-0.035382,0.018733,0.007231
200417870.000,YYQ,recording,knock_twice_right,1,0.821534,4.420987,8.737688,-0.033731,0.011512,0.007524
200417880.000,YYQ,recording,knock_twice_right,1,0.865809,4.405662,8.768112,-0.029067,0.007057,0.004381
200417890.000,YYQ,recording,knock_twice_right,1,0.875585,4.341453,8.769574,-0.020564,0.010288,0.000939
200417900.000,YYQ,recording,knock_twice_right,1,0.852639,4.327897,8.774616,-0.011523,0.015422,-0.001787
200417910.000,YYQ,recording,knock_twice_right,1,0.822504,4.328042,8.746682,-0.004936,0.015813,-0.004706
200417920.000,YYQ,recording,knock_twice_right,1,0.734109,4.340866,8.763282,0.000537,0.009634,-0.004798
200417930.000,YYQ,recording,knock_twice_right,1,0.715859,4.348026,8.769898,0.007235,-0.000616,-0.002173
200417940.000,YYQ,recording,knock_twice_right,1,0.748663,4.301346,8.757431,0.012792,-0.008070,-0.000709
200417950.000,YYQ,recording,knock_twice_right,1,0.815927,4.308950,8.677513,0.015679,-0.010348,-0.002844
200417960.000,YYQ,recording,knock_twice_right,1,0.805832,4.331474,8.576082,0.013358,-0.009746,-0.006041
200417970.000,YYQ,recording,knock_twice_right,1,0.776435,4.359622,8.516287,0.002321,-0.006290,-0.006297
200417980.000,YYQ,recording,knock_twice_right,1,0.741009,4.371562,8.478425,-0.014846,-0.001409,-0.003180
200417990.000,YYQ,recording,knock_twice_right,1,0.750833,4.387156,8.512062,-0.032322,0.007835,0.000187
200418000.000,YYQ,recording,knock_twice_right,1,0.772778,4.364841,8.499797,-0.047088,0.019494,0.000992
200418010.000,YYQ,recording,knock_twice_right,1,0.842922,4.368005,8.519351,-0.059809,0.027519,-0.001512
200418020.000,YYQ,recording,knock_twice_right,1,0.845834,4.393028,8.582111,-0.069712,0.038742,-0.005954
200418030.000,YYQ,recording,knock_twice_right,1,0.845962,4.379850,8.610476,-0.076813,0.057876,-0.010692
200418040.000,YYQ,recording,knock_twice_right,1,0.806975,4.352685,8.615972,-0.083622,0.078128,-0.013015
200418050.000,YYQ,recording,knock_twice_right,1,0.778912,4.333813,8.630981,-0.092133,0.090743,-0.012063
200418060.000,YYQ,recording,knock_twice_right,1,0.767196,4.348213,8.719988,-0.099693,0.095231,-0.009731
200418070.000,YYQ,recording,knock_twice_right,1,0.775854,4.337789,8.843269,-0.100284,0.090609,-0.007975
200418080.000,YYQ,recording,knock_twice_right,1,0.765693,4.310538,8.979783,-0.090252,0.076039,-0.007177
200418090.000,YYQ,recording,knock_twice_right,1,0.758575,4.301387,9.075666,-0.068824,0.057618,-0.007116
200418100.000,YYQ,recording,knock_twice_right,1,0.734410,4.291169,9.054240,-0.041244,0.039165,-0.008777
200418110.000,YYQ,recording,knock_twice_right,1,0.738787,4.288272,8.995644,-0.018158,0.020919,-0.011073
200418120.000,YYQ,recording,knock_twice_right,1,0.693374,4.352520,8.936037,-0.003206,0.005212,-0.011954
200418130.000,YYQ,recording,knock_twice_right,1,0.658024,4.361251,8.874325,0.005149,-0.004962,-0.009815
200418140.000,YYQ,recording,knock_twice_right,1,0.695591,4.385158,8.837327,0.007458,-0.008190,-0.005561
200418150.000,YYQ,recording,knock_twice_right,1,0.753235,4.350658,8.860299,0.008189,-0.004661,-0.002260
200418160.000,YYQ,recording,knock_twice_right,1,0.799806,4.348473,8.914014,0.012834,0.004034,-0.001833
200418170.000,YYQ,recording,knock_twice_right,1,0.786440,4.361215,8.891328,0.022232,0.012428,-0.002104
200418180.000,YYQ,recording,knock_twice_right,1,0.780291,4.366684,8.849214,0.032029,0.015368,-0.000897
200418190.000,YYQ,recording,knock_twice_right,1,0.749264,4.359911,8.754947,0.036532,0.013940,0.000611
200418200.000,YYQ,recording,knock_twice_right,1,0.771942,4.366796,8.699228,0.035877,0.011062,0.002446
200418210.000,YYQ,recording,knock_twice_right,1,0.793472,4.361733,8.698179,0.033043,0.007952,0.003097
200418220.000,YYQ,recording,knock_twice_right,1,0.808533,4.329652,8.779553,0.029896,0.004256,0.000073
200418230.000,YYQ,recording,knock_twice_right,1,0.760325,4.316312,8.820552,0.029732,-0.000585,-0.004137
200418240.000,YYQ,recording,knock_twice_right,1,0.741329,4.332336,8.842433,0.035586,-0.006573,-0.008147
200418250.000,YYQ,recording,knock_twice_right,1,0.767242,4.330689,8.888877,0.046507,-0.010940,-0.013358
200418260.000,YYQ,recording,knock_twice_right,1,0.788168,4.310288,8.854022,0.061964,-0.012661,-0.020349
200418270.000,YYQ,recording,knock_twice_right,1,0.830505,4.304171,8.824367,0.080448,-0.011130,-0.029339
200418280.000,YYQ,recording,knock_twice_right,1,0.851960,4.274150,8.716708,0.095913,-0.006084,-0.041482
200418290.000,YYQ,recording,knock_twice_right,1,0.885921,4.287528,8.645290,0.104844,-0.001199,-0.056626
200418300.000,YYQ,recording,knock_twice_right,1,0.813137,4.321961,8.604765,0.106288,0.003839,-0.070763
200418310.000,YYQ,recording,knock_twice_right,1,0.739525,4.361302,8.555238,0.099961,0.009054,-0.079464
200418320.000,YYQ,recording,knock_twice_right,1,0.713153,4.387566,8.558574,0.089535,0.011068,-0.079764
200418330.000,YYQ,recording,knock_twice_right,1,0.670763,4.427420,8.603693,0.078762,0.009348,-0.072520
200418340.000,YYQ,recording,knock_twice_right,1,0.642815,4.472884,8.558313,0.067785,0.004721,-0.059778
200418350.000,YYQ,recording,knock_twice_right,1,0.605919,4.525852,8.529085,0.056426,-0.000981,-0.044214
200418360.000,YYQ,recording,knock_twice_right,1,0.665484,4.477960,8.524684,0.044304,-0.002729,-0.030452
200418370.000,YYQ,recording,knock_twice_right,1,0.677439,4.444833,8.574069,0.032611,-0.000547,-0.021456
200418380.000,YYQ,recording,knock_twice_right,1,0.657803,4.429021,8.663741,0.024768,-0.001951,-0.015484
200418390.000,YYQ,recording,knock_twice_right,1,0.653119,4.424495,8.816493,0.025849,-0.008947,-0.011131
200418400.000,YYQ,recording,knock_twice_right,1,0.652113,4.416626,8.920876,0.037109,-0.019833,-0.008542
200418410.000,YYQ,recording,knock_twice_right,1,0.661176,4.433304,8.955055,0.057441,-0.034373,-0.007408
200418420.000,YYQ,recording,knock_twice_right,1,0.698554,4.454960,8.971590,0.083226,-0.051526,-0.007760
200418430.000,YYQ,recording,knock_twice_right,1,0.703103,4.500732,8.944347,0.107864,-0.066605,-0.008032
200418440.000,YYQ,recording,knock_twice_right,1,0.690231,4.486146,8.864247,0.128463,-0.075686,-0.008696
200418450.000,YYQ,recording,knock_twice_right,1,0.745775,4.521617,8.733459,0.141239,-0.079145,-0.009865
200418460.000,YYQ,recording,knock_twice_right,1,0.763757,4.517274,8.619251,0.142281,-0.077199,-0.009930
200418470.000,YYQ,recording,knock_twice_right,1,0.795288,4.536759,8.533260,0.131625,-0.069348,-0.010139
200418480.000,YYQ,recording,knock_twice_right,1,0.811291,4.529186,8.491171,0.113939,-0.058853,-0.011891
200418490.000,YYQ,recording,knock_twice_right,1,0.830382,4.526436,8.555828,0.096967,-0.052492,-0.013956
200418500.000,YYQ,recording,knock_twice_right,1,0.785550,4.556695,8.646451,0.084717,-0.049727,-0.015250
200418510.000,YYQ,recording,knock_twice_right,1,0.770556,4.554720,8.657746,0.079638,-0.045331,-0.016901
200418520.000,YYQ,recording,knock_twice_right,1,0.758201,4.559665,8.660462,0.079006,-0.040571,-0.018569
200418530.000,YYQ,recording,knock_twice_right,1,0.757045,4.570996,8.589281,0.077067,-0.036348,-0.019113
200418540.000,YYQ,recording,knock_twice_right,1,0.762608,4.602105,8.514568,0.071340,-0.030782,-0.018742
200418550.000,YYQ,recording,knock_twice_right,1,0.801640,4.630896,8.479981,0.062830,-0.025228,-0.018494
200418560.000,YYQ,recording,knock_twice_right,1,0.811285,4.616706,8.518982,0.055228,-0.019803,-0.017863
200418570.000,YYQ,recording,knock_twice_right,1,0.831633,4.586289,8.584935,0.051892,-0.011186,-0.017512
200418580.000,YYQ,recording,knock_twice_right,1,0.816647,4.583843,8.649607,0.054111,-0.003172,-0.019006
200418590.000,YYQ,recording,knock_twice_right,1,0.750927,4.617937,8.696818,0.064835,-0.000710,-0.017971
200418600.000,YYQ,recording,knock_twice_right,1,0.719029,4.653162,8.725685,0.083474,0.000324,-0.014245
200418610.000,YYQ,recording,knock_twice_right,1,0.740602,4.597139,8.691498,0.103992,0.001884,-0.013066
200418620.000,YYQ,recording,knock_twice_right,1,0.774792,4.565157,8.678158,0.122246,0.010587,-0.014624
200418630.000,YYQ,recording,knock_twice_right,1,0.768964,4.606566,8.555583,0.130710,0.033629,-0.018831
200418640.000,YYQ,recording,knock_twice_right,1,0.709601,4.577842,8.386971,0.122124,0.059803,-0.022155
200418650.000,YYQ,recording,knock_twice_right,1,0.641924,4.592239,8.290593,0.098490,0.072126,-0.020688
200418660.000,YYQ,recording,knock_twice_right,1,0.610810,4.632005,8.362359,0.069072,0.060989,-0.015794
200418670.000,YYQ,recording,knock_twice_right,1,0.649603,4.655896,8.445626,0.042424,0.032122,-0.011299
200418680.000,YYQ,recording,knock_twice_right,1,0.660551,4.663378,8.526229,0.021237,0.001947,-0.010789
200418690.000,YYQ,recording,knock_twice_right,1,0.670995,4.673511,8.587812,0.006087,-0.017084,-0.012745
200418700.000,YYQ,recording,knock_twice_right,1,0.656051,4.683935,8.587796,-0.003061,-0.021447,-0.011670
200418710.000,YYQ,recording,knock_twice_right,1,0.638646,4.661049,8.538313,-0.009580,-0.019853,-0.005985
200418720.000,YYQ,recording,knock_twice_right,1,0.659265,4.662085,8.517654,-0.015630,-0.020948,0.000621
200418730.000,YYQ,recording,knock_twice_right,1,0.716307,4.696798,8.519838,-0.018295,-0.020915,0.006337
200418740.000,YYQ,recording,knock_twice_right,1,0.743365,4.685415,8.526724,-0.016345,-0.013965,0.012598
200418750.000,YYQ,recording,knock_twice_right,1,0.784175,4.684125,8.505830,-0.013985,-0.003802,0.018426
200418760.000,YYQ,recording,knock_twice_right,1,0.805575,4.660687,8.501077,-0.013666,0.004598,0.020962
200418770.000,YYQ,recording,knock_twice_right,1,0.816258,4.661267,8.489116,-0.015834,0.011533,0.020322
200418780.000,YYQ,recording,knock_twice_right,1,0.844295,4.618724,8.502461,-0.020063,0.014554,0.017346
200418790.000,YYQ,recording,knock_twice_right,1,0.875033,4.624173,8.566610,-0.021992,0.014662,0.011942
200418800.000,YYQ,recording,knock_twice_right,1,0.867507,4.565303,8.678381,-0.016195,0.017787,0.004771
200418810.000,YYQ,recording,knock_twice_right,1,0.797457,4.566865,8.726859,-0.003811,0.022310,-0.001817
200418820.000,YYQ,recording,knock_twice_right,1,0.694383,4.587065,8.663362,0.007539,0.022409,-0.006348
200418830.000,YYQ,recording,knock_twice_right,1,0.646643,4.639268,8.619737,0.012129,0.017205,-0.007320
200418840.000,YYQ,recording,knock_twice_right,1,0.630033,4.636053,8.548151,0.009518,0.010488,-0.004538
200418850.000,YYQ,recording,knock_twice_right,1,0.637348,4.662540,8.525567,0.002310,0.003601,-0.001028
200418860.000,YYQ,recording,knock_twice_right,1,0.660679,4.663990,8.535688,-0.005836,-0.005190,0.002048
200418870.000,YYQ,recording,knock_twice_right,1,0.705426,4.664613,8.594566,-0.010938,-0.014809,0.004072
200418880.000,YYQ,recording,knock_twice_right,1,0.760774,4.652997,8.614923,-0.009103,-0.021187,0.004434
200418890.000,YYQ,recording,knock_twice_right,1,0.783414,4.657069,8.618749,-0.002522,-0.023496,0.003954
200418900.000,YYQ,recording,knock_twice_right,1,0.825096,4.645460,8.572634,0.002588,-0.020545,0.003122
200418910.000,YYQ,recording,knock_twice_right,1,0.825651,4.655503,8.541314,0.003577,-0.012465,0.002701
200418920.000,YYQ,recording,knock_twice_right,1,0.810070,4.643271,8.478318,-0.000042,-0.005462,0.001434
200418930.000,YYQ,recording,knock_twice_right,1,0.827620,4.628820,8.482754,-0.005927,-0.000293,-0.000055
200418940.000,YYQ,recording,knock_twice_right,1,0.830279,4.633595,8.525966,-0.011378,0.004584,-0.001346
200418950.000,YYQ,recording,knock_twice_right,1,0.822662,4.638488,8.567774,-0.015635,0.006413,-0.002497
200418960.000,YYQ,recording,knock_twice_right,1,0.795665,4.656656,8.605013,-0.016257,0.006793,-0.003872
200418970.000,YYQ,recording,knock_twice_right,1,0.731074,4.661280,8.676414,-0.012488,0.006087,-0.005376
200418980.000,YYQ,recording,knock_twice_right,1,0.711470,4.618300,8.704297,-0.005443,0.001318,-0.005841
200418990.000,YYQ,recording,knock_twice_right,1,0.713085,4.616774,8.709822,0.002554,-0.007026,-0.006529
200419000.000,YYQ,recording,knock_twice_right,1,0.747500,4.624744,8.691567,0.008407,-0.015147,-0.007716
200419010.000,YYQ,recording,knock_twice_right,1,0.705270,4.664148,8.646082,0.012460,-0.019335,-0.008070
200419020.000,YYQ,recording,knock_twice_right,1,0.721642,4.616398,8.655476,0.014054,-0.019451,-0.007346
200419030.000,YYQ,recording,knock_twice_right,1,0.773672,4.634571,8.622384,0.013291,-0.016787,-0.006639
200419040.000,YYQ,recording,knock_twice_right,1,0.800997,4.638399,8.621435,0.012224,-0.010411,-0.007945
200419050.000,YYQ,recording,knock_twice_right,1,0.859911,4.659142,8.638749,0.013598,-0.001858,-0.010923
200419060.000,YYQ,recording,knock_twice_right,1,0.865992,4.625504,8.732462,0.022361,0.006249,-0.014388
200419070.000,YYQ,recording,knock_twice_right,1,0.841928,4.653917,8.733481,0.036996,0.014784,-0.018543
200419080.000,YYQ,recording,knock_twice_right,1,0.787983,4.650558,8.650676,0.047768,0.021449,-0.021718
200419090.000,YYQ,recording,knock_twice_right,1,0.704050,4.707813,8.550019,0.049148,0.021555,-0.021288
200419100.000,YYQ,recording,knock_twice_right,1,0.652441,4.707001,8.520542,0.043699,0.014042,-0.016984
200419110.000,YYQ,recording,knock_twice_right,1,0.630285,4.695855,8.548496,0.037065,0.001965,-0.012450
200419120.000,YYQ,recording,knock_twice_right,1,0.662243,4.672555,8.543141,0.032985,-0.010731,-0.010268
200419130.000,YYQ,recording,knock_twice_right,1,0.671927,4.667319,8.508222,0.031201,-0.022941,-0.009642
200419140.000,YYQ,recording,knock_twice_right,1,0.697256,4.665911,8.504053,0.029657,-0.034574,-0.008077
200419150.000,YYQ,recording,knock_twice_right,1,0.734219,4.664946,8.494570,0.028902,-0.039415,-0.006948
200419160.000,YYQ,recording,knock_twice_right,1,0.760864,4.660494,8.499570,0.031314,-0.033084,-0.007258
200419170.000,YYQ,recording,knock_twice_right,1,0.793181,4.664075,8.513680,0.034633,-0.018850,-0.008053
200419180.000,YYQ,recording,knock_twice_right,1,0.825745,4.673318,8.505562,0.034647,-0.000001,-0.010381
200419190.000,YYQ,recording,knock_twice_right,1,0.819616,4.683247,8.479671,0.030044,0.014411,-0.012992
200419200.000,YYQ,recording,knock_twice_right,1,0.814135,4.712571,8.548837,0.025031,0.017518,-0.014541
200419210.000,YYQ,recording,knock_twice_right,1,0.833636,4.663622,8.652438,0.027222,0.014674,-0.016853
200419220.000,YYQ,recording,knock_twice_right,1,0.849340,4.698965,8.755543,0.038384,0.011314,-0.020774
200419230.000,YYQ,recording,knock_twice_right,1,0.805813,4.683348,8.706893,0.055339,0.008869,-0.024160
200419240.000,YYQ,recording,knock_twice_right,1,0.771517,4.695274,8.620597,0.071860,0.008025,-0.024669
200419250.000,YYQ,recording,knock_twice_right,1,0.777743,4.732245,8.556820,0.085562,0.011539,-0.023068
200419260.000,YYQ,recording,knock_twice_right,1,0.762852,4.745431,8.524666,0.097504,0.024997,-0.022164
200419270.000,YYQ,recording,knock_twice_right,1,0.760649,4.765253,8.423673,0.105951,0.052717,-0.023416
200419280.000,YYQ,recording,knock_twice_right,1,0.821912,4.787355,8.333490,0.105189,0.092578,-0.032092
200419290.000,YYQ,recording,knock_twice_right,1,0.919882,4.885531,8.462724,0.100604,0.132992,-0.048313
200419300.000,YYQ,recording,knock_twice_right,1,0.972569,4.793213,8.815372,0.118601,0.175799,-0.069802
200419310.000,YYQ,recording,knock_twice_right,1,1.086316,4.639248,9.037007,0.172998,0.237736,-0.099688
200419320.000,YYQ,recording,knock_twice_right,1,0.910518,4.502341,8.793801,0.237529,0.300768,-0.132314
200419330.000,YYQ,recording,knock_twice_right,1,0.410068,4.493502,8.216518,0.271348,0.355112,-0.158180
200419340.000,YYQ,recording,knock_twice_right,1,-1.662967,4.362114,6.758924,0.204830,0.401688,-0.150127
200419350.000,YYQ,recording,knock_twice_right,1,-1.449241,4.245239,6.564747,0.038861,0.361876,-0.065493
200419360.000,YYQ,recording,knock_twice_right,1,-0.625257,5.313671,8.113853,-0.126629,0.234513,0.082658
200419370.000,YYQ,recording,knock_twice_right,1,0.360225,5.643524,8.789177,-0.209147,0.093551,0.196694
200419380.000,YYQ,recording,knock_twice_right,1,1.474945,5.234115,9.449068,-0.186541,-0.024715,0.215616
200419390.000,YYQ,recording,knock_twice_right,1,2.145826,5.056562,9.646530,-0.105423,-0.086430,0.165433
200419400.000,YYQ,recording,knock_twice_right,1,1.842618,4.720491,9.383585,-0.008211,-0.087693,0.082180
200419410.000,YYQ,recording,knock_twice_right,1,1.494145,4.242614,9.269935,0.089261,-0.056214,-0.004749
200419420.000,YYQ,recording,knock_twice_right,1,0.848724,4.435478,8.977258,0.167836,-0.020430,-0.077425
200419430.000,YYQ,recording,knock_twice_right,1,0.901586,4.680927,8.840785,0.209408,0.005244,-0.135248
200419440.000,YYQ,recording,knock_twice_right,1,0.591891,5.150685,8.622559,0.208824,0.010208,-0.157345
200419450.000,YYQ,recording,knock_twice_right,1,-0.610643,5.564755,8.077509,0.154213,-0.009820,-0.131751
200419460.000,YYQ,recording,knock_twice_right,1,0.095060,4.442954,7.251984,0.051100,0.025496,-0.104514
200419470.000,YYQ,recording,knock_twice_right,1,0.337195,4.407065,6.659874,-0.085756,0.095257,-0.082350
200419480.000,YYQ,recording,knock_twice_right,1,0.356816,5.320500,7.635062,-0.214908,0.065962,-0.036194
200419490.000,YYQ,recording,knock_twice_right,1,0.842801,5.452690,9.221293,-0.242223,-0.015983,0.008418
200419500.000,YYQ,recording,knock_twice_right,1,1.166653,4.855288,10.339332,-0.119840,-0.048791,0.011273
200419510.000,YYQ,recording,knock_twice_right,1,1.015089,4.309003,10.563797,0.105528,-0.024055,-0.020451
200419520.000,YYQ,recording,knock_twice_right,1,0.601785,4.304274,10.010712,0.336639,0.012510,-0.047663
200419530.000,YYQ,recording,knock_twice_right,1,0.534269,4.603650,9.381976,0.497159,0.032876,-0.058900
200419540.000,YYQ,recording,knock_twice_right,1,0.801147,4.906456,8.997378,0.578635,0.028173,-0.078506
200419550.000,YYQ,recording,knock_twice_right,1,0.946882,4.981184,8.972663,0.621032,0.015685,-0.119944
200419560.000,YYQ,recording,knock_twice_right,1,0.475924,4.777942,8.443107,0.644727,0.033490,-0.164363
200419570.000,YYQ,recording,knock_twice_right,1,-0.997118,4.297749,6.753509,0.570529,0.243878,-0.191766
200419580.000,YYQ,recording,knock_twice_right,1,-4.772669,3.614797,3.393798,0.285360,0.404303,-0.127880
200419590.000,YYQ,recording,knock_twice_right,1,-2.579038,5.297995,5.551985,-0.142005,0.233899,0.124756
200419600.000,YYQ,recording,knock_twice_right,1,-1.354145,7.033324,7.161410,-0.456636,-0.037732,0.375044
200419610.000,YYQ,recording,knock_twice_right,1,3.368510,5.937968,10.029166,-0.507379,-0.230478,0.420670
200419620.000,YYQ,recording,knock_twice_right,1,2.767258,5.837814,10.087875,-0.361324,-0.311349,0.348982
200419630.000,YYQ,recording,knock_twice_right,1,2.184083,4.896128,9.862252,-0.162214,-0.333416,0.255032
200419640.000,YYQ,recording,knock_twice_right,1,1.585494,4.276440,8.743406,-0.017857,-0.319880,0.170615
200419650.000,YYQ,recording,knock_twice_right,1,1.271246,4.616261,7.973855,0.025906,-0.279336,0.097272
200419660.000,YYQ,recording,knock_twice_right,1,1.381608,4.888044,7.658795,-0.019479,-0.229512,0.034563
200419670.000,YYQ,recording,knock_twice_right,1,1.233098,5.265827,7.481313,-0.109141,-0.163944,-0.003404
200419680.000,YYQ,recording,knock_twice_right,1,1.016812,5.400176,7.370612,-0.215859,-0.045561,-0.018517
200419690.000,YYQ,recording,knock_twice_right,1,0.658647,5.214863,7.079506,-0.342724,0.087259,-0.051096
200419700.000,YYQ,recording,knock_twice_right,1,0.611768,4.307749,7.774628,-0.461919,0.140946,-0.115966
200419710.000,YYQ,recording,knock_twice_right,1,0.410786,4.205965,8.898495,-0.499471,0.144872,-0.152379
200419720.000,YYQ,recording,knock_twice_right,1,0.327195,4.531190,9.486719,-0.433726,0.161611,-0.131657
200419730.000,YYQ,recording,knock_twice_right,1,0.421304,4.747620,9.442374,-0.318600,0.152732,-0.091365
200419740.000,YYQ,recording,knock_twice_right,1,0.348390,4.759303,9.321970,-0.208440,0.090084,-0.054188
200419750.000,YYQ,recording,knock_twice_right,1,0.275243,4.712532,9.287426,-0.119237,0.008016,-0.015706
200419760.000,YYQ,recording,knock_twice_right,1,0.258873,4.660335,9.302998,-0.048022,-0.058845,0.021741
200419770.000,YYQ,recording,knock_twice_right,1,0.384248,4.582678,9.084001,0.002752,-0.101355,0.047032
200419780.000,YYQ,recording,knock_twice_right,1,0.474103,4.611629,8.820406,0.031314,-0.112808,0.058723
200419790.000,YYQ,recording,knock_twice_right,1,0.552258,4.686678,8.616405,0.037243,-0.089317,0.062438
200419800.000,YYQ,recording,knock_twice_right,1,0.573695,4.809756,8.500734,0.023646,-0.057479,0.060782
200419810.000,YYQ,recording,knock_twice_right,1,0.664410,4.874171,8.687631,0.009734,-0.043570,0.053368
200419820.000,YYQ,recording,knock_twice_right,1,0.831142,4.750563,8.996250,0.017535,-0.040647,0.039548
200419830.000,YYQ,recording,knock_twice_right,1,0.889048,4.693425,9.006143,0.045614,-0.038766,0.019838
200419840.000,YYQ,recording,knock_twice_right,1,0.807573,4.711758,8.811796,0.071808,-0.040549,-0.001332
200419850.000,YYQ,recording,knock_twice_right,1,0.673092,4.838002,8.542655,0.079345,-0.044699,-0.015819
200419860.000,YYQ,recording,knock_twice_right,1,0.500905,4.885006,8.374837,0.066666,-0.048786,-0.018822
200419870.000,YYQ,recording,knock_twice_right,1,0.424807,4.920408,8.273754,0.040864,-0.053736,-0.014039
200419880.000,YYQ,recording,knock_twice_right,1,0.381947,4.874773,8.181233,0.010309,-0.057598,-0.005510
200419890.000,YYQ,recording,knock_twice_right,1,0.366610,4.866067,8.214600,-0.020093,-0.061007,0.004575
200419900.000,YYQ,recording,knock_twice_right,1,0.403044,4.836602,8.348548,-0.043061,-0.063759,0.014235
200419910.000,YYQ,recording,knock_twice_right,1,0.474704,4.749335,8.511764,-0.050997,-0.064229,0.021346
200419920.000,YYQ,recording,knock_twice_right,1,0.565007,4.655321,8.644110,-0.042361,-0.064020,0.023821
200419930.000,YYQ,recording,knock_twice_right,1,0.624042,4.603578,8.645962,-0.023683,-0.064706,0.022789
200419940.000,YYQ,recording,knock_twice_right,1,0.658676,4.564244,8.548578,-0.007140,-0.066477,0.019890
200419950.000,YYQ,recording,knock_twice_right,1,0.691763,4.579184,8.442343,0.000103,-0.068503,0.016992
200419960.000,YYQ,recording,knock_twice_right,1,0.770952,4.595197,8.399828,0.001344,-0.065427,0.012338
200419970.000,YYQ,recording,knock_twice_right,1,0.863970,4.597625,8.412035,0.001052,-0.055077,0.002025
200419980.000,YYQ,recording,knock_twice_right,1,0.873509,4.639482,8.404026,0.000287,-0.038353,-0.010771
200419990.000,YYQ,recording,knock_twice_right,1,0.813154,4.678723,8.353609,-0.003077,-0.014802,-0.020138
200420000.000,YYQ,recording,knock_twice_right,1,0.732111,4.722094,8.327741,-0.009556,0.006963,-0.024717
200420010.000,YYQ,recording,knock_twice_right,1,0.702440,4.785783,8.366557,-0.015384,0.023655,-0.026610
200420020.000,YYQ,recording,knock_twice_right,1,0.659906,4.789421,8.399632,-0.019519,0.034714,-0.026299
200420030.000,YYQ,recording,knock_twice_right,1,0.598481,4.773619,8.471870,-0.021680,0.035376,-0.024363
200420040.000,YYQ,recording,knock_twice_right,2,0.619735,4.765660,8.547760,-0.020433,0.028692,-0.021404
200420050.000,YYQ,recording,knock_twice_right,2,0.608394,4.780068,8.598245,-0.018207,0.020345,-0.015816
200420060.000,YYQ,recording,knock_twice_right,2,0.625777,4.760519,8.565613,-0.019816,0.012121,-0.009077
200420070.000,YYQ,recording,knock_twice_right,2,0.597347,4.785035,8.581020,-0.025527,0.005140,-0.002188
200420080.000,YYQ,recording,knock_twice_right,2,0.621891,4.785390,8.577002,-0.031854,0.002084,0.006333
200420090.000,YYQ,recording,knock_twice_right,2,0.661673,4.779984,8.619878,-0.035495,0.001429,0.013892
200420100.000,YYQ,recording,knock_twice_right,2,0.698354,4.756145,8.749060,-0.031360,-0.000638,0.016681
200420110.000,YYQ,recording,knock_twice_right,2,0.746242,4.721162,8.883270,-0.015412,-0.002330,0.014692
200420120.000,YYQ,recording,knock_twice_right,2,0.745872,4.741022,8.900558,0.008706,-0.003391,0.009858
200420130.000,YYQ,recording,knock_twice_right,2,0.681787,4.746508,8.827710,0.033254,-0.007936,0.003802
200420140.000,YYQ,recording,knock_twice_right,2,0.639194,4.784581,8.708751,0.051188,-0.014525,-0.000859
200420150.000,YYQ,recording,knock_twice_right,2,0.643601,4.816907,8.549956,0.058344,-0.019498,-0.002746
200420160.000,YYQ,recording,knock_twice_right,2,0.674576,4.860330,8.436884,0.054553,-0.022595,-0.004289
200420170.000,YYQ,recording,knock_twice_right,2,0.661182,4.896642,8.404953,0.046525,-0.022625,-0.005045
200420180.000,YYQ,recording,knock_twice_right,2,0.608852,4.894954,8.419262,0.039671,-0.018879,-0.002362
200420190.000,YYQ,recording,knock_twice_right,2,0.626008,4.865302,8.390528,0.032096,-0.012436,0.001377
200420200.000,YYQ,recording,knock_twice_right,2,0.660625,4.837337,8.368720,0.020962,-0.005586,0.003242
200420210.000,YYQ,recording,knock_twice_right,2,0.705100,4.841703,8.377403,0.009541,-0.000066,0.003471
200420220.000,YYQ,recording,knock_twice_right,2,0.730864,4.779764,8.402511,0.002347,0.004712,0.002374
200420230.000,YYQ,recording,knock_twice_right,2,0.675515,4.725491,8.409175,-0.003007,0.007270,0.000408
200420240.000,YYQ,recording,knock_twice_right,2,0.670826,4.676065,8.447827,-0.007706,0.007816,-0.002512
200420250.000,YYQ,recording,knock_twice_right,2,0.664055,4.693158,8.572423,-0.009156,0.007402,-0.006184
200420260.000,YYQ,recording,knock_twice_right,2,0.632169,4.707750,8.637706,-0.002812,0.003341,-0.008569
200420270.000,YYQ,recording,knock_twice_right,2,0.607046,4.697738,8.664089,0.009826,-0.000260,-0.008535
200420280.000,YYQ,recording,knock_twice_right,2,0.576624,4.683752,8.575097,0.021310,-0.001952,-0.005908
200420290.000,YYQ,recording,knock_twice_right,2,0.582785,4.729870,8.477526,0.026218,-0.002102,-0.000365
200420300.000,YYQ,recording,knock_twice_right,2,0.571775,4.712876,8.402382,0.023234,0.002813,0.006355
200420310.000,YYQ,recording,knock_twice_right,2,0.622462,4.697600,8.403655,0.016335,0.009406,0.012684
200420320.000,YYQ,recording,knock_twice_right,2,0.644134,4.701886,8.444411,0.011380,0.013524,0.018737
200420330.000,YYQ,recording,knock_twice_right,2,0.595220,4.728292,8.403495,0.007786,0.012873,0.023584
200420340.000,YYQ,recording,knock_twice_right,2,0.615063,4.727174,8.382086,0.001743,0.008142,0.026137
200420350.000,YYQ,recording,knock_twice_right,2,0.688832,4.751733,8.421870,-0.005738,0.003112,0.025313
200420360.000,YYQ,recording,knock_twice_right,2,0.669465,4.766427,8.473019,-0.011667,0.000394,0.020587
200420370.000,YYQ,recording,knock_twice_right,2,0.671366,4.782563,8.526555,-0.014160,-0.000728,0.014744
200420380.000,YYQ,recording,knock_twice_right,2,0.629083,4.818527,8.582159,-0.011047,-0.003369,0.010751
200420390.000,YYQ,recording,knock_twice_right,2,0.628278,4.806143,8.642238,-0.002318,-0.006163,0.008424
200420400.000,YYQ,recording,knock_twice_right,2,0.631614,4.814369,8.605567,0.006936,-0.004513,0.007110
200420410.000,YYQ,recording,knock_twice_right,2,0.640965,4.795956,8.536298,0.011981,0.000974,0.006796
200420420.000,YYQ,recording,knock_twice_right,2,0.613700,4.816864,8.443664,0.009769,0.003905,0.007540
200420430.000,YYQ,recording,knock_twice_right,2,0.572660,4.817536,8.415631,0.001643,-0.002517,0.010688
200420440.000,YYQ,recording,knock_twice_right,2,0.525687,4.799095,8.456786,-0.005422,-0.019130,0.017026
200420450.000,YYQ,recording,knock_twice_right,2,0.590371,4.749633,8.506280,-0.006549,-0.041552,0.022806
200420460.000,YYQ,recording,knock_twice_right,2,0.654513,4.712226,8.524082,-0.003675,-0.062645,0.024994
200420470.000,YYQ,recording,knock_twice_right,2,0.681847,4.710780,8.489882,-0.001209,-0.078252,0.025536
200420480.000,YYQ,recording,knock_twice_right,2,0.755124,4.722567,8.423132,-0.002516,-0.086547,0.025978
200420490.000,YYQ,recording,knock_twice_right,2,0.799991,4.725694,8.409116,-0.008616,-0.084656,0.027019
200420500.000,YYQ,recording,knock_twice_right,2,0.820327,4.729666,8.423556,-0.016005,-0.076758,0.025128
200420510.000,YYQ,recording,knock_twice_right,2,0.768601,4.750400,8.449198,-0.021023,-0.069552,0.019879
200420520.000,YYQ,recording,knock_twice_right,2,0.729785,4.773699,8.464426,-0.023285,-0.065325,0.015195
200420530.000,YYQ,recording,knock_twice_right,2,0.717497,4.685733,8.474167,-0.025577,-0.065376,0.012978
200420540.000,YYQ,recording,knock_twice_right,2,0.742910,4.686053,8.401717,-0.032976,-0.072241,0.014259
200420550.000,YYQ,recording,knock_twice_right,2,0.769876,4.707371,8.339306,-0.048419,-0.080426,0.017304
200420560.000,YYQ,recording,knock_twice_right,2,0.868359,4.740130,8.333915,-0.068238,-0.085006,0.018337
200420570.000,YYQ,recording,knock_twice_right,2,0.920316,4.755640,8.412873,-0.083077,-0.103017,0.016218
200420580.000,YYQ,recording,knock_twice_right,2,0.809472,4.712481,8.536865,-0.087993,-0.146654,0.027230
200420590.000,YYQ,recording,knock_twice_right,2,0.750810,4.546744,8.631662,-0.094582,-0.205478,0.069323
200420600.000,YYQ,recording,knock_twice_right,2,0.716892,4.769802,8.747237,-0.096415,-0.251439,0.096777
200420610.000,YYQ,recording,knock_twice_right,2,0.874962,4.988022,8.859606,-0.070223,-0.274115,0.073831
200420620.000,YYQ,recording,knock_twice_right,2,1.056387,4.614653,8.850957,-0.030530,-0.290639,0.045598
200420630.000,YYQ,recording,knock_twice_right,2,0.842953,4.644071,8.719103,-0.008523,-0.291961,0.042052
200420640.000,YYQ,recording,knock_twice_right,2,0.947759,4.638900,8.581951,-0.004697,-0.265867,0.044130
200420650.000,YYQ,recording,knock_twice_right,2,1.216182,4.707088,8.591759,-0.003193,-0.221479,0.033841
200420660.000,YYQ,recording,knock_twice_right,2,1.205191,4.723760,8.582995,0.000252,-0.170097,0.018029
200420670.000,YYQ,recording,knock_twice_right,2,1.127811,4.736467,8.545497,-0.000617,-0.116051,0.005677
200420680.000,YYQ,recording,knock_twice_right,2,1.034510,4.706327,8.476544,-0.008485,-0.056826,-0.002210
200420690.000,YYQ,recording,knock_twice_right,2,1.071869,4.724999,8.447993,-0.018269,0.002969,-0.009323
200420700.000,YYQ,recording,knock_twice_right,2,1.122574,4.735907,8.401677,-0.029374,0.054223,-0.018757
200420710.000,YYQ,recording,knock_twice_right,2,1.127341,4.763998,8.456314,-0.040064,0.091944,-0.029815
200420720.000,YYQ,recording,knock_twice_right,2,1.082750,4.714611,8.458359,-0.047422,0.116240,-0.041585
200420730.000,YYQ,recording,knock_twice_right,2,1.022556,4.680655,8.466324,-0.051298,0.127487,-0.051177
200420740.000,YYQ,recording,knock_twice_right,2,0.989564,4.635978,8.565825,-0.051616,0.128562,-0.056782
200420750.000,YYQ,recording,knock_twice_right,2,0.963630,4.678418,8.719071,-0.043900,0.124627,-0.058693
200420760.000,YYQ,recording,knock_twice_right,2,0.957540,4.691238,8.795720,-0.023210,0.118602,-0.056931
200420770.000,YYQ,recording,knock_twice_right,2,1.012727,4.687393,8.777432,0.003317,0.111734,-0.056107
200420780.000,YYQ,recording,knock_twice_right,2,1.013766,4.734328,8.739918,0.028035,0.106968,-0.057982
200420790.000,YYQ,recording,knock_twice_right,2,0.943469,4.751617,8.550545,0.043996,0.104268,-0.057195
200420800.000,YYQ,recording,knock_twice_right,2,0.908173,4.728025,8.393624,0.042439,0.098726,-0.049478
200420810.000,YYQ,recording,knock_twice_right,2,0.834319,4.804161,8.301469,0.022437,0.096857,-0.045220
200420820.000,YYQ,recording,knock_twice_right,2,0.784760,4.806258,8.318037,0.001922,0.099280,-0.047834
200420830.000,YYQ,recording,knock_twice_right,2,0.765624,4.669985,8.389067,-0.010670,0.097465,-0.047154
200420840.000,YYQ,recording,knock_twice_right,2,0.787048,4.754721,8.434876,-0.023856,0.095665,-0.044302
200420850.000,YYQ,recording,knock_twice_right,2,0.754528,4.762385,8.548484,-0.032618,0.097301,-0.042252
200420860.000,YYQ,recording,knock_twice_right,2,0.771124,4.723075,8.596606,-0.031627,0.099706,-0.042414
200420870.000,YYQ,recording,knock_twice_right,2,0.762380,4.701719,8.648096,-0.026085,0.104995,-0.044830
200420880.000,YYQ,recording,knock_twice_right,2,0.741846,4.687461,8.677949,-0.021236,0.113506,-0.046167
200420890.000,YYQ,recording,knock_twice_right,2,0.683626,4.636535,8.745482,-0.016500,0.119796,-0.044530
200420900.000,YYQ,recording,knock_twice_right,2,0.643511,4.605735,8.799035,-0.009826,0.121566,-0.039984
200420910.000,YYQ,recording,knock_twice_right,2,0.617816,4.562326,8.874063,0.002273,0.119130,-0.032937
200420920.000,YYQ,recording,knock_twice_right,2,0.638114,4.572144,8.879188,0.021119,0.112485,-0.025796
200420930.000,YYQ,recording,knock_twice_right,2,0.630455,4.585715,8.825591,0.041950,0.103785,-0.018782
200420940.000,YYQ,recording,knock_twice_right,2,0.625279,4.625114,8.710919,0.059289,0.095872,-0.010188
200420950.000,YYQ,recording,knock_twice_right,2,0.596512,4.633612,8.542165,0.065567,0.088002,-0.000707
200420960.000,YYQ,recording,knock_twice_right,2,0.614096,4.663980,8.403250,0.058012,0.080610,0.007791
200420970.000,YYQ,recording,knock_twice_right,2,0.644023,4.692496,8.339133,0.041954,0.073779,0.014039
200420980.000,YYQ,recording,knock_twice_right,2,0.704982,4.692105,8.304172,0.022155,0.064481,0.016930
200420990.000,YYQ,recording,knock_twice_right,2,0.746197,4.700338,8.357783,0.003281,0.054565,0.013468
200421000.000,YYQ,recording,knock_twice_right,2,0.751324,4.726822,8.472359,-0.007985,0.049434,0.004253
200421010.000,YYQ,recording,knock_twice_right,2,0.684411,4.650899,8.536830,-0.007762,0.049753,-0.006062
200421020.000,YYQ,recording,knock_twice_right,2,0.598210,4.675487,8.576390,-0.001123,0.053542,-0.013584
200421030.000,YYQ,recording,knock_twice_right,2,0.565565,4.653459,8.491780,0.002469,0.058322,-0.018124
200421040.000,YYQ,recording,knock_twice_right,2,0.601505,4.711352,8.367197,-0.004210,0.061521,-0.022862
200421050.000,YYQ,recording,knock_twice_right,2,0.604547,4.758014,8.307087,-0.019671,0.061593,-0.027140
200421060.000,YYQ,recording,knock_twice_right,2,0.605153,4.792175,8.319553,-0.037852,0.059779,-0.028634
200421070.000,YYQ,recording,knock_twice_right,2,0.562082,4.744718,8.280510,-0.057758,0.058776,-0.026161
200421080.000,YYQ,recording,knock_twice_right,2,0.564365,4.712247,8.264528,-0.079299,0.056192,-0.019241
200421090.000,YYQ,recording,knock_twice_right,2,0.603615,4.705324,8.341717,-0.097826,0.051523,-0.009835
200421100.000,YYQ,recording,knock_twice_right,2,0.682609,4.669357,8.517222,-0.103360,0.047199,-0.002915
200421110.000,YYQ,recording,knock_twice_right,2,0.744909,4.640976,8.732600,-0.088222,0.039678,-0.000564
200421120.000,YYQ,recording,knock_twice_right,2,0.770542,4.581209,8.850100,-0.055957,0.025958,-0.001641
200421130.000,YYQ,recording,knock_twice_right,2,0.729206,4.585388,8.882878,-0.018121,0.009284,-0.005117
200421140.000,YYQ,recording,knock_twice_right,2,0.728330,4.604902,8.786755,0.013677,-0.002281,-0.009400
200421150.000,YYQ,recording,knock_twice_right,2,0.702831,4.603584,8.664570,0.029512,-0.007230,-0.012093
200421160.000,YYQ,recording,knock_twice_right,2,0.677094,4.603765,8.523879,0.027119,-0.007844,-0.011644
200421170.000,YYQ,recording,knock_twice_right,2,0.673221,4.613033,8.431473,0.013541,-0.007071,-0.011188
200421180.000,YYQ,recording,knock_twice_right,2,0.710579,4.624935,8.512210,0.002422,-0.009069,-0.013182
200421190.000,YYQ,recording,knock_twice_right,2,0.763902,4.634105,8.734710,0.004108,-0.009723,-0.018702
200421200.000,YYQ,recording,knock_twice_right,2,0.760259,4.647301,8.796141,0.018125,-0.003376,-0.028442
200421210.000,YYQ,recording,knock_twice_right,2,0.734499,4.620477,8.713540,0.035846,0.009220,-0.039211
200421220.000,YYQ,recording,knock_twice_right,2,0.710232,4.657699,8.553003,0.045493,0.024221,-0.047505
200421230.000,YYQ,recording,knock_twice_right,2,0.687616,4.689778,8.379693,0.040298,0.037112,-0.053813
200421240.000,YYQ,recording,knock_twice_right,2,0.687264,4.698179,8.348879,0.025258,0.045411,-0.059222
200421250.000,YYQ,recording,knock_twice_right,2,0.715335,4.689375,8.386247,0.012695,0.054860,-0.064799
200421260.000,YYQ,recording,knock_twice_right,2,0.700884,4.724324,8.459922,0.005749,0.072953,-0.072993
200421270.000,YYQ,recording,knock_twice_right,2,0.675747,4.699364,8.399407,-0.004850,0.096594,-0.082922
200421280.000,YYQ,recording,knock_twice_right,2,0.598700,4.691341,8.348772,-0.024003,0.115834,-0.090052
200421290.000,YYQ,recording,knock_twice_right,2,0.686993,4.654784,8.447429,-0.040777,0.127822,-0.094113
200421300.000,YYQ,recording,knock_twice_right,2,0.628901,4.668157,8.584056,-0.043517,0.135094,-0.094810
200421310.000,YYQ,recording,knock_twice_right,2,0.388349,4.643117,8.644015,-0.033468,0.130730,-0.086758
200421320.000,YYQ,recording,knock_twice_right,2,-0.224159,4.569557,8.546067,-0.019283,0.196075,-0.060662
200421330.000,YYQ,recording,knock_twice_right,2,-3.231920,4.427089,7.032163,-0.048905,0.252617,-0.005796
200421340.000,YYQ,recording,knock_twice_right,2,-0.556210,4.294623,7.847028,-0.147681,0.207626,0.118604
200421350.000,YYQ,recording,knock_twice_right,2,-1.065267,5.467472,7.882965,-0.254693,0.119998,0.273783
200421360.000,YYQ,recording,knock_twice_right,2,1.268128,4.912830,9.138885,-0.295671,0.002951,0.360162
200421370.000,YYQ,recording,knock_twice_right,2,1.031533,4.846656,9.219755,-0.262128,-0.097845,0.373625
200421380.000,YYQ,recording,knock_twice_right,2,1.816361,4.607965,9.635066,-0.197735,-0.154783,0.346281
200421390.000,YYQ,recording,knock_twice_right,2,1.526036,4.504157,9.499712,-0.121635,-0.159826,0.291578
200421400.000,YYQ,recording,knock_twice_right,2,1.503710,4.347111,9.587779,-0.038070,-0.133437,0.217904
200421410.000,YYQ,recording,knock_twice_right,2,1.459555,4.307712,9.593069,0.045135,-0.093345,0.131716
200421420.000,YYQ,recording,knock_twice_right,2,1.533222,4.481123,9.650492,0.130351,-0.041405,0.027025
200421430.000,YYQ,recording,knock_twice_right,2,1.696709,4.451332,9.682746,0.217885,0.017975,-0.092684
200421440.000,YYQ,recording,knock_twice_right,2,1.644852,4.418887,9.456256,0.294843,0.073579,-0.207937
200421450.000,YYQ,recording,knock_twice_right,2,1.534145,4.440407,9.047500,0.341120,0.109363,-0.307312
200421460.000,YYQ,recording,knock_twice_right,2,1.165436,4.601109,8.394309,0.333437,0.133253,-0.380562
200421470.000,YYQ,recording,knock_twice_right,2,0.023968,4.879745,7.318485,0.240906,0.163832,-0.385931
200421480.000,YYQ,recording,knock_twice_right,2,-1.620086,5.191123,6.275430,0.055202,0.165520,-0.312768
200421490.000,YYQ,recording,knock_twice_right,2,-0.958757,4.484647,6.622946,-0.156415,0.130515,-0.205549
200421500.000,YYQ,recording,knock_twice_right,2,-0.293695,4.761203,7.823418,-0.295965,0.098944,-0.102625
200421510.000,YYQ,recording,knock_twice_right,2,0.320870,5.025611,9.027792,-0.314795,0.058874,-0.029820
200421520.000,YYQ,recording,knock_twice_right,2,0.695816,4.784861,9.893408,-0.216162,-0.001752,0.005934
200421530.000,YYQ,recording,knock_twice_right,2,0.805956,4.328561,10.271179,-0.034937,-0.057908,0.013813
200421540.000,YYQ,recording,knock_twice_right,2,0.666633,4.237653,10.154058,0.170400,-0.090200,0.004178
200421550.000,YYQ,recording,knock_twice_right,2,0.550178,4.272019,9.587026,0.338207,-0.108037,-0.014929
200421560.000,YYQ,recording,knock_twice_right,2,0.503616,4.429649,9.138880,0.438611,-0.115897,-0.036546
200421570.000,YYQ,recording,knock_twice_right,2,0.458562,4.691244,8.798437,0.478823,-0.098132,-0.061376
200421580.000,YYQ,recording,knock_twice_right,2,0.442496,4.582767,8.313121,0.472228,-0.047544,-0.086261
200421590.000,YYQ,recording,knock_twice_right,2,-0.586905,4.265868,7.027065,0.385663,0.151191,-0.079319
200421600.000,YYQ,recording,knock_twice_right,2,-4.135466,4.000207,4.469202,0.163397,0.295157,-0.002702
200421610.000,YYQ,recording,knock_twice_right,2,-1.125278,4.806281,6.381570,-0.144583,0.167511,0.191960
200421620.000,YYQ,recording,knock_twice_right,2,-0.725297,6.493954,7.539775,-0.377268,-0.056335,0.398655
200421630.000,YYQ,recording,knock_twice_right,2,2.415745,5.467201,9.725553,-0.428722,-0.258167,0.453483
200421640.000,YYQ,recording,knock_twice_right,2,2.197100,5.028846,10.283792,-0.314761,-0.387885,0.400738
200421650.000,YYQ,recording,knock_twice_right,2,2.217691,4.547490,10.909896,-0.095553,-0.441675,0.318630
200421660.000,YYQ,recording,knock_twice_right,2,2.100144,4.190027,10.548302,0.151668,-0.419313,0.213570
200421670.000,YYQ,recording,knock_twice_right,2,1.794456,4.502302,9.361134,0.323987,-0.339291,0.100754
200421680.000,YYQ,recording,knock_twice_right,2,1.544423,4.767875,8.145113,0.358879,-0.235807,-0.001262
200421690.000,YYQ,recording,knock_twice_right,2,1.526104,4.627473,7.451105,0.274981,-0.116481,-0.094043
200421700.000,YYQ,recording,knock_twice_right,2,1.099869,4.907257,6.942891,0.113308,0.019061,-0.161657
200421710.000,YYQ,recording,knock_twice_right,2,0.378798,5.244116,6.418932,-0.103614,0.148456,-0.178138
200421720.000,YYQ,recording,knock_twice_right,2,-0.166029,5.184985,6.551154,-0.337570,0.234169,-0.170516
200421730.000,YYQ,recording,knock_twice_right,2,0.534441,4.373436,7.814752,-0.487728,0.268656,-0.170670
200421740.000,YYQ,recording,knock_twice_right,2,0.597328,4.621654,9.281988,-0.483966,0.260552,-0.163123
200421750.000,YYQ,recording,knock_twice_right,2,0.568693,4.783736,10.100385,-0.354950,0.212161,-0.146737
200421760.000,YYQ,recording,knock_twice_right,2,0.485372,4.471680,10.071749,-0.170647,0.144986,-0.130533
200421770.000,YYQ,recording,knock_twice_right,2,0.202101,4.304777,9.444694,-0.009780,0.074927,-0.105559
200421780.000,YYQ,recording,knock_twice_right,2,-0.097632,4.471490,8.771105,0.073574,0.005803,-0.063814
200421790.000,YYQ,recording,knock_twice_right,2,-0.022009,4.628950,8.333752,0.077062,-0.046131,-0.016627
200421800.000,YYQ,recording,knock_twice_right,2,0.156888,4.727141,8.168607,0.033160,-0.067998,0.023526
200421810.000,YYQ,recording,knock_twice_right,2,0.342617,4.708964,8.219880,-0.022437,-0.071114,0.054280
200421820.000,YYQ,recording,knock_twice_right,2,0.550994,4.694381,8.501040,-0.065843,-0.067162,0.074918
200421830.000,YYQ,recording,knock_twice_right,2,0.653347,4.716637,8.703401,-0.086848,-0.059139,0.085405
200421840.000,YYQ,recording,knock_twice_right,2,0.708291,4.705143,8.880121,-0.083285,-0.052513,0.087122
200421850.000,YYQ,recording,knock_twice_right,2,0.729274,4.675110,8.998690,-0.060546,-0.052954,0.080589
200421860.000,YYQ,recording,knock_twice_right,2,0.743369,4.648661,9.025346,-0.027253,-0.059967,0.066499
200421870.000,YYQ,recording,knock_twice_right,2,0.757840,4.646696,8.974172,0.009235,-0.066275,0.047681
200421880.000,YYQ,recording,knock_twice_right,2,0.743173,4.685425,8.816400,0.041359,-0.065693,0.027039
200421890.000,YYQ,recording,knock_twice_right,2,0.682862,4.715623,8.668607,0.061059,-0.059988,0.007871
200421900.000,YYQ,recording,knock_twice_right,2,0.546595,4.732608,8.479102,0.062700,-0.055788,-0.006530
200421910.000,YYQ,recording,knock_twice_right,2,0.438679,4.759237,8.431148,0.049429,-0.052819,-0.014027
200421920.000,YYQ,recording,knock_twice_right,2,0.407762,4.707905,8.417466,0.030835,-0.046002,-0.015314
200421930.000,YYQ,recording,knock_twice_right,2,0.420592,4.664310,8.555708,0.017126,-0.040717,-0.012802
200421940.000,YYQ,recording,knock_twice_right,2,0.535507,4.576759,8.682524,0.014396,-0.038578,-0.009171
200421950.000,YYQ,recording,knock_twice_right,2,0.604586,4.553823,8.696732,0.020654,-0.035575,-0.008988
200421960.000,YYQ,recording,knock_twice_right,2,0.673438,4.545232,8.663486,0.029189,-0.036729,-0.011886
200421970.000,YYQ,recording,knock_twice_right,2,0.679423,4.546963,8.663165,0.038334,-0.041168,-0.015410
200421980.000,YYQ,recording,knock_twice_right,2,0.682548,4.542833,8.608011,0.047474,-0.039728,-0.019874
200421990.000,YYQ,recording,knock_twice_right,2,0.629793,4.559218,8.465155,0.050295,-0.033085,-0.022660
200422000.000,YYQ,recording,knock_twice_right,2,0.582270,4.638245,8.368418,0.041935,-0.026525,-0.021980
200422010.000,YYQ,recording,knock_twice_right,2,0.609454,4.653645,8.367694,0.028609,-0.017932,-0.020853
200422020.000,YYQ,recording,knock_twice_right,2,0.623257,4.661446,8.368746,0.016393,-0.007852,-0.021949
200422030.000,YYQ,recording,knock_twice_right,2,0.604340,4.666951,8.400171,0.006740,-0.000404,-0.023729
200422040.000,YYQ,recording,knock_twice_right,2,0.588860,4.665871,8.468292,0.002753,0.002756,-0.023815
200422050.000,YYQ,recording,knock_twice_right,2,0.497957,4.677025,8.549973,0.002306,0.003182,-0.021004
200422060.000,YYQ,recording,knock_twice_right,2,0.469545,4.636831,8.544399,0.001476,0.001869,-0.015336
200422070.000,YYQ,recording,knock_twice_right,2,0.491438,4.638161,8.545596,-0.001968,-0.000509,-0.008031
200422080.000,YYQ,recording,knock_twice_right,2,0.524987,4.644698,8.565115,-0.006575,-0.002827,-0.001083
200422090.000,YYQ,recording,knock_twice_right,2,0.577313,4.636002,8.621256,-0.008069,-0.002856,0.005234
200422100.000,YYQ,recording,knock_twice_right,2,0.591571,4.615469,8.600054,-0.008278,-0.000522,0.009930
200422110.000,YYQ,recording,knock_twice_right,2,0.601414,4.629808,8.597509,-0.010759,0.000490,0.013733
200422120.000,YYQ,recording,knock_twice_right,2,0.627054,4.660936,8.628147,-0.014073,-0.001288,0.016620
200422130.000,YYQ,recording,knock_twice_right,2,0.614117,4.661552,8.710116,-0.011904,-0.002642,0.016337
200422140.000,YYQ,recording,knock_twice_right,2,0.628747,4.666024,8.719347,-0.002257,-0.002148,0.014606
200422150.000,YYQ,recording,knock_twice_right,2,0.603606,4.629955,8.650997,0.007584,-0.003683,0.012871
200422160.000,YYQ,recording,knock_twice_right,2,0.663117,4.681384,8.618841,0.012336,-0.004878,0.010393
200422170.000,YYQ,recording,knock_twice_right,2,0.621557,4.720438,8.548482,0.010728,-0.002964,0.008320
200422180.000,YYQ,recording,knock_twice_right,2,0.611088,4.727049,8.552757,0.005974,-0.002334,0.007338
200422190.000,YYQ,recording,knock_twice_right,2,0.656887,4.708499,8.651309,0.005918,-0.003521,0.005570
200422200.000,YYQ,recording,knock_twice_right,2,0.666612,4.694078,8.725932,0.013924,-0.002589,0.003560
200422210.000,YYQ,recording,knock_twice_right,2,0.635607,4.685708,8.715754,0.024111,-0.000331,0.002559
200422220.000,YYQ,recording,knock_twice_right,2,0.652319,4.653246,8.679205,0.031886,0.000301,0.001600
200422230.000,YYQ,recording,knock_twice_right,2,0.661858,4.707780,8.655743,0.038755,0.000469,-0.000491
200422240.000,YYQ,recording,knock_twice_right,2,0.643197,4.670154,8.559559,0.040712,0.002987,-0.002143
200422250.000,YYQ,recording,knock_twice_right,2,0.595520,4.682628,8.489384,0.034478,0.004951,-0.001272
200422260.000,YYQ,recording,knock_twice_right,2,0.605679,4.685896,8.467996,0.023779,0.005562,0.000692
200422270.000,YYQ,recording,knock_twice_right,2,0.617257,4.693450,8.450172,0.012316,0.007140,0.002799
200422280.000,YYQ,recording,knock_twice_right,2,0.593763,4.685080,8.422781,0.000980,0.007985,0.006009
200422290.000,YYQ,recording,knock_twice_right,2,0.624065,4.677130,8.440929,-0.010812,0.004528,0.008748
200422300.000,YYQ,recording,knock_twice_right,2,0.649209,4.664467,8.475404,-0.020964,0.000605,0.010586
200422310.000,YYQ,recording,knock_twice_right,2,0.648156,4.646181,8.501114,-0.024972,-0.001285,0.012778
200422320.000,YYQ,recording,knock_twice_right,2,0.677272,4.633897,8.639365,-0.016950,-0.005053,0.013346
200422330.000,YYQ,recording,knock_twice_right,2,0.724592,4.639030,8.795210,0.002806,-0.009504,0.010226
200422340.000,YYQ,recording,knock_twice_right,2,0.689075,4.609663,8.739154,0.023850,-0.013344,0.005973
200422350.000,YYQ,recording,knock_twice_right,2,0.605687,4.625594,8.613088,0.034927,-0.018705,0.003313
200422360.000,YYQ,recording,knock_twice_right,2,0.596028,4.697979,8.516507,0.033569,-0.023903,0.002954
200422370.000,YYQ,recording,knock_twice_right,2,0.622976,4.691895,8.484814,0.025256,-0.023420,0.003221
200422380.000,YYQ,recording,knock_twice_right,2,0.619209,4.671118,8.436613,0.012633,-0.017570,0.002014
200422390.000,YYQ,recording,knock_twice_right,2,0.632917,4.695346,8.402914,-0.003599,-0.014636,0.001032
200422400.000,YYQ,recording,knock_twice_right,2,0.635676,4.739430,8.499770,-0.016135,-0.014583,0.000576
200422410.000,YYQ,recording,knock_twice_right,2,0.668022,4.706838,8.553541,-0.020838,-0.010908,0.000403
200422420.000,YYQ,recording,knock_twice_right,2,0.649140,4.715087,8.540197,-0.019853,-0.007997,0.000595
200422430.000,YYQ,recording,knock_twice_right,2,0.673942,4.742784,8.625249,-0.014665,-0.008861,0.000448
200422440.000,YYQ,recording,knock_twice_right,2,0.671463,4.758138,8.618365,-0.007779,-0.009013,0.000073
200422450.000,YYQ,recording,knock_twice_right,2,0.663854,4.748110,8.563875,-0.003781,-0.008991,0.000695
200422460.000,YYQ,recording,knock_twice_right,2,0.669939,4.725489,8.522216,-0.007242,-0.011698,0.001902
200422470.000,YYQ,recording,knock_twice_right,2,0.684036,4.731205,8.563027,-0.013817,-0.012416,0.002243
200422480.000,YYQ,recording,knock_twice_right,2,0.654350,4.717113,8.579423,-0.018288,-0.009045,0.002615
200422490.000,YYQ,recording,knock_twice_right,2,0.608516,4.690983,8.599707,-0.020551,-0.007657,0.003077
200422500.000,YYQ,recording,knock_twice_right,2,0.628123,4.671126,8.651724,-0.017435,-0.010443,0.004120
200422510.000,YYQ,recording,knock_twice_right,2,0.645384,4.687238,8.659789,-0.010889,-0.012910,0.004682
200422520.000,YYQ,recording,knock_twice_right,2,0.654810,4.685853,8.634450,-0.005310,-0.015141,0.003543
200422530.000,YYQ,recording,knock_twice_right,2,0.662565,4.693449,8.594960,-0.001592,-0.016756,0.001786
200422540.000,YYQ,recording,knock_twice_right,2,0.705599,4.711782,8.527595,0.000072,-0.013698,-0.001821
200422550.000,YYQ,recording,knock_twice_right,2,0.719128,4.693317,8.513316,-0.001138,-0.003679,-0.006992
200422560.000,YYQ,recording,knock_twice_right,2,0.649690,4.687388,8.509541,-0.007112,0.010676,-0.010697
200422570.000,YYQ,recording,knock_twice_right,2,0.569771,4.685016,8.512695,-0.016895,0.022041,-0.011577
200422580.000,YYQ,recording,knock_twice_right,2,0.560247,4.662482,8.554965,-0.025730,0.025951,-0.011521
200422590.000,YYQ,recording,knock_twice_right,2,0.542484,4.635546,8.653324,-0.028298,0.021611,-0.011186
200422600.000,YYQ,recording,knock_twice_right,2,0.574384,4.625012,8.723871,-0.021203,0.011313,-0.010729
200422610.000,YYQ,recording,knock_twice_right,2,0.633566,4.625687,8.773152,-0.006158,-0.001167,-0.011597
200422620.000,YYQ,recording,knock_twice_right,2,0.638657,4.639068,8.767262,0.012027,-0.011179,-0.012664
200422630.000,YYQ,recording,knock_twice_right,2,0.640747,4.647404,8.656591,0.025442,-0.013686,-0.012645
200422640.000,YYQ,recording,knock_twice_right,2,0.604299,4.619724,8.551490,0.027521,-0.008095,-0.010105
200422650.000,YYQ,recording,knock_twice_right,2,0.617403,4.642476,8.467592,0.020908,0.003590,-0.005399
200422660.000,YYQ,recording,knock_twice_right,2,0.612624,4.646123,8.514921,0.011415,0.017333,-0.000543
200422670.000,YYQ,recording,knock_twice_right,2,0.640259,4.649136,8.546741,0.004998,0.027681,0.003193
200422680.000,YYQ,recording,knock_twice_right,2,0.628394,4.628983,8.586435,0.005122,0.031629,0.006031
200422690.000,YYQ,recording,knock_twice_right,2,0.627175,4.628936,8.588804,0.011909,0.028206,0.007625
200422700.000,YYQ,recording,knock_twice_right,2,0.632836,4.634422,8.536848,0.021669,0.021136,0.005320
200422710.000,YYQ,recording,knock_twice_right,2,0.611682,4.647909,8.462426,0.028490,0.012851,0.001189
200422720.000,YYQ,recording,knock_twice_right,2,0.602777,4.670983,8.387421,0.027219,0.005748,-0.001454
200422730.000,YYQ,recording,knock_twice_right,2,0.578506,4.711293,8.344254,0.017034,0.005372,-0.004264
200422740.000,YYQ,recording,knock_twice_right,2,0.605430,4.711538,8.355485,0.001932,0.011409,-0.007023
200422750.000,YYQ,recording,knock_twice_right,2,0.595219,4.735387,8.433418,-0.012540,0.021042,-0.009462
200422760.000,YYQ,recording,knock_twice_right,2,0.595782,4.721131,8.543448,-0.022241,0.029231,-0.010890
200422770.000,YYQ,recording,knock_twice_right,2,0.616446,4.731227,8.640570,-0.026079,0.031445,-0.010433
200422780.000,YYQ,recording,knock_twice_right,2,0.613144,4.730664,8.730712,-0.022656,0.026914,-0.010618
200422790.000,YYQ,recording,knock_twice_right,2,0.630718,4.726246,8.849235,-0.010137,0.019073,-0.011597
200422800.000,YYQ,recording,knock_twice_right,2,0.624858,4.712591,8.836021,0.009118,0.011801,-0.012122
200422810.000,YYQ,recording,knock_twice_right,2,0.649819,4.694031,8.787382,0.029302,0.006140,-0.012875
200422820.000,YYQ,recording,knock_twice_right,2,0.624665,4.726911,8.620767,0.042436,0.003481,-0.014084
200422830.000,YYQ,recording,knock_twice_right,2,0.618696,4.730025,8.488167,0.042853,0.004305,-0.014982
200422840.000,YYQ,recording,knock_twice_right,2,0.639433,4.743176,8.386555,0.034542,0.007933,-0.014028
200422850.000,YYQ,recording,knock_twice_right,2,0.605929,4.725462,8.356098,0.021221,0.010710,-0.010712
200422860.000,YYQ,recording,knock_twice_right,2,0.569183,4.709523,8.359470,0.007607,0.012240,-0.006191
200422870.000,YYQ,recording,knock_twice_right,2,0.603743,4.717699,8.354220,-0.000911,0.011825,-0.003382
200422880.000,YYQ,recording,knock_twice_right,2,0.637561,4.728295,8.421217,-0.004411,0.003585,-0.003790
200422890.000,YYQ,recording,knock_twice_right,2,0.663710,4.709442,8.468879,-0.002798,-0.011367,-0.004753
200422900.000,YYQ,recording,knock_twice_right,2,0.665507,4.698982,8.461965,-0.000040,-0.025631,-0.005504
200422910.000,YYQ,recording,knock_twice_right,2,0.678187,4.726600,8.490268,0.000244,-0.031939,-0.004760
200422920.000,YYQ,recording,knock_twice_right,2,0.657725,4.739959,8.514145,-0.004139,-0.025713,-0.001840
200422930.000,YYQ,recording,knock_twice_right,2,0.687546,4.705256,8.575406,-0.011804,-0.009255,0.001358
200422940.000,YYQ,recording,knock_twice_right,2,0.677675,4.687003,8.647768,-0.017386,0.011392,0.002927
200422950.000,YYQ,recording,knock_twice_right,2,0.633446,4.673363,8.753921,-0.017181,0.028790,0.002745
200422960.000,YYQ,recording,knock_twice_right,2,0.584789,4.654070,8.788679,-0.008500,0.034835,0.002537
200422970.000,YYQ,recording,knock_twice_right,2,0.563271,4.662350,8.844603,0.008020,0.029048,0.003010
200422980.000,YYQ,recording,knock_twice_right,2,0.570214,4.684931,8.746745,0.027778,0.017809,0.002472
200422990.000,YYQ,recording,knock_twice_right,2,0.535523,4.716492,8.577604,0.041412,0.005220,0.001576
200423000.000,YYQ,recording,knock_twice_right,2,0.525389,4.721038,8.396744,0.041037,-0.007515,0.002758
200423010.000,YYQ,recording,knock_twice_right,2,0.518080,4.754505,8.252677,0.026235,-0.018646,0.005406
200423020.000,YYQ,recording,knock_twice_right,2,0.550955,4.754939,8.255780,0.002523,-0.024777,0.009227
200423030.000,YYQ,recording,knock_twice_right,2,0.607754,4.761171,8.374892,-0.020218,-0.025487,0.010903
200423040.000,YYQ,recording,knock_twice_right,2,0.675760,4.704080,8.556578,-0.033883,-0.019220,0.008283
200423050.000,YYQ,recording,knock_twice_right,2,0.691516,4.664373,8.669851,-0.036894,-0.008046,0.004781
200423060.000,YYQ,recording,knock_twice_right,3,0.673785,4.634027,8.780267,-0.032469,0.001781,0.002788
200423070.000,YYQ,recording,knock_twice_right,3,0.682886,4.640351,8.814800,-0.022759,0.009712,0.001118
200423080.000,YYQ,recording,knock_twice_right,3,0.677838,4.669402,8.856576,-0.006787,0.016459,-0.000495
200423090.000,YYQ,recording,knock_twice_right,3,0.653169,4.659206,8.795903,0.011504,0.019669,-0.001559
200423100.000,YYQ,recording,knock_twice_right,3,0.647482,4.684298,8.732924,0.026273,0.017718,-0.002852
200423110.000,YYQ,recording,knock_twice_right,3,0.614679,4.703095,8.609643,0.035101,0.012050,-0.003790
200423120.000,YYQ,recording,knock_twice_right,3,0.569843,4.716900,8.574541,0.039284,0.004687,-0.002028
200423130.000,YYQ,recording,knock_twice_right,3,0.559990,4.719787,8.500670,0.040198,-0.001711,0.000651
200423140.000,YYQ,recording,knock_twice_right,3,0.546163,4.736185,8.422414,0.034725,-0.007202,0.002550
200423150.000,YYQ,recording,knock_twice_right,3,0.564611,4.773015,8.388874,0.023967,-0.011735,0.004494
200423160.000,YYQ,recording,knock_twice_right,3,0.607731,4.745656,8.448452,0.015649,-0.011978,0.006285
200423170.000,YYQ,recording,knock_twice_right,3,0.619094,4.754964,8.505439,0.012647,-0.007149,0.007958
200423180.000,YYQ,recording,knock_twice_right,3,0.630570,4.745289,8.514930,0.013739,-0.001992,0.007674
200423190.000,YYQ,recording,knock_twice_right,3,0.594783,4.716260,8.484488,0.015618,0.001569,0.005756
200423200.000,YYQ,recording,knock_twice_right,3,0.618684,4.718931,8.443202,0.013007,0.006465,0.004439
200423210.000,YYQ,recording,knock_twice_right,3,0.605235,4.696721,8.399927,0.004315,0.011162,0.003599
200423220.000,YYQ,recording,knock_twice_right,3,0.603431,4.695323,8.384039,-0.009868,0.012867,0.002663
200423230.000,YYQ,recording,knock_twice_right,3,0.569692,4.681318,8.420235,-0.027516,0.011577,0.002200
200423240.000,YYQ,recording,knock_twice_right,3,0.536762,4.673297,8.517380,-0.041247,0.008289,0.001725
200423250.000,YYQ,recording,knock_twice_right,3,0.571871,4.652054,8.643767,-0.043266,0.004941,0.001492
200423260.000,YYQ,recording,knock_twice_right,3,0.603660,4.654601,8.727432,-0.033307,0.003040,0.002219
200423270.000,YYQ,recording,knock_twice_right,3,0.588305,4.612427,8.692901,-0.017849,0.001681,0.002911
200423280.000,YYQ,recording,knock_twice_right,3,0.589197,4.625792,8.621766,-0.006185,-0.000862,0.004327
200423290.000,YYQ,recording,knock_twice_right,3,0.616345,4.661387,8.534743,-0.001652,-0.001646,0.006721
200423300.000,YYQ,recording,knock_twice_right,3,0.634545,4.671334,8.495742,-0.003472,0.000818,0.009041
200423310.000,YYQ,recording,knock_twice_right,3,0.626168,4.677447,8.510266,-0.008867,0.004714,0.010424
200423320.000,YYQ,recording,knock_twice_right,3,0.610798,4.670860,8.575191,-0.013342,0.005873,0.011588
200423330.000,YYQ,recording,knock_twice_right,3,0.598726,4.677013,8.625283,-0.015147,0.004042,0.011325
200423340.000,YYQ,recording,knock_twice_right,3,0.602195,4.702071,8.645564,-0.015567,0.001312,0.009993
200423350.000,YYQ,recording,knock_twice_right,3,0.586116,4.702336,8.656124,-0.015980,-0.003862,0.009009
200423360.000,YYQ,recording,knock_twice_right,3,0.611442,4.683815,8.703799,-0.014007,-0.006567,0.006656
200423370.000,YYQ,recording,knock_twice_right,3,0.616916,4.678889,8.680930,-0.010944,-0.004408,0.004314
200423380.000,YYQ,recording,knock_twice_right,3,0.613566,4.692931,8.646596,-0.009950,-0.000838,0.003184
200423390.000,YYQ,recording,knock_twice_right,3,0.597103,4.689030,8.636405,-0.010719,0.001505,0.003536
200423400.000,YYQ,recording,knock_twice_right,3,0.610264,4.724724,8.625559,-0.010931,0.000910,0.004907
200423410.000,YYQ,recording,knock_twice_right,3,0.629999,4.708233,8.699412,-0.006066,-0.001490,0.004813
200423420.000,YYQ,recording,knock_twice_right,3,0.645154,4.697806,8.692613,0.005926,-0.003581,0.003561
200423430.000,YYQ,recording,knock_twice_right,3,0.638925,4.682964,8.615102,0.019095,-0.003481,0.003685
200423440.000,YYQ,recording,knock_twice_right,3,0.618982,4.696968,8.506327,0.024461,-0.001088,0.004969
200423450.000,YYQ,recording,knock_twice_right,3,0.632652,4.685895,8.426937,0.021295,0.003484,0.005392
200423460.000,YYQ,recording,knock_twice_right,3,0.647597,4.685847,8.440834,0.014001,0.009678,0.003336
200423470.000,YYQ,recording,knock_twice_right,3,0.651216,4.686334,8.505130,0.008583,0.015813,-0.000821
200423480.000,YYQ,recording,knock_twice_right,3,0.666121,4.678817,8.535351,0.007482,0.019059,-0.005721
200423490.000,YYQ,recording,knock_twice_right,3,0.637290,4.655287,8.527993,0.005340,0.018510,-0.010063
200423500.000,YYQ,recording,knock_twice_right,3,0.611017,4.668721,8.529151,0.000644,0.015531,-0.013491
200423510.000,YYQ,recording,knock_twice_right,3,0.580910,4.671065,8.566358,-0.004026,0.009028,-0.014833
200423520.000,YYQ,recording,knock_twice_right,3,0.581701,4.662989,8.635855,-0.006000,0.003156,-0.014794
200423530.000,YYQ,recording,knock_twice_right,3,0.632716,4.627430,8.674477,-0.005671,0.003638,-0.014961
200423540.000,YYQ,recording,knock_twice_right,3,0.635455,4.638431,8.695442,-0.004817,0.009259,-0.012614
200423550.000,YYQ,recording,knock_twice_right,3,0.637297,4.665046,8.723280,-0.002738,0.015316,-0.008818
200423560.000,YYQ,recording,knock_twice_right,3,0.645836,4.701292,8.750561,0.004875,0.019080,-0.006888
200423570.000,YYQ,recording,knock_twice_right,3,0.630213,4.720567,8.734909,0.018277,0.019111,-0.007736
200423580.000,YYQ,recording,knock_twice_right,3,0.569822,4.714703,8.645345,0.029847,0.013698,-0.007801
200423590.000,YYQ,recording,knock_twice_right,3,0.543040,4.717270,8.538339,0.032013,0.005214,-0.005556
200423600.000,YYQ,recording,knock_twice_right,3,0.546501,4.703153,8.529254,0.027207,-0.003440,-0.003214
200423610.000,YYQ,recording,knock_twice_right,3,0.589669,4.699146,8.609315,0.025250,-0.009848,-0.001257
200423620.000,YYQ,recording,knock_twice_right,3,0.610683,4.686808,8.627888,0.030015,-0.013075,-0.001973
200423630.000,YYQ,recording,knock_twice_right,3,0.621125,4.670997,8.624237,0.038813,-0.011710,-0.003333
200423640.000,YYQ,recording,knock_twice_right,3,0.596070,4.715414,8.541848,0.044711,-0.003906,-0.002939
200423650.000,YYQ,recording,knock_twice_right,3,0.583220,4.721774,8.444100,0.041625,0.005228,-0.002604
200423660.000,YYQ,recording,knock_twice_right,3,0.597514,4.739907,8.360740,0.029921,0.013823,-0.002731
200423670.000,YYQ,recording,knock_twice_right,3,0.595639,4.731186,8.365736,0.014649,0.020156,-0.002833
200423680.000,YYQ,recording,knock_twice_right,3,0.561958,4.742118,8.444529,0.001839,0.019263,-0.003146
200423690.000,YYQ,recording,knock_twice_right,3,0.565951,4.701764,8.594158,-0.000929,0.011493,-0.004398
200423700.000,YYQ,recording,knock_twice_right,3,0.543303,4.688874,8.696329,0.008248,0.000182,-0.006728
200423710.000,YYQ,recording,knock_twice_right,3,0.538225,4.678190,8.692371,0.023633,-0.008822,-0.008739
200423720.000,YYQ,recording,knock_twice_right,3,0.544127,4.676666,8.601965,0.034760,-0.011115,-0.009156
200423730.000,YYQ,recording,knock_twice_right,3,0.581518,4.704669,8.439950,0.033276,-0.004655,-0.007329
200423740.000,YYQ,recording,knock_twice_right,3,0.590084,4.715400,8.363164,0.021011,0.007528,-0.006010
200423750.000,YYQ,recording,knock_twice_right,3,0.620481,4.733588,8.394854,0.006981,0.019554,-0.006238
200423760.000,YYQ,recording,knock_twice_right,3,0.622057,4.710160,8.438791,-0.002061,0.026713,-0.007008
200423770.000,YYQ,recording,knock_twice_right,3,0.629966,4.705220,8.465001,-0.007740,0.025757,-0.008777
200423780.000,YYQ,recording,knock_twice_right,3,0.585229,4.735233,8.499887,-0.009759,0.021460,-0.009989
200423790.000,YYQ,recording,knock_twice_right,3,0.576871,4.741753,8.512337,-0.009138,0.017013,-0.009433
200423800.000,YYQ,recording,knock_twice_right,3,0.566092,4.721090,8.491823,-0.009759,0.012673,-0.007664
200423810.000,YYQ,recording,knock_twice_right,3,0.536180,4.726144,8.458808,-0.012076,0.012469,-0.005097
200423820.000,YYQ,recording,knock_twice_right,3,0.517827,4.724772,8.415944,-0.017138,0.013224,-0.002713
200423830.000,YYQ,recording,knock_twice_right,3,0.532083,4.734195,8.482644,-0.022541,0.011724,-0.001563
200423840.000,YYQ,recording,knock_twice_right,3,0.583374,4.695900,8.510884,-0.024351,0.010263,-0.002997
200423850.000,YYQ,recording,knock_twice_right,3,0.598751,4.675189,8.531511,-0.023318,0.008490,-0.006603
200423860.000,YYQ,recording,knock_twice_right,3,0.569061,4.685588,8.527742,-0.022373,0.005423,-0.009050
200423870.000,YYQ,recording,knock_twice_right,3,0.555634,4.712503,8.532444,-0.023307,0.003002,-0.009325
200423880.000,YYQ,recording,knock_twice_right,3,0.561020,4.721488,8.525609,-0.026350,0.004344,-0.008763
200423890.000,YYQ,recording,knock_twice_right,3,0.550511,4.688885,8.523812,-0.030436,0.009635,-0.007892
200423900.000,YYQ,recording,knock_twice_right,3,0.533247,4.688049,8.543053,-0.035199,0.014110,-0.006909
200423910.000,YYQ,recording,knock_twice_right,3,0.573229,4.693511,8.596524,-0.036770,0.015373,-0.007509
200423920.000,YYQ,recording,knock_twice_right,3,0.587817,4.686722,8.675174,-0.030185,0.012230,-0.009027
200423930.000,YYQ,recording,knock_twice_right,3,0.578676,4.717323,8.741553,-0.016317,0.003838,-0.009807
200423940.000,YYQ,recording,knock_twice_right,3,0.553695,4.714245,8.723443,-0.001181,-0.007939,-0.009866
200423950.000,YYQ,recording,knock_twice_right,3,0.561754,4.722000,8.659783,0.009232,-0.019356,-0.008205
200423960.000,YYQ,recording,knock_twice_right,3,0.553176,4.745887,8.582879,0.012320,-0.025425,-0.005367
200423970.000,YYQ,recording,knock_twice_right,3,0.590094,4.774097,8.528253,0.010057,-0.025799,-0.002819
200423980.000,YYQ,recording,knock_twice_right,3,0.603850,4.780700,8.547475,0.005618,-0.019888,-0.001334
200423990.000,YYQ,recording,knock_twice_right,3,0.596337,4.788291,8.546275,-0.000189,-0.010856,-0.002311
200424000.000,YYQ,recording,knock_twice_right,3,0.620797,4.746814,8.572131,-0.005302,-0.004085,-0.004889
200424010.000,YYQ,recording,knock_twice_right,3,0.623605,4.763665,8.602090,-0.005550,-0.000442,-0.008688
200424020.000,YYQ,recording,knock_twice_right,3,0.654005,4.751808,8.735493,0.002844,0.001114,-0.013613
200424030.000,YYQ,recording,knock_twice_right,3,0.636611,4.736148,8.801224,0.018456,0.004197,-0.018000
200424040.000,YYQ,recording,knock_twice_right,3,0.586868,4.740014,8.712170,0.033890,0.010470,-0.020093
200424050.000,YYQ,recording,knock_twice_right,3,0.504038,4.757900,8.585057,0.040535,0.015401,-0.018497
200424060.000,YYQ,recording,knock_twice_right,3,0.500861,4.754838,8.519888,0.036578,0.016311,-0.015013
200424070.000,YYQ,recording,knock_twice_right,3,0.530443,4.735923,8.516766,0.029841,0.013735,-0.012652
200424080.000,YYQ,recording,knock_twice_right,3,0.526055,4.745159,8.560635,0.026718,0.007627,-0.012417
200424090.000,YYQ,recording,knock_twice_right,3,0.508627,4.712782,8.580360,0.027396,0.001677,-0.012728
200424100.000,YYQ,recording,knock_twice_right,3,0.470096,4.708143,8.561250,0.029877,-0.000076,-0.011812
200424110.000,YYQ,recording,knock_twice_right,3,0.486047,4.729462,8.471945,0.030111,0.000737,-0.009356
200424120.000,YYQ,recording,knock_twice_right,3,0.485038,4.757282,8.430009,0.025950,0.005090,-0.005873
200424130.000,YYQ,recording,knock_twice_right,3,0.536814,4.754883,8.429755,0.016514,0.015363,-0.005466
200424140.000,YYQ,recording,knock_twice_right,3,0.553075,4.747564,8.371927,0.004201,0.027071,-0.007979
200424150.000,YYQ,recording,knock_twice_right,3,0.539934,4.765934,8.394747,-0.008768,0.035015,-0.009115
200424160.000,YYQ,recording,knock_twice_right,3,0.578217,4.744596,8.462857,-0.020042,0.041322,-0.011446
200424170.000,YYQ,recording,knock_twice_right,3,0.540810,4.740124,8.487571,-0.025408,0.044862,-0.015140
200424180.000,YYQ,recording,knock_twice_right,3,0.592060,4.710741,8.599087,-0.022154,0.043666,-0.017585
200424190.000,YYQ,recording,knock_twice_right,3,0.553721,4.744906,8.705381,-0.007975,0.042473,-0.019756
200424200.000,YYQ,recording,knock_twice_right,3,0.546992,4.706822,8.704830,0.012477,0.040578,-0.023802
200424210.000,YYQ,recording,knock_twice_right,3,0.619503,4.719132,8.787052,0.033473,0.036055,-0.033823
200424220.000,YYQ,recording,knock_twice_right,3,0.794654,4.770553,9.116592,0.069020,0.036913,-0.054126
200424230.000,YYQ,recording,knock_twice_right,3,0.789712,4.704441,9.352488,0.136804,0.055477,-0.082760
200424240.000,YYQ,recording,knock_twice_right,3,0.569035,4.395840,8.887886,0.210635,0.097174,-0.101087
200424250.000,YYQ,recording,knock_twice_right,3,0.038472,4.417803,7.838474,0.225847,0.138732,-0.092822
200424260.000,YYQ,recording,knock_twice_right,3,-0.736457,4.730872,6.941471,0.138589,0.175924,-0.050363
200424270.000,YYQ,recording,knock_twice_right,3,-1.781505,5.017244,6.507740,-0.031066,0.157594,0.023620
200424280.000,YYQ,recording,knock_twice_right,3,0.499132,4.842730,7.520937,-0.200081,0.100519,0.117673
200424290.000,YYQ,recording,knock_twice_right,3,-0.345516,5.170064,7.662967,-0.297278,0.046360,0.203775
200424300.000,YYQ,recording,knock_twice_right,3,0.615873,4.379675,8.261999,-0.328172,-0.049189,0.260819
200424310.000,YYQ,recording,knock_twice_right,3,0.495802,4.729771,8.249421,-0.331603,-0.154747,0.295552
200424320.000,YYQ,recording,knock_twice_right,3,0.934679,4.728138,8.620205,-0.326110,-0.227256,0.303758
200424330.000,YYQ,recording,knock_twice_right,3,0.973806,4.530058,8.682560,-0.309088,-0.260878,0.284152
200424340.000,YYQ,recording,knock_twice_right,3,0.924073,4.480733,8.926387,-0.280067,-0.263532,0.248204
200424350.000,YYQ,recording,knock_twice_right,3,1.234727,4.605237,9.200825,-0.237600,-0.228533,0.196170
200424360.000,YYQ,recording,knock_twice_right,3,1.509419,4.595254,9.425662,-0.177264,-0.156825,0.123103
200424370.000,YYQ,recording,knock_twice_right,3,1.686797,4.482885,9.478070,-0.107066,-0.072518,0.035574
200424380.000,YYQ,recording,knock_twice_right,3,1.572107,4.494993,9.449944,-0.044971,0.014720,-0.052448
200424390.000,YYQ,recording,knock_twice_right,3,1.044476,4.567786,9.021811,-0.012912,0.111110,-0.124208
200424400.000,YYQ,recording,knock_twice_right,3,0.407301,4.545033,8.537938,-0.026153,0.206812,-0.168905
200424410.000,YYQ,recording,knock_twice_right,3,0.165673,4.409975,8.490382,-0.068728,0.255574,-0.175223
200424420.000,YYQ,recording,knock_twice_right,3,0.374600,4.677371,9.142191,-0.088316,0.236571,-0.148135
200424430.000,YYQ,recording,knock_twice_right,3,1.025705,4.781196,9.925937,-0.034294,0.199459,-0.125102
200424440.000,YYQ,recording,knock_twice_right,3,1.039185,4.778550,10.215539,0.092230,0.165403,-0.128397
200424450.000,YYQ,recording,knock_twice_right,3,0.574529,4.658476,10.125357,0.246237,0.121075,-0.142013
200424460.000,YYQ,recording,knock_twice_right,3,0.309419,4.524283,9.641350,0.381105,0.083594,-0.147532
200424470.000,YYQ,recording,knock_twice_right,3,0.257312,4.571598,9.016086,0.464353,0.068120,-0.148708
200424480.000,YYQ,recording,knock_twice_right,3,0.317115,4.697927,8.553320,0.489303,0.058903,-0.152314
200424490.000,YYQ,recording,knock_twice_right,3,0.408881,4.862148,8.476999,0.477670,0.041564,-0.157856
200424500.000,YYQ,recording,knock_twice_right,3,0.464906,4.916420,8.632565,0.462695,0.026708,-0.164205
200424510.000,YYQ,recording,knock_twice_right,3,0.378709,4.753136,8.549656,0.460090,0.030092,-0.174709
200424520.000,YYQ,recording,knock_twice_right,3,0.215355,4.519475,7.991490,0.452428,0.054893,-0.180428
200424530.000,YYQ,recording,knock_twice_right,3,-1.201941,4.224437,6.656298,0.377626,0.178714,-0.151486
200424540.000,YYQ,recording,knock_twice_right,3,-4.359081,4.054782,5.005097,0.202805,0.251605,-0.064213
200424550.000,YYQ,recording,knock_twice_right,3,-1.114449,5.019670,7.137727,-0.024869,0.142669,0.136093
200424560.000,YYQ,recording,knock_twice_right,3,-1.390911,6.377158,7.667498,-0.182932,-0.027054,0.363234
200424570.000,YYQ,recording,knock_twice_right,3,1.307254,5.238414,9.209317,-0.195475,-0.204077,0.481020
200424580.000,YYQ,recording,knock_twice_right,3,0.892498,4.842514,8.887166,-0.128308,-0.355244,0.525011
200424590.000,YYQ,recording,knock_twice_right,3,1.495950,4.506978,9.160734,-0.042482,-0.472788,0.532073
200424600.000,YYQ,recording,knock_twice_right,3,2.033244,4.614203,9.383272,0.061411,-0.541265,0.487316
200424610.000,YYQ,recording,knock_twice_right,3,2.485295,4.814534,9.478050,0.177712,-0.536703,0.375205
200424620.000,YYQ,recording,knock_twice_right,3,2.823280,4.698574,9.331521,0.284587,-0.450107,0.212039
200424630.000,YYQ,recording,knock_twice_right,3,2.546570,4.621517,8.894052,0.359077,-0.303951,0.030539
200424640.000,YYQ,recording,knock_twice_right,3,2.148607,4.474752,8.278657,0.375121,-0.145756,-0.137723
200424650.000,YYQ,recording,knock_twice_right,3,1.584135,4.693994,7.821634,0.324341,-0.012600,-0.270753
200424660.000,YYQ,recording,knock_twice_right,3,1.347132,4.974327,7.443223,0.220135,0.106271,-0.366676
200424670.000,YYQ,recording,knock_twice_right,3,0.902612,5.187737,6.955359,0.072393,0.227261,-0.426862
200424680.000,YYQ,recording,knock_twice_right,3,0.082281,5.292715,6.452805,-0.119408,0.331031,-0.434540
200424690.000,YYQ,recording,knock_twice_right,3,-1.026235,5.451011,6.192863,-0.345417,0.392058,-0.364073
200424700.000,YYQ,recording,knock_twice_right,3,-1.028537,5.305758,6.208805,-0.581087,0.405702,-0.243563
200424710.000,YYQ,recording,knock_twice_right,3,-0.269325,5.072421,6.856182,-0.784562,0.372690,-0.129126
200424720.000,YYQ,recording,knock_twice_right,3,-0.031197,5.085421,8.205589,-0.888488,0.289189,-0.038495
200424730.000,YYQ,recording,knock_twice_right,3,0.385383,4.767581,9.890452,-0.839899,0.179890,0.026113
200424740.000,YYQ,recording,knock_twice_right,3,0.560092,4.332925,10.852493,-0.648377,0.082828,0.058650
200424750.000,YYQ,recording,knock_twice_right,3,0.509052,4.080715,11.109791,-0.378216,0.006936,0.066068
200424760.000,YYQ,recording,knock_twice_right,3,0.377025,4.127274,10.727296,-0.110917,-0.050204,0.070535
200424770.000,YYQ,recording,knock_twice_right,3,0.288863,4.362630,10.071150,0.090845,-0.087508,0.082010
200424780.000,YYQ,recording,knock_twice_right,3,0.454497,4.531234,9.284384,0.201357,-0.105203,0.091418
200424790.000,YYQ,recording,knock_twice_right,3,0.579682,4.673414,8.714701,0.226988,-0.104092,0.091965
200424800.000,YYQ,recording,knock_twice_right,3,0.608680,4.770375,8.311392,0.191423,-0.086229,0.087491
200424810.000,YYQ,recording,knock_twice_right,3,0.500614,4.855125,8.126303,0.121721,-0.063607,0.082294
200424820.000,YYQ,recording,knock_twice_right,3,0.434510,4.876418,8.213984,0.046970,-0.048007,0.075390
200424830.000,YYQ,recording,knock_twice_right,3,0.468712,4.859171,8.495267,-0.005943,-0.040410,0.062362
200424840.000,YYQ,recording,knock_twice_right,3,0.440581,4.819786,8.677991,-0.021381,-0.033704,0.044921
200424850.000,YYQ,recording,knock_twice_right,3,0.406298,4.755858,8.741002,-0.006397,-0.026049,0.029320
200424860.000,YYQ,recording,knock_twice_right,3,0.347628,4.713296,8.651660,0.017287,-0.026586,0.018888
200424870.000,YYQ,recording,knock_twice_right,3,0.359886,4.706416,8.576103,0.035761,-0.035950,0.014442
200424880.000,YYQ,recording,knock_twice_right,3,0.401289,4.658711,8.469331,0.044869,-0.048180,0.012395
200424890.000,YYQ,recording,knock_twice_right,3,0.495431,4.626789,8.440908,0.044311,-0.057817,0.011515
200424900.000,YYQ,recording,knock_twice_right,3,0.519517,4.592102,8.449035,0.038483,-0.063129,0.013070
200424910.000,YYQ,recording,knock_twice_right,3,0.597593,4.548592,8.551314,0.034238,-0.065972,0.014283
200424920.000,YYQ,recording,knock_twice_right,3,0.664512,4.535417,8.569339,0.032619,-0.066398,0.013455
200424930.000,YYQ,recording,knock_twice_right,3,0.711861,4.534654,8.535868,0.030368,-0.062617,0.008272
200424940.000,YYQ,recording,knock_twice_right,3,0.755414,4.551751,8.435689,0.025100,-0.050677,-0.001366
200424950.000,YYQ,recording,knock_twice_right,3,0.730748,4.576193,8.327679,0.014408,-0.032552,-0.011822
200424960.000,YYQ,recording,knock_twice_right,3,0.710635,4.612889,8.299543,-0.001803,-0.014054,-0.021032
200424970.000,YYQ,recording,knock_twice_right,3,0.701315,4.643497,8.263996,-0.019084,0.002842,-0.028427
200424980.000,YYQ,recording,knock_twice_right,3,0.687603,4.709869,8.291102,-0.033811,0.014238,-0.035174
200424990.000,YYQ,recording,knock_twice_right,3,0.692683,4.702785,8.370382,-0.043803,0.018867,-0.039812
200425000.000,YYQ,recording,knock_twice_right,3,0.634860,4.702158,8.466134,-0.048890,0.017657,-0.038643
200425010.000,YYQ,recording,knock_twice_right,3,0.589644,4.718025,8.574641,-0.049949,0.012341,-0.033576
200425020.000,YYQ,recording,knock_twice_right,3,0.574166,4.732764,8.662861,-0.045851,0.008120,-0.027318
200425030.000,YYQ,recording,knock_twice_right,3,0.582497,4.724781,8.711357,-0.038864,0.005362,-0.019036
200425040.000,YYQ,recording,knock_twice_right,3,0.553232,4.698951,8.738581,-0.032016,-0.000771,-0.009666
200425050.000,YYQ,recording,knock_twice_right,3,0.560162,4.690229,8.762465,-0.025711,-0.010047,-0.002294
200425060.000,YYQ,recording,knock_twice_right,3,0.547730,4.671306,8.747158,-0.021030,-0.020216,0.001940
200425070.000,YYQ,recording,knock_twice_right,3,0.577996,4.713773,8.785713,-0.016145,-0.030671,0.003515
200425080.000,YYQ,recording,knock_twice_right,3,0.614239,4.715167,8.839849,-0.007742,-0.036344,0.002764
200425090.000,YYQ,recording,knock_twice_right,3,0.631633,4.715015,8.828970,0.003425,-0.034384,-0.001010
200425100.000,YYQ,recording,knock_twice_right,3,0.589256,4.697009,8.764743,0.014237,-0.027717,-0.005532
200425110.000,YYQ,recording,knock_twice_right,3,0.640908,4.713999,8.718092,0.022452,-0.020640,-0.009126
200425120.000,YYQ,recording,knock_twice_right,3,0.648610,4.713697,8.717665,0.028735,-0.014748,-0.012700
200425130.000,YYQ,recording,knock_twice_right,3,0.642361,4.726537,8.723614,0.036310,-0.012503,-0.016371
200425140.000,YYQ,recording,knock_twice_right,3,0.620634,4.718347,8.671523,0.045303,-0.014663,-0.020340
200425150.000,YYQ,recording,knock_twice_right,3,0.574023,4.690908,8.596016,0.051141,-0.020644,-0.022307
200425160.000,YYQ,recording,knock_twice_right,3,0.578234,4.699277,8.517840,0.051284,-0.027092,-0.021208
200425170.000,YYQ,recording,knock_twice_right,3,0.557628,4.688653,8.434497,0.043604,-0.027782,-0.020183
200425180.000,YYQ,recording,knock_twice_right,3,0.559472,4.672832,8.372909,0.030051,-0.022497,-0.018910
200425190.000,YYQ,recording,knock_twice_right,3,0.553840,4.675920,8.383302,0.017079,-0.013546,-0.016349
200425200.000,YYQ,recording,knock_twice_right,3,0.570523,4.663377,8.400430,0.008385,-0.004861,-0.014465
200425210.000,YYQ,recording,knock_twice_right,3,0.582860,4.659761,8.431065,0.003364,-0.002027,-0.012237
200425220.000,YYQ,recording,knock_twice_right,3,0.581326,4.667128,8.481184,0.001416,-0.003810,-0.009211
200425230.000,YYQ,recording,knock_twice_right,3,0.577004,4.678121,8.514236,0.002574,-0.005792,-0.006039
200425240.000,YYQ,recording,knock_twice_right,3,0.553568,4.651075,8.465235,0.004448,-0.008630,-0.003676
200425250.000,YYQ,recording,knock_twice_right,3,0.546033,4.638201,8.456575,0.004291,-0.013361,-0.002315
200425260.000,YYQ,recording,knock_twice_right,3,0.599995,4.659287,8.466593,0.001063,-0.017437,-0.001710
200425270.000,YYQ,recording,knock_twice_right,3,0.609099,4.684359,8.494248,-0.003987,-0.018820,-0.001475
200425280.000,YYQ,recording,knock_twice_right,3,0.547254,4.716012,8.551073,-0.006835,-0.019014,-0.000290
200425290.000,YYQ,recording,knock_twice_right,3,0.544595,4.713043,8.567612,-0.004509,-0.019596,0.000362
200425300.000,YYQ,recording,knock_twice_right,3,0.582649,4.691757,8.601627,0.001350,-0.019386,-0.001536
200425310.000,YYQ,recording,knock_twice_right,3,0.577237,4.716789,8.623300,0.007696,-0.018119,-0.003476
200425320.000,YYQ,recording,knock_twice_right,3,0.597187,4.739711,8.596013,0.010797,-0.016886,-0.006038
200425330.000,YYQ,recording,knock_twice_right,3,0.610988,4.733530,8.570629,0.007992,-0.013845,-0.008693
200425340.000,YYQ,recording,knock_twice_right,3,0.579303,4.757907,8.507740,-0.000596,-0.011129,-0.008637
200425350.000,YYQ,recording,knock_twice_right,3,0.579393,4.753798,8.574739,-0.012000,-0.011205,-0.007034
200425360.000,YYQ,recording,knock_twice_right,3,0.615517,4.740541,8.628595,-0.019891,-0.009559,-0.004531
200425370.000,YYQ,recording,knock_twice_right,3,0.591788,4.706429,8.702458,-0.022367,-0.005853,-0.001612
200425380.000,YYQ,recording,knock_twice_right,3,0.569262,4.706180,8.731121,-0.018568,-0.002551,0.001445
200425390.000,YYQ,recording,knock_twice_right,3,0.579490,4.721484,8.737058,-0.008938,-0.001540,0.005691
200425400.000,YYQ,recording,knock_twice_right,3,0.623788,4.725353,8.793822,0.005395,-0.002021,0.009206
200425410.000,YYQ,recording,knock_twice_right,3,0.658284,4.712875,8.732022,0.023860,-0.001540,0.009759
200425420.000,YYQ,recording,knock_twice_right,3,0.642423,4.732442,8.619350,0.038338,-0.000937,0.008735
200425430.000,YYQ,recording,knock_twice_right,3,0.635431,4.709461,8.496458,0.043421,-0.001201,0.006778
200425440.000,YYQ,recording,knock_twice_right,3,0.616723,4.726515,8.424360,0.040332,-0.001663,0.006041
200425450.000,YYQ,recording,knock_twice_right,3,0.586924,4.736881,8.425072,0.032308,-0.001893,0.006872
200425460.000,YYQ,recording,knock_twice_right,3,0.605750,4.707784,8.463835,0.024812,-0.000896,0.007648
200425470.000,YYQ,recording,knock_twice_right,3,0.596725,4.700694,8.510451,0.021518,0.001299,0.009104
200425480.000,YYQ,recording,knock_twice_right,3,0.591057,4.705663,8.545984,0.021304,0.001909,0.009049
200425490.000,YYQ,recording,knock_twice_right,3,0.587565,4.690155,8.566623,0.021659,0.000194,0.008088
200425500.000,YYQ,recording,knock_twice_right,3,0.564418,4.712413,8.520750,0.021862,-0.004633,0.007836
200425510.000,YYQ,recording,knock_twice_right,3,0.599794,4.698901,8.479524,0.020848,-0.011560,0.006675
200425520.000,YYQ,recording,knock_twice_right,3,0.578866,4.726786,8.471306,0.018349,-0.018886,0.004942
200425530.000,YYQ,recording,knock_twice_right,3,0.616560,4.697000,8.525334,0.017029,-0.026023,0.002979
200425540.000,YYQ,recording,knock_twice_right,3,0.620389,4.707340,8.528557,0.016230,-0.030839,0.000914
200425550.000,YYQ,recording,knock_twice_right,3,0.653708,4.708198,8.502459,0.013944,-0.032203,-0.000892
200425560.000,YYQ,recording,knock_twice_right,3,0.633083,4.716073,8.492732,0.009171,-0.028274,-0.000954
200425570.000,YYQ,recording,knock_twice_right,3,0.638327,4.749864,8.453499,0.001495,-0.019997,0.000505
200425580.000,YYQ,recording,knock_twice_right,3,0.622009,4.743593,8.427475,-0.009234,-0.011314,0.002675
200425590.000,YYQ,recording,knock_twice_right,3,0.650299,4.721025,8.399013,-0.022058,-0.004087,0.005408
200425600.000,YYQ,recording,knock_twice_right,3,0.654968,4.718931,8.481936,-0.032258,0.000669,0.007601
200425610.000,YYQ,recording,knock_twice_right,3,0.715367,4.720275,8.606616,-0.034290,0.002012,0.008085
200425620.000,YYQ,recording,knock_twice_right,3,0.716461,4.709181,8.708112,-0.024887,0.000278,0.006279
200425630.000,YYQ,recording,knock_twice_right,3,0.691284,4.720434,8.746525,-0.007790,-0.003510,0.003879
200425640.000,YYQ,recording,knock_twice_right,3,0.645511,4.737116,8.700468,0.010274,-0.009290,0.001872
200425650.000,YYQ,recording,knock_twice_right,3,0.640832,4.744628,8.602871,0.024018,-0.014443,0.000928
200425660.000,YYQ,recording,knock_twice_right,3,0.589166,4.749401,8.469064,0.027394,-0.015252,0.001362
200425670.000,YYQ,recording,knock_twice_right,3,0.595310,4.736654,8.361914,0.017952,-0.011237,0.002758
200425680.000,YYQ,recording,knock_twice_right,3,0.577621,4.731508,8.308970,-0.001417,-0.004046,0.005135
200425690.000,YYQ,recording,knock_twice_right,3,0.586115,4.718436,8.318981,-0.025950,0.002643,0.008265
200425700.000,YYQ,recording,knock_twice_right,3,0.610024,4.722420,8.466261,-0.045034,0.006388,0.010380
200425710.000,YYQ,recording,knock_twice_right,3,0.627237,4.718311,8.583618,-0.049813,0.006375,0.009698
200425720.000,YYQ,recording,knock_twice_right,3,0.601049,4.700259,8.681241,-0.041297,0.000129,0.007259
200425730.000,YYQ,recording,knock_twice_right,3,0.609995,4.708418,8.730119,-0.025656,-0.010443,0.005690
200425740.000,YYQ,recording,knock_twice_right,3,0.665956,4.687259,8.722571,-0.007522,-0.019153,0.004730
200425750.000,YYQ,recording,knock_twice_right,3,0.683539,4.704242,8.664220,0.007713,-0.022135,0.003208
200425760.000,YYQ,recording,knock_twice_right,3,0.672046,4.711636,8.571607,0.016001,-0.019628,0.001600
200425770.000,YYQ,recording,knock_twice_right,3,0.631949,4.738807,8.522462,0.017105,-0.013687,0.001364
200425780.000,YYQ,recording,knock_twice_right,3,0.625044,4.739333,8.497718,0.011718,-0.007587,0.003529
200425790.000,YYQ,recording,knock_twice_right,3,0.622610,4.717973,8.477190,0.003751,-0.003262,0.005576
200425800.000,YYQ,recording,knock_twice_right,3,0.602136,4.736830,8.485469,-0.004878,-0.002374,0.006539
200425810.000,YYQ,recording,knock_twice_right,3,0.599523,4.717189,8.504039,-0.011869,-0.004082,0.007207
200425820.000,YYQ,recording,knock_twice_right,3,0.615257,4.701094,8.575881,-0.015142,-0.007269,0.007792
200425830.000,YYQ,recording,knock_twice_right,3,0.643472,4.701654,8.601429,-0.012927,-0.011089,0.007254
200425840.000,YYQ,recording,knock_twice_right,3,0.653560,4.702910,8.634961,-0.006839,-0.012723,0.005816
200425850.000,YYQ,recording,knock_twice_right,3,0.678505,4.701103,8.611247,0.000448,-0.011438,0.003962
200425860.000,YYQ,recording,knock_twice_right,3,0.680061,4.707773,8.632918,0.008692,-0.009248,0.001954
200425870.000,YYQ,recording,knock_twice_right,3,0.653336,4.722038,8.544899,0.014691,-0.007039,0.001781
200425880.000,YYQ,recording,knock_twice_right,3,0.641014,4.702563,8.467851,0.014982,-0.005984,0.002656
200425890.000,YYQ,recording,knock_twice_right,3,0.687675,4.686050,8.421875,0.009275,-0.007445,0.002597
200425900.000,YYQ,recording,knock_twice_right,3,0.688523,4.720863,8.424093,0.001724,-0.007802,0.000850
200425910.000,YYQ,recording,knock_twice_right,3,0.683741,4.738578,8.452152,-0.004485,-0.006239,-0.001200
200425920.000,YYQ,recording,knock_twice_right,3,0.654216,4.718822,8.483147,-0.008753,-0.004240,-0.001664
200425930.000,YYQ,recording,knock_twice_right,3,0.633170,4.719179,8.514625,-0.011801,-0.000003,-0.001497
200425940.000,YYQ,recording,knock_twice_right,3,0.606387,4.687844,8.533822,-0.015120,0.007959,-0.000292
200425950.000,YYQ,recording,knock_twice_right,3,0.596861,4.703205,8.536282,-0.017874,0.016745,0.001988
200425960.000,YYQ,recording,knock_twice_right,3,0.614466,4.700975,8.539989,-0.018886,0.020503,0.003721
200425970.000,YYQ,recording,knock_twice_right,3,0.628435,4.739061,8.599985,-0.017077,0.017868,0.005058
200425980.000,YYQ,recording,knock_twice_right,3,0.646388,4.700664,8.616456,-0.012467,0.010158,0.005703
200425990.000,YYQ,recording,knock_twice_right,3,0.647646,4.671171,8.609569,-0.007566,0.000365,0.005958
200426000.000,YYQ,recording,knock_twice_right,3,0.653892,4.680965,8.592911,-0.003552,-0.007530,0.006062
200426010.000,YYQ,recording,knock_twice_right,3,0.695547,4.715175,8.573712,-0.000042,-0.010946,0.005562
200426020.000,YYQ,recording,knock_twice_right,3,0.676484,4.696675,8.580598,0.004380,-0.010123,0.004457
200426030.000,YYQ,recording,knock_twice_right,3,0.699183,4.709666,8.618469,0.010970,-0.006168,0.003059
200426040.000,YYQ,recording,knock_twice_right,3,0.697787,4.741912,8.559179,0.016798,0.001387,0.000996
200426050.000,YYQ,recording,knock_twice_right,3,0.670621,4.722628,8.521250,0.017380,0.008878,-0.000867
200426060.000,YYQ,recording,knock_twice_right,3,0.639971,4.758619,8.457446,0.012095,0.014939,-0.001207
200426070.000,YYQ,recording,knock_twice_right,3,0.641901,4.736355,8.449007,0.002858,0.021056,-0.000725
200426080.000,YYQ,recording,knock_twice_right,3,0.632551,4.737729,8.446782,-0.009229,0.024342,-0.000977
200426090.000,YYQ,recording,knock_twice_right,4,0.641173,4.721183,8.490639,-0.022128,0.024099,-0.001165
200426100.000,YYQ,recording,knock_twice_right,4,0.634060,4.748632,8.536793,-0.029827,0.021560,-0.000976
200426110.000,YYQ,recording,knock_twice_right,4,0.665304,4.701519,8.680267,-0.026375,0.017453,-0.001951
200426120.000,YYQ,recording,knock_twice_right,4,0.650060,4.701039,8.706369,-0.015182,0.012073,-0.003331
200426130.000,YYQ,recording,knock_twice_right,4,0.631799,4.690002,8.705296,-0.002701,0.006372,-0.002668
200426140.000,YYQ,recording,knock_twice_right,4,0.630517,4.684057,8.670869,0.009123,0.001129,-0.000017
200426150.000,YYQ,recording,knock_twice_right,4,0.666639,4.670606,8.580798,0.018125,-0.003555,0.001694
200426160.000,YYQ,recording,knock_twice_right,4,0.683513,4.678017,8.530748,0.020944,-0.006913,0.001345
200426170.000,YYQ,recording,knock_twice_right,4,0.696019,4.688308,8.479838,0.019159,-0.008718,0.000203
200426180.000,YYQ,recording,knock_twice_right,4,0.668724,4.719526,8.490133,0.016905,-0.010592,0.000155
200426190.000,YYQ,recording,knock_twice_right,4,0.637386,4.702029,8.473336,0.015002,-0.011247,0.000506
200426200.000,YYQ,recording,knock_twice_right,4,0.635788,4.698758,8.450802,0.012460,-0.009293,0.000408
200426210.000,YYQ,recording,knock_twice_right,4,0.658073,4.731960,8.483387,0.008166,-0.005434,0.000881
200426220.000,YYQ,recording,knock_twice_right,4,0.679539,4.731855,8.470477,0.003491,-0.001257,0.001156
200426230.000,YYQ,recording,knock_twice_right,4,0.687832,4.716265,8.477184,-0.002318,0.000508,-0.000078
200426240.000,YYQ,recording,knock_twice_right,4,0.679365,4.738622,8.483206,-0.010157,0.002008,-0.001890
200426250.000,YYQ,recording,knock_twice_right,4,0.683120,4.739405,8.526520,-0.016844,0.004384,-0.004164
200426260.000,YYQ,recording,knock_twice_right,4,0.693940,4.715608,8.554886,-0.019464,0.005061,-0.008038
200426270.000,YYQ,recording,knock_twice_right,4,0.676059,4.727218,8.591887,-0.018806,0.004707,-0.011675
200426280.000,YYQ,recording,knock_twice_right,4,0.675424,4.713172,8.583942,-0.018010,0.006660,-0.013143
200426290.000,YYQ,recording,knock_twice_right,4,0.630706,4.731987,8.486504,-0.020361,0.009977,-0.013420
200426300.000,YYQ,recording,knock_twice_right,4,0.633652,4.746039,8.449932,-0.027466,0.013029,-0.012957
200426310.000,YYQ,recording,knock_twice_right,4,0.649014,4.714647,8.488180,-0.034000,0.012867,-0.011857
200426320.000,YYQ,recording,knock_twice_right,4,0.657994,4.735920,8.623781,-0.031108,0.008456,-0.011287
200426330.000,YYQ,recording,knock_twice_right,4,0.641805,4.694958,8.740669,-0.016991,0.001911,-0.010771
200426340.000,YYQ,recording,knock_twice_right,4,0.617564,4.706063,8.736888,0.001272,-0.006007,-0.010247
200426350.000,YYQ,recording,knock_twice_right,4,0.600054,4.702691,8.669437,0.014211,-0.011607,-0.008640
200426360.000,YYQ,recording,knock_twice_right,4,0.603551,4.727256,8.580980,0.017355,-0.011419,-0.005038
200426370.000,YYQ,recording,knock_twice_right,4,0.599235,4.726247,8.521828,0.012219,-0.006292,-0.001508
200426380.000,YYQ,recording,knock_twice_right,4,0.588161,4.715491,8.538207,0.003730,0.000328,0.001544
200426390.000,YYQ,recording,knock_twice_right,4,0.589461,4.746941,8.579269,-0.003297,0.006359,0.003821
200426400.000,YYQ,recording,knock_twice_right,4,0.591361,4.717173,8.655305,-0.005247,0.008709,0.004872
200426410.000,YYQ,recording,knock_twice_right,4,0.594118,4.717048,8.694766,0.000159,0.006033,0.005579
200426420.000,YYQ,recording,knock_twice_right,4,0.626647,4.702796,8.745328,0.012307,-0.000770,0.005627
200426430.000,YYQ,recording,knock_twice_right,4,0.634722,4.751432,8.733351,0.028478,-0.010902,0.004521
200426440.000,YYQ,recording,knock_twice_right,4,0.653103,4.746487,8.693146,0.043429,-0.019341,0.003352
200426450.000,YYQ,recording,knock_twice_right,4,0.656949,4.728204,8.607402,0.052779,-0.022201,0.003058
200426460.000,YYQ,recording,knock_twice_right,4,0.657141,4.750087,8.541690,0.054475,-0.019108,0.002721
200426470.000,YYQ,recording,knock_twice_right,4,0.639174,4.757366,8.484463,0.048523,-0.012579,0.002806
200426480.000,YYQ,recording,knock_twice_right,4,0.613880,4.756302,8.441390,0.038288,-0.007274,0.005326
200426490.000,YYQ,recording,knock_twice_right,4,0.629786,4.718942,8.466023,0.028681,-0.003178,0.007847
200426500.000,YYQ,recording,knock_twice_right,4,0.699960,4.730026,8.491277,0.022447,-0.000167,0.006590
200426510.000,YYQ,recording,knock_twice_right,4,0.681708,4.765362,8.531723,0.020470,0.000949,0.004048
200426520.000,YYQ,recording,knock_twice_right,4,0.650420,4.740154,8.535942,0.023607,0.001637,0.001936
200426530.000,YYQ,recording,knock_twice_right,4,0.670820,4.731277,8.487060,0.027931,0.001969,-0.001488
200426540.000,YYQ,recording,knock_twice_right,4,0.681988,4.744005,8.403074,0.026820,0.004551,-0.004624
200426550.000,YYQ,recording,knock_twice_right,4,0.661851,4.758798,8.377442,0.017951,0.011159,-0.005857
200426560.000,YYQ,recording,knock_twice_right,4,0.641398,4.734080,8.391789,0.007639,0.018771,-0.006318
200426570.000,YYQ,recording,knock_twice_right,4,0.671906,4.722452,8.520213,0.002842,0.024960,-0.007048
200426580.000,YYQ,recording,knock_twice_right,4,0.645595,4.729513,8.538387,0.003659,0.027058,-0.007698
200426590.000,YYQ,recording,knock_twice_right,4,0.630674,4.724411,8.619999,0.008511,0.025606,-0.007739
200426600.000,YYQ,recording,knock_twice_right,4,0.596261,4.722162,8.621977,0.014940,0.022211,-0.006618
200426610.000,YYQ,recording,knock_twice_right,4,0.666660,4.696193,8.638832,0.022260,0.017723,-0.006531
200426620.000,YYQ,recording,knock_twice_right,4,0.670216,4.717075,8.609088,0.030237,0.012466,-0.007674
200426630.000,YYQ,recording,knock_twice_right,4,0.657795,4.766374,8.559621,0.036901,0.006851,-0.008592
200426640.000,YYQ,recording,knock_twice_right,4,0.639170,4.768981,8.476189,0.038690,0.006269,-0.009823
200426650.000,YYQ,recording,knock_twice_right,4,0.605447,4.773730,8.346667,0.031578,0.013180,-0.009098
200426660.000,YYQ,recording,knock_twice_right,4,0.578609,4.768667,8.219941,0.013593,0.024422,-0.005311
200426670.000,YYQ,recording,knock_twice_right,4,0.567281,4.784063,8.220386,-0.011173,0.036441,-0.001343
200426680.000,YYQ,recording,knock_twice_right,4,0.616774,4.757402,8.287224,-0.035951,0.046410,0.000281
200426690.000,YYQ,recording,knock_twice_right,4,0.594720,4.749957,8.368695,-0.055341,0.050580,0.000093
200426700.000,YYQ,recording,knock_twice_right,4,0.552367,4.737460,8.442640,-0.065494,0.044290,0.000426
200426710.000,YYQ,recording,knock_twice_right,4,0.626896,4.697209,8.632596,-0.060806,0.028222,-0.000144
200426720.000,YYQ,recording,knock_twice_right,4,0.658666,4.719144,8.794743,-0.038956,0.009107,-0.003511
200426730.000,YYQ,recording,knock_twice_right,4,0.610845,4.686354,8.772297,-0.011328,-0.006610,-0.006726
200426740.000,YYQ,recording,knock_twice_right,4,0.595748,4.712678,8.702252,0.010866,-0.014276,-0.006343
200426750.000,YYQ,recording,knock_twice_right,4,0.565385,4.726182,8.646552,0.024235,-0.012819,-0.001517
200426760.000,YYQ,recording,knock_twice_right,4,0.591337,4.734558,8.565502,0.027165,-0.007130,0.003025
200426770.000,YYQ,recording,knock_twice_right,4,0.615460,4.758548,8.459773,0.019720,-0.000593,0.003826
200426780.000,YYQ,recording,knock_twice_right,4,0.632306,4.752149,8.455082,0.006398,0.003445,0.003120
200426790.000,YYQ,recording,knock_twice_right,4,0.629854,4.773475,8.523506,-0.004805,0.002770,0.001602
200426800.000,YYQ,recording,knock_twice_right,4,0.703138,4.739130,8.623305,-0.004341,-0.001135,-0.002430
200426810.000,YYQ,recording,knock_twice_right,4,0.667587,4.738105,8.713517,0.009546,-0.007885,-0.008411
200426820.000,YYQ,recording,knock_twice_right,4,0.708230,4.697263,8.709914,0.030302,-0.013277,-0.014175
200426830.000,YYQ,recording,knock_twice_right,4,0.652349,4.733391,8.587591,0.047641,-0.014146,-0.018043
200426840.000,YYQ,recording,knock_twice_right,4,0.618816,4.762406,8.435646,0.050882,-0.011508,-0.019800
200426850.000,YYQ,recording,knock_twice_right,4,0.611065,4.806228,8.356107,0.041083,-0.005649,-0.019429
200426860.000,YYQ,recording,knock_twice_right,4,0.623467,4.809450,8.410969,0.027816,0.000140,-0.018285
200426870.000,YYQ,recording,knock_twice_right,4,0.649908,4.803617,8.524194,0.020925,0.001843,-0.018493
200426880.000,YYQ,recording,knock_twice_right,4,0.670123,4.774486,8.635637,0.023796,0.002637,-0.020630
200426890.000,YYQ,recording,knock_twice_right,4,0.639494,4.763705,8.642359,0.031322,0.004637,-0.023972
200426900.000,YYQ,recording,knock_twice_right,4,0.604161,4.744479,8.567299,0.037712,0.007077,-0.025129
200426910.000,YYQ,recording,knock_twice_right,4,0.644845,4.772401,8.486262,0.040421,0.009916,-0.024982
200426920.000,YYQ,recording,knock_twice_right,4,0.644829,4.799090,8.472442,0.040131,0.014876,-0.025648
200426930.000,YYQ,recording,knock_twice_right,4,0.630908,4.815578,8.436401,0.037614,0.020992,-0.026318
200426940.000,YYQ,recording,knock_twice_right,4,0.589485,4.783584,8.435445,0.034067,0.024862,-0.028544
200426950.000,YYQ,recording,knock_twice_right,4,0.627546,4.762200,8.464283,0.031455,0.031469,-0.034379
200426960.000,YYQ,recording,knock_twice_right,4,0.668018,4.763993,8.485384,0.028891,0.036028,-0.042662
200426970.000,YYQ,recording,knock_twice_right,4,0.635783,4.785244,8.495721,0.026007,0.030714,-0.049578
200426980.000,YYQ,recording,knock_twice_right,4,0.638596,4.757298,8.507100,0.024565,0.027367,-0.055008
200426990.000,YYQ,recording,knock_twice_right,4,0.578076,4.738392,8.480184,0.025077,0.029828,-0.060560
200427000.000,YYQ,recording,knock_twice_right,4,0.548381,4.765111,8.465213,0.024914,0.034150,-0.065485
200427010.000,YYQ,recording,knock_twice_right,4,0.506888,4.786485,8.453936,0.024480,0.041255,-0.068647
200427020.000,YYQ,recording,knock_twice_right,4,0.630458,4.715659,8.519813,0.030258,0.051457,-0.072793
200427030.000,YYQ,recording,knock_twice_right,4,0.775048,4.726119,8.721558,0.048801,0.059105,-0.084711
200427040.000,YYQ,recording,knock_twice_right,4,0.906929,4.741413,9.072749,0.089002,0.055515,-0.110451
200427050.000,YYQ,recording,knock_twice_right,4,0.917478,4.808446,9.385351,0.160275,0.043948,-0.153960
200427060.000,YYQ,recording,knock_twice_right,4,0.726094,4.638469,9.373762,0.255261,0.042716,-0.202304
200427070.000,YYQ,recording,knock_twice_right,4,0.074412,4.484588,8.706901,0.345097,0.062591,-0.227474
200427080.000,YYQ,recording,knock_twice_right,4,-1.411207,4.023537,7.566045,0.367385,0.220266,-0.193825
200427090.000,YYQ,recording,knock_twice_right,4,-4.844719,3.763221,5.319911,0.267479,0.342103,-0.092793
200427100.000,YYQ,recording,knock_twice_right,4,-0.782726,4.735589,7.461062,0.074408,0.262964,0.127463
200427110.000,YYQ,recording,knock_twice_right,4,-1.855162,7.116483,7.503012,-0.085138,0.074312,0.387648
200427120.000,YYQ,recording,knock_twice_right,4,1.766277,5.758060,9.684588,-0.103733,-0.162278,0.532858
200427130.000,YYQ,recording,knock_twice_right,4,1.466875,5.179944,9.778658,-0.007684,-0.323381,0.595119
200427140.000,YYQ,recording,knock_twice_right,4,2.405265,4.690469,10.139753,0.131737,-0.387340,0.604762
200427150.000,YYQ,recording,knock_twice_right,4,2.575857,4.434484,9.775839,0.280470,-0.388071,0.543277
200427160.000,YYQ,recording,knock_twice_right,4,2.634161,4.578596,9.589735,0.413136,-0.351057,0.413207
200427170.000,YYQ,recording,knock_twice_right,4,2.692731,4.765779,9.171004,0.499515,-0.270500,0.245485
200427180.000,YYQ,recording,knock_twice_right,4,2.065365,5.136087,8.413780,0.512998,-0.156244,0.069586
200427190.000,YYQ,recording,knock_twice_right,4,1.942759,5.129560,7.645380,0.443122,-0.031027,-0.102394
200427200.000,YYQ,recording,knock_twice_right,4,1.584795,5.299531,7.152714,0.309671,0.085368,-0.252223
200427210.000,YYQ,recording,knock_twice_right,4,1.392585,5.681080,7.080461,0.140761,0.195919,-0.355061
200427220.000,YYQ,recording,knock_twice_right,4,0.770560,6.037085,6.711510,-0.055191,0.272202,-0.397841
200427230.000,YYQ,recording,knock_twice_right,4,-0.398447,5.686793,6.699362,-0.264059,0.295957,-0.407513
200427240.000,YYQ,recording,knock_twice_right,4,-0.509099,4.291361,6.323297,-0.450956,0.364062,-0.395086
200427250.000,YYQ,recording,knock_twice_right,4,-0.778356,4.450928,6.084674,-0.621568,0.469969,-0.327695
200427260.000,YYQ,recording,knock_twice_right,4,-0.536301,5.305551,6.563518,-0.792985,0.475294,-0.220207
200427270.000,YYQ,recording,knock_twice_right,4,0.289373,5.508501,8.147753,-0.887293,0.365430,-0.126018
200427280.000,YYQ,recording,knock_twice_right,4,0.826870,4.956136,10.407042,-0.791752,0.236573,-0.076796
200427290.000,YYQ,recording,knock_twice_right,4,0.826423,4.159009,11.706274,-0.493318,0.148028,-0.078610
200427300.000,YYQ,recording,knock_twice_right,4,0.653257,3.593694,11.729946,-0.098159,0.079367,-0.107739
200427310.000,YYQ,recording,knock_twice_right,4,-0.042988,4.124929,11.225840,0.263896,-0.028531,-0.126806
200427320.000,YYQ,recording,knock_twice_right,4,-0.133631,4.595579,11.082074,0.550869,-0.177310,-0.134270
200427330.000,YYQ,recording,knock_twice_right,4,0.160613,4.484809,10.627241,0.788987,-0.271192,-0.145626
200427340.000,YYQ,recording,knock_twice_right,4,-0.787371,3.928107,8.662429,0.939378,-0.163982,-0.126804
200427350.000,YYQ,recording,knock_twice_right,4,-5.675856,3.875769,4.513478,0.842607,0.004845,-0.019368
200427360.000,YYQ,recording,knock_twice_right,4,-2.487122,4.355958,4.733880,0.484969,-0.095624,0.207053
200427370.000,YYQ,recording,knock_twice_right,4,-0.335417,7.232004,6.784462,0.110159,-0.398294,0.447873
200427380.000,YYQ,recording,knock_twice_right,4,2.995015,7.284641,8.511349,-0.093025,-0.621416,0.545475
200427390.000,YYQ,recording,knock_twice_right,4,2.787184,5.536878,8.687922,-0.124449,-0.696120,0.517788
200427400.000,YYQ,recording,knock_twice_right,4,2.789798,4.748146,9.099037,-0.047125,-0.662203,0.446989
200427410.000,YYQ,recording,knock_twice_right,4,2.258991,4.875849,8.871285,0.070836,-0.536984,0.338173
200427420.000,YYQ,recording,knock_twice_right,4,2.576941,4.810096,8.360961,0.143089,-0.349735,0.192007
200427430.000,YYQ,recording,knock_twice_right,4,2.284614,5.054796,7.394566,0.116512,-0.135406,0.035064
200427440.000,YYQ,recording,knock_twice_right,4,2.060280,5.219661,7.085055,-0.000989,0.076957,-0.090237
200427450.000,YYQ,recording,knock_twice_right,4,1.465761,5.767670,6.518310,-0.186884,0.254396,-0.160908
200427460.000,YYQ,recording,knock_twice_right,4,1.008839,5.796314,6.255720,-0.419837,0.365102,-0.191038
200427470.000,YYQ,recording,knock_twice_right,4,0.170493,5.422345,6.548324,-0.645517,0.424772,-0.230170
200427480.000,YYQ,recording,knock_twice_right,4,0.532677,3.964653,7.593044,-0.772437,0.472476,-0.287692
200427490.000,YYQ,recording,knock_twice_right,4,0.179353,4.272157,9.155735,-0.752594,0.484488,-0.297717
200427500.000,YYQ,recording,knock_twice_right,4,0.067619,4.809056,10.268002,-0.616159,0.419580,-0.253802
200427510.000,YYQ,recording,knock_twice_right,4,0.132309,4.743841,10.383890,-0.416255,0.312612,-0.198268
200427520.000,YYQ,recording,knock_twice_right,4,-0.051860,4.394660,9.918999,-0.216573,0.201615,-0.143859
200427530.000,YYQ,recording,knock_twice_right,4,-0.206211,4.420191,9.332390,-0.070604,0.087815,-0.083926
200427540.000,YYQ,recording,knock_twice_right,4,-0.164333,4.606073,8.872895,0.004226,-0.009364,-0.022059
200427550.000,YYQ,recording,knock_twice_right,4,-0.021053,4.744449,8.493312,0.019028,-0.065064,0.030008
200427560.000,YYQ,recording,knock_twice_right,4,0.103056,4.754510,8.263573,-0.005127,-0.082982,0.067190
200427570.000,YYQ,recording,knock_twice_right,4,0.222192,4.802303,8.207265,-0.048748,-0.078672,0.093042
200427580.000,YYQ,recording,knock_twice_right,4,0.338679,4.849661,8.272714,-0.097320,-0.062152,0.111493
200427590.000,YYQ,recording,knock_twice_right,4,0.437576,4.855030,8.341481,-0.141132,-0.044635,0.121668
200427600.000,YYQ,recording,knock_twice_right,4,0.533785,4.796320,8.573388,-0.167035,-0.038835,0.120633
200427610.000,YYQ,recording,knock_twice_right,4,0.703898,4.694107,8.912727,-0.162304,-0.043441,0.108996
200427620.000,YYQ,recording,knock_twice_right,4,0.800734,4.659296,9.175892,-0.124057,-0.048266,0.088999
200427630.000,YYQ,recording,knock_twice_right,4,0.799829,4.661603,9.204895,-0.062808,-0.050259,0.062072
200427640.000,YYQ,recording,knock_twice_right,4,0.761751,4.696833,9.123777,-0.000711,-0.048036,0.034052
200427650.000,YYQ,recording,knock_twice_right,4,0.603082,4.765481,8.893378,0.043911,-0.043658,0.011619
200427660.000,YYQ,recording,knock_twice_right,4,0.460144,4.835037,8.593780,0.063279,-0.040313,-0.001880
200427670.000,YYQ,recording,knock_twice_right,4,0.390330,4.833276,8.368245,0.055741,-0.034688,-0.007850
200427680.000,YYQ,recording,knock_twice_right,4,0.374512,4.815713,8.284827,0.026841,-0.024406,-0.009739
200427690.000,YYQ,recording,knock_twice_right,4,0.378814,4.764855,8.274184,-0.010967,-0.012513,-0.009058
200427700.000,YYQ,recording,knock_twice_right,4,0.413867,4.705736,8.374837,-0.041907,-0.005813,-0.005848
200427710.000,YYQ,recording,knock_twice_right,4,0.498397,4.674348,8.594473,-0.054780,-0.007026,-0.001926
200427720.000,YYQ,recording,knock_twice_right,4,0.557939,4.636833,8.698732,-0.046413,-0.018803,-0.000521
200427730.000,YYQ,recording,knock_twice_right,4,0.627601,4.633818,8.754716,-0.024549,-0.040800,-0.003575
200427740.000,YYQ,recording,knock_twice_right,4,0.702010,4.598146,8.700023,-0.001350,-0.058212,-0.008103
200427750.000,YYQ,recording,knock_twice_right,4,0.715202,4.586321,8.550905,0.014312,-0.064630,-0.012568
200427760.000,YYQ,recording,knock_twice_right,4,0.743345,4.623446,8.402818,0.017039,-0.061530,-0.017994
200427770.000,YYQ,recording,knock_twice_right,4,0.718386,4.687574,8.355970,0.009284,-0.049881,-0.023173
200427780.000,YYQ,recording,knock_twice_right,4,0.623892,4.696920,8.356364,-0.002509,-0.035715,-0.025126
200427790.000,YYQ,recording,knock_twice_right,4,0.530692,4.679635,8.406562,-0.012844,-0.021891,-0.023112
200427800.000,YYQ,recording,knock_twice_right,4,0.501271,4.694528,8.411000,-0.022383,-0.008923,-0.019959
200427810.000,YYQ,recording,knock_twice_right,4,0.509387,4.683245,8.424514,-0.032987,0.001424,-0.015373
200427820.000,YYQ,recording,knock_twice_right,4,0.502477,4.703298,8.480133,-0.043698,0.005487,-0.008677
200427830.000,YYQ,recording,knock_twice_right,4,0.518450,4.685808,8.500175,-0.053824,0.002108,-0.000640
200427840.000,YYQ,recording,knock_twice_right,4,0.527153,4.683895,8.580349,-0.058185,-0.007124,0.006645
200427850.000,YYQ,recording,knock_twice_right,4,0.593319,4.689008,8.686692,-0.053347,-0.017998,0.011767
200427860.000,YYQ,recording,knock_twice_right,4,0.604246,4.647465,8.758236,-0.041616,-0.028003,0.015738
200427870.000,YYQ,recording,knock_twice_right,4,0.685260,4.635634,8.834737,-0.024843,-0.034444,0.018163
200427880.000,YYQ,recording,knock_twice_right,4,0.629095,4.662857,8.828284,-0.006790,-0.037875,0.018962
200427890.000,YYQ,recording,knock_twice_right,4,0.637115,4.672308,8.748768,0.006424,-0.039903,0.019523
200427900.000,YYQ,recording,knock_twice_right,4,0.634988,4.698055,8.674732,0.012770,-0.038640,0.020067
200427910.000,YYQ,recording,knock_twice_right,4,0.693220,4.688324,8.600326,0.013208,-0.031789,0.019238
200427920.000,YYQ,recording,knock_twice_right,4,0.745568,4.687936,8.517455,0.008689,-0.021237,0.013825
200427930.000,YYQ,recording,knock_twice_right,4,0.711790,4.733058,8.469616,0.002346,-0.011503,0.005398
200427940.000,YYQ,recording,knock_twice_right,4,0.686622,4.716809,8.511067,-0.002465,-0.003856,-0.002976
200427950.000,YYQ,recording,knock_twice_right,4,0.614242,4.736860,8.530713,-0.003872,-0.000271,-0.008936
200427960.000,YYQ,recording,knock_twice_right,4,0.602284,4.657101,8.476901,-0.004042,0.003361,-0.011405
200427970.000,YYQ,recording,knock_twice_right,4,0.602343,4.662992,8.443040,-0.008143,0.009549,-0.011541
200427980.000,YYQ,recording,knock_twice_right,4,0.594747,4.686737,8.469791,-0.015916,0.011403,-0.009833
200427990.000,YYQ,recording,knock_twice_right,4,0.625944,4.704551,8.505828,-0.021041,0.009492,-0.009158
200428000.000,YYQ,recording,knock_twice_right,4,0.634525,4.664102,8.568335,-0.020563,0.006137,-0.009740
200428010.000,YYQ,recording,knock_twice_right,4,0.598738,4.646965,8.597793,-0.018037,0.000085,-0.009829
200428020.000,YYQ,recording,knock_twice_right,4,0.602147,4.635350,8.577472,-0.018069,-0.007426,-0.009284
200428030.000,YYQ,recording,knock_twice_right,4,0.608761,4.653986,8.545641,-0.020196,-0.016897,-0.008430
200428040.000,YYQ,recording,knock_twice_right,4,0.635568,4.642362,8.616619,-0.020013,-0.024937,-0.006908
200428050.000,YYQ,recording,knock_twice_right,4,0.603845,4.650954,8.678975,-0.014814,-0.028188,-0.005285
200428060.000,YYQ,recording,knock_twice_right,4,0.600233,4.656833,8.699466,-0.005658,-0.028596,-0.002864
200428070.000,YYQ,recording,knock_twice_right,4,0.580411,4.671102,8.622279,0.002039,-0.026182,0.000001
200428080.000,YYQ,recording,knock_twice_right,4,0.573755,4.654448,8.552315,0.002663,-0.018284,0.003879
200428090.000,YYQ,recording,knock_twice_right,4,0.592605,4.704423,8.475616,-0.006250,-0.007212,0.009115
200428100.000,YYQ,recording,knock_twice_right,4,0.630421,4.721560,8.468410,-0.020261,0.002446,0.012029
200428110.000,YYQ,recording,knock_twice_right,4,0.706198,4.713473,8.530259,-0.030655,0.010027,0.012179
200428120.000,YYQ,recording,knock_twice_right,4,0.744625,4.678192,8.581796,-0.036237,0.017398,0.009348
200428130.000,YYQ,recording,knock_twice_right,4,0.735081,4.681710,8.586502,-0.039729,0.024540,0.003949
200428140.000,YYQ,recording,knock_twice_right,4,0.727000,4.644199,8.593556,-0.040494,0.030469,-0.002937
200428150.000,YYQ,recording,knock_twice_right,4,0.743823,4.645572,8.549057,-0.041492,0.031364,-0.011014
200428160.000,YYQ,recording,knock_twice_right,4,0.688370,4.669951,8.606747,-0.040138,0.024080,-0.017491
200428170.000,YYQ,recording,knock_twice_right,4,0.650064,4.673793,8.648429,-0.033290,0.012590,-0.021610
200428180.000,YYQ,recording,knock_twice_right,4,0.610902,4.672553,8.668191,-0.024364,0.003477,-0.023726
200428190.000,YYQ,recording,knock_twice_right,4,0.516009,4.643958,8.660802,-0.016380,-0.004277,-0.021648
200428200.000,YYQ,recording,knock_twice_right,4,0.502951,4.670200,8.648113,-0.010926,-0.015092,-0.015691
200428210.000,YYQ,recording,knock_twice_right,4,0.537085,4.644740,8.609296,-0.007082,-0.025787,-0.008448
200428220.000,YYQ,recording,knock_twice_right,4,0.630263,4.668492,8.613625,-0.005029,-0.034500,-0.002663
200428230.000,YYQ,recording,knock_twice_right,4,0.673116,4.684761,8.609317,-0.003608,-0.040248,0.000295
200428240.000,YYQ,recording,knock_twice_right,4,0.652772,4.686169,8.621034,-0.001313,-0.042034,0.001820
200428250.000,YYQ,recording,knock_twice_right,4,0.617409,4.637706,8.589628,0.003147,-0.038544,0.004927
200428260.000,YYQ,recording,knock_twice_right,4,0.687923,4.655958,8.606529,0.006560,-0.029667,0.006040
200428270.000,YYQ,recording,knock_twice_right,4,0.698506,4.668581,8.531268,0.005689,-0.021435,0.003419
200428280.000,YYQ,recording,knock_twice_right,4,0.654274,4.643656,8.543562,0.001943,-0.014794,0.001600
200428290.000,YYQ,recording,knock_twice_right,4,0.625484,4.633238,8.548685,-0.003860,-0.008928,-0.000804
200428300.000,YYQ,recording,knock_twice_right,4,0.675479,4.598147,8.542461,-0.010099,-0.002850,-0.004765
200428310.000,YYQ,recording,knock_twice_right,4,0.641593,4.627074,8.550295,-0.014242,0.005038,-0.008457
200428320.000,YYQ,recording,knock_twice_right,4,0.638444,4.636155,8.575724,-0.015021,0.012302,-0.009661
200428330.000,YYQ,recording,knock_twice_right,4,0.609577,4.655762,8.641901,-0.011630,0.015495,-0.009262
200428340.000,YYQ,recording,knock_twice_right,4,0.608827,4.656646,8.689500,-0.002593,0.015125,-0.008142
200428350.000,YYQ,recording,knock_twice_right,4,0.581904,4.637531,8.676087,0.009539,0.014167,-0.006471
200428360.000,YYQ,recording,knock_twice_right,4,0.617292,4.626619,8.602813,0.018378,0.012060,-0.005614
200428370.000,YYQ,recording,knock_twice_right,4,0.578488,4.628224,8.556873,0.019964,0.010948,-0.004717
200428380.000,YYQ,recording,knock_twice_right,4,0.570289,4.648129,8.499221,0.014768,0.011303,-0.002362
200428390.000,YYQ,recording,knock_twice_right,4,0.609176,4.637279,8.518725,0.007154,0.011304,0.000236
200428400.000,YYQ,recording,knock_twice_right,4,0.614846,4.633175,8.572605,0.002777,0.010720,0.001527
200428410.000,YYQ,recording,knock_twice_right,4,0.615598,4.643203,8.637464,0.003094,0.010132,0.001781
200428420.000,YYQ,recording,knock_twice_right,4,0.594610,4.641535,8.648815,0.006826,0.012567,0.000744
200428430.000,YYQ,recording,knock_twice_right,4,0.550540,4.634330,8.595512,0.008063,0.017529,0.000967
200428440.000,YYQ,recording,knock_twice_right,4,0.543726,4.655787,8.534486,0.003532,0.023645,0.003634
200428450.000,YYQ,recording,knock_twice_right,4,0.570141,4.660551,8.517689,-0.005080,0.032422,0.005660
200428460.000,YYQ,recording,knock_twice_right,4,0.572683,4.657928,8.512348,-0.013079,0.041542,0.007663
200428470.000,YYQ,recording,knock_twice_right,4,0.616744,4.623758,8.642723,-0.013899,0.048440,0.009191
200428480.000,YYQ,recording,knock_twice_right,4,0.626339,4.596797,8.664040,-0.006678,0.051358,0.008818
200428490.000,YYQ,recording,knock_twice_right,4,0.653555,4.571309,8.666524,0.008256,0.044875,0.007673
200428500.000,YYQ,recording,knock_twice_right,4,0.672387,4.558189,8.686243,0.030505,0.029866,0.007339
200428510.000,YYQ,recording,knock_twice_right,4,0.638396,4.557617,8.569691,0.054115,0.013812,0.009435
200428520.000,YYQ,recording,knock_twice_right,4,0.599258,4.568289,8.363617,0.069502,-0.000270,0.012815
200428530.000,YYQ,recording,knock_twice_right,4,0.612686,4.642173,8.127253,0.070368,-0.009179,0.016160
200428540.000,YYQ,recording,knock_twice_right,4,0.617651,4.661259,7.930090,0.053714,-0.006354,0.017248
200428550.000,YYQ,recording,knock_twice_right,4,0.610897,4.698646,7.772437,0.019324,0.007296,0.015151
200428560.000,YYQ,recording,knock_twice_right,4,0.585827,4.780281,7.694107,-0.031322,0.026398,0.010917
200428570.000,YYQ,recording,knock_twice_right,4,0.544655,4.865868,7.773803,-0.090085,0.047732,0.007347
200428580.000,YYQ,recording,knock_twice_right,4,0.497290,4.983378,7.958784,-0.145126,0.065092,0.005401
200428590.000,YYQ,recording,knock_twice_right,4,0.527940,5.012149,8.240627,-0.186899,0.072159,0.002397
200428600.000,YYQ,recording,knock_twice_right,4,0.561182,4.957063,8.648534,-0.207965,0.070511,-0.001342
200428610.000,YYQ,recording,knock_twice_right,4,0.546304,4.863918,9.005173,-0.207547,0.065596,-0.005390
200428620.000,YYQ,recording,knock_twice_right,4,0.543105,4.772220,9.297798,-0.190103,0.056775,-0.009293
200428630.000,YYQ,recording,knock_twice_right,4,0.580289,4.694952,9.605142,-0.157078,0.045654,-0.013093
200428640.000,YYQ,recording,knock_twice_right,4,0.612288,4.604636,9.822652,-0.109690,0.038171,-0.019018
200428650.000,YYQ,recording,knock_twice_right,4,0.631765,4.493567,9.857482,-0.056180,0.034563,-0.025359
200428660.000,YYQ,recording,knock_twice_right,4,0.616646,4.421354,9.805191,-0.005769,0.035222,-0.027090
200428670.000,YYQ,recording,knock_twice_right,4,0.616768,4.391944,9.677386,0.036547,0.042907,-0.024593
200428680.000,YYQ,recording,knock_twice_right,4,0.634022,4.364184,9.514361,0.070517,0.055620,-0.019822
200428690.000,YYQ,recording,knock_twice_right,4,0.654638,4.358448,9.347022,0.098815,0.067030,-0.013559
200428700.000,YYQ,recording,knock_twice_right,4,0.646129,4.346169,9.115332,0.121003,0.071371,-0.007674
200428710.000,YYQ,recording,knock_twice_right,4,0.624558,4.338796,8.903868,0.136038,0.065604,-0.002120
200428720.000,YYQ,recording,knock_twice_right,4,0.553407,4.357622,8.665571,0.145359,0.052299,0.004374
200428730.000,YYQ,recording,knock_twice_right,4,0.525722,4.375158,8.411134,0.147907,0.034968,0.010887
200428740.000,YYQ,recording,knock_twice_right,4,0.486908,4.429680,8.237628,0.144047,0.015371,0.016793
200428750.000,YYQ,recording,knock_twice_right,4,0.482583,4.484263,8.019925,0.134394,-0.001950,0.021808
200428760.000,YYQ,recording,knock_twice_right,4,0.529572,4.561943,7.825803,0.116777,-0.012661,0.024467
200428770.000,YYQ,recording,knock_twice_right,4,0.538399,4.624727,7.712072,0.090443,-0.015518,0.026680
200428780.000,YYQ,recording,knock_twice_right,4,0.536563,4.708953,7.614233,0.054398,-0.013924,0.029120
200428790.000,YYQ,recording,knock_twice_right,4,0.539974,4.735591,7.636113,0.010266,-0.009070,0.030319
200428800.000,YYQ,recording,knock_twice_right,4,0.553329,4.784676,7.712023,-0.036308,0.000027,0.029718
200428810.000,YYQ,recording,knock_twice_right,4,0.547906,4.763017,7.855006,-0.081233,0.009686,0.026861
200428820.000,YYQ,recording,knock_twice_right,4,0.583614,4.760880,8.040068,-0.120728,0.016838,0.021216
200428830.000,YYQ,recording,knock_twice_right,4,0.557875,4.707038,8.328259,-0.148340,0.023141,0.014455
200428840.000,YYQ,recording,knock_twice_right,4,0.541742,4.644210,8.579226,-0.160958,0.029718,0.008105
200428850.000,YYQ,recording,knock_twice_right,4,0.512559,4.623615,8.790100,-0.160386,0.033235,0.001237
200428860.000,YYQ,recording,knock_twice_right,4,0.562915,4.548968,8.988725,-0.146713,0.031452,-0.006795
200428870.000,YYQ,recording,knock_twice_right,4,0.607593,4.517978,9.174049,-0.119822,0.028287,-0.015149
200428880.000,YYQ,recording,knock_twice_right,4,0.546524,4.486700,9.253086,-0.082667,0.026423,-0.022518
200428890.000,YYQ,recording,knock_twice_right,4,0.541682,4.468509,9.206165,-0.044240,0.023458,-0.027935
200428900.000,YYQ,recording,knock_twice_right,4,0.535910,4.427147,9.089712,-0.013501,0.021350,-0.030718
200428910.000,YYQ,recording,knock_twice_right,4,0.514553,4.453694,8.914571,0.005806,0.020677,-0.031080
200428920.000,YYQ,recording,knock_twice_right,4,0.488040,4.453003,8.802307,0.014184,0.020176,-0.028917
200428930.000,YYQ,recording,knock_twice_right,4,0.503179,4.420684,8.684078,0.014274,0.018842,-0.026057
200428940.000,YYQ,recording,knock_twice_right,4,0.520627,4.448922,8.581987,0.009983,0.015404,-0.023007
200428950.000,YYQ,recording,knock_twice_right,4,0.531873,4.478510,8.519930,0.003555,0.010838,-0.018776
200428960.000,YYQ,recording,knock_twice_right,4,0.544605,4.525012,8.457133,-0.005689,0.005286,-0.013623
200428970.000,YYQ,recording,knock_twice_right,4,0.554145,4.530865,8.457903,-0.014768,0.000619,-0.008879
200428980.000,YYQ,recording,knock_twice_right,4,0.597780,4.539991,8.505663,-0.021062,-0.002679,-0.004957
200428990.000,YYQ,recording,knock_twice_right,4,0.591972,4.554894,8.498528,-0.026114,-0.007472,-0.002296
200429000.000,YYQ,recording,knock_twice_right,4,0.554971,4.572809,8.555659,-0.029877,-0.014566,-0.000525
200429010.000,YYQ,recording,knock_twice_right,4,0.546171,4.564421,8.632849,-0.031076,-0.020373,0.000531
200429020.000,YYQ,recording,knock_twice_right,4,0.529043,4.584731,8.649159,-0.030391,-0.021452,0.000197
200429030.000,YYQ,recording,knock_twice_right,4,0.551446,4.577040,8.623503,-0.031032,-0.020539,-0.001142
200429040.000,YYQ,recording,knock_twice_right,4,0.525332,4.617071,8.613436,-0.034737,-0.019723,-0.002955
200429050.000,YYQ,recording,knock_twice_right,4,0.562801,4.641213,8.645006,-0.039207,-0.018248,-0.004958
200429060.000,YYQ,recording,knock_twice_right,4,0.541035,4.622439,8.668035,-0.043321,-0.014492,-0.007313
200429070.000,YYQ,recording,knock_twice_right,4,0.500497,4.623610,8.701224,-0.046662,-0.008945,-0.009571
200429080.000,YYQ,recording,knock_twice_right,4,0.459836,4.614908,8.752798,-0.046881,-0.004207,-0.010390
200429090.000,YYQ,recording,knock_twice_right,4,0.439246,4.617955,8.826387,-0.041305,0.000727,-0.009870
200429100.000,YYQ,recording,knock_twice_right,4,0.429276,4.629259,8.889778,-0.028365,0.002904,-0.009804
200429110.000,YYQ,recording,knock_twice_right,4,0.436021,4.621822,8.858446,-0.012292,-0.000877,-0.010351
200429120.000,YYQ,recording,knock_twice_right,5,0.437283,4.617487,8.762746,-0.000462,-0.007509,-0.010934
200429130.000,YYQ,recording,knock_twice_right,5,0.414864,4.616397,8.653544,0.003864,-0.012529,-0.010682
200429140.000,YYQ,recording,knock_twice_right,5,0.437598,4.595779,8.612546,0.001918,-0.012936,-0.011577
200429150.000,YYQ,recording,knock_twice_right,5,0.474929,4.566763,8.565051,-0.003236,-0.007629,-0.013475
200429160.000,YYQ,recording,knock_twice_right,5,0.437367,4.539885,8.530621,-0.012758,0.002152,-0.015003
200429170.000,YYQ,recording,knock_twice_right,5,0.417404,4.532777,8.512946,-0.025881,0.012670,-0.015443
200429180.000,YYQ,recording,knock_twice_right,5,0.441511,4.508229,8.546385,-0.037701,0.021360,-0.015586
200429190.000,YYQ,recording,knock_twice_right,5,0.457067,4.474436,8.574279,-0.044962,0.025194,-0.017816
200429200.000,YYQ,recording,knock_twice_right,5,0.468252,4.438107,8.580451,-0.048185,0.020985,-0.019614
200429210.000,YYQ,recording,knock_twice_right,5,0.439513,4.424880,8.590384,-0.049488,0.010190,-0.018535
200429220.000,YYQ,recording,knock_twice_right,5,0.414916,4.413484,8.581979,-0.048659,-0.001739,-0.014247
200429230.000,YYQ,recording,knock_twice_right,5,0.412076,4.416365,8.598531,-0.045387,-0.012508,-0.007304
200429240.000,YYQ,recording,knock_twice_right,5,0.426137,4.382638,8.563042,-0.042798,-0.019848,0.000052
200429250.000,YYQ,recording,knock_twice_right,5,0.472053,4.402834,8.510397,-0.045700,-0.019643,0.006378
200429260.000,YYQ,recording,knock_twice_right,5,0.507858,4.408496,8.478067,-0.054887,-0.013274,0.010748
200429270.000,YYQ,recording,knock_twice_right,5,0.533519,4.424145,8.484713,-0.068507,-0.003782,0.011656
200429280.000,YYQ,recording,knock_twice_right,5,0.539518,4.394924,8.541040,-0.083615,0.006997,0.009679
200429290.000,YYQ,recording,knock_twice_right,5,0.580400,4.366761,8.633115,-0.094866,0.016162,0.007157
200429300.000,YYQ,recording,knock_twice_right,5,0.569347,4.394620,8.747115,-0.098432,0.021598,0.005377
200429310.000,YYQ,recording,knock_twice_right,5,0.549552,4.397182,8.808021,-0.092807,0.021262,0.004020
200429320.000,YYQ,recording,knock_twice_right,5,0.565831,4.396199,8.901564,-0.078550,0.014147,0.003102
200429330.000,YYQ,recording,knock_twice_right,5,0.557312,4.404026,8.940146,-0.058214,0.003675,0.002142
200429340.000,YYQ,recording,knock_twice_right,5,0.503229,4.421860,8.863100,-0.039188,-0.005962,0.000306
200429350.000,YYQ,recording,knock_twice_right,5,0.489985,4.400176,8.717694,-0.030325,-0.011400,-0.000913
200429360.000,YYQ,recording,knock_twice_right,5,0.456351,4.421277,8.615116,-0.034650,-0.009667,-0.000643
200429370.000,YYQ,recording,knock_twice_right,5,0.465765,4.411971,8.551960,-0.049378,-0.004498,-0.000410
200429380.000,YYQ,recording,knock_twice_right,5,0.502376,4.432725,8.586159,-0.066765,-0.000694,-0.000053
200429390.000,YYQ,recording,knock_twice_right,5,0.537864,4.446518,8.711018,-0.077811,0.002094,-0.000662
200429400.000,YYQ,recording,knock_twice_right,5,0.523289,4.424479,8.827903,-0.078614,0.003680,-0.003222
200429410.000,YYQ,recording,knock_twice_right,5,0.548683,4.399343,8.895457,-0.071763,0.004371,-0.003252
200429420.000,YYQ,recording,knock_twice_right,5,0.496875,4.411222,8.900284,-0.060856,0.007657,-0.000063
200429430.000,YYQ,recording,knock_twice_right,5,0.514346,4.403905,8.886512,-0.048752,0.011645,0.003071
200429440.000,YYQ,recording,knock_twice_right,5,0.492674,4.398146,8.855686,-0.039786,0.012802,0.006471
200429450.000,YYQ,recording,knock_twice_right,5,0.449689,4.442386,8.810530,-0.036472,0.010143,0.009520
200429460.000,YYQ,recording,knock_twice_right,5,0.468441,4.408468,8.805599,-0.037438,0.003954,0.009901
200429470.000,YYQ,recording,knock_twice_right,5,0.458941,4.414708,8.795044,-0.040627,-0.001464,0.009053
200429480.000,YYQ,recording,knock_twice_right,5,0.436454,4.413307,8.848687,-0.043677,-0.005117,0.008587
200429490.000,YYQ,recording,knock_twice_right,5,0.496021,4.397529,8.875268,-0.044042,-0.008129,0.006758
200429500.000,YYQ,recording,knock_twice_right,5,0.535597,4.413910,8.917196,-0.041566,-0.010115,0.003585
200429510.000,YYQ,recording,knock_twice_right,5,0.564003,4.421134,8.948757,-0.034458,-0.008832,0.000851
200429520.000,YYQ,recording,knock_twice_right,5,0.558894,4.412064,8.980440,-0.023032,-0.004703,-0.000701
200429530.000,YYQ,recording,knock_twice_right,5,0.539263,4.390060,8.984856,-0.010903,-0.000592,-0.000830
200429540.000,YYQ,recording,knock_twice_right,5,0.508334,4.389989,8.960744,0.000190,-0.000517,-0.001332
200429550.000,YYQ,recording,knock_twice_right,5,0.484694,4.359725,8.926962,0.009355,-0.005967,-0.001910
200429560.000,YYQ,recording,knock_twice_right,5,0.437163,4.353639,8.866157,0.016417,-0.013643,-0.001086
200429570.000,YYQ,recording,knock_twice_right,5,0.474166,4.348841,8.811263,0.018899,-0.022950,-0.000054
200429580.000,YYQ,recording,knock_twice_right,5,0.480329,4.377520,8.790260,0.018424,-0.030056,0.000178
200429590.000,YYQ,recording,knock_twice_right,5,0.555835,4.380523,8.793015,0.019106,-0.029790,-0.000832
200429600.000,YYQ,recording,knock_twice_right,5,0.556676,4.386584,8.770120,0.020092,-0.023143,-0.002515
200429610.000,YYQ,recording,knock_twice_right,5,0.541630,4.383713,8.762268,0.020033,-0.012660,-0.003646
200429620.000,YYQ,recording,knock_twice_right,5,0.503283,4.387263,8.720059,0.018571,-0.002693,-0.003607
200429630.000,YYQ,recording,knock_twice_right,5,0.482219,4.389624,8.674538,0.013406,0.002359,-0.001877
200429640.000,YYQ,recording,knock_twice_right,5,0.467021,4.392244,8.685492,0.006793,0.002287,0.000983
200429650.000,YYQ,recording,knock_twice_right,5,0.457302,4.393758,8.691160,0.001860,-0.001883,0.002736
200429660.000,YYQ,recording,knock_twice_right,5,0.427036,4.368550,8.707410,-0.002572,-0.008552,0.003492
200429670.000,YYQ,recording,knock_twice_right,5,0.443331,4.311427,8.772381,-0.005269,-0.014946,0.003518
200429680.000,YYQ,recording,knock_twice_right,5,0.480826,4.325615,8.831628,-0.002923,-0.018026,0.003222
200429690.000,YYQ,recording,knock_twice_right,5,0.501358,4.342831,8.858534,0.005121,-0.019552,0.003056
200429700.000,YYQ,recording,knock_twice_right,5,0.494564,4.375381,8.825085,0.014073,-0.019409,0.003534
200429710.000,YYQ,recording,knock_twice_right,5,0.442038,4.389089,8.738886,0.017625,-0.015141,0.005991
200429720.000,YYQ,recording,knock_twice_right,5,0.448039,4.386418,8.687302,0.013238,-0.008929,0.008418
200429730.000,YYQ,recording,knock_twice_right,5,0.450428,4.416903,8.713072,0.003734,-0.002537,0.009858
200429740.000,YYQ,recording,knock_twice_right,5,0.461001,4.376742,8.779890,-0.005022,0.003294,0.012128
200429750.000,YYQ,recording,knock_twice_right,5,0.400769,4.391188,8.837599,-0.009191,0.006387,0.014388
200429760.000,YYQ,recording,knock_twice_right,5,0.424543,4.342171,8.916847,-0.007080,0.004963,0.016577
200429770.000,YYQ,recording,knock_twice_right,5,0.425523,4.330963,8.990645,0.003343,0.000147,0.017645
200429780.000,YYQ,recording,knock_twice_right,5,0.453946,4.337643,8.971396,0.019917,-0.006507,0.016443
200429790.000,YYQ,recording,knock_twice_right,5,0.479542,4.368699,8.951208,0.036575,-0.014211,0.013522
200429800.000,YYQ,recording,knock_twice_right,5,0.505941,4.385363,8.923904,0.050366,-0.021867,0.009809
200429810.000,YYQ,recording,knock_twice_right,5,0.525607,4.410904,8.902183,0.061250,-0.024226,0.006576
200429820.000,YYQ,recording,knock_twice_right,5,0.515661,4.439290,8.818943,0.066651,-0.019242,0.003961
200429830.000,YYQ,recording,knock_twice_right,5,0.465662,4.483816,8.753535,0.065085,-0.009773,0.003267
200429840.000,YYQ,recording,knock_twice_right,5,0.476391,4.455173,8.687006,0.058939,0.000004,0.003889
200429850.000,YYQ,recording,knock_twice_right,5,0.461864,4.453578,8.685067,0.049931,0.006673,0.005909
200429860.000,YYQ,recording,knock_twice_right,5,0.482294,4.449254,8.747789,0.042636,0.009976,0.007809
200429870.000,YYQ,recording,knock_twice_right,5,0.509861,4.433170,8.796851,0.041678,0.009449,0.007341
200429880.000,YYQ,recording,knock_twice_right,5,0.504535,4.423471,8.816169,0.046315,0.002950,0.005856
200429890.000,YYQ,recording,knock_twice_right,5,0.488891,4.474771,8.799986,0.053286,-0.005544,0.005065
200429900.000,YYQ,recording,knock_twice_right,5,0.490418,4.420901,8.761928,0.057907,-0.008423,0.005561
200429910.000,YYQ,recording,knock_twice_right,5,0.508664,4.488579,8.693896,0.056424,-0.008556,0.007265
200429920.000,YYQ,recording,knock_twice_right,5,0.490782,4.487814,8.647649,0.051715,-0.009573,0.009539
200429930.000,YYQ,recording,knock_twice_right,5,0.547903,4.468104,8.691005,0.048969,-0.009077,0.010674
200429940.000,YYQ,recording,knock_twice_right,5,0.579547,4.460466,8.729910,0.052706,-0.006247,0.010593
200429950.000,YYQ,recording,knock_twice_right,5,0.586395,4.440894,8.715569,0.059632,-0.005526,0.008301
200429960.000,YYQ,recording,knock_twice_right,5,0.610243,4.443221,8.645241,0.063734,-0.007272,0.004012
200429970.000,YYQ,recording,knock_twice_right,5,0.583590,4.483369,8.639839,0.066034,-0.008280,0.000180
200429980.000,YYQ,recording,knock_twice_right,5,0.599456,4.509545,8.579926,0.066518,-0.010593,-0.002469
200429990.000,YYQ,recording,knock_twice_right,5,0.585740,4.523065,8.533948,0.062003,-0.012659,-0.005038
200430000.000,YYQ,recording,knock_twice_right,5,0.556401,4.548839,8.509338,0.051795,-0.009004,-0.006296
200430010.000,YYQ,recording,knock_twice_right,5,0.538774,4.540705,8.517890,0.039084,-0.000535,-0.004634
200430020.000,YYQ,recording,knock_twice_right,5,0.549988,4.558264,8.558613,0.028657,0.006917,-0.001697
200430030.000,YYQ,recording,knock_twice_right,5,0.572548,4.547578,8.637518,0.024841,0.011790,0.000607
200430040.000,YYQ,recording,knock_twice_right,5,0.590553,4.533666,8.647344,0.026454,0.010994,0.001675
200430050.000,YYQ,recording,knock_twice_right,5,0.572606,4.565166,8.671700,0.030868,0.003393,0.002114
200430060.000,YYQ,recording,knock_twice_right,5,0.552528,4.553142,8.654795,0.034802,-0.007041,0.000644
200430070.000,YYQ,recording,knock_twice_right,5,0.566647,4.549002,8.661932,0.037493,-0.019099,-0.000186
200430080.000,YYQ,recording,knock_twice_right,5,0.540873,4.534815,8.684789,0.041978,-0.026717,0.000263
200430090.000,YYQ,recording,knock_twice_right,5,0.548448,4.518163,8.663705,0.046507,-0.026550,-0.001036
200430100.000,YYQ,recording,knock_twice_right,5,0.562720,4.518439,8.593268,0.047606,-0.021555,-0.001558
200430110.000,YYQ,recording,knock_twice_right,5,0.541420,4.532813,8.506960,0.043799,-0.011755,-0.000356
200430120.000,YYQ,recording,knock_twice_right,5,0.545277,4.519144,8.466243,0.035337,-0.000109,0.001153
200430130.000,YYQ,recording,knock_twice_right,5,0.506114,4.526510,8.437095,0.023820,0.010851,0.003529
200430140.000,YYQ,recording,knock_twice_right,5,0.521971,4.525214,8.481877,0.012007,0.020212,0.006659
200430150.000,YYQ,recording,knock_twice_right,5,0.526089,4.538048,8.508090,0.002437,0.024132,0.009060
200430160.000,YYQ,recording,knock_twice_right,5,0.513433,4.549971,8.584766,-0.002594,0.020191,0.009884
200430170.000,YYQ,recording,knock_twice_right,5,0.516113,4.557340,8.638147,-0.001749,0.012014,0.009093
200430180.000,YYQ,recording,knock_twice_right,5,0.479759,4.545123,8.643348,0.002064,0.004499,0.008878
200430190.000,YYQ,recording,knock_twice_right,5,0.473730,4.549784,8.648066,0.005179,-0.002064,0.010462
200430200.000,YYQ,recording,knock_twice_right,5,0.543699,4.542265,8.620194,0.006624,-0.006848,0.009738
200430210.000,YYQ,recording,knock_twice_right,5,0.554510,4.541883,8.637493,0.007211,-0.006868,0.006180
200430220.000,YYQ,recording,knock_twice_right,5,0.574480,4.531240,8.635182,0.007173,-0.002994,0.002898
200430230.000,YYQ,recording,knock_twice_right,5,0.561911,4.506933,8.675524,0.007668,0.001854,-0.000279
200430240.000,YYQ,recording,knock_twice_right,5,0.583214,4.519726,8.695493,0.009315,0.005075,-0.003199
200430250.000,YYQ,recording,knock_twice_right,5,0.611082,4.531696,8.700316,0.011837,0.007061,-0.005417
200430260.000,YYQ,recording,knock_twice_right,5,0.573079,4.556961,8.678455,0.013118,0.008773,-0.006987
200430270.000,YYQ,recording,knock_twice_right,5,0.562141,4.559161,8.671842,0.012557,0.007967,-0.006363
200430280.000,YYQ,recording,knock_twice_right,5,0.558365,4.593470,8.696056,0.012971,0.005754,-0.003160
200430290.000,YYQ,recording,knock_twice_right,5,0.579745,4.580048,8.675640,0.015719,0.005398,-0.000608
200430300.000,YYQ,recording,knock_twice_right,5,0.589900,4.572757,8.696597,0.020224,0.005935,0.000549
200430310.000,YYQ,recording,knock_twice_right,5,0.587161,4.580341,8.721619,0.027437,0.007331,-0.000328
200430320.000,YYQ,recording,knock_twice_right,5,0.597884,4.581413,8.783838,0.038223,0.009707,-0.002265
200430330.000,YYQ,recording,knock_twice_right,5,0.555313,4.590562,8.753189,0.050825,0.010926,-0.002458
200430340.000,YYQ,recording,knock_twice_right,5,0.536497,4.625746,8.684797,0.060354,0.011156,-0.003226
200430350.000,YYQ,recording,knock_twice_right,5,0.537616,4.623330,8.601895,0.060388,0.010929,-0.005835
200430360.000,YYQ,recording,knock_twice_right,5,0.556853,4.617457,8.535868,0.052911,0.012155,-0.009151
200430370.000,YYQ,recording,knock_twice_right,5,0.549052,4.635819,8.560318,0.044689,0.013968,-0.014358
200430380.000,YYQ,recording,knock_twice_right,5,0.613924,4.622796,8.706877,0.041245,0.016512,-0.022204
200430390.000,YYQ,recording,knock_twice_right,5,0.669368,4.628188,8.888353,0.052722,0.024073,-0.038208
200430400.000,YYQ,recording,knock_twice_right,5,0.815917,4.640968,9.143740,0.089925,0.042019,-0.063775
200430410.000,YYQ,recording,knock_twice_right,5,0.685480,4.599309,9.200900,0.146676,0.066254,-0.087811
200430420.000,YYQ,recording,knock_twice_right,5,0.454405,4.516918,8.897626,0.193874,0.083359,-0.102057
200430430.000,YYQ,recording,knock_twice_right,5,0.377079,4.635073,8.632548,0.209465,0.095458,-0.106371
200430440.000,YYQ,recording,knock_twice_right,5,0.420296,4.705915,8.425959,0.198991,0.111145,-0.107562
200430450.000,YYQ,recording,knock_twice_right,5,0.392281,4.731404,8.354845,0.174775,0.123765,-0.106633
200430460.000,YYQ,recording,knock_twice_right,5,0.287133,4.757711,8.327982,0.147163,0.127737,-0.099240
200430470.000,YYQ,recording,knock_twice_right,5,0.404829,4.715935,8.466961,0.126467,0.128228,-0.089432
200430480.000,YYQ,recording,knock_twice_right,5,0.414646,4.744677,8.511379,0.117727,0.128036,-0.083701
200430490.000,YYQ,recording,knock_twice_right,5,0.336210,4.749533,8.458463,0.117289,0.127912,-0.079335
200430500.000,YYQ,recording,knock_twice_right,5,0.209395,4.761189,8.268922,0.110795,0.123773,-0.069356
200430510.000,YYQ,recording,knock_twice_right,5,0.149003,4.786613,8.023713,0.083644,0.110817,-0.053422
200430520.000,YYQ,recording,knock_twice_right,5,0.172785,4.810826,7.956464,0.039743,0.094601,-0.037889
200430530.000,YYQ,recording,knock_twice_right,5,0.233876,4.800067,8.099426,-0.000463,0.082980,-0.029036
200430540.000,YYQ,recording,knock_twice_right,5,0.280844,4.752926,8.293459,-0.023732,0.077410,-0.024679
200430550.000,YYQ,recording,knock_twice_right,5,0.221751,4.727752,8.516739,-0.027048,0.071566,-0.020362
200430560.000,YYQ,recording,knock_twice_right,5,0.283956,4.703433,8.710547,-0.010715,0.064265,-0.022030
200430570.000,YYQ,recording,knock_twice_right,5,0.330852,4.680561,8.841059,0.021164,0.052712,-0.036105
200430580.000,YYQ,recording,knock_twice_right,5,0.421509,4.665095,8.931250,0.065511,0.033135,-0.066201
200430590.000,YYQ,recording,knock_twice_right,5,0.308345,4.669652,8.916734,0.119569,0.010202,-0.105693
200430600.000,YYQ,recording,knock_twice_right,5,0.004534,4.491666,8.907224,0.180106,-0.010959,-0.130715
200430610.000,YYQ,recording,knock_twice_right,5,-0.543160,4.264374,8.700891,0.240843,0.060239,-0.119408
200430620.000,YYQ,recording,knock_twice_right,5,-4.344438,3.709796,7.067335,0.249512,0.113910,-0.041546
200430630.000,YYQ,recording,knock_twice_right,5,-3.013038,3.589663,8.642490,0.218661,0.027090,0.196437
200430640.000,YYQ,recording,knock_twice_right,5,-2.459203,6.200675,9.962093,0.238450,-0.131481,0.525612
200430650.000,YYQ,recording,knock_twice_right,5,0.796317,6.367938,10.859984,0.353446,-0.313870,0.749663
200430660.000,YYQ,recording,knock_twice_right,5,0.899748,5.448130,10.069764,0.522528,-0.467646,0.854743
200430670.000,YYQ,recording,knock_twice_right,5,1.821111,4.465972,9.846116,0.656752,-0.595351,0.905873
200430680.000,YYQ,recording,knock_twice_right,5,1.703879,4.491845,9.163824,0.746336,-0.694206,0.915115
200430690.000,YYQ,recording,knock_twice_right,5,2.762467,4.381775,9.190973,0.825257,-0.731823,0.865370
200430700.000,YYQ,recording,knock_twice_right,5,3.291271,4.776095,8.876789,0.897488,-0.679853,0.742733
200430710.000,YYQ,recording,knock_twice_right,5,3.930054,4.871891,8.631633,0.951096,-0.549372,0.553104
200430720.000,YYQ,recording,knock_twice_right,5,3.531442,5.157149,7.737428,0.953309,-0.343297,0.322638
200430730.000,YYQ,recording,knock_twice_right,5,2.998827,5.647190,6.703084,0.854525,-0.112050,0.072541
200430740.000,YYQ,recording,knock_twice_right,5,2.397359,5.936662,6.284180,0.662060,0.068511,-0.167024
200430750.000,YYQ,recording,knock_twice_right,5,1.996182,6.088785,6.643274,0.451604,0.202422,-0.365570
200430760.000,YYQ,recording,knock_twice_right,5,1.483130,6.253046,6.819044,0.259629,0.317420,-0.494392
200430770.000,YYQ,recording,knock_twice_right,5,0.045462,7.090690,6.171754,0.038562,0.336945,-0.515355
200430780.000,YYQ,recording,knock_twice_right,5,-0.586917,5.771446,5.570179,-0.231742,0.323131,-0.501372
200430790.000,YYQ,recording,knock_twice_right,5,-0.435095,3.823810,4.305456,-0.525686,0.440179,-0.499025
200430800.000,YYQ,recording,knock_twice_right,5,-1.230069,4.936522,4.394528,-0.845110,0.581849,-0.436420
200430810.000,YYQ,recording,knock_twice_right,5,-0.312489,5.611496,5.960221,-1.122734,0.587888,-0.321461
200430820.000,YYQ,recording,knock_twice_right,5,0.278571,5.564925,8.622103,-1.209391,0.463716,-0.218691
200430830.000,YYQ,recording,knock_twice_right,5,0.626411,4.683627,10.992125,-1.025070,0.308012,-0.158262
200430840.000,YYQ,recording,knock_twice_right,5,0.510555,3.850411,12.034815,-0.627875,0.177482,-0.127165
200430850.000,YYQ,recording,knock_twice_right,5,0.162874,4.033381,12.194648,-0.158356,0.049963,-0.105332
200430860.000,YYQ,recording,knock_twice_right,5,0.217541,4.363547,11.816111,0.265608,-0.079128,-0.091282
200430870.000,YYQ,recording,knock_twice_right,5,0.479732,4.578370,10.931733,0.592276,-0.158937,-0.099661
200430880.000,YYQ,recording,knock_twice_right,5,0.656440,4.286323,9.423804,0.803206,-0.132263,-0.134277
200430890.000,YYQ,recording,knock_twice_right,5,-2.526040,3.832867,5.870922,0.784291,0.239338,-0.099333
200430900.000,YYQ,recording,knock_twice_right,5,-7.059796,3.139705,0.879105,0.422185,0.516524,0.067711
200430910.000,YYQ,recording,knock_twice_right,5,-0.663715,5.723780,5.255268,-0.103296,0.226175,0.298100
200430920.000,YYQ,recording,knock_twice_right,5,0.269224,8.936416,7.602864,-0.461778,-0.185112,0.454944
200430930.000,YYQ,recording,knock_twice_right,5,3.200480,6.188038,10.300691,-0.507078,-0.481034,0.497252
200430940.000,YYQ,recording,knock_twice_right,5,2.487172,4.836161,10.842031,-0.308377,-0.676906,0.498296
200430950.000,YYQ,recording,knock_twice_right,5,2.698177,5.086227,11.061629,-0.011232,-0.745626,0.450577
200430960.000,YYQ,recording,knock_twice_right,5,2.949138,5.022236,10.200306,0.264625,-0.679639,0.343748
200430970.000,YYQ,recording,knock_twice_right,5,2.582893,4.963334,8.594967,0.419544,-0.504378,0.197641
200430980.000,YYQ,recording,knock_twice_right,5,2.696287,5.108083,7.635191,0.405897,-0.284838,0.031301
200430990.000,YYQ,recording,knock_twice_right,5,2.138515,5.663662,7.075454,0.270188,-0.070694,-0.089267
200431000.000,YYQ,recording,knock_twice_right,5,1.617323,6.485546,6.552269,0.060392,0.106085,-0.159403
200431010.000,YYQ,recording,knock_twice_right,5,2.160183,5.465792,6.255222,-0.200182,0.225330,-0.246687
200431020.000,YYQ,recording,knock_twice_right,5,0.674741,5.278039,6.413849,-0.454883,0.311961,-0.342114
200431030.000,YYQ,recording,knock_twice_right,5,0.089424,4.378031,6.944926,-0.622987,0.398122,-0.402687
200431040.000,YYQ,recording,knock_twice_right,5,0.029004,4.783593,8.143900,-0.671319,0.459000,-0.399838
200431050.000,YYQ,recording,knock_twice_right,5,-0.151077,5.568059,9.383519,-0.619953,0.431747,-0.332969
200431060.000,YYQ,recording,knock_twice_right,5,0.024418,5.376065,10.036303,-0.486047,0.336744,-0.239390
200431070.000,YYQ,recording,knock_twice_right,5,0.021076,4.720953,9.805769,-0.308775,0.234636,-0.152531
200431080.000,YYQ,recording,knock_twice_right,5,-0.158521,4.546747,9.167496,-0.154852,0.140232,-0.077907
200431090.000,YYQ,recording,knock_twice_right,5,-0.197682,4.660909,8.731739,-0.061178,0.058468,-0.006341
200431100.000,YYQ,recording,knock_twice_right,5,-0.112350,4.795790,8.424873,-0.026273,0.007161,0.055466
200431110.000,YYQ,recording,knock_twice_right,5,0.002197,4.791487,8.267091,-0.028634,-0.013748,0.095805
200431120.000,YYQ,recording,knock_twice_right,5,0.102417,4.784617,8.296317,-0.043223,-0.021145,0.116419
200431130.000,YYQ,recording,knock_twice_right,5,0.305531,4.823937,8.337280,-0.057754,-0.030566,0.125470
200431140.000,YYQ,recording,knock_twice_right,5,0.524089,4.896223,8.519750,-0.065295,-0.038427,0.121852
200431150.000,YYQ,recording,knock_twice_right,5,0.665461,4.979856,8.523838,-0.062194,-0.038845,0.101510
200431160.000,YYQ,recording,knock_twice_right,5,0.661337,4.954347,8.487440,-0.053399,-0.040944,0.071891
200431170.000,YYQ,recording,knock_twice_right,5,0.647777,4.857355,8.448803,-0.047688,-0.042454,0.043280
200431180.000,YYQ,recording,knock_twice_right,5,0.685803,4.917476,8.404224,-0.047361,-0.039041,0.016662
200431190.000,YYQ,recording,knock_twice_right,5,0.681700,4.953795,8.493335,-0.044049,-0.034267,-0.009813
200431200.000,YYQ,recording,knock_twice_right,5,0.604055,5.000526,8.603443,-0.031785,-0.032709,-0.032287
200431210.000,YYQ,recording,knock_twice_right,5,0.481222,4.995989,8.655972,-0.012349,-0.036015,-0.047032
200431220.000,YYQ,recording,knock_twice_right,5,0.372319,5.016263,8.626739,0.007929,-0.040689,-0.052336
200431230.000,YYQ,recording,knock_twice_right,5,0.298069,5.003224,8.601342,0.023827,-0.043033,-0.049105
200431240.000,YYQ,recording,knock_twice_right,5,0.303449,4.990189,8.497921,0.034257,-0.044250,-0.040149
200431250.000,YYQ,recording,knock_twice_right,5,0.384389,4.943733,8.416022,0.036791,-0.048059,-0.029167
200431260.000,YYQ,recording,knock_twice_right,5,0.461821,4.960120,8.325964,0.033130,-0.053128,-0.020975
200431270.000,YYQ,recording,knock_twice_right,5,0.580623,4.957425,8.254300,0.024673,-0.059488,-0.017476
200431280.000,YYQ,recording,knock_twice_right,5,0.648492,4.899112,8.227029,0.013156,-0.063218,-0.018276
200431290.000,YYQ,recording,knock_twice_right,5,0.642164,4.899837,8.227893,0.001102,-0.057754,-0.020844
200431300.000,YYQ,recording,knock_twice_right,5,0.573340,4.843101,8.174821,-0.012977,-0.049224,-0.021931
200431310.000,YYQ,recording,knock_twice_right,5,0.576314,4.896573,8.210743,-0.026277,-0.041933,-0.022600
200431320.000,YYQ,recording,knock_twice_right,5,0.648264,4.872326,8.230900,-0.036226,-0.030592,-0.024270
200431330.000,YYQ,recording,knock_twice_right,5,0.687750,4.910361,8.184072,-0.047640,-0.016007,-0.025982
200431340.000,YYQ,recording,knock_twice_right,5,0.721001,4.884850,8.224348,-0.060724,-0.001074,-0.028172
200431350.000,YYQ,recording,knock_twice_right,5,0.708768,4.898244,8.275963,-0.071856,0.013577,-0.029553
200431360.000,YYQ,recording,knock_twice_right,5,0.709838,4.879381,8.308044,-0.080113,0.026153,-0.029076
200431370.000,YYQ,recording,knock_twice_right,5,0.668109,4.876530,8.426471,-0.083406,0.029419,-0.027076
200431380.000,YYQ,recording,knock_twice_right,5,0.635945,4.884480,8.631494,-0.074049,0.023243,-0.023552
200431390.000,YYQ,recording,knock_twice_right,5,0.623582,4.833159,8.765068,-0.051125,0.017687,-0.019275
200431400.000,YYQ,recording,knock_twice_right,5,0.469731,4.864949,8.678866,-0.027576,0.008324,-0.011419
200431410.000,YYQ,recording,knock_twice_right,5,0.451142,4.895693,8.655517,-0.011540,-0.012081,0.000019
200431420.000,YYQ,recording,knock_twice_right,5,0.469224,4.874213,8.653720,-0.000207,-0.036203,0.011563
200431430.000,YYQ,recording,knock_twice_right,5,0.483551,4.845961,8.632497,0.009418,-0.055764,0.019359
200431440.000,YYQ,recording,knock_twice_right,5,0.508016,4.862372,8.581183,0.015940,-0.066309,0.022609
200431450.000,YYQ,recording,knock_twice_right,5,0.560265,4.907464,8.521347,0.019708,-0.064283,0.022246
200431460.000,YYQ,recording,knock_twice_right,5,0.576331,4.923360,8.474728,0.018927,-0.053160,0.019662
200431470.000,YYQ,recording,knock_twice_right,5,0.588172,4.951898,8.417966,0.012496,-0.035725,0.016634
200431480.000,YYQ,recording,knock_twice_right,5,0.553040,4.944738,8.353083,0.000272,-0.014006,0.013505
200431490.000,YYQ,recording,knock_twice_right,5,0.526421,4.951721,8.324178,-0.017249,0.006112,0.010890
200431500.000,YYQ,recording,knock_twice_right,5,0.538256,4.982068,8.393257,-0.034343,0.018766,0.009368
200431510.000,YYQ,recording,knock_twice_right,5,0.562024,4.969278,8.507137,-0.040147,0.020591,0.006802
200431520.000,YYQ,recording,knock_twice_right,5,0.657974,4.909760,8.632791,-0.032046,0.012832,0.000296
200431530.000,YYQ,recording,knock_twice_right,5,0.665494,4.865103,8.598625,-0.019526,0.001880,-0.007530
200431540.000,YYQ,recording,knock_twice_right,5,0.626319,4.871066,8.537915,-0.009938,-0.009588,-0.011964
200431550.000,YYQ,recording,knock_twice_right,5,0.579884,4.883251,8.521440,-0.004432,-0.018215,-0.011669
200431560.000,YYQ,recording,knock_twice_right,5,0.647837,4.852670,8.521525,0.001787,-0.017306,-0.009565
200431570.000,YYQ,recording,knock_twice_right,5,0.623956,4.868857,8.537767,0.008195,-0.009350,-0.006827
200431580.000,YYQ,recording,knock_twice_right,5,0.562525,4.868406,8.454226,0.009422,-0.001480,-0.002180
200431590.000,YYQ,recording,knock_twice_right,5,0.503565,4.828946,8.377955,0.004164,0.002546,0.004851
200431600.000,YYQ,recording,knock_twice_right,5,0.491316,4.817806,8.340839,-0.006995,0.004224,0.011991
200431610.000,YYQ,recording,knock_twice_right,5,0.520634,4.796517,8.273773,-0.024279,0.002459,0.016550
200431620.000,YYQ,recording,knock_twice_right,5,0.538336,4.829319,8.288524,-0.044023,-0.010332,0.018040
200431630.000,YYQ,recording,knock_twice_right,5,0.564237,4.812896,8.363356,-0.059780,-0.031303,0.015823
200431640.000,YYQ,recording,knock_twice_right,5,0.525078,4.789996,8.454909,-0.068523,-0.053748,0.012315
200431650.000,YYQ,recording,knock_twice_right,5,0.498104,4.791078,8.544375,-0.072025,-0.078371,0.010265
200431660.000,YYQ,recording,knock_twice_right,5,0.496141,4.802331,8.557371,-0.072850,-0.095472,0.012111
200431670.000,YYQ,recording,knock_twice_right,5,0.455550,4.833489,8.640880,-0.073100,-0.095860,0.017653
200431680.000,YYQ,recording,knock_twice_right,5,0.437615,4.814904,8.635169,-0.073476,-0.088033,0.024685
200431690.000,YYQ,recording,knock_twice_right,5,0.494458,4.810579,8.601610,-0.072582,-0.075059,0.035834
200431700.000,YYQ,recording,knock_twice_right,5,0.568310,4.777634,8.650063,-0.072055,-0.058309,0.045930
200431710.000,YYQ,recording,knock_twice_right,5,0.670101,4.745112,8.619968,-0.070474,-0.046078,0.048831
200431720.000,YYQ,recording,knock_twice_right,5,0.689188,4.761905,8.657523,-0.064183,-0.037511,0.048628
200431730.000,YYQ,recording,knock_twice_right,5,0.713670,4.753026,8.629149,-0.054473,-0.032160,0.045922
200431740.000,YYQ,recording,knock_twice_right,5,0.704693,4.801591,8.606356,-0.042449,-0.031681,0.041422
200431750.000,YYQ,recording,knock_twice_right,5,0.696625,4.811044,8.617206,-0.028259,-0.036138,0.038031
200431760.000,YYQ,recording,knock_twice_right,5,0.710174,4.788219,8.690109,-0.011922,-0.042459,0.035668
200431770.000,YYQ,recording,knock_twice_right,5,0.701507,4.780984,8.717197,0.006532,-0.041563,0.033750
200431780.000,YYQ,recording,knock_twice_right,5,0.720065,4.798945,8.675279,0.023050,-0.030469,0.032846
200431790.000,YYQ,recording,knock_twice_right,5,0.739464,4.779754,8.570346,0.033386,-0.012926,0.032742
200431800.000,YYQ,recording,knock_twice_right,5,0.794139,4.763699,8.481489,0.037720,0.005283,0.031117
200431810.000,YYQ,recording,knock_twice_right,5,0.852678,4.786930,8.425625,0.036444,0.020173,0.026643
200431820.000,YYQ,recording,knock_twice_right,5,0.853443,4.761680,8.409960,0.033544,0.033724,0.021545
200431830.000,YYQ,recording,knock_twice_right,5,0.867444,4.735258,8.390993,0.029875,0.048711,0.016308
200431840.000,YYQ,recording,knock_twice_right,5,0.893900,4.754617,8.391990,0.022869,0.065152,0.008842
200431850.000,YYQ,recording,knock_twice_right,5,0.873187,4.769347,8.382834,0.016746,0.079527,0.000963
200431860.000,YYQ,recording,knock_twice_right,5,0.837463,4.792921,8.401583,0.012759,0.089101,-0.005902
200431870.000,YYQ,recording,knock_twice_right,5,0.822657,4.749471,8.469257,0.010160,0.093708,-0.011897
200431880.000,YYQ,recording,knock_twice_right,5,0.821683,4.780613,8.485905,0.012777,0.094805,-0.016951
200431890.000,YYQ,recording,knock_twice_right,5,0.800620,4.795983,8.459788,0.018530,0.096489,-0.021526
200431900.000,YYQ,recording,knock_twice_right,5,0.702435,4.828898,8.357394,0.017988,0.100657,-0.023473
200431910.000,YYQ,recording,knock_twice_right,5,0.682622,4.789669,8.340905,0.010121,0.105602,-0.021757
200431920.000,YYQ,recording,knock_twice_right,5,0.733045,4.803032,8.368294,-0.000176,0.108308,-0.019313
200431930.000,YYQ,recording,knock_twice_right,5,0.656809,4.848826,8.421675,-0.006967,0.107561,-0.015660
200431940.000,YYQ,recording,knock_twice_right,5,0.614925,4.831595,8.445229,-0.010529,0.100692,-0.011866
200431950.000,YYQ,recording,knock_twice_right,5,0.599757,4.829200,8.447861,-0.013971,0.088996,-0.009478
200431960.000,YYQ,recording,knock_twice_right,5,0.547358,4.823079,8.484824,-0.016498,0.074266,-0.007058
200431970.000,YYQ,recording,knock_twice_right,5,0.595886,4.804282,8.545135,-0.013845,0.056261,-0.005034
200431980.000,YYQ,recording,knock_twice_right,5,0.559896,4.798197,8.627072,-0.002079,0.041528,-0.004629
200431990.000,YYQ,recording,knock_twice_right,5,0.543755,4.788308,8.625399,0.013825,0.033804,-0.006188
200432000.000,YYQ,recording,knock_twice_right,5,0.565210,4.782584,8.586361,0.027530,0.032430,-0.007900
200432010.000,YYQ,recording,knock_twice_right,5,0.533883,4.781194,8.522808,0.034580,0.032720,-0.009533
200432020.000,YYQ,recording,knock_twice_right,5,0.521251,4.823751,8.427559,0.034811,0.031287,-0.011969
200432030.000,YYQ,recording,knock_twice_right,5,0.546678,4.848727,8.363699,0.027926,0.028265,-0.014851
200432040.000,YYQ,recording,knock_twice_right,5,0.481650,4.871343,8.347472,0.013477,0.027504,-0.017377
200432050.000,YYQ,recording,knock_twice_right,5,0.430094,4.859442,8.370457,-0.003076,0.028959,-0.018573
200432060.000,YYQ,recording,knock_twice_right,5,0.426283,4.835553,8.412551,-0.014784,0.028191,-0.019071
200432070.000,YYQ,recording,knock_twice_right,5,0.468623,4.872298,8.505412,-0.017940,0.027338,-0.019264
200432080.000,YYQ,recording,knock_twice_right,5,0.506243,4.843357,8.520884,-0.015058,0.025315,-0.020159
200432090.000,YYQ,recording,knock_twice_right,5,0.541337,4.854844,8.558147,-0.008384,0.019607,-0.022014
200432100.000,YYQ,recording,knock_twice_right,5,0.558102,4.853427,8.579888,0.002445,0.012724,-0.023266
200432110.000,YYQ,recording,knock_twice_right,5,0.559198,4.840386,8.590647,0.014837,0.005502,-0.023543
200432120.000,YYQ,recording,knock_twice_right,5,0.583407,4.825233,8.504998,0.025053,-0.002918,-0.022523
200432130.000,YYQ,recording,knock_twice_right,5,0.545851,4.838273,8.445121,0.029598,-0.011492,-0.021123
200432140.000,YYQ,recording,knock_twice_right,5,0.482191,4.821751,8.425373,0.026223,-0.018948,-0.019060
200432150.000,YYQ,recording,knock_twice_right,5,0.470674,4.828217,8.436026,0.017220,-0.022779,-0.015270
200432160.000,YYQ,recording,knock_twice_right,6,0.492291,4.770465,8.431667,0.005661,-0.022463,-0.012485
200432170.000,YYQ,recording,knock_twice_right,6,0.530565,4.750087,8.446292,-0.006641,-0.020413,-0.012311
200432180.000,YYQ,recording,knock_twice_right,6,0.581570,4.775594,8.483164,-0.017329,-0.017683,-0.013498
200432190.000,YYQ,recording,knock_twice_right,6,0.579194,4.789645,8.523443,-0.023233,-0.014120,-0.015249
200432200.000,YYQ,recording,knock_twice_right,6,0.583893,4.795080,8.587732,-0.021673,-0.009880,-0.017501
200432210.000,YYQ,recording,knock_twice_right,6,0.601533,4.807718,8.606804,-0.012505,-0.005582,-0.018904
200432220.000,YYQ,recording,knock_twice_right,6,0.576964,4.861925,8.584781,-0.000172,-0.003215,-0.017887
200432230.000,YYQ,recording,knock_twice_right,6,0.555792,4.874493,8.515979,0.005755,-0.004663,-0.015846
200432240.000,YYQ,recording,knock_twice_right,6,0.535360,4.899173,8.440233,0.003758,-0.009184,-0.013157
200432250.000,YYQ,recording,knock_twice_right,6,0.496395,4.931687,8.460093,0.000895,-0.015115,-0.010458
200432260.000,YYQ,recording,knock_twice_right,6,0.471292,4.928014,8.504780,0.000596,-0.022997,-0.009682
200432270.000,YYQ,recording,knock_twice_right,6,0.479202,4.941627,8.529540,0.003652,-0.029720,-0.009722
200432280.000,YYQ,recording,knock_twice_right,6,0.489692,4.955980,8.542418,0.007824,-0.030974,-0.009784
200432290.000,YYQ,recording,knock_twice_right,6,0.478260,4.953940,8.474916,0.009090,-0.027645,-0.010077
200432300.000,YYQ,recording,knock_twice_right,6,0.460910,4.941132,8.495094,0.009198,-0.022183,-0.009430
200432310.000,YYQ,recording,knock_twice_right,6,0.448095,4.922047,8.471818,0.009484,-0.018854,-0.007393
200432320.000,YYQ,recording,knock_twice_right,6,0.451737,4.901228,8.525411,0.011818,-0.022046,-0.005219
200432330.000,YYQ,recording,knock_twice_right,6,0.435292,4.863449,8.570935,0.018836,-0.029800,-0.003883
200432340.000,YYQ,recording,knock_twice_right,6,0.424032,4.835683,8.552691,0.026957,-0.039028,-0.002754
200432350.000,YYQ,recording,knock_twice_right,6,0.426516,4.803407,8.491270,0.032312,-0.048250,-0.001938
200432360.000,YYQ,recording,knock_twice_right,6,0.436112,4.786269,8.467600,0.035260,-0.054091,-0.001562
200432370.000,YYQ,recording,knock_twice_right,6,0.443534,4.800555,8.401355,0.034915,-0.055604,-0.000585
200432380.000,YYQ,recording,knock_twice_right,6,0.478314,4.787457,8.310646,0.027426,-0.050324,-0.000060
200432390.000,YYQ,recording,knock_twice_right,6,0.507701,4.807182,8.234869,0.012642,-0.037465,0.000406
200432400.000,YYQ,recording,knock_twice_right,6,0.536349,4.813885,8.201445,-0.007862,-0.020605,0.001736
200432410.000,YYQ,recording,knock_twice_right,6,0.532076,4.846228,8.255512,-0.028593,-0.003139,0.002720
200432420.000,YYQ,recording,knock_twice_right,6,0.539221,4.821455,8.355294,-0.042482,0.011911,0.002890
200432430.000,YYQ,recording,knock_twice_right,6,0.540633,4.831619,8.431938,-0.048745,0.020988,0.003469
200432440.000,YYQ,recording,knock_twice_right,6,0.531986,4.833646,8.472988,-0.048575,0.020909,0.005969
200432450.000,YYQ,recording,knock_twice_right,6,0.533539,4.849101,8.575139,-0.042638,0.013688,0.008957
200432460.000,YYQ,recording,knock_twice_right,6,0.536942,4.860437,8.635639,-0.031447,0.005898,0.010983
200432470.000,YYQ,recording,knock_twice_right,6,0.554229,4.830879,8.657948,-0.017196,0.001026,0.012715
200432480.000,YYQ,recording,knock_twice_right,6,0.551481,4.843746,8.639768,-0.004602,-0.001372,0.014365
200432490.000,YYQ,recording,knock_twice_right,6,0.564442,4.820232,8.561342,0.001375,-0.001312,0.014621
200432500.000,YYQ,recording,knock_twice_right,6,0.566019,4.851096,8.520696,-0.000801,0.000219,0.014912
200432510.000,YYQ,recording,knock_twice_right,6,0.553876,4.874084,8.500623,-0.005968,0.001613,0.015891
200432520.000,YYQ,recording,knock_twice_right,6,0.580970,4.853255,8.500138,-0.010001,0.002550,0.015332
200432530.000,YYQ,recording,knock_twice_right,6,0.584507,4.848493,8.548758,-0.012677,0.001331,0.014376
200432540.000,YYQ,recording,knock_twice_right,6,0.596275,4.863470,8.616246,-0.010085,-0.004031,0.013640
200432550.000,YYQ,recording,knock_twice_right,6,0.635226,4.857508,8.692067,0.001372,-0.009413,0.012204
200432560.000,YYQ,recording,knock_twice_right,6,0.660220,4.842600,8.651067,0.016311,-0.011450,0.010079
200432570.000,YYQ,recording,knock_twice_right,6,0.655576,4.841753,8.598061,0.026768,-0.011915,0.008735
200432580.000,YYQ,recording,knock_twice_right,6,0.643072,4.877809,8.496274,0.031788,-0.009893,0.007320
200432590.000,YYQ,recording,knock_twice_right,6,0.642009,4.871107,8.420430,0.030329,-0.004898,0.005254
200432600.000,YYQ,recording,knock_twice_right,6,0.642850,4.867298,8.360372,0.023183,0.000994,0.003105
200432610.000,YYQ,recording,knock_twice_right,6,0.631767,4.880864,8.379796,0.011694,0.005006,0.000973
200432620.000,YYQ,recording,knock_twice_right,6,0.595072,4.867863,8.367902,-0.001254,0.006810,-0.000057
200432630.000,YYQ,recording,knock_twice_right,6,0.590468,4.856266,8.416374,-0.010385,0.007814,-0.000476
200432640.000,YYQ,recording,knock_twice_right,6,0.617576,4.817612,8.441922,-0.016446,0.007715,-0.001201
200432650.000,YYQ,recording,knock_twice_right,6,0.663007,4.815089,8.477900,-0.018671,0.005963,-0.002935
200432660.000,YYQ,recording,knock_twice_right,6,0.680087,4.838584,8.502554,-0.017035,0.003898,-0.004684
200432670.000,YYQ,recording,knock_twice_right,6,0.666253,4.850623,8.486904,-0.014073,0.003432,-0.006608
200432680.000,YYQ,recording,knock_twice_right,6,0.673165,4.866447,8.439831,-0.012023,0.004412,-0.009466
200432690.000,YYQ,recording,knock_twice_right,6,0.653420,4.843875,8.428379,-0.012727,0.007433,-0.011489
200432700.000,YYQ,recording,knock_twice_right,6,0.625324,4.826234,8.380055,-0.017908,0.013142,-0.012935
200432710.000,YYQ,recording,knock_twice_right,6,0.577189,4.827857,8.331525,-0.029473,0.019113,-0.013336
200432720.000,YYQ,recording,knock_twice_right,6,0.565708,4.789480,8.339374,-0.044541,0.022837,-0.012918
200432730.000,YYQ,recording,knock_twice_right,6,0.569142,4.796430,8.397390,-0.057283,0.023120,-0.012936
200432740.000,YYQ,recording,knock_twice_right,6,0.567602,4.792842,8.442768,-0.063565,0.018937,-0.012168
200432750.000,YYQ,recording,knock_twice_right,6,0.567284,4.805712,8.482309,-0.062356,0.011139,-0.011456
200432760.000,YYQ,recording,knock_twice_right,6,0.562311,4.777894,8.488855,-0.055543,0.000577,-0.010564
200432770.000,YYQ,recording,knock_twice_right,6,0.576238,4.811097,8.525156,-0.046137,-0.009400,-0.009037
200432780.000,YYQ,recording,knock_twice_right,6,0.616057,4.786033,8.522278,-0.037592,-0.015553,-0.008242
200432790.000,YYQ,recording,knock_twice_right,6,0.630704,4.782509,8.462732,-0.032965,-0.020187,-0.009280
200432800.000,YYQ,recording,knock_twice_right,6,0.656571,4.797201,8.439296,-0.031809,-0.017749,-0.012365
200432810.000,YYQ,recording,knock_twice_right,6,0.596498,4.788591,8.567676,-0.030373,-0.010021,-0.015643
200432820.000,YYQ,recording,knock_twice_right,6,0.615347,4.766743,8.698842,-0.022814,-0.008385,-0.017236
200432830.000,YYQ,recording,knock_twice_right,6,0.559397,4.780046,8.723726,-0.007763,-0.012462,-0.018156
200432840.000,YYQ,recording,knock_twice_right,6,0.609450,4.776973,8.666048,0.007170,-0.019432,-0.020215
200432850.000,YYQ,recording,knock_twice_right,6,0.587806,4.788693,8.595475,0.015189,-0.025737,-0.021579
200432860.000,YYQ,recording,knock_twice_right,6,0.591402,4.825132,8.498110,0.015873,-0.027108,-0.021370
200432870.000,YYQ,recording,knock_twice_right,6,0.600289,4.819595,8.469976,0.010261,-0.023595,-0.020603
200432880.000,YYQ,recording,knock_twice_right,6,0.604674,4.828028,8.424984,0.000596,-0.016653,-0.019662
200432890.000,YYQ,recording,knock_twice_right,6,0.597597,4.846492,8.438603,-0.010376,-0.007329,-0.020012
200432900.000,YYQ,recording,knock_twice_right,6,0.587785,4.842211,8.452608,-0.020423,0.003088,-0.020284
200432910.000,YYQ,recording,knock_twice_right,6,0.588836,4.841353,8.507610,-0.027426,0.011236,-0.019036
200432920.000,YYQ,recording,knock_twice_right,6,0.560069,4.808111,8.544639,-0.029260,0.013659,-0.017492
200432930.000,YYQ,recording,knock_twice_right,6,0.569474,4.807738,8.600422,-0.023809,0.011437,-0.016451
200432940.000,YYQ,recording,knock_twice_right,6,0.573606,4.776581,8.600148,-0.012470,0.006246,-0.016816
200432950.000,YYQ,recording,knock_twice_right,6,0.582508,4.775490,8.630964,0.001329,0.000001,-0.017903
200432960.000,YYQ,recording,knock_twice_right,6,0.553052,4.767828,8.613465,0.014749,-0.005554,-0.018471
200432970.000,YYQ,recording,knock_twice_right,6,0.523976,4.782793,8.567157,0.024785,-0.008754,-0.018987
200432980.000,YYQ,recording,knock_twice_right,6,0.500323,4.778730,8.473861,0.026996,-0.006873,-0.019782
200432990.000,YYQ,recording,knock_twice_right,6,0.477691,4.796283,8.364271,0.019598,-0.002054,-0.018828
200433000.000,YYQ,recording,knock_twice_right,6,0.451546,4.788370,8.365031,0.005811,0.001275,-0.017137
200433010.000,YYQ,recording,knock_twice_right,6,0.443447,4.818748,8.373554,-0.008388,0.001136,-0.015721
200433020.000,YYQ,recording,knock_twice_right,6,0.478581,4.783280,8.472190,-0.018024,-0.001617,-0.012884
200433030.000,YYQ,recording,knock_twice_right,6,0.502851,4.800817,8.508816,-0.021840,-0.002599,-0.010023
200433040.000,YYQ,recording,knock_twice_right,6,0.539995,4.783145,8.552739,-0.020040,-0.000204,-0.007828
200433050.000,YYQ,recording,knock_twice_right,6,0.584168,4.780321,8.578343,-0.014148,0.004753,-0.005161
200433060.000,YYQ,recording,knock_twice_right,6,0.583570,4.777820,8.562054,-0.008026,0.011155,-0.004632
200433070.000,YYQ,recording,knock_twice_right,6,0.548849,4.791553,8.498106,-0.007507,0.013264,-0.007001
200433080.000,YYQ,recording,knock_twice_right,6,0.462146,4.812935,8.408095,-0.011772,0.016407,-0.005366
200433090.000,YYQ,recording,knock_twice_right,6,0.496778,4.729168,8.429240,-0.018510,0.025698,-0.003674
200433100.000,YYQ,recording,knock_twice_right,6,0.509281,4.803501,8.440036,-0.028480,0.031787,-0.005352
200433110.000,YYQ,recording,knock_twice_right,6,0.467061,4.786066,8.487621,-0.035485,0.034445,-0.004511
200433120.000,YYQ,recording,knock_twice_right,6,0.454523,4.771461,8.558885,-0.035108,0.032251,-0.001694
200433130.000,YYQ,recording,knock_twice_right,6,0.502261,4.743710,8.578199,-0.029217,0.022941,0.000321
200433140.000,YYQ,recording,knock_twice_right,6,0.482017,4.794904,8.601911,-0.020000,0.013813,0.000425
200433150.000,YYQ,recording,knock_twice_right,6,0.519455,4.758238,8.577367,-0.012022,0.007812,0.000341
200433160.000,YYQ,recording,knock_twice_right,6,0.544538,4.789592,8.544258,-0.008537,0.005380,0.001114
200433170.000,YYQ,recording,knock_twice_right,6,0.572705,4.805686,8.507041,-0.009611,0.006348,0.002925
200433180.000,YYQ,recording,knock_twice_right,6,0.586257,4.818851,8.467813,-0.014510,0.012476,0.003329
200433190.000,YYQ,recording,knock_twice_right,6,0.560862,4.825004,8.470590,-0.022886,0.021836,0.002327
200433200.000,YYQ,recording,knock_twice_right,6,0.500792,4.818183,8.453810,-0.034008,0.026053,0.004196
200433210.000,YYQ,recording,knock_twice_right,6,0.477202,4.795554,8.490248,-0.045342,0.024690,0.007516
200433220.000,YYQ,recording,knock_twice_right,6,0.528384,4.754850,8.553324,-0.052226,0.020937,0.010041
200433230.000,YYQ,recording,knock_twice_right,6,0.529148,4.757122,8.678075,-0.047341,0.014349,0.010653
200433240.000,YYQ,recording,knock_twice_right,6,0.538532,4.685249,8.834847,-0.026405,0.006297,0.009991
200433250.000,YYQ,recording,knock_twice_right,6,0.548934,4.662310,8.879815,0.005071,-0.002330,0.009322
200433260.000,YYQ,recording,knock_twice_right,6,0.535088,4.693173,8.737844,0.033892,-0.012572,0.010648
200433270.000,YYQ,recording,knock_twice_right,6,0.511730,4.745080,8.563981,0.049842,-0.022324,0.014712
200433280.000,YYQ,recording,knock_twice_right,6,0.563742,4.769165,8.464288,0.050698,-0.027307,0.016889
200433290.000,YYQ,recording,knock_twice_right,6,0.567905,4.768663,8.440653,0.044913,-0.027740,0.016131
200433300.000,YYQ,recording,knock_twice_right,6,0.609488,4.749133,8.502203,0.041729,-0.026572,0.012568
200433310.000,YYQ,recording,knock_twice_right,6,0.630050,4.769266,8.560159,0.043156,-0.024282,0.006832
200433320.000,YYQ,recording,knock_twice_right,6,0.599316,4.764564,8.511604,0.047174,-0.020649,0.001714
200433330.000,YYQ,recording,knock_twice_right,6,0.560228,4.739479,8.455792,0.046836,-0.015773,-0.001514
200433340.000,YYQ,recording,knock_twice_right,6,0.559021,4.763133,8.376503,0.037324,-0.009239,-0.002417
200433350.000,YYQ,recording,knock_twice_right,6,0.602893,4.771016,8.324415,0.021126,-0.002106,-0.002436
200433360.000,YYQ,recording,knock_twice_right,6,0.605161,4.788011,8.371573,0.004359,0.003564,-0.002667
200433370.000,YYQ,recording,knock_twice_right,6,0.577916,4.798138,8.466199,-0.004880,0.004582,-0.001441
200433380.000,YYQ,recording,knock_twice_right,6,0.544332,4.795692,8.548481,-0.004195,0.000124,0.000612
200433390.000,YYQ,recording,knock_twice_right,6,0.519159,4.779160,8.570365,0.002789,-0.006509,0.000862
200433400.000,YYQ,recording,knock_twice_right,6,0.531304,4.773630,8.575494,0.011504,-0.014497,0.000554
200433410.000,YYQ,recording,knock_twice_right,6,0.544177,4.761808,8.553688,0.016908,-0.022560,0.000657
200433420.000,YYQ,recording,knock_twice_right,6,0.561252,4.790430,8.478047,0.017651,-0.026497,0.000470
200433430.000,YYQ,recording,knock_twice_right,6,0.576939,4.787608,8.492951,0.013343,-0.022929,0.000632
200433440.000,YYQ,recording,knock_twice_right,6,0.572624,4.800272,8.475035,0.006000,-0.014114,0.001822
200433450.000,YYQ,recording,knock_twice_right,6,0.579790,4.806509,8.499982,-0.001578,-0.005405,0.002760
200433460.000,YYQ,recording,knock_twice_right,6,0.597788,4.835027,8.552105,-0.005267,0.001497,0.002639
200433470.000,YYQ,recording,knock_twice_right,6,0.583494,4.834825,8.598307,-0.001866,0.006382,0.001953
200433480.000,YYQ,recording,knock_twice_right,6,0.554774,4.807324,8.592583,0.003003,0.007543,0.001052
200433490.000,YYQ,recording,knock_twice_right,6,0.508653,4.808424,8.516116,0.005143,0.003216,0.001136
200433500.000,YYQ,recording,knock_twice_right,6,0.517612,4.777270,8.495102,0.004623,-0.005254,0.001802
200433510.000,YYQ,recording,knock_twice_right,6,0.546436,4.794717,8.449767,0.003103,-0.015389,0.000533
200433520.000,YYQ,recording,knock_twice_right,6,0.582114,4.773303,8.483552,0.002850,-0.023958,-0.002952
200433530.000,YYQ,recording,knock_twice_right,6,0.602884,4.777521,8.502441,0.003929,-0.026919,-0.007267
200433540.000,YYQ,recording,knock_twice_right,6,0.618629,4.754203,8.514688,0.005080,-0.022513,-0.010506
200433550.000,YYQ,recording,knock_twice_right,6,0.602809,4.759165,8.539108,0.008352,-0.011408,-0.011724
200433560.000,YYQ,recording,knock_twice_right,6,0.589769,4.766840,8.536997,0.012582,0.002331,-0.012995
200433570.000,YYQ,recording,knock_twice_right,6,0.574844,4.766510,8.525269,0.013599,0.014359,-0.012274
200433580.000,YYQ,recording,knock_twice_right,6,0.526179,4.811971,8.486865,0.011107,0.018724,-0.010128
200433590.000,YYQ,recording,knock_twice_right,6,0.538351,4.803502,8.489341,0.006951,0.015114,-0.009538
200433600.000,YYQ,recording,knock_twice_right,6,0.558540,4.797354,8.547819,0.006729,0.007650,-0.009118
200433610.000,YYQ,recording,knock_twice_right,6,0.520169,4.798816,8.562522,0.010748,-0.002741,-0.008637
200433620.000,YYQ,recording,knock_twice_right,6,0.547662,4.800545,8.626231,0.017626,-0.015633,-0.008389
200433630.000,YYQ,recording,knock_twice_right,6,0.576197,4.806794,8.672670,0.028513,-0.025371,-0.009655
200433640.000,YYQ,recording,knock_twice_right,6,0.620649,4.778357,8.691400,0.041183,-0.025761,-0.012826
200433650.000,YYQ,recording,knock_twice_right,6,0.602502,4.786071,8.611069,0.050750,-0.017929,-0.015332
200433660.000,YYQ,recording,knock_twice_right,6,0.577495,4.810278,8.558676,0.054071,-0.005127,-0.015942
200433670.000,YYQ,recording,knock_twice_right,6,0.552718,4.825623,8.472346,0.051166,0.007948,-0.015822
200433680.000,YYQ,recording,knock_twice_right,6,0.552251,4.830299,8.439308,0.044162,0.017852,-0.014922
200433690.000,YYQ,recording,knock_twice_right,6,0.539818,4.815068,8.390889,0.036941,0.020817,-0.014422
200433700.000,YYQ,recording,knock_twice_right,6,0.530785,4.845107,8.407833,0.030173,0.017140,-0.013943
200433710.000,YYQ,recording,knock_twice_right,6,0.524973,4.863633,8.354875,0.021454,0.011363,-0.012897
200433720.000,YYQ,recording,knock_twice_right,6,0.541684,4.859073,8.368200,0.012685,0.007908,-0.013147
200433730.000,YYQ,recording,knock_twice_right,6,0.612554,4.821672,8.426194,0.008144,0.009399,-0.014205
200433740.000,YYQ,recording,knock_twice_right,6,0.599259,4.816126,8.508914,0.010063,0.014310,-0.016667
200433750.000,YYQ,recording,knock_twice_right,6,0.562608,4.840516,8.594639,0.018523,0.020991,-0.020421
200433760.000,YYQ,recording,knock_twice_right,6,0.518614,4.799589,8.639760,0.030723,0.029812,-0.023701
200433770.000,YYQ,recording,knock_twice_right,6,0.469242,4.777332,8.590237,0.040998,0.036441,-0.023626
200433780.000,YYQ,recording,knock_twice_right,6,0.480715,4.816229,8.558104,0.045821,0.034859,-0.021693
200433790.000,YYQ,recording,knock_twice_right,6,0.543069,4.844887,8.603183,0.049414,0.024219,-0.021473
200433800.000,YYQ,recording,knock_twice_right,6,0.535529,4.866141,8.661408,0.059036,0.007803,-0.021229
200433810.000,YYQ,recording,knock_twice_right,6,0.512806,4.864194,8.635783,0.074010,-0.008177,-0.021098
200433820.000,YYQ,recording,knock_twice_right,6,0.533838,4.870899,8.573182,0.089292,-0.015904,-0.023492
200433830.000,YYQ,recording,knock_twice_right,6,0.543918,4.869880,8.481701,0.100809,-0.011160,-0.026766
200433840.000,YYQ,recording,knock_twice_right,6,0.540901,4.896500,8.403859,0.106421,0.003179,-0.028943
200433850.000,YYQ,recording,knock_twice_right,6,0.545145,4.885076,8.360999,0.105480,0.018149,-0.031821
200433860.000,YYQ,recording,knock_twice_right,6,0.487435,4.926009,8.191337,0.093966,0.025417,-0.035202
200433870.000,YYQ,recording,knock_twice_right,6,0.427250,4.946381,8.045547,0.069350,0.026460,-0.036337
200433880.000,YYQ,recording,knock_twice_right,6,0.465306,4.919569,8.142503,0.040347,0.024959,-0.034531
200433890.000,YYQ,recording,knock_twice_right,6,0.528539,4.932788,8.392686,0.024908,0.023269,-0.034542
200433900.000,YYQ,recording,knock_twice_right,6,0.559873,4.943987,8.615886,0.035043,0.016731,-0.041532
200433910.000,YYQ,recording,knock_twice_right,6,0.750649,4.885793,9.030933,0.074490,-0.002067,-0.060702
200433920.000,YYQ,recording,knock_twice_right,6,1.027338,4.802801,9.287645,0.141757,-0.021146,-0.102238
200433930.000,YYQ,recording,knock_twice_right,6,1.281636,4.703072,9.486713,0.238010,-0.011829,-0.165243
200433940.000,YYQ,recording,knock_twice_right,6,0.889475,4.574027,9.162909,0.336275,0.040902,-0.217598
200433950.000,YYQ,recording,knock_twice_right,6,0.109173,4.347671,7.964281,0.374870,0.191138,-0.224697
200433960.000,YYQ,recording,knock_twice_right,6,-3.361890,4.372453,5.518008,0.256530,0.345135,-0.154569
200433970.000,YYQ,recording,knock_twice_right,6,-1.822612,4.490897,5.515317,-0.000876,0.380624,0.036515
200433980.000,YYQ,recording,knock_twice_right,6,-1.237149,6.545220,6.906484,-0.240218,0.315081,0.267225
200433990.000,YYQ,recording,knock_twice_right,6,1.196106,6.375325,8.611788,-0.348565,0.197420,0.396352
200434000.000,YYQ,recording,knock_twice_right,6,1.087485,5.653451,8.948527,-0.328061,0.097154,0.435202
200434010.000,YYQ,recording,knock_twice_right,6,1.516217,4.678378,9.105000,-0.267366,0.026589,0.446821
200434020.000,YYQ,recording,knock_twice_right,6,0.968733,4.341258,8.862715,-0.209791,-0.013210,0.432498
200434030.000,YYQ,recording,knock_twice_right,6,1.343872,4.192620,9.153174,-0.148976,-0.039293,0.380942
200434040.000,YYQ,recording,knock_twice_right,6,1.393903,4.426553,9.269205,-0.079733,-0.070356,0.291063
200434050.000,YYQ,recording,knock_twice_right,6,1.810875,4.695131,9.619587,0.001753,-0.097186,0.164873
200434060.000,YYQ,recording,knock_twice_right,6,1.823417,4.922661,9.691575,0.093396,-0.100113,0.018527
200434070.000,YYQ,recording,knock_twice_right,6,1.608988,5.047291,9.342164,0.169574,-0.069781,-0.129842
200434080.000,YYQ,recording,knock_twice_right,6,1.752043,5.146434,8.775891,0.196767,-0.008572,-0.276609
200434090.000,YYQ,recording,knock_twice_right,6,1.854354,5.295218,8.228317,0.159075,0.095522,-0.424165
200434100.000,YYQ,recording,knock_twice_right,6,1.133713,5.305775,7.360165,0.048523,0.239767,-0.554324
200434110.000,YYQ,recording,knock_twice_right,6,-0.862620,5.022324,6.612120,-0.125316,0.376601,-0.598302
200434120.000,YYQ,recording,knock_twice_right,6,-2.122099,4.434178,6.452814,-0.322476,0.472408,-0.515022
200434130.000,YYQ,recording,knock_twice_right,6,-1.040377,4.379909,6.727695,-0.509263,0.523249,-0.366094
200434140.000,YYQ,recording,knock_twice_right,6,-0.338870,5.348239,7.785421,-0.638738,0.497166,-0.232724
200434150.000,YYQ,recording,knock_twice_right,6,0.394476,5.431411,9.590882,-0.633449,0.408676,-0.143773
200434160.000,YYQ,recording,knock_twice_right,6,0.338566,4.821667,10.476830,-0.472129,0.317894,-0.091236
200434170.000,YYQ,recording,knock_twice_right,6,-0.011049,4.305627,10.693825,-0.219644,0.232620,-0.058097
200434180.000,YYQ,recording,knock_twice_right,6,-0.203856,4.218541,10.267911,0.035151,0.135780,-0.039501
200434190.000,YYQ,recording,knock_twice_right,6,-0.081756,4.245794,9.946306,0.247178,0.024061,-0.044165
200434200.000,YYQ,recording,knock_twice_right,6,-0.025597,4.351527,9.973717,0.422138,-0.088951,-0.076690
200434210.000,YYQ,recording,knock_twice_right,6,-0.159812,4.524709,10.125924,0.589088,-0.180853,-0.132321
200434220.000,YYQ,recording,knock_twice_right,6,-0.326054,4.203452,9.458383,0.730855,-0.202893,-0.179246
200434230.000,YYQ,recording,knock_twice_right,6,-1.746431,3.832709,7.107880,0.712451,0.011733,-0.144363
200434240.000,YYQ,recording,knock_twice_right,6,-6.886927,4.002606,3.164417,0.442740,0.159547,0.007657
200434250.000,YYQ,recording,knock_twice_right,6,-1.690960,4.963934,5.879964,0.049672,-0.053921,0.272757
200434260.000,YYQ,recording,knock_twice_right,6,-0.371866,7.739184,7.560556,-0.229754,-0.345697,0.490908
200434270.000,YYQ,recording,knock_twice_right,6,3.737829,6.456915,10.029702,-0.279574,-0.573390,0.524592
200434280.000,YYQ,recording,knock_twice_right,6,2.131531,5.079459,10.414959,-0.138969,-0.728084,0.488517
200434290.000,YYQ,recording,knock_twice_right,6,2.242810,4.414647,10.916942,0.111011,-0.782498,0.445575
200434300.000,YYQ,recording,knock_twice_right,6,2.240450,4.579144,10.134835,0.359765,-0.711651,0.358697
200434310.000,YYQ,recording,knock_twice_right,6,2.070050,4.808558,8.522931,0.478813,-0.535550,0.229531
200434320.000,YYQ,recording,knock_twice_right,6,1.766130,4.882299,7.129798,0.415712,-0.311460,0.096965
200434330.000,YYQ,recording,knock_twice_right,6,1.478922,5.066107,6.473995,0.225532,-0.092071,-0.019600
200434340.000,YYQ,recording,knock_twice_right,6,1.571647,5.273219,6.477328,-0.013016,0.113415,-0.128167
200434350.000,YYQ,recording,knock_twice_right,6,1.025017,5.506833,6.300751,-0.263557,0.313576,-0.224065
200434360.000,YYQ,recording,knock_twice_right,6,-0.046975,5.611533,6.020676,-0.526716,0.498518,-0.265643
200434370.000,YYQ,recording,knock_twice_right,6,-0.937696,5.237172,5.967138,-0.782787,0.599154,-0.257101
200434380.000,YYQ,recording,knock_twice_right,6,-0.164410,4.128955,7.375632,-0.957827,0.578247,-0.232522
200434390.000,YYQ,recording,knock_twice_right,6,-0.189919,4.570977,9.167209,-0.977269,0.479816,-0.187932
200434400.000,YYQ,recording,knock_twice_right,6,-0.012898,4.814671,10.724198,-0.826987,0.333920,-0.135300
200434410.000,YYQ,recording,knock_twice_right,6,-0.052947,4.509396,11.345345,-0.546391,0.172585,-0.090138
200434420.000,YYQ,recording,knock_twice_right,6,-0.136594,4.076917,11.177709,-0.217462,0.033387,-0.050463
200434430.000,YYQ,recording,knock_twice_right,6,-0.307921,4.105475,10.278126,0.058913,-0.068688,-0.006368
200434440.000,YYQ,recording,knock_twice_right,6,-0.402721,4.404883,9.223873,0.217517,-0.132318,0.045509
200434450.000,YYQ,recording,knock_twice_right,6,-0.246279,4.615252,8.487989,0.252510,-0.155094,0.095621
200434460.000,YYQ,recording,knock_twice_right,6,0.011959,4.710832,8.141395,0.203888,-0.146849,0.130780
200434470.000,YYQ,recording,knock_twice_right,6,0.275554,4.743019,8.191474,0.122129,-0.122880,0.146829
200434480.000,YYQ,recording,knock_twice_right,6,0.424079,4.777941,8.286735,0.045575,-0.095289,0.148727
200434490.000,YYQ,recording,knock_twice_right,6,0.429156,4.788693,8.442454,-0.006639,-0.077863,0.141692
200434500.000,YYQ,recording,knock_twice_right,6,0.449670,4.815067,8.620496,-0.029288,-0.073693,0.128707
200434510.000,YYQ,recording,knock_twice_right,6,0.517627,4.780416,8.790675,-0.022261,-0.076369,0.112470
200434520.000,YYQ,recording,knock_twice_right,6,0.537658,4.769658,8.782736,0.003003,-0.082160,0.093445
200434530.000,YYQ,recording,knock_twice_right,6,0.454910,4.813070,8.669635,0.030076,-0.089511,0.071717
200434540.000,YYQ,recording,knock_twice_right,6,0.367085,4.869977,8.625662,0.052260,-0.094838,0.051126
200434550.000,YYQ,recording,knock_twice_right,6,0.342624,4.807871,8.560434,0.065170,-0.092918,0.034645
200434560.000,YYQ,recording,knock_twice_right,6,0.268655,4.808742,8.455749,0.065374,-0.087354,0.022799
200434570.000,YYQ,recording,knock_twice_right,6,0.256914,4.783017,8.489702,0.059132,-0.082800,0.016787
200434580.000,YYQ,recording,knock_twice_right,6,0.306004,4.743605,8.596304,0.054634,-0.081784,0.014810
200434590.000,YYQ,recording,knock_twice_right,6,0.381933,4.728994,8.678079,0.054537,-0.086157,0.012441
200434600.000,YYQ,recording,knock_twice_right,6,0.490410,4.724509,8.706520,0.058344,-0.087603,0.007685
200434610.000,YYQ,recording,knock_twice_right,6,0.484936,4.680358,8.651531,0.062643,-0.084198,0.003549
200434620.000,YYQ,recording,knock_twice_right,6,0.453310,4.655296,8.563750,0.064739,-0.083832,0.001888
200434630.000,YYQ,recording,knock_twice_right,6,0.503950,4.650968,8.506951,0.062856,-0.082855,0.000431
200434640.000,YYQ,recording,knock_twice_right,6,0.539296,4.699310,8.380831,0.054314,-0.075483,-0.001640
200434650.000,YYQ,recording,knock_twice_right,6,0.548062,4.751743,8.289841,0.038239,-0.063225,-0.005159
200434660.000,YYQ,recording,knock_twice_right,6,0.551379,4.786956,8.265035,0.017068,-0.052045,-0.008608
200434670.000,YYQ,recording,knock_twice_right,6,0.558418,4.800085,8.347158,0.001799,-0.045622,-0.010822
200434680.000,YYQ,recording,knock_twice_right,6,0.532635,4.801750,8.517647,0.000264,-0.041466,-0.013434
200434690.000,YYQ,recording,knock_twice_right,6,0.512590,4.781155,8.643046,0.010869,-0.037646,-0.016395
200434700.000,YYQ,recording,knock_twice_right,6,0.457418,4.802782,8.669991,0.026909,-0.033887,-0.018960
200434710.000,YYQ,recording,knock_twice_right,6,0.393381,4.834077,8.599746,0.041031,-0.032603,-0.017723
200434720.000,YYQ,recording,knock_twice_right,6,0.376492,4.835659,8.581829,0.049089,-0.033248,-0.011645
200434730.000,YYQ,recording,knock_twice_right,6,0.369707,4.819960,8.565390,0.052045,-0.037224,-0.005087
200434740.000,YYQ,recording,knock_twice_right,6,0.463529,4.818428,8.578169,0.055340,-0.045124,-0.000802
200434750.000,YYQ,recording,knock_twice_right,6,0.545186,4.810762,8.630560,0.062740,-0.051163,-0.000518
200434760.000,YYQ,recording,knock_twice_right,6,0.546963,4.752214,8.604806,0.075375,-0.051474,-0.005029
200434770.000,YYQ,recording,knock_twice_right,6,0.413352,4.762417,8.530614,0.086275,-0.047667,-0.009189
200434780.000,YYQ,recording,knock_twice_right,6,0.332053,4.787439,8.384139,0.085402,-0.040388,-0.007601
200434790.000,YYQ,recording,knock_twice_right,6,0.348587,4.778885,8.255489,0.069950,-0.029508,-0.002308
200434800.000,YYQ,recording,knock_twice_right,6,0.379651,4.799097,8.225357,0.046425,-0.022870,0.003479
200434810.000,YYQ,recording,knock_twice_right,6,0.415107,4.840267,8.301906,0.024933,-0.027616,0.007407
200434820.000,YYQ,recording,knock_twice_right,6,0.469548,4.861721,8.423453,0.011401,-0.040288,0.007274
200434830.000,YYQ,recording,knock_twice_right,6,0.545411,4.896848,8.589230,0.010261,-0.050507,0.003094
200434840.000,YYQ,recording,knock_twice_right,6,0.558338,4.848440,8.665379,0.022287,-0.050331,-0.002193
200434850.000,YYQ,recording,knock_twice_right,6,0.527287,4.849154,8.641640,0.041034,-0.041586,-0.004814
200434860.000,YYQ,recording,knock_twice_right,6,0.494468,4.842031,8.527522,0.055477,-0.031860,-0.004527
200434870.000,YYQ,recording,knock_twice_right,6,0.522607,4.863610,8.422685,0.058315,-0.024956,-0.005005
200434880.000,YYQ,recording,knock_twice_right,6,0.585898,4.836195,8.354257,0.050159,-0.015804,-0.006963
200434890.000,YYQ,recording,knock_twice_right,6,0.562027,4.862787,8.347959,0.035919,-0.001059,-0.008028
200434900.000,YYQ,recording,knock_twice_right,6,0.517865,4.832451,8.351257,0.021260,0.013080,-0.007910
200434910.000,YYQ,recording,knock_twice_right,6,0.500409,4.840298,8.382130,0.007856,0.023422,-0.005598
200434920.000,YYQ,recording,knock_twice_right,6,0.478412,4.863565,8.394719,-0.003761,0.029553,-0.001322
200434930.000,YYQ,recording,knock_twice_right,6,0.484145,4.854638,8.415494,-0.009312,0.028721,0.002523
200434940.000,YYQ,recording,knock_twice_right,6,0.476991,4.880294,8.517338,-0.006953,0.021286,0.006529
200434950.000,YYQ,recording,knock_twice_right,6,0.414146,4.885208,8.521722,0.000449,0.010146,0.010955
200434960.000,YYQ,recording,knock_twice_right,6,0.429505,4.860539,8.514496,0.009561,-0.001759,0.014507
200434970.000,YYQ,recording,knock_twice_right,6,0.440236,4.856935,8.498363,0.015716,-0.010614,0.016164
200434980.000,YYQ,recording,knock_twice_right,6,0.401822,4.860740,8.428911,0.015214,-0.014142,0.017663
200434990.000,YYQ,recording,knock_twice_right,6,0.404277,4.866815,8.384651,0.008778,-0.014401,0.020311
200435000.000,YYQ,recording,knock_twice_right,6,0.455141,4.878666,8.383784,0.001432,-0.015149,0.022777
200435010.000,YYQ,recording,knock_twice_right,6,0.504791,4.894989,8.474576,-0.001056,-0.017770,0.023409
200435020.000,YYQ,recording,knock_twice_right,6,0.579802,4.885225,8.520704,0.003796,-0.018636,0.021952
200435030.000,YYQ,recording,knock_twice_right,6,0.590748,4.862859,8.513465,0.011863,-0.016994,0.019725
200435040.000,YYQ,recording,knock_twice_right,6,0.601934,4.887758,8.478623,0.016241,-0.013574,0.016699
200435050.000,YYQ,recording,knock_twice_right,6,0.640102,4.861521,8.417937,0.014527,-0.007714,0.013271
200435060.000,YYQ,recording,knock_twice_right,6,0.577203,4.864298,8.397477,0.009460,-0.004947,0.009933
200435070.000,YYQ,recording,knock_twice_right,6,0.564797,4.842224,8.450408,0.004886,-0.011206,0.007761
200435080.000,YYQ,recording,knock_twice_right,6,0.522754,4.851887,8.485314,0.004893,-0.025273,0.007066
200435090.000,YYQ,recording,knock_twice_right,6,0.579184,4.848752,8.540784,0.010682,-0.040822,0.006562
200435100.000,YYQ,recording,knock_twice_right,6,0.584976,4.856339,8.490413,0.019085,-0.053628,0.006026
200435110.000,YYQ,recording,knock_twice_right,6,0.635633,4.862897,8.425444,0.024420,-0.061288,0.004958
200435120.000,YYQ,recording,knock_twice_right,6,0.668911,4.858668,8.351138,0.022130,-0.059499,0.002752
200435130.000,YYQ,recording,knock_twice_right,6,0.680244,4.897320,8.278955,0.013124,-0.047606,0.000514
200435140.000,YYQ,recording,knock_twice_right,6,0.675952,4.929639,8.295844,0.000941,-0.029403,0.000240
200435150.000,YYQ,recording,knock_twice_right,6,0.680294,4.964508,8.323110,-0.009817,-0.011151,0.000530
200435160.000,YYQ,recording,knock_twice_right,6,0.686433,4.935568,8.350848,-0.017113,0.002061,-0.001742
200435170.000,YYQ,recording,knock_twice_right,7,0.675747,4.892649,8.397509,-0.020982,0.010032,-0.004144
200435180.000,YYQ,recording,knock_twice_right,7,0.603583,4.926507,8.424448,-0.022368,0.013048,-0.004754
200435190.000,YYQ,recording,knock_twice_right,7,0.556319,4.895977,8.414751,-0.023975,0.010103,-0.005191
200435200.000,YYQ,recording,knock_twice_right,7,0.553403,4.910141,8.446484,-0.024539,0.001995,-0.006774
200435210.000,YYQ,recording,knock_twice_right,7,0.552593,4.898337,8.450822,-0.021446,-0.006651,-0.009816
200435220.000,YYQ,recording,knock_twice_right,7,0.524149,4.885445,8.469133,-0.016684,-0.014686,-0.012490
200435230.000,YYQ,recording,knock_twice_right,7,0.498478,4.850607,8.441661,-0.015899,-0.022913,-0.012936
200435240.000,YYQ,recording,knock_twice_right,7,0.502151,4.873362,8.437977,-0.019104,-0.026956,-0.012168
200435250.000,YYQ,recording,knock_twice_right,7,0.518199,4.873409,8.452825,-0.021740,-0.025056,-0.008731
200435260.000,YYQ,recording,knock_twice_right,7,0.533531,4.873822,8.478547,-0.021311,-0.021006,-0.005223
200435270.000,YYQ,recording,knock_twice_right,7,0.549400,4.876333,8.517715,-0.018434,-0.017560,-0.003528
200435280.000,YYQ,recording,knock_twice_right,7,0.564180,4.859840,8.487555,-0.017949,-0.012679,-0.001753
200435290.000,YYQ,recording,knock_twice_right,7,0.603543,4.868428,8.469016,-0.020110,-0.006072,-0.001667
200435300.000,YYQ,recording,knock_twice_right,7,0.606718,4.877176,8.502758,-0.021614,-0.000841,-0.002852
200435310.000,YYQ,recording,knock_twice_right,7,0.594606,4.863976,8.508391,-0.020354,0.002402,-0.005144
200435320.000,YYQ,recording,knock_twice_right,7,0.551476,4.834778,8.552616,-0.015457,0.003849,-0.006609
200435330.000,YYQ,recording,knock_twice_right,7,0.556415,4.834238,8.490984,-0.010363,0.005264,-0.007256
200435340.000,YYQ,recording,knock_twice_right,7,0.571094,4.866989,8.424074,-0.008992,0.007871,-0.008595
200435350.000,YYQ,recording,knock_twice_right,7,0.599823,4.846580,8.422422,-0.011322,0.011687,-0.011235
200435360.000,YYQ,recording,knock_twice_right,7,0.550632,4.838755,8.457133,-0.014345,0.015802,-0.012331
200435370.000,YYQ,recording,knock_twice_right,7,0.527672,4.844266,8.504015,-0.015292,0.017018,-0.010021
200435380.000,YYQ,recording,knock_twice_right,7,0.477399,4.835797,8.486965,-0.015316,0.016294,-0.007271
200435390.000,YYQ,recording,knock_twice_right,7,0.469901,4.850377,8.453085,-0.018001,0.016372,-0.004034
200435400.000,YYQ,recording,knock_twice_right,7,0.477094,4.843481,8.428631,-0.024166,0.016210,0.000020
200435410.000,YYQ,recording,knock_twice_right,7,0.481175,4.846420,8.507414,-0.028497,0.015833,0.002881
200435420.000,YYQ,recording,knock_twice_right,7,0.528487,4.832082,8.571017,-0.026619,0.013460,0.003909
200435430.000,YYQ,recording,knock_twice_right,7,0.534861,4.834546,8.608641,-0.018992,0.008604,0.003999
200435440.000,YYQ,recording,knock_twice_right,7,0.552535,4.862847,8.642347,-0.008083,0.003072,0.002913
200435450.000,YYQ,recording,knock_twice_right,7,0.547810,4.855038,8.609397,0.003151,-0.000737,0.001747
200435460.000,YYQ,recording,knock_twice_right,7,0.542449,4.867309,8.484434,0.008910,-0.000033,0.002552
200435470.000,YYQ,recording,knock_twice_right,7,0.529121,4.917278,8.373481,0.005036,0.004462,0.004180
200435480.000,YYQ,recording,knock_twice_right,7,0.556922,4.909835,8.332223,-0.007054,0.010989,0.005018
200435490.000,YYQ,recording,knock_twice_right,7,0.572006,4.915500,8.345878,-0.023031,0.017566,0.005099
200435500.000,YYQ,recording,knock_twice_right,7,0.532224,4.893789,8.462457,-0.035947,0.022394,0.004810
200435510.000,YYQ,recording,knock_twice_right,7,0.497296,4.868892,8.565453,-0.036277,0.023533,0.004102
200435520.000,YYQ,recording,knock_twice_right,7,0.492020,4.827301,8.679145,-0.023233,0.020273,0.002642
200435530.000,YYQ,recording,knock_twice_right,7,0.518170,4.832594,8.667584,-0.005368,0.016217,0.001056
200435540.000,YYQ,recording,knock_twice_right,7,0.485770,4.813748,8.558749,0.010116,0.014481,0.001365
200435550.000,YYQ,recording,knock_twice_right,7,0.492334,4.816785,8.427238,0.016653,0.012729,0.003842
200435560.000,YYQ,recording,knock_twice_right,7,0.531669,4.814980,8.364982,0.012926,0.012660,0.005473
200435570.000,YYQ,recording,knock_twice_right,7,0.533454,4.826963,8.324008,0.002779,0.015759,0.006184
200435580.000,YYQ,recording,knock_twice_right,7,0.507429,4.782747,8.336219,-0.009353,0.018853,0.007831
200435590.000,YYQ,recording,knock_twice_right,7,0.505520,4.759719,8.349982,-0.021088,0.020337,0.009255
200435600.000,YYQ,recording,knock_twice_right,7,0.534528,4.764663,8.397454,-0.030863,0.020402,0.009382
200435610.000,YYQ,recording,knock_twice_right,7,0.563357,4.759308,8.377975,-0.037676,0.019783,0.008800
200435620.000,YYQ,recording,knock_twice_right,7,0.543849,4.758326,8.379064,-0.042438,0.018363,0.008212
200435630.000,YYQ,recording,knock_twice_right,7,0.556016,4.755203,8.416197,-0.046534,0.018979,0.007922
200435640.000,YYQ,recording,knock_twice_right,7,0.569759,4.764123,8.448805,-0.049317,0.021068,0.007543
200435650.000,YYQ,recording,knock_twice_right,7,0.564917,4.773298,8.509478,-0.047595,0.018912,0.006524
200435660.000,YYQ,recording,knock_twice_right,7,0.552876,4.785273,8.560455,-0.041513,0.013987,0.005422
200435670.000,YYQ,recording,knock_twice_right,7,0.513034,4.763027,8.575007,-0.033898,0.011142,0.005993
200435680.000,YYQ,recording,knock_twice_right,7,0.525023,4.765216,8.535083,-0.028479,0.009389,0.007749
200435690.000,YYQ,recording,knock_twice_right,7,0.545075,4.763361,8.525638,-0.029005,0.006694,0.008417
200435700.000,YYQ,recording,knock_twice_right,7,0.587168,4.767397,8.509538,-0.034317,0.004735,0.007278
200435710.000,YYQ,recording,knock_twice_right,7,0.566610,4.785167,8.530219,-0.039122,0.003853,0.005506
200435720.000,YYQ,recording,knock_twice_right,7,0.590324,4.792490,8.591837,-0.040842,0.002955,0.003522
200435730.000,YYQ,recording,knock_twice_right,7,0.633962,4.771735,8.648202,-0.040097,0.002496,0.001184
200435740.000,YYQ,recording,knock_twice_right,7,0.605071,4.789935,8.674223,-0.034938,0.004762,-0.002155
200435750.000,YYQ,recording,knock_twice_right,7,0.607496,4.805729,8.689993,-0.026115,0.009075,-0.006579
200435760.000,YYQ,recording,knock_twice_right,7,0.570023,4.812959,8.631086,-0.016948,0.011029,-0.009903
200435770.000,YYQ,recording,knock_twice_right,7,0.557904,4.823998,8.602663,-0.010031,0.010156,-0.011702
200435780.000,YYQ,recording,knock_twice_right,7,0.523733,4.819269,8.577050,-0.006539,0.007078,-0.011936
200435790.000,YYQ,recording,knock_twice_right,7,0.476230,4.786733,8.531942,-0.005358,0.004899,-0.011667
200435800.000,YYQ,recording,knock_twice_right,7,0.423182,4.772660,8.502340,-0.008186,0.003918,-0.010706
200435810.000,YYQ,recording,knock_twice_right,7,0.443006,4.767933,8.492220,-0.014482,0.002706,-0.006916
200435820.000,YYQ,recording,knock_twice_right,7,0.431945,4.778189,8.547898,-0.019415,-0.000344,-0.003491
200435830.000,YYQ,recording,knock_twice_right,7,0.468905,4.769190,8.627674,-0.018413,-0.006072,-0.001878
200435840.000,YYQ,recording,knock_twice_right,7,0.480490,4.766010,8.630244,-0.011227,-0.012586,-0.000955
200435850.000,YYQ,recording,knock_twice_right,7,0.499640,4.749631,8.619178,-0.002943,-0.018534,-0.000522
200435860.000,YYQ,recording,knock_twice_right,7,0.526660,4.759820,8.567534,0.001920,-0.021385,0.000989
200435870.000,YYQ,recording,knock_twice_right,7,0.545166,4.771239,8.533688,0.004846,-0.019273,0.001824
200435880.000,YYQ,recording,knock_twice_right,7,0.559651,4.768424,8.498355,0.006724,-0.012999,0.000008
200435890.000,YYQ,recording,knock_twice_right,7,0.533647,4.785775,8.425390,0.003758,-0.006400,-0.003262
200435900.000,YYQ,recording,knock_twice_right,7,0.527399,4.766426,8.377020,-0.004581,-0.001283,-0.007393
200435910.000,YYQ,recording,knock_twice_right,7,0.499738,4.801895,8.387385,-0.016366,0.004085,-0.010279
200435920.000,YYQ,recording,knock_twice_right,7,0.483822,4.785235,8.397635,-0.029140,0.007830,-0.011580
200435930.000,YYQ,recording,knock_twice_right,7,0.498746,4.775923,8.443046,-0.038692,0.007630,-0.014288
200435940.000,YYQ,recording,knock_twice_right,7,0.524898,4.757599,8.528899,-0.043109,0.007793,-0.017104
200435950.000,YYQ,recording,knock_twice_right,7,0.507372,4.770779,8.593442,-0.043270,0.008755,-0.017925
200435960.000,YYQ,recording,knock_twice_right,7,0.543422,4.769208,8.652787,-0.037359,0.009819,-0.017347
200435970.000,YYQ,recording,knock_twice_right,7,0.558240,4.765089,8.698979,-0.027228,0.014165,-0.016446
200435980.000,YYQ,recording,knock_twice_right,7,0.534390,4.753053,8.685468,-0.018219,0.018433,-0.015717
200435990.000,YYQ,recording,knock_twice_right,7,0.542231,4.743938,8.658111,-0.012034,0.019669,-0.014281
200436000.000,YYQ,recording,knock_twice_right,7,0.486724,4.712039,8.706832,-0.008937,0.020301,-0.012171
200436010.000,YYQ,recording,knock_twice_right,7,0.457625,4.721089,8.747486,-0.006553,0.019527,-0.010544
200436020.000,YYQ,recording,knock_twice_right,7,0.417889,4.684898,8.743030,-0.002678,0.013580,-0.008436
200436030.000,YYQ,recording,knock_twice_right,7,0.463378,4.680053,8.769690,0.005580,0.003486,-0.006824
200436040.000,YYQ,recording,knock_twice_right,7,0.495120,4.666276,8.749572,0.017840,-0.004945,-0.006344
200436050.000,YYQ,recording,knock_twice_right,7,0.513468,4.711456,8.647640,0.026539,-0.010000,-0.005653
200436060.000,YYQ,recording,knock_twice_right,7,0.483319,4.709773,8.559235,0.029377,-0.008958,-0.003924
200436070.000,YYQ,recording,knock_twice_right,7,0.458593,4.724039,8.465094,0.026010,-0.001211,-0.000293
200436080.000,YYQ,recording,knock_twice_right,7,0.461476,4.711975,8.398702,0.015495,0.008457,0.004068
200436090.000,YYQ,recording,knock_twice_right,7,0.462729,4.733076,8.378280,0.003885,0.014355,0.007327
200436100.000,YYQ,recording,knock_twice_right,7,0.473351,4.730765,8.459976,-0.001236,0.014207,0.009104
200436110.000,YYQ,recording,knock_twice_right,7,0.475517,4.744886,8.446216,-0.000518,0.007444,0.010133
200436120.000,YYQ,recording,knock_twice_right,7,0.500327,4.728704,8.459147,0.002109,-0.005278,0.009781
200436130.000,YYQ,recording,knock_twice_right,7,0.477418,4.751693,8.437354,0.005928,-0.015688,0.008154
200436140.000,YYQ,recording,knock_twice_right,7,0.506332,4.755027,8.369745,0.007604,-0.020544,0.007003
200436150.000,YYQ,recording,knock_twice_right,7,0.550464,4.752247,8.352552,0.004427,-0.021432,0.005399
200436160.000,YYQ,recording,knock_twice_right,7,0.538943,4.791326,8.363699,-0.003168,-0.016171,0.002396
200436170.000,YYQ,recording,knock_twice_right,7,0.553431,4.770997,8.385040,-0.014259,-0.006352,-0.001071
200436180.000,YYQ,recording,knock_twice_right,7,0.577706,4.776426,8.421168,-0.026700,0.003327,-0.004142
200436190.000,YYQ,recording,knock_twice_right,7,0.589776,4.811119,8.522252,-0.035581,0.009655,-0.007250
200436200.000,YYQ,recording,knock_twice_right,7,0.604619,4.806279,8.610954,-0.038272,0.010033,-0.009862
200436210.000,YYQ,recording,knock_twice_right,7,0.583268,4.823114,8.676990,-0.035885,0.005450,-0.012468
200436220.000,YYQ,recording,knock_twice_right,7,0.603273,4.775218,8.709197,-0.028119,-0.002812,-0.015101
200436230.000,YYQ,recording,knock_twice_right,7,0.620098,4.782098,8.744293,-0.016065,-0.013633,-0.016668
200436240.000,YYQ,recording,knock_twice_right,7,0.616241,4.776517,8.753217,-0.002016,-0.023973,-0.018154
200436250.000,YYQ,recording,knock_twice_right,7,0.623744,4.768219,8.717317,0.010395,-0.032226,-0.018888
200436260.000,YYQ,recording,knock_twice_right,7,0.601005,4.785631,8.648777,0.018774,-0.036660,-0.018927
200436270.000,YYQ,recording,knock_twice_right,7,0.620509,4.773464,8.595404,0.023668,-0.036922,-0.017534
200436280.000,YYQ,recording,knock_twice_right,7,0.648999,4.791730,8.532548,0.025015,-0.034305,-0.016200
200436290.000,YYQ,recording,knock_twice_right,7,0.640903,4.779463,8.507576,0.022709,-0.031230,-0.015300
200436300.000,YYQ,recording,knock_twice_right,7,0.606329,4.789097,8.523402,0.020516,-0.029435,-0.013529
200436310.000,YYQ,recording,knock_twice_right,7,0.577695,4.795748,8.511709,0.019762,-0.029202,-0.011232
200436320.000,YYQ,recording,knock_twice_right,7,0.601105,4.778909,8.525034,0.018408,-0.030012,-0.008726
200436330.000,YYQ,recording,knock_twice_right,7,0.581444,4.755137,8.527446,0.018234,-0.030473,-0.008573
200436340.000,YYQ,recording,knock_twice_right,7,0.555759,4.756651,8.524045,0.018525,-0.030390,-0.010862
200436350.000,YYQ,recording,knock_twice_right,7,0.509478,4.748340,8.479793,0.015695,-0.029496,-0.013495
200436360.000,YYQ,recording,knock_twice_right,7,0.474111,4.747083,8.449683,0.009968,-0.028468,-0.015604
200436370.000,YYQ,recording,knock_twice_right,7,0.452702,4.737713,8.438651,0.003182,-0.028221,-0.017689
200436380.000,YYQ,recording,knock_twice_right,7,0.466617,4.742194,8.458669,-0.002071,-0.028716,-0.020611
200436390.000,YYQ,recording,knock_twice_right,7,0.484326,4.762142,8.555218,-0.003977,-0.028452,-0.023470
200436400.000,YYQ,recording,knock_twice_right,7,0.484985,4.763552,8.572225,-0.001944,-0.025822,-0.026478
200436410.000,YYQ,recording,knock_twice_right,7,0.476039,4.757887,8.593333,0.002837,-0.021363,-0.029048
200436420.000,YYQ,recording,knock_twice_right,7,0.447444,4.770212,8.533969,0.005891,-0.016337,-0.028639
200436430.000,YYQ,recording,knock_twice_right,7,0.468002,4.777227,8.478640,0.002879,-0.011137,-0.026577
200436440.000,YYQ,recording,knock_twice_right,7,0.463113,4.778395,8.479503,-0.004751,-0.006687,-0.024943
200436450.000,YYQ,recording,knock_twice_right,7,0.471972,4.785555,8.568785,-0.008230,-0.003201,-0.023362
200436460.000,YYQ,recording,knock_twice_right,7,0.475372,4.787045,8.620903,-0.003291,-0.002936,-0.022586
200436470.000,YYQ,recording,knock_twice_right,7,0.459900,4.765850,8.634942,0.005143,-0.007393,-0.022272
200436480.000,YYQ,recording,knock_twice_right,7,0.428976,4.778930,8.645381,0.012720,-0.013171,-0.019978
200436490.000,YYQ,recording,knock_twice_right,7,0.465410,4.769171,8.598669,0.016054,-0.016313,-0.014876
200436500.000,YYQ,recording,knock_twice_right,7,0.482584,4.784546,8.536900,0.015189,-0.016550,-0.009468
200436510.000,YYQ,recording,knock_twice_right,7,0.574183,4.776872,8.524748,0.012855,-0.015655,-0.006017
200436520.000,YYQ,recording,knock_twice_right,7,0.594568,4.754342,8.494890,0.010557,-0.012987,-0.005841
200436530.000,YYQ,recording,knock_twice_right,7,0.604015,4.758688,8.519104,0.006723,-0.008008,-0.007086
200436540.000,YYQ,recording,knock_twice_right,7,0.577111,4.745008,8.522736,0.002548,-0.003786,-0.008031
200436550.000,YYQ,recording,knock_twice_right,7,0.575542,4.738145,8.577653,0.001867,-0.000444,-0.008738
200436560.000,YYQ,recording,knock_twice_right,7,0.575854,4.742300,8.607241,0.003973,0.004651,-0.008786
200436570.000,YYQ,recording,knock_twice_right,7,0.589688,4.755771,8.601934,0.007096,0.010285,-0.009321
200436580.000,YYQ,recording,knock_twice_right,7,0.614732,4.772953,8.618368,0.011935,0.012239,-0.011515
200436590.000,YYQ,recording,knock_twice_right,7,0.628755,4.779385,8.734754,0.022857,0.011554,-0.014891
200436600.000,YYQ,recording,knock_twice_right,7,0.584064,4.773432,8.778069,0.042264,0.009142,-0.015527
200436610.000,YYQ,recording,knock_twice_right,7,0.530561,4.747752,8.744236,0.064864,0.005407,-0.014798
200436620.000,YYQ,recording,knock_twice_right,7,0.534937,4.746253,8.630391,0.080404,0.001046,-0.014648
200436630.000,YYQ,recording,knock_twice_right,7,0.519496,4.801300,8.543393,0.086338,-0.007361,-0.013258
200436640.000,YYQ,recording,knock_twice_right,7,0.522054,4.842722,8.528855,0.087497,-0.015875,-0.012752
200436650.000,YYQ,recording,knock_twice_right,7,0.520537,4.878561,8.514371,0.087520,-0.021069,-0.013684
200436660.000,YYQ,recording,knock_twice_right,7,0.447932,4.880116,8.491573,0.088038,-0.023910,-0.015045
200436670.000,YYQ,recording,knock_twice_right,7,0.487523,4.858945,8.427071,0.087234,-0.024335,-0.016546
200436680.000,YYQ,recording,knock_twice_right,7,0.498773,4.908587,8.361514,0.078843,-0.021111,-0.019480
200436690.000,YYQ,recording,knock_twice_right,7,0.569847,4.907693,8.256699,0.059464,-0.012752,-0.026176
200436700.000,YYQ,recording,knock_twice_right,7,0.572383,4.903021,8.337469,0.035901,-0.001763,-0.031645
200436710.000,YYQ,recording,knock_twice_right,7,0.477537,4.820468,8.395882,0.017369,0.008356,-0.033352
200436720.000,YYQ,recording,knock_twice_right,7,0.548497,4.794822,8.646809,0.011734,0.017579,-0.033646
200436730.000,YYQ,recording,knock_twice_right,7,0.560108,4.758294,8.735954,0.025161,0.021210,-0.032629
200436740.000,YYQ,recording,knock_twice_right,7,0.540818,4.812621,8.829722,0.054568,0.016020,-0.031229
200436750.000,YYQ,recording,knock_twice_right,7,0.503139,4.827496,8.722909,0.088754,0.007425,-0.029165
200436760.000,YYQ,recording,knock_twice_right,7,0.521830,4.795498,8.554686,0.115191,-0.000472,-0.027016
200436770.000,YYQ,recording,knock_twice_right,7,0.502892,4.840058,8.384762,0.127739,-0.004516,-0.027609
200436780.000,YYQ,recording,knock_twice_right,7,0.551654,4.820661,8.262324,0.130183,-0.005127,-0.030009
200436790.000,YYQ,recording,knock_twice_right,7,0.555019,4.882968,8.253589,0.128550,-0.003297,-0.032386
200436800.000,YYQ,recording,knock_twice_right,7,0.485304,4.928751,8.227624,0.122108,-0.002234,-0.033249
200436810.000,YYQ,recording,knock_twice_right,7,0.467744,4.896440,8.185957,0.108270,-0.000456,-0.033020
200436820.000,YYQ,recording,knock_twice_right,7,0.486491,4.854149,8.129311,0.085192,0.004023,-0.034475
200436830.000,YYQ,recording,knock_twice_right,7,0.418217,4.922534,8.081350,0.054232,0.006682,-0.036416
200436840.000,YYQ,recording,knock_twice_right,7,0.458208,4.924305,8.126557,0.024978,0.006442,-0.037921
200436850.000,YYQ,recording,knock_twice_right,7,0.494182,4.874887,8.309283,0.009800,0.004502,-0.039157
200436860.000,YYQ,recording,knock_twice_right,7,0.529336,4.864673,8.447676,0.012166,0.002897,-0.040030
200436870.000,YYQ,recording,knock_twice_right,7,0.486429,4.922179,8.571167,0.030304,0.007068,-0.040429
200436880.000,YYQ,recording,knock_twice_right,7,0.499511,4.935620,8.698803,0.060895,0.017160,-0.038683
200436890.000,YYQ,recording,knock_twice_right,7,0.485493,5.001219,8.744649,0.100053,0.026575,-0.036034
200436900.000,YYQ,recording,knock_twice_right,7,0.592465,4.992814,8.913852,0.147771,0.026694,-0.042040
200436910.000,YYQ,recording,knock_twice_right,7,0.795832,5.022385,9.254544,0.218218,0.001297,-0.065803
200436920.000,YYQ,recording,knock_twice_right,7,1.132676,5.021752,9.865323,0.327274,-0.036953,-0.109184
200436930.000,YYQ,recording,knock_twice_right,7,1.038458,4.913908,9.581513,0.457629,-0.042999,-0.162459
200436940.000,YYQ,recording,knock_twice_right,7,0.371346,4.564208,8.431582,0.550034,-0.001426,-0.196405
200436950.000,YYQ,recording,knock_twice_right,7,-2.506414,4.406657,6.159006,0.490747,0.171357,-0.122652
200436960.000,YYQ,recording,knock_twice_right,7,-5.328939,4.511324,4.230520,0.247378,0.305782,0.073145
200436970.000,YYQ,recording,knock_twice_right,7,-0.334258,5.438497,6.633495,-0.069704,0.251490,0.341719
200436980.000,YYQ,recording,knock_twice_right,7,-0.558936,7.540502,7.124417,-0.296722,0.124692,0.559259
200436990.000,YYQ,recording,knock_twice_right,7,2.537129,5.948259,9.132996,-0.340401,-0.042759,0.615408
200437000.000,YYQ,recording,knock_twice_right,7,1.613156,5.064966,9.224468,-0.259651,-0.198264,0.598350
200437010.000,YYQ,recording,knock_twice_right,7,1.346815,4.585495,9.515923,-0.146710,-0.297376,0.575301
200437020.000,YYQ,recording,knock_twice_right,7,1.661076,4.522205,9.251329,-0.043670,-0.328030,0.526079
200437030.000,YYQ,recording,knock_twice_right,7,1.625750,4.695280,8.873957,0.031266,-0.316285,0.429447
200437040.000,YYQ,recording,knock_twice_right,7,2.124750,4.874338,8.741422,0.068575,-0.288104,0.293661
200437050.000,YYQ,recording,knock_twice_right,7,2.018300,5.029115,8.647311,0.080649,-0.233178,0.129798
200437060.000,YYQ,recording,knock_twice_right,7,1.981619,4.933260,8.468777,0.082280,-0.136884,-0.050313
200437070.000,YYQ,recording,knock_twice_right,7,1.891103,4.901495,8.344457,0.068090,-0.033013,-0.220970
200437080.000,YYQ,recording,knock_twice_right,7,1.767537,5.203645,8.072635,0.021349,0.059765,-0.365262
200437090.000,YYQ,recording,knock_twice_right,7,1.265649,5.152834,7.257898,-0.078420,0.190513,-0.472233
200437100.000,YYQ,recording,knock_twice_right,7,0.448684,4.411570,5.823604,-0.259144,0.429277,-0.539591
200437110.000,YYQ,recording,knock_twice_right,7,-0.784567,4.251827,5.156423,-0.526836,0.626550,-0.506122
200437120.000,YYQ,recording,knock_twice_right,7,-1.580190,5.721819,6.677234,-0.801247,0.621519,-0.352227
200437130.000,YYQ,recording,knock_twice_right,7,-0.384393,5.451442,8.210872,-0.950166,0.530514,-0.180879
200437140.000,YYQ,recording,knock_twice_right,7,0.252360,4.953017,9.624018,-0.909217,0.438203,-0.062551
200437150.000,YYQ,recording,knock_twice_right,7,0.687452,4.279516,10.679335,-0.710179,0.320436,0.001182
200437160.000,YYQ,recording,knock_twice_right,7,0.641057,4.229027,11.253556,-0.416801,0.187329,0.030641
200437170.000,YYQ,recording,knock_twice_right,7,0.640935,4.356296,11.351398,-0.090475,0.082218,0.035323
200437180.000,YYQ,recording,knock_twice_right,7,0.515577,4.282974,10.711640,0.202333,0.019029,0.023204
200437190.000,YYQ,recording,knock_twice_right,7,0.231872,4.276743,9.796263,0.412784,-0.029897,-0.001444
200437200.000,YYQ,recording,knock_twice_right,7,0.207007,4.442644,9.338098,0.540680,-0.073579,-0.036628
200437210.000,YYQ,recording,knock_twice_right,7,0.143759,4.496531,8.873972,0.607212,-0.081818,-0.073016
200437220.000,YYQ,recording,knock_twice_right,7,-1.507583,4.321522,7.509220,0.566131,0.090815,-0.059742
200437230.000,YYQ,recording,knock_twice_right,7,-5.720011,3.996058,4.520766,0.365420,0.216866,0.008307
200437240.000,YYQ,recording,knock_twice_right,7,-0.184944,4.509746,7.161541,0.077852,0.058134,0.148929
200437250.000,YYQ,recording,knock_twice_right,7,-0.558761,7.299304,8.019866,-0.130251,-0.166455,0.295390
200437260.000,YYQ,recording,knock_twice_right,7,2.848111,6.189187,9.923318,-0.159329,-0.350615,0.335303
200437270.000,YYQ,recording,knock_twice_right,7,1.836110,4.923161,9.727170,-0.051818,-0.488616,0.328582
200437280.000,YYQ,recording,knock_twice_right,7,2.216075,4.699834,10.057465,0.115189,-0.555719,0.299023
200437290.000,YYQ,recording,knock_twice_right,7,2.758854,4.717827,9.835377,0.289104,-0.501257,0.212400
200437300.000,YYQ,recording,knock_twice_right,7,2.531841,4.917568,9.012060,0.410014,-0.333658,0.071917
200437310.000,YYQ,recording,knock_twice_right,7,2.217835,4.851059,8.389882,0.435562,-0.135999,-0.088700
200437320.000,YYQ,recording,knock_twice_right,7,1.573276,5.285604,7.820192,0.372938,0.062725,-0.215557
200437330.000,YYQ,recording,knock_twice_right,7,0.985657,5.859003,6.964002,0.212411,0.223963,-0.264941
200437340.000,YYQ,recording,knock_twice_right,7,-0.104026,6.005917,6.519603,-0.030064,0.243216,-0.276677
200437350.000,YYQ,recording,knock_twice_right,7,0.065455,4.594182,6.897798,-0.249144,0.263262,-0.327197
200437360.000,YYQ,recording,knock_twice_right,7,0.106395,3.877640,6.887830,-0.370657,0.404922,-0.368021
200437370.000,YYQ,recording,knock_twice_right,7,-0.592429,5.128710,8.005753,-0.414689,0.463468,-0.321612
200437380.000,YYQ,recording,knock_twice_right,7,0.004283,5.415483,9.139291,-0.393192,0.356466,-0.229186
200437390.000,YYQ,recording,knock_twice_right,7,0.355019,4.987497,9.792013,-0.285816,0.212225,-0.151272
200437400.000,YYQ,recording,knock_twice_right,7,-0.012076,4.633448,9.655663,-0.127980,0.080549,-0.092698
200437410.000,YYQ,recording,knock_twice_right,7,-0.259409,4.507286,9.362453,0.014448,-0.057769,-0.032944
200437420.000,YYQ,recording,knock_twice_right,7,-0.273691,4.613797,8.987500,0.107415,-0.163890,0.030030
200437430.000,YYQ,recording,knock_twice_right,7,-0.052471,4.755891,8.529677,0.139434,-0.206043,0.082774
200437440.000,YYQ,recording,knock_twice_right,7,0.041121,4.888924,8.069126,0.114981,-0.198123,0.119693
200437450.000,YYQ,recording,knock_twice_right,7,0.171299,4.912097,7.809593,0.050566,-0.158945,0.143983
200437460.000,YYQ,recording,knock_twice_right,7,0.313669,4.921710,7.744523,-0.035140,-0.107930,0.155315
200437470.000,YYQ,recording,knock_twice_right,7,0.529498,4.964582,7.967297,-0.116390,-0.060895,0.149897
200437480.000,YYQ,recording,knock_twice_right,7,0.700959,4.922813,8.275740,-0.169963,-0.022253,0.128127
200437490.000,YYQ,recording,knock_twice_right,7,0.652559,4.833935,8.372927,-0.192706,0.003097,0.098152
200437500.000,YYQ,recording,knock_twice_right,7,0.636629,4.819723,8.589933,-0.188145,0.011285,0.066443
200437510.000,YYQ,recording,knock_twice_right,7,0.596553,4.778610,8.794356,-0.159345,0.010286,0.034819
200437520.000,YYQ,recording,knock_twice_right,7,0.569923,4.822767,8.746987,-0.116985,0.008736,0.005772
200437530.000,YYQ,recording,knock_twice_right,7,0.279499,4.918155,8.605862,-0.078886,0.005283,-0.016637
200437540.000,YYQ,recording,knock_twice_right,7,0.047616,4.989714,8.490205,-0.056103,-0.005787,-0.027666
200437550.000,YYQ,recording,knock_twice_right,7,-0.027018,4.904310,8.515825,-0.043094,-0.024841,-0.026787
200437560.000,YYQ,recording,knock_twice_right,7,0.121673,4.841677,8.569137,-0.031609,-0.042032,-0.023115
200437570.000,YYQ,recording,knock_twice_right,7,0.263889,4.802059,8.648604,-0.019485,-0.049931,-0.022314
200437580.000,YYQ,recording,knock_twice_right,7,0.351494,4.802616,8.566681,-0.008063,-0.052284,-0.021081
200437590.000,YYQ,recording,knock_twice_right,7,0.338043,4.789280,8.543876,-0.000112,-0.053661,-0.018227
200437600.000,YYQ,recording,knock_twice_right,7,0.465004,4.754628,8.510518,0.005423,-0.056764,-0.016719
200437610.000,YYQ,recording,knock_twice_right,7,0.494039,4.781006,8.569767,0.013158,-0.060315,-0.017735
200437620.000,YYQ,recording,knock_twice_right,7,0.478006,4.804714,8.564976,0.024753,-0.060973,-0.020589
200437630.000,YYQ,recording,knock_twice_right,7,0.474000,4.796707,8.500531,0.034492,-0.060804,-0.023994
200437640.000,YYQ,recording,knock_twice_right,7,0.460615,4.797042,8.408956,0.036351,-0.057145,-0.026231
200437650.000,YYQ,recording,knock_twice_right,7,0.412625,4.834887,8.304360,0.026598,-0.047204,-0.026692
200437660.000,YYQ,recording,knock_twice_right,7,0.394377,4.877923,8.273909,0.004691,-0.036723,-0.027067
200437670.000,YYQ,recording,knock_twice_right,7,0.376113,4.896296,8.283406,-0.020979,-0.028367,-0.027529
200437680.000,YYQ,recording,knock_twice_right,7,0.388116,4.893844,8.371637,-0.042394,-0.021181,-0.025306
200437690.000,YYQ,recording,knock_twice_right,7,0.389160,4.910057,8.427757,-0.054948,-0.016643,-0.019386
200437700.000,YYQ,recording,knock_twice_right,7,0.399046,4.866627,8.500917,-0.057731,-0.023059,-0.011064
200437710.000,YYQ,recording,knock_twice_right,7,0.369142,4.898447,8.637657,-0.048354,-0.044705,-0.002773
200437720.000,YYQ,recording,knock_twice_right,7,0.407620,4.827108,8.734210,-0.023059,-0.075947,0.003959
200437730.000,YYQ,recording,knock_twice_right,7,0.492975,4.783454,8.777463,0.012711,-0.107571,0.008223
200437740.000,YYQ,recording,knock_twice_right,7,0.430362,4.783340,8.668023,0.045261,-0.124871,0.013413
200437750.000,YYQ,recording,knock_twice_right,7,0.375478,4.821943,8.470040,0.059993,-0.122151,0.022298
200437760.000,YYQ,recording,knock_twice_right,7,0.382188,4.821893,8.314156,0.052252,-0.110444,0.032900
200437770.000,YYQ,recording,knock_twice_right,7,0.382448,4.882653,8.299186,0.029244,-0.100164,0.041984
200437780.000,YYQ,recording,knock_twice_right,7,0.464164,4.905691,8.310782,0.003987,-0.095612,0.045199
200437790.000,YYQ,recording,knock_twice_right,7,0.488679,4.899329,8.380578,-0.017618,-0.098415,0.041710
200437800.000,YYQ,recording,knock_twice_right,7,0.515905,4.906530,8.477969,-0.032519,-0.102480,0.034374
200437810.000,YYQ,recording,knock_twice_right,7,0.534023,4.895245,8.528757,-0.039057,-0.106657,0.025940
200437820.000,YYQ,recording,knock_twice_right,7,0.509524,4.906243,8.562382,-0.039492,-0.116325,0.018233
200437830.000,YYQ,recording,knock_twice_right,7,0.508659,4.912220,8.662958,-0.031436,-0.126656,0.012344
200437840.000,YYQ,recording,knock_twice_right,7,0.547458,4.895496,8.774635,-0.015739,-0.132769,0.009344
200437850.000,YYQ,recording,knock_twice_right,7,0.551445,4.844216,8.822170,0.008764,-0.136257,0.007528
200437860.000,YYQ,recording,knock_twice_right,7,0.637960,4.820736,8.912244,0.041207,-0.133714,0.005068
200437870.000,YYQ,recording,knock_twice_right,7,0.647091,4.803187,8.739626,0.070381,-0.125501,0.003538
200437880.000,YYQ,recording,knock_twice_right,7,0.644938,4.843652,8.503090,0.082126,-0.123018,0.003682
200437890.000,YYQ,recording,knock_twice_right,7,0.690061,4.911795,8.272494,0.071302,-0.132106,0.006324
200437900.000,YYQ,recording,knock_twice_right,7,0.639122,4.931855,8.251562,0.045142,-0.149619,0.014865
200437910.000,YYQ,recording,knock_twice_right,7,0.611211,4.833028,8.309562,0.015627,-0.171503,0.029273
200437920.000,YYQ,recording,knock_twice_right,7,0.639367,4.804848,8.402422,-0.003516,-0.194424,0.046506
200437930.000,YYQ,recording,knock_twice_right,7,0.673022,4.848051,8.628871,-0.001988,-0.217639,0.062695
200437940.000,YYQ,recording,knock_twice_right,7,0.827633,4.708432,8.706083,0.021188,-0.243431,0.080305
200437950.000,YYQ,recording,knock_twice_right,7,0.870309,4.655778,8.669578,0.047318,-0.269298,0.107556
200437960.000,YYQ,recording,knock_twice_right,7,0.765986,4.871173,8.362075,0.054900,-0.277559,0.126216
200437970.000,YYQ,recording,knock_twice_right,7,0.740066,4.996319,8.153746,0.045180,-0.259810,0.116594
200437980.000,YYQ,recording,knock_twice_right,7,0.813881,4.838975,8.075015,0.030613,-0.233257,0.099181
200437990.000,YYQ,recording,knock_twice_right,7,0.788194,4.810696,8.106501,0.013486,-0.212002,0.094496
200438000.000,YYQ,recording,knock_twice_right,7,0.883400,4.825006,8.128700,-0.008922,-0.190652,0.093782
200438010.000,YYQ,recording,knock_twice_right,7,0.991725,4.851812,8.189423,-0.032510,-0.157270,0.085686
200438020.000,YYQ,recording,knock_twice_right,7,0.982576,4.807206,8.255431,-0.052229,-0.108466,0.072964
200438030.000,YYQ,recording,knock_twice_right,7,1.020951,4.773200,8.275817,-0.068087,-0.053076,0.060482
200438040.000,YYQ,recording,knock_twice_right,7,1.034553,4.796169,8.303210,-0.081035,-0.003079,0.049285
200438050.000,YYQ,recording,knock_twice_right,7,1.062275,4.785364,8.312274,-0.090441,0.036933,0.038181
200438060.000,YYQ,recording,knock_twice_right,7,1.085762,4.807989,8.337389,-0.098318,0.069950,0.024579
200438070.000,YYQ,recording,knock_twice_right,7,1.047246,4.823833,8.405325,-0.105084,0.093531,0.011214
200438080.000,YYQ,recording,knock_twice_right,7,0.959213,4.809301,8.497172,-0.105873,0.103029,0.002556
200438090.000,YYQ,recording,knock_twice_right,7,0.936517,4.813259,8.601680,-0.097635,0.112667,-0.001575
200438100.000,YYQ,recording,knock_twice_right,7,0.942696,4.825653,8.655620,-0.084538,0.127889,-0.004122
200438110.000,YYQ,recording,knock_twice_right,7,0.968645,4.805834,8.642479,-0.073778,0.136284,-0.008560
200438120.000,YYQ,recording,knock_twice_right,7,0.972624,4.836392,8.648074,-0.066024,0.137059,-0.014424
200438130.000,YYQ,recording,knock_twice_right,7,0.957543,4.826921,8.675463,-0.055906,0.133684,-0.020643
200438140.000,YYQ,recording,knock_twice_right,7,0.960615,4.797512,8.684493,-0.041765,0.125248,-0.027238
200438150.000,YYQ,recording,knock_twice_right,7,0.886194,4.833409,8.691506,-0.024764,0.116146,-0.031840
200438160.000,YYQ,recording,knock_twice_right,7,0.874792,4.772717,8.654542,-0.008391,0.110891,-0.034204
200438170.000,YYQ,recording,knock_twice_right,7,0.836631,4.779691,8.537351,0.000327,0.106986,-0.034397
200438180.000,YYQ,recording,knock_twice_right,7,0.806836,4.782588,8.430727,-0.005217,0.100775,-0.029445
200438190.000,YYQ,recording,knock_twice_right,7,0.788851,4.812925,8.393909,-0.019031,0.093470,-0.022291
200438200.000,YYQ,recording,knock_twice_right,7,0.760323,4.842388,8.459401,-0.026260,0.089304,-0.018144
200438210.000,YYQ,recording,knock_twice_right,8,0.756182,4.724676,8.493439,-0.025131,0.082887,-0.016637
200438220.000,YYQ,recording,knock_twice_right,8,0.768356,4.758990,8.502028,-0.023193,0.071918,-0.014971
200438230.000,YYQ,recording,knock_twice_right,8,0.723288,4.786443,8.506182,-0.024183,0.059707,-0.011675
200438240.000,YYQ,recording,knock_twice_right,8,0.764520,4.808520,8.615201,-0.021628,0.044708,-0.007771
200438250.000,YYQ,recording,knock_twice_right,8,0.813313,4.773576,8.722338,-0.007806,0.030363,-0.005826
200438260.000,YYQ,recording,knock_twice_right,8,0.833989,4.756859,8.706149,0.012827,0.017456,-0.007484
200438270.000,YYQ,recording,knock_twice_right,8,0.785373,4.749520,8.589532,0.028753,0.003891,-0.009922
200438280.000,YYQ,recording,knock_twice_right,8,0.713864,4.742349,8.484151,0.031741,-0.005775,-0.009495
200438290.000,YYQ,recording,knock_twice_right,8,0.723851,4.772857,8.399530,0.023563,-0.008838,-0.007145
200438300.000,YYQ,recording,knock_twice_right,8,0.717606,4.767335,8.381990,0.010946,-0.006599,-0.005886
200438310.000,YYQ,recording,knock_twice_right,8,0.766959,4.775146,8.401618,-0.001150,-0.000009,-0.007293
200438320.000,YYQ,recording,knock_twice_right,8,0.733170,4.765440,8.438937,-0.009446,0.008956,-0.009527
200438330.000,YYQ,recording,knock_twice_right,8,0.682327,4.739790,8.441680,-0.015384,0.018100,-0.009829
200438340.000,YYQ,recording,knock_twice_right,8,0.634373,4.751953,8.397540,-0.024140,0.023917,-0.009555
200438350.000,YYQ,recording,knock_twice_right,8,0.648036,4.763923,8.378689,-0.037093,0.024042,-0.009392
200438360.000,YYQ,recording,knock_twice_right,8,0.678636,4.786417,8.443537,-0.048349,0.017458,-0.010155
200438370.000,YYQ,recording,knock_twice_right,8,0.701382,4.755312,8.593340,-0.048492,0.004246,-0.012493
200438380.000,YYQ,recording,knock_twice_right,8,0.697437,4.749498,8.725889,-0.035481,-0.008624,-0.015374
200438390.000,YYQ,recording,knock_twice_right,8,0.674930,4.724824,8.748059,-0.014880,-0.018917,-0.016816
200438400.000,YYQ,recording,knock_twice_right,8,0.630062,4.746527,8.669353,0.004593,-0.028108,-0.015778
200438410.000,YYQ,recording,knock_twice_right,8,0.646249,4.751822,8.587430,0.016137,-0.033902,-0.013177
200438420.000,YYQ,recording,knock_twice_right,8,0.726755,4.767656,8.581234,0.020915,-0.032670,-0.010731
200438430.000,YYQ,recording,knock_twice_right,8,0.825476,4.763758,8.577274,0.020637,-0.022303,-0.011742
200438440.000,YYQ,recording,knock_twice_right,8,0.834673,4.770178,8.525348,0.016097,-0.005993,-0.015222
200438450.000,YYQ,recording,knock_twice_right,8,0.806714,4.758428,8.453407,0.007596,0.009403,-0.016797
200438460.000,YYQ,recording,knock_twice_right,8,0.767038,4.752979,8.451191,-0.004154,0.021434,-0.016302
200438470.000,YYQ,recording,knock_twice_right,8,0.712521,4.773054,8.417084,-0.016367,0.031963,-0.012930
200438480.000,YYQ,recording,knock_twice_right,8,0.684548,4.747645,8.461444,-0.023691,0.038130,-0.007818
200438490.000,YYQ,recording,knock_twice_right,8,0.702849,4.737174,8.469826,-0.025811,0.040813,-0.004136
200438500.000,YYQ,recording,knock_twice_right,8,0.696696,4.740768,8.478836,-0.026502,0.042445,-0.001091
200438510.000,YYQ,recording,knock_twice_right,8,0.720493,4.724938,8.446081,-0.027861,0.039118,0.000885
200438520.000,YYQ,recording,knock_twice_right,8,0.738883,4.736742,8.491587,-0.028863,0.030576,0.001782
200438530.000,YYQ,recording,knock_twice_right,8,0.747460,4.722064,8.523611,-0.026055,0.021973,0.002156
200438540.000,YYQ,recording,knock_twice_right,8,0.749963,4.726970,8.528234,-0.020845,0.015641,0.000137
200438550.000,YYQ,recording,knock_twice_right,8,0.714023,4.722355,8.522169,-0.016265,0.012981,-0.001848
200438560.000,YYQ,recording,knock_twice_right,8,0.711267,4.713531,8.501258,-0.015716,0.017129,-0.000607
200438570.000,YYQ,recording,knock_twice_right,8,0.718840,4.752110,8.452232,-0.020663,0.026432,0.001590
200438580.000,YYQ,recording,knock_twice_right,8,0.757942,4.739896,8.406535,-0.029443,0.038385,0.004070
200438590.000,YYQ,recording,knock_twice_right,8,0.762077,4.763983,8.414732,-0.040773,0.051468,0.005289
200438600.000,YYQ,recording,knock_twice_right,8,0.740075,4.745227,8.414943,-0.052732,0.060630,0.004435
200438610.000,YYQ,recording,knock_twice_right,8,0.723151,4.730168,8.469902,-0.061053,0.060447,0.003313
200438620.000,YYQ,recording,knock_twice_right,8,0.704752,4.681241,8.586906,-0.059663,0.052058,0.001142
200438630.000,YYQ,recording,knock_twice_right,8,0.671511,4.668039,8.697097,-0.046296,0.040067,-0.002431
200438640.000,YYQ,recording,knock_twice_right,8,0.682869,4.646391,8.710281,-0.026148,0.023129,-0.006201
200438650.000,YYQ,recording,knock_twice_right,8,0.714587,4.650527,8.710124,-0.005006,0.006068,-0.008571
200438660.000,YYQ,recording,knock_twice_right,8,0.721907,4.687886,8.668373,0.012657,-0.002753,-0.010447
200438670.000,YYQ,recording,knock_twice_right,8,0.724438,4.713624,8.566668,0.021573,-0.006437,-0.013514
200438680.000,YYQ,recording,knock_twice_right,8,0.712582,4.718291,8.503524,0.020934,-0.005760,-0.015664
200438690.000,YYQ,recording,knock_twice_right,8,0.700421,4.761416,8.447152,0.011543,0.000015,-0.016341
200438700.000,YYQ,recording,knock_twice_right,8,0.698710,4.794362,8.407001,-0.003956,0.007561,-0.016301
200438710.000,YYQ,recording,knock_twice_right,8,0.696047,4.767658,8.391737,-0.020361,0.019219,-0.014884
200438720.000,YYQ,recording,knock_twice_right,8,0.695297,4.775274,8.420879,-0.037371,0.034472,-0.012463
200438730.000,YYQ,recording,knock_twice_right,8,0.713611,4.729527,8.411963,-0.054429,0.048961,-0.010668
200438740.000,YYQ,recording,knock_twice_right,8,0.651797,4.779900,8.424001,-0.072566,0.061390,-0.009579
200438750.000,YYQ,recording,knock_twice_right,8,0.616620,4.738438,8.417087,-0.093223,0.067048,-0.007726
200438760.000,YYQ,recording,knock_twice_right,8,0.556431,4.723560,8.392253,-0.116828,0.065501,-0.005676
200438770.000,YYQ,recording,knock_twice_right,8,0.547963,4.707833,8.351884,-0.145179,0.059629,-0.002488
200438780.000,YYQ,recording,knock_twice_right,8,0.536422,4.666359,8.296916,-0.177051,0.037719,0.004328
200438790.000,YYQ,recording,knock_twice_right,8,0.617209,4.648543,8.327304,-0.209195,0.000225,0.009556
200438800.000,YYQ,recording,knock_twice_right,8,0.627569,4.718567,8.554283,-0.234670,-0.034090,0.008406
200438810.000,YYQ,recording,knock_twice_right,8,0.536149,4.671400,8.862500,-0.239262,-0.053431,0.007107
200438820.000,YYQ,recording,knock_twice_right,8,0.529687,4.590006,9.133728,-0.210829,-0.050091,0.008978
200438830.000,YYQ,recording,knock_twice_right,8,0.540970,4.567584,9.241232,-0.155957,-0.030789,0.009318
200438840.000,YYQ,recording,knock_twice_right,8,0.621326,4.617658,9.172314,-0.090146,-0.013299,0.009862
200438850.000,YYQ,recording,knock_twice_right,8,0.699301,4.577145,9.081466,-0.025294,-0.005589,0.013712
200438860.000,YYQ,recording,knock_twice_right,8,0.815649,4.578812,8.942485,0.028526,-0.006356,0.014492
200438870.000,YYQ,recording,knock_twice_right,8,0.826712,4.568606,8.771788,0.061357,-0.012455,0.008319
200438880.000,YYQ,recording,knock_twice_right,8,0.728536,4.545783,8.627112,0.069635,-0.017933,0.000466
200438890.000,YYQ,recording,knock_twice_right,8,0.654177,4.551472,8.536980,0.060292,-0.016972,-0.004512
200438900.000,YYQ,recording,knock_twice_right,8,0.642928,4.565895,8.507325,0.042378,-0.010576,-0.007525
200438910.000,YYQ,recording,knock_twice_right,8,0.641072,4.597135,8.515268,0.022239,-0.002193,-0.009698
200438920.000,YYQ,recording,knock_twice_right,8,0.603790,4.599119,8.562511,0.006317,0.004151,-0.010179
200438930.000,YYQ,recording,knock_twice_right,8,0.586117,4.608742,8.579236,-0.001376,0.005727,-0.010014
200438940.000,YYQ,recording,knock_twice_right,8,0.592812,4.565742,8.592684,-0.002103,0.004251,-0.009893
200438950.000,YYQ,recording,knock_twice_right,8,0.594426,4.577201,8.605499,0.000964,0.000369,-0.007395
200438960.000,YYQ,recording,knock_twice_right,8,0.594379,4.567941,8.610894,0.006506,-0.006592,-0.003266
200438970.000,YYQ,recording,knock_twice_right,8,0.624906,4.553925,8.674080,0.016450,-0.015934,-0.000352
200438980.000,YYQ,recording,knock_twice_right,8,0.653592,4.562298,8.699598,0.030070,-0.026083,0.001237
200438990.000,YYQ,recording,knock_twice_right,8,0.662473,4.531262,8.715122,0.042937,-0.035437,0.002199
200439000.000,YYQ,recording,knock_twice_right,8,0.680386,4.577098,8.676424,0.051319,-0.039128,0.002908
200439010.000,YYQ,recording,knock_twice_right,8,0.647410,4.594170,8.606170,0.052347,-0.034517,0.004056
200439020.000,YYQ,recording,knock_twice_right,8,0.675675,4.587799,8.548925,0.046080,-0.025967,0.005744
200439030.000,YYQ,recording,knock_twice_right,8,0.702021,4.619441,8.497253,0.035448,-0.016121,0.005791
200439040.000,YYQ,recording,knock_twice_right,8,0.682665,4.628846,8.482272,0.022366,-0.006349,0.005127
200439050.000,YYQ,recording,knock_twice_right,8,0.682399,4.609859,8.486472,0.010108,0.001388,0.004500
200439060.000,YYQ,recording,knock_twice_right,8,0.645610,4.636440,8.498532,-0.000675,0.007737,0.003934
200439070.000,YYQ,recording,knock_twice_right,8,0.640332,4.623862,8.473790,-0.011296,0.012937,0.005016
200439080.000,YYQ,recording,knock_twice_right,8,0.608589,4.617083,8.509036,-0.020029,0.013766,0.007308
200439090.000,YYQ,recording,knock_twice_right,8,0.638379,4.603877,8.585889,-0.022784,0.010311,0.008232
200439100.000,YYQ,recording,knock_twice_right,8,0.652955,4.625971,8.639023,-0.016611,0.005888,0.007753
200439110.000,YYQ,recording,knock_twice_right,8,0.641886,4.596500,8.647925,-0.005892,0.001794,0.006879
200439120.000,YYQ,recording,knock_twice_right,8,0.652723,4.582073,8.642824,0.004219,0.000637,0.006438
200439130.000,YYQ,recording,knock_twice_right,8,0.651489,4.560987,8.582184,0.010974,0.002197,0.006252
200439140.000,YYQ,recording,knock_twice_right,8,0.687602,4.571952,8.534708,0.011306,0.002596,0.004545
200439150.000,YYQ,recording,knock_twice_right,8,0.687327,4.602765,8.516300,0.005833,0.001308,0.001958
200439160.000,YYQ,recording,knock_twice_right,8,0.702050,4.613833,8.532416,-0.000460,-0.001053,-0.000700
200439170.000,YYQ,recording,knock_twice_right,8,0.713996,4.589581,8.587825,-0.004909,-0.002811,-0.003368
200439180.000,YYQ,recording,knock_twice_right,8,0.715583,4.608951,8.606866,-0.007482,-0.003353,-0.005752
200439190.000,YYQ,recording,knock_twice_right,8,0.715289,4.617025,8.616650,-0.007531,-0.003795,-0.006631
200439200.000,YYQ,recording,knock_twice_right,8,0.734576,4.618747,8.699455,-0.003845,-0.004836,-0.006132
200439210.000,YYQ,recording,knock_twice_right,8,0.748881,4.599899,8.704901,0.003389,-0.007581,-0.006069
200439220.000,YYQ,recording,knock_twice_right,8,0.755275,4.606598,8.711395,0.013151,-0.012570,-0.006360
200439230.000,YYQ,recording,knock_twice_right,8,0.723408,4.603495,8.671800,0.020244,-0.019531,-0.006240
200439240.000,YYQ,recording,knock_twice_right,8,0.726462,4.621462,8.605757,0.022132,-0.025236,-0.005611
200439250.000,YYQ,recording,knock_twice_right,8,0.732240,4.619991,8.551540,0.020226,-0.026816,-0.004446
200439260.000,YYQ,recording,knock_twice_right,8,0.730669,4.630276,8.507347,0.014974,-0.024013,-0.003027
200439270.000,YYQ,recording,knock_twice_right,8,0.747172,4.634095,8.494506,0.008108,-0.017448,-0.002316
200439280.000,YYQ,recording,knock_twice_right,8,0.754227,4.626701,8.468996,0.000590,-0.009100,-0.002309
200439290.000,YYQ,recording,knock_twice_right,8,0.727294,4.612119,8.458237,-0.007754,0.000235,-0.001794
200439300.000,YYQ,recording,knock_twice_right,8,0.706984,4.640223,8.486703,-0.016791,0.008400,-0.002042
200439310.000,YYQ,recording,knock_twice_right,8,0.691549,4.629500,8.549152,-0.021795,0.012294,-0.002787
200439320.000,YYQ,recording,knock_twice_right,8,0.705077,4.601750,8.653499,-0.019834,0.011702,-0.004252
200439330.000,YYQ,recording,knock_twice_right,8,0.710457,4.600713,8.691074,-0.013480,0.008120,-0.006666
200439340.000,YYQ,recording,knock_twice_right,8,0.688369,4.598666,8.668327,-0.006571,0.002367,-0.008446
200439350.000,YYQ,recording,knock_twice_right,8,0.707922,4.636558,8.676969,-0.001300,-0.003010,-0.009532
200439360.000,YYQ,recording,knock_twice_right,8,0.671400,4.646983,8.709605,0.003589,-0.006956,-0.009473
200439370.000,YYQ,recording,knock_twice_right,8,0.665842,4.645324,8.726573,0.008970,-0.010420,-0.007997
200439380.000,YYQ,recording,knock_twice_right,8,0.668948,4.650117,8.744117,0.015171,-0.011809,-0.005283
200439390.000,YYQ,recording,knock_twice_right,8,0.699529,4.674976,8.703404,0.019622,-0.011790,-0.001425
200439400.000,YYQ,recording,knock_twice_right,8,0.669334,4.709246,8.658802,0.020299,-0.012787,0.002439
200439410.000,YYQ,recording,knock_twice_right,8,0.668295,4.711061,8.660612,0.019533,-0.014456,0.005406
200439420.000,YYQ,recording,knock_twice_right,8,0.658990,4.692227,8.639321,0.019905,-0.015042,0.007330
200439430.000,YYQ,recording,knock_twice_right,8,0.693049,4.664541,8.653216,0.023190,-0.013863,0.007650
200439440.000,YYQ,recording,knock_twice_right,8,0.699330,4.669249,8.630683,0.027179,-0.011273,0.006879
200439450.000,YYQ,recording,knock_twice_right,8,0.700756,4.671032,8.614354,0.029148,-0.009355,0.003985
200439460.000,YYQ,recording,knock_twice_right,8,0.683952,4.654906,8.573877,0.029675,-0.007952,-0.000024
200439470.000,YYQ,recording,knock_twice_right,8,0.718871,4.644796,8.596440,0.030129,-0.006201,-0.002580
200439480.000,YYQ,recording,knock_twice_right,8,0.698309,4.636999,8.594691,0.030074,-0.005048,-0.003996
200439490.000,YYQ,recording,knock_twice_right,8,0.698020,4.608765,8.572725,0.027842,-0.003986,-0.005421
200439500.000,YYQ,recording,knock_twice_right,8,0.688351,4.604838,8.571897,0.022762,-0.001838,-0.006960
200439510.000,YYQ,recording,knock_twice_right,8,0.695416,4.607181,8.539078,0.017372,0.000920,-0.007429
200439520.000,YYQ,recording,knock_twice_right,8,0.695711,4.597796,8.552533,0.015022,0.002303,-0.007319
200439530.000,YYQ,recording,knock_twice_right,8,0.691834,4.588753,8.586745,0.016557,0.000956,-0.006949
200439540.000,YYQ,recording,knock_twice_right,8,0.683670,4.590280,8.611005,0.021373,-0.002596,-0.006759
200439550.000,YYQ,recording,knock_twice_right,8,0.670030,4.580476,8.595952,0.029125,-0.007474,-0.007490
200439560.000,YYQ,recording,knock_twice_right,8,0.672294,4.631249,8.529054,0.035003,-0.010757,-0.007384
200439570.000,YYQ,recording,knock_twice_right,8,0.676315,4.660110,8.452409,0.031712,-0.010869,-0.006430
200439580.000,YYQ,recording,knock_twice_right,8,0.706852,4.643323,8.423573,0.017986,-0.008232,-0.006193
200439590.000,YYQ,recording,knock_twice_right,8,0.720044,4.625808,8.458010,0.000787,-0.002972,-0.004779
200439600.000,YYQ,recording,knock_twice_right,8,0.711111,4.639019,8.571640,-0.009692,0.003039,-0.001530
200439610.000,YYQ,recording,knock_twice_right,8,0.735605,4.632710,8.693047,-0.009081,0.007367,0.001256
200439620.000,YYQ,recording,knock_twice_right,8,0.730111,4.605500,8.752826,-0.000124,0.007984,0.001202
200439630.000,YYQ,recording,knock_twice_right,8,0.745712,4.628549,8.708397,0.011583,0.006383,0.000156
200439640.000,YYQ,recording,knock_twice_right,8,0.700513,4.621806,8.645567,0.021795,0.004666,0.000677
200439650.000,YYQ,recording,knock_twice_right,8,0.698683,4.651215,8.574680,0.028549,0.001919,0.001613
200439660.000,YYQ,recording,knock_twice_right,8,0.696646,4.645678,8.565652,0.031336,-0.000303,0.000451
200439670.000,YYQ,recording,knock_twice_right,8,0.680008,4.670498,8.598011,0.032426,0.000009,-0.002450
200439680.000,YYQ,recording,knock_twice_right,8,0.621066,4.635413,8.620716,0.033950,0.001173,-0.003979
200439690.000,YYQ,recording,knock_twice_right,8,0.606630,4.628761,8.579433,0.033391,0.001509,-0.002965
200439700.000,YYQ,recording,knock_twice_right,8,0.643468,4.612190,8.547865,0.026959,0.001867,-0.000939
200439710.000,YYQ,recording,knock_twice_right,8,0.660198,4.661732,8.531185,0.015747,0.001513,0.000905
200439720.000,YYQ,recording,knock_twice_right,8,0.665912,4.681689,8.535416,0.006714,-0.000885,0.000971
200439730.000,YYQ,recording,knock_twice_right,8,0.684128,4.697069,8.569176,0.003064,-0.005742,0.000611
200439740.000,YYQ,recording,knock_twice_right,8,0.712378,4.674904,8.590240,0.003558,-0.010191,0.001507
200439750.000,YYQ,recording,knock_twice_right,8,0.716428,4.665939,8.621374,0.009239,-0.011494,0.002305
200439760.000,YYQ,recording,knock_twice_right,8,0.723962,4.667695,8.654246,0.018914,-0.010538,0.003763
200439770.000,YYQ,recording,knock_twice_right,8,0.695539,4.656761,8.595816,0.028249,-0.008019,0.004807
200439780.000,YYQ,recording,knock_twice_right,8,0.728503,4.626921,8.528685,0.032193,-0.006696,0.005285
200439790.000,YYQ,recording,knock_twice_right,8,0.707723,4.627095,8.486654,0.029911,-0.008050,0.006289
200439800.000,YYQ,recording,knock_twice_right,8,0.727583,4.616377,8.500519,0.025369,-0.010819,0.005733
200439810.000,YYQ,recording,knock_twice_right,8,0.739244,4.618139,8.502771,0.021688,-0.011704,0.002895
200439820.000,YYQ,recording,knock_twice_right,8,0.767259,4.640723,8.498519,0.019971,-0.009523,-0.001362
200439830.000,YYQ,recording,knock_twice_right,8,0.746757,4.652868,8.479137,0.017908,-0.004165,-0.004622
200439840.000,YYQ,recording,knock_twice_right,8,0.739336,4.645146,8.410405,0.011679,0.003014,-0.005315
200439850.000,YYQ,recording,knock_twice_right,8,0.758043,4.685541,8.392710,0.001522,0.008803,-0.005464
200439860.000,YYQ,recording,knock_twice_right,8,0.786724,4.685430,8.473227,-0.008859,0.014773,-0.006338
200439870.000,YYQ,recording,knock_twice_right,8,0.776521,4.715858,8.547523,-0.015819,0.021263,-0.008733
200439880.000,YYQ,recording,knock_twice_right,8,0.734174,4.716154,8.622598,-0.018690,0.022030,-0.011095
200439890.000,YYQ,recording,knock_twice_right,8,0.711786,4.685949,8.698231,-0.015996,0.017312,-0.013326
200439900.000,YYQ,recording,knock_twice_right,8,0.735667,4.713013,8.772843,-0.007493,0.012755,-0.017665
200439910.000,YYQ,recording,knock_twice_right,8,0.748489,4.698685,8.830647,0.007937,0.010868,-0.022674
200439920.000,YYQ,recording,knock_twice_right,8,0.704820,4.698160,8.780700,0.027112,0.009595,-0.025703
200439930.000,YYQ,recording,knock_twice_right,8,0.710253,4.738152,8.673790,0.040242,0.005180,-0.027836
200439940.000,YYQ,recording,knock_twice_right,8,0.738061,4.733657,8.629924,0.045879,0.005225,-0.030465
200439950.000,YYQ,recording,knock_twice_right,8,0.758220,4.724159,8.580321,0.046212,0.016254,-0.033429
200439960.000,YYQ,recording,knock_twice_right,8,0.720116,4.716223,8.556270,0.042792,0.032235,-0.036536
200439970.000,YYQ,recording,knock_twice_right,8,0.697406,4.715188,8.631576,0.039515,0.045750,-0.038592
200439980.000,YYQ,recording,knock_twice_right,8,0.596256,4.726327,8.673661,0.042585,0.050207,-0.038987
200439990.000,YYQ,recording,knock_twice_right,8,0.560972,4.702987,8.748297,0.057911,0.044912,-0.039324
200440000.000,YYQ,recording,knock_twice_right,8,0.573533,4.688824,8.741769,0.081521,0.032695,-0.038682
200440010.000,YYQ,recording,knock_twice_right,8,0.599617,4.689323,8.635924,0.103908,0.017028,-0.037488
200440020.000,YYQ,recording,knock_twice_right,8,0.628589,4.743094,8.542075,0.116585,0.004552,-0.038218
200440030.000,YYQ,recording,knock_twice_right,8,0.655095,4.759751,8.449732,0.117958,-0.001255,-0.039010
200440040.000,YYQ,recording,knock_twice_right,8,0.721201,4.748548,8.460291,0.114334,-0.000625,-0.041280
200440050.000,YYQ,recording,knock_twice_right,8,0.718505,4.742334,8.487573,0.110931,0.004172,-0.046865
200440060.000,YYQ,recording,knock_twice_right,8,0.754542,4.748644,8.600502,0.115853,0.011136,-0.053104
200440070.000,YYQ,recording,knock_twice_right,8,0.738294,4.731125,8.710243,0.135240,0.020108,-0.058888
200440080.000,YYQ,recording,knock_twice_right,8,0.752867,4.745356,8.771236,0.166691,0.027898,-0.064941
200440090.000,YYQ,recording,knock_twice_right,8,0.836241,4.744616,8.839864,0.204892,0.031873,-0.075551
200440100.000,YYQ,recording,knock_twice_right,8,0.972144,4.806749,8.882500,0.246281,0.038964,-0.093878
200440110.000,YYQ,recording,knock_twice_right,8,0.982077,4.901446,9.031488,0.295000,0.044085,-0.125151
200440120.000,YYQ,recording,knock_twice_right,8,1.009538,4.842202,9.188869,0.353651,0.039856,-0.178649
200440130.000,YYQ,recording,knock_twice_right,8,0.674115,4.725810,8.829216,0.406137,0.050699,-0.240403
200440140.000,YYQ,recording,knock_twice_right,8,-0.082681,4.623534,8.193316,0.428738,0.087233,-0.270426
200440150.000,YYQ,recording,knock_twice_right,8,-2.286200,4.452488,7.247103,0.372483,0.224204,-0.189728
200440160.000,YYQ,recording,knock_twice_right,8,-5.287426,4.384137,6.069042,0.236295,0.305483,0.023965
200440170.000,YYQ,recording,knock_twice_right,8,-1.054229,5.164166,8.288823,0.090143,0.226955,0.339702
200440180.000,YYQ,recording,knock_twice_right,8,-0.810650,6.801431,8.148195,0.022053,0.117924,0.589783
200440190.000,YYQ,recording,knock_twice_right,8,3.296691,5.912277,9.535202,0.068108,-0.037933,0.643466
200440200.000,YYQ,recording,knock_twice_right,8,2.249485,5.791104,9.044224,0.163589,-0.225203,0.625699
200440210.000,YYQ,recording,knock_twice_right,8,1.514399,4.791456,9.097709,0.249851,-0.385258,0.615649
200440220.000,YYQ,recording,knock_twice_right,8,1.798212,4.486374,8.879927,0.314279,-0.478198,0.581647
200440230.000,YYQ,recording,knock_twice_right,8,1.851289,4.809556,8.570953,0.347775,-0.493456,0.490833
200440240.000,YYQ,recording,knock_twice_right,8,2.438896,4.817709,8.307860,0.342649,-0.440360,0.344365
200440250.000,YYQ,recording,knock_twice_right,8,2.541815,4.914988,8.168610,0.312428,-0.331527,0.158323
200440260.000,YYQ,recording,knock_twice_right,8,2.752348,5.044178,7.872487,0.264023,-0.178636,-0.053472
200440270.000,YYQ,recording,knock_twice_right,8,2.475280,5.025560,7.487706,0.187191,-0.009345,-0.267741
200440280.000,YYQ,recording,knock_twice_right,8,1.938369,5.197812,7.219127,0.073300,0.174651,-0.447784
200440290.000,YYQ,recording,knock_twice_right,8,1.013888,5.286586,6.595651,-0.083440,0.382626,-0.552964
200440300.000,YYQ,recording,knock_twice_right,8,-0.562017,5.103024,6.114654,-0.272942,0.584504,-0.561916
200440310.000,YYQ,recording,knock_twice_right,8,-0.913041,4.667303,6.242694,-0.470234,0.736821,-0.467113
200440320.000,YYQ,recording,knock_twice_right,8,-0.526050,5.374986,6.517210,-0.661110,0.811606,-0.314387
200440330.000,YYQ,recording,knock_twice_right,8,0.415764,5.476685,7.377388,-0.796022,0.795038,-0.195822
200440340.000,YYQ,recording,knock_twice_right,8,1.301183,5.182720,9.189958,-0.787425,0.714833,-0.145161
200440350.000,YYQ,recording,knock_twice_right,8,1.233938,4.759983,10.699110,-0.603401,0.621039,-0.152966
200440360.000,YYQ,recording,knock_twice_right,8,0.811563,4.432007,11.332064,-0.296771,0.506731,-0.208484
200440370.000,YYQ,recording,knock_twice_right,8,0.412778,4.196652,11.216711,0.051774,0.347530,-0.288272
200440380.000,YYQ,recording,knock_twice_right,8,-0.291135,4.151078,10.720442,0.377658,0.179929,-0.356145
200440390.000,YYQ,recording,knock_twice_right,8,-0.978258,4.181546,9.636968,0.625997,0.051076,-0.388158
200440400.000,YYQ,recording,knock_twice_right,8,-1.639125,4.312709,8.245568,0.744078,-0.025431,-0.367155
200440410.000,YYQ,recording,knock_twice_right,8,-3.588796,4.202197,5.884572,0.647980,0.098113,-0.235841
200440420.000,YYQ,recording,knock_twice_right,8,-7.774815,4.015476,2.887537,0.319283,0.177299,0.021154
200440430.000,YYQ,recording,knock_twice_right,8,-1.709152,4.910840,6.501483,-0.084013,-0.059353,0.367294
200440440.000,YYQ,recording,knock_twice_right,8,-0.184508,7.619404,7.613794,-0.345933,-0.381333,0.606548
200440450.000,YYQ,recording,knock_twice_right,8,4.186816,6.875428,10.029821,-0.374411,-0.661313,0.616471
200440460.000,YYQ,recording,knock_twice_right,8,2.292741,5.306791,10.354213,-0.213819,-0.857795,0.567370
200440470.000,YYQ,recording,knock_twice_right,8,2.425167,4.555514,10.959659,0.053990,-0.932107,0.525873
200440480.000,YYQ,recording,knock_twice_right,8,2.561663,4.752223,10.059880,0.313207,-0.886325,0.431912
200440490.000,YYQ,recording,knock_twice_right,8,2.680107,5.139884,8.720038,0.445266,-0.739187,0.279416
200440500.000,YYQ,recording,knock_twice_right,8,2.495950,5.147370,7.564722,0.411945,-0.515850,0.104371
200440510.000,YYQ,recording,knock_twice_right,8,2.205938,5.104668,6.938021,0.255536,-0.254562,-0.062306
200440520.000,YYQ,recording,knock_twice_right,8,1.861106,5.293170,6.544887,0.027896,0.028813,-0.199008
200440530.000,YYQ,recording,knock_twice_right,8,0.970331,5.564806,6.010575,-0.251801,0.313181,-0.268758
200440540.000,YYQ,recording,knock_twice_right,8,-0.393771,5.878750,5.599555,-0.565785,0.541290,-0.277556
200440550.000,YYQ,recording,knock_twice_right,8,0.115802,4.549968,6.121168,-0.847108,0.702564,-0.283879
200440560.000,YYQ,recording,knock_twice_right,8,0.288715,4.384133,7.283829,-1.017349,0.788278,-0.283322
200440570.000,YYQ,recording,knock_twice_right,8,0.224987,5.032721,8.999486,-1.042774,0.736503,-0.248679
200440580.000,YYQ,recording,knock_twice_right,8,0.408659,4.987505,10.234934,-0.920817,0.569032,-0.197902
200440590.000,YYQ,recording,knock_twice_right,8,0.211144,4.519508,10.724987,-0.686627,0.374129,-0.153993
200440600.000,YYQ,recording,knock_twice_right,8,-0.178455,4.266060,10.512650,-0.415866,0.194921,-0.116879
200440610.000,YYQ,recording,knock_twice_right,8,-0.451789,4.276230,9.980695,-0.185210,0.036040,-0.070317
200440620.000,YYQ,recording,knock_twice_right,8,-0.544538,4.472870,9.335742,-0.036984,-0.084853,-0.009722
200440630.000,YYQ,recording,knock_twice_right,8,-0.304878,4.599645,8.788174,0.023831,-0.146887,0.048858
200440640.000,YYQ,recording,knock_twice_right,8,0.091935,4.657366,8.360332,0.016363,-0.149646,0.089974
200440650.000,YYQ,recording,knock_twice_right,8,0.352783,4.680436,8.325866,-0.028406,-0.114923,0.113112
200440660.000,YYQ,recording,knock_twice_right,8,0.557655,4.688710,8.595352,-0.076174,-0.074971,0.121589
200440670.000,YYQ,recording,knock_twice_right,8,0.700725,4.733916,8.954565,-0.099390,-0.040969,0.114976
200440680.000,YYQ,recording,knock_twice_right,8,0.677699,4.653333,9.151324,-0.087884,-0.013951,0.095759
200440690.000,YYQ,recording,knock_twice_right,8,0.562478,4.633115,9.094604,-0.053172,-0.002570,0.072475
200440700.000,YYQ,recording,knock_twice_right,8,0.486219,4.702047,8.947386,-0.014385,-0.008506,0.053295
200440710.000,YYQ,recording,knock_twice_right,8,0.410141,4.793186,8.872247,0.019350,-0.021001,0.036921
200440720.000,YYQ,recording,knock_twice_right,8,0.365074,4.844035,8.773383,0.044152,-0.029344,0.021182
200440730.000,YYQ,recording,knock_twice_right,8,0.316193,4.797982,8.585566,0.055904,-0.033592,0.008354
200440740.000,YYQ,recording,knock_twice_right,8,0.260772,4.806033,8.496312,0.054736,-0.035955,0.001216
200440750.000,YYQ,recording,knock_twice_right,8,0.265602,4.744123,8.488721,0.043509,-0.035362,-0.001307
200440760.000,YYQ,recording,knock_twice_right,8,0.311997,4.691250,8.528138,0.027031,-0.031051,-0.001435
200440770.000,YYQ,recording,knock_twice_right,8,0.298604,4.654926,8.526912,0.011327,-0.027872,0.001898
200440780.000,YYQ,recording,knock_twice_right,8,0.398507,4.595842,8.542631,-0.001128,-0.031355,0.006776
200440790.000,YYQ,recording,knock_twice_right,8,0.529205,4.554745,8.581141,-0.006975,-0.042797,0.008960
200440800.000,YYQ,recording,knock_twice_right,8,0.601348,4.543640,8.671423,-0.003099,-0.058462,0.006263
200440810.000,YYQ,recording,knock_twice_right,8,0.659459,4.533542,8.779809,0.013884,-0.070997,-0.001371
200440820.000,YYQ,recording,knock_twice_right,8,0.685717,4.512517,8.789554,0.041343,-0.073830,-0.014962
200440830.000,YYQ,recording,knock_twice_right,8,0.616252,4.562273,8.657434,0.066051,-0.066072,-0.027996
200440840.000,YYQ,recording,knock_twice_right,8,0.522176,4.565464,8.426509,0.074809,-0.050955,-0.034816
200440850.000,YYQ,recording,knock_twice_right,8,0.508842,4.616267,8.272302,0.062642,-0.033032,-0.037940
200440860.000,YYQ,recording,knock_twice_right,8,0.461837,4.653076,8.202865,0.035394,-0.013516,-0.039258
200440870.000,YYQ,recording,knock_twice_right,8,0.428493,4.671720,8.230236,0.002901,0.006176,-0.037618
200440880.000,YYQ,recording,knock_twice_right,8,0.368549,4.684077,8.252920,-0.028480,0.020429,-0.032245
200440890.000,YYQ,recording,knock_twice_right,8,0.362252,4.688834,8.370107,-0.054572,0.024528,-0.024735
200440900.000,YYQ,recording,knock_twice_right,8,0.329258,4.695584,8.479628,-0.070468,0.019545,-0.016863
200440910.000,YYQ,recording,knock_twice_right,8,0.333371,4.670982,8.633902,-0.073141,0.009977,-0.008914
200440920.000,YYQ,recording,knock_twice_right,8,0.376307,4.627613,8.815374,-0.059930,-0.004734,-0.002310
200440930.000,YYQ,recording,knock_twice_right,8,0.382465,4.598625,8.926194,-0.032502,-0.020196,0.001609
200440940.000,YYQ,recording,knock_twice_right,8,0.429611,4.640301,8.869336,-0.001582,-0.030195,0.003615
200440950.000,YYQ,recording,knock_twice_right,8,0.479392,4.620548,8.789528,0.020453,-0.034115,0.003391
200440960.000,YYQ,recording,knock_twice_right,8,0.463444,4.666296,8.674820,0.028612,-0.033441,0.003391
200440970.000,YYQ,recording,knock_twice_right,8,0.451266,4.701220,8.622976,0.027279,-0.029006,0.004803
200440980.000,YYQ,recording,knock_twice_right,8,0.481105,4.692707,8.629931,0.022490,-0.024970,0.004771
200440990.000,YYQ,recording,knock_twice_right,8,0.505543,4.720691,8.712956,0.020261,-0.024420,0.003541
200441000.000,YYQ,recording,knock_twice_right,8,0.460127,4.738248,8.780288,0.025378,-0.025501,0.002327
200441010.000,YYQ,recording,knock_twice_right,8,0.471635,4.703710,8.774195,0.036318,-0.025027,0.001201
200441020.000,YYQ,recording,knock_twice_right,8,0.458235,4.715312,8.750207,0.049366,-0.024110,0.000656
200441030.000,YYQ,recording,knock_twice_right,8,0.486049,4.697599,8.738572,0.062661,-0.025290,-0.000370
200441040.000,YYQ,recording,knock_twice_right,8,0.538138,4.712058,8.720799,0.074334,-0.023302,-0.002014
200441050.000,YYQ,recording,knock_twice_right,8,0.504518,4.709522,8.652605,0.079366,-0.018797,-0.003937
200441060.000,YYQ,recording,knock_twice_right,8,0.458769,4.723785,8.570584,0.075614,-0.017261,-0.003544
200441070.000,YYQ,recording,knock_twice_right,8,0.442746,4.701706,8.532117,0.066904,-0.016489,-0.000714
200441080.000,YYQ,recording,knock_twice_right,8,0.446175,4.694254,8.489211,0.056653,-0.016133,0.001091
200441090.000,YYQ,recording,knock_twice_right,8,0.452777,4.690752,8.492749,0.048569,-0.015987,0.002679
200441100.000,YYQ,recording,knock_twice_right,8,0.427822,4.699608,8.476602,0.043173,-0.014841,0.005366
200441110.000,YYQ,recording,knock_twice_right,8,0.419580,4.680841,8.419564,0.037709,-0.014209,0.008123
200441120.000,YYQ,recording,knock_twice_right,8,0.462405,4.682051,8.412150,0.032839,-0.016666,0.010291
200441130.000,YYQ,recording,knock_twice_right,8,0.520414,4.659782,8.447283,0.031055,-0.022729,0.010757
200441140.000,YYQ,recording,knock_twice_right,8,0.490459,4.714121,8.448114,0.031507,-0.030556,0.009221
200441150.000,YYQ,recording,knock_twice_right,8,0.507567,4.678422,8.540310,0.035130,-0.037757,0.008068
200441160.000,YYQ,recording,knock_twice_right,8,0.492372,4.669250,8.550552,0.041201,-0.039030,0.008360
200441170.000,YYQ,recording,knock_twice_right,8,0.497366,4.660777,8.528083,0.044880,-0.035119,0.009709
200441180.000,YYQ,recording,knock_twice_right,8,0.516338,4.717005,8.507464,0.045371,-0.028511,0.010967
200441190.000,YYQ,recording,knock_twice_right,8,0.516274,4.724967,8.453951,0.042127,-0.019144,0.010488
200441200.000,YYQ,recording,knock_twice_right,8,0.529289,4.753239,8.386305,0.030484,-0.011932,0.008202
200441210.000,YYQ,recording,knock_twice_right,8,0.528826,4.766005,8.374887,0.012198,-0.009686,0.005069
200441220.000,YYQ,recording,knock_twice_right,8,0.560712,4.772311,8.469528,-0.004209,-0.009221,0.001313
200441230.000,YYQ,recording,knock_twice_right,8,0.552539,4.747425,8.514039,-0.014745,-0.008804,-0.002993
200441240.000,YYQ,recording,knock_twice_right,9,0.545793,4.738957,8.547518,-0.020018,-0.009948,-0.006516
200441250.000,YYQ,recording,knock_twice_right,9,0.570982,4.734251,8.689937,-0.016252,-0.012263,-0.008697
200441260.000,YYQ,recording,knock_twice_right,9,0.606536,4.730623,8.842224,0.000375,-0.011563,-0.011048
200441270.000,YYQ,recording,knock_twice_right,9,0.552542,4.757002,8.766934,0.021926,-0.009335,-0.013035
200441280.000,YYQ,recording,knock_twice_right,9,0.487393,4.726023,8.631008,0.036504,-0.011715,-0.010695
200441290.000,YYQ,recording,knock_twice_right,9,0.464162,4.781558,8.577405,0.041145,-0.017055,-0.004876
200441300.000,YYQ,recording,knock_twice_right,9,0.448236,4.761262,8.540765,0.039183,-0.021194,0.000351
200441310.000,YYQ,recording,knock_twice_right,9,0.457918,4.750927,8.489645,0.033470,-0.024740,0.004464
200441320.000,YYQ,recording,knock_twice_right,9,0.480438,4.770658,8.448454,0.026915,-0.027794,0.007222
200441330.000,YYQ,recording,knock_twice_right,9,0.528341,4.771028,8.453240,0.020947,-0.030071,0.009020
200441340.000,YYQ,recording,knock_twice_right,9,0.558267,4.790018,8.403689,0.017010,-0.031407,0.008738
200441350.000,YYQ,recording,knock_twice_right,9,0.569309,4.768555,8.410933,0.014960,-0.028728,0.006278
200441360.000,YYQ,recording,knock_twice_right,9,0.557340,4.784980,8.391355,0.011627,-0.020853,0.004936
200441370.000,YYQ,recording,knock_twice_right,9,0.535609,4.770447,8.355134,0.003895,-0.010924,0.005204
200441380.000,YYQ,recording,knock_twice_right,9,0.562004,4.782571,8.397631,-0.005102,-0.002711,0.005166
200441390.000,YYQ,recording,knock_twice_right,9,0.565433,4.755129,8.494042,-0.009815,0.001673,0.004291
200441400.000,YYQ,recording,knock_twice_right,9,0.522598,4.751853,8.538331,-0.010412,0.002199,0.002438
200441410.000,YYQ,recording,knock_twice_right,9,0.493706,4.738322,8.572310,-0.009351,-0.001609,0.000388
200441420.000,YYQ,recording,knock_twice_right,9,0.476052,4.741019,8.590479,-0.006034,-0.007575,-0.001702
200441430.000,YYQ,recording,knock_twice_right,9,0.477009,4.742839,8.569710,-0.002071,-0.012238,-0.001914
200441440.000,YYQ,recording,knock_twice_right,9,0.462993,4.793342,8.551896,-0.000374,-0.015495,0.000024
200441450.000,YYQ,recording,knock_twice_right,9,0.487371,4.788667,8.551746,0.000260,-0.015360,0.001671
200441460.000,YYQ,recording,knock_twice_right,9,0.485615,4.807795,8.540740,-0.000286,-0.012592,0.003240
200441470.000,YYQ,recording,knock_twice_right,9,0.492735,4.801099,8.546383,-0.002010,-0.012165,0.004826
200441480.000,YYQ,recording,knock_twice_right,9,0.503284,4.813031,8.626979,-0.001020,-0.015160,0.006685
200441490.000,YYQ,recording,knock_twice_right,9,0.528622,4.812207,8.666572,0.005668,-0.020937,0.007082
200441500.000,YYQ,recording,knock_twice_right,9,0.538164,4.789828,8.724765,0.016156,-0.026388,0.005237
200441510.000,YYQ,recording,knock_twice_right,9,0.551783,4.818415,8.703585,0.026679,-0.028733,0.003645
200441520.000,YYQ,recording,knock_twice_right,9,0.523699,4.803385,8.655973,0.033687,-0.027741,0.002640
200441530.000,YYQ,recording,knock_twice_right,9,0.547756,4.798248,8.586430,0.035222,-0.022393,0.002182
200441540.000,YYQ,recording,knock_twice_right,9,0.518405,4.794367,8.515047,0.030674,-0.014317,0.002265
200441550.000,YYQ,recording,knock_twice_right,9,0.521322,4.802693,8.435249,0.020976,-0.008840,0.002618
200441560.000,YYQ,recording,knock_twice_right,9,0.538102,4.764035,8.473707,0.010170,-0.005577,0.004718
200441570.000,YYQ,recording,knock_twice_right,9,0.561398,4.760724,8.483195,0.001870,-0.001388,0.007227
200441580.000,YYQ,recording,knock_twice_right,9,0.557985,4.784774,8.491683,-0.002511,0.001006,0.009020
200441590.000,YYQ,recording,knock_twice_right,9,0.538074,4.807301,8.472763,-0.004663,0.000132,0.011192
200441600.000,YYQ,recording,knock_twice_right,9,0.540912,4.800943,8.449866,-0.006397,-0.002160,0.012841
200441610.000,YYQ,recording,knock_twice_right,9,0.545641,4.751387,8.437151,-0.007505,-0.001999,0.013868
200441620.000,YYQ,recording,knock_twice_right,9,0.596580,4.798687,8.475164,-0.008819,0.003168,0.014329
200441630.000,YYQ,recording,knock_twice_right,9,0.603447,4.772582,8.418134,-0.011926,0.010964,0.013162
200441640.000,YYQ,recording,knock_twice_right,9,0.606366,4.790668,8.469769,-0.014680,0.016277,0.010017
200441650.000,YYQ,recording,knock_twice_right,9,0.597785,4.750540,8.548439,-0.013253,0.017564,0.005618
200441660.000,YYQ,recording,knock_twice_right,9,0.564694,4.736870,8.581184,-0.007052,0.014110,0.002041
200441670.000,YYQ,recording,knock_twice_right,9,0.514734,4.747176,8.614449,0.000349,0.006378,0.000111
200441680.000,YYQ,recording,knock_twice_right,9,0.520720,4.754152,8.565052,0.006753,-0.003660,-0.000182
200441690.000,YYQ,recording,knock_twice_right,9,0.561390,4.739575,8.556254,0.010876,-0.013057,0.000034
200441700.000,YYQ,recording,knock_twice_right,9,0.596980,4.763603,8.534879,0.010554,-0.019206,-0.000081
200441710.000,YYQ,recording,knock_twice_right,9,0.588520,4.764779,8.534386,0.008719,-0.019803,-0.000451
200441720.000,YYQ,recording,knock_twice_right,9,0.592152,4.788299,8.583853,0.009381,-0.012880,-0.001184
200441730.000,YYQ,recording,knock_twice_right,9,0.574853,4.792600,8.594009,0.013172,-0.003276,-0.001848
200441740.000,YYQ,recording,knock_twice_right,9,0.520527,4.808619,8.562865,0.016327,0.004267,-0.001335
200441750.000,YYQ,recording,knock_twice_right,9,0.521944,4.795203,8.520366,0.015609,0.009408,0.000612
200441760.000,YYQ,recording,knock_twice_right,9,0.530258,4.783620,8.465005,0.011440,0.011756,0.001946
200441770.000,YYQ,recording,knock_twice_right,9,0.593839,4.810436,8.477043,0.005625,0.011348,0.002262
200441780.000,YYQ,recording,knock_twice_right,9,0.642157,4.807075,8.482279,0.001879,0.010698,0.001263
200441790.000,YYQ,recording,knock_twice_right,9,0.644980,4.787061,8.498424,0.000511,0.013110,-0.001219
200441800.000,YYQ,recording,knock_twice_right,9,0.646903,4.777940,8.495190,-0.001365,0.018883,-0.004975
200441810.000,YYQ,recording,knock_twice_right,9,0.599107,4.770882,8.484641,-0.004787,0.025189,-0.008270
200441820.000,YYQ,recording,knock_twice_right,9,0.580814,4.808635,8.488062,-0.007938,0.029369,-0.009281
200441830.000,YYQ,recording,knock_twice_right,9,0.515215,4.840418,8.515432,-0.009444,0.030424,-0.008514
200441840.000,YYQ,recording,knock_twice_right,9,0.509669,4.791781,8.547839,-0.009240,0.026640,-0.005849
200441850.000,YYQ,recording,knock_twice_right,9,0.448201,4.784387,8.547021,-0.006576,0.017654,-0.002781
200441860.000,YYQ,recording,knock_twice_right,9,0.456378,4.763523,8.533286,-0.003180,0.007452,0.000338
200441870.000,YYQ,recording,knock_twice_right,9,0.448557,4.776823,8.516856,-0.000959,0.000003,0.002966
200441880.000,YYQ,recording,knock_twice_right,9,0.490847,4.774951,8.475895,0.000012,-0.004512,0.003662
200441890.000,YYQ,recording,knock_twice_right,9,0.572285,4.760957,8.506284,0.001236,-0.006524,0.002769
200441900.000,YYQ,recording,knock_twice_right,9,0.588006,4.738001,8.471349,0.002678,-0.005445,0.001429
200441910.000,YYQ,recording,knock_twice_right,9,0.570885,4.739137,8.450385,0.000938,-0.004423,0.001013
200441920.000,YYQ,recording,knock_twice_right,9,0.541607,4.750244,8.441170,-0.003677,-0.005046,0.000887
200441930.000,YYQ,recording,knock_twice_right,9,0.556870,4.757600,8.534508,-0.007208,-0.006295,0.000301
200441940.000,YYQ,recording,knock_twice_right,9,0.552575,4.749757,8.586014,-0.005826,-0.008026,-0.001100
200441950.000,YYQ,recording,knock_twice_right,9,0.547432,4.740517,8.597748,-0.000174,-0.010260,-0.002393
200441960.000,YYQ,recording,knock_twice_right,9,0.560632,4.767143,8.592517,0.006401,-0.013030,-0.002460
200441970.000,YYQ,recording,knock_twice_right,9,0.593059,4.759559,8.595225,0.012371,-0.015228,-0.002413
200441980.000,YYQ,recording,knock_twice_right,9,0.638924,4.727956,8.606543,0.017407,-0.014613,-0.004561
200441990.000,YYQ,recording,knock_twice_right,9,0.612398,4.768653,8.600247,0.022251,-0.010028,-0.008231
200442000.000,YYQ,recording,knock_twice_right,9,0.591648,4.794089,8.555986,0.026529,-0.002335,-0.012570
200442010.000,YYQ,recording,knock_twice_right,9,0.616864,4.786687,8.537173,0.028565,0.005417,-0.019635
200442020.000,YYQ,recording,knock_twice_right,9,0.638828,4.793316,8.599236,0.031583,0.012993,-0.026821
200442030.000,YYQ,recording,knock_twice_right,9,0.478247,4.798728,8.583552,0.036151,0.017239,-0.029504
200442040.000,YYQ,recording,knock_twice_right,9,0.486290,4.774111,8.567111,0.039579,0.015507,-0.031281
200442050.000,YYQ,recording,knock_twice_right,9,0.587424,4.833734,8.583450,0.044401,0.014517,-0.034576
200442060.000,YYQ,recording,knock_twice_right,9,0.555655,4.800254,8.557755,0.051798,0.014416,-0.037939
200442070.000,YYQ,recording,knock_twice_right,9,0.572802,4.811374,8.495820,0.059128,0.010623,-0.041212
200442080.000,YYQ,recording,knock_twice_right,9,0.543417,4.824916,8.487428,0.063754,0.005743,-0.041977
200442090.000,YYQ,recording,knock_twice_right,9,0.539165,4.866395,8.452790,0.064182,0.003315,-0.041892
200442100.000,YYQ,recording,knock_twice_right,9,0.501474,4.851399,8.449552,0.061374,0.001788,-0.042081
200442110.000,YYQ,recording,knock_twice_right,9,0.473007,4.849472,8.477653,0.057347,0.000805,-0.040308
200442120.000,YYQ,recording,knock_twice_right,9,0.444512,4.825007,8.540841,0.055315,0.001177,-0.037642
200442130.000,YYQ,recording,knock_twice_right,9,0.483281,4.822340,8.571765,0.056949,0.001467,-0.035201
200442140.000,YYQ,recording,knock_twice_right,9,0.488247,4.813592,8.507919,0.058270,0.001576,-0.031861
200442150.000,YYQ,recording,knock_twice_right,9,0.458237,4.833566,8.430694,0.056131,0.001076,-0.026895
200442160.000,YYQ,recording,knock_twice_right,9,0.465887,4.858126,8.365412,0.048568,-0.000014,-0.021077
200442170.000,YYQ,recording,knock_twice_right,9,0.448021,4.847176,8.321660,0.036582,0.001030,-0.014649
200442180.000,YYQ,recording,knock_twice_right,9,0.452210,4.841268,8.290602,0.023098,0.005798,-0.008199
200442190.000,YYQ,recording,knock_twice_right,9,0.440045,4.837156,8.307364,0.009362,0.013843,-0.002060
200442200.000,YYQ,recording,knock_twice_right,9,0.441209,4.840744,8.330097,-0.006589,0.017704,0.003625
200442210.000,YYQ,recording,knock_twice_right,9,0.429032,4.847693,8.397958,-0.015936,0.012429,0.009636
200442220.000,YYQ,recording,knock_twice_right,9,0.476033,4.780870,8.580348,-0.007707,0.002397,0.014235
200442230.000,YYQ,recording,knock_twice_right,9,0.571254,4.782311,8.717162,0.015011,-0.010934,0.013104
200442240.000,YYQ,recording,knock_twice_right,9,0.510145,4.807582,8.699644,0.045008,-0.026917,0.008583
200442250.000,YYQ,recording,knock_twice_right,9,0.510398,4.814350,8.590670,0.070703,-0.041161,0.004821
200442260.000,YYQ,recording,knock_twice_right,9,0.509979,4.884490,8.464016,0.080130,-0.049050,0.002251
200442270.000,YYQ,recording,knock_twice_right,9,0.479103,4.915780,8.395412,0.076723,-0.046436,0.001905
200442280.000,YYQ,recording,knock_twice_right,9,0.572036,4.914739,8.394572,0.071526,-0.037076,0.002971
200442290.000,YYQ,recording,knock_twice_right,9,0.611240,4.986882,8.338750,0.065991,-0.029909,0.001681
200442300.000,YYQ,recording,knock_twice_right,9,0.585317,4.993891,8.336478,0.058630,-0.022833,-0.000764
200442310.000,YYQ,recording,knock_twice_right,9,0.603404,4.999655,8.357825,0.049721,-0.013904,-0.002848
200442320.000,YYQ,recording,knock_twice_right,9,0.559429,4.994412,8.362046,0.041182,-0.009671,-0.005999
200442330.000,YYQ,recording,knock_twice_right,9,0.524360,5.003291,8.346455,0.032163,-0.009348,-0.008445
200442340.000,YYQ,recording,knock_twice_right,9,0.475300,4.977846,8.303580,0.020629,-0.008620,-0.007407
200442350.000,YYQ,recording,knock_twice_right,9,0.480630,4.965728,8.327238,0.008272,-0.007928,-0.003081
200442360.000,YYQ,recording,knock_twice_right,9,0.516394,4.962667,8.409870,0.000315,-0.008966,0.001397
200442370.000,YYQ,recording,knock_twice_right,9,0.543556,5.003249,8.531109,0.003007,-0.013405,0.004115
200442380.000,YYQ,recording,knock_twice_right,9,0.561838,4.974880,8.547607,0.014900,-0.021265,0.006121
200442390.000,YYQ,recording,knock_twice_right,9,0.558756,4.944035,8.546998,0.028669,-0.029424,0.007080
200442400.000,YYQ,recording,knock_twice_right,9,0.555869,4.942887,8.486236,0.041160,-0.035842,0.007462
200442410.000,YYQ,recording,knock_twice_right,9,0.548351,4.935997,8.423899,0.050419,-0.037756,0.008438
200442420.000,YYQ,recording,knock_twice_right,9,0.590158,4.922129,8.393255,0.054984,-0.033199,0.009505
200442430.000,YYQ,recording,knock_twice_right,9,0.584964,4.908492,8.335242,0.054435,-0.024799,0.010028
200442440.000,YYQ,recording,knock_twice_right,9,0.524389,4.932888,8.327311,0.049460,-0.018552,0.010509
200442450.000,YYQ,recording,knock_twice_right,9,0.516341,4.950920,8.348013,0.043471,-0.016802,0.011570
200442460.000,YYQ,recording,knock_twice_right,9,0.503502,4.919207,8.363421,0.037791,-0.016259,0.011322
200442470.000,YYQ,recording,knock_twice_right,9,0.491650,4.890294,8.314065,0.033150,-0.017943,0.010806
200442480.000,YYQ,recording,knock_twice_right,9,0.481826,4.898228,8.361891,0.030681,-0.021382,0.012465
200442490.000,YYQ,recording,knock_twice_right,9,0.484933,4.931377,8.361538,0.031801,-0.025078,0.013719
200442500.000,YYQ,recording,knock_twice_right,9,0.529331,4.945113,8.387309,0.034781,-0.028793,0.012099
200442510.000,YYQ,recording,knock_twice_right,9,0.554859,4.962806,8.361793,0.035808,-0.028702,0.008911
200442520.000,YYQ,recording,knock_twice_right,9,0.593164,4.923637,8.354090,0.035043,-0.023473,0.003992
200442530.000,YYQ,recording,knock_twice_right,9,0.599655,4.933589,8.347393,0.031836,-0.018108,-0.000693
200442540.000,YYQ,recording,knock_twice_right,9,0.551465,4.999003,8.283314,0.024377,-0.012807,-0.002681
200442550.000,YYQ,recording,knock_twice_right,9,0.651088,5.001857,8.250705,0.010906,-0.003136,-0.003439
200442560.000,YYQ,recording,knock_twice_right,9,0.670391,5.052565,8.195832,-0.008601,0.012801,-0.002938
200442570.000,YYQ,recording,knock_twice_right,9,0.682617,5.095177,8.168514,-0.031071,0.032727,-0.000421
200442580.000,YYQ,recording,knock_twice_right,9,0.690436,5.114446,8.132244,-0.053912,0.051702,0.002298
200442590.000,YYQ,recording,knock_twice_right,9,0.692845,5.117012,8.108312,-0.077060,0.069017,0.002535
200442600.000,YYQ,recording,knock_twice_right,9,0.653028,5.113554,8.142762,-0.102272,0.086901,0.000030
200442610.000,YYQ,recording,knock_twice_right,9,0.630784,5.066092,8.201192,-0.129447,0.107125,-0.003844
200442620.000,YYQ,recording,knock_twice_right,9,0.599523,5.031700,8.267693,-0.155650,0.126981,-0.009351
200442630.000,YYQ,recording,knock_twice_right,9,0.625885,5.005470,8.436166,-0.170817,0.138260,-0.017591
200442640.000,YYQ,recording,knock_twice_right,9,0.640870,4.970557,8.681263,-0.164040,0.137128,-0.029723
200442650.000,YYQ,recording,knock_twice_right,9,0.608911,4.907997,8.882279,-0.131656,0.122098,-0.046536
200442660.000,YYQ,recording,knock_twice_right,9,0.589703,4.862902,9.008223,-0.078423,0.096930,-0.069772
200442670.000,YYQ,recording,knock_twice_right,9,0.681321,4.789946,9.061553,-0.012961,0.061676,-0.103352
200442680.000,YYQ,recording,knock_twice_right,9,0.895854,4.851973,9.342062,0.067945,0.019259,-0.143896
200442690.000,YYQ,recording,knock_twice_right,9,0.735622,4.920723,9.460260,0.166264,-0.016596,-0.185103
200442700.000,YYQ,recording,knock_twice_right,9,0.576558,4.865675,9.181511,0.260680,-0.022100,-0.222646
200442710.000,YYQ,recording,knock_twice_right,9,0.119434,4.808798,8.350821,0.307412,0.007135,-0.243687
200442720.000,YYQ,recording,knock_twice_right,9,-0.356196,4.767602,7.445410,0.266723,0.049629,-0.234505
200442730.000,YYQ,recording,knock_twice_right,9,-1.570618,4.485813,6.832414,0.142622,0.145623,-0.181031
200442740.000,YYQ,recording,knock_twice_right,9,-3.755911,4.036988,6.177057,-0.017732,0.216230,-0.107415
200442750.000,YYQ,recording,knock_twice_right,9,0.225833,3.998593,7.508492,-0.165255,0.208883,-0.001796
200442760.000,YYQ,recording,knock_twice_right,9,-1.064963,5.815376,8.130506,-0.246925,0.141660,0.126462
200442770.000,YYQ,recording,knock_twice_right,9,1.740931,5.569691,9.267901,-0.236164,-0.003843,0.202512
200442780.000,YYQ,recording,knock_twice_right,9,1.543915,5.433673,9.261705,-0.165140,-0.152565,0.231556
200442790.000,YYQ,recording,knock_twice_right,9,1.859126,4.954947,9.458957,-0.068505,-0.246391,0.239499
200442800.000,YYQ,recording,knock_twice_right,9,1.764052,4.695066,9.369996,0.048699,-0.286416,0.228340
200442810.000,YYQ,recording,knock_twice_right,9,1.625109,4.782373,9.462882,0.175134,-0.303001,0.199525
200442820.000,YYQ,recording,knock_twice_right,9,1.842451,5.209503,9.279834,0.275246,-0.285599,0.160326
200442830.000,YYQ,recording,knock_twice_right,9,2.160236,5.333653,8.842814,0.327478,-0.211768,0.093448
200442840.000,YYQ,recording,knock_twice_right,9,2.337647,4.984598,8.372075,0.326752,-0.096830,-0.015860
200442850.000,YYQ,recording,knock_twice_right,9,1.725333,5.241675,7.750317,0.264003,0.043009,-0.138123
200442860.000,YYQ,recording,knock_twice_right,9,0.991736,5.444680,7.155042,0.130528,0.197804,-0.227269
200442870.000,YYQ,recording,knock_twice_right,9,-0.376755,5.625471,6.612742,-0.065823,0.329075,-0.271956
200442880.000,YYQ,recording,knock_twice_right,9,-0.420183,4.727273,6.711689,-0.271232,0.449772,-0.295655
200442890.000,YYQ,recording,knock_twice_right,9,-0.399606,4.636654,7.160774,-0.435622,0.562132,-0.278315
200442900.000,YYQ,recording,knock_twice_right,9,-0.514035,5.364311,7.708536,-0.556028,0.590325,-0.210747
200442910.000,YYQ,recording,knock_twice_right,9,-0.017359,5.554433,8.669403,-0.611119,0.525214,-0.135922
200442920.000,YYQ,recording,knock_twice_right,9,0.280540,5.086812,9.607209,-0.555826,0.432181,-0.086551
200442930.000,YYQ,recording,knock_twice_right,9,0.301590,4.505379,10.125417,-0.392452,0.341981,-0.065779
200442940.000,YYQ,recording,knock_twice_right,9,-0.009129,4.278428,10.031213,-0.182961,0.235699,-0.060254
200442950.000,YYQ,recording,knock_twice_right,9,-0.055791,4.315408,10.009938,0.018198,0.096166,-0.063340
200442960.000,YYQ,recording,knock_twice_right,9,0.031353,4.487670,10.351559,0.207196,-0.065028,-0.076273
200442970.000,YYQ,recording,knock_twice_right,9,-0.004066,4.600108,10.615273,0.400022,-0.213163,-0.108048
200442980.000,YYQ,recording,knock_twice_right,9,0.126132,4.291790,10.206399,0.593223,-0.293571,-0.156770
200442990.000,YYQ,recording,knock_twice_right,9,-1.150343,3.803039,8.323424,0.705271,-0.125782,-0.158001
200443000.000,YYQ,recording,knock_twice_right,9,-6.318216,3.747933,4.205861,0.593617,0.060198,-0.070346
200443010.000,YYQ,recording,knock_twice_right,9,-1.835216,4.524516,5.784672,0.250693,-0.055443,0.153564
200443020.000,YYQ,recording,knock_twice_right,9,-1.168204,7.136020,6.730331,-0.077620,-0.295266,0.398341
200443030.000,YYQ,recording,knock_twice_right,9,3.255925,6.426947,9.333659,-0.191706,-0.494658,0.465230
200443040.000,YYQ,recording,knock_twice_right,9,2.277844,5.481360,9.490213,-0.122432,-0.606745,0.423588
200443050.000,YYQ,recording,knock_twice_right,9,2.303957,4.616918,10.318466,0.070113,-0.645297,0.365149
200443060.000,YYQ,recording,knock_twice_right,9,2.361927,4.481961,10.406930,0.335017,-0.619366,0.268766
200443070.000,YYQ,recording,knock_twice_right,9,2.482220,4.811107,9.888120,0.574185,-0.525656,0.120776
200443080.000,YYQ,recording,knock_twice_right,9,2.178666,4.857716,8.763218,0.691618,-0.371009,-0.044915
200443090.000,YYQ,recording,knock_twice_right,9,1.335545,5.021477,7.267478,0.644917,-0.179826,-0.171611
200443100.000,YYQ,recording,knock_twice_right,9,1.023257,5.299494,6.011628,0.444700,0.014615,-0.246943
200443110.000,YYQ,recording,knock_twice_right,9,0.582397,5.442362,5.265154,0.129546,0.201540,-0.278899
200443120.000,YYQ,recording,knock_twice_right,9,-0.600684,5.918929,4.839693,-0.247349,0.370688,-0.265279
200443130.000,YYQ,recording,knock_twice_right,9,-0.607048,5.183856,5.345024,-0.601227,0.508668,-0.236205
200443140.000,YYQ,recording,knock_twice_right,9,-0.225593,4.786709,6.526367,-0.847152,0.582578,-0.199779
200443150.000,YYQ,recording,knock_twice_right,9,-0.095758,5.134232,8.129905,-0.939142,0.541646,-0.144499
200443160.000,YYQ,recording,knock_twice_right,9,0.209531,5.219631,9.659444,-0.867188,0.405613,-0.090227
200443170.000,YYQ,recording,knock_twice_right,9,0.293384,4.724238,10.322868,-0.664459,0.250037,-0.056930
200443180.000,YYQ,recording,knock_twice_right,9,-0.024877,4.404786,10.376449,-0.406414,0.105405,-0.033001
200443190.000,YYQ,recording,knock_twice_right,9,-0.349743,4.410056,9.853092,-0.177473,-0.035900,0.003526
200443200.000,YYQ,recording,knock_twice_right,9,-0.327051,4.620609,9.321151,-0.028872,-0.150847,0.053735
200443210.000,YYQ,recording,knock_twice_right,9,-0.011782,4.688565,8.793826,0.030543,-0.201160,0.100680
200443220.000,YYQ,recording,knock_twice_right,9,0.305042,4.749611,8.411690,0.022251,-0.188101,0.129468
200443230.000,YYQ,recording,knock_twice_right,9,0.489148,4.837965,8.373930,-0.019588,-0.138869,0.142199
200443240.000,YYQ,recording,knock_twice_right,9,0.541623,4.843702,8.521215,-0.064012,-0.080269,0.147376
200443250.000,YYQ,recording,knock_twice_right,9,0.490143,4.845767,8.693430,-0.094042,-0.034377,0.145395
200443260.000,YYQ,recording,knock_twice_right,9,0.540879,4.820894,8.934740,-0.101624,-0.010283,0.132776
200443270.000,YYQ,recording,knock_twice_right,9,0.575217,4.861093,9.087590,-0.079795,-0.001123,0.111427
200443280.000,YYQ,recording,knock_twice_right,9,0.548744,4.844625,9.090488,-0.034161,0.004047,0.085467
200443290.000,YYQ,recording,knock_twice_right,9,0.464220,4.885225,8.895890,0.016063,0.004788,0.058625
200443300.000,YYQ,recording,knock_twice_right,9,0.316909,4.937119,8.630100,0.049708,0.000479,0.038412
200443310.000,YYQ,recording,knock_twice_right,9,0.255912,4.943521,8.431785,0.057488,-0.003054,0.026341
200443320.000,YYQ,recording,knock_twice_right,9,0.211284,4.976439,8.311865,0.044502,-0.005751,0.020441
200443330.000,YYQ,recording,knock_twice_right,9,0.144880,4.954761,8.318825,0.022953,-0.008668,0.022585
200443340.000,YYQ,recording,knock_twice_right,9,0.141501,4.892164,8.433843,0.007338,-0.013652,0.030459
200443350.000,YYQ,recording,knock_twice_right,9,0.258375,4.773375,8.634154,0.004317,-0.024949,0.037920
200443360.000,YYQ,recording,knock_twice_right,9,0.357202,4.780805,8.718409,0.011364,-0.042379,0.042022
200443370.000,YYQ,recording,knock_twice_right,9,0.440986,4.716839,8.751255,0.024707,-0.063269,0.042697
200443380.000,YYQ,recording,knock_twice_right,9,0.532439,4.699665,8.729162,0.040334,-0.083210,0.038977
200443390.000,YYQ,recording,knock_twice_right,9,0.598955,4.721173,8.695438,0.055702,-0.095300,0.030598
200443400.000,YYQ,recording,knock_twice_right,9,0.555475,4.748816,8.586776,0.069155,-0.097067,0.019933
200443410.000,YYQ,recording,knock_twice_right,9,0.522458,4.788599,8.454072,0.074773,-0.089885,0.010227
200443420.000,YYQ,recording,knock_twice_right,9,0.529328,4.794326,8.363640,0.069586,-0.075441,0.002597
200443430.000,YYQ,recording,knock_twice_right,9,0.531237,4.833435,8.288113,0.056769,-0.052654,-0.002612
200443440.000,YYQ,recording,knock_twice_right,9,0.514710,4.858217,8.297439,0.039955,-0.028434,-0.004169
200443450.000,YYQ,recording,knock_twice_right,9,0.446898,4.913903,8.346094,0.024707,-0.011129,-0.001963
200443460.000,YYQ,recording,knock_twice_right,9,0.471345,4.848019,8.447062,0.015776,0.000567,0.001814
200443470.000,YYQ,recording,knock_twice_right,9,0.522035,4.841124,8.483113,0.011878,0.004862,0.005096
200443480.000,YYQ,recording,knock_twice_right,9,0.455795,4.832579,8.505192,0.010845,0.000459,0.007474
200443490.000,YYQ,recording,knock_twice_right,9,0.429156,4.863633,8.561840,0.014319,-0.011002,0.011833
200443500.000,YYQ,recording,knock_twice_right,9,0.420634,4.855650,8.540721,0.020969,-0.026043,0.017943
200443510.000,YYQ,recording,knock_twice_right,9,0.426316,4.815128,8.536003,0.027945,-0.039851,0.021584
200443520.000,YYQ,recording,knock_twice_right,9,0.458854,4.787493,8.535437,0.034623,-0.047569,0.023155
200443530.000,YYQ,recording,knock_twice_right,9,0.480915,4.782680,8.512018,0.039494,-0.045161,0.023787
200443540.000,YYQ,recording,knock_twice_right,9,0.464758,4.805444,8.423782,0.040381,-0.034829,0.023512
200443550.000,YYQ,recording,knock_twice_right,9,0.535711,4.836767,8.332392,0.033166,-0.023572,0.023307
200443560.000,YYQ,recording,knock_twice_right,9,0.533006,4.858230,8.310877,0.019259,-0.016170,0.022681
200443570.000,YYQ,recording,knock_twice_right,9,0.550477,4.901759,8.322356,0.004145,-0.010676,0.020432
200443580.000,YYQ,recording,knock_twice_right,9,0.528664,4.894704,8.345382,-0.009787,-0.007269,0.017304
200443590.000,YYQ,recording,knock_twice_right,9,0.538856,4.837392,8.416876,-0.018134,-0.011192,0.014090
200443600.000,YYQ,recording,knock_twice_right,9,0.563389,4.869276,8.604704,-0.013082,-0.021836,0.009810
200443610.000,YYQ,recording,knock_twice_right,9,0.561020,4.840255,8.725669,0.006403,-0.029368,0.005450
200443620.000,YYQ,recording,knock_twice_right,9,0.525101,4.810599,8.714784,0.031604,-0.030557,0.002233
200443630.000,YYQ,recording,knock_twice_right,9,0.473261,4.804272,8.621352,0.052928,-0.027976,0.000491
200443640.000,YYQ,recording,knock_twice_right,9,0.535127,4.826080,8.531721,0.065171,-0.023224,-0.000248
200443650.000,YYQ,recording,knock_twice_right,9,0.534286,4.855001,8.372446,0.065603,-0.020500,-0.001641
200443660.000,YYQ,recording,knock_twice_right,9,0.520492,4.910476,8.246918,0.054098,-0.022615,-0.004018
200443670.000,YYQ,recording,knock_twice_right,9,0.517017,4.925396,8.231934,0.034617,-0.026451,-0.005522
200443680.000,YYQ,recording,knock_twice_right,9,0.517383,4.889637,8.262416,0.013436,-0.028129,-0.004548
200443690.000,YYQ,recording,knock_twice_right,9,0.503425,4.897625,8.327012,-0.002122,-0.024953,-0.002527
200443700.000,YYQ,recording,knock_twice_right,9,0.482122,4.870268,8.413535,-0.009285,-0.018968,-0.000398
200443710.000,YYQ,recording,knock_twice_right,9,0.478994,4.883318,8.465148,-0.009473,-0.015329,0.001446
200443720.000,YYQ,recording,knock_twice_right,9,0.508728,4.857335,8.492047,-0.004480,-0.015399,0.003153
200443730.000,YYQ,recording,knock_twice_right,9,0.517008,4.868780,8.545755,0.002351,-0.017604,0.005599
200443740.000,YYQ,recording,knock_twice_right,9,0.522364,4.866266,8.533627,0.009593,-0.018800,0.008224
200443750.000,YYQ,recording,knock_twice_right,9,0.579135,4.867680,8.541468,0.017503,-0.018741,0.009234
200443760.000,YYQ,recording,knock_twice_right,9,0.591936,4.899656,8.495659,0.023061,-0.018906,0.007968
200443770.000,YYQ,recording,knock_twice_right,9,0.548486,4.912308,8.445639,0.023124,-0.021466,0.006379
200443780.000,YYQ,recording,knock_twice_right,9,0.532372,4.926170,8.432489,0.017873,-0.024262,0.006688
200443790.000,YYQ,recording,knock_twice_right,9,0.572956,4.934840,8.454715,0.010594,-0.022341,0.007269
200443800.000,YYQ,recording,knock_twice_right,9,0.582211,4.953666,8.472970,0.004748,-0.017232,0.006445
200443810.000,YYQ,recording,knock_twice_right,9,0.567150,4.980200,8.518200,0.004205,-0.012637,0.004856
200443820.000,YYQ,recording,knock_twice_right,9,0.534657,4.950001,8.558209,0.010593,-0.009105,0.003496
200443830.000,YYQ,recording,knock_twice_right,9,0.521927,4.949480,8.538823,0.020458,-0.008805,0.003662
200443840.000,YYQ,recording,knock_twice_right,9,0.533321,4.947134,8.502826,0.030645,-0.011089,0.004681
200443850.000,YYQ,recording,knock_twice_right,9,0.539394,4.926976,8.443389,0.036966,-0.013180,0.004413
200443860.000,YYQ,recording,knock_twice_right,9,0.561545,4.909489,8.367457,0.036231,-0.015519,0.003352
200443870.000,YYQ,recording,knock_twice_right,9,0.586088,4.928901,8.346436,0.029907,-0.017774,0.003058
200443880.000,YYQ,recording,knock_twice_right,9,0.563015,4.902789,8.346878,0.021848,-0.019963,0.003534
200443890.000,YYQ,recording,knock_twice_right,9,0.546066,4.886089,8.395611,0.015915,-0.023199,0.004350
200443900.000,YYQ,recording,knock_twice_right,9,0.530388,4.877288,8.445890,0.016203,-0.026497,0.005326
200443910.000,YYQ,recording,knock_twice_right,9,0.565118,4.882897,8.452311,0.021414,-0.028378,0.006893
200443920.000,YYQ,recording,knock_twice_right,9,0.530637,4.885805,8.408157,0.024822,-0.030262,0.009334
200443930.000,YYQ,recording,knock_twice_right,9,0.561574,4.906630,8.367492,0.024395,-0.033386,0.011403
200443940.000,YYQ,recording,knock_twice_right,9,0.570753,4.917636,8.396283,0.023643,-0.036371,0.012926
200443950.000,YYQ,recording,knock_twice_right,9,0.552564,4.939757,8.438365,0.024387,-0.038069,0.014449
200443960.000,YYQ,recording,knock_twice_right,9,0.555494,4.925885,8.390322,0.022399,-0.038531,0.015745
200443970.000,YYQ,recording,knock_twice_right,9,0.567113,4.959764,8.346955,0.014941,-0.037322,0.016896
200443980.000,YYQ,recording,knock_twice_right,9,0.572217,4.972250,8.323283,0.003299,-0.033074,0.018000
200443990.000,YYQ,recording,knock_twice_right,9,0.595199,4.963963,8.364675,-0.008914,-0.026422,0.016902
200444000.000,YYQ,recording,knock_twice_right,9,0.646043,4.949505,8.433247,-0.014613,-0.019744,0.013211
200444010.000,YYQ,recording,knock_twice_right,9,0.680953,4.949236,8.546372,-0.007366,-0.015972,0.008770
200444020.000,YYQ,recording,knock_twice_right,9,0.695673,4.955038,8.634489,0.011518,-0.015712,0.003033
200444030.000,YYQ,recording,knock_twice_right,9,0.695619,4.945116,8.590171,0.030767,-0.018001,-0.003925
200444040.000,YYQ,recording,knock_twice_right,9,0.625078,4.944973,8.493756,0.041442,-0.021989,-0.007960
200444050.000,YYQ,recording,knock_twice_right,9,0.595024,4.937048,8.412047,0.043554,-0.025412,-0.006972
200444060.000,YYQ,recording,knock_twice_right,9,0.577727,4.970957,8.385189,0.038583,-0.027025,-0.003681
200444070.000,YYQ,recording,knock_twice_right,9,0.615524,4.995168,8.399160,0.029701,-0.025509,-0.001418
200444080.000,YYQ,recording,knock_twice_right,9,0.638684,4.978283,8.477825,0.023221,-0.019367,-0.000954
200444090.000,YYQ,recording,knock_twice_right,9,0.646102,4.938304,8.500982,0.021640,-0.012229,-0.000564
200444100.000,YYQ,recording,knock_twice_right,9,0.606116,4.940669,8.499443,0.024214,-0.009539,0.000969
200444110.000,YYQ,recording,knock_twice_right,9,0.624157,4.950163,8.519602,0.030364,-0.013738,0.003447
200444120.000,YYQ,recording,knock_twice_right,9,0.621949,4.962861,8.500665,0.037959,-0.021180,0.006093
200444130.000,YYQ,recording,knock_twice_right,9,0.637416,4.969993,8.426002,0.043105,-0.024993,0.007376
200444140.000,YYQ,recording,knock_twice_right,9,0.647397,4.963705,8.353883,0.042145,-0.026001,0.006815
200444150.000,YYQ,recording,knock_twice_right,9,0.655660,5.001708,8.265190,0.036348,-0.027131,0.006130
200444160.000,YYQ,recording,knock_twice_right,9,0.645604,4.994149,8.256306,0.027758,-0.026364,0.004729
200444170.000,YYQ,recording,knock_twice_right,9,0.653569,4.989476,8.273320,0.016850,-0.021488,0.002353
200444180.000,YYQ,recording,knock_twice_right,9,0.623000,4.968914,8.280159,0.005116,-0.014171,0.000306
200444190.000,YYQ,recording,knock_twice_right,9,0.642551,4.930675,8.328675,-0.004999,-0.006923,-0.001184
200444200.000,YYQ,recording,knock_twice_right,9,0.630484,4.964995,8.372614,-0.011456,-0.002035,-0.001349
200444210.000,YYQ,recording,knock_twice_right,9,0.610994,4.951888,8.451777,-0.011622,-0.001474,-0.000772
200444220.000,YYQ,recording,knock_twice_right,9,0.591242,4.953414,8.465426,-0.005814,-0.006677,-0.000726
200444230.000,YYQ,recording,knock_twice_right,9,0.590437,4.937971,8.431675,0.000951,-0.014249,-0.001305
200444240.000,YYQ,recording,knock_twice_right,9,0.604324,4.974185,8.363563,0.003180,-0.018335,-0.001080
200444250.000,YYQ,recording,knock_twice_right,9,0.603848,4.956616,8.328905,0.000391,-0.018679,0.000174
200444260.000,YYQ,recording,knock_twice_right,10,0.635779,4.973987,8.308769,-0.004573,-0.015888,0.000863
200444270.000,YYQ,recording,knock_twice_right,10,0.663567,4.955527,8.344471,-0.009578,-0.010765,0.001153
200444280.000,YYQ,recording,knock_twice_right,10,0.628610,4.995842,8.345673,-0.013363,-0.004584,0.002346
200444290.000,YYQ,recording,knock_twice_right,10,0.622640,4.984503,8.344703,-0.017561,0.002288,0.003825
200444300.000,YYQ,recording,knock_twice_right,10,0.605285,4.986627,8.346074,-0.023480,0.007883,0.004559
200444310.000,YYQ,recording,knock_twice_right,10,0.586989,4.969442,8.368827,-0.028123,0.009691,0.005952
200444320.000,YYQ,recording,knock_twice_right,10,0.639085,4.994385,8.407371,-0.029466,0.007031,0.007501
200444330.000,YYQ,recording,knock_twice_right,10,0.630113,4.975134,8.473217,-0.027160,0.001341,0.007172
200444340.000,YYQ,recording,knock_twice_right,10,0.657192,4.983769,8.547461,-0.019789,-0.004341,0.005792
200444350.000,YYQ,recording,knock_twice_right,10,0.610283,4.962075,8.546697,-0.010938,-0.009268,0.005314
200444360.000,YYQ,recording,knock_twice_right,10,0.626525,4.965849,8.487122,-0.003292,-0.013242,0.004624
200444370.000,YYQ,recording,knock_twice_right,10,0.600937,4.979399,8.470066,0.001148,-0.014584,0.004520
200444380.000,YYQ,recording,knock_twice_right,10,0.640452,4.966476,8.421401,0.001994,-0.013689,0.005348
200444390.000,YYQ,recording,knock_twice_right,10,0.653259,4.982954,8.431322,0.000537,-0.011735,0.006353
200444400.000,YYQ,recording,knock_twice_right,10,0.657544,4.989306,8.424548,-0.000576,-0.008815,0.008209
200444410.000,YYQ,recording,knock_twice_right,10,0.664683,4.972542,8.476433,0.001904,-0.007055,0.010274
200444420.000,YYQ,recording,knock_twice_right,10,0.668647,4.967910,8.438231,0.006927,-0.009566,0.011297
200444430.000,YYQ,recording,knock_twice_right,10,0.677182,4.985181,8.426327,0.013909,-0.014652,0.010346
200444440.000,YYQ,recording,knock_twice_right,10,0.671237,4.980807,8.374950,0.017705,-0.017275,0.007827
200444450.000,YYQ,recording,knock_twice_right,10,0.648661,5.004594,8.308105,0.013575,-0.015348,0.006233
200444460.000,YYQ,recording,knock_twice_right,10,0.675996,5.011636,8.235036,0.002008,-0.008926,0.006626
200444470.000,YYQ,recording,knock_twice_right,10,0.686270,4.994986,8.242040,-0.014472,0.001043,0.008059
200444480.000,YYQ,recording,knock_twice_right,10,0.689019,5.017181,8.322815,-0.028265,0.009674,0.009086
200444490.000,YYQ,recording,knock_twice_right,10,0.706194,5.011469,8.430961,-0.034485,0.013756,0.009276
200444500.000,YYQ,recording,knock_twice_right,10,0.658727,5.014340,8.442535,-0.035065,0.011605,0.010113
200444510.000,YYQ,recording,knock_twice_right,10,0.697685,5.007756,8.487337,-0.030651,0.004143,0.010591
200444520.000,YYQ,recording,knock_twice_right,10,0.736645,5.015795,8.528640,-0.022167,-0.003378,0.009427
200444530.000,YYQ,recording,knock_twice_right,10,0.722942,5.001479,8.558065,-0.011217,-0.006731,0.007652
200444540.000,YYQ,recording,knock_twice_right,10,0.720892,5.001893,8.519468,-0.001646,-0.005884,0.006482
200444550.000,YYQ,recording,knock_twice_right,10,0.691294,4.995312,8.483802,0.003713,-0.002468,0.006501
200444560.000,YYQ,recording,knock_twice_right,10,0.705257,4.997777,8.494171,0.007931,0.003705,0.007145
200444570.000,YYQ,recording,knock_twice_right,10,0.705860,4.973741,8.482097,0.011857,0.011261,0.006129
200444580.000,YYQ,recording,knock_twice_right,10,0.683632,4.971527,8.442735,0.014845,0.018840,0.004145
200444590.000,YYQ,recording,knock_twice_right,10,0.669774,4.959861,8.375522,0.015688,0.023086,0.002563
200444600.000,YYQ,recording,knock_twice_right,10,0.615697,4.954558,8.349599,0.012419,0.022453,0.001016
200444610.000,YYQ,recording,knock_twice_right,10,0.599374,4.962298,8.283154,0.007791,0.018808,0.000261
200444620.000,YYQ,recording,knock_twice_right,10,0.624774,4.962243,8.303097,0.007108,0.013304,0.000235
200444630.000,YYQ,recording,knock_twice_right,10,0.618998,4.987869,8.297850,0.008729,0.009413,-0.000538
200444640.000,YYQ,recording,knock_twice_right,10,0.639469,4.958249,8.292521,0.008552,0.007112,-0.002349
200444650.000,YYQ,recording,knock_twice_right,10,0.635641,4.928393,8.279372,0.003951,0.008269,-0.003581
200444660.000,YYQ,recording,knock_twice_right,10,0.602831,4.901610,8.272908,-0.004855,0.012624,-0.001944
200444670.000,YYQ,recording,knock_twice_right,10,0.606488,4.915074,8.334640,-0.013249,0.017407,0.000690
200444680.000,YYQ,recording,knock_twice_right,10,0.605808,4.950091,8.392540,-0.017558,0.021647,0.000658
200444690.000,YYQ,recording,knock_twice_right,10,0.613892,4.934610,8.417938,-0.018260,0.020969,-0.000912
200444700.000,YYQ,recording,knock_twice_right,10,0.625638,4.964117,8.420650,-0.017012,0.016163,-0.002040
200444710.000,YYQ,recording,knock_twice_right,10,0.630438,4.982151,8.445517,-0.014113,0.010296,-0.002001
200444720.000,YYQ,recording,knock_twice_right,10,0.644239,4.974520,8.473676,-0.008776,0.004931,-0.000542
200444730.000,YYQ,recording,knock_twice_right,10,0.629283,5.000289,8.484945,-0.000287,0.000473,0.001071
200444740.000,YYQ,recording,knock_twice_right,10,0.686515,4.999846,8.493561,0.009252,-0.001387,0.001593
200444750.000,YYQ,recording,knock_twice_right,10,0.698189,4.984666,8.480787,0.016417,0.000068,0.000662
200444760.000,YYQ,recording,knock_twice_right,10,0.678015,4.950643,8.416154,0.019170,0.000738,-0.000954
200444770.000,YYQ,recording,knock_twice_right,10,0.668273,4.963767,8.396619,0.018301,-0.000100,-0.002602
200444780.000,YYQ,recording,knock_twice_right,10,0.701652,4.980335,8.372729,0.014383,0.001261,-0.005597
200444790.000,YYQ,recording,knock_twice_right,10,0.696985,5.018456,8.300450,0.007902,0.005942,-0.008794
200444800.000,YYQ,recording,knock_twice_right,10,0.693982,4.978732,8.291795,-0.000578,0.010895,-0.009534
200444810.000,YYQ,recording,knock_twice_right,10,0.690981,5.003783,8.325580,-0.008404,0.013860,-0.008348
200444820.000,YYQ,recording,knock_twice_right,10,0.720697,4.997594,8.325880,-0.012967,0.015685,-0.008723
200444830.000,YYQ,recording,knock_twice_right,10,0.704771,4.989533,8.313149,-0.015769,0.014894,-0.010154
200444840.000,YYQ,recording,knock_twice_right,10,0.681150,4.989095,8.356393,-0.014862,0.012397,-0.009268
200444850.000,YYQ,recording,knock_twice_right,10,0.655277,4.967595,8.389275,-0.010341,0.009993,-0.006203
200444860.000,YYQ,recording,knock_twice_right,10,0.613989,4.965949,8.339668,-0.007620,0.006659,-0.001844
200444870.000,YYQ,recording,knock_twice_right,10,0.611577,4.993460,8.303530,-0.010818,0.003047,0.002271
200444880.000,YYQ,recording,knock_twice_right,10,0.630124,5.001275,8.326523,-0.018816,0.000456,0.004242
200444890.000,YYQ,recording,knock_twice_right,10,0.710025,5.008483,8.407721,-0.022741,0.002546,0.002872
200444900.000,YYQ,recording,knock_twice_right,10,0.714782,4.966736,8.453192,-0.019671,0.008261,-0.000739
200444910.000,YYQ,recording,knock_twice_right,10,0.689883,4.947867,8.451614,-0.013331,0.011835,-0.004556
200444920.000,YYQ,recording,knock_twice_right,10,0.640637,4.951987,8.493292,-0.006524,0.010117,-0.007773
200444930.000,YYQ,recording,knock_twice_right,10,0.642712,4.934133,8.510597,-0.000994,0.007260,-0.011756
200444940.000,YYQ,recording,knock_twice_right,10,0.620032,4.935497,8.495681,0.001846,0.005565,-0.016763
200444950.000,YYQ,recording,knock_twice_right,10,0.610364,4.906203,8.469557,0.003868,0.004831,-0.019277
200444960.000,YYQ,recording,knock_twice_right,10,0.593345,4.917423,8.451035,0.005100,0.005891,-0.019746
200444970.000,YYQ,recording,knock_twice_right,10,0.615619,4.944784,8.480153,0.005645,0.006811,-0.020136
200444980.000,YYQ,recording,knock_twice_right,10,0.654565,4.916912,8.496274,0.010223,0.006688,-0.021699
200444990.000,YYQ,recording,knock_twice_right,10,0.675088,4.914895,8.529971,0.019313,0.006273,-0.024995
200445000.000,YYQ,recording,knock_twice_right,10,0.696963,4.921772,8.499278,0.030853,0.005792,-0.028357
200445010.000,YYQ,recording,knock_twice_right,10,0.675590,4.956967,8.503908,0.043183,0.005002,-0.032443
200445020.000,YYQ,recording,knock_twice_right,10,0.704066,5.009372,8.510442,0.054960,0.007867,-0.038034
200445030.000,YYQ,recording,knock_twice_right,10,0.684552,4.993259,8.455009,0.064469,0.017179,-0.045773
200445040.000,YYQ,recording,knock_twice_right,10,0.637581,5.002495,8.434804,0.068951,0.029261,-0.053518
200445050.000,YYQ,recording,knock_twice_right,10,0.530464,4.988708,8.447854,0.068320,0.040205,-0.056187
200445060.000,YYQ,recording,knock_twice_right,10,0.472166,4.966194,8.438425,0.064404,0.045713,-0.053012
200445070.000,YYQ,recording,knock_twice_right,10,0.435146,5.025360,8.449250,0.059308,0.040380,-0.047813
200445080.000,YYQ,recording,knock_twice_right,10,0.496324,5.069809,8.537181,0.063001,0.033451,-0.044633
200445090.000,YYQ,recording,knock_twice_right,10,0.581522,4.964177,8.587158,0.076409,0.027621,-0.043793
200445100.000,YYQ,recording,knock_twice_right,10,0.471949,4.964461,8.400807,0.086865,0.017766,-0.042170
200445110.000,YYQ,recording,knock_twice_right,10,0.453325,5.051778,8.279318,0.085108,0.014543,-0.037753
200445120.000,YYQ,recording,knock_twice_right,10,0.471203,5.034061,8.140660,0.067830,0.023065,-0.030766
200445130.000,YYQ,recording,knock_twice_right,10,0.511268,5.000312,8.087313,0.041716,0.035940,-0.022834
200445140.000,YYQ,recording,knock_twice_right,10,0.509407,4.995042,8.114519,0.016468,0.047343,-0.015633
200445150.000,YYQ,recording,knock_twice_right,10,0.542989,4.952057,8.174661,-0.001428,0.055493,-0.010822
200445160.000,YYQ,recording,knock_twice_right,10,0.562462,4.984405,8.255863,-0.007453,0.057873,-0.008645
200445170.000,YYQ,recording,knock_twice_right,10,0.564454,4.948464,8.407641,0.001858,0.059168,-0.010487
200445180.000,YYQ,recording,knock_twice_right,10,0.556825,4.881689,8.469348,0.021637,0.063330,-0.016571
200445190.000,YYQ,recording,knock_twice_right,10,0.533968,4.928408,8.433045,0.043099,0.066947,-0.024458
200445200.000,YYQ,recording,knock_twice_right,10,0.549818,4.972266,8.387852,0.064514,0.063463,-0.035203
200445210.000,YYQ,recording,knock_twice_right,10,0.719346,4.978933,8.710725,0.099189,0.051693,-0.056459
200445220.000,YYQ,recording,knock_twice_right,10,1.143662,4.991167,9.245118,0.169984,0.028782,-0.096211
200445230.000,YYQ,recording,knock_twice_right,10,1.331626,5.120953,9.654739,0.286996,-0.000328,-0.151528
200445240.000,YYQ,recording,knock_twice_right,10,1.149700,5.113989,9.483424,0.426827,-0.009747,-0.209227
200445250.000,YYQ,recording,knock_twice_right,10,0.664910,5.031498,8.525223,0.532085,0.026149,-0.249429
200445260.000,YYQ,recording,knock_twice_right,10,-1.850539,4.724185,6.646227,0.497307,0.210326,-0.204538
200445270.000,YYQ,recording,knock_twice_right,10,-4.405268,4.648292,4.534375,0.290484,0.351624,-0.086089
200445280.000,YYQ,recording,knock_twice_right,10,0.554254,5.215906,7.241232,0.016791,0.309398,0.088642
200445290.000,YYQ,recording,knock_twice_right,10,-0.689027,6.999506,7.745238,-0.167623,0.204770,0.252518
200445300.000,YYQ,recording,knock_twice_right,10,2.142773,5.755388,9.699441,-0.187364,0.043402,0.306394
200445310.000,YYQ,recording,knock_twice_right,10,0.903207,5.458299,9.488996,-0.109958,-0.122716,0.320275
200445320.000,YYQ,recording,knock_twice_right,10,1.043663,4.966003,9.870805,0.011144,-0.259712,0.338902
200445330.000,YYQ,recording,knock_twice_right,10,1.613861,4.938868,9.933577,0.165365,-0.332298,0.330133
200445340.000,YYQ,recording,knock_twice_right,10,1.752882,5.113902,9.336878,0.309324,-0.334796,0.268086
200445350.000,YYQ,recording,knock_twice_right,10,2.342654,5.115561,8.853171,0.398663,-0.289376,0.161001
200445360.000,YYQ,recording,knock_twice_right,10,2.213256,5.260934,8.095680,0.420009,-0.198056,0.018142
200445370.000,YYQ,recording,knock_twice_right,10,2.217144,5.204910,7.456425,0.367523,-0.075730,-0.150899
200445380.000,YYQ,recording,knock_twice_right,10,1.792783,5.346461,7.004741,0.253838,0.057799,-0.320106
200445390.000,YYQ,recording,knock_twice_right,10,1.092799,5.310878,6.907593,0.109390,0.199037,-0.453706
200445400.000,YYQ,recording,knock_twice_right,10,-0.228774,5.339134,6.542190,-0.054957,0.349131,-0.514075
200445410.000,YYQ,recording,knock_twice_right,10,-1.495344,5.334573,6.091682,-0.247867,0.487047,-0.480854
200445420.000,YYQ,recording,knock_twice_right,10,-1.569738,5.026735,6.048640,-0.459858,0.555838,-0.380582
200445430.000,YYQ,recording,knock_twice_right,10,-0.974487,4.974925,6.730975,-0.641904,0.536582,-0.263685
200445440.000,YYQ,recording,knock_twice_right,10,-0.535050,5.319039,7.813244,-0.730774,0.453090,-0.163756
200445450.000,YYQ,recording,knock_twice_right,10,0.036523,5.261137,9.202145,-0.680779,0.316235,-0.099473
200445460.000,YYQ,recording,knock_twice_right,10,0.362129,4.913207,10.476361,-0.486816,0.161750,-0.074160
200445470.000,YYQ,recording,knock_twice_right,10,0.124889,4.608743,10.765719,-0.201351,0.031274,-0.072307
200445480.000,YYQ,recording,knock_twice_right,10,-0.144131,4.401345,10.188030,0.083629,-0.078383,-0.071726
200445490.000,YYQ,recording,knock_twice_right,10,-0.381821,4.661865,9.439613,0.295994,-0.165770,-0.060698
200445500.000,YYQ,recording,knock_twice_right,10,-0.803435,4.649007,8.424132,0.407032,-0.156316,-0.020497
200445510.000,YYQ,recording,knock_twice_right,10,-4.300082,4.473138,6.046129,0.364167,-0.102189,0.084049
200445520.000,YYQ,recording,knock_twice_right,10,-2.269523,4.501585,6.119532,0.162205,-0.109369,0.269930
200445530.000,YYQ,recording,knock_twice_right,10,-1.062242,5.955676,6.791263,-0.082147,-0.175178,0.464611
200445540.000,YYQ,recording,knock_twice_right,10,1.867203,6.176124,8.230145,-0.236915,-0.299297,0.553271
200445550.000,YYQ,recording,knock_twice_right,10,1.936589,5.844591,8.926286,-0.254100,-0.454808,0.546981
200445560.000,YYQ,recording,knock_twice_right,10,2.313360,5.260911,9.895948,-0.150583,-0.575886,0.511693
200445570.000,YYQ,recording,knock_twice_right,10,2.381496,4.964365,9.939263,0.029559,-0.592063,0.437624
200445580.000,YYQ,recording,knock_twice_right,10,2.712305,4.956141,9.448394,0.199593,-0.494263,0.308512
200445590.000,YYQ,recording,knock_twice_right,10,2.377140,5.089950,8.294570,0.272703,-0.335639,0.144939
200445600.000,YYQ,recording,knock_twice_right,10,2.178832,5.089133,7.518368,0.226525,-0.159893,-0.025511
200445610.000,YYQ,recording,knock_twice_right,10,1.739208,5.105528,7.218030,0.102463,0.034272,-0.174609
200445620.000,YYQ,recording,knock_twice_right,10,1.043929,5.458090,7.106899,-0.055756,0.233087,-0.261293
200445630.000,YYQ,recording,knock_twice_right,10,-0.040767,6.155691,6.932067,-0.236222,0.350532,-0.252490
200445640.000,YYQ,recording,knock_twice_right,10,-0.321447,5.768827,7.192837,-0.410501,0.390651,-0.221618
200445650.000,YYQ,recording,knock_twice_right,10,0.490749,4.403936,7.426411,-0.521083,0.452622,-0.233100
200445660.000,YYQ,recording,knock_twice_right,10,-0.167241,4.890380,8.362062,-0.540029,0.468789,-0.226861
200445670.000,YYQ,recording,knock_twice_right,10,-0.260084,5.359875,9.600399,-0.469971,0.349392,-0.170983
200445680.000,YYQ,recording,knock_twice_right,10,-0.065888,5.191115,10.124859,-0.326107,0.183422,-0.109645
200445690.000,YYQ,recording,knock_twice_right,10,0.133521,4.735453,9.830883,-0.150276,0.062965,-0.075717
200445700.000,YYQ,recording,knock_twice_right,10,-0.120588,4.536998,9.227228,-0.004386,-0.018398,-0.047922
200445710.000,YYQ,recording,knock_twice_right,10,-0.318566,4.758009,8.712667,0.071088,-0.081061,-0.003737
200445720.000,YYQ,recording,knock_twice_right,10,-0.171848,4.953377,8.377040,0.080297,-0.110046,0.045562
200445730.000,YYQ,recording,knock_twice_right,10,0.127999,4.995351,8.262138,0.053483,-0.099719,0.080468
200445740.000,YYQ,recording,knock_twice_right,10,0.373661,4.966967,8.334475,0.022497,-0.069939,0.098809
200445750.000,YYQ,recording,knock_twice_right,10,0.506039,4.977116,8.378142,0.002208,-0.042326,0.109660
200445760.000,YYQ,recording,knock_twice_right,10,0.564949,5.021583,8.370752,-0.010148,-0.031083,0.113747
200445770.000,YYQ,recording,knock_twice_right,10,0.601535,5.003431,8.437468,-0.014616,-0.035525,0.107917
200445780.000,YYQ,recording,knock_twice_right,10,0.636845,4.984555,8.471829,-0.008366,-0.042521,0.092137
200445790.000,YYQ,recording,knock_twice_right,10,0.570816,4.950254,8.457458,0.004130,-0.043810,0.070135
200445800.000,YYQ,recording,knock_twice_right,10,0.445019,4.994690,8.312514,0.014697,-0.038817,0.051393
200445810.000,YYQ,recording,knock_twice_right,10,0.367557,5.003236,8.178146,0.014481,-0.032956,0.040369
200445820.000,YYQ,recording,knock_twice_right,10,0.346541,5.103492,8.016115,-0.002756,-0.029831,0.033077
200445830.000,YYQ,recording,knock_twice_right,10,0.369613,5.111117,8.021000,-0.033341,-0.028784,0.027555
200445840.000,YYQ,recording,knock_twice_right,10,0.365269,5.096888,8.184831,-0.064656,-0.029760,0.025501
200445850.000,YYQ,recording,knock_twice_right,10,0.435601,5.014180,8.396388,-0.082051,-0.031197,0.025561
200445860.000,YYQ,recording,knock_twice_right,10,0.551927,4.948649,8.603894,-0.078046,-0.035990,0.023000
200445870.000,YYQ,recording,knock_twice_right,10,0.643005,4.933241,8.766691,-0.055804,-0.045392,0.017436
200445880.000,YYQ,recording,knock_twice_right,10,0.701297,4.938136,8.783752,-0.024158,-0.054121,0.012341
200445890.000,YYQ,recording,knock_twice_right,10,0.677340,4.942798,8.687014,0.006540,-0.057460,0.008558
200445900.000,YYQ,recording,knock_twice_right,10,0.654333,4.942581,8.551694,0.028734,-0.054072,0.005444
200445910.000,YYQ,recording,knock_twice_right,10,0.638517,4.992166,8.458295,0.041121,-0.042970,0.003145
200445920.000,YYQ,recording,knock_twice_right,10,0.537128,5.030538,8.327824,0.042413,-0.025037,0.001535
200445930.000,YYQ,recording,knock_twice_right,10,0.499245,5.029434,8.192930,0.029778,-0.010102,-0.000284
200445940.000,YYQ,recording,knock_twice_right,10,0.501604,5.069458,8.108155,0.005475,-0.006116,-0.000391
200445950.000,YYQ,recording,knock_twice_right,10,0.468433,5.056102,8.123636,-0.021563,-0.014495,0.001048
200445960.000,YYQ,recording,knock_twice_right,10,0.451013,5.066681,8.281444,-0.040857,-0.031944,0.002403
200445970.000,YYQ,recording,knock_twice_right,10,0.472537,5.069296,8.469642,-0.043126,-0.054390,0.004389
200445980.000,YYQ,recording,knock_twice_right,10,0.490944,5.021028,8.580403,-0.025872,-0.078996,0.004873
200445990.000,YYQ,recording,knock_twice_right,10,0.554462,5.014455,8.605220,0.002660,-0.100117,0.002270
200446000.000,YYQ,recording,knock_twice_right,10,0.526728,4.993579,8.492989,0.028990,-0.114771,0.001037
200446010.000,YYQ,recording,knock_twice_right,10,0.493782,5.013381,8.287420,0.040752,-0.124741,0.003316
200446020.000,YYQ,recording,knock_twice_right,10,0.489990,5.067430,8.229158,0.038329,-0.138043,0.008758
200446030.000,YYQ,recording,knock_twice_right,10,0.375972,5.100343,8.356737,0.036756,-0.163621,0.017874
200446040.000,YYQ,recording,knock_twice_right,10,0.423939,5.061363,8.491989,0.046820,-0.206984,0.029675
200446050.000,YYQ,recording,knock_twice_right,10,0.465801,5.001041,8.610131,0.065685,-0.269141,0.051667
200446060.000,YYQ,recording,knock_twice_right,10,0.535258,4.868321,8.693904,0.077617,-0.340535,0.098021
200446070.000,YYQ,recording,knock_twice_right,10,0.470177,5.017636,8.756363,0.090174,-0.406687,0.143127
200446080.000,YYQ,recording,knock_twice_right,10,0.441709,5.122230,8.633862,0.120965,-0.460581,0.150641
200446090.000,YYQ,recording,knock_twice_right,10,0.903392,4.896642,8.275322,0.151832,-0.502642,0.136189
200446100.000,YYQ,recording,knock_twice_right,10,0.699417,5.137096,8.235323,0.155533,-0.527307,0.135234
200446110.000,YYQ,recording,knock_twice_right,10,0.481276,5.173394,8.173750,0.129670,-0.526153,0.156168
200446120.000,YYQ,recording,knock_twice_right,10,0.700037,5.006511,8.209871,0.100361,-0.500361,0.180409
200446130.000,YYQ,recording,knock_twice_right,10,0.954940,4.897679,8.227277,0.086904,-0.456991,0.193909
200446140.000,YYQ,recording,knock_twice_right,10,1.087322,4.988778,8.228018,0.080462,-0.397125,0.193407
200446150.000,YYQ,recording,knock_twice_right,10,1.222726,5.034364,8.203290,0.068957,-0.314235,0.178874
200446160.000,YYQ,recording,knock_twice_right,10,1.158287,5.030193,8.194298,0.052541,-0.218203,0.159389
200446170.000,YYQ,recording,knock_twice_right,10,1.206106,4.936589,8.152024,0.033322,-0.133777,0.146092
200446180.000,YYQ,recording,knock_twice_right,10,1.285402,5.022963,8.142037,0.008788,-0.064422,0.139847
200446190.000,YYQ,recording,knock_twice_right,10,1.382179,5.083851,8.052479,-0.023445,0.000029,0.134544
200446200.000,YYQ,recording,knock_twice_right,10,1.335844,5.112629,7.978757,-0.062876,0.066949,0.123503
200446210.000,YYQ,recording,knock_twice_right,10,1.314243,5.112872,8.006662,-0.111201,0.137726,0.104051
200446220.000,YYQ,recording,knock_twice_right,10,1.258238,5.054070,8.087826,-0.159942,0.206059,0.080363
200446230.000,YYQ,recording,knock_twice_right,10,1.342891,5.030924,8.219546,-0.197561,0.256080,0.055468
200446240.000,YYQ,recording,knock_twice_right,10,1.291462,4.996063,8.306656,-0.223537,0.279953,0.029374
200446250.000,YYQ,recording,knock_twice_right,10,1.133093,4.940924,8.429944,-0.241705,0.289801,0.003212
200446260.000,YYQ,recording,knock_twice_right,10,1.015132,4.903695,8.516232,-0.249832,0.288370,-0.019095
200446270.000,YYQ,recording,knock_twice_right,10,0.923221,4.969213,8.597841,-0.240847,0.269221,-0.031592
200446280.000,YYQ,recording,knock_twice_right,10,0.898746,4.977180,8.596082,-0.216176,0.238189,-0.035638
200446290.000,YYQ,recording,knock_twice_right,10,0.985629,4.920275,8.763717,-0.178325,0.198886,-0.037607
200446300.000,YYQ,recording,knock_twice_right,10,1.087086,4.921107,8.839589,-0.140181,0.168809,-0.037947
200446310.000,YYQ,recording,knock_twice_right,10,0.977102,4.852200,8.817563,-0.102872,0.155189,-0.042357
200446320.000,YYQ,recording,knock_twice_right,10,1.034074,4.696161,8.814385,-0.048758,0.137173,-0.048386
200446330.000,YYQ,recording,knock_twice_right,10,1.097362,4.707761,8.683105,0.005660,0.109604,-0.052487
200446340.000,YYQ,recording,knock_twice_right,10,1.047868,4.926095,8.507572,0.035337,0.085397,-0.057868
200446350.000,YYQ,recording,knock_twice_right,10,0.879304,4.874568,8.392971,0.043312,0.073123,-0.057364
200446360.000,YYQ,recording,knock_twice_right,10,0.898557,4.765727,8.355390,0.043099,0.062273,-0.051184
200446370.000,YYQ,recording,knock_twice_right,10,0.909532,4.814365,8.392778,0.045301,0.049332,-0.043457
200446380.000,YYQ,recording,knock_twice_right,10,0.918607,4.810075,8.382930,0.051260,0.039846,-0.038794
200446390.000,YYQ,recording,knock_twice_right,10,0.955068,4.839352,8.291796,0.054694,0.035237,-0.036763
200446400.000,YYQ,recording,knock_twice_right,10,0.898238,4.878481,8.227139,0.052044,0.032228,-0.033489
200446410.000,YYQ,recording,knock_twice_right,10,0.927857,4.888457,8.161857,0.043519,0.029472,-0.030400
200446420.000,YYQ,recording,knock_twice_right,10,0.972078,4.901123,8.161623,0.029156,0.028944,-0.028660
200446430.000,YYQ,recording,knock_twice_right,10,0.985422,4.909026,8.143757,0.010858,0.028318,-0.029804
200446440.000,YYQ,recording,knock_twice_right,10,0.958270,4.910157,8.208159,-0.006479,0.022261,-0.031946
200446450.000,YYQ,recording,knock_twice_right,10,0.953162,4.929371,8.318960,-0.018375,0.014250,-0.033578
200446460.000,YYQ,recording,knock_twice_right,10,0.917665,4.895642,8.414241,-0.022426,0.009437,-0.037327
200446470.000,YYQ,recording,knock_twice_right,10,0.879328,4.887160,8.434732,-0.020857,0.006531,-0.039321
200446480.000,YYQ,recording,knock_twice_right,10,0.824457,4.873100,8.381906,-0.023553,0.006583,-0.035786
200446490.000,YYQ,recording,knock_twice_right,10,0.787747,4.944315,8.283554,-0.033712,0.010910,-0.032552
200446500.000,YYQ,recording,knock_twice_right,10,0.756620,4.905256,8.271970,-0.045718,0.016858,-0.029979
200446510.000,YYQ,recording,knock_twice_right,10,0.724186,4.883011,8.332892,-0.057366,0.027467,-0.023584
200446520.000,YYQ,recording,knock_twice_right,10,0.794007,4.863735,8.491432,-0.066002,0.039532,-0.017983
200446530.000,YYQ,recording,knock_twice_right,10,0.804684,4.845918,8.560726,-0.065650,0.049833,-0.016446
200446540.000,YYQ,recording,knock_twice_right,10,0.772031,4.836507,8.622279,-0.055555,0.057169,-0.017071
200446550.000,YYQ,recording,knock_twice_right,10,0.804967,4.823344,8.642820,-0.040164,0.057021,-0.018050
200446560.000,YYQ,recording,knock_twice_right,10,0.824578,4.787734,8.684305,-0.022276,0.050945,-0.018533
200446570.000,YYQ,recording,knock_twice_right,10,0.808808,4.756983,8.667502,-0.003307,0.039708,-0.018738
200446580.000,YYQ,recording,knock_twice_right,10,0.771770,4.761201,8.618645,0.013906,0.027062,-0.017182
200446590.000,YYQ,recording,knock_twice_right,10,0.711281,4.794198,8.550765,0.024616,0.016486,-0.014115
200446600.000,YYQ,recording,knock_twice_right,10,0.728473,4.826981,8.440812,0.027458,0.011211,-0.011965
200446610.000,YYQ,recording,knock_twice_right,10,0.705361,4.830656,8.346131,0.023424,0.015004,-0.008834
200446620.000,YYQ,recording,knock_twice_right,10,0.703420,4.855701,8.304132,0.014462,0.024860,-0.003937
200446630.000,YYQ,recording,knock_twice_right,10,0.747661,4.896789,8.330383,0.004050,0.036841,-0.001152
200446640.000,YYQ,recording,knock_twice_right,10,0.778612,4.920165,8.318142,-0.007063,0.050697,-0.001618
200446650.000,YYQ,recording,knock_twice_right,10,0.738055,4.916273,8.292159,-0.022348,0.066593,-0.001790
200446660.000,YYQ,recording,knock_twice_right,10,0.722163,4.882082,8.267468,-0.042392,0.080198,-0.000202
200446670.000,YYQ,recording,knock_twice_right,10,0.683165,4.871776,8.437291,-0.061752,0.085295,0.001257
200446680.000,YYQ,recording,knock_twice_right,10,0.698322,4.877512,8.582592,-0.070843,0.077358,0.001945
200446690.000,YYQ,recording,knock_twice_right,10,0.716372,4.849438,8.805732,-0.060884,0.056772,0.001678
200446700.000,YYQ,recording,knock_twice_right,10,0.695631,4.841492,8.876146,-0.032067,0.028174,-0.000138
200446710.000,YYQ,recording,knock_twice_right,10,0.722045,4.850950,8.862666,0.003394,-0.000434,-0.001969
200446720.000,YYQ,recording,knock_twice_right,10,0.701402,4.880542,8.756996,0.032747,-0.018963,-0.001750
200446730.000,YYQ,recording,knock_twice_right,10,0.720396,4.893571,8.599624,0.051190,-0.023430,-0.000140
200446740.000,YYQ,recording,knock_twice_right,10,0.704893,4.901946,8.435050,0.055634,-0.013747,0.002649
200446750.000,YYQ,recording,knock_twice_right,10,0.683779,4.907857,8.263446,0.044848,0.006067,0.007345
200446760.000,YYQ,recording,knock_twice_right,10,0.684381,4.876073,8.177482,0.021669,0.028916,0.012228
200446770.000,YYQ,recording,knock_twice_right,10,0.696081,4.877376,8.138892,-0.009758,0.048113,0.016240
200446780.000,YYQ,recording,knock_twice_right,10,0.717726,4.844512,8.158465,-0.043336,0.060180,0.018413
200446790.000,YYQ,recording,knock_twice_right,10,0.718852,4.846906,8.246051,-0.071266,0.063925,0.018524
200446800.000,YYQ,recording,knock_twice_right,10,0.755865,4.816228,8.386916,-0.085276,0.057853,0.015716
200446810.000,YYQ,recording,knock_twice_right,10,0.800543,4.783086,8.642636,-0.078307,0.046306,0.009777
200446820.000,YYQ,recording,knock_twice_right,10,0.766484,4.777656,8.779355,-0.050291,0.034362,0.003407
200446830.000,YYQ,recording,knock_twice_right,10,0.757792,4.733002,8.779976,-0.012881,0.022008,-0.002692
200446840.000,YYQ,recording,knock_twice_right,10,0.716858,4.760066,8.670997,0.018419,0.012125,-0.005663
200446850.000,YYQ,recording,knock_twice_right,10,0.714456,4.765458,8.534615,0.034519,0.007765,-0.006862
200446860.000,YYQ,recording,knock_twice_right,10,0.692856,4.808548,8.360285,0.034212,0.009852,-0.007360
200446870.000,YYQ,recording,knock_twice_right,10,0.632475,4.825649,8.308138,0.021802,0.015666,-0.004016
200446880.000,YYQ,recording,knock_twice_right,10,0.608245,4.832581,8.328921,0.006257,0.018455,0.001705
200446890.000,YYQ,recording,knock_twice_right,10,0.675737,4.857870,8.415273,-0.004165,0.015180,0.006279
200446900.000,YYQ,recording,knock_twice_right,10,0.718707,4.879654,8.492318,-0.006399,0.007714,0.007855
200446910.000,YYQ,recording,knock_twice_right,10,0.745373,4.883328,8.501806,-0.002556,0.001903,0.005964
200446920.000,YYQ,recording,knock_twice_right,10,0.742826,4.849977,8.488777,0.002129,-0.000203,0.003169
200446930.000,YYQ,recording,knock_twice_right,10,0.774027,4.792784,8.484543,0.006343,0.000635,0.001767
200446940.000,YYQ,recording,knock_twice_right,10,0.813596,4.780063,8.490074,0.009997,0.006959,0.000131
200446950.000,YYQ,recording,knock_twice_right,10,0.799765,4.806618,8.457067,0.010384,0.013706,-0.001806
200446960.000,YYQ,recording,knock_twice_right,10,0.769391,4.799269,8.445419,0.007327,0.014806,-0.002769
200446970.000,YYQ,recording,knock_twice_right,10,0.746783,4.826957,8.434304,0.005050,0.013270,-0.002082
200446980.000,YYQ,recording,knock_twice_right,10,0.730433,4.826106,8.423275,0.004313,0.009663,-0.000525
200446990.000,YYQ,recording,knock_twice_right,10,0.755788,4.845902,8.354060,0.002164,0.003393,-0.000011
200447000.000,YYQ,recording,knock_twice_right,10,0.779481,4.873277,8.314597,-0.002819,-0.001465,0.000697
200447010.000,YYQ,recording,knock_twice_right,10,0.803173,4.872831,8.332082,-0.009823,-0.002621,0.001631
200447020.000,YYQ,recording,knock_twice_right,10,0.862434,4.942010,8.325673,-0.016089,0.001148,0.000995
200447030.000,YYQ,recording,knock_twice_right,10,0.903104,4.893976,8.355802,-0.022334,0.008251,0.000301
200447040.000,YYQ,recording,knock_twice_right,10,0.909468,4.909552,8.421677,-0.028660,0.014644,-0.001928
200447050.000,YYQ,recording,knock_twice_right,10,0.955151,4.935800,8.594391,-0.025497,0.019849,-0.005581
200447060.000,YYQ,recording,knock_twice_right,10,0.917652,4.889078,8.781085,-0.006880,0.025314,-0.007192
200447070.000,YYQ,recording,knock_twice_right,10,0.825584,4.885963,8.872041,0.019618,0.029643,-0.008886
200447080.000,YYQ,recording,knock_twice_right,10,0.758668,4.908350,8.817559,0.043633,0.028947,-0.011657
200447090.000,YYQ,recording,knock_twice_right,10,0.692491,4.951982,8.726000,0.061358,0.023327,-0.013370
200447100.000,YYQ,recording,knock_twice_right,10,0.671047,4.939520,8.647146,0.072295,0.017540,-0.013835
200447110.000,YYQ,recording,knock_twice_right,10,0.632748,4.950829,8.568953,0.075552,0.012028,-0.013168
200447120.000,YYQ,recording,knock_twice_right,10,0.621734,4.973987,8.511227,0.074437,0.004185,-0.013311
200447130.000,YYQ,recording,knock_twice_right,10,0.605115,4.987328,8.509930,0.074181,-0.004457,-0.014270
200447140.000,YYQ,recording,knock_twice_right,10,0.662061,4.965339,8.505689,0.077428,-0.012248,-0.014793
200447150.000,YYQ,recording,knock_twice_right,10,0.656021,4.944089,8.478861,0.084449,-0.018432,-0.016087
200447160.000,YYQ,recording,knock_twice_right,10,0.638756,4.931814,8.402965,0.089219,-0.021614,-0.017067
200447170.000,YYQ,recording,knock_twice_right,10,0.594748,4.948298,8.287568,0.085344,-0.022142,-0.015596
200447180.000,YYQ,recording,knock_twice_right,10,0.551328,4.931339,8.220931,0.073010,-0.019772,-0.011699
200447190.000,YYQ,recording,knock_twice_right,10,0.529867,4.906850,8.204113,0.056089,-0.016515,-0.006918
200447200.000,YYQ,recording,knock_twice_right,10,0.593553,4.893281,8.228243,0.040199,-0.016509,-0.004803
200447210.000,YYQ,recording,knock_twice_right,10,0.626775,4.903378,8.300874,0.031741,-0.018959,-0.006168
200447220.000,YYQ,recording,knock_twice_right,10,0.637279,4.878178,8.352695,0.032256,-0.021656,-0.009253
200447230.000,YYQ,recording,knock_twice_right,10,0.668948,4.919559,8.353127,0.037194,-0.024058,-0.012760
200447240.000,YYQ,recording,knock_twice_right,10,0.691887,4.926311,8.315921,0.041210,-0.025481,-0.016664
200447250.000,YYQ,recording,knock_twice_right,10,0.670481,4.974538,8.259477,0.038449,-0.023925,-0.020777
200447260.000,YYQ,recording,knock_twice_right,10,0.644591,4.991675,8.202738,0.025417,-0.018591,-0.022535
200447270.000,YYQ,recording,knock_twice_right,10,0.613065,5.003991,8.170084,0.006353,-0.010831,-0.020481
200447280.000,YYQ,recording,knock_twice_right,10,0.591916,4.990093,8.150556,-0.015005,-0.003083,-0.015939
200447290.000,YYQ,recording,knock_twice_right,10,0.593592,4.999713,8.194871,-0.037274,0.002582,-0.011117
200447300.000,YYQ,recording,knock_twice_right,11,0.614451,4.982647,8.266175,-0.055826,0.005183,-0.007685
200447310.000,YYQ,recording,knock_twice_right,11,0.691353,4.960122,8.408246,-0.065143,0.003252,-0.006656
200447320.000,YYQ,recording,knock_twice_right,11,0.748570,4.928175,8.523618,-0.062216,0.000910,-0.007405
200447330.000,YYQ,recording,knock_twice_right,11,0.736800,4.915954,8.588465,-0.050677,0.000067,-0.008985
200447340.000,YYQ,recording,knock_twice_right,11,0.721118,4.899640,8.592831,-0.035256,-0.000243,-0.009516
200447350.000,YYQ,recording,knock_twice_right,11,0.671168,4.939206,8.590010,-0.020701,0.002611,-0.007788
200447360.000,YYQ,recording,knock_twice_right,11,0.668508,4.923800,8.543362,-0.010147,0.006700,-0.004058
200447370.000,YYQ,recording,knock_twice_right,11,0.687483,4.921514,8.486346,-0.003646,0.009310,-0.000483
200447380.000,YYQ,recording,knock_twice_right,11,0.685488,4.950055,8.446436,-0.001021,0.011004,0.001505
200447390.000,YYQ,recording,knock_twice_right,11,0.680026,4.987414,8.422131,-0.001621,0.009868,0.002076
200447400.000,YYQ,recording,knock_twice_right,11,0.630778,4.989643,8.477906,-0.002681,0.005286,0.001723
200447410.000,YYQ,recording,knock_twice_right,11,0.602402,4.975366,8.572807,0.003871,-0.000437,0.001763
200447420.000,YYQ,recording,knock_twice_right,11,0.600633,4.953794,8.640665,0.017734,-0.008179,0.002096
200447430.000,YYQ,recording,knock_twice_right,11,0.592541,4.937574,8.609456,0.033157,-0.014840,0.002011
200447440.000,YYQ,recording,knock_twice_right,11,0.585586,4.936380,8.494765,0.045918,-0.017712,0.002471
200447450.000,YYQ,recording,knock_twice_right,11,0.605803,4.941638,8.353921,0.050021,-0.018842,0.004656
200447460.000,YYQ,recording,knock_twice_right,11,0.636646,4.936482,8.281759,0.044038,-0.016849,0.007475
200447470.000,YYQ,recording,knock_twice_right,11,0.666704,4.932398,8.281406,0.030905,-0.010746,0.009166
200447480.000,YYQ,recording,knock_twice_right,11,0.682273,4.951365,8.304423,0.018601,-0.003399,0.010170
200447490.000,YYQ,recording,knock_twice_right,11,0.645525,4.931631,8.358998,0.010806,0.000772,0.010884
200447500.000,YYQ,recording,knock_twice_right,11,0.652867,4.923930,8.384249,0.006514,0.000928,0.009322
200447510.000,YYQ,recording,knock_twice_right,11,0.661857,4.955055,8.379770,0.006272,-0.000076,0.006740
200447520.000,YYQ,recording,knock_twice_right,11,0.641314,4.943469,8.347294,0.006980,-0.000347,0.006250
200447530.000,YYQ,recording,knock_twice_right,11,0.727705,4.929566,8.328112,0.003549,0.004481,0.006999
200447540.000,YYQ,recording,knock_twice_right,11,0.740913,4.920770,8.281564,-0.006062,0.016212,0.007166
200447550.000,YYQ,recording,knock_twice_right,11,0.790166,4.934632,8.271943,-0.021279,0.025411,0.005819
200447560.000,YYQ,recording,knock_twice_right,11,0.795225,4.923889,8.440745,-0.035336,0.029369,0.003149
200447570.000,YYQ,recording,knock_twice_right,11,0.800124,4.895170,8.583495,-0.036340,0.033107,-0.000133
200447580.000,YYQ,recording,knock_twice_right,11,0.778398,4.848444,8.664212,-0.023313,0.034972,-0.003137
200447590.000,YYQ,recording,knock_twice_right,11,0.729654,4.897786,8.627077,-0.003767,0.035457,-0.005936
200447600.000,YYQ,recording,knock_twice_right,11,0.756096,4.936584,8.590434,0.016755,0.039429,-0.011105
200447610.000,YYQ,recording,knock_twice_right,11,0.854363,4.932427,8.561096,0.037691,0.047913,-0.020072
200447620.000,YYQ,recording,knock_twice_right,11,0.828842,4.925790,8.442889,0.057754,0.053727,-0.030442
200447630.000,YYQ,recording,knock_twice_right,11,0.797719,4.950273,8.353292,0.068561,0.053867,-0.040482
200447640.000,YYQ,recording,knock_twice_right,11,0.784329,4.992734,8.262151,0.065784,0.055158,-0.049695
200447650.000,YYQ,recording,knock_twice_right,11,0.690650,4.994026,8.212011,0.051512,0.062755,-0.056862
200447660.000,YYQ,recording,knock_twice_right,11,0.645569,4.974417,8.178646,0.029907,0.073189,-0.059130
200447670.000,YYQ,recording,knock_twice_right,11,0.564794,4.971822,8.258940,0.008007,0.079527,-0.057700
200447680.000,YYQ,recording,knock_twice_right,11,0.568709,4.976605,8.323100,-0.007801,0.079836,-0.055407
200447690.000,YYQ,recording,knock_twice_right,11,0.572266,4.993536,8.383722,-0.013968,0.076841,-0.050446
200447700.000,YYQ,recording,knock_twice_right,11,0.565051,4.960268,8.372810,-0.011420,0.071649,-0.043189
200447710.000,YYQ,recording,knock_twice_right,11,0.630863,4.945085,8.417443,-0.003879,0.061081,-0.036234
200447720.000,YYQ,recording,knock_twice_right,11,0.697713,4.954698,8.453075,0.007990,0.049792,-0.032611
200447730.000,YYQ,recording,knock_twice_right,11,0.671498,4.985452,8.483166,0.024696,0.044026,-0.030814
200447740.000,YYQ,recording,knock_twice_right,11,0.642618,4.948791,8.439115,0.040545,0.042180,-0.028955
200447750.000,YYQ,recording,knock_twice_right,11,0.660933,4.930685,8.383964,0.048712,0.042324,-0.029386
200447760.000,YYQ,recording,knock_twice_right,11,0.710740,4.973853,8.421184,0.052111,0.042783,-0.035502
200447770.000,YYQ,recording,knock_twice_right,11,0.711646,5.019593,8.458975,0.055134,0.048463,-0.047328
200447780.000,YYQ,recording,knock_twice_right,11,0.640249,4.976508,8.369136,0.058263,0.058179,-0.061661
200447790.000,YYQ,recording,knock_twice_right,11,0.652991,4.954839,8.425074,0.063603,0.062897,-0.077248
200447800.000,YYQ,recording,knock_twice_right,11,0.678881,4.965110,8.534588,0.075916,0.068589,-0.096905
200447810.000,YYQ,recording,knock_twice_right,11,0.543028,4.959935,8.588953,0.101508,0.073416,-0.124245
200447820.000,YYQ,recording,knock_twice_right,11,-0.031283,4.743283,8.454110,0.133475,0.147559,-0.133518
200447830.000,YYQ,recording,knock_twice_right,11,-3.423628,4.257819,7.105144,0.131736,0.198175,-0.077489
200447840.000,YYQ,recording,knock_twice_right,11,-1.413819,3.833790,7.797703,0.078660,0.179661,0.089217
200447850.000,YYQ,recording,knock_twice_right,11,-1.573202,5.341450,8.024068,0.023842,0.160201,0.287954
200447860.000,YYQ,recording,knock_twice_right,11,1.193419,5.709020,9.272156,0.036142,0.089070,0.365617
200447870.000,YYQ,recording,knock_twice_right,11,1.519225,5.682456,9.114665,0.107763,-0.034746,0.343015
200447880.000,YYQ,recording,knock_twice_right,11,1.826689,5.175041,9.381053,0.165874,-0.202417,0.342310
200447890.000,YYQ,recording,knock_twice_right,11,1.370623,5.040177,9.221041,0.211933,-0.355525,0.369708
200447900.000,YYQ,recording,knock_twice_right,11,2.196091,4.815720,9.710276,0.296113,-0.418675,0.347840
200447910.000,YYQ,recording,knock_twice_right,11,2.571527,5.001446,9.437369,0.406187,-0.372264,0.248090
200447920.000,YYQ,recording,knock_twice_right,11,2.944451,5.234468,9.052518,0.492269,-0.255832,0.088588
200447930.000,YYQ,recording,knock_twice_right,11,2.770988,5.481308,8.646953,0.520776,-0.104018,-0.102552
200447940.000,YYQ,recording,knock_twice_right,11,2.242828,5.844750,8.101482,0.481561,0.059864,-0.287648
200447950.000,YYQ,recording,knock_twice_right,11,1.667560,5.808319,7.663728,0.392997,0.203445,-0.439388
200447960.000,YYQ,recording,knock_twice_right,11,0.497143,5.604184,7.748224,0.285077,0.267022,-0.523297
200447970.000,YYQ,recording,knock_twice_right,11,-0.556970,5.085392,7.491075,0.172270,0.343572,-0.547700
200447980.000,YYQ,recording,knock_twice_right,11,-0.522572,4.153177,5.948498,0.023825,0.530753,-0.510307
200447990.000,YYQ,recording,knock_twice_right,11,-1.595329,5.611202,5.531681,-0.203333,0.675437,-0.377853
200448000.000,YYQ,recording,knock_twice_right,11,-0.734522,6.224504,6.212548,-0.458578,0.667719,-0.218204
200448010.000,YYQ,recording,knock_twice_right,11,0.419736,5.995152,7.912715,-0.603377,0.580130,-0.119812
200448020.000,YYQ,recording,knock_twice_right,11,0.903990,5.283400,9.374638,-0.554235,0.506469,-0.096018
200448030.000,YYQ,recording,knock_twice_right,11,0.386357,4.587527,9.815490,-0.357531,0.433620,-0.110373
200448040.000,YYQ,recording,knock_twice_right,11,0.032750,4.118469,9.551748,-0.121432,0.302525,-0.125557
200448050.000,YYQ,recording,knock_twice_right,11,-0.485249,4.442452,9.476109,0.086941,0.095410,-0.124240
200448060.000,YYQ,recording,knock_twice_right,11,-0.498176,4.816882,10.047528,0.274018,-0.143010,-0.116649
200448070.000,YYQ,recording,knock_twice_right,11,-0.486282,4.796160,10.047188,0.460517,-0.315031,-0.120265
200448080.000,YYQ,recording,knock_twice_right,11,-0.915055,4.177678,8.611193,0.603807,-0.299726,-0.117514
200448090.000,YYQ,recording,knock_twice_right,11,-5.447666,3.794234,4.745187,0.535115,-0.125793,-0.003378
200448100.000,YYQ,recording,knock_twice_right,11,-4.479210,3.945044,4.203622,0.204629,-0.080453,0.285017
200448110.000,YYQ,recording,knock_twice_right,11,-0.826671,6.587814,6.334518,-0.176670,-0.287736,0.584593
200448120.000,YYQ,recording,knock_twice_right,11,3.396922,7.279284,8.408428,-0.375523,-0.557375,0.672997
200448130.000,YYQ,recording,knock_twice_right,11,4.056790,6.481145,9.918923,-0.321635,-0.718918,0.582310
200448140.000,YYQ,recording,knock_twice_right,11,3.402814,5.143013,10.818526,-0.087611,-0.755881,0.459116
200448150.000,YYQ,recording,knock_twice_right,11,2.799888,4.753194,10.543975,0.217093,-0.691852,0.320090
200448160.000,YYQ,recording,knock_twice_right,11,2.942568,4.958425,9.542726,0.454377,-0.547860,0.138045
200448170.000,YYQ,recording,knock_twice_right,11,2.466728,5.270954,8.087659,0.528514,-0.366971,-0.066205
200448180.000,YYQ,recording,knock_twice_right,11,1.962271,5.637715,7.343152,0.449253,-0.165186,-0.228209
200448190.000,YYQ,recording,knock_twice_right,11,0.915392,5.910078,6.382764,0.255053,0.027803,-0.288365
200448200.000,YYQ,recording,knock_twice_right,11,-0.527986,5.988330,5.565962,-0.033623,0.190889,-0.283435
200448210.000,YYQ,recording,knock_twice_right,11,-0.047290,4.575652,5.118803,-0.365457,0.396337,-0.286915
200448220.000,YYQ,recording,knock_twice_right,11,-0.241625,4.836433,5.355837,-0.678312,0.634307,-0.268666
200448230.000,YYQ,recording,knock_twice_right,11,-0.223103,5.780749,6.580955,-0.929499,0.735643,-0.198230
200448240.000,YYQ,recording,knock_twice_right,11,0.311540,6.014365,8.470798,-1.044740,0.640536,-0.123041
200448250.000,YYQ,recording,knock_twice_right,11,0.862368,5.368360,10.145198,-0.955315,0.454193,-0.085159
200448260.000,YYQ,recording,knock_twice_right,11,0.462788,4.694149,10.865351,-0.694978,0.265366,-0.079326
200448270.000,YYQ,recording,knock_twice_right,11,-0.023337,4.212551,10.570956,-0.381452,0.090409,-0.071979
200448280.000,YYQ,recording,knock_twice_right,11,-0.536405,4.431561,9.862890,-0.125952,-0.060229,-0.037185
200448290.000,YYQ,recording,knock_twice_right,11,-0.551704,4.803707,9.071074,0.019007,-0.157154,0.019709
200448300.000,YYQ,recording,knock_twice_right,11,-0.274190,4.970091,8.373917,0.058867,-0.186981,0.074214
200448310.000,YYQ,recording,knock_twice_right,11,0.073853,4.932710,8.059631,0.029204,-0.167012,0.114334
200448320.000,YYQ,recording,knock_twice_right,11,0.338849,4.963367,8.040533,-0.031499,-0.128789,0.140494
200448330.000,YYQ,recording,knock_twice_right,11,0.551909,5.019533,8.312193,-0.088761,-0.096132,0.151269
200448340.000,YYQ,recording,knock_twice_right,11,0.709837,4.991081,8.585741,-0.120280,-0.076932,0.144055
200448350.000,YYQ,recording,knock_twice_right,11,0.763855,4.981960,8.900352,-0.117708,-0.068509,0.120227
200448360.000,YYQ,recording,knock_twice_right,11,0.702045,4.913086,8.983621,-0.082778,-0.061011,0.090072
200448370.000,YYQ,recording,knock_twice_right,11,0.595672,4.878728,8.995987,-0.030632,-0.052398,0.062775
200448380.000,YYQ,recording,knock_twice_right,11,0.482940,4.925051,8.866460,0.021966,-0.046750,0.037722
200448390.000,YYQ,recording,knock_twice_right,11,0.377617,4.955342,8.623077,0.060880,-0.042053,0.015543
200448400.000,YYQ,recording,knock_twice_right,11,0.276095,4.969499,8.345846,0.071779,-0.038165,-0.000517
200448410.000,YYQ,recording,knock_twice_right,11,0.242212,5.014027,8.196419,0.055203,-0.030873,-0.010925
200448420.000,YYQ,recording,knock_twice_right,11,0.237522,5.032971,8.122358,0.019160,-0.015613,-0.015910
200448430.000,YYQ,recording,knock_twice_right,11,0.247091,4.991158,8.127330,-0.023894,-0.001596,-0.013889
200448440.000,YYQ,recording,knock_twice_right,11,0.341358,4.961171,8.336639,-0.055082,0.004253,-0.006159
200448450.000,YYQ,recording,knock_twice_right,11,0.478542,4.905692,8.519215,-0.064441,0.002689,0.001511
200448460.000,YYQ,recording,knock_twice_right,11,0.612467,4.828675,8.616709,-0.052498,-0.009974,0.004099
200448470.000,YYQ,recording,knock_twice_right,11,0.661141,4.806227,8.728679,-0.021842,-0.029204,0.001727
200448480.000,YYQ,recording,knock_twice_right,11,0.650560,4.820572,8.788700,0.022130,-0.041440,-0.002740
200448490.000,YYQ,recording,knock_twice_right,11,0.568126,4.826185,8.627047,0.061605,-0.045180,-0.007224
200448500.000,YYQ,recording,knock_twice_right,11,0.504146,4.926181,8.425655,0.082313,-0.047794,-0.009944
200448510.000,YYQ,recording,knock_twice_right,11,0.503481,4.970028,8.307000,0.084515,-0.044992,-0.010039
200448520.000,YYQ,recording,knock_twice_right,11,0.497772,4.993868,8.179133,0.071574,-0.033139,-0.009098
200448530.000,YYQ,recording,knock_twice_right,11,0.445525,4.983226,8.065925,0.046305,-0.021529,-0.008577
200448540.000,YYQ,recording,knock_twice_right,11,0.460606,5.019801,8.090697,0.016548,-0.012440,-0.008638
200448550.000,YYQ,recording,knock_twice_right,11,0.435516,4.997192,8.108628,-0.011001,-0.001636,-0.006534
200448560.000,YYQ,recording,knock_twice_right,11,0.397618,4.968992,8.136436,-0.034330,0.001882,-0.000446
200448570.000,YYQ,recording,knock_twice_right,11,0.464537,4.953061,8.425634,-0.043792,-0.009768,0.005815
200448580.000,YYQ,recording,knock_twice_right,11,0.521982,4.959418,8.815543,-0.025881,-0.025540,0.008850
200448590.000,YYQ,recording,knock_twice_right,11,0.482373,4.916441,8.840594,0.012586,-0.036120,0.009529
200448600.000,YYQ,recording,knock_twice_right,11,0.466987,4.897491,8.638363,0.046840,-0.044665,0.011358
200448610.000,YYQ,recording,knock_twice_right,11,0.481090,4.978096,8.426664,0.059498,-0.050391,0.013177
200448620.000,YYQ,recording,knock_twice_right,11,0.562075,5.034388,8.318743,0.050208,-0.046981,0.012142
200448630.000,YYQ,recording,knock_twice_right,11,0.584064,5.040515,8.293450,0.030321,-0.034023,0.008160
200448640.000,YYQ,recording,knock_twice_right,11,0.536769,5.000018,8.276200,0.009130,-0.017807,0.004381
200448650.000,YYQ,recording,knock_twice_right,11,0.455927,5.003869,8.319896,-0.011022,-0.005373,0.002851
200448660.000,YYQ,recording,knock_twice_right,11,0.486494,4.996235,8.374616,-0.025150,0.001727,0.001724
200448670.000,YYQ,recording,knock_twice_right,11,0.537054,5.035810,8.459139,-0.027236,0.002119,0.000367
200448680.000,YYQ,recording,knock_twice_right,11,0.576176,5.039334,8.600352,-0.013506,-0.009022,-0.002761
200448690.000,YYQ,recording,knock_twice_right,11,0.596201,5.035863,8.696448,0.014145,-0.026742,-0.007143
200448700.000,YYQ,recording,knock_twice_right,11,0.584354,4.998092,8.632403,0.041642,-0.038228,-0.010446
200448710.000,YYQ,recording,knock_twice_right,11,0.576120,4.984988,8.438038,0.055464,-0.040572,-0.010061
200448720.000,YYQ,recording,knock_twice_right,11,0.523107,5.019238,8.313397,0.052195,-0.035375,-0.005520
200448730.000,YYQ,recording,knock_twice_right,11,0.567051,5.001554,8.248624,0.036907,-0.024452,-0.000587
200448740.000,YYQ,recording,knock_twice_right,11,0.592653,4.995330,8.274301,0.017252,-0.011933,0.001818
200448750.000,YYQ,recording,knock_twice_right,11,0.543292,4.982542,8.360277,0.003076,-0.002772,0.001703
200448760.000,YYQ,recording,knock_twice_right,11,0.531203,4.961580,8.415474,-0.002010,0.000338,0.000406
200448770.000,YYQ,recording,knock_twice_right,11,0.493438,4.936313,8.466055,-0.000077,-0.003178,-0.000558
200448780.000,YYQ,recording,knock_twice_right,11,0.484607,4.935611,8.510560,0.008126,-0.010787,-0.000184
200448790.000,YYQ,recording,knock_twice_right,11,0.530485,4.948478,8.458810,0.018284,-0.017217,0.000904
200448800.000,YYQ,recording,knock_twice_right,11,0.563649,4.962972,8.377376,0.025229,-0.020488,0.000929
200448810.000,YYQ,recording,knock_twice_right,11,0.575224,5.010902,8.270952,0.025899,-0.020227,0.000591
200448820.000,YYQ,recording,knock_twice_right,11,0.553515,5.017842,8.182820,0.018715,-0.015788,0.001218
200448830.000,YYQ,recording,knock_twice_right,11,0.551469,5.016459,8.204331,0.006768,-0.011424,0.001883
200448840.000,YYQ,recording,knock_twice_right,11,0.531072,5.021093,8.310156,-0.002889,-0.010146,0.002198
200448850.000,YYQ,recording,knock_twice_right,11,0.537207,5.036077,8.463554,-0.004109,-0.010307,0.002324
200448860.000,YYQ,recording,knock_twice_right,11,0.517823,5.006249,8.487730,0.003244,-0.013451,0.001014
200448870.000,YYQ,recording,knock_twice_right,11,0.496170,5.012155,8.518114,0.014215,-0.018205,0.000261
200448880.000,YYQ,recording,knock_twice_right,11,0.514939,5.045285,8.521267,0.023861,-0.019532,-0.000036
200448890.000,YYQ,recording,knock_twice_right,11,0.576487,5.030489,8.450690,0.028432,-0.016353,-0.002328
200448900.000,YYQ,recording,knock_twice_right,11,0.619682,5.048928,8.405659,0.030024,-0.011239,-0.004705
200448910.000,YYQ,recording,knock_twice_right,11,0.571601,5.069147,8.349600,0.029532,-0.005916,-0.006110
200448920.000,YYQ,recording,knock_twice_right,11,0.556842,5.048605,8.288162,0.024263,0.000220,-0.005380
200448930.000,YYQ,recording,knock_twice_right,11,0.568299,5.031807,8.213012,0.013174,0.005733,-0.004318
200448940.000,YYQ,recording,knock_twice_right,11,0.568788,5.033318,8.214677,-0.001078,0.007002,-0.005150
200448950.000,YYQ,recording,knock_twice_right,11,0.578658,5.016981,8.246894,-0.013130,0.003759,-0.006525
200448960.000,YYQ,recording,knock_twice_right,11,0.553186,5.020548,8.314407,-0.019894,-0.001919,-0.007487
200448970.000,YYQ,recording,knock_twice_right,11,0.562849,5.003751,8.382014,-0.020371,-0.007286,-0.008197
200448980.000,YYQ,recording,knock_twice_right,11,0.582588,4.979322,8.395993,-0.017456,-0.008237,-0.007432
200448990.000,YYQ,recording,knock_twice_right,11,0.587264,5.004625,8.356549,-0.016382,-0.005639,-0.005594
200449000.000,YYQ,recording,knock_twice_right,11,0.647864,5.006540,8.403840,-0.013860,-0.002509,-0.004631
200449010.000,YYQ,recording,knock_twice_right,11,0.640624,5.020357,8.434664,-0.005406,-0.001791,-0.005604
200449020.000,YYQ,recording,knock_twice_right,11,0.658018,5.012516,8.476508,0.006238,-0.005719,-0.008652
200449030.000,YYQ,recording,knock_twice_right,11,0.613709,5.004181,8.474149,0.017553,-0.012856,-0.011925
200449040.000,YYQ,recording,knock_twice_right,11,0.572734,5.004257,8.423895,0.026831,-0.021720,-0.013518
200449050.000,YYQ,recording,knock_twice_right,11,0.571820,5.027958,8.361632,0.030127,-0.029426,-0.013626
200449060.000,YYQ,recording,knock_twice_right,11,0.587494,5.053600,8.305782,0.025850,-0.033075,-0.014667
200449070.000,YYQ,recording,knock_twice_right,11,0.584767,5.090356,8.291239,0.017529,-0.031024,-0.015814
200449080.000,YYQ,recording,knock_twice_right,11,0.599873,5.081340,8.276722,0.007242,-0.025001,-0.015277
200449090.000,YYQ,recording,knock_twice_right,11,0.588048,5.069880,8.292452,-0.003884,-0.018549,-0.015423
200449100.000,YYQ,recording,knock_twice_right,11,0.654104,5.072464,8.352565,-0.013180,-0.012665,-0.017481
200449110.000,YYQ,recording,knock_twice_right,11,0.622328,5.074402,8.417829,-0.016208,-0.007397,-0.019443
200449120.000,YYQ,recording,knock_twice_right,11,0.620717,5.054692,8.452523,-0.012053,-0.004035,-0.020367
200449130.000,YYQ,recording,knock_twice_right,11,0.591084,5.045356,8.487679,-0.003005,-0.002544,-0.020202
200449140.000,YYQ,recording,knock_twice_right,11,0.600538,5.030494,8.443656,0.007432,-0.001666,-0.018683
200449150.000,YYQ,recording,knock_twice_right,11,0.577168,5.053094,8.382410,0.013956,-0.002622,-0.016491
200449160.000,YYQ,recording,knock_twice_right,11,0.566551,5.038498,8.325020,0.013290,-0.003500,-0.014553
200449170.000,YYQ,recording,knock_twice_right,11,0.540881,5.035001,8.265253,0.006462,-0.003628,-0.011464
200449180.000,YYQ,recording,knock_twice_right,11,0.551211,5.051772,8.329968,-0.001348,-0.009079,-0.008499
200449190.000,YYQ,recording,knock_twice_right,11,0.612994,5.041618,8.504376,0.000795,-0.017339,-0.009528
200449200.000,YYQ,recording,knock_twice_right,11,0.579245,5.013144,8.521707,0.014600,-0.023169,-0.013595
200449210.000,YYQ,recording,knock_twice_right,11,0.557824,5.020792,8.449833,0.027859,-0.027975,-0.017684
200449220.000,YYQ,recording,knock_twice_right,11,0.564518,5.058281,8.384370,0.033068,-0.029737,-0.019925
200449230.000,YYQ,recording,knock_twice_right,11,0.603018,5.098839,8.356789,0.030665,-0.024917,-0.020600
200449240.000,YYQ,recording,knock_twice_right,11,0.590297,5.093249,8.299165,0.020831,-0.016639,-0.021387
200449250.000,YYQ,recording,knock_twice_right,11,0.580823,5.116750,8.310236,0.008440,-0.011051,-0.020148
200449260.000,YYQ,recording,knock_twice_right,11,0.568402,5.115545,8.441341,0.003631,-0.008017,-0.016665
200449270.000,YYQ,recording,knock_twice_right,11,0.578902,5.068697,8.498077,0.010608,-0.007238,-0.015091
200449280.000,YYQ,recording,knock_twice_right,11,0.583058,5.046585,8.510986,0.025451,-0.010274,-0.015043
200449290.000,YYQ,recording,knock_twice_right,11,0.543214,5.057954,8.446835,0.038617,-0.013659,-0.014279
200449300.000,YYQ,recording,knock_twice_right,11,0.510242,5.058913,8.299731,0.042402,-0.014210,-0.012213
200449310.000,YYQ,recording,knock_twice_right,11,0.510551,5.073082,8.165088,0.033483,-0.009362,-0.009480
200449320.000,YYQ,recording,knock_twice_right,11,0.489309,5.076473,8.081671,0.012998,0.001814,-0.006745
200449330.000,YYQ,recording,knock_twice_right,11,0.488982,5.082535,8.091114,-0.012178,0.015621,-0.004052
200449340.000,YYQ,recording,knock_twice_right,11,0.517279,5.051827,8.155258,-0.035081,0.027388,-0.001921
200449350.000,YYQ,recording,knock_twice_right,11,0.501536,5.067903,8.281323,-0.050138,0.033501,-0.000647
200449360.000,YYQ,recording,knock_twice_right,11,0.526833,5.034895,8.408027,-0.053656,0.033639,-0.001452
200449370.000,YYQ,recording,knock_twice_right,11,0.496514,5.010994,8.503876,-0.045574,0.027314,-0.003894
200449380.000,YYQ,recording,knock_twice_right,11,0.521076,4.997223,8.574434,-0.029688,0.018612,-0.005478
200449390.000,YYQ,recording,knock_twice_right,11,0.478633,5.007477,8.572526,-0.010553,0.012326,-0.006154
200449400.000,YYQ,recording,knock_twice_right,11,0.478716,4.980111,8.507257,0.007663,0.008388,-0.005072
200449410.000,YYQ,recording,knock_twice_right,11,0.461191,4.973335,8.413977,0.018916,0.007151,-0.002509
200449420.000,YYQ,recording,knock_twice_right,11,0.481508,4.998870,8.312731,0.020090,0.009728,-0.000624
200449430.000,YYQ,recording,knock_twice_right,11,0.459181,5.028468,8.265550,0.013416,0.014523,0.001317
200449440.000,YYQ,recording,knock_twice_right,11,0.469234,5.038976,8.278966,0.004755,0.014813,0.003906
200449450.000,YYQ,recording,knock_twice_right,11,0.489726,5.028594,8.288036,-0.000898,0.009148,0.005495
200449460.000,YYQ,recording,knock_twice_right,11,0.509705,5.048001,8.351293,-0.001229,-0.000009,0.005645
200449470.000,YYQ,recording,knock_twice_right,11,0.508644,5.020216,8.389312,0.003046,-0.010133,0.005080
200449480.000,YYQ,recording,knock_twice_right,11,0.549678,5.005709,8.403436,0.010341,-0.017573,0.003938
200449490.000,YYQ,recording,knock_twice_right,11,0.590968,5.025162,8.372192,0.017087,-0.018821,0.000368
200449500.000,YYQ,recording,knock_twice_right,11,0.612922,5.041161,8.313536,0.019756,-0.014080,-0.005112
200449510.000,YYQ,recording,knock_twice_right,11,0.571567,5.038803,8.246183,0.017222,-0.007552,-0.008443
200449520.000,YYQ,recording,knock_twice_right,11,0.583811,5.060188,8.189752,0.008012,-0.002387,-0.008804
200449530.000,YYQ,recording,knock_twice_right,11,0.584935,5.029141,8.223031,-0.004841,0.002730,-0.007953
200449540.000,YYQ,recording,knock_twice_right,11,0.611469,5.038414,8.250929,-0.017054,0.007427,-0.008572
200449550.000,YYQ,recording,knock_twice_right,11,0.623985,5.029835,8.307773,-0.026477,0.009960,-0.010363
200449560.000,YYQ,recording,knock_twice_right,11,0.605551,5.063483,8.320035,-0.029778,0.011858,-0.011848
200449570.000,YYQ,recording,knock_twice_right,11,0.581132,5.033409,8.332564,-0.027683,0.012745,-0.012540
200449580.000,YYQ,recording,knock_twice_right,11,0.539619,5.034779,8.317948,-0.026319,0.014200,-0.010918
200449590.000,YYQ,recording,knock_twice_right,11,0.527148,5.019663,8.357281,-0.027111,0.017427,-0.008313
200449600.000,YYQ,recording,knock_twice_right,11,0.503844,5.012056,8.373017,-0.029565,0.020481,-0.005638
200449610.000,YYQ,recording,knock_twice_right,11,0.515581,5.012786,8.405100,-0.032235,0.018679,-0.002968
200449620.000,YYQ,recording,knock_twice_right,11,0.508797,5.047825,8.465624,-0.031895,0.010077,-0.001396
200449630.000,YYQ,recording,knock_twice_right,11,0.509553,5.036873,8.476923,-0.027146,-0.001670,-0.000708
200449640.000,YYQ,recording,knock_twice_right,11,0.508709,5.002503,8.434756,-0.021244,-0.013013,-0.000704
200449650.000,YYQ,recording,knock_twice_right,11,0.524311,5.027002,8.416745,-0.018328,-0.022865,-0.000204
200449660.000,YYQ,recording,knock_twice_right,11,0.561361,5.040084,8.425876,-0.016053,-0.025936,-0.000453
200449670.000,YYQ,recording,knock_twice_right,11,0.612475,5.026557,8.417845,-0.013048,-0.019577,-0.001184
200449680.000,YYQ,recording,knock_twice_right,11,0.638243,4.994207,8.397923,-0.008795,-0.010088,-0.002119
200449690.000,YYQ,recording,knock_twice_right,11,0.633269,5.035208,8.448886,-0.001999,0.002004,-0.002854
200449700.000,YYQ,recording,knock_twice_right,11,0.545627,5.033164,8.407678,0.002028,0.013833,-0.002649
200449710.000,YYQ,recording,knock_twice_right,11,0.529019,5.014201,8.385784,-0.001400,0.017644,-0.001396
200449720.000,YYQ,recording,knock_twice_right,11,0.477837,4.999553,8.393539,-0.007428,0.014276,0.000632
200449730.000,YYQ,recording,knock_twice_right,11,0.498197,4.994894,8.419804,-0.011858,0.008355,0.001949
200449740.000,YYQ,recording,knock_twice_right,11,0.500204,5.003187,8.453117,-0.013872,0.002056,0.001991
200449750.000,YYQ,recording,knock_twice_right,11,0.517184,5.012500,8.490216,-0.012251,-0.002907,0.001927
200449760.000,YYQ,recording,knock_twice_right,11,0.558402,5.014598,8.496549,-0.007380,-0.003335,0.002432
200449770.000,YYQ,recording,knock_twice_right,11,0.613618,5.004059,8.438983,-0.001803,0.001955,0.000030
200449780.000,YYQ,recording,knock_twice_right,11,0.601322,5.020316,8.364560,0.001484,0.008738,-0.005198
200449790.000,YYQ,recording,knock_twice_right,11,0.602023,5.045211,8.413565,0.002909,0.015934,-0.009025
200449800.000,YYQ,recording,knock_twice_right,11,0.574188,5.038340,8.412275,0.004848,0.024095,-0.010220
200449810.000,YYQ,recording,knock_twice_right,11,0.525682,4.965212,8.405922,0.006396,0.026788,-0.010618
200449820.000,YYQ,recording,knock_twice_right,11,0.486010,5.013736,8.361266,0.005483,0.020863,-0.008873
200449830.000,YYQ,recording,knock_twice_right,11,0.468530,5.033668,8.403344,0.006209,0.011104,-0.005682
200449840.000,YYQ,recording,knock_twice_right,11,0.503525,5.021807,8.386956,0.010538,0.001771,-0.003758
200449850.000,YYQ,recording,knock_twice_right,11,0.483395,4.984447,8.352447,0.011551,-0.003242,-0.001569
200449860.000,YYQ,recording,knock_twice_right,11,0.444290,4.999342,8.299447,0.007106,-0.003749,0.001694
200449870.000,YYQ,recording,knock_twice_right,11,0.494612,4.986832,8.320506,0.001571,-0.002049,0.004738
200449880.000,YYQ,recording,knock_twice_right,11,0.528237,4.991175,8.361799,-0.000597,0.003232,0.005375
200449890.000,YYQ,recording,knock_twice_right,11,0.521675,4.959313,8.363205,0.000760,0.010715,0.004417
200449900.000,YYQ,recording,knock_twice_right,11,0.518011,4.952264,8.319132,-0.000764,0.015860,0.003852
200449910.000,YYQ,recording,knock_twice_right,11,0.517697,4.966783,8.286070,-0.007505,0.016270,0.003622
200449920.000,YYQ,recording,knock_twice_right,11,0.551690,4.967720,8.291632,-0.017145,0.015313,0.003264
200449930.000,YYQ,recording,knock_twice_right,11,0.524368,4.955502,8.312234,-0.026917,0.017244,0.002805
200449940.000,YYQ,recording,knock_twice_right,11,0.535743,4.955808,8.367783,-0.031689,0.019231,0.002289
200449950.000,YYQ,recording,knock_twice_right,11,0.576217,4.930485,8.429487,-0.028458,0.021257,0.000952
200449960.000,YYQ,recording,knock_twice_right,11,0.575608,4.957797,8.450154,-0.020600,0.026068,-0.000830
200449970.000,YYQ,recording,knock_twice_right,11,0.530432,4.963658,8.394402,-0.013211,0.028642,-0.002015
200449980.000,YYQ,recording,knock_twice_right,11,0.539796,4.953822,8.369247,-0.009147,0.028049,-0.001999
200449990.000,YYQ,recording,knock_twice_right,11,0.539624,4.971633,8.311459,-0.011216,0.027817,-0.001355
200450000.000,YYQ,recording,knock_twice_right,11,0.535592,4.990124,8.277862,-0.020836,0.027231,-0.000459
200450010.000,YYQ,recording,knock_twice_right,11,0.542984,5.006657,8.323534,-0.034769,0.025544,-0.000286
200450020.000,YYQ,recording,knock_twice_right,11,0.524249,4.994533,8.415528,-0.045909,0.024643,-0.000008
200450030.000,YYQ,recording,knock_twice_right,11,0.489039,4.985764,8.496545,-0.048648,0.024268,0.002067
200450040.000,YYQ,recording,knock_twice_right,11,0.513750,4.990588,8.533526,-0.044742,0.024120,0.003219
200450050.000,YYQ,recording,knock_twice_right,11,0.512847,4.994301,8.496409,-0.039692,0.026511,0.003682
200450060.000,YYQ,recording,knock_twice_right,11,0.504806,5.005813,8.455938,-0.037470,0.031140,0.004141
200450070.000,YYQ,recording,knock_twice_right,11,0.562048,4.984677,8.431482,-0.037424,0.035445,0.003830
200450080.000,YYQ,recording,knock_twice_right,11,0.543510,4.976677,8.438654,-0.036988,0.037514,0.002807
200450090.000,YYQ,recording,knock_twice_right,11,0.522153,4.978210,8.459802,-0.036462,0.036442,0.000621
200450100.000,YYQ,recording,knock_twice_right,11,0.505177,4.980207,8.502610,-0.034840,0.030528,-0.000787
200450110.000,YYQ,recording,knock_twice_right,11,0.456388,4.965422,8.534688,-0.031236,0.022393,-0.000870
200450120.000,YYQ,recording,knock_twice_right,11,0.493627,4.957358,8.549935,-0.026064,0.015039,-0.000810
200450130.000,YYQ,recording,knock_twice_right,11,0.485137,4.989826,8.536473,-0.019364,0.008255,0.000010
200450140.000,YYQ,recording,knock_twice_right,11,0.500544,4.933971,8.555100,-0.010540,0.004425,0.001299
200450150.000,YYQ,recording,knock_twice_right,11,0.477786,4.938978,8.469883,-0.003355,0.005783,0.002778
200450160.000,YYQ,recording,knock_twice_right,11,0.501701,4.913490,8.411685,-0.002168,0.008994,0.003782
200450170.000,YYQ,recording,knock_twice_right,11,0.493020,4.925512,8.328925,-0.006389,0.010905,0.003955
200450180.000,YYQ,recording,knock_twice_right,11,0.511132,4.917000,8.350710,-0.013165,0.011737,0.003435
200450190.000,YYQ,recording,knock_twice_right,11,0.471606,4.940713,8.420193,-0.017163,0.010433,0.003140
200450200.000,YYQ,recording,knock_twice_right,11,0.445841,4.908223,8.458850,-0.014243,0.006658,0.003287
200450210.000,YYQ,recording,knock_twice_right,11,0.407636,4.908624,8.455314,-0.008508,0.000025,0.002849
200450220.000,YYQ,recording,knock_twice_right,11,0.415173,4.915317,8.426821,-0.004202,-0.009131,0.002308
200450230.000,YYQ,recording,knock_twice_right,11,0.458129,4.908244,8.443553,0.000477,-0.017316,0.000970
200450240.000,YYQ,recording,knock_twice_right,11,0.472393,4.923591,8.434405,0.004446,-0.022026,-0.001656
200450250.000,YYQ,recording,knock_twice_right,11,0.464779,4.907710,8.403941,0.005501,-0.022978,-0.004390
200450260.000,YYQ,recording,knock_twice_right,11,0.447903,4.925445,8.381725,0.001174,-0.019109,-0.005171
200450270.000,YYQ,recording,knock_twice_right,11,0.415276,4.921931,8.363274,-0.009192,-0.011710,-0.003219
200450280.000,YYQ,recording,knock_twice_right,11,0.417203,4.918145,8.419571,-0.021210,-0.003524,-0.000730
200450290.000,YYQ,recording,knock_twice_right,11,0.463874,4.932169,8.526924,-0.027156,0.004579,0.001317
200450300.000,YYQ,recording,knock_twice_right,11,0.460176,4.951221,8.570861,-0.023849,0.010973,0.003635
200450310.000,YYQ,recording,knock_twice_right,11,0.473453,4.912863,8.547112,-0.016153,0.013698,0.005618
200450320.000,YYQ,recording,knock_twice_right,12,0.412012,4.931924,8.531614,-0.008615,0.012854,0.007643
200450330.000,YYQ,recording,knock_twice_right,12,0.391981,4.926388,8.472729,-0.003347,0.008682,0.011356
200450340.000,YYQ,recording,knock_twice_right,12,0.423636,4.912047,8.474206,0.001770,0.002868,0.014673
200450350.000,YYQ,recording,knock_twice_right,12,0.487312,4.887292,8.521788,0.010818,-0.003046,0.014061
200450360.000,YYQ,recording,knock_twice_right,12,0.500724,4.905260,8.491885,0.022082,-0.009743,0.010461
200450370.000,YYQ,recording,knock_twice_right,12,0.487167,4.917484,8.436811,0.028800,-0.016070,0.007159
200450380.000,YYQ,recording,knock_twice_right,12,0.455754,4.931996,8.292094,0.023808,-0.018029,0.005606
200450390.000,YYQ,recording,knock_twice_right,12,0.453228,4.924557,8.254421,0.007994,-0.013748,0.005247
200450400.000,YYQ,recording,knock_twice_right,12,0.480652,4.957124,8.257067,-0.011857,-0.005782,0.005685
200450410.000,YYQ,recording,knock_twice_right,12,0.534643,4.945458,8.329105,-0.030750,0.003474,0.005955
200450420.000,YYQ,recording,knock_twice_right,12,0.525136,4.943349,8.429404,-0.041507,0.011884,0.006062
200450430.000,YYQ,recording,knock_twice_right,12,0.501467,4.938374,8.550851,-0.039336,0.015654,0.006917
200450440.000,YYQ,recording,knock_twice_right,12,0.501415,4.931945,8.641079,-0.027567,0.014690,0.008210
200450450.000,YYQ,recording,knock_twice_right,12,0.492028,4.929343,8.592230,-0.013601,0.013084,0.008877
200450460.000,YYQ,recording,knock_twice_right,12,0.518471,4.904179,8.541203,-0.004509,0.010394,0.009420
200450470.000,YYQ,recording,knock_twice_right,12,0.496168,4.893873,8.459024,-0.003459,0.006012,0.009946
200450480.000,YYQ,recording,knock_twice_right,12,0.485081,4.897904,8.480433,-0.004602,0.001567,0.010485
200450490.000,YYQ,recording,knock_twice_right,12,0.491169,4.884591,8.511404,-0.002524,-0.002758,0.011568
200450500.000,YYQ,recording,knock_twice_right,12,0.503647,4.847558,8.499283,0.002562,-0.005413,0.011864
200450510.000,YYQ,recording,knock_twice_right,12,0.535963,4.864885,8.415509,0.006869,-0.006570,0.011660
200450520.000,YYQ,recording,knock_twice_right,12,0.523893,4.911951,8.354785,0.006713,-0.006506,0.010992
200450530.000,YYQ,recording,knock_twice_right,12,0.551351,4.951253,8.284939,0.003030,-0.004488,0.009551
200450540.000,YYQ,recording,knock_twice_right,12,0.562207,4.976024,8.275771,-0.004689,0.000164,0.007426
200450550.000,YYQ,recording,knock_twice_right,12,0.542500,4.967800,8.255884,-0.016908,0.008065,0.004984
200450560.000,YYQ,recording,knock_twice_right,12,0.533802,4.950737,8.298442,-0.031078,0.017871,0.002957
200450570.000,YYQ,recording,knock_twice_right,12,0.469577,4.963690,8.378483,-0.044376,0.026597,0.001724
200450580.000,YYQ,recording,knock_twice_right,12,0.436615,4.933337,8.500280,-0.051872,0.030478,0.001992
200450590.000,YYQ,recording,knock_twice_right,12,0.423605,4.915404,8.572009,-0.050747,0.027387,0.001969
200450600.000,YYQ,recording,knock_twice_right,12,0.425414,4.889008,8.639474,-0.044146,0.016951,0.001097
200450610.000,YYQ,recording,knock_twice_right,12,0.434325,4.899556,8.660680,-0.032969,0.000203,0.000614
200450620.000,YYQ,recording,knock_twice_right,12,0.463891,4.893785,8.706698,-0.017407,-0.019828,-0.000119
200450630.000,YYQ,recording,knock_twice_right,12,0.463929,4.889676,8.681202,0.000004,-0.036335,0.000029
200450640.000,YYQ,recording,knock_twice_right,12,0.499475,4.850501,8.574705,0.014603,-0.042192,0.001259
200450650.000,YYQ,recording,knock_twice_right,12,0.541738,4.892741,8.475624,0.019601,-0.035568,0.001945
200450660.000,YYQ,recording,knock_twice_right,12,0.580472,4.924639,8.414256,0.015618,-0.021669,0.002220
200450670.000,YYQ,recording,knock_twice_right,12,0.601296,4.929304,8.394953,0.007635,-0.005200,0.001243
200450680.000,YYQ,recording,knock_twice_right,12,0.591500,4.927654,8.419529,0.000002,0.010591,-0.000679
200450690.000,YYQ,recording,knock_twice_right,12,0.524297,4.907591,8.461901,-0.004492,0.020418,-0.001682
200450700.000,YYQ,recording,knock_twice_right,12,0.510482,4.901904,8.456533,-0.006459,0.023674,-0.001813
200450710.000,YYQ,recording,knock_twice_right,12,0.476342,4.881949,8.489194,-0.005902,0.021831,-0.001288
200450720.000,YYQ,recording,knock_twice_right,12,0.467964,4.872641,8.527727,-0.003007,0.014877,-0.000166
200450730.000,YYQ,recording,knock_twice_right,12,0.457410,4.875786,8.558765,0.003185,0.002699,0.000135
200450740.000,YYQ,recording,knock_twice_right,12,0.504165,4.882950,8.555410,0.012967,-0.009295,-0.001950
200450750.000,YYQ,recording,knock_twice_right,12,0.486177,4.896589,8.513803,0.022359,-0.018362,-0.004499
200450760.000,YYQ,recording,knock_twice_right,12,0.504213,4.894053,8.488044,0.026868,-0.026667,-0.006854
200450770.000,YYQ,recording,knock_twice_right,12,0.532045,4.911843,8.494449,0.028438,-0.028782,-0.010982
200450780.000,YYQ,recording,knock_twice_right,12,0.546218,4.928349,8.508859,0.030397,-0.022540,-0.015578
200450790.000,YYQ,recording,knock_twice_right,12,0.525524,4.919354,8.429942,0.029494,-0.012112,-0.017569
200450800.000,YYQ,recording,knock_twice_right,12,0.503984,4.932292,8.378420,0.022304,-0.001354,-0.017529
200450810.000,YYQ,recording,knock_twice_right,12,0.484528,4.950997,8.327512,0.010155,0.006896,-0.016555
200450820.000,YYQ,recording,knock_twice_right,12,0.436734,4.930423,8.347502,-0.002067,0.011559,-0.013305
200450830.000,YYQ,recording,knock_twice_right,12,0.461390,4.928131,8.457084,-0.007995,0.011678,-0.009650
200450840.000,YYQ,recording,knock_twice_right,12,0.482748,4.893525,8.546439,-0.003331,0.007060,-0.009763
200450850.000,YYQ,recording,knock_twice_right,12,0.474179,4.906073,8.561710,0.010302,-0.003118,-0.013113
200450860.000,YYQ,recording,knock_twice_right,12,0.510366,4.873816,8.578949,0.027618,-0.014199,-0.016581
200450870.000,YYQ,recording,knock_twice_right,12,0.491071,4.885661,8.501484,0.041992,-0.021250,-0.018256
200450880.000,YYQ,recording,knock_twice_right,12,0.473840,4.886542,8.424893,0.048486,-0.027926,-0.018117
200450890.000,YYQ,recording,knock_twice_right,12,0.506002,4.911730,8.351235,0.045636,-0.030386,-0.018757
200450900.000,YYQ,recording,knock_twice_right,12,0.502860,4.945820,8.310813,0.035175,-0.021463,-0.019951
200450910.000,YYQ,recording,knock_twice_right,12,0.489938,4.918952,8.279160,0.020306,-0.007553,-0.018664
200450920.000,YYQ,recording,knock_twice_right,12,0.462989,4.951982,8.311620,0.007333,0.000574,-0.015661
200450930.000,YYQ,recording,knock_twice_right,12,0.512951,4.967565,8.495523,0.004188,0.003239,-0.015174
200450940.000,YYQ,recording,knock_twice_right,12,0.522392,4.942279,8.544125,0.011549,0.004201,-0.016793
200450950.000,YYQ,recording,knock_twice_right,12,0.475667,4.930856,8.492695,0.022648,0.004040,-0.019069
200450960.000,YYQ,recording,knock_twice_right,12,0.490556,4.938388,8.463160,0.030156,0.004704,-0.021573
200450970.000,YYQ,recording,knock_twice_right,12,0.538022,4.934557,8.424786,0.032968,0.008370,-0.027717
200450980.000,YYQ,recording,knock_twice_right,12,0.600833,4.923274,8.392684,0.034305,0.010938,-0.038350
200450990.000,YYQ,recording,knock_twice_right,12,0.544966,4.941356,8.428133,0.037074,0.011242,-0.048192
200451000.000,YYQ,recording,knock_twice_right,12,0.506428,4.909053,8.457361,0.043164,0.015876,-0.055355
200451010.000,YYQ,recording,knock_twice_right,12,0.443199,4.885524,8.497891,0.052379,0.027198,-0.059478
200451020.000,YYQ,recording,knock_twice_right,12,0.400609,4.889527,8.537707,0.061983,0.044631,-0.059370
200451030.000,YYQ,recording,knock_twice_right,12,0.403546,4.914371,8.564320,0.071025,0.067162,-0.054680
200451040.000,YYQ,recording,knock_twice_right,12,0.408727,4.912574,8.493404,0.076773,0.087500,-0.047716
200451050.000,YYQ,recording,knock_twice_right,12,0.445947,4.964086,8.372048,0.074693,0.098016,-0.042011
200451060.000,YYQ,recording,knock_twice_right,12,0.483777,5.025187,8.345051,0.067126,0.099708,-0.039604
200451070.000,YYQ,recording,knock_twice_right,12,0.523170,5.048554,8.343508,0.059006,0.097778,-0.038948
200451080.000,YYQ,recording,knock_twice_right,12,0.436754,5.053282,8.332708,0.055589,0.090399,-0.038991
200451090.000,YYQ,recording,knock_twice_right,12,0.460977,5.064089,8.406648,0.064359,0.076042,-0.043133
200451100.000,YYQ,recording,knock_twice_right,12,0.610269,5.053874,8.514584,0.091316,0.050585,-0.057729
200451110.000,YYQ,recording,knock_twice_right,12,0.781616,5.037842,8.881480,0.147691,0.003073,-0.087393
200451120.000,YYQ,recording,knock_twice_right,12,0.857563,5.039536,9.379473,0.245102,-0.048693,-0.134806
200451130.000,YYQ,recording,knock_twice_right,12,0.646844,4.853068,9.238440,0.364974,-0.063992,-0.184222
200451140.000,YYQ,recording,knock_twice_right,12,0.006860,4.702009,8.524208,0.457512,-0.037580,-0.206423
200451150.000,YYQ,recording,knock_twice_right,12,-0.723100,4.520902,7.598454,0.470996,0.080746,-0.172151
200451160.000,YYQ,recording,knock_twice_right,12,-4.542777,4.757452,5.443101,0.343574,0.184197,-0.055507
200451170.000,YYQ,recording,knock_twice_right,12,-0.740042,4.919464,6.543719,0.104921,0.177808,0.144166
200451180.000,YYQ,recording,knock_twice_right,12,-1.042606,6.432410,7.076803,-0.103950,0.109305,0.345021
200451190.000,YYQ,recording,knock_twice_right,12,1.638666,6.036717,8.849735,-0.176140,-0.044749,0.446993
200451200.000,YYQ,recording,knock_twice_right,12,1.354547,5.685693,9.093711,-0.118828,-0.234737,0.454110
200451210.000,YYQ,recording,knock_twice_right,12,2.318431,5.287908,9.711466,-0.006966,-0.389558,0.414121
200451220.000,YYQ,recording,knock_twice_right,12,1.694280,5.058388,9.673636,0.130919,-0.465434,0.332271
200451230.000,YYQ,recording,knock_twice_right,12,2.016522,4.806437,9.679153,0.275249,-0.463362,0.215131
200451240.000,YYQ,recording,knock_twice_right,12,1.810830,4.952950,9.154060,0.386046,-0.401364,0.071476
200451250.000,YYQ,recording,knock_twice_right,12,2.027222,5.017157,8.677693,0.439161,-0.297271,-0.092134
200451260.000,YYQ,recording,knock_twice_right,12,1.894486,5.221496,8.355769,0.437087,-0.174047,-0.247962
200451270.000,YYQ,recording,knock_twice_right,12,1.438524,5.417683,8.052884,0.391309,-0.029487,-0.371476
200451280.000,YYQ,recording,knock_twice_right,12,0.190721,5.478149,7.066759,0.283093,0.152349,-0.428888
200451290.000,YYQ,recording,knock_twice_right,12,-1.017482,5.216843,5.700243,0.074981,0.340501,-0.396365
200451300.000,YYQ,recording,knock_twice_right,12,-1.068442,5.290983,4.993990,-0.234119,0.467610,-0.286302
200451310.000,YYQ,recording,knock_twice_right,12,-0.649808,5.876129,5.388799,-0.570767,0.512715,-0.151512
200451320.000,YYQ,recording,knock_twice_right,12,0.072231,5.937110,6.669056,-0.816343,0.479565,-0.044798
200451330.000,YYQ,recording,knock_twice_right,12,0.541966,5.573091,8.382528,-0.876523,0.372416,0.016133
200451340.000,YYQ,recording,knock_twice_right,12,0.735794,4.991452,10.191262,-0.728207,0.215482,0.033188
200451350.000,YYQ,recording,knock_twice_right,12,0.757215,4.470045,11.278809,-0.419473,0.062494,0.010299
200451360.000,YYQ,recording,knock_twice_right,12,0.463302,4.271298,11.051688,-0.060737,-0.035665,-0.032929
200451370.000,YYQ,recording,knock_twice_right,12,-0.179221,4.498689,9.787689,0.216136,-0.098273,-0.061463
200451380.000,YYQ,recording,knock_twice_right,12,-0.374951,4.693982,8.730869,0.350136,-0.141725,-0.056659
200451390.000,YYQ,recording,knock_twice_right,12,-0.372772,4.797316,7.851081,0.362813,-0.139217,-0.024438
200451400.000,YYQ,recording,knock_twice_right,12,-1.968856,4.739717,6.797254,0.262067,-0.052642,0.082620
200451410.000,YYQ,recording,knock_twice_right,12,-4.571419,4.661189,5.779169,0.083021,-0.030749,0.261900
200451420.000,YYQ,recording,knock_twice_right,12,0.410892,5.169562,7.954080,-0.093730,-0.121321,0.450323
200451430.000,YYQ,recording,knock_twice_right,12,0.660374,6.335338,8.169689,-0.188673,-0.240082,0.564409
200451440.000,YYQ,recording,knock_twice_right,12,2.818012,5.695130,9.429157,-0.157787,-0.392162,0.561552
200451450.000,YYQ,recording,knock_twice_right,12,2.011631,5.338985,9.313367,-0.042676,-0.504310,0.514658
200451460.000,YYQ,recording,knock_twice_right,12,2.264774,4.962410,9.346371,0.092218,-0.541447,0.442807
200451470.000,YYQ,recording,knock_twice_right,12,2.806805,5.027644,8.908366,0.194764,-0.470723,0.309453
200451480.000,YYQ,recording,knock_twice_right,12,2.702322,5.099644,7.923288,0.218833,-0.295208,0.109900
200451490.000,YYQ,recording,knock_twice_right,12,2.210202,4.881348,7.538558,0.154669,-0.087893,-0.109071
200451500.000,YYQ,recording,knock_twice_right,12,1.697465,4.971473,7.584850,0.045207,0.118752,-0.295289
200451510.000,YYQ,recording,knock_twice_right,12,1.127959,5.139935,7.765752,-0.066387,0.321547,-0.418428
200451520.000,YYQ,recording,knock_twice_right,12,-0.220367,5.455872,7.629492,-0.181915,0.459834,-0.433270
200451530.000,YYQ,recording,knock_twice_right,12,-1.069027,5.653977,7.537236,-0.303228,0.530860,-0.371557
200451540.000,YYQ,recording,knock_twice_right,12,0.152592,4.876228,7.230796,-0.416254,0.575819,-0.302370
200451550.000,YYQ,recording,knock_twice_right,12,-0.280275,5.442334,7.741287,-0.505074,0.519705,-0.226534
200451560.000,YYQ,recording,knock_twice_right,12,0.189036,5.482428,9.024316,-0.513751,0.345496,-0.156536
200451570.000,YYQ,recording,knock_twice_right,12,0.301275,4.990306,10.094984,-0.395521,0.161473,-0.107908
200451580.000,YYQ,recording,knock_twice_right,12,0.050109,4.673045,10.176334,-0.190244,0.023896,-0.076482
200451590.000,YYQ,recording,knock_twice_right,12,-0.168341,4.490979,9.607324,0.008498,-0.074895,-0.045597
200451600.000,YYQ,recording,knock_twice_right,12,-0.239895,4.698706,8.681214,0.123298,-0.130240,-0.002896
200451610.000,YYQ,recording,knock_twice_right,12,-0.124823,4.977920,7.929129,0.128966,-0.134690,0.044729
200451620.000,YYQ,recording,knock_twice_right,12,0.152672,5.079212,7.487303,0.055096,-0.102890,0.085668
200451630.000,YYQ,recording,knock_twice_right,12,0.478215,5.094575,7.598226,-0.043975,-0.052944,0.114097
200451640.000,YYQ,recording,knock_twice_right,12,0.643920,5.027571,7.910441,-0.129202,-0.005740,0.129273
200451650.000,YYQ,recording,knock_twice_right,12,0.681533,4.987863,8.182695,-0.187564,0.022668,0.134707
200451660.000,YYQ,recording,knock_twice_right,12,0.661201,4.913105,8.394775,-0.217442,0.028890,0.132390
200451670.000,YYQ,recording,knock_twice_right,12,0.607184,4.852549,8.604845,-0.216239,0.017355,0.123681
200451680.000,YYQ,recording,knock_twice_right,12,0.616104,4.840069,8.861675,-0.181954,-0.004936,0.109479
200451690.000,YYQ,recording,knock_twice_right,12,0.554194,4.875374,8.936335,-0.125130,-0.026008,0.089648
200451700.000,YYQ,recording,knock_twice_right,12,0.573165,4.907330,8.910959,-0.063031,-0.032297,0.065965
200451710.000,YYQ,recording,knock_twice_right,12,0.483287,4.847172,8.742372,-0.012349,-0.027714,0.042996
200451720.000,YYQ,recording,knock_twice_right,12,0.340719,4.886126,8.475635,0.012833,-0.021266,0.026150
200451730.000,YYQ,recording,knock_twice_right,12,0.297516,4.914327,8.315882,0.010796,-0.017539,0.017297
200451740.000,YYQ,recording,knock_twice_right,12,0.382142,4.961457,8.267435,-0.009718,-0.020007,0.012423
200451750.000,YYQ,recording,knock_twice_right,12,0.455071,4.948406,8.323631,-0.036135,-0.022761,0.009182
200451760.000,YYQ,recording,knock_twice_right,12,0.464778,4.878917,8.416866,-0.058030,-0.018068,0.009319
200451770.000,YYQ,recording,knock_twice_right,12,0.470870,4.865685,8.530390,-0.070247,-0.009208,0.013728
200451780.000,YYQ,recording,knock_twice_right,12,0.485419,4.846229,8.659963,-0.068436,-0.004100,0.017532
200451790.000,YYQ,recording,knock_twice_right,12,0.516559,4.822171,8.721549,-0.051338,-0.005207,0.017111
200451800.000,YYQ,recording,knock_twice_right,12,0.515929,4.816004,8.680494,-0.023692,-0.011622,0.013066
200451810.000,YYQ,recording,knock_twice_right,12,0.510615,4.839140,8.657870,0.005689,-0.018095,0.006769
200451820.000,YYQ,recording,knock_twice_right,12,0.491653,4.859881,8.586074,0.028525,-0.018219,0.001092
200451830.000,YYQ,recording,knock_twice_right,12,0.454264,4.851960,8.454030,0.038897,-0.014516,-0.002950
200451840.000,YYQ,recording,knock_twice_right,12,0.404334,4.914283,8.315900,0.034639,-0.014397,-0.004542
200451850.000,YYQ,recording,knock_twice_right,12,0.432466,4.935444,8.291965,0.019577,-0.017645,-0.003508
200451860.000,YYQ,recording,knock_twice_right,12,0.441597,4.953922,8.262637,-0.000704,-0.016451,-0.001465
200451870.000,YYQ,recording,knock_twice_right,12,0.431550,4.938513,8.279959,-0.022349,-0.009496,0.003377
200451880.000,YYQ,recording,knock_twice_right,12,0.416004,4.942769,8.361369,-0.039778,-0.003267,0.011673
200451890.000,YYQ,recording,knock_twice_right,12,0.472466,4.919061,8.537844,-0.043073,-0.000336,0.019233
200451900.000,YYQ,recording,knock_twice_right,12,0.485748,4.877445,8.710626,-0.026207,-0.004320,0.024190
200451910.000,YYQ,recording,knock_twice_right,12,0.504918,4.859971,8.826671,0.009022,-0.013288,0.026143
200451920.000,YYQ,recording,knock_twice_right,12,0.435070,4.850946,8.793069,0.053299,-0.025341,0.026625
200451930.000,YYQ,recording,knock_twice_right,12,0.423566,4.881150,8.776129,0.095057,-0.045296,0.028957
200451940.000,YYQ,recording,knock_twice_right,12,0.465745,4.870108,8.748937,0.130151,-0.063530,0.031896
200451950.000,YYQ,recording,knock_twice_right,12,0.469497,4.846696,8.648455,0.153631,-0.070851,0.034444
200451960.000,YYQ,recording,knock_twice_right,12,0.477320,4.836681,8.507343,0.159907,-0.071162,0.037554
200451970.000,YYQ,recording,knock_twice_right,12,0.507561,4.862846,8.483393,0.154425,-0.067369,0.040480
200451980.000,YYQ,recording,knock_twice_right,12,0.535500,4.884711,8.395272,0.144751,-0.062531,0.041899
200451990.000,YYQ,recording,knock_twice_right,12,0.463761,4.890652,8.342799,0.133291,-0.058769,0.042740
200452000.000,YYQ,recording,knock_twice_right,12,0.441862,4.856769,8.226389,0.119146,-0.054287,0.044760
200452010.000,YYQ,recording,knock_twice_right,12,0.409399,4.901193,8.101145,0.097066,-0.046863,0.047202
200452020.000,YYQ,recording,knock_twice_right,12,0.398149,4.938735,7.964563,0.062282,-0.032127,0.049786
200452030.000,YYQ,recording,knock_twice_right,12,0.381953,5.036711,7.929591,0.020157,-0.009689,0.053771
200452040.000,YYQ,recording,knock_twice_right,12,0.403181,5.055735,7.973435,-0.023977,0.012659,0.058007
200452050.000,YYQ,recording,knock_twice_right,12,0.362616,5.114859,8.038690,-0.067688,0.031935,0.062790
200452060.000,YYQ,recording,knock_twice_right,12,0.351628,5.117579,8.168601,-0.102604,0.050117,0.070083
200452070.000,YYQ,recording,knock_twice_right,12,0.352310,5.091715,8.335243,-0.121441,0.063021,0.077913
200452080.000,YYQ,recording,knock_twice_right,12,0.408173,5.067568,8.550585,-0.121873,0.059128,0.083660
200452090.000,YYQ,recording,knock_twice_right,12,0.405961,5.094400,8.653348,-0.103953,0.043460,0.086843
200452100.000,YYQ,recording,knock_twice_right,12,0.471609,5.022838,8.728931,-0.071382,0.031544,0.086584
200452110.000,YYQ,recording,knock_twice_right,12,0.463646,4.936390,8.791936,-0.034920,0.016065,0.081062
200452120.000,YYQ,recording,knock_twice_right,12,0.413256,4.989543,8.678239,-0.003354,-0.001905,0.077157
200452130.000,YYQ,recording,knock_twice_right,12,0.388744,5.010033,8.592145,0.016031,-0.016548,0.079261
200452140.000,YYQ,recording,knock_twice_right,12,0.538660,5.019141,8.486762,0.018900,-0.028313,0.082896
200452150.000,YYQ,recording,knock_twice_right,12,0.601798,4.969993,8.540454,0.013432,-0.033613,0.086360
200452160.000,YYQ,recording,knock_twice_right,12,0.698190,4.975827,8.583510,0.008394,-0.035187,0.089118
200452170.000,YYQ,recording,knock_twice_right,12,0.725675,4.942127,8.590380,0.005218,-0.036562,0.089317
200452180.000,YYQ,recording,knock_twice_right,12,0.766261,4.942385,8.617552,0.006789,-0.039421,0.090872
200452190.000,YYQ,recording,knock_twice_right,12,0.798127,4.875566,8.641910,0.013079,-0.041216,0.097205
200452200.000,YYQ,recording,knock_twice_right,12,0.812194,4.838017,8.594832,0.017555,-0.040350,0.102826
200452210.000,YYQ,recording,knock_twice_right,12,0.678701,4.828525,8.571156,0.022000,-0.033208,0.107090
200452220.000,YYQ,recording,knock_twice_right,12,0.651622,4.643308,8.524567,0.029378,-0.023532,0.115359
200452230.000,YYQ,recording,knock_twice_right,12,0.834861,4.630971,8.473683,0.039458,-0.030114,0.119177
200452240.000,YYQ,recording,knock_twice_right,12,0.914465,4.998701,8.554992,0.062269,-0.054232,0.111386
200452250.000,YYQ,recording,knock_twice_right,12,0.862732,4.945550,8.514412,0.095601,-0.083494,0.096124
200452260.000,YYQ,recording,knock_twice_right,12,0.842971,4.799819,8.334104,0.117419,-0.107765,0.078175
200452270.000,YYQ,recording,knock_twice_right,12,0.755916,4.784663,8.195919,0.113788,-0.115733,0.064054
200452280.000,YYQ,recording,knock_twice_right,12,0.809227,4.869500,8.087301,0.085129,-0.107241,0.055309
200452290.000,YYQ,recording,knock_twice_right,12,0.825228,4.926184,8.063341,0.041704,-0.090292,0.048128
200452300.000,YYQ,recording,knock_twice_right,12,0.902845,4.907845,8.160547,-0.004076,-0.070906,0.038428
200452310.000,YYQ,recording,knock_twice_right,12,0.874217,4.920796,8.337190,-0.040099,-0.052884,0.026680
200452320.000,YYQ,recording,knock_twice_right,12,0.783358,4.935262,8.580456,-0.058836,-0.041755,0.016990
200452330.000,YYQ,recording,knock_twice_right,12,0.726579,4.919895,8.727644,-0.058059,-0.040640,0.011087
200452340.000,YYQ,recording,knock_twice_right,12,0.753069,4.872314,8.747289,-0.041923,-0.047608,0.006015
200452350.000,YYQ,recording,knock_twice_right,12,0.771662,4.860812,8.622271,-0.024073,-0.055064,-0.000517
200452360.000,YYQ,recording,knock_twice_right,12,0.735658,4.857676,8.444121,-0.017274,-0.055942,-0.006266
200452370.000,YYQ,recording,knock_twice_right,12,0.720736,4.873082,8.345436,-0.025702,-0.049884,-0.006823
200452380.000,YYQ,recording,knock_twice_right,12,0.679595,4.899640,8.304915,-0.040675,-0.041832,-0.002891
200452390.000,YYQ,recording,knock_twice_right,12,0.692816,4.884720,8.269330,-0.049153,-0.044886,0.004475
200452400.000,YYQ,recording,knock_twice_right,12,0.725806,4.902824,8.235231,-0.056272,-0.053802,0.012384
200452410.000,YYQ,recording,knock_twice_right,12,0.750965,5.008830,8.181578,-0.065993,-0.054109,0.016530
200452420.000,YYQ,recording,knock_twice_right,12,0.701943,4.952851,8.347798,-0.059244,-0.047551,0.018522
200452430.000,YYQ,recording,knock_twice_right,12,0.841226,4.844073,8.382150,-0.036931,-0.038206,0.017754
200452440.000,YYQ,recording,knock_twice_right,12,0.883339,4.902194,8.325888,-0.020123,-0.025333,0.012279
200452450.000,YYQ,recording,knock_twice_right,12,0.805012,4.941057,8.192038,-0.016863,-0.007356,0.004086
200452460.000,YYQ,recording,knock_twice_right,12,0.846590,4.932346,8.128002,-0.026304,0.009398,-0.002233
200452470.000,YYQ,recording,knock_twice_right,12,0.816079,4.965667,8.200782,-0.042364,0.020976,-0.006516
200452480.000,YYQ,recording,knock_twice_right,12,0.854257,4.964098,8.308279,-0.053592,0.027611,-0.013376
200452490.000,YYQ,recording,knock_twice_right,12,0.919804,4.987817,8.397941,-0.055103,0.031352,-0.025385
200452500.000,YYQ,recording,knock_twice_right,12,0.918518,4.972090,8.455022,-0.049156,0.034361,-0.037346
200452510.000,YYQ,recording,knock_twice_right,12,0.915164,4.958525,8.432053,-0.041161,0.036347,-0.046108
200452520.000,YYQ,recording,knock_twice_right,12,0.891322,4.948931,8.405756,-0.038533,0.034522,-0.053974
200452530.000,YYQ,recording,knock_twice_right,12,0.856608,4.956142,8.374079,-0.039843,0.025987,-0.059955
200452540.000,YYQ,recording,knock_twice_right,12,0.830041,4.920535,8.427317,-0.039910,0.015090,-0.063010
200452550.000,YYQ,recording,knock_twice_right,12,0.796768,4.870556,8.602326,-0.034642,0.006110,-0.064577
200452560.000,YYQ,recording,knock_twice_right,12,0.786803,4.822806,8.779093,-0.020515,0.000270,-0.064167
200452570.000,YYQ,recording,knock_twice_right,12,0.883455,4.809299,8.837485,0.001715,-0.003181,-0.061377
200452580.000,YYQ,recording,knock_twice_right,12,0.912348,4.788924,8.855245,0.030256,-0.002815,-0.058749
200452590.000,YYQ,recording,knock_twice_right,12,0.935582,4.816315,8.797016,0.060397,0.003062,-0.057782
200452600.000,YYQ,recording,knock_twice_right,12,0.906669,4.794970,8.732544,0.086883,0.010964,-0.058526
200452610.000,YYQ,recording,knock_twice_right,12,0.851622,4.788938,8.612847,0.106896,0.013824,-0.059007
200452620.000,YYQ,recording,knock_twice_right,12,0.858175,4.797808,8.477390,0.116474,0.009647,-0.060010
200452630.000,YYQ,recording,knock_twice_right,12,0.903396,4.825535,8.370653,0.116062,-0.002128,-0.063007
200452640.000,YYQ,recording,knock_twice_right,12,0.859911,4.863301,8.219157,0.107857,-0.017380,-0.066245
200452650.000,YYQ,recording,knock_twice_right,12,0.763002,4.946331,8.129916,0.089458,-0.026379,-0.068375
200452660.000,YYQ,recording,knock_twice_right,12,0.734544,4.910679,8.109274,0.062325,-0.026719,-0.067409
200452670.000,YYQ,recording,knock_twice_right,12,0.657352,4.909180,8.133056,0.034620,-0.023302,-0.063449
200452680.000,YYQ,recording,knock_twice_right,12,0.627557,4.940282,8.160413,0.013511,-0.018983,-0.059146
200452690.000,YYQ,recording,knock_twice_right,12,0.645985,4.965923,8.225665,0.000184,-0.016015,-0.056765
200452700.000,YYQ,recording,knock_twice_right,12,0.639180,4.990870,8.220617,-0.007989,-0.015232,-0.056298
200452710.000,YYQ,recording,knock_twice_right,12,0.585280,4.995881,8.161252,-0.016294,-0.017440,-0.055381
200452720.000,YYQ,recording,knock_twice_right,12,0.564486,5.001703,8.160460,-0.027222,-0.022815,-0.053524
200452730.000,YYQ,recording,knock_twice_right,12,0.524026,5.010976,8.217374,-0.040371,-0.025932,-0.050360
200452740.000,YYQ,recording,knock_twice_right,12,0.571624,5.021563,8.294232,-0.054021,-0.025610,-0.048183
200452750.000,YYQ,recording,knock_twice_right,12,0.654408,5.019717,8.366959,-0.066696,-0.024671,-0.048858
200452760.000,YYQ,recording,knock_twice_right,12,0.632513,5.030078,8.377029,-0.081257,-0.025563,-0.051568
200452770.000,YYQ,recording,knock_twice_right,12,0.627350,5.053746,8.350231,-0.099140,-0.019058,-0.053015
200452780.000,YYQ,recording,knock_twice_right,12,0.615587,4.967881,8.367607,-0.120633,0.003216,-0.051690
200452790.000,YYQ,recording,knock_twice_right,12,0.640054,4.934608,8.405910,-0.141720,0.027205,-0.047584
200452800.000,YYQ,recording,knock_twice_right,12,0.590368,4.987293,8.480211,-0.154957,0.044611,-0.039681
200452810.000,YYQ,recording,knock_twice_right,12,0.646859,4.977112,8.533772,-0.157828,0.057504,-0.031460
200452820.000,YYQ,recording,knock_twice_right,12,0.665270,4.924509,8.548998,-0.151429,0.064892,-0.023650
200452830.000,YYQ,recording,knock_twice_right,12,0.699709,4.899622,8.619357,-0.140352,0.065663,-0.017963
200452840.000,YYQ,recording,knock_twice_right,12,0.642827,4.893674,8.622860,-0.125688,0.058778,-0.013990
200452850.000,YYQ,recording,knock_twice_right,12,0.635915,4.810405,8.631040,-0.109033,0.052987,-0.009425
200452860.000,YYQ,recording,knock_twice_right,12,0.651145,4.811199,8.579352,-0.097241,0.056859,-0.004685
200452870.000,YYQ,recording,knock_twice_right,12,0.703506,4.779209,8.512030,-0.092149,0.072543,-0.000479
200452880.000,YYQ,recording,knock_twice_right,12,0.760109,4.782529,8.497194,-0.093384,0.091907,0.000735
200452890.000,YYQ,recording,knock_twice_right,12,0.722478,4.820622,8.508428,-0.096306,0.107786,0.000281
200452900.000,YYQ,recording,knock_twice_right,12,0.688551,4.770869,8.589650,-0.093174,0.120694,-0.000847
200452910.000,YYQ,recording,knock_twice_right,12,0.649753,4.785060,8.602251,-0.081905,0.124088,-0.003601
200452920.000,YYQ,recording,knock_twice_right,12,0.593937,4.781487,8.562751,-0.066861,0.115774,-0.006167
200452930.000,YYQ,recording,knock_twice_right,12,0.556037,4.771983,8.529553,-0.051684,0.102485,-0.008211
200452940.000,YYQ,recording,knock_twice_right,12,0.561542,4.782870,8.471685,-0.039110,0.089459,-0.010529
200452950.000,YYQ,recording,knock_twice_right,12,0.583107,4.785329,8.427432,-0.027999,0.079632,-0.012768
200452960.000,YYQ,recording,knock_twice_right,12,0.554573,4.814015,8.451578,-0.018034,0.075879,-0.013855
200452970.000,YYQ,recording,knock_twice_right,12,0.532837,4.796298,8.396158,-0.013223,0.079384,-0.013483
200452980.000,YYQ,recording,knock_twice_right,12,0.495925,4.796480,8.321903,-0.018346,0.086223,-0.011854
200452990.000,YYQ,recording,knock_twice_right,12,0.460688,4.786197,8.288829,-0.034093,0.093280,-0.009875
200453000.000,YYQ,recording,knock_twice_right,12,0.424350,4.794430,8.340501,-0.053379,0.096175,-0.007537
200453010.000,YYQ,recording,knock_twice_right,12,0.429790,4.781876,8.484259,-0.067322,0.089904,-0.005552
200453020.000,YYQ,recording,knock_twice_right,12,0.428355,4.762469,8.581917,-0.070154,0.073938,-0.005966
200453030.000,YYQ,recording,knock_twice_right,12,0.447314,4.722121,8.684009,-0.063395,0.053240,-0.006089
200453040.000,YYQ,recording,knock_twice_right,12,0.413671,4.743121,8.729224,-0.052401,0.037959,-0.005278
200453050.000,YYQ,recording,knock_twice_right,12,0.382202,4.723342,8.739137,-0.039715,0.029320,-0.003719
200453060.000,YYQ,recording,knock_twice_right,12,0.433742,4.716337,8.748724,-0.024712,0.025276,-0.001564
200453070.000,YYQ,recording,knock_twice_right,12,0.495602,4.747612,8.774968,-0.006871,0.026848,0.000068
200453080.000,YYQ,recording,knock_twice_right,12,0.501369,4.767858,8.764558,0.012646,0.030185,0.001634
200453090.000,YYQ,recording,knock_twice_right,12,0.501170,4.789908,8.661708,0.027461,0.031900,0.003777
200453100.000,YYQ,recording,knock_twice_right,12,0.504385,4.787781,8.551190,0.032417,0.033406,0.005123
200453110.000,YYQ,recording,knock_twice_right,12,0.546625,4.800373,8.472056,0.026231,0.037694,0.004084
200453120.000,YYQ,recording,knock_twice_right,12,0.540346,4.794281,8.413779,0.009648,0.046263,0.002312
200453130.000,YYQ,recording,knock_twice_right,12,0.484616,4.811788,8.420919,-0.011913,0.056466,0.001969
200453140.000,YYQ,recording,knock_twice_right,12,0.412176,4.790650,8.486371,-0.033352,0.066156,0.004363
200453150.000,YYQ,recording,knock_twice_right,12,0.367433,4.760790,8.575769,-0.048674,0.075468,0.009263
200453160.000,YYQ,recording,knock_twice_right,12,0.376877,4.761245,8.660890,-0.056505,0.081363,0.014544
200453170.000,YYQ,recording,knock_twice_right,12,0.404072,4.779756,8.644491,-0.059275,0.086962,0.018222
200453180.000,YYQ,recording,knock_twice_right,12,0.462178,4.813763,8.701880,-0.056783,0.097341,0.021251
200453190.000,YYQ,recording,knock_twice_right,12,0.455093,4.781814,8.688646,-0.052486,0.106595,0.024610
200453200.000,YYQ,recording,knock_twice_right,12,0.429130,4.738345,8.695529,-0.045399,0.108519,0.028994
200453210.000,YYQ,recording,knock_twice_right,12,0.409868,4.737426,8.734938,-0.033287,0.101028,0.035579
200453220.000,YYQ,recording,knock_twice_right,12,0.442820,4.704996,8.680085,-0.018846,0.084732,0.042491
200453230.000,YYQ,recording,knock_twice_right,12,0.433433,4.750774,8.594073,-0.005129,0.066115,0.046407
200453240.000,YYQ,recording,knock_twice_right,12,0.476802,4.781382,8.582462,0.004202,0.050946,0.047000
200453250.000,YYQ,recording,knock_twice_right,12,0.483815,4.779377,8.501940,0.006793,0.042180,0.046522
200453260.000,YYQ,recording,knock_twice_right,12,0.486567,4.678413,8.448507,0.002967,0.042713,0.044065
200453270.000,YYQ,recording,knock_twice_right,12,0.474828,4.678948,8.419208,-0.004483,0.052875,0.038101
200453280.000,YYQ,recording,knock_twice_right,12,0.469570,4.678099,8.405417,-0.015427,0.070200,0.030572
200453290.000,YYQ,recording,knock_twice_right,12,0.442571,4.668704,8.391945,-0.029448,0.086198,0.022183
200453300.000,YYQ,recording,knock_twice_right,12,0.479617,4.646501,8.416179,-0.044936,0.092473,0.012584
200453310.000,YYQ,recording,knock_twice_right,12,0.476371,4.651103,8.513732,-0.057491,0.088811,0.005083
200453320.000,YYQ,recording,knock_twice_right,12,0.462144,4.639634,8.698861,-0.060925,0.079572,0.001332
200453330.000,YYQ,recording,knock_twice_right,12,0.465070,4.617578,8.792756,-0.055142,0.067370,-0.000766
200453340.000,YYQ,recording,knock_twice_right,12,0.481038,4.612515,8.847466,-0.042163,0.053614,-0.001993
200453350.000,YYQ,recording,knock_twice_right,13,0.499252,4.635563,8.877516,-0.024743,0.039986,-0.001710
200453360.000,YYQ,recording,knock_twice_right,13,0.482323,4.620866,8.886000,-0.005351,0.027099,0.000422
200453370.000,YYQ,recording,knock_twice_right,13,0.480879,4.609501,8.810697,0.014025,0.017861,0.003776
200453380.000,YYQ,recording,knock_twice_right,13,0.462303,4.560563,8.668588,0.030564,0.015795,0.006306
200453390.000,YYQ,recording,knock_twice_right,13,0.465355,4.603701,8.559465,0.040319,0.019931,0.007460
200453400.000,YYQ,recording,knock_twice_right,13,0.481142,4.624555,8.448322,0.042425,0.026167,0.006569
200453410.000,YYQ,recording,knock_twice_right,13,0.456130,4.649664,8.426292,0.042659,0.029040,0.003545
200453420.000,YYQ,recording,knock_twice_right,13,0.433021,4.684405,8.376620,0.043802,0.023079,-0.000237
200453430.000,YYQ,recording,knock_twice_right,13,0.385063,4.702047,8.342505,0.041995,0.009193,-0.003764
200453440.000,YYQ,recording,knock_twice_right,13,0.357707,4.681810,8.321986,0.033504,-0.007629,-0.006273
200453450.000,YYQ,recording,knock_twice_right,13,0.374293,4.669067,8.349028,0.018819,-0.024163,-0.007696
200453460.000,YYQ,recording,knock_twice_right,13,0.382685,4.687098,8.458745,0.003604,-0.036555,-0.006426
200453470.000,YYQ,recording,knock_twice_right,13,0.425289,4.674734,8.559996,-0.007333,-0.039028,-0.002327
200453480.000,YYQ,recording,knock_twice_right,13,0.411727,4.673781,8.631447,-0.013170,-0.032166,0.001481
200453490.000,YYQ,recording,knock_twice_right,13,0.413468,4.717728,8.694863,-0.017037,-0.023839,0.003284
200453500.000,YYQ,recording,knock_twice_right,13,0.456567,4.707095,8.673297,-0.019904,-0.019483,0.006200
200453510.000,YYQ,recording,knock_twice_right,13,0.494377,4.666846,8.687040,-0.021530,-0.022569,0.008830
200453520.000,YYQ,recording,knock_twice_right,13,0.569751,4.684011,8.650061,-0.023867,-0.030052,0.007344
200453530.000,YYQ,recording,knock_twice_right,13,0.541975,4.711273,8.645139,-0.024524,-0.035866,0.003860
200453540.000,YYQ,recording,knock_twice_right,13,0.572059,4.684194,8.697223,-0.020901,-0.038002,-0.000382
200453550.000,YYQ,recording,knock_twice_right,13,0.604333,4.660086,8.719358,-0.013105,-0.036597,-0.006050
200453560.000,YYQ,recording,knock_twice_right,13,0.640985,4.641944,8.719389,-0.001403,-0.032138,-0.012459
200453570.000,YYQ,recording,knock_twice_right,13,0.644772,4.671833,8.680174,0.012201,-0.024048,-0.019704
200453580.000,YYQ,recording,knock_twice_right,13,0.624401,4.683024,8.665370,0.025753,-0.013847,-0.027130
200453590.000,YYQ,recording,knock_twice_right,13,0.525016,4.713344,8.578022,0.037260,-0.007382,-0.031027
200453600.000,YYQ,recording,knock_twice_right,13,0.424112,4.716473,8.479881,0.042457,-0.010795,-0.029122
200453610.000,YYQ,recording,knock_twice_right,13,0.354544,4.748878,8.442240,0.042889,-0.022441,-0.023688
200453620.000,YYQ,recording,knock_twice_right,13,0.370037,4.766360,8.479375,0.042805,-0.037106,-0.018110
200453630.000,YYQ,recording,knock_twice_right,13,0.382410,4.759554,8.453975,0.040869,-0.050395,-0.014037
200453640.000,YYQ,recording,knock_twice_right,13,0.416109,4.721669,8.435790,0.036226,-0.055407,-0.012711
200453650.000,YYQ,recording,knock_twice_right,13,0.462253,4.689564,8.452883,0.028611,-0.049884,-0.013081
200453660.000,YYQ,recording,knock_twice_right,13,0.453187,4.701657,8.441909,0.016788,-0.038836,-0.013085
200453670.000,YYQ,recording,knock_twice_right,13,0.435410,4.719052,8.484998,0.004182,-0.026586,-0.014126
200453680.000,YYQ,recording,knock_twice_right,13,0.427550,4.693368,8.570203,-0.004421,-0.017286,-0.017726
200453690.000,YYQ,recording,knock_twice_right,13,0.408194,4.662364,8.669772,-0.005049,-0.013802,-0.022383
200453700.000,YYQ,recording,knock_twice_right,13,0.404159,4.652187,8.764924,0.005804,-0.015516,-0.026621
200453710.000,YYQ,recording,knock_twice_right,13,0.440053,4.636036,8.753476,0.025540,-0.020770,-0.031377
200453720.000,YYQ,recording,knock_twice_right,13,0.433466,4.652367,8.662725,0.045544,-0.028735,-0.035928
200453730.000,YYQ,recording,knock_twice_right,13,0.375881,4.726682,8.548790,0.058512,-0.038521,-0.039754
200453740.000,YYQ,recording,knock_twice_right,13,0.404834,4.723003,8.490181,0.064584,-0.043405,-0.043486
200453750.000,YYQ,recording,knock_twice_right,13,0.368075,4.750981,8.414955,0.061394,-0.041316,-0.044752
200453760.000,YYQ,recording,knock_twice_right,13,0.363642,4.805542,8.430957,0.048549,-0.037356,-0.044376
200453770.000,YYQ,recording,knock_twice_right,13,0.456681,4.795828,8.501404,0.035371,-0.030183,-0.043815
200453780.000,YYQ,recording,knock_twice_right,13,0.489260,4.769291,8.530568,0.026836,-0.018547,-0.044355
200453790.000,YYQ,recording,knock_twice_right,13,0.473531,4.767655,8.523888,0.019755,-0.007648,-0.047976
200453800.000,YYQ,recording,knock_twice_right,13,0.444131,4.800731,8.541340,0.012806,-0.000007,-0.051066
200453810.000,YYQ,recording,knock_twice_right,13,0.400503,4.766680,8.550070,0.008328,0.007586,-0.048414
200453820.000,YYQ,recording,knock_twice_right,13,0.369429,4.723214,8.488349,0.003868,0.011876,-0.041499
200453830.000,YYQ,recording,knock_twice_right,13,0.460178,4.759119,8.532285,-0.000487,0.009351,-0.034874
200453840.000,YYQ,recording,knock_twice_right,13,0.471996,4.805454,8.560939,0.000092,0.002996,-0.030881
200453850.000,YYQ,recording,knock_twice_right,13,0.521160,4.762787,8.589407,0.006210,-0.004112,-0.029393
200453860.000,YYQ,recording,knock_twice_right,13,0.449405,4.731541,8.517462,0.013102,-0.010350,-0.028557
200453870.000,YYQ,recording,knock_twice_right,13,0.389837,4.755948,8.409417,0.014848,-0.015222,-0.026823
200453880.000,YYQ,recording,knock_twice_right,13,0.384664,4.787743,8.321856,0.006033,-0.018334,-0.023990
200453890.000,YYQ,recording,knock_twice_right,13,0.390225,4.803365,8.251435,-0.012357,-0.019179,-0.020900
200453900.000,YYQ,recording,knock_twice_right,13,0.418718,4.805068,8.225267,-0.035308,-0.018890,-0.018019
200453910.000,YYQ,recording,knock_twice_right,13,0.412420,4.810733,8.279181,-0.058481,-0.016514,-0.015265
200453920.000,YYQ,recording,knock_twice_right,13,0.437440,4.844227,8.395353,-0.076038,-0.014654,-0.012028
200453930.000,YYQ,recording,knock_twice_right,13,0.455213,4.815888,8.617949,-0.078752,-0.015711,-0.008501
200453940.000,YYQ,recording,knock_twice_right,13,0.478551,4.793357,8.862342,-0.060469,-0.017814,-0.006762
200453950.000,YYQ,recording,knock_twice_right,13,0.486884,4.721183,8.933662,-0.026654,-0.022151,-0.008233
200453960.000,YYQ,recording,knock_twice_right,13,0.503384,4.724453,8.917028,0.011237,-0.026076,-0.012173
200453970.000,YYQ,recording,knock_twice_right,13,0.464980,4.734887,8.775939,0.042445,-0.027111,-0.015874
200453980.000,YYQ,recording,knock_twice_right,13,0.376571,4.738167,8.601069,0.059046,-0.027674,-0.018193
200453990.000,YYQ,recording,knock_twice_right,13,0.374243,4.748381,8.496487,0.060116,-0.026035,-0.019221
200454000.000,YYQ,recording,knock_twice_right,13,0.361788,4.776180,8.532940,0.055514,-0.018536,-0.020467
200454010.000,YYQ,recording,knock_twice_right,13,0.377952,4.781346,8.537955,0.052726,-0.008457,-0.023823
200454020.000,YYQ,recording,knock_twice_right,13,0.357399,4.777763,8.616882,0.057257,0.000131,-0.029162
200454030.000,YYQ,recording,knock_twice_right,13,0.480265,4.748798,8.865965,0.076080,0.007732,-0.040876
200454040.000,YYQ,recording,knock_twice_right,13,0.572482,4.759104,9.045842,0.111352,0.017101,-0.055250
200454050.000,YYQ,recording,knock_twice_right,13,0.434909,4.642018,8.855538,0.148748,0.025099,-0.065664
200454060.000,YYQ,recording,knock_twice_right,13,0.352662,4.669189,8.563106,0.165386,0.029143,-0.071248
200454070.000,YYQ,recording,knock_twice_right,13,0.290201,4.832321,8.427924,0.156111,0.032478,-0.071202
200454080.000,YYQ,recording,knock_twice_right,13,0.296438,4.934996,8.443197,0.134831,0.026462,-0.067520
200454090.000,YYQ,recording,knock_twice_right,13,0.331161,4.982940,8.542764,0.122432,0.017632,-0.062781
200454100.000,YYQ,recording,knock_twice_right,13,0.400076,4.875535,8.691873,0.124248,0.021642,-0.058790
200454110.000,YYQ,recording,knock_twice_right,13,0.366549,4.843427,8.602392,0.131547,0.030352,-0.054722
200454120.000,YYQ,recording,knock_twice_right,13,0.255624,4.899560,8.519088,0.135397,0.037524,-0.049175
200454130.000,YYQ,recording,knock_twice_right,13,0.272522,4.979668,8.422287,0.130149,0.051488,-0.043910
200454140.000,YYQ,recording,knock_twice_right,13,0.388903,4.916322,8.375246,0.118494,0.073840,-0.042459
200454150.000,YYQ,recording,knock_twice_right,13,0.427458,4.912195,8.418229,0.109133,0.094595,-0.044765
200454160.000,YYQ,recording,knock_twice_right,13,0.380410,4.959162,8.465150,0.106980,0.108318,-0.047771
200454170.000,YYQ,recording,knock_twice_right,13,0.341407,4.979072,8.397248,0.106726,0.113974,-0.050898
200454180.000,YYQ,recording,knock_twice_right,13,0.272446,4.994538,8.267170,0.098506,0.112912,-0.052700
200454190.000,YYQ,recording,knock_twice_right,13,0.157914,4.996274,8.041543,0.075883,0.107616,-0.048839
200454200.000,YYQ,recording,knock_twice_right,13,0.199697,4.986488,7.984007,0.042033,0.099318,-0.043537
200454210.000,YYQ,recording,knock_twice_right,13,0.249854,5.010488,7.983824,0.006814,0.089076,-0.044451
200454220.000,YYQ,recording,knock_twice_right,13,0.242062,4.995709,8.074077,-0.020171,0.080693,-0.048915
200454230.000,YYQ,recording,knock_twice_right,13,0.241615,4.863167,8.206131,-0.034359,0.065874,-0.055651
200454240.000,YYQ,recording,knock_twice_right,13,0.363949,4.804010,8.455057,-0.026515,0.031684,-0.071611
200454250.000,YYQ,recording,knock_twice_right,13,0.514301,4.781264,8.891073,0.015092,-0.004382,-0.099441
200454260.000,YYQ,recording,knock_twice_right,13,0.477163,4.732350,9.004221,0.083533,-0.023033,-0.135079
200454270.000,YYQ,recording,knock_twice_right,13,0.332592,4.676378,8.955459,0.155988,-0.018807,-0.167948
200454280.000,YYQ,recording,knock_twice_right,13,-0.093289,4.667871,8.467181,0.203941,0.020464,-0.181538
200454290.000,YYQ,recording,knock_twice_right,13,-0.423522,4.561785,7.588508,0.208312,0.097674,-0.169842
200454300.000,YYQ,recording,knock_twice_right,13,-2.863271,4.254047,6.051914,0.118346,0.249031,-0.103861
200454310.000,YYQ,recording,knock_twice_right,13,-3.052032,3.854422,5.485537,-0.057144,0.344143,0.001732
200454320.000,YYQ,recording,knock_twice_right,13,-0.674324,5.435994,7.637855,-0.234223,0.319759,0.153522
200454330.000,YYQ,recording,knock_twice_right,13,-1.002112,6.198459,7.589896,-0.354822,0.213344,0.306579
200454340.000,YYQ,recording,knock_twice_right,13,1.196751,5.067408,8.998514,-0.390132,0.029469,0.373587
200454350.000,YYQ,recording,knock_twice_right,13,0.787873,5.036276,8.934907,-0.377474,-0.116785,0.410048
200454360.000,YYQ,recording,knock_twice_right,13,0.834550,4.930856,8.750449,-0.362786,-0.187200,0.458931
200454370.000,YYQ,recording,knock_twice_right,13,1.003629,5.046373,8.746130,-0.353983,-0.218480,0.483176
200454380.000,YYQ,recording,knock_twice_right,13,1.725052,4.785328,9.038535,-0.326139,-0.229915,0.443905
200454390.000,YYQ,recording,knock_twice_right,13,2.070128,4.681117,9.915014,-0.246743,-0.209821,0.356415
200454400.000,YYQ,recording,knock_twice_right,13,2.312269,4.937261,10.336311,-0.124413,-0.161518,0.241491
200454410.000,YYQ,recording,knock_twice_right,13,2.207170,4.973127,10.128558,0.000423,-0.098255,0.100384
200454420.000,YYQ,recording,knock_twice_right,13,1.736184,4.948009,9.720224,0.091401,-0.031883,-0.055251
200454430.000,YYQ,recording,knock_twice_right,13,1.101166,4.966184,9.147991,0.124544,0.051801,-0.192052
200454440.000,YYQ,recording,knock_twice_right,13,0.066205,5.049040,8.484831,0.100719,0.131335,-0.289956
200454450.000,YYQ,recording,knock_twice_right,13,-0.152319,4.415325,8.519238,0.070306,0.190892,-0.342905
200454460.000,YYQ,recording,knock_twice_right,13,0.136797,4.600849,8.981720,0.075962,0.240562,-0.343939
200454470.000,YYQ,recording,knock_twice_right,13,0.103381,5.347382,9.105203,0.111472,0.257765,-0.306862
200454480.000,YYQ,recording,knock_twice_right,13,0.111822,5.383682,9.056862,0.161997,0.239770,-0.255854
200454490.000,YYQ,recording,knock_twice_right,13,-0.002721,4.926658,8.748129,0.211522,0.216099,-0.203269
200454500.000,YYQ,recording,knock_twice_right,13,-0.062255,4.613419,8.377434,0.245291,0.191676,-0.153616
200454510.000,YYQ,recording,knock_twice_right,13,-0.014701,4.557581,8.242746,0.261416,0.143761,-0.116791
200454520.000,YYQ,recording,knock_twice_right,13,-0.014883,4.651527,8.356370,0.270014,0.054818,-0.102755
200454530.000,YYQ,recording,knock_twice_right,13,-0.106874,4.684097,8.650563,0.291255,-0.045421,-0.109229
200454540.000,YYQ,recording,knock_twice_right,13,-0.420333,4.603234,8.577222,0.332073,-0.096187,-0.124616
200454550.000,YYQ,recording,knock_twice_right,13,-2.228541,4.129878,7.022659,0.316620,0.023923,-0.082794
200454560.000,YYQ,recording,knock_twice_right,13,-5.401370,4.071217,4.819524,0.189043,0.092593,0.034979
200454570.000,YYQ,recording,knock_twice_right,13,-1.056241,4.939516,7.304289,-0.005409,-0.060090,0.221046
200454580.000,YYQ,recording,knock_twice_right,13,-0.970407,6.425311,7.359789,-0.165895,-0.265873,0.396220
200454590.000,YYQ,recording,knock_twice_right,13,2.037857,5.283263,8.930192,-0.224152,-0.473033,0.451124
200454600.000,YYQ,recording,knock_twice_right,13,1.561668,4.979169,9.064993,-0.197797,-0.639441,0.438601
200454610.000,YYQ,recording,knock_twice_right,13,2.365403,4.866625,10.152350,-0.078786,-0.726054,0.394111
200454620.000,YYQ,recording,knock_twice_right,13,2.838166,4.572247,10.646295,0.141966,-0.702756,0.292629
200454630.000,YYQ,recording,knock_twice_right,13,2.426029,4.637113,10.118038,0.384955,-0.599598,0.141713
200454640.000,YYQ,recording,knock_twice_right,13,1.967024,4.639708,9.220670,0.534258,-0.439664,-0.031565
200454650.000,YYQ,recording,knock_twice_right,13,1.511728,4.729121,8.226989,0.543724,-0.226663,-0.191508
200454660.000,YYQ,recording,knock_twice_right,13,1.126520,4.985696,7.537445,0.439267,0.010524,-0.298915
200454670.000,YYQ,recording,knock_twice_right,13,0.598793,5.577267,6.767550,0.255951,0.223286,-0.340150
200454680.000,YYQ,recording,knock_twice_right,13,0.060058,6.077526,6.169143,0.017693,0.377406,-0.335077
200454690.000,YYQ,recording,knock_twice_right,13,-0.376337,5.899368,6.017822,-0.252215,0.466156,-0.320457
200454700.000,YYQ,recording,knock_twice_right,13,-0.460551,5.066334,6.350358,-0.506338,0.494220,-0.310026
200454710.000,YYQ,recording,knock_twice_right,13,-0.401755,4.716188,7.137491,-0.688867,0.479139,-0.278619
200454720.000,YYQ,recording,knock_twice_right,13,-0.534453,5.043479,8.017119,-0.772704,0.414055,-0.212046
200454730.000,YYQ,recording,knock_twice_right,13,-0.261451,5.129103,8.970536,-0.749932,0.298767,-0.139746
200454740.000,YYQ,recording,knock_twice_right,13,-0.091951,4.825018,9.718626,-0.630040,0.169384,-0.086132
200454750.000,YYQ,recording,knock_twice_right,13,-0.076680,4.459809,9.897484,-0.447163,0.062311,-0.049423
200454760.000,YYQ,recording,knock_twice_right,13,-0.130685,4.240649,9.597778,-0.264102,-0.004764,-0.019226
200454770.000,YYQ,recording,knock_twice_right,13,-0.149333,4.427908,8.955456,-0.145042,-0.032267,0.012049
200454780.000,YYQ,recording,knock_twice_right,13,-0.138468,4.623112,8.549573,-0.105914,-0.028639,0.044357
200454790.000,YYQ,recording,knock_twice_right,13,-0.041705,4.772728,8.411601,-0.118384,-0.012614,0.072721
200454800.000,YYQ,recording,knock_twice_right,13,0.064569,4.715709,8.514823,-0.144499,0.001017,0.093889
200454810.000,YYQ,recording,knock_twice_right,13,0.134628,4.674596,8.673540,-0.160818,0.008485,0.108082
200454820.000,YYQ,recording,knock_twice_right,13,0.192788,4.725786,8.850812,-0.158682,0.009796,0.116451
200454830.000,YYQ,recording,knock_twice_right,13,0.187471,4.728556,8.958133,-0.141645,0.005661,0.121530
200454840.000,YYQ,recording,knock_twice_right,13,0.142662,4.769804,9.018998,-0.111939,-0.013568,0.122444
200454850.000,YYQ,recording,knock_twice_right,13,0.233434,4.753502,9.132124,-0.066373,-0.039890,0.115804
200454860.000,YYQ,recording,knock_twice_right,13,0.176026,4.759843,8.940994,-0.016053,-0.053942,0.105195
200454870.000,YYQ,recording,knock_twice_right,13,0.065612,4.773259,8.693405,0.019057,-0.062513,0.094897
200454880.000,YYQ,recording,knock_twice_right,13,0.076341,4.860373,8.559462,0.031463,-0.071054,0.086663
200454890.000,YYQ,recording,knock_twice_right,13,0.157639,4.850387,8.584539,0.029142,-0.075551,0.076256
200454900.000,YYQ,recording,knock_twice_right,13,0.297271,4.786639,8.570559,0.020307,-0.074694,0.061448
200454910.000,YYQ,recording,knock_twice_right,13,0.382279,4.754224,8.601632,0.011267,-0.071463,0.045189
200454920.000,YYQ,recording,knock_twice_right,13,0.450440,4.768142,8.636481,0.005806,-0.066497,0.028469
200454930.000,YYQ,recording,knock_twice_right,13,0.550345,4.723399,8.658290,0.005583,-0.059324,0.010748
200454940.000,YYQ,recording,knock_twice_right,13,0.598706,4.705563,8.658024,0.009373,-0.048856,-0.006958
200454950.000,YYQ,recording,knock_twice_right,13,0.561870,4.679391,8.600419,0.014753,-0.033984,-0.021583
200454960.000,YYQ,recording,knock_twice_right,13,0.486153,4.695033,8.547420,0.018828,-0.018245,-0.029864
200454970.000,YYQ,recording,knock_twice_right,13,0.333994,4.674524,8.518931,0.019883,-0.007811,-0.031266
200454980.000,YYQ,recording,knock_twice_right,13,0.306217,4.698520,8.589067,0.020463,-0.006131,-0.027957
200454990.000,YYQ,recording,knock_twice_right,13,0.245482,4.702614,8.593022,0.021280,-0.009461,-0.021955
200455000.000,YYQ,recording,knock_twice_right,13,0.259743,4.697609,8.579955,0.020615,-0.014652,-0.015875
200455010.000,YYQ,recording,knock_twice_right,13,0.292891,4.719656,8.603749,0.017163,-0.021370,-0.009927
200455020.000,YYQ,recording,knock_twice_right,13,0.266693,4.715812,8.638319,0.014751,-0.028284,-0.003481
200455030.000,YYQ,recording,knock_twice_right,13,0.293858,4.696075,8.639656,0.015580,-0.032215,0.002685
200455040.000,YYQ,recording,knock_twice_right,13,0.256092,4.685255,8.598195,0.016769,-0.033894,0.008132
200455050.000,YYQ,recording,knock_twice_right,13,0.240327,4.695444,8.586550,0.016523,-0.035938,0.014812
200455060.000,YYQ,recording,knock_twice_right,13,0.303239,4.703487,8.609710,0.015480,-0.035360,0.020366
200455070.000,YYQ,recording,knock_twice_right,13,0.356716,4.711403,8.581233,0.014918,-0.033776,0.022155
200455080.000,YYQ,recording,knock_twice_right,13,0.387647,4.712605,8.617438,0.014145,-0.034584,0.021390
200455090.000,YYQ,recording,knock_twice_right,13,0.425131,4.731887,8.641472,0.014559,-0.035728,0.018682
200455100.000,YYQ,recording,knock_twice_right,13,0.429280,4.706745,8.690163,0.020303,-0.038458,0.014510
200455110.000,YYQ,recording,knock_twice_right,13,0.455738,4.689130,8.696403,0.030854,-0.044001,0.009124
200455120.000,YYQ,recording,knock_twice_right,13,0.427136,4.732856,8.706356,0.042313,-0.050706,0.003950
200455130.000,YYQ,recording,knock_twice_right,13,0.417529,4.706074,8.661341,0.052295,-0.057048,-0.000442
200455140.000,YYQ,recording,knock_twice_right,13,0.453859,4.720285,8.560428,0.058406,-0.059837,-0.004974
200455150.000,YYQ,recording,knock_twice_right,13,0.447581,4.743813,8.454341,0.057300,-0.058202,-0.009938
200455160.000,YYQ,recording,knock_twice_right,13,0.458606,4.754594,8.379204,0.048633,-0.053286,-0.014302
200455170.000,YYQ,recording,knock_twice_right,13,0.435803,4.770321,8.377872,0.035166,-0.047148,-0.014466
200455180.000,YYQ,recording,knock_twice_right,13,0.456650,4.775366,8.428561,0.021761,-0.042177,-0.012066
200455190.000,YYQ,recording,knock_twice_right,13,0.475942,4.758865,8.446240,0.013911,-0.039851,-0.011543
200455200.000,YYQ,recording,knock_twice_right,13,0.501196,4.760985,8.539558,0.014034,-0.040532,-0.012016
200455210.000,YYQ,recording,knock_twice_right,13,0.447742,4.776011,8.562364,0.021718,-0.045154,-0.011749
200455220.000,YYQ,recording,knock_twice_right,13,0.442729,4.772340,8.555334,0.031692,-0.052039,-0.010188
200455230.000,YYQ,recording,knock_twice_right,13,0.415990,4.763058,8.442516,0.036132,-0.056636,-0.008789
200455240.000,YYQ,recording,knock_twice_right,13,0.420696,4.739617,8.391384,0.031032,-0.056775,-0.007054
200455250.000,YYQ,recording,knock_twice_right,13,0.406504,4.753824,8.334452,0.018355,-0.051618,-0.004263
200455260.000,YYQ,recording,knock_twice_right,13,0.401625,4.755101,8.331938,0.002687,-0.044936,-0.001464
200455270.000,YYQ,recording,knock_twice_right,13,0.373522,4.738827,8.380916,-0.011373,-0.039965,0.000694
200455280.000,YYQ,recording,knock_twice_right,13,0.395209,4.734308,8.445776,-0.019451,-0.036869,0.001986
200455290.000,YYQ,recording,knock_twice_right,13,0.419543,4.723187,8.558799,-0.020513,-0.037922,0.001725
200455300.000,YYQ,recording,knock_twice_right,13,0.426638,4.712082,8.576703,-0.015377,-0.043647,0.000409
200455310.000,YYQ,recording,knock_twice_right,13,0.437660,4.731946,8.585250,-0.007842,-0.051658,-0.001371
200455320.000,YYQ,recording,knock_twice_right,13,0.436514,4.722819,8.548893,-0.002677,-0.058155,-0.003640
200455330.000,YYQ,recording,knock_twice_right,13,0.464168,4.728434,8.476619,-0.002521,-0.059551,-0.006415
200455340.000,YYQ,recording,knock_twice_right,13,0.453668,4.723272,8.418188,-0.009344,-0.053602,-0.008613
200455350.000,YYQ,recording,knock_twice_right,13,0.420080,4.699767,8.396062,-0.022702,-0.042825,-0.008826
200455360.000,YYQ,recording,knock_twice_right,13,0.401297,4.702358,8.392463,-0.038630,-0.030738,-0.007971
200455370.000,YYQ,recording,knock_twice_right,13,0.418821,4.730486,8.478291,-0.050913,-0.020961,-0.007761
200455380.000,YYQ,recording,knock_twice_right,13,0.390230,4.752319,8.540603,-0.055241,-0.017743,-0.007719
200455390.000,YYQ,recording,knock_twice_right,13,0.422034,4.740550,8.632638,-0.050799,-0.020732,-0.006345
200455400.000,YYQ,recording,knock_twice_right,13,0.474110,4.737587,8.671539,-0.038235,-0.026135,-0.005569
200455410.000,YYQ,recording,knock_twice_right,13,0.483764,4.726956,8.649973,-0.023665,-0.031083,-0.006067
200455420.000,YYQ,recording,knock_twice_right,13,0.500835,4.758081,8.591460,-0.013468,-0.034803,-0.007215
200455430.000,YYQ,recording,knock_twice_right,13,0.495763,4.795679,8.547948,-0.009937,-0.034086,-0.008632
200455440.000,YYQ,recording,knock_twice_right,13,0.494228,4.785765,8.510762,-0.014384,-0.026864,-0.011511
200455450.000,YYQ,recording,knock_twice_right,13,0.467663,4.799525,8.513298,-0.022826,-0.018247,-0.013850
200455460.000,YYQ,recording,knock_twice_right,13,0.460046,4.819452,8.614475,-0.029349,-0.010474,-0.015750
200455470.000,YYQ,recording,knock_twice_right,13,0.474633,4.806486,8.722905,-0.031278,-0.002380,-0.018835
200455480.000,YYQ,recording,knock_twice_right,13,0.463771,4.799807,8.755930,-0.026980,-0.002762,-0.020972
200455490.000,YYQ,recording,knock_twice_right,13,0.496099,4.840420,8.855538,-0.015730,-0.011221,-0.023303
200455500.000,YYQ,recording,knock_twice_right,13,0.529132,4.849768,8.878859,0.001108,-0.015075,-0.025002
200455510.000,YYQ,recording,knock_twice_right,13,0.458961,4.800080,8.831339,0.018413,-0.015963,-0.024964
200455520.000,YYQ,recording,knock_twice_right,13,0.452836,4.814628,8.722496,0.030662,-0.018960,-0.023734
200455530.000,YYQ,recording,knock_twice_right,13,0.476314,4.807912,8.764127,0.040335,-0.019245,-0.021964
200455540.000,YYQ,recording,knock_twice_right,13,0.495830,4.737881,8.781143,0.051998,-0.016702,-0.020267
200455550.000,YYQ,recording,knock_twice_right,13,0.436942,4.694268,8.741892,0.064685,-0.013095,-0.019163
200455560.000,YYQ,recording,knock_twice_right,13,0.375244,4.726587,8.617223,0.073113,-0.010461,-0.017037
200455570.000,YYQ,recording,knock_twice_right,13,0.348161,4.721842,8.513280,0.073620,-0.010891,-0.013198
200455580.000,YYQ,recording,knock_twice_right,13,0.362820,4.708328,8.437653,0.067043,-0.011329,-0.009565
200455590.000,YYQ,recording,knock_twice_right,13,0.352955,4.705605,8.345342,0.054930,-0.009061,-0.005102
200455600.000,YYQ,recording,knock_twice_right,13,0.356364,4.686558,8.271193,0.036680,-0.004748,-0.000675
200455610.000,YYQ,recording,knock_twice_right,13,0.377458,4.709632,8.269765,0.015898,-0.000356,0.003091
200455620.000,YYQ,recording,knock_twice_right,13,0.448928,4.694672,8.315418,-0.001448,0.006145,0.006260
200455630.000,YYQ,recording,knock_twice_right,13,0.430793,4.692100,8.358590,-0.013176,0.014387,0.008039
200455640.000,YYQ,recording,knock_twice_right,13,0.400812,4.684856,8.407024,-0.019330,0.018516,0.009896
200455650.000,YYQ,recording,knock_twice_right,13,0.430549,4.721710,8.448665,-0.022510,0.017755,0.012717
200455660.000,YYQ,recording,knock_twice_right,13,0.475673,4.708163,8.460770,-0.023621,0.017046,0.014450
200455670.000,YYQ,recording,knock_twice_right,13,0.485787,4.737099,8.444285,-0.024293,0.015941,0.012478
200455680.000,YYQ,recording,knock_twice_right,13,0.464240,4.726968,8.472917,-0.027890,0.011277,0.010158
200455690.000,YYQ,recording,knock_twice_right,13,0.493201,4.740828,8.559765,-0.030421,0.007097,0.008760
200455700.000,YYQ,recording,knock_twice_right,13,0.480377,4.733968,8.606091,-0.027439,0.008126,0.006781
200455710.000,YYQ,recording,knock_twice_right,13,0.448526,4.747180,8.614761,-0.020952,0.012020,0.005499
200455720.000,YYQ,recording,knock_twice_right,13,0.451769,4.753493,8.554835,-0.015937,0.017072,0.004377
200455730.000,YYQ,recording,knock_twice_right,13,0.506013,4.783232,8.510181,-0.015545,0.023971,0.003291
200455740.000,YYQ,recording,knock_twice_right,13,0.511619,4.790608,8.467845,-0.018416,0.029098,0.002223
200455750.000,YYQ,recording,knock_twice_right,13,0.499551,4.770069,8.453803,-0.024376,0.032814,-0.000196
200455760.000,YYQ,recording,knock_twice_right,13,0.459057,4.774439,8.432116,-0.032390,0.036718,-0.001748
200455770.000,YYQ,recording,knock_twice_right,13,0.457231,4.777254,8.534706,-0.037803,0.038377,-0.000522
200455780.000,YYQ,recording,knock_twice_right,13,0.471338,4.758361,8.619193,-0.035865,0.039563,0.000260
200455790.000,YYQ,recording,knock_twice_right,13,0.450257,4.739738,8.612823,-0.031925,0.040130,0.000319
200455800.000,YYQ,recording,knock_twice_right,13,0.410753,4.725850,8.589719,-0.031017,0.038991,0.001925
200455810.000,YYQ,recording,knock_twice_right,13,0.443189,4.727152,8.607034,-0.031910,0.039687,0.004199
200455820.000,YYQ,recording,knock_twice_right,13,0.480480,4.713572,8.554708,-0.035720,0.043170,0.005348
200455830.000,YYQ,recording,knock_twice_right,13,0.478388,4.709048,8.541279,-0.040247,0.043974,0.004999
200455840.000,YYQ,recording,knock_twice_right,13,0.442375,4.726622,8.550735,-0.044383,0.038689,0.003913
200455850.000,YYQ,recording,knock_twice_right,13,0.445377,4.720179,8.599329,-0.046372,0.031863,0.003602
200455860.000,YYQ,recording,knock_twice_right,13,0.467050,4.707667,8.634835,-0.044177,0.024934,0.003518
200455870.000,YYQ,recording,knock_twice_right,13,0.484948,4.700102,8.679546,-0.038462,0.016379,0.002680
200455880.000,YYQ,recording,knock_twice_right,13,0.525971,4.655730,8.695002,-0.030537,0.008800,0.000034
200455890.000,YYQ,recording,knock_twice_right,13,0.472617,4.644878,8.643952,-0.024080,0.002742,-0.003016
200455900.000,YYQ,recording,knock_twice_right,13,0.460424,4.659365,8.604226,-0.019151,-0.003361,-0.004793
200455910.000,YYQ,recording,knock_twice_right,13,0.462471,4.679301,8.592159,-0.014662,-0.006645,-0.006379
200455920.000,YYQ,recording,knock_twice_right,13,0.491268,4.670677,8.558089,-0.013041,-0.005574,-0.008795
200455930.000,YYQ,recording,knock_twice_right,13,0.491097,4.712874,8.507121,-0.015455,-0.004197,-0.010847
200455940.000,YYQ,recording,knock_twice_right,13,0.470806,4.719188,8.521736,-0.019372,-0.004376,-0.010726
200455950.000,YYQ,recording,knock_twice_right,13,0.489033,4.736032,8.487243,-0.024071,-0.006480,-0.009686
200455960.000,YYQ,recording,knock_twice_right,13,0.516412,4.703584,8.541673,-0.028600,-0.008463,-0.008867
200455970.000,YYQ,recording,knock_twice_right,13,0.501839,4.719711,8.528743,-0.030782,-0.009946,-0.009033
200455980.000,YYQ,recording,knock_twice_right,13,0.505770,4.709483,8.605263,-0.030595,-0.013889,-0.010265
200455990.000,YYQ,recording,knock_twice_right,13,0.485416,4.720235,8.637902,-0.027350,-0.017120,-0.011764
200456000.000,YYQ,recording,knock_twice_right,13,0.444362,4.728023,8.682562,-0.020912,-0.017781,-0.011687
200456010.000,YYQ,recording,knock_twice_right,13,0.432352,4.695541,8.710807,-0.013479,-0.017925,-0.012078
200456020.000,YYQ,recording,knock_twice_right,13,0.425233,4.685308,8.640856,-0.008169,-0.016888,-0.013412
200456030.000,YYQ,recording,knock_twice_right,13,0.455287,4.690658,8.644542,-0.005741,-0.014944,-0.014125
200456040.000,YYQ,recording,knock_twice_right,13,0.408801,4.699360,8.626858,-0.005568,-0.013110,-0.014418
200456050.000,YYQ,recording,knock_twice_right,13,0.399959,4.689563,8.667117,-0.005901,-0.012231,-0.014527
200456060.000,YYQ,recording,knock_twice_right,13,0.399802,4.705378,8.652554,-0.004446,-0.013244,-0.014855
200456070.000,YYQ,recording,knock_twice_right,13,0.400768,4.693359,8.671363,-0.002234,-0.015228,-0.014213
200456080.000,YYQ,recording,knock_twice_right,13,0.427849,4.680158,8.679881,0.001587,-0.017066,-0.013816
200456090.000,YYQ,recording,knock_twice_right,13,0.419678,4.681908,8.702295,0.008484,-0.018759,-0.013379
200456100.000,YYQ,recording,knock_twice_right,13,0.406426,4.689175,8.687798,0.018060,-0.020404,-0.011796
200456110.000,YYQ,recording,knock_twice_right,13,0.414266,4.695834,8.660326,0.027539,-0.021202,-0.009853
200456120.000,YYQ,recording,knock_twice_right,13,0.422015,4.677937,8.606825,0.033770,-0.020435,-0.009973
200456130.000,YYQ,recording,knock_twice_right,13,0.440087,4.677836,8.511070,0.035205,-0.017227,-0.012926
200456140.000,YYQ,recording,knock_twice_right,13,0.429930,4.661803,8.472985,0.029588,-0.013306,-0.015916
200456150.000,YYQ,recording,knock_twice_right,13,0.425305,4.679629,8.483187,0.018996,-0.010545,-0.016801
200456160.000,YYQ,recording,knock_twice_right,13,0.387728,4.694929,8.502624,0.009701,-0.008748,-0.016260
200456170.000,YYQ,recording,knock_twice_right,13,0.374848,4.710588,8.507383,0.004220,-0.008201,-0.014280
200456180.000,YYQ,recording,knock_twice_right,13,0.356262,4.699721,8.522131,0.000472,-0.008030,-0.009404
200456190.000,YYQ,recording,knock_twice_right,13,0.327657,4.716718,8.548626,-0.001282,-0.009321,-0.003541
200456200.000,YYQ,recording,knock_twice_right,13,0.336759,4.718938,8.595846,0.000172,-0.011968,0.001251
200456210.000,YYQ,recording,knock_twice_right,13,0.325745,4.706830,8.574621,0.002739,-0.013892,0.004880
200456220.000,YYQ,recording,knock_twice_right,13,0.333323,4.666412,8.543966,0.003242,-0.016395,0.008203
200456230.000,YYQ,recording,knock_twice_right,13,0.369988,4.696232,8.534945,0.001126,-0.020127,0.010358
200456240.000,YYQ,recording,knock_twice_right,13,0.377408,4.674253,8.568958,-0.000885,-0.023118,0.010780
200456250.000,YYQ,recording,knock_twice_right,13,0.398943,4.679211,8.611932,-0.001016,-0.025331,0.011135
200456260.000,YYQ,recording,knock_twice_right,13,0.405652,4.674319,8.617324,0.000947,-0.025817,0.011323
200456270.000,YYQ,recording,knock_twice_right,13,0.430609,4.698831,8.615194,0.005050,-0.021302,0.011947
200456280.000,YYQ,recording,knock_twice_right,13,0.435954,4.718237,8.587018,0.009388,-0.012735,0.012013
200456290.000,YYQ,recording,knock_twice_right,13,0.456085,4.716954,8.536669,0.012030,-0.002573,0.011993
200456300.000,YYQ,recording,knock_twice_right,13,0.451946,4.727756,8.471800,0.011288,0.006540,0.011990
200456310.000,YYQ,recording,knock_twice_right,13,0.443887,4.736012,8.420460,0.005247,0.015263,0.010907
200456320.000,YYQ,recording,knock_twice_right,13,0.379168,4.734899,8.406888,-0.004872,0.021953,0.011095
200456330.000,YYQ,recording,knock_twice_right,13,0.369016,4.712247,8.480489,-0.014991,0.021805,0.011860
200456340.000,YYQ,recording,knock_twice_right,13,0.327978,4.697743,8.548877,-0.021790,0.015500,0.013072
200456350.000,YYQ,recording,knock_twice_right,13,0.360372,4.698866,8.645460,-0.021315,0.006859,0.015866
200456360.000,YYQ,recording,knock_twice_right,13,0.383675,4.703737,8.671950,-0.013755,-0.002913,0.018436
200456370.000,YYQ,recording,knock_twice_right,13,0.435309,4.694010,8.674603,-0.003883,-0.011848,0.021294
200456380.000,YYQ,recording,knock_twice_right,14,0.450034,4.670078,8.627566,0.004579,-0.014500,0.024630
200456390.000,YYQ,recording,knock_twice_right,14,0.474634,4.698502,8.577494,0.008582,-0.011238,0.027371
200456400.000,YYQ,recording,knock_twice_right,14,0.522161,4.737109,8.535603,0.007219,-0.005729,0.028937
200456410.000,YYQ,recording,knock_twice_right,14,0.521559,4.728479,8.508915,0.001841,0.000329,0.028798
200456420.000,YYQ,recording,knock_twice_right,14,0.511914,4.722712,8.512689,-0.003757,0.004421,0.028068
200456430.000,YYQ,recording,knock_twice_right,14,0.486135,4.697415,8.577801,-0.007290,0.006520,0.026876
200456440.000,YYQ,recording,knock_twice_right,14,0.480621,4.704118,8.605486,-0.007491,0.007148,0.024626
200456450.000,YYQ,recording,knock_twice_right,14,0.496743,4.694838,8.660614,-0.004909,0.005462,0.021540
200456460.000,YYQ,recording,knock_twice_right,14,0.537377,4.673444,8.675079,-0.000499,0.005018,0.017804
200456470.000,YYQ,recording,knock_twice_right,14,0.552431,4.674153,8.691487,0.006688,0.006286,0.013756
200456480.000,YYQ,recording,knock_twice_right,14,0.537135,4.681280,8.690370,0.015017,0.007832,0.010666
200456490.000,YYQ,recording,knock_twice_right,14,0.519384,4.695324,8.617725,0.020515,0.011854,0.008426
200456500.000,YYQ,recording,knock_twice_right,14,0.500464,4.697171,8.552132,0.019159,0.018919,0.006297
200456510.000,YYQ,recording,knock_twice_right,14,0.492586,4.712169,8.554422,0.013097,0.025293,0.004438
200456520.000,YYQ,recording,knock_twice_right,14,0.475280,4.705947,8.555624,0.008209,0.028057,0.003271
200456530.000,YYQ,recording,knock_twice_right,14,0.465593,4.717816,8.560667,0.006235,0.026676,0.003576
200456540.000,YYQ,recording,knock_twice_right,14,0.438165,4.732137,8.577673,0.007105,0.021108,0.004912
200456550.000,YYQ,recording,knock_twice_right,14,0.403502,4.732890,8.514254,0.008813,0.012918,0.006995
200456560.000,YYQ,recording,knock_twice_right,14,0.420694,4.703433,8.514834,0.007779,0.005770,0.009689
200456570.000,YYQ,recording,knock_twice_right,14,0.449872,4.697331,8.515196,0.005964,0.004290,0.011320
200456580.000,YYQ,recording,knock_twice_right,14,0.458773,4.678360,8.500396,0.004503,0.008888,0.011218
200456590.000,YYQ,recording,knock_twice_right,14,0.507374,4.683225,8.518744,0.000578,0.016453,0.009409
200456600.000,YYQ,recording,knock_twice_right,14,0.494809,4.703681,8.528415,-0.005903,0.023848,0.006509
200456610.000,YYQ,recording,knock_twice_right,14,0.450174,4.705043,8.573098,-0.012788,0.027142,0.003111
200456620.000,YYQ,recording,knock_twice_right,14,0.423544,4.724699,8.631001,-0.016144,0.025173,0.001702
200456630.000,YYQ,recording,knock_twice_right,14,0.409547,4.693118,8.669143,-0.014240,0.018690,0.002803
200456640.000,YYQ,recording,knock_twice_right,14,0.423597,4.701077,8.690658,-0.008321,0.009225,0.004884
200456650.000,YYQ,recording,knock_twice_right,14,0.423373,4.714862,8.706847,-0.000842,0.001429,0.007306
200456660.000,YYQ,recording,knock_twice_right,14,0.476827,4.696617,8.687836,0.006727,-0.001932,0.007419
200456670.000,YYQ,recording,knock_twice_right,14,0.506431,4.698791,8.678965,0.013953,-0.002996,0.005923
200456680.000,YYQ,recording,knock_twice_right,14,0.506371,4.726283,8.640208,0.019636,-0.003920,0.005374
200456690.000,YYQ,recording,knock_twice_right,14,0.527371,4.738173,8.615216,0.023652,-0.003026,0.004646
200456700.000,YYQ,recording,knock_twice_right,14,0.499255,4.706073,8.559453,0.026054,0.000525,0.002897
200456710.000,YYQ,recording,knock_twice_right,14,0.483883,4.699699,8.505700,0.025481,0.003819,0.001160
200456720.000,YYQ,recording,knock_twice_right,14,0.484262,4.684228,8.500234,0.021985,0.004289,-0.000761
200456730.000,YYQ,recording,knock_twice_right,14,0.475305,4.725179,8.514373,0.017913,0.000516,-0.003347
200456740.000,YYQ,recording,knock_twice_right,14,0.436577,4.694430,8.539640,0.017273,-0.006544,-0.005478
200456750.000,YYQ,recording,knock_twice_right,14,0.450019,4.664969,8.565567,0.021040,-0.012647,-0.007566
200456760.000,YYQ,recording,knock_twice_right,14,0.431409,4.677666,8.529216,0.025360,-0.014706,-0.009134
200456770.000,YYQ,recording,knock_twice_right,14,0.424625,4.685999,8.490971,0.027458,-0.013505,-0.009578
200456780.000,YYQ,recording,knock_twice_right,14,0.416420,4.707177,8.438160,0.024778,-0.010798,-0.010535
200456790.000,YYQ,recording,knock_twice_right,14,0.402111,4.700797,8.412047,0.016320,-0.007497,-0.009703
200456800.000,YYQ,recording,knock_twice_right,14,0.383637,4.697251,8.386447,0.005802,-0.001494,-0.006687
200456810.000,YYQ,recording,knock_twice_right,14,0.416985,4.702973,8.408898,-0.004327,0.005170,-0.004801
200456820.000,YYQ,recording,knock_twice_right,14,0.387494,4.718832,8.461294,-0.014408,0.006272,-0.003173
200456830.000,YYQ,recording,knock_twice_right,14,0.425704,4.703585,8.529543,-0.022057,0.004193,-0.001565
200456840.000,YYQ,recording,knock_twice_right,14,0.394441,4.703381,8.597799,-0.022875,0.001644,-0.000230
200456850.000,YYQ,recording,knock_twice_right,14,0.312966,4.715282,8.641044,-0.016795,-0.004760,0.001739
200456860.000,YYQ,recording,knock_twice_right,14,0.322324,4.725261,8.669010,-0.007371,-0.012288,0.004674
200456870.000,YYQ,recording,knock_twice_right,14,0.327190,4.725166,8.640095,0.002303,-0.014373,0.007806
200456880.000,YYQ,recording,knock_twice_right,14,0.388697,4.735386,8.564618,0.007845,-0.014960,0.010978
200456890.000,YYQ,recording,knock_twice_right,14,0.468189,4.738559,8.530221,0.006967,-0.016834,0.012528
200456900.000,YYQ,recording,knock_twice_right,14,0.522074,4.741583,8.528324,0.003634,-0.017031,0.011246
200456910.000,YYQ,recording,knock_twice_right,14,0.518232,4.748090,8.558517,0.000808,-0.016987,0.009056
200456920.000,YYQ,recording,knock_twice_right,14,0.492241,4.724124,8.617591,0.000030,-0.016154,0.006863
200456930.000,YYQ,recording,knock_twice_right,14,0.526378,4.712678,8.611604,0.004421,-0.014321,0.004440
200456940.000,YYQ,recording,knock_twice_right,14,0.521190,4.711096,8.624819,0.012387,-0.013087,0.001603
200456950.000,YYQ,recording,knock_twice_right,14,0.532895,4.744361,8.566197,0.018135,-0.013625,-0.001159
200456960.000,YYQ,recording,knock_twice_right,14,0.501932,4.769587,8.511546,0.018551,-0.014293,-0.003056
200456970.000,YYQ,recording,knock_twice_right,14,0.477842,4.758936,8.486226,0.014843,-0.014336,-0.005000
200456980.000,YYQ,recording,knock_twice_right,14,0.498993,4.747574,8.510463,0.010044,-0.015669,-0.008146
200456990.000,YYQ,recording,knock_twice_right,14,0.519385,4.749752,8.546344,0.007927,-0.016710,-0.010321
200457000.000,YYQ,recording,knock_twice_right,14,0.487816,4.717611,8.568741,0.007110,-0.016632,-0.011829
200457010.000,YYQ,recording,knock_twice_right,14,0.480901,4.707359,8.545172,0.005150,-0.015424,-0.013079
200457020.000,YYQ,recording,knock_twice_right,14,0.482721,4.731572,8.563701,0.002730,-0.012843,-0.014767
200457030.000,YYQ,recording,knock_twice_right,14,0.519580,4.715038,8.609893,0.002060,-0.010399,-0.015627
200457040.000,YYQ,recording,knock_twice_right,14,0.506516,4.728352,8.653752,0.007878,-0.007873,-0.014882
200457050.000,YYQ,recording,knock_twice_right,14,0.497861,4.728003,8.634625,0.017725,-0.003910,-0.014673
200457060.000,YYQ,recording,knock_twice_right,14,0.524410,4.742409,8.596671,0.024415,-0.001046,-0.015459
200457070.000,YYQ,recording,knock_twice_right,14,0.503746,4.762122,8.534338,0.027392,0.000238,-0.017814
200457080.000,YYQ,recording,knock_twice_right,14,0.494466,4.759385,8.518219,0.028335,0.003214,-0.019614
200457090.000,YYQ,recording,knock_twice_right,14,0.453334,4.754244,8.498255,0.027318,0.004538,-0.020160
200457100.000,YYQ,recording,knock_twice_right,14,0.459248,4.735840,8.513373,0.025318,0.002043,-0.020888
200457110.000,YYQ,recording,knock_twice_right,14,0.508549,4.772073,8.526312,0.023207,0.000554,-0.022366
200457120.000,YYQ,recording,knock_twice_right,14,0.487024,4.773428,8.546263,0.022164,0.000218,-0.023954
200457130.000,YYQ,recording,knock_twice_right,14,0.462184,4.832545,8.605419,0.023925,-0.001765,-0.024188
200457140.000,YYQ,recording,knock_twice_right,14,0.472621,4.793583,8.676307,0.029614,-0.003146,-0.023106
200457150.000,YYQ,recording,knock_twice_right,14,0.484834,4.794396,8.714328,0.039746,-0.003211,-0.024665
200457160.000,YYQ,recording,knock_twice_right,14,0.576615,4.785995,8.819640,0.056157,-0.002607,-0.032452
200457170.000,YYQ,recording,knock_twice_right,14,0.601666,4.823168,8.843801,0.077957,0.000151,-0.042155
200457180.000,YYQ,recording,knock_twice_right,14,0.426200,4.774265,8.733307,0.096858,0.003857,-0.049698
200457190.000,YYQ,recording,knock_twice_right,14,0.426344,4.790019,8.508592,0.100628,0.004893,-0.054282
200457200.000,YYQ,recording,knock_twice_right,14,0.379531,4.850229,8.381727,0.088273,0.002189,-0.055232
200457210.000,YYQ,recording,knock_twice_right,14,0.405757,4.913314,8.411008,0.072724,-0.000196,-0.054088
200457220.000,YYQ,recording,knock_twice_right,14,0.478276,4.848832,8.425376,0.062330,0.000051,-0.053685
200457230.000,YYQ,recording,knock_twice_right,14,0.486042,4.842456,8.459490,0.056847,0.000094,-0.053290
200457240.000,YYQ,recording,knock_twice_right,14,0.450246,4.827223,8.536238,0.056664,-0.002908,-0.050357
200457250.000,YYQ,recording,knock_twice_right,14,0.467106,4.800542,8.533780,0.062656,-0.005689,-0.047099
200457260.000,YYQ,recording,knock_twice_right,14,0.522165,4.791543,8.501554,0.069275,-0.004822,-0.045509
200457270.000,YYQ,recording,knock_twice_right,14,0.499574,4.820709,8.430155,0.073025,-0.004128,-0.043505
200457280.000,YYQ,recording,knock_twice_right,14,0.411419,4.810320,8.338064,0.071642,-0.007662,-0.040023
200457290.000,YYQ,recording,knock_twice_right,14,0.448815,4.818933,8.237936,0.061896,-0.014048,-0.036850
200457300.000,YYQ,recording,knock_twice_right,14,0.430424,4.838171,8.210405,0.046465,-0.018979,-0.033987
200457310.000,YYQ,recording,knock_twice_right,14,0.404111,4.820918,8.303941,0.030411,-0.021258,-0.030963
200457320.000,YYQ,recording,knock_twice_right,14,0.391095,4.820644,8.428215,0.019308,-0.024350,-0.028120
200457330.000,YYQ,recording,knock_twice_right,14,0.410583,4.809860,8.572307,0.018085,-0.029768,-0.025927
200457340.000,YYQ,recording,knock_twice_right,14,0.425357,4.814303,8.664667,0.028262,-0.036943,-0.022990
200457350.000,YYQ,recording,knock_twice_right,14,0.425852,4.836151,8.639725,0.044075,-0.045999,-0.020399
200457360.000,YYQ,recording,knock_twice_right,14,0.461960,4.860134,8.570937,0.057568,-0.051375,-0.019994
200457370.000,YYQ,recording,knock_twice_right,14,0.481521,4.878513,8.431492,0.063122,-0.046609,-0.020782
200457380.000,YYQ,recording,knock_twice_right,14,0.469513,4.888805,8.327600,0.057626,-0.035374,-0.021225
200457390.000,YYQ,recording,knock_twice_right,14,0.397166,4.890049,8.257700,0.041916,-0.028692,-0.020312
200457400.000,YYQ,recording,knock_twice_right,14,0.400688,4.890995,8.188519,0.018056,-0.031277,-0.018683
200457410.000,YYQ,recording,knock_twice_right,14,0.507463,4.840576,8.166404,-0.012364,-0.043273,-0.020842
200457420.000,YYQ,recording,knock_twice_right,14,0.800133,4.735419,8.219563,-0.044802,-0.063374,-0.036081
200457430.000,YYQ,recording,knock_twice_right,14,0.959825,4.725689,8.428641,-0.066734,-0.083252,-0.062474
200457440.000,YYQ,recording,knock_twice_right,14,0.817073,4.796568,8.641930,-0.069532,-0.097217,-0.090781
200457450.000,YYQ,recording,knock_twice_right,14,0.588706,4.794976,8.796980,-0.056213,-0.102791,-0.114719
200457460.000,YYQ,recording,knock_twice_right,14,0.515997,4.786199,8.924887,-0.029868,-0.101376,-0.134773
200457470.000,YYQ,recording,knock_twice_right,14,0.560169,4.831247,9.111288,0.014321,-0.089088,-0.156037
200457480.000,YYQ,recording,knock_twice_right,14,0.503730,4.831004,9.090648,0.076642,-0.056442,-0.176084
200457490.000,YYQ,recording,knock_twice_right,14,0.444977,4.712428,8.779971,0.134449,0.004519,-0.184123
200457500.000,YYQ,recording,knock_twice_right,14,-0.210844,4.756548,8.061055,0.159420,0.072494,-0.166184
200457510.000,YYQ,recording,knock_twice_right,14,-1.403725,4.740259,7.629336,0.125323,0.157114,-0.076858
200457520.000,YYQ,recording,knock_twice_right,14,-4.249121,4.747394,6.834132,0.060353,0.132467,0.054242
200457530.000,YYQ,recording,knock_twice_right,14,0.529084,4.855674,8.992745,0.019799,0.029773,0.195320
200457540.000,YYQ,recording,knock_twice_right,14,-0.924237,6.285646,8.197535,0.017680,-0.059100,0.322071
200457550.000,YYQ,recording,knock_twice_right,14,1.588725,5.197934,9.369258,0.046779,-0.197627,0.388001
200457560.000,YYQ,recording,knock_twice_right,14,0.984164,4.886388,8.684166,0.080430,-0.311120,0.423832
200457570.000,YYQ,recording,knock_twice_right,14,1.536163,4.785262,8.953880,0.107255,-0.366137,0.438088
200457580.000,YYQ,recording,knock_twice_right,14,1.593170,4.930017,8.755643,0.133975,-0.376078,0.412313
200457590.000,YYQ,recording,knock_twice_right,14,1.872183,4.912046,8.864148,0.159905,-0.341072,0.337220
200457600.000,YYQ,recording,knock_twice_right,14,2.505842,4.973013,8.789317,0.181755,-0.249853,0.217648
200457610.000,YYQ,recording,knock_twice_right,14,2.651897,4.990214,8.688577,0.192124,-0.122730,0.059111
200457620.000,YYQ,recording,knock_twice_right,14,2.562964,5.032357,8.462872,0.183017,0.004441,-0.125974
200457630.000,YYQ,recording,knock_twice_right,14,1.972818,4.988938,8.460195,0.161113,0.127221,-0.299748
200457640.000,YYQ,recording,knock_twice_right,14,0.717840,4.977427,8.225223,0.128950,0.264783,-0.413733
200457650.000,YYQ,recording,knock_twice_right,14,-0.413587,4.563736,7.509415,0.071727,0.388984,-0.448604
200457660.000,YYQ,recording,knock_twice_right,14,-0.580875,4.751715,6.959803,-0.033213,0.469138,-0.407113
200457670.000,YYQ,recording,knock_twice_right,14,-0.421994,5.666257,6.373520,-0.198427,0.489275,-0.318331
200457680.000,YYQ,recording,knock_twice_right,14,-0.262572,5.717793,6.634007,-0.387571,0.433161,-0.220894
200457690.000,YYQ,recording,knock_twice_right,14,-0.091384,5.226786,7.645080,-0.518477,0.327231,-0.129235
200457700.000,YYQ,recording,knock_twice_right,14,0.248008,4.730097,9.207083,-0.521365,0.205742,-0.059623
200457710.000,YYQ,recording,knock_twice_right,14,0.456090,4.450952,10.472745,-0.376615,0.087657,-0.029436
200457720.000,YYQ,recording,knock_twice_right,14,0.357530,4.333335,10.929101,-0.131709,-0.005018,-0.031374
200457730.000,YYQ,recording,knock_twice_right,14,-0.019349,4.287002,10.408027,0.119622,-0.060649,-0.040903
200457740.000,YYQ,recording,knock_twice_right,14,-0.023104,4.365931,9.567815,0.301858,-0.062371,-0.040664
200457750.000,YYQ,recording,knock_twice_right,14,-1.126466,4.275753,7.689552,0.349113,0.075036,0.026401
200457760.000,YYQ,recording,knock_twice_right,14,-4.604661,4.823005,5.238135,0.213870,0.154318,0.173693
200457770.000,YYQ,recording,knock_twice_right,14,0.234262,5.161238,6.849373,-0.032282,0.066845,0.333588
200457780.000,YYQ,recording,knock_twice_right,14,0.248018,6.095829,7.268105,-0.225876,-0.047780,0.426526
200457790.000,YYQ,recording,knock_twice_right,14,2.255557,5.091912,9.006652,-0.283186,-0.177775,0.433483
200457800.000,YYQ,recording,knock_twice_right,14,1.482412,4.677727,9.045695,-0.244763,-0.285728,0.407064
200457810.000,YYQ,recording,knock_twice_right,14,1.827443,4.689002,9.485852,-0.162387,-0.348556,0.362544
200457820.000,YYQ,recording,knock_twice_right,14,1.835918,4.743382,9.352909,-0.064123,-0.346372,0.280580
200457830.000,YYQ,recording,knock_twice_right,14,1.893604,4.577246,9.015997,0.018211,-0.280303,0.156392
200457840.000,YYQ,recording,knock_twice_right,14,2.000586,4.520143,8.823632,0.063045,-0.162380,0.010398
200457850.000,YYQ,recording,knock_twice_right,14,1.922896,4.566334,8.479823,0.067022,0.001762,-0.142770
200457860.000,YYQ,recording,knock_twice_right,14,1.584682,4.550358,8.132007,0.032441,0.184680,-0.283043
200457870.000,YYQ,recording,knock_twice_right,14,0.493283,4.796189,7.702957,-0.041181,0.342526,-0.366021
200457880.000,YYQ,recording,knock_twice_right,14,-0.690021,5.159810,7.319261,-0.153561,0.421893,-0.360900
200457890.000,YYQ,recording,knock_twice_right,14,-0.854475,5.319519,7.394661,-0.283475,0.409432,-0.291500
200457900.000,YYQ,recording,knock_twice_right,14,-0.170389,5.143630,7.837538,-0.388753,0.347301,-0.201855
200457910.000,YYQ,recording,knock_twice_right,14,0.033330,5.063754,8.469343,-0.438383,0.248174,-0.117643
200457920.000,YYQ,recording,knock_twice_right,14,0.221289,4.712472,9.208081,-0.413163,0.117829,-0.049577
200457930.000,YYQ,recording,knock_twice_right,14,0.195660,4.485529,9.793921,-0.311531,-0.005052,0.000476
200457940.000,YYQ,recording,knock_twice_right,14,0.148127,4.408506,9.785062,-0.167186,-0.083787,0.031612
200457950.000,YYQ,recording,knock_twice_right,14,0.126041,4.381998,9.380564,-0.035610,-0.114613,0.049082
200457960.000,YYQ,recording,knock_twice_right,14,0.226615,4.494744,8.791152,0.038961,-0.111221,0.060560
200457970.000,YYQ,recording,knock_twice_right,14,0.413166,4.690175,8.438301,0.050229,-0.080735,0.066126
200457980.000,YYQ,recording,knock_twice_right,14,0.600941,4.739535,8.304990,0.022069,-0.039842,0.063525
200457990.000,YYQ,recording,knock_twice_right,14,0.673581,4.706990,8.394604,-0.015020,-0.008435,0.054607
200458000.000,YYQ,recording,knock_twice_right,14,0.656632,4.724446,8.648856,-0.036197,0.006071,0.043047
200458010.000,YYQ,recording,knock_twice_right,14,0.625052,4.682609,8.824161,-0.032183,0.007069,0.031542
200458020.000,YYQ,recording,knock_twice_right,14,0.515459,4.654388,8.761578,-0.014307,-0.003077,0.021041
200458030.000,YYQ,recording,knock_twice_right,14,0.372916,4.676229,8.615838,0.002571,-0.021312,0.013265
200458040.000,YYQ,recording,knock_twice_right,14,0.283717,4.723451,8.488434,0.011970,-0.035343,0.010205
200458050.000,YYQ,recording,knock_twice_right,14,0.243084,4.759731,8.404166,0.013288,-0.038257,0.009864
200458060.000,YYQ,recording,knock_twice_right,14,0.221439,4.729814,8.409953,0.009313,-0.032893,0.009048
200458070.000,YYQ,recording,knock_twice_right,14,0.230400,4.708574,8.496121,0.004595,-0.023218,0.006676
200458080.000,YYQ,recording,knock_twice_right,14,0.275270,4.688199,8.589030,0.002289,-0.014426,0.003503
200458090.000,YYQ,recording,knock_twice_right,14,0.270610,4.669456,8.651918,0.003244,-0.011877,0.001910
200458100.000,YYQ,recording,knock_twice_right,14,0.273028,4.646529,8.686044,0.005576,-0.016551,0.003429
200458110.000,YYQ,recording,knock_twice_right,14,0.339765,4.632183,8.695083,0.007603,-0.023668,0.006575
200458120.000,YYQ,recording,knock_twice_right,14,0.406060,4.615614,8.619691,0.008278,-0.027268,0.009833
200458130.000,YYQ,recording,knock_twice_right,14,0.459633,4.609785,8.539106,0.004971,-0.025739,0.011153
200458140.000,YYQ,recording,knock_twice_right,14,0.508644,4.618911,8.488266,-0.001814,-0.020011,0.008658
200458150.000,YYQ,recording,knock_twice_right,14,0.485041,4.666456,8.459042,-0.008906,-0.013396,0.004430
200458160.000,YYQ,recording,knock_twice_right,14,0.466155,4.712591,8.478614,-0.013988,-0.009875,0.000646
200458170.000,YYQ,recording,knock_twice_right,14,0.480848,4.725667,8.482680,-0.015501,-0.008120,-0.002495
200458180.000,YYQ,recording,knock_twice_right,14,0.466680,4.709021,8.547098,-0.011905,-0.007093,-0.003998
200458190.000,YYQ,recording,knock_twice_right,14,0.423168,4.742579,8.557388,-0.006794,-0.009357,-0.002425
200458200.000,YYQ,recording,knock_twice_right,14,0.391461,4.725647,8.529578,-0.004779,-0.014511,0.000442
200458210.000,YYQ,recording,knock_twice_right,14,0.397667,4.714232,8.479580,-0.008411,-0.019667,0.004378
200458220.000,YYQ,recording,knock_twice_right,14,0.379859,4.732681,8.473997,-0.017378,-0.024613,0.010178
200458230.000,YYQ,recording,knock_twice_right,14,0.429554,4.698233,8.570086,-0.025935,-0.025380,0.015860
200458240.000,YYQ,recording,knock_twice_right,14,0.456705,4.660070,8.647035,-0.030294,-0.020262,0.020788
200458250.000,YYQ,recording,knock_twice_right,14,0.433045,4.675543,8.742546,-0.028577,-0.017908,0.025319
200458260.000,YYQ,recording,knock_twice_right,14,0.460291,4.648637,8.817389,-0.020771,-0.020839,0.028058
200458270.000,YYQ,recording,knock_twice_right,14,0.491122,4.661392,8.795279,-0.010024,-0.024552,0.027900
200458280.000,YYQ,recording,knock_twice_right,14,0.520184,4.674146,8.734128,0.000547,-0.027727,0.026526
200458290.000,YYQ,recording,knock_twice_right,14,0.555528,4.704458,8.659673,0.008959,-0.030320,0.024438
200458300.000,YYQ,recording,knock_twice_right,14,0.541455,4.700295,8.612963,0.013442,-0.031824,0.020104
200458310.000,YYQ,recording,knock_twice_right,14,0.534762,4.722679,8.596567,0.014537,-0.029751,0.014553
200458320.000,YYQ,recording,knock_twice_right,14,0.546656,4.718104,8.599493,0.015665,-0.020585,0.009315
200458330.000,YYQ,recording,knock_twice_right,14,0.519946,4.715715,8.560665,0.015981,-0.008238,0.005428
200458340.000,YYQ,recording,knock_twice_right,14,0.490741,4.711774,8.527470,0.011715,0.000928,0.003642
200458350.000,YYQ,recording,knock_twice_right,14,0.479623,4.717541,8.493392,0.002480,0.005694,0.002911
200458360.000,YYQ,recording,knock_twice_right,14,0.484434,4.718023,8.548556,-0.007523,0.007169,0.001247
200458370.000,YYQ,recording,knock_twice_right,14,0.494305,4.700943,8.629932,-0.013507,0.005236,-0.002076
200458380.000,YYQ,recording,knock_twice_right,14,0.519445,4.677628,8.785866,-0.010960,0.002150,-0.005185
200458390.000,YYQ,recording,knock_twice_right,14,0.517454,4.678954,8.857902,0.001786,-0.002384,-0.006671
200458400.000,YYQ,recording,knock_twice_right,14,0.484235,4.690790,8.837871,0.018787,-0.007974,-0.005096
200458410.000,YYQ,recording,knock_twice_right,14,0.496078,4.696273,8.717026,0.030852,-0.010779,-0.001656
200458420.000,YYQ,recording,knock_twice_right,14,0.485092,4.683972,8.647965,0.034155,-0.011100,0.002024
200458430.000,YYQ,recording,knock_twice_right,14,0.513464,4.698618,8.565811,0.031605,-0.010287,0.005466
200458440.000,YYQ,recording,knock_twice_right,14,0.530125,4.673876,8.562213,0.027827,-0.010640,0.006852
200458450.000,YYQ,recording,knock_twice_right,14,0.531262,4.708559,8.569379,0.026755,-0.011454,0.006547
200458460.000,YYQ,recording,knock_twice_right,14,0.504974,4.704227,8.538930,0.027813,-0.013513,0.006310
200458470.000,YYQ,recording,knock_twice_right,14,0.492217,4.682994,8.550495,0.030373,-0.015690,0.005937
200458480.000,YYQ,recording,knock_twice_right,14,0.516132,4.683973,8.565195,0.034170,-0.012676,0.005189
200458490.000,YYQ,recording,knock_twice_right,14,0.505514,4.672351,8.477155,0.033646,-0.007255,0.003709
200458500.000,YYQ,recording,knock_twice_right,14,0.483095,4.676324,8.422147,0.026506,-0.005301,0.002121
200458510.000,YYQ,recording,knock_twice_right,14,0.464159,4.716597,8.379044,0.015489,-0.005460,0.001887
200458520.000,YYQ,recording,knock_twice_right,14,0.480338,4.714495,8.423416,0.003072,-0.007547,0.003511
200458530.000,YYQ,recording,knock_twice_right,14,0.494282,4.702586,8.492207,-0.007146,-0.010882,0.005245
200458540.000,YYQ,recording,knock_twice_right,14,0.490470,4.676928,8.527973,-0.012775,-0.011498,0.006353
200458550.000,YYQ,recording,knock_twice_right,14,0.511196,4.695120,8.563286,-0.014917,-0.009939,0.009307
200458560.000,YYQ,recording,knock_twice_right,14,0.534155,4.690809,8.622870,-0.012485,-0.007685,0.013068
200458570.000,YYQ,recording,knock_twice_right,14,0.621235,4.666729,8.613238,-0.006611,-0.003557,0.012783
200458580.000,YYQ,recording,knock_twice_right,14,0.560599,4.644969,8.561064,-0.003258,0.000482,0.008499
200458590.000,YYQ,recording,knock_twice_right,14,0.499187,4.668268,8.557973,-0.002396,0.001075,0.005880
200458600.000,YYQ,recording,knock_twice_right,14,0.516940,4.670646,8.621121,0.000569,0.001112,0.005312
200458610.000,YYQ,recording,knock_twice_right,14,0.559698,4.634517,8.614524,0.006027,0.001659,0.002712
200458620.000,YYQ,recording,knock_twice_right,14,0.524765,4.677758,8.551197,0.009955,-0.001009,-0.000887
200458630.000,YYQ,recording,knock_twice_right,14,0.511336,4.688248,8.514558,0.010906,-0.004474,-0.002706
200458640.000,YYQ,recording,knock_twice_right,14,0.477179,4.694747,8.486361,0.007621,-0.005378,-0.003186
200458650.000,YYQ,recording,knock_twice_right,14,0.477158,4.683737,8.447611,0.000026,-0.006981,-0.002792
200458660.000,YYQ,recording,knock_twice_right,14,0.470157,4.702840,8.495850,-0.007527,-0.010838,-0.001443
200458670.000,YYQ,recording,knock_twice_right,14,0.484984,4.699912,8.559218,-0.012255,-0.014786,0.000883
200458680.000,YYQ,recording,knock_twice_right,14,0.514044,4.688271,8.602576,-0.013267,-0.016980,0.002923
200458690.000,YYQ,recording,knock_twice_right,14,0.534123,4.675438,8.570509,-0.012416,-0.017364,0.004157
200458700.000,YYQ,recording,knock_twice_right,14,0.559355,4.701588,8.605247,-0.011351,-0.014177,0.005244
200458710.000,YYQ,recording,knock_twice_right,14,0.557111,4.689685,8.603762,-0.009730,-0.007449,0.006311
200458720.000,YYQ,recording,knock_twice_right,14,0.555699,4.684694,8.573535,-0.008095,-0.000677,0.007647
200458730.000,YYQ,recording,knock_twice_right,14,0.564544,4.695337,8.537861,-0.009466,0.005583,0.009416
200458740.000,YYQ,recording,knock_twice_right,14,0.590806,4.716248,8.487547,-0.013650,0.012159,0.009489
200458750.000,YYQ,recording,knock_twice_right,14,0.559304,4.727792,8.465554,-0.018582,0.016489,0.008030
200458760.000,YYQ,recording,knock_twice_right,14,0.519249,4.731471,8.472479,-0.024296,0.015981,0.006402
200458770.000,YYQ,recording,knock_twice_right,14,0.483500,4.731068,8.537660,-0.028500,0.011297,0.005336
200458780.000,YYQ,recording,knock_twice_right,14,0.486655,4.704148,8.609483,-0.029614,0.004104,0.004042
200458790.000,YYQ,recording,knock_twice_right,14,0.507164,4.689072,8.647327,-0.026680,-0.002814,0.002021
200458800.000,YYQ,recording,knock_twice_right,14,0.512907,4.698770,8.721337,-0.019243,-0.007501,0.000192
200458810.000,YYQ,recording,knock_twice_right,14,0.547096,4.681145,8.721814,-0.008771,-0.008550,-0.002054
200458820.000,YYQ,recording,knock_twice_right,14,0.591645,4.658394,8.677479,0.000068,-0.004994,-0.004827
200458830.000,YYQ,recording,knock_twice_right,14,0.561340,4.681145,8.568676,0.002052,0.001952,-0.007296
200458840.000,YYQ,recording,knock_twice_right,14,0.562562,4.681882,8.486778,-0.003463,0.009380,-0.008199
200458850.000,YYQ,recording,knock_twice_right,14,0.504767,4.673176,8.482517,-0.012657,0.014647,-0.007447
200458860.000,YYQ,recording,knock_twice_right,14,0.509422,4.674656,8.521768,-0.021717,0.015414,-0.005597
200458870.000,YYQ,recording,knock_twice_right,14,0.490174,4.684859,8.532008,-0.028551,0.013005,-0.002719
200458880.000,YYQ,recording,knock_twice_right,14,0.485813,4.666157,8.563512,-0.031446,0.011640,0.000090
200458890.000,YYQ,recording,knock_twice_right,14,0.460080,4.666236,8.509625,-0.033391,0.011364,0.002548
200458900.000,YYQ,recording,knock_twice_right,14,0.457484,4.672300,8.509737,-0.038948,0.012112,0.005093
200458910.000,YYQ,recording,knock_twice_right,14,0.489539,4.685530,8.476890,-0.047395,0.014718,0.007432
200458920.000,YYQ,recording,knock_twice_right,14,0.488752,4.695499,8.476751,-0.056871,0.019389,0.008833
200458930.000,YYQ,recording,knock_twice_right,14,0.506840,4.669648,8.483132,-0.065911,0.027808,0.008615
200458940.000,YYQ,recording,knock_twice_right,14,0.506983,4.659564,8.512133,-0.074368,0.038992,0.007318
200458950.000,YYQ,recording,knock_twice_right,14,0.513730,4.632385,8.562364,-0.081451,0.045998,0.005525
200458960.000,YYQ,recording,knock_twice_right,14,0.505248,4.613879,8.666678,-0.080997,0.045793,0.004624
200458970.000,YYQ,recording,knock_twice_right,14,0.517735,4.597381,8.847421,-0.066865,0.039466,0.003708
200458980.000,YYQ,recording,knock_twice_right,14,0.511325,4.558340,8.947489,-0.040487,0.030822,0.002705
200458990.000,YYQ,recording,knock_twice_right,14,0.464071,4.562643,8.914893,-0.011813,0.024016,0.003032
200459000.000,YYQ,recording,knock_twice_right,14,0.435551,4.608583,8.802778,0.009035,0.017315,0.004115
200459010.000,YYQ,recording,knock_twice_right,14,0.452373,4.651677,8.705999,0.020233,0.010488,0.005495
200459020.000,YYQ,recording,knock_twice_right,14,0.482550,4.649205,8.649557,0.025067,0.004429,0.006187
200459030.000,YYQ,recording,knock_twice_right,14,0.509610,4.666423,8.600737,0.027292,-0.001189,0.005920
200459040.000,YYQ,recording,knock_twice_right,14,0.543252,4.676384,8.572438,0.028793,-0.002542,0.004103
200459050.000,YYQ,recording,knock_twice_right,14,0.595747,4.672934,8.572897,0.027861,0.001188,-0.000694
200459060.000,YYQ,recording,knock_twice_right,14,0.563825,4.672485,8.541694,0.024490,0.005802,-0.006803
200459070.000,YYQ,recording,knock_twice_right,14,0.493296,4.667751,8.546524,0.019420,0.009993,-0.009318
200459080.000,YYQ,recording,knock_twice_right,14,0.485987,4.657255,8.521436,0.012204,0.015527,-0.009160
200459090.000,YYQ,recording,knock_twice_right,14,0.533733,4.624768,8.539293,0.003087,0.022159,-0.010553
200459100.000,YYQ,recording,knock_twice_right,14,0.544687,4.642101,8.630604,-0.004735,0.025740,-0.012201
200459110.000,YYQ,recording,knock_twice_right,14,0.518474,4.630520,8.676232,-0.005732,0.025064,-0.013541
200459120.000,YYQ,recording,knock_twice_right,14,0.533779,4.612037,8.704614,-0.000802,0.023353,-0.015269
200459130.000,YYQ,recording,knock_twice_right,14,0.540173,4.590705,8.633814,0.003339,0.023575,-0.016419
200459140.000,YYQ,recording,knock_twice_right,14,0.540828,4.610185,8.553688,0.003062,0.026554,-0.017195
200459150.000,YYQ,recording,knock_twice_right,14,0.552323,4.593199,8.491104,-0.002818,0.033385,-0.018651
200459160.000,YYQ,recording,knock_twice_right,14,0.521175,4.595591,8.473950,-0.013986,0.039970,-0.020779
200459170.000,YYQ,recording,knock_twice_right,14,0.493220,4.595310,8.458683,-0.026594,0.045043,-0.022393
200459180.000,YYQ,recording,knock_twice_right,14,0.419672,4.602531,8.510955,-0.037436,0.050678,-0.023144
200459190.000,YYQ,recording,knock_twice_right,14,0.384658,4.602347,8.622768,-0.043688,0.052403,-0.022914
200459200.000,YYQ,recording,knock_twice_right,14,0.386166,4.603032,8.720475,-0.040961,0.045041,-0.021900
200459210.000,YYQ,recording,knock_twice_right,14,0.419381,4.601772,8.820275,-0.027820,0.029076,-0.020558
200459220.000,YYQ,recording,knock_twice_right,14,0.403634,4.597145,8.814821,-0.010610,0.011186,-0.019058
200459230.000,YYQ,recording,knock_twice_right,14,0.421293,4.608170,8.773382,0.001794,-0.000051,-0.017495
200459240.000,YYQ,recording,knock_twice_right,14,0.388104,4.623378,8.687548,0.006095,-0.002036,-0.014554
200459250.000,YYQ,recording,knock_twice_right,14,0.384025,4.670658,8.644126,0.005173,0.000896,-0.010567
200459260.000,YYQ,recording,knock_twice_right,14,0.385249,4.679945,8.657836,0.003045,0.005052,-0.006915
200459270.000,YYQ,recording,knock_twice_right,14,0.398918,4.669841,8.687894,0.001972,0.006601,-0.004075
200459280.000,YYQ,recording,knock_twice_right,14,0.437659,4.667597,8.756377,0.006697,0.004421,-0.003565
200459290.000,YYQ,recording,knock_twice_right,14,0.408849,4.669032,8.777857,0.016803,0.000391,-0.004582
200459300.000,YYQ,recording,knock_twice_right,14,0.395348,4.642261,8.742120,0.027263,-0.004678,-0.005711
200459310.000,YYQ,recording,knock_twice_right,14,0.401513,4.645633,8.691547,0.035332,-0.009397,-0.007881
200459320.000,YYQ,recording,knock_twice_right,14,0.477794,4.651589,8.584537,0.036375,-0.014943,-0.010386
200459330.000,YYQ,recording,knock_twice_right,14,0.485732,4.661646,8.559119,0.030923,-0.018254,-0.011908
200459340.000,YYQ,recording,knock_twice_right,14,0.475457,4.672143,8.546406,0.023747,-0.014518,-0.012562
200459350.000,YYQ,recording,knock_twice_right,14,0.466405,4.669889,8.524282,0.015817,-0.007280,-0.012290
200459360.000,YYQ,recording,knock_twice_right,14,0.428604,4.670504,8.564264,0.008090,0.000242,-0.010188
200459370.000,YYQ,recording,knock_twice_right,14,0.400609,4.642827,8.539570,0.002156,0.005835,-0.006850
200459380.000,YYQ,recording,knock_twice_right,14,0.386916,4.633483,8.601751,-0.000322,0.006773,-0.002953
200459390.000,YYQ,recording,knock_twice_right,14,0.415494,4.609091,8.638861,0.001695,0.004714,0.000858
200459400.000,YYQ,recording,knock_twice_right,14,0.405912,4.598926,8.642555,0.008171,0.000287,0.003260
200459410.000,YYQ,recording,knock_twice_right,14,0.408887,4.577185,8.643301,0.015979,-0.006403,0.004885
200459420.000,YYQ,recording,knock_twice_right,15,0.422416,4.578627,8.556631,0.019583,-0.010090,0.006707
200459430.000,YYQ,recording,knock_twice_right,15,0.403066,4.608860,8.523207,0.016928,-0.007288,0.006813
200459440.000,YYQ,recording,knock_twice_right,15,0.381322,4.631056,8.489496,0.010570,-0.001639,0.005088
200459450.000,YYQ,recording,knock_twice_right,15,0.341514,4.605936,8.531716,0.004245,0.003440,0.004396
200459460.000,YYQ,recording,knock_twice_right,15,0.336094,4.604954,8.500946,-0.001792,0.007220,0.004976
200459470.000,YYQ,recording,knock_twice_right,15,0.338835,4.628326,8.496068,-0.007721,0.007880,0.004537
200459480.000,YYQ,recording,knock_twice_right,15,0.387442,4.618146,8.514848,-0.012524,0.005799,0.004767
200459490.000,YYQ,recording,knock_twice_right,15,0.389158,4.623449,8.593090,-0.013687,0.001880,0.006036
200459500.000,YYQ,recording,knock_twice_right,15,0.403126,4.626429,8.623444,-0.011814,-0.001762,0.005358
200459510.000,YYQ,recording,knock_twice_right,15,0.427304,4.609745,8.602037,-0.009334,-0.000520,0.003789
200459520.000,YYQ,recording,knock_twice_right,15,0.408157,4.646339,8.573492,-0.009470,0.005897,0.002973
200459530.000,YYQ,recording,knock_twice_right,15,0.406434,4.610832,8.559916,-0.013009,0.012913,0.003723
200459540.000,YYQ,recording,knock_twice_right,15,0.408834,4.628907,8.592286,-0.015789,0.017699,0.004203
200459550.000,YYQ,recording,knock_twice_right,15,0.389637,4.636671,8.635407,-0.015693,0.018504,0.003310
200459560.000,YYQ,recording,knock_twice_right,15,0.383460,4.606551,8.644161,-0.012445,0.014531,0.002768
200459570.000,YYQ,recording,knock_twice_right,15,0.372235,4.625072,8.684831,-0.006278,0.007089,0.002555
200459580.000,YYQ,recording,knock_twice_right,15,0.351117,4.634656,8.681509,0.000992,-0.001101,0.001929
200459590.000,YYQ,recording,knock_twice_right,15,0.377713,4.627532,8.635091,0.006508,-0.006494,0.000493
200459600.000,YYQ,recording,knock_twice_right,15,0.400937,4.632667,8.582639,0.006879,-0.008091,-0.001346
200459610.000,YYQ,recording,knock_twice_right,15,0.401384,4.658413,8.568080,0.001511,-0.007260,-0.001184
200459620.000,YYQ,recording,knock_twice_right,15,0.404964,4.664349,8.574818,-0.005840,-0.005884,0.000960
200459630.000,YYQ,recording,knock_twice_right,15,0.437529,4.660682,8.593319,-0.011980,-0.004636,0.003489
200459640.000,YYQ,recording,knock_twice_right,15,0.449624,4.647213,8.676380,-0.015413,-0.002692,0.005827
200459650.000,YYQ,recording,knock_twice_right,15,0.481224,4.667525,8.717550,-0.013632,-0.001686,0.007498
200459660.000,YYQ,recording,knock_twice_right,15,0.473265,4.655105,8.728237,-0.007216,-0.005078,0.008813
200459670.000,YYQ,recording,knock_twice_right,15,0.460981,4.650824,8.751915,0.000555,-0.010334,0.010253
200459680.000,YYQ,recording,knock_twice_right,15,0.448546,4.662659,8.716515,0.008776,-0.014093,0.010695
200459690.000,YYQ,recording,knock_twice_right,15,0.463998,4.642180,8.685053,0.016085,-0.016606,0.010553
200459700.000,YYQ,recording,knock_twice_right,15,0.425953,4.651963,8.661707,0.020682,-0.017487,0.011277
200459710.000,YYQ,recording,knock_twice_right,15,0.412999,4.649452,8.639362,0.024073,-0.017530,0.011969
200459720.000,YYQ,recording,knock_twice_right,15,0.447241,4.623579,8.641295,0.028135,-0.017508,0.012572
200459730.000,YYQ,recording,knock_twice_right,15,0.532325,4.607334,8.660562,0.032082,-0.015052,0.010953
200459740.000,YYQ,recording,knock_twice_right,15,0.566668,4.618476,8.640360,0.035345,-0.011199,0.006994
200459750.000,YYQ,recording,knock_twice_right,15,0.554467,4.632599,8.591739,0.035252,-0.007621,0.003274
200459760.000,YYQ,recording,knock_twice_right,15,0.525317,4.663335,8.582435,0.031691,-0.005889,-0.000401
200459770.000,YYQ,recording,knock_twice_right,15,0.467524,4.672886,8.625660,0.028909,-0.009001,-0.002744
200459780.000,YYQ,recording,knock_twice_right,15,0.460723,4.666097,8.692476,0.030375,-0.014964,-0.004060
200459790.000,YYQ,recording,knock_twice_right,15,0.465047,4.661943,8.721567,0.036295,-0.020768,-0.004901
200459800.000,YYQ,recording,knock_twice_right,15,0.454272,4.663620,8.742020,0.045472,-0.023015,-0.004753
200459810.000,YYQ,recording,knock_twice_right,15,0.455155,4.654380,8.644314,0.053717,-0.021396,-0.004336
200459820.000,YYQ,recording,knock_twice_right,15,0.422777,4.691895,8.575651,0.055995,-0.019521,-0.002214
200459830.000,YYQ,recording,knock_twice_right,15,0.375508,4.688764,8.526560,0.052584,-0.019720,0.001668
200459840.000,YYQ,recording,knock_twice_right,15,0.415444,4.683090,8.527250,0.046456,-0.021884,0.004778
200459850.000,YYQ,recording,knock_twice_right,15,0.425423,4.649764,8.470633,0.039504,-0.026598,0.005665
200459860.000,YYQ,recording,knock_twice_right,15,0.454005,4.704776,8.483718,0.030890,-0.032626,0.005667
200459870.000,YYQ,recording,knock_twice_right,15,0.455397,4.692299,8.500958,0.024372,-0.037555,0.006724
200459880.000,YYQ,recording,knock_twice_right,15,0.458972,4.661868,8.581981,0.024099,-0.040403,0.008128
200459890.000,YYQ,recording,knock_twice_right,15,0.483900,4.675551,8.595567,0.026599,-0.039203,0.008295
200459900.000,YYQ,recording,knock_twice_right,15,0.508288,4.670930,8.555124,0.028518,-0.032603,0.007462
200459910.000,YYQ,recording,knock_twice_right,15,0.484581,4.704151,8.492528,0.026656,-0.022739,0.007812
200459920.000,YYQ,recording,knock_twice_right,15,0.513722,4.723730,8.507712,0.021653,-0.015006,0.009981
200459930.000,YYQ,recording,knock_twice_right,15,0.614686,4.707460,8.583410,0.019554,-0.010882,0.009261
200459940.000,YYQ,recording,knock_twice_right,15,0.528853,4.666542,8.590749,0.020693,-0.010746,0.005676
200459950.000,YYQ,recording,knock_twice_right,15,0.428628,4.640350,8.592534,0.023092,-0.016945,0.002648
200459960.000,YYQ,recording,knock_twice_right,15,0.394830,4.685865,8.636838,0.026240,-0.026956,0.001243
200459970.000,YYQ,recording,knock_twice_right,15,0.404462,4.692246,8.627501,0.030811,-0.036977,0.001218
200459980.000,YYQ,recording,knock_twice_right,15,0.421994,4.683285,8.584330,0.036692,-0.044833,0.002925
200459990.000,YYQ,recording,knock_twice_right,15,0.451777,4.698034,8.560586,0.039647,-0.048502,0.006596
200460000.000,YYQ,recording,knock_twice_right,15,0.498326,4.713210,8.518193,0.038676,-0.050276,0.009893
200460010.000,YYQ,recording,knock_twice_right,15,0.515324,4.712428,8.491033,0.035758,-0.051034,0.012274
200460020.000,YYQ,recording,knock_twice_right,15,0.517931,4.705320,8.484968,0.030960,-0.048080,0.013096
200460030.000,YYQ,recording,knock_twice_right,15,0.540219,4.725841,8.482657,0.023851,-0.042537,0.012560
200460040.000,YYQ,recording,knock_twice_right,15,0.533882,4.748891,8.539157,0.016687,-0.035589,0.011137
200460050.000,YYQ,recording,knock_twice_right,15,0.559560,4.728800,8.562058,0.011839,-0.028845,0.008743
200460060.000,YYQ,recording,knock_twice_right,15,0.593177,4.718722,8.582505,0.009642,-0.022326,0.005053
200460070.000,YYQ,recording,knock_twice_right,15,0.605853,4.757838,8.578297,0.009300,-0.014237,0.000456
200460080.000,YYQ,recording,knock_twice_right,15,0.558096,4.741622,8.534830,0.008427,-0.006632,-0.003760
200460090.000,YYQ,recording,knock_twice_right,15,0.509918,4.720724,8.476892,0.005761,-0.000259,-0.005774
200460100.000,YYQ,recording,knock_twice_right,15,0.457655,4.735704,8.451554,-0.000001,0.005215,-0.004694
200460110.000,YYQ,recording,knock_twice_right,15,0.418658,4.716947,8.434161,-0.009044,0.006478,-0.000677
200460120.000,YYQ,recording,knock_twice_right,15,0.407209,4.689535,8.447973,-0.016401,0.002152,0.004461
200460130.000,YYQ,recording,knock_twice_right,15,0.436720,4.688871,8.535607,-0.018465,-0.006605,0.008119
200460140.000,YYQ,recording,knock_twice_right,15,0.441612,4.686117,8.556679,-0.016638,-0.017417,0.009776
200460150.000,YYQ,recording,knock_twice_right,15,0.486982,4.675992,8.542309,-0.014136,-0.025545,0.010463
200460160.000,YYQ,recording,knock_twice_right,15,0.546143,4.721323,8.536633,-0.012358,-0.028209,0.010737
200460170.000,YYQ,recording,knock_twice_right,15,0.566153,4.713333,8.557097,-0.012913,-0.024748,0.009218
200460180.000,YYQ,recording,knock_twice_right,15,0.597356,4.715903,8.589237,-0.014995,-0.016388,0.007511
200460190.000,YYQ,recording,knock_twice_right,15,0.631245,4.723759,8.676235,-0.013922,-0.005997,0.007504
200460200.000,YYQ,recording,knock_twice_right,15,0.624277,4.722053,8.671170,-0.009862,0.002161,0.007374
200460210.000,YYQ,recording,knock_twice_right,15,0.626846,4.694809,8.670066,-0.005517,0.005968,0.006716
200460220.000,YYQ,recording,knock_twice_right,15,0.611016,4.729215,8.631627,-0.002860,0.006149,0.006916
200460230.000,YYQ,recording,knock_twice_right,15,0.580335,4.708053,8.572774,-0.002230,0.003023,0.006542
200460240.000,YYQ,recording,knock_twice_right,15,0.561914,4.702167,8.579868,-0.002332,-0.002527,0.004940
200460250.000,YYQ,recording,knock_twice_right,15,0.547018,4.706457,8.582837,-0.001604,-0.007850,0.003792
200460260.000,YYQ,recording,knock_twice_right,15,0.557663,4.702014,8.582477,-0.001182,-0.009051,0.003286
200460270.000,YYQ,recording,knock_twice_right,15,0.593294,4.715122,8.578719,-0.002369,-0.006599,0.001724
200460280.000,YYQ,recording,knock_twice_right,15,0.641277,4.722847,8.594918,-0.002791,-0.003803,-0.001572
200460290.000,YYQ,recording,knock_twice_right,15,0.635063,4.714699,8.619648,-0.002918,0.000538,-0.004393
200460300.000,YYQ,recording,knock_twice_right,15,0.586816,4.731553,8.635497,-0.003248,0.006589,-0.005171
200460310.000,YYQ,recording,knock_twice_right,15,0.594705,4.738780,8.655748,-0.003148,0.012119,-0.003776
200460320.000,YYQ,recording,knock_twice_right,15,0.557105,4.737865,8.713456,-0.000625,0.015844,-0.001586
200460330.000,YYQ,recording,knock_twice_right,15,0.568828,4.703695,8.752152,0.009226,0.015085,-0.001289
200460340.000,YYQ,recording,knock_twice_right,15,0.587938,4.700635,8.762274,0.024386,0.008671,-0.002932
200460350.000,YYQ,recording,knock_twice_right,15,0.605989,4.705322,8.699385,0.038380,-0.001111,-0.004955
200460360.000,YYQ,recording,knock_twice_right,15,0.599620,4.712138,8.629963,0.048062,-0.010717,-0.006214
200460370.000,YYQ,recording,knock_twice_right,15,0.576588,4.710340,8.591208,0.054122,-0.015909,-0.007319
200460380.000,YYQ,recording,knock_twice_right,15,0.556977,4.722927,8.578030,0.057931,-0.015926,-0.007590
200460390.000,YYQ,recording,knock_twice_right,15,0.551398,4.719316,8.547734,0.059395,-0.013964,-0.007384
200460400.000,YYQ,recording,knock_twice_right,15,0.570491,4.766829,8.565331,0.058301,-0.012898,-0.009967
200460410.000,YYQ,recording,knock_twice_right,15,0.593138,4.735878,8.616625,0.058960,-0.006469,-0.015277
200460420.000,YYQ,recording,knock_twice_right,15,0.628507,4.675127,8.598868,0.064350,0.005526,-0.020754
200460430.000,YYQ,recording,knock_twice_right,15,0.629503,4.658492,8.522797,0.068951,0.012848,-0.026967
200460440.000,YYQ,recording,knock_twice_right,15,0.673870,4.730163,8.504093,0.068091,0.014639,-0.035229
200460450.000,YYQ,recording,knock_twice_right,15,0.654030,4.815770,8.658369,0.070538,0.014602,-0.043227
200460460.000,YYQ,recording,knock_twice_right,15,0.519410,4.760215,8.869668,0.090564,0.014498,-0.045729
200460470.000,YYQ,recording,knock_twice_right,15,0.460830,4.651263,8.844885,0.123720,0.022359,-0.044630
200460480.000,YYQ,recording,knock_twice_right,15,0.557088,4.682876,8.718664,0.154339,0.039058,-0.044690
200460490.000,YYQ,recording,knock_twice_right,15,0.545182,4.757327,8.624600,0.175243,0.053263,-0.043212
200460500.000,YYQ,recording,knock_twice_right,15,0.611826,4.738168,8.531915,0.185566,0.062360,-0.042895
200460510.000,YYQ,recording,knock_twice_right,15,0.649722,4.714913,8.468030,0.184181,0.066719,-0.048031
200460520.000,YYQ,recording,knock_twice_right,15,0.617830,4.770139,8.464835,0.178076,0.067998,-0.054482
200460530.000,YYQ,recording,knock_twice_right,15,0.502904,4.834174,8.514908,0.174850,0.069249,-0.057396
200460540.000,YYQ,recording,knock_twice_right,15,0.393491,4.862659,8.482556,0.174345,0.067171,-0.056363
200460550.000,YYQ,recording,knock_twice_right,15,0.282821,4.903380,8.423631,0.172653,0.053369,-0.054236
200460560.000,YYQ,recording,knock_twice_right,15,0.261556,4.941657,8.299017,0.163520,0.026960,-0.051522
200460570.000,YYQ,recording,knock_twice_right,15,0.310491,4.973436,8.226915,0.145984,-0.001190,-0.047164
200460580.000,YYQ,recording,knock_twice_right,15,0.360387,4.979480,8.204131,0.123514,-0.025036,-0.043550
200460590.000,YYQ,recording,knock_twice_right,15,0.394186,4.987763,8.269943,0.106251,-0.044780,-0.040501
200460600.000,YYQ,recording,knock_twice_right,15,0.441869,4.980072,8.394133,0.102890,-0.056889,-0.036041
200460610.000,YYQ,recording,knock_twice_right,15,0.450394,4.972107,8.404024,0.108523,-0.059257,-0.033483
200460620.000,YYQ,recording,knock_twice_right,15,0.504812,4.965159,8.366294,0.113725,-0.054562,-0.034564
200460630.000,YYQ,recording,knock_twice_right,15,0.516111,5.000326,8.300351,0.113970,-0.040680,-0.036184
200460640.000,YYQ,recording,knock_twice_right,15,0.492739,5.023919,8.171065,0.105275,-0.021535,-0.037777
200460650.000,YYQ,recording,knock_twice_right,15,0.473427,5.018400,8.092946,0.083789,-0.004800,-0.040735
200460660.000,YYQ,recording,knock_twice_right,15,0.461971,5.020229,8.147339,0.059598,0.006391,-0.045553
200460670.000,YYQ,recording,knock_twice_right,15,0.577340,5.004127,8.515235,0.054250,0.009565,-0.057029
200460680.000,YYQ,recording,knock_twice_right,15,0.705651,4.960973,8.892077,0.081688,0.009738,-0.081372
200460690.000,YYQ,recording,knock_twice_right,15,0.706028,4.893268,9.079265,0.136347,0.020033,-0.115689
200460700.000,YYQ,recording,knock_twice_right,15,0.208545,4.816464,8.776231,0.190944,0.048727,-0.136902
200460710.000,YYQ,recording,knock_twice_right,15,-0.589830,4.815059,8.197657,0.212704,0.075499,-0.127627
200460720.000,YYQ,recording,knock_twice_right,15,-2.863156,4.716013,7.275834,0.168553,0.101283,-0.044405
200460730.000,YYQ,recording,knock_twice_right,15,-3.411422,4.352418,7.014007,0.092173,0.108963,0.097453
200460740.000,YYQ,recording,knock_twice_right,15,0.574819,5.375604,8.449923,0.033472,0.094692,0.257633
200460750.000,YYQ,recording,knock_twice_right,15,-0.148272,6.992376,7.988033,-0.003050,0.012216,0.388442
200460760.000,YYQ,recording,knock_twice_right,15,1.861597,5.315301,8.539685,-0.026253,-0.161674,0.451290
200460770.000,YYQ,recording,knock_twice_right,15,1.531348,5.123697,8.421394,-0.046843,-0.319084,0.480361
200460780.000,YYQ,recording,knock_twice_right,15,1.558434,5.090326,8.568699,-0.041872,-0.386368,0.474748
200460790.000,YYQ,recording,knock_twice_right,15,1.819910,4.575336,8.853727,-0.000439,-0.366575,0.423592
200460800.000,YYQ,recording,knock_twice_right,15,1.809282,4.834129,8.708463,0.049006,-0.293466,0.329279
200460810.000,YYQ,recording,knock_twice_right,15,2.398009,5.046827,8.609073,0.077740,-0.176374,0.195936
200460820.000,YYQ,recording,knock_twice_right,15,2.314763,5.028971,8.293543,0.080340,-0.041937,0.028572
200460830.000,YYQ,recording,knock_twice_right,15,2.123524,4.888173,8.218809,0.062405,0.073354,-0.149611
200460840.000,YYQ,recording,knock_twice_right,15,1.898110,5.136494,8.418032,0.039262,0.166722,-0.313669
200460850.000,YYQ,recording,knock_twice_right,15,1.657660,5.254995,8.474238,0.022582,0.259343,-0.450351
200460860.000,YYQ,recording,knock_twice_right,15,0.723449,5.240269,7.919924,-0.007607,0.370116,-0.533981
200460870.000,YYQ,recording,knock_twice_right,15,-0.774503,5.035724,6.885819,-0.089930,0.474621,-0.544885
200460880.000,YYQ,recording,knock_twice_right,15,-0.986286,4.673816,6.612901,-0.233936,0.495300,-0.476818
200460890.000,YYQ,recording,knock_twice_right,15,-0.917069,5.273621,7.313366,-0.383354,0.435011,-0.350841
200460900.000,YYQ,recording,knock_twice_right,15,-0.361454,5.492014,8.136639,-0.466455,0.356439,-0.220821
200460910.000,YYQ,recording,knock_twice_right,15,0.016372,5.204368,8.951892,-0.447221,0.270640,-0.120825
200460920.000,YYQ,recording,knock_twice_right,15,0.358370,4.749653,9.906800,-0.321763,0.181157,-0.060922
200460930.000,YYQ,recording,knock_twice_right,15,0.175547,4.721605,10.313998,-0.124015,0.098011,-0.039039
200460940.000,YYQ,recording,knock_twice_right,15,-0.015933,4.618779,10.029381,0.082427,0.041597,-0.040668
200460950.000,YYQ,recording,knock_twice_right,15,-0.172890,4.469465,9.062794,0.227636,0.015208,-0.049423
200460960.000,YYQ,recording,knock_twice_right,15,-0.212971,4.632101,8.441571,0.287015,0.004064,-0.061934
200460970.000,YYQ,recording,knock_twice_right,15,-0.082795,4.618583,7.891398,0.282599,0.014727,-0.080250
200460980.000,YYQ,recording,knock_twice_right,15,-2.267960,4.374140,6.352346,0.187662,0.109152,-0.049873
200460990.000,YYQ,recording,knock_twice_right,15,-4.653258,4.379433,5.082384,-0.013470,0.124006,0.068720
200461000.000,YYQ,recording,knock_twice_right,15,-0.713231,5.571954,7.515712,-0.234438,-0.029197,0.239910
200461010.000,YYQ,recording,knock_twice_right,15,-0.107515,6.597012,8.082051,-0.355303,-0.219727,0.364778
200461020.000,YYQ,recording,knock_twice_right,15,2.269654,5.399765,9.603822,-0.341716,-0.407455,0.393094
200461030.000,YYQ,recording,knock_twice_right,15,1.949726,4.942429,9.647035,-0.244446,-0.535837,0.383720
200461040.000,YYQ,recording,knock_twice_right,15,2.012968,4.860820,9.970923,-0.093601,-0.575763,0.344100
200461050.000,YYQ,recording,knock_twice_right,15,2.476886,4.722745,9.953645,0.076833,-0.502251,0.249979
200461060.000,YYQ,recording,knock_twice_right,15,1.891676,4.582879,8.959224,0.195938,-0.335445,0.118688
200461070.000,YYQ,recording,knock_twice_right,15,1.656149,4.472372,8.280212,0.218947,-0.145016,-0.015511
200461080.000,YYQ,recording,knock_twice_right,15,1.394268,4.922394,8.063864,0.168378,0.032210,-0.129682
200461090.000,YYQ,recording,knock_twice_right,15,1.208492,5.514179,7.993027,0.085395,0.190041,-0.211136
200461100.000,YYQ,recording,knock_twice_right,15,0.743109,5.703076,7.516279,-0.023071,0.296320,-0.253544
200461110.000,YYQ,recording,knock_twice_right,15,-0.247934,5.554340,7.247921,-0.157818,0.306057,-0.265592
200461120.000,YYQ,recording,knock_twice_right,15,-0.239485,4.558673,7.520848,-0.275253,0.269866,-0.266011
200461130.000,YYQ,recording,knock_twice_right,15,-0.032748,4.500672,7.995027,-0.326909,0.243733,-0.245187
200461140.000,YYQ,recording,knock_twice_right,15,-0.055784,5.253297,8.898248,-0.308346,0.174418,-0.190177
200461150.000,YYQ,recording,knock_twice_right,15,0.045771,5.322864,9.532537,-0.232246,0.058588,-0.121132
200461160.000,YYQ,recording,knock_twice_right,15,0.036217,4.749175,9.515964,-0.122455,-0.032889,-0.061104
200461170.000,YYQ,recording,knock_twice_right,15,-0.057868,4.395720,8.957085,-0.025132,-0.075210,-0.012718
200461180.000,YYQ,recording,knock_twice_right,15,-0.144609,4.494966,8.348920,0.016760,-0.089708,0.032464
200461190.000,YYQ,recording,knock_twice_right,15,-0.066728,4.849557,8.075251,-0.001442,-0.090553,0.071833
200461200.000,YYQ,recording,knock_twice_right,15,0.238758,4.954752,8.114186,-0.046761,-0.079544,0.096078
200461210.000,YYQ,recording,knock_twice_right,15,0.464746,4.859283,8.366737,-0.083723,-0.060300,0.106009
200461220.000,YYQ,recording,knock_twice_right,15,0.537671,4.804918,8.520677,-0.100615,-0.043028,0.108014
200461230.000,YYQ,recording,knock_twice_right,15,0.586891,4.849639,8.695589,-0.100099,-0.040553,0.105253
200461240.000,YYQ,recording,knock_twice_right,15,0.575573,4.851795,8.854579,-0.083198,-0.050793,0.100078
200461250.000,YYQ,recording,knock_twice_right,15,0.559577,4.830825,8.894302,-0.052069,-0.059610,0.091680
200461260.000,YYQ,recording,knock_twice_right,15,0.556118,4.781549,8.844249,-0.014696,-0.065843,0.078644
200461270.000,YYQ,recording,knock_twice_right,15,0.533063,4.797133,8.644976,0.016958,-0.068189,0.061602
200461280.000,YYQ,recording,knock_twice_right,15,0.456219,4.853358,8.456735,0.033574,-0.059538,0.042942
200461290.000,YYQ,recording,knock_twice_right,15,0.359319,4.879432,8.325721,0.031337,-0.043864,0.025570
200461300.000,YYQ,recording,knock_twice_right,15,0.340079,4.829480,8.333954,0.018337,-0.027366,0.011486
200461310.000,YYQ,recording,knock_twice_right,15,0.253437,4.858567,8.397066,0.008348,-0.017391,0.002662
200461320.000,YYQ,recording,knock_twice_right,15,0.237360,4.856509,8.458214,0.002989,-0.017110,0.000349
200461330.000,YYQ,recording,knock_twice_right,15,0.308511,4.819716,8.454539,-0.000657,-0.017924,0.001316
200461340.000,YYQ,recording,knock_twice_right,15,0.388677,4.805406,8.474002,-0.003468,-0.016659,0.004406
200461350.000,YYQ,recording,knock_twice_right,15,0.460393,4.767927,8.420330,-0.005872,-0.019708,0.008783
200461360.000,YYQ,recording,knock_twice_right,15,0.525018,4.764302,8.442128,-0.008379,-0.028357,0.011545
200461370.000,YYQ,recording,knock_twice_right,15,0.573749,4.773327,8.431976,-0.009344,-0.036231,0.012759
200461380.000,YYQ,recording,knock_twice_right,15,0.602591,4.750169,8.449819,-0.007786,-0.039132,0.010249
200461390.000,YYQ,recording,knock_twice_right,15,0.610427,4.748506,8.412908,-0.007402,-0.036913,0.004121
200461400.000,YYQ,recording,knock_twice_right,15,0.554911,4.783531,8.403249,-0.008692,-0.029244,-0.002627
200461410.000,YYQ,recording,knock_twice_right,15,0.539523,4.829245,8.351475,-0.013507,-0.018314,-0.007579
200461420.000,YYQ,recording,knock_twice_right,15,0.487112,4.843978,8.327457,-0.022928,-0.007332,-0.009033
200461430.000,YYQ,recording,knock_twice_right,15,0.518865,4.842034,8.380979,-0.033299,0.005068,-0.008952
200461440.000,YYQ,recording,knock_twice_right,15,0.510300,4.849577,8.418587,-0.042469,0.015071,-0.008015
200461450.000,YYQ,recording,knock_twice_right,15,0.504363,4.848768,8.498916,-0.049845,0.015109,-0.004515
200461460.000,YYQ,recording,knock_twice_right,15,0.503872,4.826055,8.604736,-0.051697,0.007860,0.000371
200461470.000,YYQ,recording,knock_twice_right,15,0.463941,4.790056,8.675161,-0.045378,-0.002927,0.005295
200461480.000,YYQ,recording,knock_twice_right,15,0.463548,4.808163,8.744071,-0.031915,-0.013846,0.010681
200461490.000,YYQ,recording,knock_twice_right,15,0.474470,4.784698,8.724989,-0.015903,-0.019707,0.015797
200461500.000,YYQ,recording,knock_twice_right,15,0.473547,4.804665,8.608876,-0.005492,-0.024091,0.019368
200461510.000,YYQ,recording,knock_twice_right,15,0.469539,4.795142,8.561904,-0.001961,-0.030805,0.022356
200461520.000,YYQ,recording,knock_twice_right,15,0.512685,4.821083,8.584189,-0.000958,-0.035365,0.022699
200461530.000,YYQ,recording,knock_twice_right,15,0.560181,4.804375,8.530750,-0.000072,-0.037396,0.018309
200461540.000,YYQ,recording,knock_twice_right,15,0.627808,4.798876,8.542463,0.000654,-0.039029,0.011740
200461550.000,YYQ,recording,knock_twice_right,15,0.653810,4.834566,8.547008,0.002632,-0.035745,0.004331
200461560.000,YYQ,recording,knock_twice_right,15,0.623612,4.815611,8.527263,0.006951,-0.026139,-0.002045
200461570.000,YYQ,recording,knock_twice_right,15,0.593097,4.798226,8.473259,0.011145,-0.015830,-0.005351
200461580.000,YYQ,recording,knock_twice_right,15,0.567580,4.835647,8.494938,0.013156,-0.007552,-0.005923
200461590.000,YYQ,recording,knock_twice_right,15,0.579552,4.844758,8.443502,0.011791,0.000136,-0.005485
200461600.000,YYQ,recording,knock_twice_right,15,0.597876,4.831782,8.411246,0.006539,0.005778,-0.006299
200461610.000,YYQ,recording,knock_twice_right,15,0.573548,4.854588,8.390924,-0.001453,0.005938,-0.007629
200461620.000,YYQ,recording,knock_twice_right,15,0.555599,4.863787,8.482258,-0.008261,-0.000099,-0.008843
200461630.000,YYQ,recording,knock_twice_right,15,0.568693,4.834586,8.621197,-0.007658,-0.007821,-0.011324
200461640.000,YYQ,recording,knock_twice_right,15,0.514415,4.780798,8.657642,-0.000554,-0.014651,-0.014283
200461650.000,YYQ,recording,knock_twice_right,15,0.535838,4.777596,8.656736,0.006878,-0.017646,-0.015463
200461660.000,YYQ,recording,knock_twice_right,15,0.498847,4.813139,8.564764,0.010207,-0.014455,-0.014818
200461670.000,YYQ,recording,knock_twice_right,15,0.482219,4.831009,8.481294,0.006603,-0.008383,-0.012754
200461680.000,YYQ,recording,knock_twice_right,15,0.492436,4.817041,8.426012,-0.002702,-0.003079,-0.009735
200461690.000,YYQ,recording,knock_twice_right,15,0.509562,4.818387,8.456940,-0.013071,-0.000326,-0.006849
200461700.000,YYQ,recording,knock_twice_right,15,0.498327,4.804487,8.551865,-0.017876,-0.000226,-0.004094
200461710.000,YYQ,recording,knock_twice_right,15,0.510080,4.786823,8.620788,-0.013807,-0.001451,-0.003025
200461720.000,YYQ,recording,knock_twice_right,15,0.525654,4.769484,8.629658,-0.002761,-0.003206,-0.002629
200461730.000,YYQ,recording,knock_twice_right,15,0.499462,4.777836,8.678997,0.010700,-0.007370,-0.000837
200461740.000,YYQ,recording,knock_twice_right,15,0.483643,4.794518,8.631429,0.023377,-0.010402,0.001218
200461750.000,YYQ,recording,knock_twice_right,15,0.451912,4.797765,8.569356,0.032218,-0.011494,0.003864
200461760.000,YYQ,recording,knock_twice_right,15,0.410169,4.800640,8.435335,0.032164,-0.015430,0.006845
200461770.000,YYQ,recording,knock_twice_right,15,0.440523,4.842098,8.417848,0.025231,-0.018418,0.008314
200461780.000,YYQ,recording,knock_twice_right,15,0.492730,4.864248,8.461867,0.019504,-0.015952,0.008091
200461790.000,YYQ,recording,knock_twice_right,15,0.472305,4.847492,8.489562,0.016053,-0.013527,0.006237
200461800.000,YYQ,recording,knock_twice_right,15,0.450583,4.843783,8.475199,0.013709,-0.015395,0.004958
200461810.000,YYQ,recording,knock_twice_right,15,0.463305,4.858812,8.535357,0.015346,-0.018543,0.006019
200461820.000,YYQ,recording,knock_twice_right,15,0.483027,4.849876,8.526687,0.019434,-0.019576,0.006725
200461830.000,YYQ,recording,knock_twice_right,15,0.482813,4.815632,8.439146,0.021030,-0.016644,0.007002
200461840.000,YYQ,recording,knock_twice_right,15,0.468764,4.824860,8.365167,0.015603,-0.011119,0.009021
200461850.000,YYQ,recording,knock_twice_right,15,0.509953,4.835535,8.373516,0.006178,-0.006642,0.010421
200461860.000,YYQ,recording,knock_twice_right,15,0.561401,4.834244,8.442903,-0.001355,-0.004551,0.008577
200461870.000,YYQ,recording,knock_twice_right,15,0.564327,4.829284,8.474394,-0.004597,-0.001797,0.006088
200461880.000,YYQ,recording,knock_twice_right,15,0.538980,4.802557,8.499858,-0.004505,0.001524,0.005125
200461890.000,YYQ,recording,knock_twice_right,15,0.501974,4.825861,8.489578,-0.004252,0.000725,0.005042
200461900.000,YYQ,recording,knock_twice_right,15,0.520041,4.807002,8.468258,-0.005789,-0.004865,0.005330
200461910.000,YYQ,recording,knock_twice_right,15,0.509277,4.803861,8.493472,-0.008297,-0.010918,0.005496
200461920.000,YYQ,recording,knock_twice_right,15,0.535664,4.806965,8.492195,-0.008491,-0.016322,0.006915
200461930.000,YYQ,recording,knock_twice_right,15,0.545004,4.818242,8.603146,-0.003768,-0.021899,0.008809
200461940.000,YYQ,recording,knock_twice_right,15,0.574788,4.808156,8.620140,0.006494,-0.022747,0.009738
200461950.000,YYQ,recording,knock_twice_right,15,0.583738,4.779107,8.549241,0.016245,-0.018153,0.010401
200461960.000,YYQ,recording,knock_twice_right,15,0.586863,4.802572,8.437053,0.017106,-0.012556,0.010158
200461970.000,YYQ,recording,knock_twice_right,15,0.648654,4.830044,8.416781,0.011947,-0.005444,0.007802
200461980.000,YYQ,recording,knock_twice_right,15,0.649835,4.822861,8.401058,0.007161,0.003575,0.004590
200461990.000,YYQ,recording,knock_twice_right,15,0.590013,4.822641,8.363993,0.000025,0.010843,0.001894
200462000.000,YYQ,recording,knock_twice_right,15,0.549815,4.820584,8.381985,-0.010481,0.016962,0.000347
200462010.000,YYQ,recording,knock_twice_right,15,0.511079,4.836437,8.415938,-0.021278,0.022602,-0.000310
200462020.000,YYQ,recording,knock_twice_right,15,0.488689,4.798288,8.482881,-0.028449,0.021518,-0.000580
200462030.000,YYQ,recording,knock_twice_right,15,0.487850,4.837178,8.581563,-0.026782,0.012312,0.000383
200462040.000,YYQ,recording,knock_twice_right,15,0.448553,4.812875,8.643023,-0.016874,-0.000082,0.000947
200462050.000,YYQ,recording,knock_twice_right,15,0.446933,4.826474,8.568114,-0.006869,-0.012836,0.001178
200462060.000,YYQ,recording,knock_twice_right,15,0.435315,4.807223,8.514231,-0.001511,-0.020702,0.003718
200462070.000,YYQ,recording,knock_twice_right,15,0.511457,4.832890,8.555543,0.002093,-0.020894,0.007054
200462080.000,YYQ,recording,knock_twice_right,15,0.559975,4.804319,8.472638,0.003514,-0.016374,0.008170
200462090.000,YYQ,recording,knock_twice_right,15,0.581693,4.813533,8.442692,-0.000565,-0.011157,0.007445
200462100.000,YYQ,recording,knock_twice_right,15,0.565007,4.822449,8.463796,-0.005680,-0.006418,0.005356
200462110.000,YYQ,recording,knock_twice_right,15,0.599547,4.818499,8.494835,-0.007652,0.000199,0.001793
200462120.000,YYQ,recording,knock_twice_right,15,0.558867,4.791533,8.514805,-0.009194,0.006586,-0.001405
200462130.000,YYQ,recording,knock_twice_right,15,0.505739,4.793452,8.519026,-0.011033,0.005300,-0.002916
200462140.000,YYQ,recording,knock_twice_right,15,0.528973,4.832176,8.597803,-0.009516,-0.000522,-0.004083
200462150.000,YYQ,recording,knock_twice_right,15,0.556286,4.812936,8.563155,-0.005500,-0.005822,-0.005731
200462160.000,YYQ,recording,knock_twice_right,15,0.577337,4.806134,8.535249,-0.003670,-0.012940,-0.007399
200462170.000,YYQ,recording,knock_twice_right,15,0.598958,4.850903,8.489639,-0.004331,-0.019035,-0.009298
200462180.000,YYQ,recording,knock_twice_right,15,0.640208,4.843898,8.473392,-0.005898,-0.022178,-0.011055
200462190.000,YYQ,recording,knock_twice_right,15,0.593707,4.867210,8.449360,-0.009709,-0.023227,-0.011352
200462200.000,YYQ,recording,knock_twice_right,15,0.563734,4.858809,8.411518,-0.017189,-0.020897,-0.009751
200462210.000,YYQ,recording,knock_twice_right,15,0.579239,4.873906,8.394067,-0.025456,-0.015149,-0.007764
200462220.000,YYQ,recording,knock_twice_right,15,0.543489,4.849013,8.411342,-0.033312,-0.010757,-0.005681
200462230.000,YYQ,recording,knock_twice_right,15,0.514557,4.788745,8.450359,-0.040946,-0.010388,-0.002759
200462240.000,YYQ,recording,knock_twice_right,15,0.546521,4.803031,8.504935,-0.044100,-0.012949,-0.001812
200462250.000,YYQ,recording,knock_twice_right,15,0.561440,4.819166,8.615560,-0.039589,-0.017371,-0.003143
200462260.000,YYQ,recording,knock_twice_right,15,0.496270,4.745167,8.615352,-0.028400,-0.021007,-0.003399
200462270.000,YYQ,recording,knock_twice_right,15,0.501519,4.743637,8.579721,-0.017601,-0.024345,-0.004231
200462280.000,YYQ,recording,knock_twice_right,15,0.489812,4.782108,8.530634,-0.012426,-0.026773,-0.006335
200462290.000,YYQ,recording,knock_twice_right,15,0.458095,4.770812,8.497247,-0.011683,-0.022993,-0.004467
200462300.000,YYQ,recording,knock_twice_right,15,0.450443,4.735033,8.470790,-0.015136,-0.015777,0.000307
200462310.000,YYQ,recording,knock_twice_right,15,0.456761,4.788009,8.470772,-0.021997,-0.009613,0.004986
200462320.000,YYQ,recording,knock_twice_right,15,0.585055,4.774150,8.556766,-0.024223,0.000898,0.008601
200462330.000,YYQ,recording,knock_twice_right,15,0.587599,4.743939,8.585281,-0.022731,0.007215,0.007299
200462340.000,YYQ,recording,knock_twice_right,15,0.464273,4.781469,8.556021,-0.022041,0.002843,0.006294
200462350.000,YYQ,recording,knock_twice_right,15,0.434120,4.756920,8.536583,-0.020724,-0.003590,0.009972
200462360.000,YYQ,recording,knock_twice_right,15,0.522501,4.746157,8.483586,-0.022181,-0.009227,0.011570
200462370.000,YYQ,recording,knock_twice_right,15,0.544874,4.802012,8.436228,-0.028301,-0.016005,0.011864
200462380.000,YYQ,recording,knock_twice_right,15,0.573986,4.808352,8.527876,-0.032425,-0.021586,0.014655
200462390.000,YYQ,recording,knock_twice_right,15,0.637773,4.750097,8.587098,-0.026898,-0.021480,0.015413
200462400.000,YYQ,recording,knock_twice_right,15,0.640946,4.749460,8.617681,-0.017205,-0.017748,0.012047
200462410.000,YYQ,recording,knock_twice_right,15,0.567008,4.782555,8.613511,-0.008994,-0.012974,0.010388
200462420.000,YYQ,recording,knock_twice_right,15,0.579410,4.777977,8.583039,-0.002412,-0.007066,0.011670
200462430.000,YYQ,recording,knock_twice_right,15,0.607875,4.785104,8.549444,0.000692,-0.001098,0.011406
200462440.000,YYQ,recording,knock_twice_right,16,0.585993,4.800309,8.515259,-0.001301,0.001798,0.010575
200462450.000,YYQ,recording,knock_twice_right,16,0.593055,4.822415,8.510180,-0.007260,0.001076,0.009055
200462460.000,YYQ,recording,knock_twice_right,16,0.616281,4.783102,8.540750,-0.011778,-0.000327,0.005821
200462470.000,YYQ,recording,knock_twice_right,16,0.600197,4.801611,8.586006,-0.012748,-0.002119,0.003023
200462480.000,YYQ,recording,knock_twice_right,16,0.572657,4.821531,8.627647,-0.010252,-0.004662,-0.000177
200462490.000,YYQ,recording,knock_twice_right,16,0.587487,4.819729,8.676075,-0.003898,-0.006231,-0.003157
200462500.000,YYQ,recording,knock_twice_right,16,0.536690,4.808072,8.657876,0.004622,-0.006092,-0.003214
200462510.000,YYQ,recording,knock_twice_right,16,0.524667,4.787265,8.671270,0.013281,-0.004820,-0.001398
200462520.000,YYQ,recording,knock_twice_right,16,0.541383,4.801335,8.616973,0.020219,-0.001404,0.001216
200462530.000,YYQ,recording,knock_twice_right,16,0.542487,4.803642,8.577124,0.024026,0.003400,0.004192
200462540.000,YYQ,recording,knock_twice_right,16,0.553459,4.781930,8.515441,0.022666,0.007200,0.006474
200462550.000,YYQ,recording,knock_twice_right,16,0.555426,4.791646,8.508857,0.018371,0.007607,0.008894
200462560.000,YYQ,recording,knock_twice_right,16,0.541644,4.815667,8.515598,0.017733,0.002926,0.012544
200462570.000,YYQ,recording,knock_twice_right,16,0.558660,4.802510,8.520782,0.020728,-0.002966,0.015240
200462580.000,YYQ,recording,knock_twice_right,16,0.553653,4.776861,8.496730,0.022696,-0.008348,0.015375
200462590.000,YYQ,recording,knock_twice_right,16,0.562441,4.760762,8.445035,0.021910,-0.010927,0.013896
200462600.000,YYQ,recording,knock_twice_right,16,0.613619,4.760924,8.423672,0.018601,-0.008709,0.011995
200462610.000,YYQ,recording,knock_twice_right,16,0.627774,4.754890,8.427418,0.014908,-0.004018,0.009410
200462620.000,YYQ,recording,knock_twice_right,16,0.625214,4.747861,8.393195,0.010937,0.001664,0.006467
200462630.000,YYQ,recording,knock_twice_right,16,0.619374,4.757242,8.391243,0.004604,0.007760,0.005003
200462640.000,YYQ,recording,knock_twice_right,16,0.605797,4.750465,8.363986,-0.003543,0.011585,0.004142
200462650.000,YYQ,recording,knock_twice_right,16,0.620927,4.752953,8.383690,-0.010641,0.012181,0.003204
200462660.000,YYQ,recording,knock_twice_right,16,0.612861,4.736506,8.426054,-0.014283,0.012260,0.003267
200462670.000,YYQ,recording,knock_twice_right,16,0.604444,4.753658,8.432782,-0.015541,0.011743,0.005843
200462680.000,YYQ,recording,knock_twice_right,16,0.598376,4.741865,8.482763,-0.014920,0.010078,0.008371
200462690.000,YYQ,recording,knock_twice_right,16,0.632982,4.744531,8.447549,-0.014213,0.007553,0.008212
200462700.000,YYQ,recording,knock_twice_right,16,0.625149,4.750968,8.441648,-0.017160,0.004632,0.008193
200462710.000,YYQ,recording,knock_twice_right,16,0.636302,4.749837,8.421896,-0.022146,0.002372,0.006878
200462720.000,YYQ,recording,knock_twice_right,16,0.638249,4.737038,8.457166,-0.026868,0.000767,0.003401
200462730.000,YYQ,recording,knock_twice_right,16,0.661364,4.767543,8.483729,-0.031043,-0.002135,0.000201
200462740.000,YYQ,recording,knock_twice_right,16,0.667380,4.771285,8.557922,-0.032225,-0.004748,-0.002680
200462750.000,YYQ,recording,knock_twice_right,16,0.674702,4.770018,8.554826,-0.030126,-0.005172,-0.005164
200462760.000,YYQ,recording,knock_twice_right,16,0.657676,4.776455,8.569342,-0.027261,-0.004943,-0.006612
200462770.000,YYQ,recording,knock_twice_right,16,0.666761,4.784311,8.551064,-0.025009,-0.002631,-0.007798
200462780.000,YYQ,recording,knock_twice_right,16,0.673131,4.786823,8.534780,-0.023148,0.003541,-0.008365
200462790.000,YYQ,recording,knock_twice_right,16,0.659170,4.784223,8.543809,-0.020355,0.012296,-0.007783
200462800.000,YYQ,recording,knock_twice_right,16,0.645390,4.784432,8.590921,-0.016186,0.020528,-0.008236
200462810.000,YYQ,recording,knock_twice_right,16,0.590091,4.791252,8.578465,-0.011883,0.024216,-0.008265
200462820.000,YYQ,recording,knock_twice_right,16,0.590185,4.798579,8.547765,-0.010329,0.021315,-0.007157
200462830.000,YYQ,recording,knock_twice_right,16,0.580171,4.801397,8.555347,-0.010597,0.014811,-0.006530
200462840.000,YYQ,recording,knock_twice_right,16,0.561022,4.759089,8.533905,-0.010830,0.007626,-0.006277
200462850.000,YYQ,recording,knock_twice_right,16,0.570545,4.734978,8.565682,-0.010660,0.001906,-0.006444
200462860.000,YYQ,recording,knock_twice_right,16,0.584852,4.734824,8.601927,-0.008642,-0.001844,-0.006009
200462870.000,YYQ,recording,knock_twice_right,16,0.576350,4.759433,8.601133,-0.004788,-0.005452,-0.004655
200462880.000,YYQ,recording,knock_twice_right,16,0.586728,4.755258,8.596353,-0.000355,-0.009399,-0.003111
200462890.000,YYQ,recording,knock_twice_right,16,0.603365,4.759471,8.574881,0.002384,-0.012718,-0.001813
200462900.000,YYQ,recording,knock_twice_right,16,0.581182,4.757316,8.559434,0.002497,-0.014560,-0.001189
200462910.000,YYQ,recording,knock_twice_right,16,0.568274,4.746803,8.568530,0.001558,-0.014256,-0.001493
200462920.000,YYQ,recording,knock_twice_right,16,0.640258,4.746426,8.560250,0.001323,-0.012065,-0.003871
200462930.000,YYQ,recording,knock_twice_right,16,0.659800,4.739624,8.590349,0.002077,-0.009772,-0.007372
200462940.000,YYQ,recording,knock_twice_right,16,0.691431,4.727668,8.567033,0.002244,-0.006765,-0.010235
200462950.000,YYQ,recording,knock_twice_right,16,0.685545,4.744650,8.541114,0.002823,-0.003596,-0.012659
200462960.000,YYQ,recording,knock_twice_right,16,0.658557,4.748506,8.551180,0.003140,-0.002045,-0.014626
200462970.000,YYQ,recording,knock_twice_right,16,0.624223,4.760499,8.504455,0.001084,-0.000874,-0.015294
200462980.000,YYQ,recording,knock_twice_right,16,0.579988,4.761106,8.453746,-0.003615,0.000489,-0.014426
200462990.000,YYQ,recording,knock_twice_right,16,0.552107,4.753832,8.519015,-0.008827,-0.000433,-0.012004
200463000.000,YYQ,recording,knock_twice_right,16,0.505622,4.740060,8.590650,-0.009472,-0.003531,-0.009082
200463010.000,YYQ,recording,knock_twice_right,16,0.544378,4.704148,8.665256,-0.003980,-0.009807,-0.006537
200463020.000,YYQ,recording,knock_twice_right,16,0.573693,4.712980,8.718213,0.006723,-0.020172,-0.005323
200463030.000,YYQ,recording,knock_twice_right,16,0.593057,4.710528,8.716121,0.019926,-0.030152,-0.005650
200463040.000,YYQ,recording,knock_twice_right,16,0.607066,4.728629,8.626139,0.032228,-0.035492,-0.007004
200463050.000,YYQ,recording,knock_twice_right,16,0.612940,4.722953,8.535513,0.039238,-0.033675,-0.008277
200463060.000,YYQ,recording,knock_twice_right,16,0.604183,4.749511,8.437105,0.038178,-0.025200,-0.008056
200463070.000,YYQ,recording,knock_twice_right,16,0.612695,4.787546,8.410104,0.031386,-0.014097,-0.006473
200463080.000,YYQ,recording,knock_twice_right,16,0.591108,4.778546,8.412279,0.024165,-0.003635,-0.004530
200463090.000,YYQ,recording,knock_twice_right,16,0.553683,4.776588,8.398551,0.018482,0.001396,-0.003566
200463100.000,YYQ,recording,knock_twice_right,16,0.516630,4.749203,8.423416,0.010929,-0.001445,-0.003170
200463110.000,YYQ,recording,knock_twice_right,16,0.522964,4.735266,8.438378,0.002709,-0.006099,-0.003290
200463120.000,YYQ,recording,knock_twice_right,16,0.545315,4.744545,8.526426,-0.001304,-0.008711,-0.003647
200463130.000,YYQ,recording,knock_twice_right,16,0.553156,4.711754,8.520739,-0.002139,-0.008722,-0.004107
200463140.000,YYQ,recording,knock_twice_right,16,0.533695,4.701193,8.526072,-0.002064,-0.006100,-0.003795
200463150.000,YYQ,recording,knock_twice_right,16,0.521623,4.721449,8.541101,-0.001997,-0.002739,-0.001673
200463160.000,YYQ,recording,knock_twice_right,16,0.514958,4.759178,8.586155,0.000193,0.000004,0.002193
200463170.000,YYQ,recording,knock_twice_right,16,0.537556,4.733162,8.577965,0.006336,0.001571,0.005573
200463180.000,YYQ,recording,knock_twice_right,16,0.542395,4.739536,8.555081,0.013161,0.000092,0.007707
200463190.000,YYQ,recording,knock_twice_right,16,0.552904,4.754474,8.504515,0.017865,-0.003592,0.010294
200463200.000,YYQ,recording,knock_twice_right,16,0.557569,4.765430,8.465996,0.018902,-0.007147,0.013253
200463210.000,YYQ,recording,knock_twice_right,16,0.541836,4.750870,8.444630,0.015344,-0.009674,0.015803
200463220.000,YYQ,recording,knock_twice_right,16,0.608121,4.758909,8.421156,0.009467,-0.011386,0.016460
200463230.000,YYQ,recording,knock_twice_right,16,0.640891,4.765016,8.424544,0.004573,-0.010252,0.015292
200463240.000,YYQ,recording,knock_twice_right,16,0.643497,4.786241,8.432372,0.001187,-0.004872,0.012689
200463250.000,YYQ,recording,knock_twice_right,16,0.627131,4.769754,8.441829,-0.002260,0.002408,0.010242
200463260.000,YYQ,recording,knock_twice_right,16,0.609618,4.754851,8.472931,-0.005871,0.011235,0.009341
200463270.000,YYQ,recording,knock_twice_right,16,0.608845,4.723877,8.506164,-0.006024,0.018109,0.007655
200463280.000,YYQ,recording,knock_twice_right,16,0.602466,4.755984,8.564806,-0.002281,0.015303,0.005669
200463290.000,YYQ,recording,knock_twice_right,16,0.571796,4.747327,8.582524,0.002251,0.002866,0.004129
200463300.000,YYQ,recording,knock_twice_right,16,0.577956,4.742102,8.581250,0.007471,-0.012540,0.001248
200463310.000,YYQ,recording,knock_twice_right,16,0.614432,4.730812,8.549231,0.011439,-0.024570,-0.002988
200463320.000,YYQ,recording,knock_twice_right,16,0.627853,4.763019,8.519009,0.012452,-0.031248,-0.006772
200463330.000,YYQ,recording,knock_twice_right,16,0.659265,4.786928,8.550545,0.013284,-0.035223,-0.008031
200463340.000,YYQ,recording,knock_twice_right,16,0.713229,4.765890,8.603390,0.017243,-0.036194,-0.009009
200463350.000,YYQ,recording,knock_twice_right,16,0.784730,4.773008,8.601318,0.023515,-0.030744,-0.011388
200463360.000,YYQ,recording,knock_twice_right,16,0.791714,4.764636,8.567511,0.029430,-0.019175,-0.011580
200463370.000,YYQ,recording,knock_twice_right,16,0.768556,4.788956,8.555003,0.033917,-0.004961,-0.008769
200463380.000,YYQ,recording,knock_twice_right,16,0.715258,4.788776,8.554801,0.035454,0.009467,-0.004457
200463390.000,YYQ,recording,knock_twice_right,16,0.721024,4.818427,8.536924,0.035996,0.019232,0.000706
200463400.000,YYQ,recording,knock_twice_right,16,0.666903,4.809405,8.581900,0.038934,0.021737,0.004653
200463410.000,YYQ,recording,knock_twice_right,16,0.675073,4.821647,8.532702,0.042463,0.019184,0.005934
200463420.000,YYQ,recording,knock_twice_right,16,0.663381,4.832558,8.463569,0.040680,0.014635,0.005274
200463430.000,YYQ,recording,knock_twice_right,16,0.596963,4.792586,8.438789,0.034477,0.009585,0.003749
200463440.000,YYQ,recording,knock_twice_right,16,0.530059,4.790962,8.503387,0.029541,0.004639,0.000500
200463450.000,YYQ,recording,knock_twice_right,16,0.552692,4.822590,8.540388,0.027548,0.002246,-0.003640
200463460.000,YYQ,recording,knock_twice_right,16,0.582310,4.830196,8.555093,0.027859,0.003718,-0.007355
200463470.000,YYQ,recording,knock_twice_right,16,0.579513,4.876762,8.586030,0.029252,0.007971,-0.009946
200463480.000,YYQ,recording,knock_twice_right,16,0.584269,4.890454,8.628815,0.032712,0.012669,-0.010867
200463490.000,YYQ,recording,knock_twice_right,16,0.578421,4.900916,8.641124,0.038379,0.013347,-0.011186
200463500.000,YYQ,recording,knock_twice_right,16,0.560523,4.893736,8.677649,0.045914,0.009272,-0.010786
200463510.000,YYQ,recording,knock_twice_right,16,0.599204,4.858496,8.672641,0.057070,0.006153,-0.011620
200463520.000,YYQ,recording,knock_twice_right,16,0.619850,4.828833,8.620225,0.068222,0.006106,-0.014579
200463530.000,YYQ,recording,knock_twice_right,16,0.639654,4.837503,8.533955,0.073627,0.006853,-0.018625
200463540.000,YYQ,recording,knock_twice_right,16,0.638000,4.877985,8.450508,0.071747,0.010245,-0.023925
200463550.000,YYQ,recording,knock_twice_right,16,0.686377,4.848478,8.358506,0.063808,0.019996,-0.028517
200463560.000,YYQ,recording,knock_twice_right,16,0.651345,4.842090,8.307454,0.052173,0.030123,-0.031237
200463570.000,YYQ,recording,knock_twice_right,16,0.635026,4.885468,8.389373,0.042185,0.036922,-0.032973
200463580.000,YYQ,recording,knock_twice_right,16,0.605657,4.867178,8.481188,0.040196,0.044906,-0.035394
200463590.000,YYQ,recording,knock_twice_right,16,0.597703,4.819562,8.513318,0.045810,0.050016,-0.039643
200463600.000,YYQ,recording,knock_twice_right,16,0.613141,4.842638,8.546707,0.055302,0.050093,-0.046195
200463610.000,YYQ,recording,knock_twice_right,16,0.589779,4.857843,8.493526,0.064528,0.047053,-0.053373
200463620.000,YYQ,recording,knock_twice_right,16,0.473378,4.833190,8.387302,0.068160,0.040215,-0.058537
200463630.000,YYQ,recording,knock_twice_right,16,0.514576,4.863110,8.350647,0.065423,0.034428,-0.062528
200463640.000,YYQ,recording,knock_twice_right,16,0.552108,4.903384,8.319698,0.058755,0.035534,-0.066054
200463650.000,YYQ,recording,knock_twice_right,16,0.601282,4.901358,8.328434,0.052532,0.042319,-0.071018
200463660.000,YYQ,recording,knock_twice_right,16,0.671142,4.896930,8.500913,0.055294,0.053876,-0.078733
200463670.000,YYQ,recording,knock_twice_right,16,0.629791,4.965627,8.684398,0.071749,0.066106,-0.088685
200463680.000,YYQ,recording,knock_twice_right,16,0.614450,4.927461,8.905188,0.101979,0.074803,-0.104033
200463690.000,YYQ,recording,knock_twice_right,16,0.715697,4.753646,8.930393,0.144359,0.100278,-0.126081
200463700.000,YYQ,recording,knock_twice_right,16,0.552964,4.711567,8.627437,0.186012,0.148115,-0.143030
200463710.000,YYQ,recording,knock_twice_right,16,-0.018709,4.847802,8.321923,0.206983,0.196144,-0.142414
200463720.000,YYQ,recording,knock_twice_right,16,-2.786906,4.750425,7.486475,0.171548,0.190266,-0.072209
200463730.000,YYQ,recording,knock_twice_right,16,-2.325800,4.449197,7.983517,0.112810,0.158181,0.082456
200463740.000,YYQ,recording,knock_twice_right,16,0.465835,5.852492,9.000761,0.088389,0.130499,0.241080
200463750.000,YYQ,recording,knock_twice_right,16,0.623795,6.446207,8.876136,0.107089,0.039968,0.336226
200463760.000,YYQ,recording,knock_twice_right,16,1.406465,5.109825,9.119258,0.146892,-0.091195,0.366975
200463770.000,YYQ,recording,knock_twice_right,16,1.709833,4.938037,8.877143,0.174601,-0.188961,0.361686
200463780.000,YYQ,recording,knock_twice_right,16,1.171149,4.917032,8.675111,0.202525,-0.235919,0.322394
200463790.000,YYQ,recording,knock_twice_right,16,1.478776,4.738945,8.782583,0.240049,-0.248035,0.246177
200463800.000,YYQ,recording,knock_twice_right,16,1.349394,4.943164,8.470557,0.273530,-0.226469,0.139721
200463810.000,YYQ,recording,knock_twice_right,16,1.673880,5.001765,8.340395,0.288912,-0.176633,0.008454
200463820.000,YYQ,recording,knock_twice_right,16,1.553221,4.994640,8.046045,0.279300,-0.114515,-0.132432
200463830.000,YYQ,recording,knock_twice_right,16,1.407941,4.977378,7.935135,0.248092,-0.051368,-0.259757
200463840.000,YYQ,recording,knock_twice_right,16,1.163638,5.122548,7.968168,0.205846,0.030076,-0.356490
200463850.000,YYQ,recording,knock_twice_right,16,0.525927,5.052326,7.342452,0.144554,0.161408,-0.426598
200463860.000,YYQ,recording,knock_twice_right,16,0.019063,4.344776,6.467485,0.046260,0.304101,-0.445240
200463870.000,YYQ,recording,knock_twice_right,16,-0.844141,5.189774,6.099600,-0.106777,0.369495,-0.376036
200463880.000,YYQ,recording,knock_twice_right,16,-0.511876,5.770730,6.149767,-0.310083,0.347459,-0.257838
200463890.000,YYQ,recording,knock_twice_right,16,-0.240465,5.597542,6.621249,-0.497658,0.296824,-0.140092
200463900.000,YYQ,recording,knock_twice_right,16,0.088569,5.005645,7.781136,-0.591355,0.239476,-0.041940
200463910.000,YYQ,recording,knock_twice_right,16,0.509333,4.683496,9.059194,-0.562595,0.171392,0.014624
200463920.000,YYQ,recording,knock_twice_right,16,0.685597,4.685553,10.017933,-0.422239,0.110133,0.022654
200463930.000,YYQ,recording,knock_twice_right,16,0.312450,4.610278,10.113472,-0.218905,0.054445,-0.002852
200463940.000,YYQ,recording,knock_twice_right,16,-0.064500,4.528513,9.873374,-0.019751,-0.006452,-0.042170
200463950.000,YYQ,recording,knock_twice_right,16,-0.291415,4.486524,9.383192,0.132728,-0.041571,-0.073558
200463960.000,YYQ,recording,knock_twice_right,16,-0.865054,4.287429,8.139440,0.195573,0.058217,-0.066377
200463970.000,YYQ,recording,knock_twice_right,16,-4.499435,4.272896,5.704751,0.113399,0.129958,0.008865
200463980.000,YYQ,recording,knock_twice_right,16,-1.051057,5.017014,7.233743,-0.090537,0.040880,0.168638
200463990.000,YYQ,recording,knock_twice_right,16,-0.373449,6.466369,7.857440,-0.271274,-0.090511,0.318388
200464000.000,YYQ,recording,knock_twice_right,16,2.590573,5.610127,9.859359,-0.305059,-0.242676,0.358271
200464010.000,YYQ,recording,knock_twice_right,16,1.849075,5.185478,9.897161,-0.216694,-0.375601,0.340349
200464020.000,YYQ,recording,knock_twice_right,16,2.325827,5.009332,10.479361,-0.070193,-0.447255,0.304445
200464030.000,YYQ,recording,knock_twice_right,16,2.067515,4.915972,10.113854,0.099395,-0.430120,0.227483
200464040.000,YYQ,recording,knock_twice_right,16,2.038507,4.772981,9.535780,0.234994,-0.331445,0.112508
200464050.000,YYQ,recording,knock_twice_right,16,1.671978,4.722110,8.601054,0.289408,-0.188564,-0.018540
200464060.000,YYQ,recording,knock_twice_right,16,1.622561,4.836411,8.076690,0.262756,-0.021718,-0.147145
200464070.000,YYQ,recording,knock_twice_right,16,0.897757,5.257168,7.630921,0.177660,0.144297,-0.229258
200464080.000,YYQ,recording,knock_twice_right,16,-0.593812,6.019557,7.198360,0.040637,0.230570,-0.232050
200464090.000,YYQ,recording,knock_twice_right,16,-0.553010,5.436246,7.128903,-0.115767,0.254291,-0.212280
200464100.000,YYQ,recording,knock_twice_right,16,0.201540,4.589484,7.428128,-0.227460,0.284593,-0.202574
200464110.000,YYQ,recording,knock_twice_right,16,0.077216,5.201167,8.264718,-0.268863,0.269766,-0.169360
200464120.000,YYQ,recording,knock_twice_right,16,0.269052,5.423541,8.973982,-0.248809,0.180976,-0.119574
200464130.000,YYQ,recording,knock_twice_right,16,0.223073,4.989429,9.232688,-0.181098,0.073603,-0.074669
200464140.000,YYQ,recording,knock_twice_right,16,-0.040000,4.593177,9.108486,-0.091323,-0.008865,-0.038283
200464150.000,YYQ,recording,knock_twice_right,16,-0.168614,4.476963,8.760805,-0.015180,-0.062098,-0.003411
200464160.000,YYQ,recording,knock_twice_right,16,-0.143876,4.670947,8.376661,0.020468,-0.093768,0.029392
200464170.000,YYQ,recording,knock_twice_right,16,0.143415,4.865778,8.141200,0.013159,-0.102435,0.051803
200464180.000,YYQ,recording,knock_twice_right,16,0.401761,4.905730,8.136514,-0.015871,-0.086039,0.060610
200464190.000,YYQ,recording,knock_twice_right,16,0.570808,4.839261,8.288062,-0.041089,-0.055637,0.059345
200464200.000,YYQ,recording,knock_twice_right,16,0.619361,4.829666,8.399115,-0.054549,-0.029880,0.054822
200464210.000,YYQ,recording,knock_twice_right,16,0.578436,4.862967,8.504874,-0.058934,-0.016436,0.053014
200464220.000,YYQ,recording,knock_twice_right,16,0.530326,4.847982,8.546709,-0.055327,-0.011840,0.054532
200464230.000,YYQ,recording,knock_twice_right,16,0.506260,4.788752,8.498486,-0.049217,-0.012867,0.056053
200464240.000,YYQ,recording,knock_twice_right,16,0.417904,4.843687,8.483684,-0.043137,-0.017518,0.056478
200464250.000,YYQ,recording,knock_twice_right,16,0.402074,4.866786,8.476692,-0.034464,-0.021111,0.054436
200464260.000,YYQ,recording,knock_twice_right,16,0.378395,4.839331,8.360869,-0.028924,-0.021663,0.048897
200464270.000,YYQ,recording,knock_twice_right,16,0.316153,4.884541,8.277864,-0.033041,-0.020081,0.040510
200464280.000,YYQ,recording,knock_twice_right,16,0.285577,4.902361,8.337935,-0.042282,-0.017810,0.031326
200464290.000,YYQ,recording,knock_twice_right,16,0.295664,4.857110,8.414907,-0.047908,-0.016946,0.024621
200464300.000,YYQ,recording,knock_twice_right,16,0.291905,4.844053,8.506084,-0.047341,-0.021541,0.021556
200464310.000,YYQ,recording,knock_twice_right,16,0.355881,4.846525,8.635996,-0.040638,-0.031259,0.021115
200464320.000,YYQ,recording,knock_twice_right,16,0.515832,4.787527,8.652266,-0.029335,-0.038531,0.020529
200464330.000,YYQ,recording,knock_twice_right,16,0.628436,4.799048,8.551785,-0.018877,-0.038303,0.016930
200464340.000,YYQ,recording,knock_twice_right,16,0.622143,4.826113,8.506122,-0.013346,-0.033828,0.011133
200464350.000,YYQ,recording,knock_twice_right,16,0.633666,4.822440,8.443644,-0.012372,-0.026219,0.006263
200464360.000,YYQ,recording,knock_twice_right,16,0.558988,4.838635,8.378420,-0.015453,-0.018221,0.002609
200464370.000,YYQ,recording,knock_twice_right,16,0.521749,4.862997,8.366618,-0.022139,-0.013765,-0.002070
200464380.000,YYQ,recording,knock_twice_right,16,0.548579,4.885617,8.448354,-0.026994,-0.007781,-0.007452
200464390.000,YYQ,recording,knock_twice_right,16,0.520900,4.863595,8.465489,-0.027280,0.001006,-0.010928
200464400.000,YYQ,recording,knock_twice_right,16,0.456269,4.879964,8.433376,-0.028732,0.005490,-0.011663
200464410.000,YYQ,recording,knock_twice_right,16,0.447754,4.873233,8.435543,-0.032570,0.004875,-0.010477
200464420.000,YYQ,recording,knock_twice_right,16,0.462543,4.853647,8.464790,-0.035432,0.005869,-0.007871
200464430.000,YYQ,recording,knock_twice_right,16,0.437500,4.863709,8.489803,-0.037543,0.005710,-0.003498
200464440.000,YYQ,recording,knock_twice_right,16,0.423480,4.852735,8.547041,-0.036903,-0.000728,0.002813
200464450.000,YYQ,recording,knock_twice_right,16,0.457457,4.836010,8.605246,-0.032030,-0.009799,0.009859
200464460.000,YYQ,recording,knock_twice_right,16,0.486910,4.806054,8.568109,-0.027980,-0.019257,0.016318
200464470.000,YYQ,recording,knock_twice_right,16,0.474755,4.832497,8.602542,-0.023661,-0.032332,0.021331
200464480.000,YYQ,recording,knock_twice_right,16,0.530747,4.852897,8.698352,-0.013362,-0.044444,0.023135
200464490.000,YYQ,recording,knock_twice_right,16,0.600703,4.809124,8.650969,0.000016,-0.048335,0.020789
200464500.000,YYQ,recording,knock_twice_right,16,0.611242,4.811608,8.544641,0.008089,-0.044435,0.015553
200464510.000,YYQ,recording,knock_twice_right,16,0.617169,4.848604,8.409490,0.005885,-0.036590,0.011170
200464520.000,YYQ,recording,knock_twice_right,16,0.623502,4.894730,8.357517,-0.003536,-0.027078,0.008306
200464530.000,YYQ,recording,knock_twice_right,16,0.655311,4.862602,8.403556,-0.013491,-0.016622,0.003486
200464540.000,YYQ,recording,knock_twice_right,16,0.681234,4.849253,8.459818,-0.021596,-0.006557,-0.002840
200464550.000,YYQ,recording,knock_twice_right,16,0.645117,4.879270,8.452385,-0.028136,0.000762,-0.008206
200464560.000,YYQ,recording,knock_twice_right,16,0.574741,4.892894,8.474266,-0.032319,0.001951,-0.010469
200464570.000,YYQ,recording,knock_twice_right,16,0.553917,4.869358,8.512527,-0.033931,-0.001156,-0.009994
200464580.000,YYQ,recording,knock_twice_right,16,0.536539,4.820660,8.564398,-0.032087,-0.008116,-0.009307
200464590.000,YYQ,recording,knock_twice_right,16,0.523284,4.847449,8.622755,-0.026316,-0.015317,-0.007891
200464600.000,YYQ,recording,knock_twice_right,16,0.499792,4.828244,8.626068,-0.019426,-0.017731,-0.006867
200464610.000,YYQ,recording,knock_twice_right,16,0.536150,4.827254,8.597347,-0.012475,-0.019073,-0.007505
200464620.000,YYQ,recording,knock_twice_right,16,0.533526,4.812645,8.646178,-0.003089,-0.018348,-0.007928
200464630.000,YYQ,recording,knock_twice_right,16,0.478866,4.787869,8.627980,0.005766,-0.015660,-0.006742
200464640.000,YYQ,recording,knock_twice_right,16,0.450309,4.786853,8.610723,0.010832,-0.017211,-0.004949
200464650.000,YYQ,recording,knock_twice_right,16,0.434046,4.829781,8.585930,0.014926,-0.022129,-0.004319
200464660.000,YYQ,recording,knock_twice_right,16,0.466314,4.834723,8.522773,0.017182,-0.024745,-0.004108
200464670.000,YYQ,recording,knock_twice_right,16,0.525393,4.824247,8.517041,0.016505,-0.021719,-0.004566
200464680.000,YYQ,recording,knock_twice_right,16,0.476756,4.837200,8.527833,0.015149,-0.016311,-0.005109
200464690.000,YYQ,recording,knock_twice_right,16,0.458332,4.851068,8.520228,0.014476,-0.011635,-0.003197
200464700.000,YYQ,recording,knock_twice_right,16,0.454367,4.820532,8.477542,0.013375,-0.006979,-0.000983
200464710.000,YYQ,recording,knock_twice_right,16,0.444819,4.840895,8.452453,0.010623,-0.001413,0.000614
200464720.000,YYQ,recording,knock_twice_right,16,0.435953,4.852160,8.405779,0.006432,0.000531,0.002175
200464730.000,YYQ,recording,knock_twice_right,16,0.432192,4.862486,8.401010,0.002112,-0.002054,0.003490
200464740.000,YYQ,recording,knock_twice_right,16,0.452429,4.847216,8.387769,-0.001342,-0.003625,0.004930
200464750.000,YYQ,recording,knock_twice_right,16,0.523808,4.829122,8.374558,-0.005139,-0.006183,0.004559
200464760.000,YYQ,recording,knock_twice_right,16,0.505176,4.810973,8.395301,-0.009481,-0.011605,0.003143
200464770.000,YYQ,recording,knock_twice_right,16,0.536923,4.829547,8.405841,-0.013279,-0.014457,0.002119
200464780.000,YYQ,recording,knock_twice_right,16,0.527110,4.784313,8.409955,-0.017536,-0.010719,0.001117
200464790.000,YYQ,recording,knock_twice_right,16,0.545119,4.771190,8.412133,-0.024020,-0.002981,0.000345
200464800.000,YYQ,recording,knock_twice_right,16,0.531772,4.803210,8.428344,-0.031160,0.005104,0.000259
200464810.000,YYQ,recording,knock_twice_right,16,0.523039,4.805579,8.493220,-0.035220,0.009058,0.001632
200464820.000,YYQ,recording,knock_twice_right,16,0.511677,4.799510,8.538830,-0.034234,0.005493,0.002949
200464830.000,YYQ,recording,knock_twice_right,16,0.531500,4.792758,8.624885,-0.027406,-0.002479,0.003305
200464840.000,YYQ,recording,knock_twice_right,16,0.577000,4.780741,8.637097,-0.015787,-0.007998,0.003123
200464850.000,YYQ,recording,knock_twice_right,16,0.537513,4.784321,8.550098,-0.005161,-0.009384,0.002743
200464860.000,YYQ,recording,knock_twice_right,16,0.500011,4.782672,8.483816,-0.000122,-0.009495,0.003636
200464870.000,YYQ,recording,knock_twice_right,16,0.508106,4.788316,8.467043,-0.000224,-0.008411,0.005533
200464880.000,YYQ,recording,knock_twice_right,16,0.509337,4.782814,8.445996,-0.003342,-0.006161,0.007332
200464890.000,YYQ,recording,knock_twice_right,16,0.507282,4.774524,8.482879,-0.005042,-0.006898,0.007921
200464900.000,YYQ,recording,knock_twice_right,16,0.521662,4.788197,8.554736,-0.002466,-0.010757,0.006486
200464910.000,YYQ,recording,knock_twice_right,16,0.531995,4.797566,8.542697,0.002356,-0.014220,0.003734
200464920.000,YYQ,recording,knock_twice_right,16,0.517489,4.799379,8.497488,0.005929,-0.016665,0.001497
200464930.000,YYQ,recording,knock_twice_right,16,0.476422,4.832880,8.406375,0.004567,-0.015612,0.001550
200464940.000,YYQ,recording,knock_twice_right,16,0.451961,4.821347,8.365402,-0.003265,-0.010742,0.001470
200464950.000,YYQ,recording,knock_twice_right,16,0.453135,4.811178,8.349999,-0.015968,-0.005937,0.001388
200464960.000,YYQ,recording,knock_twice_right,16,0.481711,4.801160,8.402284,-0.027662,-0.002549,0.002989
200464970.000,YYQ,recording,knock_twice_right,16,0.488189,4.800691,8.530754,-0.033253,-0.000983,0.004451
200464980.000,YYQ,recording,knock_twice_right,16,0.493781,4.787957,8.627987,-0.031983,-0.004446,0.006223
200464990.000,YYQ,recording,knock_twice_right,16,0.504353,4.800936,8.652223,-0.025732,-0.013576,0.009561
200465000.000,YYQ,recording,knock_twice_right,16,0.510576,4.791105,8.629031,-0.018552,-0.023866,0.013500
200465010.000,YYQ,recording,knock_twice_right,16,0.527517,4.809204,8.598150,-0.012034,-0.032184,0.016805
200465020.000,YYQ,recording,knock_twice_right,16,0.548464,4.789104,8.630532,-0.005899,-0.038010,0.018915
200465030.000,YYQ,recording,knock_twice_right,16,0.604549,4.800858,8.606422,-0.000741,-0.039035,0.018218
200465040.000,YYQ,recording,knock_twice_right,16,0.627560,4.802601,8.553513,0.002492,-0.033478,0.014421
200465050.000,YYQ,recording,knock_twice_right,16,0.642234,4.810830,8.528413,0.003138,-0.025134,0.009355
200465060.000,YYQ,recording,knock_twice_right,16,0.646616,4.817333,8.519993,0.001626,-0.018196,0.005448
200465070.000,YYQ,recording,knock_twice_right,16,0.644566,4.824328,8.509055,-0.002219,-0.014660,0.003374
200465080.000,YYQ,recording,knock_twice_right,16,0.611833,4.845542,8.552736,-0.005081,-0.015356,0.002477
200465090.000,YYQ,recording,knock_twice_right,16,0.615862,4.812693,8.618015,-0.003654,-0.017626,0.001847
200465100.000,YYQ,recording,knock_twice_right,16,0.662462,4.825665,8.651991,0.001960,-0.019344,-0.000345
200465110.000,YYQ,recording,knock_twice_right,16,0.647355,4.821489,8.683212,0.009900,-0.020408,-0.003721
200465120.000,YYQ,recording,knock_twice_right,16,0.630090,4.828753,8.583651,0.018000,-0.021160,-0.005441
200465130.000,YYQ,recording,knock_twice_right,16,0.588130,4.836616,8.494031,0.022212,-0.020957,-0.005878
200465140.000,YYQ,recording,knock_twice_right,16,0.614247,4.829988,8.426337,0.018793,-0.019434,-0.005736
200465150.000,YYQ,recording,knock_twice_right,16,0.619277,4.814688,8.412875,0.011410,-0.016685,-0.005903
200465160.000,YYQ,recording,knock_twice_right,16,0.623936,4.788263,8.436392,0.004853,-0.015004,-0.007108
200465170.000,YYQ,recording,knock_twice_right,16,0.597366,4.799958,8.493275,0.001752,-0.014544,-0.009132
200465180.000,YYQ,recording,knock_twice_right,16,0.613540,4.767067,8.535931,0.002947,-0.015482,-0.010719
200465190.000,YYQ,recording,knock_twice_right,16,0.615606,4.756329,8.597370,0.010630,-0.017399,-0.011182
200465200.000,YYQ,recording,knock_twice_right,16,0.574531,4.767265,8.617895,0.023271,-0.018132,-0.011313
200465210.000,YYQ,recording,knock_twice_right,16,0.569162,4.765047,8.680226,0.038480,-0.019468,-0.011101
200465220.000,YYQ,recording,knock_twice_right,16,0.603460,4.787202,8.718924,0.056946,-0.024005,-0.012330
200465230.000,YYQ,recording,knock_twice_right,16,0.577542,4.772203,8.638056,0.074649,-0.028354,-0.013871
200465240.000,YYQ,recording,knock_twice_right,16,0.560353,4.808605,8.509584,0.082370,-0.028531,-0.013814
200465250.000,YYQ,recording,knock_twice_right,16,0.524967,4.833031,8.405304,0.076142,-0.025847,-0.012024
200465260.000,YYQ,recording,knock_twice_right,16,0.511320,4.848427,8.378185,0.062325,-0.022735,-0.009940
200465270.000,YYQ,recording,knock_twice_right,16,0.552257,4.838211,8.357557,0.045068,-0.022019,-0.008643
200465280.000,YYQ,recording,knock_twice_right,16,0.562955,4.843236,8.387112,0.027721,-0.022952,-0.006179
200465290.000,YYQ,recording,knock_twice_right,16,0.546739,4.847454,8.407516,0.015182,-0.024041,-0.002681
200465300.000,YYQ,recording,knock_twice_right,16,0.583707,4.844178,8.444962,0.009437,-0.023754,-0.000375
200465310.000,YYQ,recording,knock_twice_right,16,0.592843,4.833601,8.466010,0.009276,-0.020523,0.000906
200465320.000,YYQ,recording,knock_twice_right,16,0.624012,4.827545,8.469100,0.010093,-0.015458,0.001486
200465330.000,YYQ,recording,knock_twice_right,16,0.658098,4.815266,8.439388,0.009156,-0.009613,0.001719
200465340.000,YYQ,recording,knock_twice_right,16,0.687339,4.813030,8.458898,0.008281,-0.003438,0.001535
200465350.000,YYQ,recording,knock_twice_right,16,0.622145,4.828977,8.495203,0.008153,-0.000400,0.002239
200465360.000,YYQ,recording,knock_twice_right,16,0.595282,4.825342,8.500593,0.007609,-0.002717,0.004283
200465370.000,YYQ,recording,knock_twice_right,16,0.571928,4.823881,8.572286,0.011918,-0.008019,0.006743
200465380.000,YYQ,recording,knock_twice_right,16,0.566322,4.835561,8.627470,0.022855,-0.013523,0.009314
200465390.000,YYQ,recording,knock_twice_right,16,0.554902,4.859175,8.543795,0.033820,-0.018642,0.010587
200465400.000,YYQ,recording,knock_twice_right,16,0.582809,4.869384,8.457022,0.038846,-0.024381,0.011095
200465410.000,YYQ,recording,knock_twice_right,16,0.588645,4.887966,8.430909,0.036489,-0.028331,0.010761
200465420.000,YYQ,recording,knock_twice_right,16,0.617743,4.872891,8.404011,0.029927,-0.026575,0.009449
200465430.000,YYQ,recording,knock_twice_right,16,0.620649,4.864294,8.384975,0.021037,-0.019035,0.009837
200465440.000,YYQ,recording,knock_twice_right,16,0.576802,4.896672,8.378496,0.010291,-0.009520,0.011527
200465450.000,YYQ,recording,knock_twice_right,16,0.564876,4.860211,8.394929,-0.000238,-0.001502,0.013527
200465460.000,YYQ,recording,knock_twice_right,16,0.590313,4.866790,8.421612,-0.006447,0.004441,0.015326
200465470.000,YYQ,recording,knock_twice_right,17,0.619218,4.862832,8.517720,-0.006696,0.009117,0.015915
200465480.000,YYQ,recording,knock_twice_right,17,0.622918,4.844391,8.493503,-0.004778,0.011319,0.015834
200465490.000,YYQ,recording,knock_twice_right,17,0.638253,4.814236,8.429115,-0.005645,0.010864,0.014669
200465500.000,YYQ,recording,knock_twice_right,17,0.619815,4.849906,8.400936,-0.010376,0.007725,0.013478
200465510.000,YYQ,recording,knock_twice_right,17,0.624397,4.866882,8.458560,-0.013494,0.001674,0.013452
200465520.000,YYQ,recording,knock_twice_right,17,0.624980,4.868966,8.550590,-0.009962,-0.002571,0.012992
200465530.000,YYQ,recording,knock_twice_right,17,0.587621,4.833209,8.508014,-0.003377,-0.003649,0.011621
200465540.000,YYQ,recording,knock_twice_right,17,0.605422,4.821015,8.514123,0.000524,-0.003961,0.010617
200465550.000,YYQ,recording,knock_twice_right,17,0.600484,4.863381,8.496843,0.000573,-0.004087,0.009345
200465560.000,YYQ,recording,knock_twice_right,17,0.623368,4.831855,8.479258,-0.000472,-0.005230,0.007342
200465570.000,YYQ,recording,knock_twice_right,17,0.636322,4.867123,8.533216,0.000862,-0.006961,0.005772
200465580.000,YYQ,recording,knock_twice_right,17,0.625508,4.891427,8.525505,0.004968,-0.008924,0.005583
200465590.000,YYQ,recording,knock_twice_right,17,0.602702,4.900515,8.536341,0.009890,-0.010989,0.007768
200465600.000,YYQ,recording,knock_twice_right,17,0.593380,4.896404,8.467154,0.012594,-0.013909,0.012271
200465610.000,YYQ,recording,knock_twice_right,17,0.602179,4.878599,8.424183,0.011576,-0.019477,0.017359
200465620.000,YYQ,recording,knock_twice_right,17,0.648486,4.875540,8.397629,0.008622,-0.025130,0.020939
200465630.000,YYQ,recording,knock_twice_right,17,0.659677,4.866827,8.396912,0.005988,-0.028670,0.020946
200465640.000,YYQ,recording,knock_twice_right,17,0.659135,4.849229,8.386159,0.003650,-0.032424,0.019324
200465650.000,YYQ,recording,knock_twice_right,17,0.661910,4.854580,8.368971,-0.000445,-0.037573,0.017089
200465660.000,YYQ,recording,knock_twice_right,17,0.659179,4.846910,8.355781,-0.006677,-0.042901,0.014319
200465670.000,YYQ,recording,knock_twice_right,17,0.673135,4.832523,8.369897,-0.012046,-0.044958,0.013747
200465680.000,YYQ,recording,knock_twice_right,17,0.625680,4.858937,8.414658,-0.016220,-0.044085,0.015826
200465690.000,YYQ,recording,knock_twice_right,17,0.690180,4.872804,8.430775,-0.019813,-0.044831,0.018119
200465700.000,YYQ,recording,knock_twice_right,17,0.790140,4.856877,8.463671,-0.018808,-0.045353,0.018130
200465710.000,YYQ,recording,knock_twice_right,17,0.798618,4.833640,8.523094,-0.014702,-0.046106,0.013054
200465720.000,YYQ,recording,knock_twice_right,17,0.702461,4.897903,8.530752,-0.009238,-0.050311,0.008850
200465730.000,YYQ,recording,knock_twice_right,17,0.643897,4.843733,8.549354,-0.001330,-0.055344,0.008835
200465740.000,YYQ,recording,knock_twice_right,17,0.694494,4.857804,8.463212,0.001885,-0.063554,0.008301
200465750.000,YYQ,recording,knock_twice_right,17,0.605797,4.899161,8.284070,-0.006168,-0.076508,0.014766
200465760.000,YYQ,recording,knock_twice_right,17,0.614904,4.858020,8.188098,-0.024816,-0.087264,0.025838
200465770.000,YYQ,recording,knock_twice_right,17,0.734494,4.857278,8.378214,-0.043593,-0.094190,0.030146
200465780.000,YYQ,recording,knock_twice_right,17,0.725068,4.892230,8.534462,-0.048585,-0.099494,0.031421
200465790.000,YYQ,recording,knock_twice_right,17,0.709911,4.845433,8.517488,-0.041267,-0.103361,0.034882
200465800.000,YYQ,recording,knock_twice_right,17,0.799222,4.782643,8.526020,-0.034438,-0.105972,0.035142
200465810.000,YYQ,recording,knock_twice_right,17,0.849577,4.841759,8.542264,-0.031272,-0.110703,0.030357
200465820.000,YYQ,recording,knock_twice_right,17,0.813940,4.885368,8.604055,-0.026439,-0.115649,0.025491
200465830.000,YYQ,recording,knock_twice_right,17,0.846317,4.801499,8.487667,-0.023363,-0.112608,0.020983
200465840.000,YYQ,recording,knock_twice_right,17,0.813377,4.801552,8.392521,-0.028842,-0.104233,0.014723
200465850.000,YYQ,recording,knock_twice_right,17,0.821750,4.858472,8.340225,-0.042495,-0.104723,0.009623
200465860.000,YYQ,recording,knock_twice_right,17,0.906856,4.842309,8.380179,-0.056506,-0.119330,0.007508
200465870.000,YYQ,recording,knock_twice_right,17,0.907624,4.855089,8.535666,-0.060569,-0.137781,0.005336
200465880.000,YYQ,recording,knock_twice_right,17,0.862973,4.842852,8.657157,-0.051730,-0.157007,0.003687
200465890.000,YYQ,recording,knock_twice_right,17,0.862262,4.750534,8.684759,-0.032367,-0.175981,0.004828
200465900.000,YYQ,recording,knock_twice_right,17,0.908091,4.738437,8.699890,-0.008605,-0.185762,0.008326
200465910.000,YYQ,recording,knock_twice_right,17,0.876727,4.729400,8.629952,0.007840,-0.192823,0.031955
200465920.000,YYQ,recording,knock_twice_right,17,0.952422,4.627713,8.498364,0.012294,-0.192638,0.061651
200465930.000,YYQ,recording,knock_twice_right,17,1.053476,5.165338,8.630517,0.022606,-0.171037,0.060335
200465940.000,YYQ,recording,knock_twice_right,17,1.043703,4.809027,8.349359,0.035315,-0.138749,0.047165
200465950.000,YYQ,recording,knock_twice_right,17,0.987389,4.742205,8.175293,0.027184,-0.103890,0.045912
200465960.000,YYQ,recording,knock_twice_right,17,1.011508,4.874660,8.207791,0.006336,-0.063886,0.046310
200465970.000,YYQ,recording,knock_twice_right,17,1.136480,4.917082,8.355090,-0.010283,-0.026802,0.038574
200465980.000,YYQ,recording,knock_twice_right,17,1.080261,4.825314,8.411926,-0.019323,-0.000813,0.027368
200465990.000,YYQ,recording,knock_twice_right,17,1.072604,4.855905,8.484323,-0.020240,0.021949,0.016551
200466000.000,YYQ,recording,knock_twice_right,17,1.022896,4.824333,8.510201,-0.018766,0.041949,0.006424
200466010.000,YYQ,recording,knock_twice_right,17,0.989848,4.844130,8.464536,-0.018761,0.060226,0.001236
200466020.000,YYQ,recording,knock_twice_right,17,1.018061,4.821883,8.422091,-0.016991,0.079132,-0.002804
200466030.000,YYQ,recording,knock_twice_right,17,1.043716,4.861491,8.398354,-0.015152,0.090873,-0.006934
200466040.000,YYQ,recording,knock_twice_right,17,0.976567,4.852819,8.439551,-0.020806,0.100953,-0.007595
200466050.000,YYQ,recording,knock_twice_right,17,0.948109,4.861963,8.522450,-0.020603,0.113724,-0.006571
200466060.000,YYQ,recording,knock_twice_right,17,0.895077,4.773021,8.808678,0.003710,0.127538,-0.003515
200466070.000,YYQ,recording,knock_twice_right,17,1.068931,4.758856,8.766936,0.034532,0.137053,-0.005975
200466080.000,YYQ,recording,knock_twice_right,17,1.000833,4.864310,8.659499,0.054443,0.140267,-0.013064
200466090.000,YYQ,recording,knock_twice_right,17,0.845533,4.799481,8.506697,0.065739,0.139773,-0.016001
200466100.000,YYQ,recording,knock_twice_right,17,0.855063,4.755326,8.451972,0.071824,0.133051,-0.016527
200466110.000,YYQ,recording,knock_twice_right,17,0.894430,4.836682,8.453547,0.071743,0.119520,-0.019920
200466120.000,YYQ,recording,knock_twice_right,17,0.842734,4.891984,8.482576,0.068284,0.102102,-0.023451
200466130.000,YYQ,recording,knock_twice_right,17,0.778699,4.847565,8.432001,0.065315,0.084919,-0.024606
200466140.000,YYQ,recording,knock_twice_right,17,0.827210,4.812246,8.430676,0.064475,0.069776,-0.026897
200466150.000,YYQ,recording,knock_twice_right,17,0.834059,4.889689,8.424831,0.063951,0.059261,-0.031670
200466160.000,YYQ,recording,knock_twice_right,17,0.815172,4.864709,8.428245,0.062870,0.058813,-0.036094
200466170.000,YYQ,recording,knock_twice_right,17,0.747094,4.867700,8.409536,0.060121,0.066138,-0.037650
200466180.000,YYQ,recording,knock_twice_right,17,0.719262,4.851131,8.395397,0.054575,0.068562,-0.036825
200466190.000,YYQ,recording,knock_twice_right,17,0.642824,4.919761,8.431288,0.051664,0.065484,-0.033012
200466200.000,YYQ,recording,knock_twice_right,17,0.737178,4.888189,8.427154,0.052384,0.061168,-0.028213
200466210.000,YYQ,recording,knock_twice_right,17,0.769505,4.883456,8.450225,0.055713,0.057658,-0.027466
200466220.000,YYQ,recording,knock_twice_right,17,0.752269,4.871369,8.374867,0.059122,0.057917,-0.029050
200466230.000,YYQ,recording,knock_twice_right,17,0.736859,4.833380,8.376299,0.057237,0.057520,-0.029409
200466240.000,YYQ,recording,knock_twice_right,17,0.724002,4.859683,8.361020,0.051820,0.055587,-0.030284
200466250.000,YYQ,recording,knock_twice_right,17,0.705930,4.910308,8.416243,0.048427,0.052914,-0.031053
200466260.000,YYQ,recording,knock_twice_right,17,0.747878,4.872639,8.418524,0.047502,0.052926,-0.033307
200466270.000,YYQ,recording,knock_twice_right,17,0.794545,4.855282,8.341402,0.046668,0.059130,-0.037247
200466280.000,YYQ,recording,knock_twice_right,17,0.705078,4.893022,8.285085,0.040241,0.066432,-0.038198
200466290.000,YYQ,recording,knock_twice_right,17,0.716049,4.869552,8.184401,0.024965,0.071368,-0.035699
200466300.000,YYQ,recording,knock_twice_right,17,0.681288,4.966210,8.168847,0.003542,0.074945,-0.032069
200466310.000,YYQ,recording,knock_twice_right,17,0.688882,4.970970,8.209321,-0.018177,0.079344,-0.028876
200466320.000,YYQ,recording,knock_twice_right,17,0.769345,4.922740,8.299643,-0.030667,0.083207,-0.028720
200466330.000,YYQ,recording,knock_twice_right,17,0.821501,4.951955,8.490819,-0.026795,0.084491,-0.032421
200466340.000,YYQ,recording,knock_twice_right,17,0.714185,4.964317,8.617003,-0.010130,0.083304,-0.036933
200466350.000,YYQ,recording,knock_twice_right,17,0.738771,4.892907,8.640766,0.010243,0.082011,-0.042708
200466360.000,YYQ,recording,knock_twice_right,17,0.756086,4.855117,8.540790,0.027164,0.081673,-0.051055
200466370.000,YYQ,recording,knock_twice_right,17,0.705514,4.914476,8.500867,0.036770,0.079946,-0.057509
200466380.000,YYQ,recording,knock_twice_right,17,0.663330,4.966985,8.527946,0.042038,0.074887,-0.063208
200466390.000,YYQ,recording,knock_twice_right,17,0.659607,4.955168,8.505900,0.045716,0.069729,-0.069222
200466400.000,YYQ,recording,knock_twice_right,17,0.615966,4.940924,8.401163,0.044438,0.067252,-0.070825
200466410.000,YYQ,recording,knock_twice_right,17,0.550305,4.973496,8.335086,0.036630,0.062422,-0.069367
200466420.000,YYQ,recording,knock_twice_right,17,0.570377,4.990590,8.346749,0.030734,0.054954,-0.067640
200466430.000,YYQ,recording,knock_twice_right,17,0.560957,4.964918,8.529172,0.036789,0.051395,-0.065448
200466440.000,YYQ,recording,knock_twice_right,17,0.575091,4.917306,8.534814,0.049615,0.050818,-0.063525
200466450.000,YYQ,recording,knock_twice_right,17,0.614817,4.976838,8.477005,0.059541,0.051798,-0.064789
200466460.000,YYQ,recording,knock_twice_right,17,0.586778,4.993605,8.432586,0.066560,0.058898,-0.070555
200466470.000,YYQ,recording,knock_twice_right,17,0.525835,4.863525,8.272605,0.067083,0.073176,-0.078857
200466480.000,YYQ,recording,knock_twice_right,17,0.093232,4.844323,7.933219,0.049981,0.079551,-0.080884
200466490.000,YYQ,recording,knock_twice_right,17,-0.377101,4.928024,7.865652,0.015548,0.063193,-0.073462
200466500.000,YYQ,recording,knock_twice_right,17,-2.226462,4.640110,7.594302,-0.037785,0.054620,-0.026993
200466510.000,YYQ,recording,knock_twice_right,17,-2.351022,4.057987,7.728665,-0.083385,0.039326,0.056075
200466520.000,YYQ,recording,knock_twice_right,17,0.398083,5.171577,8.859095,-0.095873,0.002353,0.158417
200466530.000,YYQ,recording,knock_twice_right,17,-0.005269,6.123667,8.702605,-0.067939,-0.069846,0.248190
200466540.000,YYQ,recording,knock_twice_right,17,1.474493,5.028668,9.303695,-0.006088,-0.182477,0.284356
200466550.000,YYQ,recording,knock_twice_right,17,1.548709,5.082508,8.860514,0.042673,-0.278644,0.286882
200466560.000,YYQ,recording,knock_twice_right,17,1.710525,5.133997,8.611688,0.065941,-0.329361,0.263805
200466570.000,YYQ,recording,knock_twice_right,17,2.056687,4.889251,8.641670,0.079362,-0.314930,0.212184
200466580.000,YYQ,recording,knock_twice_right,17,2.021657,4.858143,8.444045,0.087332,-0.235000,0.133562
200466590.000,YYQ,recording,knock_twice_right,17,2.265045,4.862610,8.480871,0.089520,-0.113972,0.034003
200466600.000,YYQ,recording,knock_twice_right,17,2.204323,4.866743,8.485003,0.086383,0.017873,-0.082400
200466610.000,YYQ,recording,knock_twice_right,17,2.320587,4.909144,8.706763,0.088306,0.135025,-0.211957
200466620.000,YYQ,recording,knock_twice_right,17,2.181167,5.091882,9.150900,0.116651,0.234325,-0.339286
200466630.000,YYQ,recording,knock_twice_right,17,1.558817,5.139134,9.169214,0.166522,0.340443,-0.437933
200466640.000,YYQ,recording,knock_twice_right,17,0.348766,4.965934,8.254005,0.188155,0.434948,-0.478224
200466650.000,YYQ,recording,knock_twice_right,17,-0.630852,4.742709,7.389197,0.142958,0.471925,-0.450973
200466660.000,YYQ,recording,knock_twice_right,17,-0.384835,4.916290,6.805846,0.035490,0.467984,-0.376195
200466670.000,YYQ,recording,knock_twice_right,17,-0.484410,5.509771,6.506945,-0.114229,0.427629,-0.276754
200466680.000,YYQ,recording,knock_twice_right,17,-0.373819,5.550037,6.981504,-0.259431,0.328967,-0.167387
200466690.000,YYQ,recording,knock_twice_right,17,-0.060778,5.278459,8.266376,-0.325516,0.202294,-0.068497
200466700.000,YYQ,recording,knock_twice_right,17,0.364057,4.916080,9.498173,-0.272814,0.093423,-0.005584
200466710.000,YYQ,recording,knock_twice_right,17,0.380081,4.572334,9.963605,-0.129335,0.024430,0.015432
200466720.000,YYQ,recording,knock_twice_right,17,0.062499,4.441790,9.721062,0.034976,-0.025202,0.013880
200466730.000,YYQ,recording,knock_twice_right,17,-0.332381,4.658161,9.555517,0.173400,-0.068276,0.012893
200466740.000,YYQ,recording,knock_twice_right,17,-0.507628,4.523920,8.640082,0.265292,-0.020133,0.025739
200466750.000,YYQ,recording,knock_twice_right,17,-3.855374,4.456819,5.991257,0.222023,0.058112,0.106553
200466760.000,YYQ,recording,knock_twice_right,17,-2.227546,4.648889,6.055744,0.021805,0.020510,0.283478
200466770.000,YYQ,recording,knock_twice_right,17,-0.173848,5.981538,7.356955,-0.180593,-0.105354,0.440838
200466780.000,YYQ,recording,knock_twice_right,17,1.876765,5.768708,9.005078,-0.251525,-0.245750,0.483557
200466790.000,YYQ,recording,knock_twice_right,17,1.632691,5.016895,9.337082,-0.203235,-0.369890,0.459155
200466800.000,YYQ,recording,knock_twice_right,17,2.373158,4.822659,9.812922,-0.101718,-0.467064,0.421037
200466810.000,YYQ,recording,knock_twice_right,17,2.192348,5.079113,9.795537,0.030299,-0.490343,0.349690
200466820.000,YYQ,recording,knock_twice_right,17,2.527076,4.661385,9.582683,0.167763,-0.420836,0.223575
200466830.000,YYQ,recording,knock_twice_right,17,2.180279,4.606856,9.092646,0.268526,-0.294499,0.063618
200466840.000,YYQ,recording,knock_twice_right,17,2.192623,4.616435,8.916466,0.322233,-0.128898,-0.112914
200466850.000,YYQ,recording,knock_twice_right,17,1.953368,4.714137,8.699758,0.339553,0.059048,-0.283443
200466860.000,YYQ,recording,knock_twice_right,17,1.159382,4.970178,8.172489,0.308391,0.217562,-0.381928
200466870.000,YYQ,recording,knock_twice_right,17,-0.392657,5.949568,7.408516,0.203735,0.283244,-0.386966
200466880.000,YYQ,recording,knock_twice_right,17,-0.180641,5.101557,6.671183,0.046961,0.320203,-0.372129
200466890.000,YYQ,recording,knock_twice_right,17,-0.040724,4.613792,6.416451,-0.110447,0.386665,-0.353472
200466900.000,YYQ,recording,knock_twice_right,17,-0.434418,5.455369,6.820573,-0.250864,0.371532,-0.292412
200466910.000,YYQ,recording,knock_twice_right,17,-0.102219,5.761843,7.724183,-0.347620,0.238684,-0.207047
200466920.000,YYQ,recording,knock_twice_right,17,0.227936,5.392814,8.904282,-0.347864,0.088375,-0.127752
200466930.000,YYQ,recording,knock_twice_right,17,0.087262,4.847512,9.327266,-0.254405,-0.010438,-0.067384
200466940.000,YYQ,recording,knock_twice_right,17,-0.019473,4.412718,9.007615,-0.138038,-0.064504,-0.018565
200466950.000,YYQ,recording,knock_twice_right,17,-0.165241,4.587283,8.348617,-0.070853,-0.093523,0.031279
200466960.000,YYQ,recording,knock_twice_right,17,-0.035324,4.912151,7.896618,-0.076561,-0.107284,0.077055
200466970.000,YYQ,recording,knock_twice_right,17,0.253225,5.010782,7.853249,-0.126062,-0.108713,0.109700
200466980.000,YYQ,recording,knock_twice_right,17,0.570112,4.906893,8.037786,-0.179787,-0.098521,0.127947
200466990.000,YYQ,recording,knock_twice_right,17,0.765686,4.808665,8.246831,-0.221488,-0.085686,0.132352
200467000.000,YYQ,recording,knock_twice_right,17,0.846902,4.867109,8.527905,-0.244469,-0.076883,0.125412
200467010.000,YYQ,recording,knock_twice_right,17,0.913150,4.854512,8.923027,-0.238048,-0.069924,0.109573
200467020.000,YYQ,recording,knock_twice_right,17,0.870210,4.794130,9.192519,-0.199084,-0.061978,0.087921
200467030.000,YYQ,recording,knock_twice_right,17,0.723642,4.703383,9.172396,-0.141352,-0.051196,0.066100
200467040.000,YYQ,recording,knock_twice_right,17,0.592217,4.808191,9.037413,-0.085349,-0.040291,0.046221
200467050.000,YYQ,recording,knock_twice_right,17,0.526989,4.896863,8.846145,-0.044426,-0.026817,0.029575
200467060.000,YYQ,recording,knock_twice_right,17,0.499875,4.871137,8.688173,-0.020101,-0.007776,0.016496
200467070.000,YYQ,recording,knock_twice_right,17,0.527952,4.882827,8.585447,-0.010160,0.012538,0.004635
200467080.000,YYQ,recording,knock_twice_right,17,0.431460,4.935416,8.529213,-0.012505,0.025487,-0.003544
200467090.000,YYQ,recording,knock_twice_right,17,0.314769,4.933609,8.546240,-0.019076,0.024441,-0.005900
200467100.000,YYQ,recording,knock_twice_right,17,0.351951,4.903079,8.587400,-0.021677,0.012576,-0.003655
200467110.000,YYQ,recording,knock_twice_right,17,0.373790,4.877926,8.652828,-0.017709,-0.005310,0.000725
200467120.000,YYQ,recording,knock_twice_right,17,0.450993,4.843650,8.657026,-0.008500,-0.023135,0.005155
200467130.000,YYQ,recording,knock_twice_right,17,0.489088,4.825327,8.580112,0.000132,-0.035594,0.008680
200467140.000,YYQ,recording,knock_twice_right,17,0.491753,4.824540,8.488772,0.005612,-0.040730,0.010320
200467150.000,YYQ,recording,knock_twice_right,17,0.535321,4.821593,8.457432,0.008062,-0.033482,0.010447
200467160.000,YYQ,recording,knock_twice_right,17,0.524426,4.810087,8.337422,0.004158,-0.015979,0.009323
200467170.000,YYQ,recording,knock_twice_right,17,0.523688,4.830861,8.307684,-0.006369,0.003291,0.006511
200467180.000,YYQ,recording,knock_twice_right,17,0.528298,4.870654,8.351636,-0.017936,0.020628,0.002298
200467190.000,YYQ,recording,knock_twice_right,17,0.532693,4.838763,8.420716,-0.025521,0.034123,-0.002552
200467200.000,YYQ,recording,knock_twice_right,17,0.462577,4.801955,8.424344,-0.031083,0.036624,-0.005517
200467210.000,YYQ,recording,knock_twice_right,17,0.440085,4.809576,8.566544,-0.033428,0.025329,-0.005987
200467220.000,YYQ,recording,knock_twice_right,17,0.494754,4.778336,8.724763,-0.025075,0.010158,-0.007133
200467230.000,YYQ,recording,knock_twice_right,17,0.477726,4.730348,8.728247,-0.008498,-0.000386,-0.007780
200467240.000,YYQ,recording,knock_twice_right,17,0.408820,4.729716,8.638664,0.005818,-0.008155,-0.003413
200467250.000,YYQ,recording,knock_twice_right,17,0.386389,4.768332,8.594748,0.012561,-0.015066,0.005077
200467260.000,YYQ,recording,knock_twice_right,17,0.438966,4.775892,8.560821,0.012582,-0.016757,0.013845
200467270.000,YYQ,recording,knock_twice_right,17,0.473498,4.769745,8.457651,0.008352,-0.013656,0.021653
200467280.000,YYQ,recording,knock_twice_right,17,0.533341,4.795415,8.422421,0.002489,-0.012917,0.027840
200467290.000,YYQ,recording,knock_twice_right,17,0.592344,4.806976,8.574974,0.001432,-0.015515,0.031022
200467300.000,YYQ,recording,knock_twice_right,17,0.626968,4.819478,8.597933,0.009209,-0.017816,0.029908
200467310.000,YYQ,recording,knock_twice_right,17,0.606925,4.803238,8.503664,0.017710,-0.019697,0.026615
200467320.000,YYQ,recording,knock_twice_right,17,0.632152,4.831236,8.417002,0.020192,-0.018143,0.022711
200467330.000,YYQ,recording,knock_twice_right,17,0.615414,4.854019,8.373355,0.016580,-0.011141,0.016416
200467340.000,YYQ,recording,knock_twice_right,17,0.618139,4.846155,8.323604,0.005704,-0.003252,0.009071
200467350.000,YYQ,recording,knock_twice_right,17,0.593144,4.831360,8.328370,-0.010159,0.005227,0.003801
200467360.000,YYQ,recording,knock_twice_right,17,0.569067,4.874379,8.403422,-0.026667,0.015136,0.000053
200467370.000,YYQ,recording,knock_twice_right,17,0.540287,4.846883,8.455699,-0.040182,0.022805,-0.002243
200467380.000,YYQ,recording,knock_twice_right,17,0.559812,4.832632,8.554816,-0.047093,0.024454,-0.002997
200467390.000,YYQ,recording,knock_twice_right,17,0.582696,4.839692,8.681136,-0.043469,0.017482,-0.003794
200467400.000,YYQ,recording,knock_twice_right,17,0.574000,4.833942,8.805903,-0.027602,0.006389,-0.005294
200467410.000,YYQ,recording,knock_twice_right,17,0.496610,4.816366,8.781937,-0.005677,-0.004954,-0.005816
200467420.000,YYQ,recording,knock_twice_right,17,0.470262,4.794650,8.701308,0.013526,-0.016490,-0.002989
200467430.000,YYQ,recording,knock_twice_right,17,0.499265,4.803682,8.582254,0.025635,-0.021589,0.000254
200467440.000,YYQ,recording,knock_twice_right,17,0.538723,4.805534,8.519161,0.028873,-0.020041,0.001571
200467450.000,YYQ,recording,knock_twice_right,17,0.562890,4.815746,8.432214,0.023848,-0.018305,0.002343
200467460.000,YYQ,recording,knock_twice_right,17,0.579603,4.817523,8.399773,0.014589,-0.015056,0.002970
200467470.000,YYQ,recording,knock_twice_right,17,0.561233,4.806416,8.378286,0.006006,-0.011442,0.004078
200467480.000,YYQ,recording,knock_twice_right,17,0.548509,4.820692,8.402198,0.001360,-0.012102,0.005762
200467490.000,YYQ,recording,knock_twice_right,17,0.562972,4.771553,8.462208,0.001300,-0.014410,0.006335
200467500.000,YYQ,recording,knock_twice_right,17,0.615871,4.762617,8.440795,0.003471,-0.016419,0.005169
200467510.000,YYQ,recording,knock_twice_right,17,0.633725,4.772387,8.473520,0.006033,-0.019545,0.002295
200467520.000,YYQ,recording,knock_twice_right,17,0.608395,4.776128,8.435604,0.007291,-0.019535,-0.000556
200467530.000,YYQ,recording,knock_twice_right,17,0.560417,4.779486,8.381494,0.005072,-0.016269,-0.001951
200467540.000,YYQ,recording,knock_twice_right,17,0.525062,4.785303,8.375924,0.000209,-0.014466,-0.001976
200467550.000,YYQ,recording,knock_twice_right,17,0.539466,4.804162,8.437823,-0.005594,-0.013462,-0.001895
200467560.000,YYQ,recording,knock_twice_right,17,0.537751,4.807588,8.474195,-0.009852,-0.011648,-0.002126
200467570.000,YYQ,recording,knock_twice_right,17,0.551431,4.796021,8.457121,-0.012615,-0.011786,-0.002541
200467580.000,YYQ,recording,knock_twice_right,17,0.575842,4.808662,8.510537,-0.013871,-0.012829,-0.002751
200467590.000,YYQ,recording,knock_twice_right,17,0.591486,4.827049,8.540010,-0.012194,-0.010110,-0.002564
200467600.000,YYQ,recording,knock_twice_right,17,0.563911,4.826622,8.492721,-0.011436,-0.004955,-0.001357
200467610.000,YYQ,recording,knock_twice_right,17,0.505092,4.833636,8.439337,-0.014990,-0.002009,0.000923
200467620.000,YYQ,recording,knock_twice_right,17,0.533569,4.847988,8.508619,-0.018684,-0.001312,0.002115
200467630.000,YYQ,recording,knock_twice_right,17,0.547467,4.832150,8.583059,-0.018534,-0.000850,0.002327
200467640.000,YYQ,recording,knock_twice_right,17,0.533914,4.798900,8.562406,-0.015450,-0.002787,0.003197
200467650.000,YYQ,recording,knock_twice_right,17,0.526626,4.815335,8.579737,-0.011859,-0.007472,0.003951
200467660.000,YYQ,recording,knock_twice_right,17,0.555792,4.813997,8.566902,-0.009270,-0.011028,0.003206
200467670.000,YYQ,recording,knock_twice_right,17,0.586039,4.784088,8.557613,-0.009177,-0.011560,0.001100
200467680.000,YYQ,recording,knock_twice_right,17,0.577623,4.806337,8.527247,-0.012301,-0.010789,-0.000554
200467690.000,YYQ,recording,knock_twice_right,17,0.576202,4.827361,8.571256,-0.014329,-0.007894,0.000572
200467700.000,YYQ,recording,knock_twice_right,17,0.557387,4.801854,8.587431,-0.013294,-0.001687,0.002712
200467710.000,YYQ,recording,knock_twice_right,17,0.523438,4.787563,8.532333,-0.012021,0.004546,0.004886
200467720.000,YYQ,recording,knock_twice_right,17,0.510021,4.780459,8.512451,-0.013326,0.008660,0.007306
200467730.000,YYQ,recording,knock_twice_right,17,0.506648,4.800172,8.502066,-0.015789,0.010505,0.009586
200467740.000,YYQ,recording,knock_twice_right,17,0.560439,4.762031,8.517639,-0.015964,0.010159,0.010965
200467750.000,YYQ,recording,knock_twice_right,17,0.569702,4.751021,8.469861,-0.014776,0.009589,0.010488
200467760.000,YYQ,recording,knock_twice_right,17,0.565660,4.752688,8.443111,-0.014109,0.009572,0.008759
200467770.000,YYQ,recording,knock_twice_right,17,0.570494,4.774553,8.403379,-0.017660,0.010154,0.007551
200467780.000,YYQ,recording,knock_twice_right,17,0.573011,4.777059,8.424541,-0.024606,0.011299,0.006482
200467790.000,YYQ,recording,knock_twice_right,17,0.575351,4.770503,8.447345,-0.029580,0.013529,0.004604
200467800.000,YYQ,recording,knock_twice_right,17,0.539758,4.779660,8.426997,-0.033719,0.016327,0.004434
200467810.000,YYQ,recording,knock_twice_right,17,0.520579,4.791196,8.452269,-0.039532,0.016103,0.006949
200467820.000,YYQ,recording,knock_twice_right,17,0.533928,4.802724,8.524706,-0.043049,0.013566,0.009440
200467830.000,YYQ,recording,knock_twice_right,17,0.552385,4.743094,8.586605,-0.041022,0.011371,0.009548
200467840.000,YYQ,recording,knock_twice_right,17,0.584916,4.735788,8.606425,-0.035543,0.010887,0.008865
200467850.000,YYQ,recording,knock_twice_right,17,0.606758,4.765704,8.609949,-0.029404,0.012421,0.008777
200467860.000,YYQ,recording,knock_twice_right,17,0.552980,4.751568,8.574908,-0.025844,0.014116,0.009336
200467870.000,YYQ,recording,knock_twice_right,17,0.567019,4.760109,8.610888,-0.024027,0.015205,0.009922
200467880.000,YYQ,recording,knock_twice_right,17,0.592141,4.762265,8.687193,-0.018071,0.016787,0.009655
200467890.000,YYQ,recording,knock_twice_right,17,0.608580,4.740567,8.708901,-0.005566,0.018146,0.008636
200467900.000,YYQ,recording,knock_twice_right,17,0.556812,4.788129,8.636921,0.007241,0.016068,0.007007
200467910.000,YYQ,recording,knock_twice_right,17,0.568369,4.775181,8.536704,0.014543,0.012065,0.005628
200467920.000,YYQ,recording,knock_twice_right,17,0.526235,4.777259,8.411911,0.013607,0.012177,0.004437
200467930.000,YYQ,recording,knock_twice_right,17,0.520775,4.758070,8.299237,0.002275,0.016098,0.003316
200467940.000,YYQ,recording,knock_twice_right,17,0.519248,4.757383,8.307786,-0.015175,0.020181,0.002783
200467950.000,YYQ,recording,knock_twice_right,17,0.491956,4.770866,8.396905,-0.030595,0.022405,0.003099
200467960.000,YYQ,recording,knock_twice_right,17,0.495304,4.749246,8.469253,-0.039820,0.020369,0.004408
200467970.000,YYQ,recording,knock_twice_right,17,0.487922,4.727290,8.540640,-0.042513,0.013890,0.006203
200467980.000,YYQ,recording,knock_twice_right,17,0.487572,4.725091,8.600448,-0.038501,0.004155,0.010101
200467990.000,YYQ,recording,knock_twice_right,17,0.565171,4.690967,8.611911,-0.030641,-0.003505,0.015438
200468000.000,YYQ,recording,knock_twice_right,17,0.620220,4.699228,8.600600,-0.023851,-0.004337,0.017311
200468010.000,YYQ,recording,knock_twice_right,17,0.604142,4.770816,8.588165,-0.020106,0.000642,0.015486
200468020.000,YYQ,recording,knock_twice_right,17,0.607098,4.755788,8.567266,-0.018764,0.009439,0.011645
200468030.000,YYQ,recording,knock_twice_right,17,0.570756,4.775588,8.511418,-0.020444,0.017791,0.006371
200468040.000,YYQ,recording,knock_twice_right,17,0.549900,4.782377,8.502049,-0.025010,0.019070,0.002609
200468050.000,YYQ,recording,knock_twice_right,17,0.509011,4.774253,8.609645,-0.027708,0.013449,0.000112
200468060.000,YYQ,recording,knock_twice_right,17,0.538011,4.769148,8.718109,-0.023951,0.007521,-0.002136
200468070.000,YYQ,recording,knock_twice_right,17,0.539577,4.768882,8.694141,-0.014826,0.001406,-0.002398
200468080.000,YYQ,recording,knock_twice_right,17,0.549357,4.795148,8.698108,-0.005135,-0.005944,-0.001292
200468090.000,YYQ,recording,knock_twice_right,17,0.555651,4.777860,8.640250,0.000666,-0.009902,-0.000394
200468100.000,YYQ,recording,knock_twice_right,17,0.585776,4.803571,8.555954,0.001845,-0.009389,0.000549
200468110.000,YYQ,recording,knock_twice_right,17,0.599977,4.787677,8.512005,0.000475,-0.006915,0.001012
200468120.000,YYQ,recording,knock_twice_right,17,0.612751,4.810647,8.515573,-0.002781,-0.002887,-0.000410
200468130.000,YYQ,recording,knock_twice_right,17,0.618808,4.773916,8.549675,-0.005582,0.002438,-0.003702
200468140.000,YYQ,recording,knock_twice_right,17,0.579418,4.722816,8.567738,-0.006358,0.006490,-0.007892
200468150.000,YYQ,recording,knock_twice_right,17,0.528999,4.734336,8.611876,-0.003864,0.007543,-0.010529
200468160.000,YYQ,recording,knock_twice_right,17,0.523896,4.731803,8.635940,0.002746,0.006212,-0.011413
200468170.000,YYQ,recording,knock_twice_right,17,0.511427,4.704441,8.608487,0.010885,0.003232,-0.011728
200468180.000,YYQ,recording,knock_twice_right,17,0.486426,4.714774,8.570348,0.018212,-0.001317,-0.009957
200468190.000,YYQ,recording,knock_twice_right,17,0.480200,4.712841,8.531597,0.023353,-0.005284,-0.005936
200468200.000,YYQ,recording,knock_twice_right,17,0.501713,4.714410,8.436854,0.022164,-0.007152,-0.002180
200468210.000,YYQ,recording,knock_twice_right,17,0.513689,4.712647,8.350265,0.013755,-0.006552,-0.000396
200468220.000,YYQ,recording,knock_twice_right,17,0.507974,4.744964,8.373049,0.002091,-0.003638,0.000034
200468230.000,YYQ,recording,knock_twice_right,17,0.520704,4.708505,8.419744,-0.008942,-0.000183,0.000175
200468240.000,YYQ,recording,knock_twice_right,17,0.535870,4.703565,8.450725,-0.017527,0.002088,-0.000019
200468250.000,YYQ,recording,knock_twice_right,17,0.524517,4.718170,8.498624,-0.023188,0.001726,-0.000700
200468260.000,YYQ,recording,knock_twice_right,17,0.573527,4.724434,8.576341,-0.023023,-0.000243,-0.000788
200468270.000,YYQ,recording,knock_twice_right,17,0.563148,4.739164,8.587341,-0.019524,-0.002950,-0.000770
200468280.000,YYQ,recording,knock_twice_right,17,0.557791,4.727260,8.580653,-0.018176,-0.005938,-0.000768
200468290.000,YYQ,recording,knock_twice_right,17,0.585989,4.738663,8.578915,-0.016888,-0.007422,0.000030
200468300.000,YYQ,recording,knock_twice_right,17,0.607778,4.724321,8.605542,-0.013783,-0.005575,-0.000039
200468310.000,YYQ,recording,knock_twice_right,17,0.632291,4.737355,8.639746,-0.009132,-0.000888,-0.002328
200468320.000,YYQ,recording,knock_twice_right,17,0.600037,4.738645,8.629272,-0.003227,0.004550,-0.005789
200468330.000,YYQ,recording,knock_twice_right,17,0.567287,4.752576,8.614503,0.000273,0.010514,-0.009459
200468340.000,YYQ,recording,knock_twice_right,17,0.552739,4.756173,8.551758,0.000156,0.016192,-0.011802
200468350.000,YYQ,recording,knock_twice_right,17,0.562608,4.758179,8.520419,-0.002324,0.018666,-0.012291
200468360.000,YYQ,recording,knock_twice_right,17,0.537178,4.752505,8.536269,-0.006950,0.016634,-0.012397
200468370.000,YYQ,recording,knock_twice_right,17,0.502009,4.748649,8.567030,-0.009629,0.010426,-0.011897
200468380.000,YYQ,recording,knock_twice_right,17,0.488939,4.737348,8.634699,-0.007495,0.001140,-0.010250
200468390.000,YYQ,recording,knock_twice_right,17,0.496720,4.708345,8.649168,-0.002287,-0.008486,-0.007457
200468400.000,YYQ,recording,knock_twice_right,17,0.487329,4.710077,8.625872,0.003690,-0.016462,-0.004387
200468410.000,YYQ,recording,knock_twice_right,17,0.489296,4.723910,8.610390,0.008013,-0.022129,-0.001779
200468420.000,YYQ,recording,knock_twice_right,17,0.527411,4.714913,8.535689,0.010526,-0.021750,-0.000016
200468430.000,YYQ,recording,knock_twice_right,17,0.539981,4.709024,8.513876,0.010011,-0.014859,0.001052
200468440.000,YYQ,recording,knock_twice_right,17,0.552935,4.727734,8.463636,0.005995,-0.006156,0.001819
200468450.000,YYQ,recording,knock_twice_right,17,0.561443,4.722160,8.470696,0.002169,0.001157,0.002161
200468460.000,YYQ,recording,knock_twice_right,17,0.600470,4.717406,8.494271,-0.001819,0.006781,0.001492
200468470.000,YYQ,recording,knock_twice_right,17,0.601040,4.696307,8.486936,-0.007055,0.011331,0.000265
200468480.000,YYQ,recording,knock_twice_right,17,0.563645,4.706250,8.479538,-0.011881,0.012947,-0.000620
200468490.000,YYQ,recording,knock_twice_right,17,0.533135,4.733725,8.524845,-0.014744,0.012144,-0.001290
200468500.000,YYQ,recording,knock_twice_right,17,0.498190,4.730903,8.538047,-0.014630,0.009973,-0.001891
200468510.000,YYQ,recording,knock_twice_right,18,0.477864,4.734252,8.578344,-0.013277,0.006656,-0.001355
200468520.000,YYQ,recording,knock_twice_right,18,0.512907,4.724373,8.582716,-0.012290,0.002777,-0.000459
200468530.000,YYQ,recording,knock_twice_right,18,0.521190,4.721881,8.562375,-0.010479,-0.000762,-0.002198
200468540.000,YYQ,recording,knock_twice_right,18,0.557555,4.695075,8.551832,-0.009533,-0.001119,-0.004332
200468550.000,YYQ,recording,knock_twice_right,18,0.539136,4.724716,8.514604,-0.011863,-0.000768,-0.004294
200468560.000,YYQ,recording,knock_twice_right,18,0.558249,4.723834,8.587428,-0.012975,-0.000580,-0.003820
200468570.000,YYQ,recording,knock_twice_right,18,0.565531,4.700153,8.620538,-0.009026,0.001383,-0.004686
200468580.000,YYQ,recording,knock_twice_right,18,0.576342,4.698438,8.644146,-0.003184,0.003575,-0.006024
200468590.000,YYQ,recording,knock_twice_right,18,0.550015,4.686546,8.608583,-0.000520,0.004642,-0.006424
200468600.000,YYQ,recording,knock_twice_right,18,0.540692,4.699657,8.598333,-0.001386,0.004539,-0.005449
200468610.000,YYQ,recording,knock_twice_right,18,0.538283,4.690841,8.609482,-0.001766,0.003871,-0.004340
200468620.000,YYQ,recording,knock_twice_right,18,0.496435,4.688177,8.634099,-0.000789,0.001060,-0.002985
200468630.000,YYQ,recording,knock_twice_right,18,0.493877,4.696537,8.684006,0.002217,-0.002909,-0.001212
200468640.000,YYQ,recording,knock_twice_right,18,0.519807,4.697064,8.646487,0.006283,-0.005475,-0.000313
200468650.000,YYQ,recording,knock_twice_right,18,0.522954,4.715042,8.607249,0.008063,-0.004696,0.000302
200468660.000,YYQ,recording,knock_twice_right,18,0.529854,4.718333,8.551459,0.007924,-0.000546,0.001152
200468670.000,YYQ,recording,knock_twice_right,18,0.531504,4.746584,8.520476,0.006110,0.004152,0.002674
200468680.000,YYQ,recording,knock_twice_right,18,0.532751,4.742476,8.507569,0.003752,0.008096,0.005366
200468690.000,YYQ,recording,knock_twice_right,18,0.499563,4.742102,8.531991,0.001479,0.008878,0.007581
200468700.000,YYQ,recording,knock_twice_right,18,0.530792,4.730517,8.541463,-0.000140,0.004930,0.007796
200468710.000,YYQ,recording,knock_twice_right,18,0.520358,4.715137,8.564979,0.000720,0.000771,0.006670
200468720.000,YYQ,recording,knock_twice_right,18,0.512284,4.706068,8.579134,0.002696,-0.002575,0.004129
200468730.000,YYQ,recording,knock_twice_right,18,0.467112,4.721859,8.529779,0.004535,-0.005789,0.005514
200468740.000,YYQ,recording,knock_twice_right,18,0.462713,4.756536,8.548700,0.007040,-0.006547,0.012779
200468750.000,YYQ,recording,knock_twice_right,18,0.669121,4.779023,8.524809,0.008333,-0.004550,0.016181
200468760.000,YYQ,recording,knock_twice_right,18,0.615618,4.733521,8.517413,0.006134,-0.001469,0.013400
200468770.000,YYQ,recording,knock_twice_right,18,0.485893,4.699093,8.517845,0.001530,0.001424,0.010806
200468780.000,YYQ,recording,knock_twice_right,18,0.459310,4.708539,8.528422,-0.002742,0.005819,0.009885
200468790.000,YYQ,recording,knock_twice_right,18,0.500547,4.744384,8.564852,-0.005619,0.010266,0.008738
200468800.000,YYQ,recording,knock_twice_right,18,0.547802,4.751368,8.588691,-0.006378,0.012153,0.007320
200468810.000,YYQ,recording,knock_twice_right,18,0.542459,4.738361,8.638247,-0.004137,0.008789,0.006338
200468820.000,YYQ,recording,knock_twice_right,18,0.555160,4.734639,8.696666,0.003410,0.000799,0.006168
200468830.000,YYQ,recording,knock_twice_right,18,0.554668,4.722054,8.663068,0.014836,-0.006405,0.007230
200468840.000,YYQ,recording,knock_twice_right,18,0.565469,4.711255,8.608525,0.024198,-0.009819,0.008936
200468850.000,YYQ,recording,knock_twice_right,18,0.553078,4.695459,8.538685,0.027748,-0.009307,0.009527
200468860.000,YYQ,recording,knock_twice_right,18,0.553176,4.714925,8.459483,0.024173,-0.006619,0.009446
200468870.000,YYQ,recording,knock_twice_right,18,0.588207,4.691107,8.501435,0.018110,-0.001908,0.008552
200468880.000,YYQ,recording,knock_twice_right,18,0.631522,4.706165,8.493175,0.015317,0.004062,0.006425
200468890.000,YYQ,recording,knock_twice_right,18,0.612785,4.716142,8.477492,0.014498,0.008412,0.004483
200468900.000,YYQ,recording,knock_twice_right,18,0.603781,4.756302,8.447901,0.012294,0.010130,0.003290
200468910.000,YYQ,recording,knock_twice_right,18,0.573328,4.756287,8.434493,0.007831,0.008614,0.002765
200468920.000,YYQ,recording,knock_twice_right,18,0.567900,4.758479,8.414312,0.001950,0.006009,0.002013
200468930.000,YYQ,recording,knock_twice_right,18,0.546559,4.728058,8.405685,-0.005341,0.008497,0.001616
200468940.000,YYQ,recording,knock_twice_right,18,0.518868,4.732193,8.419088,-0.015824,0.013394,0.001992
200468950.000,YYQ,recording,knock_twice_right,18,0.493541,4.730105,8.484463,-0.027161,0.015081,0.003595
200468960.000,YYQ,recording,knock_twice_right,18,0.497209,4.734438,8.592920,-0.032732,0.013190,0.005285
200468970.000,YYQ,recording,knock_twice_right,18,0.535020,4.720946,8.706559,-0.027651,0.008769,0.004748
200468980.000,YYQ,recording,knock_twice_right,18,0.568244,4.727008,8.759309,-0.012694,0.002637,0.002939
200468990.000,YYQ,recording,knock_twice_right,18,0.547420,4.748504,8.732249,0.003680,-0.003716,0.000367
200469000.000,YYQ,recording,knock_twice_right,18,0.589300,4.746978,8.656354,0.014409,-0.006562,-0.002303
200469010.000,YYQ,recording,knock_twice_right,18,0.613814,4.744320,8.587018,0.019222,-0.004408,-0.004958
200469020.000,YYQ,recording,knock_twice_right,18,0.611730,4.747219,8.594446,0.018992,0.001059,-0.007355
200469030.000,YYQ,recording,knock_twice_right,18,0.597859,4.756542,8.592640,0.016112,0.009379,-0.008778
200469040.000,YYQ,recording,knock_twice_right,18,0.558996,4.759012,8.585385,0.013460,0.018269,-0.009390
200469050.000,YYQ,recording,knock_twice_right,18,0.516221,4.755495,8.590501,0.011933,0.021813,-0.009640
200469060.000,YYQ,recording,knock_twice_right,18,0.494131,4.761277,8.627415,0.011264,0.018224,-0.010015
200469070.000,YYQ,recording,knock_twice_right,18,0.502603,4.731500,8.635360,0.013987,0.009720,-0.011305
200469080.000,YYQ,recording,knock_twice_right,18,0.560520,4.722230,8.631943,0.020741,0.000637,-0.012826
200469090.000,YYQ,recording,knock_twice_right,18,0.544608,4.731029,8.615701,0.027316,-0.007611,-0.013564
200469100.000,YYQ,recording,knock_twice_right,18,0.542760,4.725447,8.559145,0.031561,-0.013212,-0.014687
200469110.000,YYQ,recording,knock_twice_right,18,0.533895,4.741855,8.494782,0.030185,-0.013566,-0.015003
200469120.000,YYQ,recording,knock_twice_right,18,0.539335,4.757238,8.421674,0.020939,-0.010107,-0.014275
200469130.000,YYQ,recording,knock_twice_right,18,0.557477,4.763473,8.406970,0.009352,-0.004085,-0.014109
200469140.000,YYQ,recording,knock_twice_right,18,0.535361,4.773727,8.445702,0.000882,0.003623,-0.014644
200469150.000,YYQ,recording,knock_twice_right,18,0.546608,4.773705,8.528445,-0.003822,0.010779,-0.015754
200469160.000,YYQ,recording,knock_twice_right,18,0.522711,4.757687,8.557396,-0.003962,0.013929,-0.016339
200469170.000,YYQ,recording,knock_twice_right,18,0.537285,4.763009,8.613323,0.000353,0.011643,-0.016030
200469180.000,YYQ,recording,knock_twice_right,18,0.543154,4.732786,8.603429,0.007397,0.007143,-0.016090
200469190.000,YYQ,recording,knock_twice_right,18,0.518255,4.721007,8.589898,0.014810,0.006192,-0.016155
200469200.000,YYQ,recording,knock_twice_right,18,0.496041,4.725119,8.573349,0.019518,0.007122,-0.014551
200469210.000,YYQ,recording,knock_twice_right,18,0.478987,4.733544,8.518184,0.019715,0.006029,-0.012006
200469220.000,YYQ,recording,knock_twice_right,18,0.487036,4.727850,8.500990,0.017304,0.005062,-0.010979
200469230.000,YYQ,recording,knock_twice_right,18,0.466017,4.719782,8.492063,0.014070,0.003539,-0.011159
200469240.000,YYQ,recording,knock_twice_right,18,0.452851,4.733516,8.529742,0.010272,0.000035,-0.011039
200469250.000,YYQ,recording,knock_twice_right,18,0.483468,4.719284,8.530136,0.008655,-0.004011,-0.010953
200469260.000,YYQ,recording,knock_twice_right,18,0.509636,4.701165,8.567670,0.010755,-0.007373,-0.012268
200469270.000,YYQ,recording,knock_twice_right,18,0.516732,4.715061,8.578108,0.016401,-0.008948,-0.014391
200469280.000,YYQ,recording,knock_twice_right,18,0.498813,4.718224,8.558863,0.022934,-0.008782,-0.015192
200469290.000,YYQ,recording,knock_twice_right,18,0.496725,4.733859,8.509584,0.025888,-0.006122,-0.014670
200469300.000,YYQ,recording,knock_twice_right,18,0.472743,4.763431,8.473606,0.024875,-0.000589,-0.013234
200469310.000,YYQ,recording,knock_twice_right,18,0.472706,4.760547,8.460167,0.021651,0.005857,-0.010837
200469320.000,YYQ,recording,knock_twice_right,18,0.482108,4.775150,8.480825,0.017784,0.010141,-0.009601
200469330.000,YYQ,recording,knock_twice_right,18,0.511400,4.751470,8.485183,0.013405,0.010967,-0.009640
200469340.000,YYQ,recording,knock_twice_right,18,0.498053,4.770551,8.550548,0.009602,0.007867,-0.010572
200469350.000,YYQ,recording,knock_twice_right,18,0.476710,4.789787,8.612456,0.010779,0.003090,-0.012703
200469360.000,YYQ,recording,knock_twice_right,18,0.469644,4.777999,8.707697,0.020185,-0.003402,-0.014917
200469370.000,YYQ,recording,knock_twice_right,18,0.454175,4.763694,8.722909,0.033519,-0.010515,-0.015460
200469380.000,YYQ,recording,knock_twice_right,18,0.503793,4.757528,8.661718,0.045152,-0.011020,-0.015047
200469390.000,YYQ,recording,knock_twice_right,18,0.511548,4.766121,8.573807,0.050679,-0.006939,-0.015336
200469400.000,YYQ,recording,knock_twice_right,18,0.478025,4.789302,8.505908,0.048558,-0.002221,-0.015815
200469410.000,YYQ,recording,knock_twice_right,18,0.513509,4.784661,8.495341,0.045108,0.002253,-0.017403
200469420.000,YYQ,recording,knock_twice_right,18,0.575878,4.749885,8.505440,0.045290,0.005241,-0.020174
200469430.000,YYQ,recording,knock_twice_right,18,0.569002,4.783190,8.546307,0.049491,0.008766,-0.024070
200469440.000,YYQ,recording,knock_twice_right,18,0.530275,4.804114,8.617237,0.058889,0.013543,-0.029579
200469450.000,YYQ,recording,knock_twice_right,18,0.511144,4.798916,8.630712,0.072281,0.018966,-0.034554
200469460.000,YYQ,recording,knock_twice_right,18,0.500791,4.738114,8.521435,0.083421,0.025186,-0.037750
200469470.000,YYQ,recording,knock_twice_right,18,0.403546,4.811718,8.446579,0.087030,0.030724,-0.038364
200469480.000,YYQ,recording,knock_twice_right,18,0.436173,4.801910,8.379994,0.082509,0.033651,-0.035221
200469490.000,YYQ,recording,knock_twice_right,18,0.429555,4.812219,8.327024,0.072416,0.031892,-0.031237
200469500.000,YYQ,recording,knock_twice_right,18,0.423132,4.889531,8.416068,0.062230,0.026874,-0.027642
200469510.000,YYQ,recording,knock_twice_right,18,0.447776,4.837053,8.448074,0.056221,0.022334,-0.023183
200469520.000,YYQ,recording,knock_twice_right,18,0.441485,4.824780,8.394262,0.051691,0.019622,-0.019584
200469530.000,YYQ,recording,knock_twice_right,18,0.424224,4.898089,8.397585,0.045456,0.018714,-0.017079
200469540.000,YYQ,recording,knock_twice_right,18,0.362264,4.937330,8.355354,0.037649,0.016756,-0.013489
200469550.000,YYQ,recording,knock_twice_right,18,0.390565,4.888346,8.362299,0.029638,0.015420,-0.009987
200469560.000,YYQ,recording,knock_twice_right,18,0.436173,4.872502,8.334870,0.021371,0.014833,-0.009136
200469570.000,YYQ,recording,knock_twice_right,18,0.455342,4.875492,8.378389,0.015411,0.012959,-0.010536
200469580.000,YYQ,recording,knock_twice_right,18,0.484197,4.858418,8.489886,0.015140,0.012219,-0.012199
200469590.000,YYQ,recording,knock_twice_right,18,0.477762,4.852241,8.496390,0.018952,0.014134,-0.014083
200469600.000,YYQ,recording,knock_twice_right,18,0.465538,4.840651,8.452349,0.022152,0.017974,-0.016665
200469610.000,YYQ,recording,knock_twice_right,18,0.447752,4.886162,8.360343,0.019828,0.024602,-0.018510
200469620.000,YYQ,recording,knock_twice_right,18,0.452034,4.872225,8.351724,0.012542,0.032945,-0.018805
200469630.000,YYQ,recording,knock_twice_right,18,0.408328,4.891943,8.365579,0.004315,0.037659,-0.017490
200469640.000,YYQ,recording,knock_twice_right,18,0.406180,4.888089,8.455643,0.000813,0.038855,-0.015367
200469650.000,YYQ,recording,knock_twice_right,18,0.484386,4.902495,8.593779,0.009016,0.034846,-0.017004
200469660.000,YYQ,recording,knock_twice_right,18,0.662536,4.870085,8.935246,0.035644,0.026815,-0.028995
200469670.000,YYQ,recording,knock_twice_right,18,0.698377,4.854899,9.199142,0.087797,0.030245,-0.052504
200469680.000,YYQ,recording,knock_twice_right,18,0.568678,4.720417,8.999622,0.148546,0.053830,-0.078911
200469690.000,YYQ,recording,knock_twice_right,18,0.083293,4.748851,8.252596,0.171535,0.084734,-0.088111
200469700.000,YYQ,recording,knock_twice_right,18,-0.454957,4.969962,7.763293,0.142739,0.115966,-0.074363
200469710.000,YYQ,recording,knock_twice_right,18,-2.309065,4.717428,6.975804,0.048347,0.189466,-0.009470
200469720.000,YYQ,recording,knock_twice_right,18,-2.720372,4.135905,6.046454,-0.101949,0.255071,0.097584
200469730.000,YYQ,recording,knock_twice_right,18,0.771732,5.208517,7.754879,-0.246530,0.231273,0.222797
200469740.000,YYQ,recording,knock_twice_right,18,-0.155100,6.289153,8.204310,-0.312052,0.107238,0.329075
200469750.000,YYQ,recording,knock_twice_right,18,1.590783,4.694140,9.554466,-0.284726,-0.066542,0.374201
200469760.000,YYQ,recording,knock_twice_right,18,1.184890,4.682307,9.321728,-0.232146,-0.210596,0.387929
200469770.000,YYQ,recording,knock_twice_right,18,1.127815,4.739385,9.274768,-0.172287,-0.299177,0.381744
200469780.000,YYQ,recording,knock_twice_right,18,1.719308,4.428690,9.489597,-0.092801,-0.315174,0.334444
200469790.000,YYQ,recording,knock_twice_right,18,1.992187,4.636007,9.506816,0.000025,-0.274668,0.237002
200469800.000,YYQ,recording,knock_twice_right,18,2.533199,4.663939,9.622433,0.100357,-0.187294,0.100209
200469810.000,YYQ,recording,knock_twice_right,18,2.649057,4.709020,9.235580,0.183330,-0.059049,-0.070952
200469820.000,YYQ,recording,knock_twice_right,18,2.359001,4.917221,8.922679,0.218908,0.089872,-0.239613
200469830.000,YYQ,recording,knock_twice_right,18,1.017803,5.371675,8.176772,0.190071,0.231338,-0.341336
200469840.000,YYQ,recording,knock_twice_right,18,-0.275031,5.134268,7.428173,0.099105,0.319836,-0.392720
200469850.000,YYQ,recording,knock_twice_right,18,-0.127167,3.896893,7.256707,-0.010422,0.374307,-0.424788
200469860.000,YYQ,recording,knock_twice_right,18,-0.548951,4.710760,7.487001,-0.103126,0.400003,-0.400796
200469870.000,YYQ,recording,knock_twice_right,18,-0.414933,5.584462,7.993341,-0.170942,0.346939,-0.320354
200469880.000,YYQ,recording,knock_twice_right,18,-0.127589,5.542377,8.655386,-0.189300,0.234874,-0.231850
200469890.000,YYQ,recording,knock_twice_right,18,0.236142,4.915395,9.303777,-0.135061,0.133695,-0.165703
200469900.000,YYQ,recording,knock_twice_right,18,-0.009586,4.510328,9.352131,-0.031339,0.070736,-0.119616
200469910.000,YYQ,recording,knock_twice_right,18,-0.133605,4.411667,8.875384,0.061021,0.033738,-0.084512
200469920.000,YYQ,recording,knock_twice_right,18,-0.388386,4.602648,8.325230,0.099350,0.005537,-0.048120
200469930.000,YYQ,recording,knock_twice_right,18,-0.411173,4.790035,8.351429,0.091215,-0.042098,-0.010815
200469940.000,YYQ,recording,knock_twice_right,18,-0.065864,4.933993,8.847232,0.083988,-0.093095,0.015326
200469950.000,YYQ,recording,knock_twice_right,18,0.046084,4.783445,8.906540,0.109038,-0.104959,0.029137
200469960.000,YYQ,recording,knock_twice_right,18,-1.707621,4.479516,7.761492,0.096488,-0.041003,0.100953
200469970.000,YYQ,recording,knock_twice_right,18,-4.074376,4.597361,6.020258,-0.020758,-0.021214,0.227808
200469980.000,YYQ,recording,knock_twice_right,18,0.655466,4.781424,7.674514,-0.181773,-0.095888,0.346682
200469990.000,YYQ,recording,knock_twice_right,18,-0.042994,5.956080,8.052282,-0.267819,-0.188856,0.418002
200470000.000,YYQ,recording,knock_twice_right,18,2.219619,4.956874,9.432033,-0.250573,-0.299435,0.416675
200470010.000,YYQ,recording,knock_twice_right,18,1.980573,4.881647,9.342613,-0.185821,-0.374654,0.377982
200470020.000,YYQ,recording,knock_twice_right,18,2.174592,4.761785,9.613610,-0.090076,-0.379318,0.296551
200470030.000,YYQ,recording,knock_twice_right,18,2.334678,4.445983,9.734515,0.029750,-0.312870,0.165560
200470040.000,YYQ,recording,knock_twice_right,18,1.629537,4.406160,9.259880,0.133947,-0.200247,0.017331
200470050.000,YYQ,recording,knock_twice_right,18,1.563189,4.299303,8.998273,0.196198,-0.077055,-0.123415
200470060.000,YYQ,recording,knock_twice_right,18,1.435164,4.501294,8.872956,0.224935,0.049925,-0.246454
200470070.000,YYQ,recording,knock_twice_right,18,0.922700,5.021377,8.507366,0.213161,0.169651,-0.302595
200470080.000,YYQ,recording,knock_twice_right,18,-0.389438,6.035884,7.757885,0.137635,0.188341,-0.284986
200470090.000,YYQ,recording,knock_twice_right,18,0.052105,4.862251,7.987545,0.038758,0.125182,-0.272803
200470100.000,YYQ,recording,knock_twice_right,18,0.137271,4.175989,8.157288,-0.011168,0.135464,-0.270505
200470110.000,YYQ,recording,knock_twice_right,18,-0.232725,4.809474,8.052473,-0.020691,0.162006,-0.230220
200470120.000,YYQ,recording,knock_twice_right,18,-0.192241,5.478963,8.282396,-0.035352,0.091614,-0.162015
200470130.000,YYQ,recording,knock_twice_right,18,0.051104,5.231198,8.603598,-0.043330,-0.000435,-0.097606
200470140.000,YYQ,recording,knock_twice_right,18,0.088584,4.808128,8.657504,-0.018533,-0.039362,-0.048188
200470150.000,YYQ,recording,knock_twice_right,18,0.006510,4.535978,8.349706,0.013444,-0.042460,-0.010416
200470160.000,YYQ,recording,knock_twice_right,18,-0.072646,4.749003,8.006210,0.012365,-0.035320,0.022525
200470170.000,YYQ,recording,knock_twice_right,18,0.038620,4.922630,7.892201,-0.026147,-0.028383,0.050615
200470180.000,YYQ,recording,knock_twice_right,18,0.243671,4.895741,8.056487,-0.074959,-0.024263,0.069181
200470190.000,YYQ,recording,knock_twice_right,18,0.388794,4.831848,8.378091,-0.106293,-0.023272,0.076208
200470200.000,YYQ,recording,knock_twice_right,18,0.542148,4.771813,8.625664,-0.114460,-0.027621,0.073941
200470210.000,YYQ,recording,knock_twice_right,18,0.614456,4.734508,8.660666,-0.108155,-0.036937,0.066522
200470220.000,YYQ,recording,knock_twice_right,18,0.571441,4.763260,8.684199,-0.095495,-0.046454,0.054968
200470230.000,YYQ,recording,knock_twice_right,18,0.524386,4.745750,8.717038,-0.079158,-0.048068,0.042253
200470240.000,YYQ,recording,knock_twice_right,18,0.463311,4.724294,8.615418,-0.062231,-0.040352,0.031084
200470250.000,YYQ,recording,knock_twice_right,18,0.370873,4.804625,8.533999,-0.049047,-0.028320,0.021681
200470260.000,YYQ,recording,knock_twice_right,18,0.329599,4.852277,8.564975,-0.039910,-0.012148,0.014203
200470270.000,YYQ,recording,knock_twice_right,18,0.308133,4.783701,8.516398,-0.035432,0.005841,0.008501
200470280.000,YYQ,recording,knock_twice_right,18,0.252540,4.779063,8.460180,-0.036562,0.016622,0.005296
200470290.000,YYQ,recording,knock_twice_right,18,0.281894,4.824048,8.443830,-0.042953,0.014239,0.006078
200470300.000,YYQ,recording,knock_twice_right,18,0.296070,4.794604,8.477549,-0.049951,0.001275,0.010556
200470310.000,YYQ,recording,knock_twice_right,18,0.339585,4.757394,8.555213,-0.054464,-0.015540,0.015425
200470320.000,YYQ,recording,knock_twice_right,18,0.386653,4.688980,8.532773,-0.055918,-0.033215,0.019163
200470330.000,YYQ,recording,knock_twice_right,18,0.340628,4.770162,8.661044,-0.051800,-0.049776,0.022813
200470340.000,YYQ,recording,knock_twice_right,18,0.423681,4.698954,8.720032,-0.039049,-0.058862,0.023513
200470350.000,YYQ,recording,knock_twice_right,18,0.570032,4.689058,8.687773,-0.022944,-0.056204,0.018171
200470360.000,YYQ,recording,knock_twice_right,18,0.568801,4.729165,8.580210,-0.012734,-0.044286,0.010781
200470370.000,YYQ,recording,knock_twice_right,18,0.536175,4.799568,8.507901,-0.009058,-0.026706,0.004621
200470380.000,YYQ,recording,knock_twice_right,18,0.520770,4.802961,8.400131,-0.013943,-0.007963,-0.000425
200470390.000,YYQ,recording,knock_twice_right,18,0.475270,4.800092,8.406365,-0.026464,0.005026,-0.003388
200470400.000,YYQ,recording,knock_twice_right,18,0.441543,4.860337,8.525934,-0.035251,0.006835,-0.003587
200470410.000,YYQ,recording,knock_twice_right,18,0.475836,4.853012,8.718764,-0.031553,-0.000953,-0.001859
200470420.000,YYQ,recording,knock_twice_right,18,0.454814,4.798519,8.774563,-0.019573,-0.016559,-0.000098
200470430.000,YYQ,recording,knock_twice_right,18,0.368635,4.792526,8.739381,-0.005336,-0.035573,0.002653
200470440.000,YYQ,recording,knock_twice_right,18,0.422269,4.757087,8.775981,0.009323,-0.044502,0.007901
200470450.000,YYQ,recording,knock_twice_right,18,0.441587,4.742338,8.647652,0.019789,-0.040157,0.012543
200470460.000,YYQ,recording,knock_twice_right,18,0.434478,4.744305,8.620314,0.022656,-0.034684,0.015824
200470470.000,YYQ,recording,knock_twice_right,18,0.491247,4.782589,8.613466,0.022974,-0.032607,0.018974
200470480.000,YYQ,recording,knock_twice_right,18,0.549519,4.750346,8.597329,0.024657,-0.026944,0.019694
200470490.000,YYQ,recording,knock_twice_right,18,0.536395,4.748172,8.503363,0.024517,-0.018413,0.018219
200470500.000,YYQ,recording,knock_twice_right,18,0.505800,4.788304,8.458703,0.019650,-0.013534,0.017360
200470510.000,YYQ,recording,knock_twice_right,18,0.484485,4.814098,8.457344,0.012848,-0.014185,0.017833
200470520.000,YYQ,recording,knock_twice_right,18,0.508178,4.779727,8.426258,0.007249,-0.016519,0.016796
200470530.000,YYQ,recording,knock_twice_right,18,0.516727,4.787200,8.391869,0.000835,-0.017989,0.013153
200470540.000,YYQ,recording,knock_twice_right,18,0.502371,4.772575,8.436265,-0.005112,-0.018636,0.009847
200470550.000,YYQ,recording,knock_twice_right,18,0.511315,4.778031,8.525575,-0.007422,-0.013186,0.006909
200470560.000,YYQ,recording,knock_twice_right,18,0.486646,4.734660,8.542274,-0.007737,-0.004071,0.003590
200470570.000,YYQ,recording,knock_twice_right,18,0.501736,4.741965,8.534687,-0.008050,0.002496,0.001393
200470580.000,YYQ,recording,knock_twice_right,18,0.489732,4.747363,8.562292,-0.008761,0.005742,0.000696
200470590.000,YYQ,recording,knock_twice_right,18,0.477975,4.772876,8.588105,-0.008866,0.006292,0.000719
200470600.000,YYQ,recording,knock_twice_right,18,0.506518,4.747614,8.616491,-0.006699,0.006107,0.001320
200470610.000,YYQ,recording,knock_twice_right,18,0.517389,4.729860,8.647317,-0.003282,0.005186,0.001640
200470620.000,YYQ,recording,knock_twice_right,18,0.520829,4.766612,8.639606,0.000339,0.001401,0.000411
200470630.000,YYQ,recording,knock_twice_right,18,0.522379,4.777758,8.694144,0.006754,-0.004177,-0.002184
200470640.000,YYQ,recording,knock_twice_right,18,0.519778,4.766319,8.645105,0.017451,-0.007021,-0.004643
200470650.000,YYQ,recording,knock_twice_right,18,0.466780,4.820846,8.590518,0.026247,-0.008718,-0.005817
200470660.000,YYQ,recording,knock_twice_right,18,0.464822,4.827136,8.565582,0.029268,-0.011676,-0.005214
200470670.000,YYQ,recording,knock_twice_right,18,0.505814,4.816975,8.556104,0.030319,-0.014596,-0.004795
200470680.000,YYQ,recording,knock_twice_right,18,0.481776,4.785073,8.557555,0.033735,-0.017627,-0.004883
200470690.000,YYQ,recording,knock_twice_right,18,0.476840,4.762850,8.602335,0.039966,-0.018032,-0.003339
200470700.000,YYQ,recording,knock_twice_right,18,0.494994,4.769177,8.530481,0.044819,-0.013122,-0.001629
200470710.000,YYQ,recording,knock_twice_right,18,0.473141,4.796224,8.421073,0.044350,-0.007357,-0.000809
200470720.000,YYQ,recording,knock_twice_right,18,0.461682,4.803399,8.352328,0.036633,-0.004530,0.001422
200470730.000,YYQ,recording,knock_twice_right,18,0.449452,4.786550,8.326217,0.024203,-0.004191,0.004261
200470740.000,YYQ,recording,knock_twice_right,18,0.477556,4.781411,8.284546,0.011031,-0.005273,0.005955
200470750.000,YYQ,recording,knock_twice_right,18,0.458938,4.769697,8.338825,-0.000840,-0.008607,0.007516
200470760.000,YYQ,recording,knock_twice_right,18,0.461881,4.759042,8.434155,-0.007637,-0.012031,0.007461
200470770.000,YYQ,recording,knock_twice_right,18,0.455834,4.707737,8.471939,-0.009759,-0.014785,0.005401
200470780.000,YYQ,recording,knock_twice_right,18,0.474298,4.707922,8.489639,-0.010493,-0.017437,0.003980
200470790.000,YYQ,recording,knock_twice_right,18,0.468022,4.710154,8.484284,-0.009704,-0.015469,0.005807
200470800.000,YYQ,recording,knock_twice_right,18,0.516133,4.732430,8.460083,-0.009760,-0.009512,0.009950
200470810.000,YYQ,recording,knock_twice_right,18,0.570136,4.767937,8.434470,-0.012591,-0.003624,0.010740
200470820.000,YYQ,recording,knock_twice_right,18,0.562220,4.826572,8.448645,-0.016349,-0.000795,0.007307
200470830.000,YYQ,recording,knock_twice_right,18,0.553724,4.810232,8.467549,-0.019045,0.000071,0.003172
200470840.000,YYQ,recording,knock_twice_right,18,0.523043,4.799455,8.483699,-0.020279,0.006374,-0.000756
200470850.000,YYQ,recording,knock_twice_right,18,0.497208,4.776578,8.434631,-0.023491,0.015870,-0.004016
200470860.000,YYQ,recording,knock_twice_right,18,0.423978,4.799940,8.446880,-0.029867,0.019891,-0.004752
200470870.000,YYQ,recording,knock_twice_right,18,0.436890,4.799093,8.479233,-0.035381,0.016492,-0.003821
200470880.000,YYQ,recording,knock_twice_right,18,0.451731,4.774937,8.511381,-0.038233,0.008055,-0.002461
200470890.000,YYQ,recording,knock_twice_right,18,0.435082,4.784907,8.547941,-0.038361,-0.002887,0.000109
200470900.000,YYQ,recording,knock_twice_right,18,0.457901,4.779002,8.574579,-0.035242,-0.012471,0.002295
200470910.000,YYQ,recording,knock_twice_right,18,0.481086,4.772896,8.623836,-0.029135,-0.020015,0.003577
200470920.000,YYQ,recording,knock_twice_right,18,0.508278,4.774691,8.673826,-0.021059,-0.025469,0.004412
200470930.000,YYQ,recording,knock_twice_right,18,0.502406,4.761726,8.702456,-0.012087,-0.024735,0.004535
200470940.000,YYQ,recording,knock_twice_right,18,0.521994,4.768152,8.666994,-0.004667,-0.019281,0.003710
200470950.000,YYQ,recording,knock_twice_right,18,0.547131,4.777953,8.568455,-0.001440,-0.013872,0.002976
200470960.000,YYQ,recording,knock_twice_right,18,0.546566,4.784354,8.542791,-0.002617,-0.009650,0.002910
200470970.000,YYQ,recording,knock_twice_right,18,0.558438,4.790122,8.540865,-0.004292,-0.007934,0.002659
200470980.000,YYQ,recording,knock_twice_right,18,0.567950,4.787170,8.556828,-0.003211,-0.007554,0.001685
200470990.000,YYQ,recording,knock_twice_right,18,0.553575,4.776478,8.522818,-0.001918,-0.005264,0.000347
200471000.000,YYQ,recording,knock_twice_right,18,0.510452,4.782654,8.495749,-0.002393,-0.001548,-0.000581
200471010.000,YYQ,recording,knock_twice_right,18,0.530125,4.828555,8.491191,-0.004934,0.002254,-0.001285
200471020.000,YYQ,recording,knock_twice_right,18,0.493268,4.828886,8.455872,-0.009041,0.004928,-0.001876
200471030.000,YYQ,recording,knock_twice_right,18,0.486200,4.808851,8.470282,-0.014150,0.005873,-0.001353
200471040.000,YYQ,recording,knock_twice_right,18,0.461413,4.807157,8.493212,-0.020244,0.004042,-0.000459
200471050.000,YYQ,recording,knock_twice_right,18,0.500479,4.767686,8.576881,-0.022742,0.000770,-0.000557
200471060.000,YYQ,recording,knock_twice_right,18,0.496954,4.752098,8.618903,-0.019586,-0.002262,-0.001226
200471070.000,YYQ,recording,knock_twice_right,18,0.495730,4.739513,8.705493,-0.010853,-0.006434,-0.001040
200471080.000,YYQ,recording,knock_twice_right,18,0.507115,4.748045,8.723224,0.003308,-0.008840,0.000194
200471090.000,YYQ,recording,knock_twice_right,18,0.481684,4.733143,8.630155,0.016317,-0.004417,0.000866
200471100.000,YYQ,recording,knock_twice_right,18,0.469195,4.722355,8.518170,0.019795,0.004764,0.001424
200471110.000,YYQ,recording,knock_twice_right,18,0.489296,4.741104,8.433601,0.013433,0.013635,0.002239
200471120.000,YYQ,recording,knock_twice_right,18,0.496226,4.757635,8.427099,0.002861,0.018719,0.003470
200471130.000,YYQ,recording,knock_twice_right,18,0.500764,4.744092,8.447933,-0.007688,0.018194,0.003828
200471140.000,YYQ,recording,knock_twice_right,18,0.454755,4.736124,8.500262,-0.014442,0.012638,0.003932
200471150.000,YYQ,recording,knock_twice_right,18,0.440946,4.731128,8.530317,-0.015274,0.005519,0.005329
200471160.000,YYQ,recording,knock_twice_right,18,0.473684,4.766258,8.531752,-0.012276,0.001148,0.007477
200471170.000,YYQ,recording,knock_twice_right,18,0.515623,4.739679,8.461959,-0.011121,-0.000202,0.008582
200471180.000,YYQ,recording,knock_twice_right,18,0.514081,4.764642,8.444951,-0.012910,0.000135,0.009025
200471190.000,YYQ,recording,knock_twice_right,18,0.547115,4.767018,8.496428,-0.012896,0.002317,0.009196
200471200.000,YYQ,recording,knock_twice_right,18,0.574480,4.724163,8.528100,-0.011084,0.005408,0.007093
200471210.000,YYQ,recording,knock_twice_right,18,0.596637,4.709075,8.547866,-0.010638,0.008060,0.004527
200471220.000,YYQ,recording,knock_twice_right,18,0.566730,4.741100,8.579901,-0.009724,0.009045,0.003268
200471230.000,YYQ,recording,knock_twice_right,18,0.555276,4.734111,8.596868,-0.007851,0.006948,0.001664
200471240.000,YYQ,recording,knock_twice_right,18,0.555430,4.719832,8.596801,-0.006340,0.004068,-0.000782
200471250.000,YYQ,recording,knock_twice_right,18,0.525407,4.769670,8.599396,-0.003720,0.001558,-0.002309
200471260.000,YYQ,recording,knock_twice_right,18,0.537919,4.749043,8.586314,-0.001271,-0.001533,-0.003519
200471270.000,YYQ,recording,knock_twice_right,18,0.543503,4.762122,8.612690,-0.000115,-0.004185,-0.004646
200471280.000,YYQ,recording,knock_twice_right,18,0.541603,4.744942,8.675434,0.003359,-0.006269,-0.006004
200471290.000,YYQ,recording,knock_twice_right,18,0.513220,4.748396,8.684318,0.010696,-0.008050,-0.007776
200471300.000,YYQ,recording,knock_twice_right,18,0.483035,4.743740,8.669431,0.018901,-0.010819,-0.007592
200471310.000,YYQ,recording,knock_twice_right,18,0.485913,4.762731,8.598449,0.024853,-0.016055,-0.004346
200471320.000,YYQ,recording,knock_twice_right,18,0.527715,4.751474,8.559898,0.027849,-0.020438,-0.000633
200471330.000,YYQ,recording,knock_twice_right,18,0.541962,4.746501,8.487949,0.027738,-0.021119,0.001714
200471340.000,YYQ,recording,knock_twice_right,18,0.577525,4.759335,8.417930,0.022862,-0.018457,0.003302
200471350.000,YYQ,recording,knock_twice_right,18,0.570777,4.774093,8.372801,0.013606,-0.013122,0.003493
200471360.000,YYQ,recording,knock_twice_right,18,0.583907,4.776991,8.375999,0.004440,-0.007357,0.002121
200471370.000,YYQ,recording,knock_twice_right,18,0.569731,4.755238,8.410640,-0.001066,-0.002889,0.000262
200471380.000,YYQ,recording,knock_twice_right,18,0.567727,4.742254,8.437014,-0.005117,-0.000016,-0.001746
200471390.000,YYQ,recording,knock_twice_right,18,0.557082,4.763801,8.442120,-0.010291,-0.000057,-0.004102
200471400.000,YYQ,recording,knock_twice_right,18,0.581884,4.738823,8.475935,-0.015366,-0.003283,-0.006646
200471410.000,YYQ,recording,knock_twice_right,18,0.581631,4.725892,8.516364,-0.019459,-0.007536,-0.008444
200471420.000,YYQ,recording,knock_twice_right,18,0.555292,4.721706,8.540256,-0.021115,-0.009925,-0.009803
200471430.000,YYQ,recording,knock_twice_right,18,0.565026,4.717695,8.571244,-0.020661,-0.011475,-0.012618
200471440.000,YYQ,recording,knock_twice_right,18,0.598751,4.715406,8.599894,-0.019205,-0.011932,-0.015205
200471450.000,YYQ,recording,knock_twice_right,18,0.593071,4.729227,8.603440,-0.015994,-0.008526,-0.016439
200471460.000,YYQ,recording,knock_twice_right,18,0.546167,4.755933,8.559546,-0.013213,-0.004950,-0.016927
200471470.000,YYQ,recording,knock_twice_right,18,0.551067,4.740807,8.532922,-0.014080,-0.002963,-0.016320
200471480.000,YYQ,recording,knock_twice_right,18,0.540072,4.769953,8.541903,-0.016956,-0.003460,-0.015386
200471490.000,YYQ,recording,knock_twice_right,18,0.569827,4.749021,8.551033,-0.019295,-0.006062,-0.014652
200471500.000,YYQ,recording,knock_twice_right,18,0.540989,4.765443,8.565910,-0.018471,-0.008294,-0.014857
200471510.000,YYQ,recording,knock_twice_right,18,0.521376,4.756262,8.597050,-0.013745,-0.011236,-0.015567
200471520.000,YYQ,recording,knock_twice_right,18,0.561752,4.764138,8.618042,-0.007631,-0.011915,-0.016486
200471530.000,YYQ,recording,knock_twice_right,19,0.548162,4.734963,8.562550,-0.004303,-0.008794,-0.018316
200471540.000,YYQ,recording,knock_twice_right,19,0.521569,4.750839,8.499218,-0.005897,-0.003187,-0.020635
200471550.000,YYQ,recording,knock_twice_right,19,0.478485,4.766417,8.512854,-0.009209,0.002940,-0.021533
200471560.000,YYQ,recording,knock_twice_right,19,0.463897,4.751862,8.528708,-0.013359,0.005157,-0.020752
200471570.000,YYQ,recording,knock_twice_right,19,0.449838,4.736817,8.592991,-0.016248,0.003750,-0.020537
200471580.000,YYQ,recording,knock_twice_right,19,0.444224,4.719434,8.644916,-0.013740,0.000917,-0.019682
200471590.000,YYQ,recording,knock_twice_right,19,0.439611,4.718560,8.627983,-0.007216,-0.002429,-0.017561
200471600.000,YYQ,recording,knock_twice_right,19,0.456950,4.718924,8.618873,-0.000799,-0.005727,-0.014805
200471610.000,YYQ,recording,knock_twice_right,19,0.473252,4.736592,8.564165,0.005022,-0.008421,-0.013152
200471620.000,YYQ,recording,knock_twice_right,19,0.466648,4.724492,8.487203,0.008100,-0.009426,-0.013808
200471630.000,YYQ,recording,knock_twice_right,19,0.487317,4.708625,8.442320,0.004491,-0.007061,-0.013734
200471640.000,YYQ,recording,knock_twice_right,19,0.458485,4.729945,8.430091,-0.003187,-0.000240,-0.013084
200471650.000,YYQ,recording,knock_twice_right,19,0.513729,4.720817,8.473002,-0.010453,0.008854,-0.012187
200471660.000,YYQ,recording,knock_twice_right,19,0.524984,4.719154,8.479796,-0.016384,0.016147,-0.011187
200471670.000,YYQ,recording,knock_twice_right,19,0.508061,4.706972,8.509377,-0.019462,0.020371,-0.011515
200471680.000,YYQ,recording,knock_twice_right,19,0.503536,4.727501,8.551332,-0.019119,0.020861,-0.010957
200471690.000,YYQ,recording,knock_twice_right,19,0.465052,4.737319,8.546821,-0.018179,0.019201,-0.008688
200471700.000,YYQ,recording,knock_twice_right,19,0.424078,4.727511,8.485979,-0.019883,0.015550,-0.005016
200471710.000,YYQ,recording,knock_twice_right,19,0.376784,4.721012,8.464339,-0.026649,0.008718,-0.000677
200471720.000,YYQ,recording,knock_twice_right,19,0.419433,4.720623,8.501772,-0.035478,0.003801,0.002278
200471730.000,YYQ,recording,knock_twice_right,19,0.443535,4.713406,8.564546,-0.040455,0.002680,0.004429
200471740.000,YYQ,recording,knock_twice_right,19,0.443668,4.726069,8.562398,-0.040102,0.005656,0.008701
200471750.000,YYQ,recording,knock_twice_right,19,0.552878,4.739701,8.569761,-0.038761,0.012014,0.012875
200471760.000,YYQ,recording,knock_twice_right,19,0.682598,4.704186,8.611731,-0.038075,0.018339,0.010248
200471770.000,YYQ,recording,knock_twice_right,19,0.598613,4.667701,8.664383,-0.034805,0.025476,0.003808
200471780.000,YYQ,recording,knock_twice_right,19,0.475560,4.694319,8.618949,-0.031376,0.031474,0.000996
200471790.000,YYQ,recording,knock_twice_right,19,0.419629,4.704936,8.574798,-0.030804,0.035673,0.001029
200471800.000,YYQ,recording,knock_twice_right,19,0.410303,4.740106,8.615354,-0.030742,0.039783,0.000947
200471810.000,YYQ,recording,knock_twice_right,19,0.409998,4.718765,8.626923,-0.030163,0.041255,0.001949
200471820.000,YYQ,recording,knock_twice_right,19,0.375676,4.714523,8.645726,-0.030117,0.039864,0.004716
200471830.000,YYQ,recording,knock_twice_right,19,0.366523,4.694318,8.693331,-0.028243,0.033538,0.007269
200471840.000,YYQ,recording,knock_twice_right,19,0.399622,4.714062,8.745476,-0.020100,0.018945,0.008769
200471850.000,YYQ,recording,knock_twice_right,19,0.427210,4.719319,8.815450,-0.006401,-0.001833,0.008321
200471860.000,YYQ,recording,knock_twice_right,19,0.476686,4.678506,8.781121,0.009358,-0.022998,0.006339
200471870.000,YYQ,recording,knock_twice_right,19,0.520473,4.675605,8.739032,0.023416,-0.035203,0.003630
200471880.000,YYQ,recording,knock_twice_right,19,0.576605,4.679350,8.677547,0.032864,-0.034218,0.001455
200471890.000,YYQ,recording,knock_twice_right,19,0.558883,4.695721,8.599686,0.036327,-0.022475,0.000718
200471900.000,YYQ,recording,knock_twice_right,19,0.572487,4.672863,8.577394,0.034880,-0.005702,0.000450
200471910.000,YYQ,recording,knock_twice_right,19,0.574806,4.713149,8.595946,0.032771,0.010111,-0.000454
200471920.000,YYQ,recording,knock_twice_right,19,0.585046,4.679107,8.619020,0.031743,0.021540,-0.002595
200471930.000,YYQ,recording,knock_twice_right,19,0.551067,4.688128,8.548167,0.030241,0.026242,-0.004269
200471940.000,YYQ,recording,knock_twice_right,19,0.473515,4.689226,8.489143,0.025368,0.022902,-0.003402
200471950.000,YYQ,recording,knock_twice_right,19,0.457752,4.726483,8.474753,0.017281,0.014460,-0.002792
200471960.000,YYQ,recording,knock_twice_right,19,0.488792,4.709281,8.500912,0.010675,0.005671,-0.003626
200471970.000,YYQ,recording,knock_twice_right,19,0.497808,4.711396,8.536327,0.008138,-0.002125,-0.003875
200471980.000,YYQ,recording,knock_twice_right,19,0.537493,4.679740,8.571757,0.008564,-0.003959,-0.005292
200471990.000,YYQ,recording,knock_twice_right,19,0.531744,4.673169,8.518536,0.009216,0.001561,-0.007713
200472000.000,YYQ,recording,knock_twice_right,19,0.518070,4.681054,8.517593,0.007903,0.007503,-0.008696
200472010.000,YYQ,recording,knock_twice_right,19,0.488963,4.706352,8.531483,0.006551,0.011168,-0.008495
200472020.000,YYQ,recording,knock_twice_right,19,0.482317,4.679668,8.549280,0.006732,0.010344,-0.008342
200472030.000,YYQ,recording,knock_twice_right,19,0.470675,4.691793,8.574133,0.006940,0.001982,-0.008536
200472040.000,YYQ,recording,knock_twice_right,19,0.466269,4.678756,8.579226,0.008665,-0.008336,-0.007847
200472050.000,YYQ,recording,knock_twice_right,19,0.466128,4.696317,8.551205,0.012067,-0.013447,-0.006618
200472060.000,YYQ,recording,knock_twice_right,19,0.463376,4.692522,8.527257,0.012762,-0.012527,-0.005989
200472070.000,YYQ,recording,knock_twice_right,19,0.432086,4.686080,8.479956,0.009873,-0.005694,-0.004652
200472080.000,YYQ,recording,knock_twice_right,19,0.439294,4.680762,8.490105,0.005223,0.002658,-0.002840
200472090.000,YYQ,recording,knock_twice_right,19,0.445028,4.666075,8.490399,-0.000397,0.008158,-0.001108
200472100.000,YYQ,recording,knock_twice_right,19,0.428411,4.689772,8.507314,-0.006485,0.008171,0.000798
200472110.000,YYQ,recording,knock_twice_right,19,0.429425,4.700149,8.562911,-0.011380,0.000447,0.001742
200472120.000,YYQ,recording,knock_twice_right,19,0.447921,4.714814,8.646304,-0.012311,-0.010131,0.002136
200472130.000,YYQ,recording,knock_twice_right,19,0.469912,4.704472,8.705592,-0.006486,-0.018172,0.002302
200472140.000,YYQ,recording,knock_twice_right,19,0.459461,4.695140,8.677025,0.003075,-0.021865,0.000726
200472150.000,YYQ,recording,knock_twice_right,19,0.508692,4.713164,8.636517,0.010697,-0.020376,-0.001787
200472160.000,YYQ,recording,knock_twice_right,19,0.516090,4.722647,8.596136,0.015863,-0.014938,-0.004706
200472170.000,YYQ,recording,knock_twice_right,19,0.527219,4.737191,8.598551,0.019599,-0.007948,-0.008606
200472180.000,YYQ,recording,knock_twice_right,19,0.550492,4.717045,8.657265,0.023506,0.000156,-0.012776
200472190.000,YYQ,recording,knock_twice_right,19,0.512775,4.726533,8.617573,0.028446,0.008562,-0.016709
200472200.000,YYQ,recording,knock_twice_right,19,0.483625,4.729333,8.571515,0.031194,0.015126,-0.018900
200472210.000,YYQ,recording,knock_twice_right,19,0.443419,4.731341,8.579478,0.030738,0.018185,-0.019284
200472220.000,YYQ,recording,knock_twice_right,19,0.491232,4.728909,8.647927,0.033006,0.018882,-0.020176
200472230.000,YYQ,recording,knock_twice_right,19,0.437996,4.727252,8.675423,0.039801,0.016363,-0.021746
200472240.000,YYQ,recording,knock_twice_right,19,0.437879,4.752545,8.703378,0.049434,0.011632,-0.023660
200472250.000,YYQ,recording,knock_twice_right,19,0.415841,4.779952,8.807887,0.065197,0.010010,-0.027059
200472260.000,YYQ,recording,knock_twice_right,19,0.471073,4.761740,8.925129,0.090779,0.014106,-0.031277
200472270.000,YYQ,recording,knock_twice_right,19,0.500862,4.718779,8.949676,0.121392,0.025215,-0.037199
200472280.000,YYQ,recording,knock_twice_right,19,0.566523,4.731162,8.879072,0.146966,0.040937,-0.045665
200472290.000,YYQ,recording,knock_twice_right,19,0.501174,4.785557,8.847354,0.164751,0.057872,-0.051064
200472300.000,YYQ,recording,knock_twice_right,19,0.454006,4.851929,8.891155,0.179976,0.071383,-0.051536
200472310.000,YYQ,recording,knock_twice_right,19,0.478335,4.919893,9.068907,0.204181,0.082061,-0.050601
200472320.000,YYQ,recording,knock_twice_right,19,0.589748,4.833026,9.153091,0.240678,0.098532,-0.052821
200472330.000,YYQ,recording,knock_twice_right,19,0.524686,4.812372,8.994649,0.277320,0.118228,-0.059595
200472340.000,YYQ,recording,knock_twice_right,19,0.388024,4.844358,8.769975,0.303549,0.128558,-0.065944
200472350.000,YYQ,recording,knock_twice_right,19,0.285265,4.905361,8.550461,0.316658,0.128501,-0.068961
200472360.000,YYQ,recording,knock_twice_right,19,0.191907,4.925091,8.299767,0.313452,0.125063,-0.070466
200472370.000,YYQ,recording,knock_twice_right,19,0.182585,4.968270,8.086875,0.294976,0.121867,-0.071659
200472380.000,YYQ,recording,knock_twice_right,19,0.195541,4.948465,8.058742,0.270505,0.124706,-0.071429
200472390.000,YYQ,recording,knock_twice_right,19,0.183778,4.986669,8.108022,0.247890,0.131173,-0.067106
200472400.000,YYQ,recording,knock_twice_right,19,0.209885,4.951707,8.039298,0.227238,0.131549,-0.060075
200472410.000,YYQ,recording,knock_twice_right,19,0.207834,4.999127,7.803732,0.198767,0.117625,-0.052394
200472420.000,YYQ,recording,knock_twice_right,19,0.112011,5.069279,7.444054,0.150192,0.085824,-0.045068
200472430.000,YYQ,recording,knock_twice_right,19,0.036717,5.111528,7.292261,0.082527,0.050548,-0.041526
200472440.000,YYQ,recording,knock_twice_right,19,-0.003050,5.002045,7.382167,0.013637,0.024798,-0.044717
200472450.000,YYQ,recording,knock_twice_right,19,0.020574,4.832468,7.739294,-0.033248,0.002094,-0.055196
200472460.000,YYQ,recording,knock_twice_right,19,0.176393,4.677156,8.296431,-0.040301,-0.010795,-0.065973
200472470.000,YYQ,recording,knock_twice_right,19,0.165201,4.628562,8.595446,-0.005265,0.005150,-0.066280
200472480.000,YYQ,recording,knock_twice_right,19,-0.340254,4.673984,8.391577,0.047616,0.058625,-0.053105
200472490.000,YYQ,recording,knock_twice_right,19,-3.636048,4.846878,6.764421,0.019131,0.146140,0.030733
200472500.000,YYQ,recording,knock_twice_right,19,-2.539112,4.677942,6.927913,-0.092992,0.166650,0.188401
200472510.000,YYQ,recording,knock_twice_right,19,0.150985,5.712102,9.251934,-0.154904,0.109284,0.332958
200472520.000,YYQ,recording,knock_twice_right,19,0.785827,5.746592,9.636905,-0.102237,0.025457,0.406414
200472530.000,YYQ,recording,knock_twice_right,19,1.415604,4.777889,9.550490,-0.005192,-0.095675,0.416364
200472540.000,YYQ,recording,knock_twice_right,19,1.478817,4.896089,9.269309,0.056357,-0.222649,0.402140
200472550.000,YYQ,recording,knock_twice_right,19,1.169383,5.096153,9.312315,0.111094,-0.327443,0.362642
200472560.000,YYQ,recording,knock_twice_right,19,1.473780,4.849363,9.818616,0.196060,-0.386437,0.295310
200472570.000,YYQ,recording,knock_twice_right,19,1.448568,4.936328,9.754303,0.303094,-0.389108,0.203885
200472580.000,YYQ,recording,knock_twice_right,19,2.082289,5.044239,9.760145,0.414438,-0.333732,0.084416
200472590.000,YYQ,recording,knock_twice_right,19,2.260385,5.054903,9.521933,0.519066,-0.232259,-0.059727
200472600.000,YYQ,recording,knock_twice_right,19,2.083215,5.114894,8.984304,0.585161,-0.117922,-0.209358
200472610.000,YYQ,recording,knock_twice_right,19,1.627456,5.309169,8.209713,0.585135,-0.009821,-0.339265
200472620.000,YYQ,recording,knock_twice_right,19,0.942942,5.457144,7.589518,0.518363,0.114577,-0.423769
200472630.000,YYQ,recording,knock_twice_right,19,-0.064435,5.501316,6.559482,0.387636,0.255400,-0.439447
200472640.000,YYQ,recording,knock_twice_right,19,-1.146442,5.650984,5.768964,0.191813,0.352209,-0.384005
200472650.000,YYQ,recording,knock_twice_right,19,-0.736268,5.570607,5.493500,-0.049808,0.384487,-0.293073
200472660.000,YYQ,recording,knock_twice_right,19,-0.405948,5.691646,5.814321,-0.284510,0.379740,-0.196823
200472670.000,YYQ,recording,knock_twice_right,19,-0.324595,5.900400,6.719594,-0.452380,0.333046,-0.099879
200472680.000,YYQ,recording,knock_twice_right,19,-0.081532,5.526172,8.016504,-0.507030,0.230546,-0.015183
200472690.000,YYQ,recording,knock_twice_right,19,0.355764,5.073211,9.329829,-0.429335,0.108800,0.038297
200472700.000,YYQ,recording,knock_twice_right,19,0.526488,4.555519,9.909691,-0.252490,0.016568,0.052358
200472710.000,YYQ,recording,knock_twice_right,19,0.263829,4.449438,9.664089,-0.050359,-0.061149,0.040990
200472720.000,YYQ,recording,knock_twice_right,19,-0.045725,4.649274,9.318126,0.115780,-0.134054,0.029266
200472730.000,YYQ,recording,knock_twice_right,19,-0.708483,4.662738,8.034232,0.193428,-0.054017,0.062673
200472740.000,YYQ,recording,knock_twice_right,19,-4.229920,4.858325,5.004907,0.110384,0.048716,0.169060
200472750.000,YYQ,recording,knock_twice_right,19,-0.780447,4.865862,6.229981,-0.112665,-0.002200,0.307571
200472760.000,YYQ,recording,knock_twice_right,19,0.317079,5.840571,7.094219,-0.303133,-0.088583,0.391623
200472770.000,YYQ,recording,knock_twice_right,19,2.183235,5.437814,9.075923,-0.348651,-0.171665,0.394704
200472780.000,YYQ,recording,knock_twice_right,19,1.419054,5.140085,9.051459,-0.296259,-0.262235,0.362304
200472790.000,YYQ,recording,knock_twice_right,19,2.136664,5.026510,9.894467,-0.193683,-0.349594,0.309484
200472800.000,YYQ,recording,knock_twice_right,19,1.950634,5.055289,10.114288,-0.034156,-0.372604,0.214051
200472810.000,YYQ,recording,knock_twice_right,19,2.010428,4.733461,9.892366,0.140026,-0.324715,0.078019
200472820.000,YYQ,recording,knock_twice_right,19,1.660706,4.719455,9.161722,0.256949,-0.239135,-0.067877
200472830.000,YYQ,recording,knock_twice_right,19,1.601093,4.841737,8.636701,0.296750,-0.122456,-0.204840
200472840.000,YYQ,recording,knock_twice_right,19,1.198809,5.179926,8.049686,0.270075,0.017736,-0.318110
200472850.000,YYQ,recording,knock_twice_right,19,0.587739,5.415453,7.346487,0.180826,0.164518,-0.386159
200472860.000,YYQ,recording,knock_twice_right,19,-0.589269,5.857865,6.441087,0.018985,0.302116,-0.372865
200472870.000,YYQ,recording,knock_twice_right,19,-1.105676,5.943040,5.824558,-0.203379,0.366136,-0.307199
200472880.000,YYQ,recording,knock_twice_right,19,-0.277282,5.219995,6.667631,-0.415302,0.337355,-0.241466
200472890.000,YYQ,recording,knock_twice_right,19,-0.300446,5.409439,7.818903,-0.531564,0.270137,-0.171465
200472900.000,YYQ,recording,knock_twice_right,19,-0.118025,5.429400,8.933183,-0.525891,0.169427,-0.097656
200472910.000,YYQ,recording,knock_twice_right,19,-0.105342,5.164563,9.380182,-0.429013,0.038711,-0.032770
200472920.000,YYQ,recording,knock_twice_right,19,-0.065220,4.804359,9.521819,-0.292058,-0.075846,0.016427
200472930.000,YYQ,recording,knock_twice_right,19,0.009164,4.699636,9.155774,-0.166318,-0.137339,0.052158
200472940.000,YYQ,recording,knock_twice_right,19,0.041005,4.759191,8.653927,-0.090856,-0.150696,0.078534
200472950.000,YYQ,recording,knock_twice_right,19,0.245497,4.815205,8.198671,-0.076226,-0.136674,0.094384
200472960.000,YYQ,recording,knock_twice_right,19,0.374755,4.935147,8.160411,-0.102882,-0.111571,0.100303
200472970.000,YYQ,recording,knock_twice_right,19,0.570609,4.873397,8.182236,-0.144072,-0.086469,0.096823
200472980.000,YYQ,recording,knock_twice_right,19,0.596182,4.911061,8.358142,-0.177968,-0.062587,0.085240
200472990.000,YYQ,recording,knock_twice_right,19,0.592790,4.873041,8.598410,-0.191140,-0.044737,0.070069
200473000.000,YYQ,recording,knock_twice_right,19,0.514587,4.915065,8.727852,-0.181900,-0.033199,0.052936
200473010.000,YYQ,recording,knock_twice_right,19,0.380200,4.900476,8.779619,-0.152478,-0.024986,0.038984
200473020.000,YYQ,recording,knock_twice_right,19,0.284205,4.858338,8.815196,-0.111718,-0.020900,0.028907
200473030.000,YYQ,recording,knock_twice_right,19,0.217819,4.887229,8.624176,-0.075352,-0.012653,0.020429
200473040.000,YYQ,recording,knock_twice_right,19,0.147314,4.891285,8.436333,-0.054490,-0.003090,0.016637
200473050.000,YYQ,recording,knock_twice_right,19,0.147130,4.965124,8.302174,-0.054139,-0.003268,0.017328
200473060.000,YYQ,recording,knock_twice_right,19,0.248341,4.942231,8.307187,-0.069000,-0.010387,0.019854
200473070.000,YYQ,recording,knock_twice_right,19,0.368157,4.916853,8.411031,-0.085660,-0.018092,0.020093
200473080.000,YYQ,recording,knock_twice_right,19,0.452891,4.838553,8.563512,-0.094330,-0.028103,0.018114
200473090.000,YYQ,recording,knock_twice_right,19,0.425057,4.864027,8.694918,-0.090876,-0.037253,0.017005
200473100.000,YYQ,recording,knock_twice_right,19,0.429445,4.838335,8.787024,-0.076361,-0.044355,0.016561
200473110.000,YYQ,recording,knock_twice_right,19,0.498116,4.821253,8.792318,-0.057376,-0.048497,0.013922
200473120.000,YYQ,recording,knock_twice_right,19,0.537404,4.804549,8.655344,-0.038607,-0.038878,0.009189
200473130.000,YYQ,recording,knock_twice_right,19,0.500645,4.837264,8.669927,-0.023788,-0.019259,0.005655
200473140.000,YYQ,recording,knock_twice_right,19,0.481328,4.882064,8.667361,-0.013028,0.000185,0.003771
200473150.000,YYQ,recording,knock_twice_right,19,0.479556,4.852489,8.634612,-0.004504,0.015020,0.001601
200473160.000,YYQ,recording,knock_twice_right,19,0.488719,4.878138,8.544744,0.000335,0.021390,-0.001659
200473170.000,YYQ,recording,knock_twice_right,19,0.465887,4.902452,8.509148,0.000263,0.020350,-0.004432
200473180.000,YYQ,recording,knock_twice_right,19,0.444168,4.884517,8.506201,-0.002823,0.016097,-0.006817
200473190.000,YYQ,recording,knock_twice_right,19,0.418173,4.836079,8.587106,-0.003976,0.009488,-0.007695
200473200.000,YYQ,recording,knock_twice_right,19,0.366892,4.841062,8.624089,-0.000818,0.001475,-0.005285
200473210.000,YYQ,recording,knock_twice_right,19,0.324119,4.822480,8.582789,0.004024,-0.007403,-0.001154
200473220.000,YYQ,recording,knock_twice_right,19,0.364262,4.851767,8.550144,0.007286,-0.017792,0.003942
200473230.000,YYQ,recording,knock_twice_right,19,0.355805,4.829954,8.559717,0.009563,-0.026792,0.010320
200473240.000,YYQ,recording,knock_twice_right,19,0.420504,4.810559,8.533718,0.011984,-0.031608,0.015964
200473250.000,YYQ,recording,knock_twice_right,19,0.446816,4.815652,8.476674,0.013451,-0.032831,0.019204
200473260.000,YYQ,recording,knock_twice_right,19,0.478147,4.815803,8.441359,0.012186,-0.033476,0.021151
200473270.000,YYQ,recording,knock_twice_right,19,0.512328,4.850134,8.419950,0.008102,-0.033788,0.022572
200473280.000,YYQ,recording,knock_twice_right,19,0.542524,4.854128,8.425789,0.004281,-0.032003,0.020787
200473290.000,YYQ,recording,knock_twice_right,19,0.571029,4.825380,8.470701,0.003017,-0.026068,0.016408
200473300.000,YYQ,recording,knock_twice_right,19,0.567079,4.814064,8.488409,0.003951,-0.017160,0.011109
200473310.000,YYQ,recording,knock_twice_right,19,0.589232,4.802527,8.547946,0.006723,-0.007724,0.004933
200473320.000,YYQ,recording,knock_twice_right,19,0.550747,4.816647,8.544152,0.011729,0.004234,-0.000314
200473330.000,YYQ,recording,knock_twice_right,19,0.481442,4.793169,8.477425,0.014614,0.015447,-0.004971
200473340.000,YYQ,recording,knock_twice_right,19,0.434195,4.816090,8.440869,0.010923,0.020848,-0.008583
200473350.000,YYQ,recording,knock_twice_right,19,0.390715,4.823175,8.425851,0.003205,0.020053,-0.009992
200473360.000,YYQ,recording,knock_twice_right,19,0.397849,4.867833,8.435645,-0.004336,0.013249,-0.009975
200473370.000,YYQ,recording,knock_twice_right,19,0.401059,4.850345,8.491903,-0.007691,0.003816,-0.009060
200473380.000,YYQ,recording,knock_twice_right,19,0.430078,4.851742,8.507879,-0.006844,-0.005003,-0.007744
200473390.000,YYQ,recording,knock_twice_right,19,0.431216,4.860498,8.570085,-0.002345,-0.008981,-0.006534
200473400.000,YYQ,recording,knock_twice_right,19,0.427031,4.868709,8.509732,0.003896,-0.005647,-0.005136
200473410.000,YYQ,recording,knock_twice_right,19,0.407468,4.859858,8.441145,0.004602,-0.001341,-0.002531
200473420.000,YYQ,recording,knock_twice_right,19,0.414794,4.883346,8.420988,-0.000124,0.001839,-0.000100
200473430.000,YYQ,recording,knock_twice_right,19,0.430798,4.846520,8.475709,-0.005509,0.006301,0.001070
200473440.000,YYQ,recording,knock_twice_right,19,0.425968,4.840521,8.475768,-0.010041,0.008873,0.001280
200473450.000,YYQ,recording,knock_twice_right,19,0.415475,4.847955,8.506414,-0.013010,0.008864,0.001036
200473460.000,YYQ,recording,knock_twice_right,19,0.390191,4.828247,8.467974,-0.014335,0.008152,0.001446
200473470.000,YYQ,recording,knock_twice_right,19,0.374852,4.831102,8.433138,-0.015149,0.007233,0.002512
200473480.000,YYQ,recording,knock_twice_right,19,0.415644,4.822986,8.433626,-0.016082,0.008940,0.004176
200473490.000,YYQ,recording,knock_twice_right,19,0.410706,4.817637,8.449521,-0.015446,0.014893,0.006373
200473500.000,YYQ,recording,knock_twice_right,19,0.366165,4.834200,8.428007,-0.013111,0.020808,0.007768
200473510.000,YYQ,recording,knock_twice_right,19,0.358472,4.801082,8.416884,-0.011313,0.023654,0.008107
200473520.000,YYQ,recording,knock_twice_right,19,0.345970,4.801994,8.398117,-0.012408,0.022641,0.008464
200473530.000,YYQ,recording,knock_twice_right,19,0.323488,4.795094,8.406497,-0.015057,0.020516,0.008939
200473540.000,YYQ,recording,knock_twice_right,19,0.316752,4.776511,8.392594,-0.019164,0.018073,0.009442
200473550.000,YYQ,recording,knock_twice_right,19,0.314574,4.828143,8.384729,-0.026441,0.012509,0.008865
200473560.000,YYQ,recording,knock_twice_right,19,0.287371,4.853331,8.439930,-0.032956,0.007913,0.008506
200473570.000,YYQ,recording,knock_twice_right,19,0.302739,4.839633,8.510021,-0.036037,0.006876,0.008901
200473580.000,YYQ,recording,knock_twice_right,19,0.330263,4.810921,8.581212,-0.034569,0.006626,0.009423
200473590.000,YYQ,recording,knock_twice_right,19,0.355657,4.836358,8.634334,-0.027279,0.006251,0.010774
200473600.000,YYQ,recording,knock_twice_right,19,0.356154,4.862703,8.586152,-0.017868,0.005503,0.012303
200473610.000,YYQ,recording,knock_twice_right,19,0.367727,4.844363,8.520684,-0.012888,0.004023,0.013613
200473620.000,YYQ,recording,knock_twice_right,19,0.409054,4.830991,8.482028,-0.014638,0.002435,0.014225
200473630.000,YYQ,recording,knock_twice_right,19,0.434789,4.819598,8.503880,-0.019767,0.001389,0.014746
200473640.000,YYQ,recording,knock_twice_right,19,0.401930,4.816890,8.572980,-0.022181,0.000113,0.015284
200473650.000,YYQ,recording,knock_twice_right,19,0.428707,4.784929,8.686233,-0.016860,0.001074,0.015810
200473660.000,YYQ,recording,knock_twice_right,19,0.470091,4.793444,8.713443,-0.004996,0.005005,0.015792
200473670.000,YYQ,recording,knock_twice_right,19,0.473923,4.789285,8.688749,0.008841,0.006039,0.014935
200473680.000,YYQ,recording,knock_twice_right,19,0.470102,4.819785,8.566279,0.019229,0.004378,0.013355
200473690.000,YYQ,recording,knock_twice_right,19,0.466401,4.833449,8.450277,0.020487,0.003665,0.010099
200473700.000,YYQ,recording,knock_twice_right,19,0.442996,4.843217,8.349131,0.011983,0.006139,0.007013
200473710.000,YYQ,recording,knock_twice_right,19,0.392034,4.851790,8.342074,-0.002331,0.009495,0.006086
200473720.000,YYQ,recording,knock_twice_right,19,0.398809,4.838832,8.378789,-0.016756,0.011155,0.005793
200473730.000,YYQ,recording,knock_twice_right,19,0.397089,4.834149,8.498065,-0.025665,0.009659,0.005143
200473740.000,YYQ,recording,knock_twice_right,19,0.393757,4.824968,8.579052,-0.025509,0.004077,0.006143
200473750.000,YYQ,recording,knock_twice_right,19,0.415766,4.825860,8.641101,-0.017721,-0.004644,0.008124
200473760.000,YYQ,recording,knock_twice_right,19,0.449747,4.828832,8.608971,-0.008789,-0.013998,0.008337
200473770.000,YYQ,recording,knock_twice_right,19,0.460315,4.834370,8.609578,-0.000889,-0.019685,0.006925
200473780.000,YYQ,recording,knock_twice_right,19,0.474579,4.834552,8.657310,0.008604,-0.020536,0.005046
200473790.000,YYQ,recording,knock_twice_right,19,0.512858,4.806529,8.670484,0.018830,-0.017896,0.001937
200473800.000,YYQ,recording,knock_twice_right,19,0.483412,4.823679,8.636180,0.026854,-0.014761,-0.001843
200473810.000,YYQ,recording,knock_twice_right,19,0.452215,4.846651,8.618322,0.032770,-0.012402,-0.004270
200473820.000,YYQ,recording,knock_twice_right,19,0.432986,4.848176,8.554150,0.036074,-0.009145,-0.004543
200473830.000,YYQ,recording,knock_twice_right,19,0.418064,4.826514,8.496839,0.035604,-0.004189,-0.003153
200473840.000,YYQ,recording,knock_twice_right,19,0.438312,4.813334,8.453059,0.031025,0.001314,-0.001276
200473850.000,YYQ,recording,knock_twice_right,19,0.446434,4.849167,8.447176,0.024687,0.004320,-0.000350
200473860.000,YYQ,recording,knock_twice_right,19,0.464744,4.874652,8.479364,0.020146,0.002585,-0.001057
200473870.000,YYQ,recording,knock_twice_right,19,0.433126,4.874360,8.487355,0.016991,-0.002671,-0.001789
200473880.000,YYQ,recording,knock_twice_right,19,0.405271,4.883184,8.451249,0.013359,-0.008995,-0.002683
200473890.000,YYQ,recording,knock_twice_right,19,0.407936,4.854130,8.480503,0.011265,-0.013777,-0.003668
200473900.000,YYQ,recording,knock_twice_right,19,0.430380,4.873074,8.524454,0.012804,-0.016521,-0.003895
200473910.000,YYQ,recording,knock_twice_right,19,0.456245,4.868650,8.528899,0.014926,-0.018546,-0.003398
200473920.000,YYQ,recording,knock_twice_right,19,0.461908,4.844347,8.477042,0.015415,-0.016496,-0.002277
200473930.000,YYQ,recording,knock_twice_right,19,0.476623,4.833399,8.463931,0.015792,-0.011656,-0.001164
200473940.000,YYQ,recording,knock_twice_right,19,0.476773,4.838310,8.503225,0.015998,-0.008294,-0.001163
200473950.000,YYQ,recording,knock_twice_right,19,0.462731,4.840178,8.509363,0.016624,-0.005448,-0.002331
200473960.000,YYQ,recording,knock_twice_right,19,0.430987,4.810539,8.561624,0.019957,-0.005423,-0.003522
200473970.000,YYQ,recording,knock_twice_right,19,0.415536,4.819429,8.551176,0.024793,-0.006715,-0.003833
200473980.000,YYQ,recording,knock_twice_right,19,0.432718,4.773797,8.488485,0.027228,-0.005512,-0.003917
200473990.000,YYQ,recording,knock_twice_right,19,0.420639,4.787457,8.405766,0.023864,-0.002549,-0.004755
200474000.000,YYQ,recording,knock_twice_right,19,0.407244,4.804839,8.429062,0.016358,-0.000185,-0.004962
200474010.000,YYQ,recording,knock_twice_right,19,0.399095,4.800282,8.424711,0.009444,0.001176,-0.004191
200474020.000,YYQ,recording,knock_twice_right,19,0.400452,4.805913,8.432115,0.004513,0.001509,-0.003465
200474030.000,YYQ,recording,knock_twice_right,19,0.381928,4.824413,8.448806,0.001165,-0.000300,-0.001502
200474040.000,YYQ,recording,knock_twice_right,19,0.416861,4.817227,8.470273,-0.000095,-0.005154,0.000903
200474050.000,YYQ,recording,knock_twice_right,19,0.412187,4.826003,8.479506,0.001053,-0.011542,0.001841
200474060.000,YYQ,recording,knock_twice_right,19,0.426561,4.831506,8.486640,0.002325,-0.016117,0.002178
200474070.000,YYQ,recording,knock_twice_right,19,0.441255,4.840087,8.455226,0.001849,-0.017922,0.001765
200474080.000,YYQ,recording,knock_twice_right,19,0.471666,4.862549,8.453741,0.000932,-0.016431,-0.000098
200474090.000,YYQ,recording,knock_twice_right,19,0.467907,4.843987,8.482990,0.000743,-0.011676,-0.002491
200474100.000,YYQ,recording,knock_twice_right,19,0.464617,4.871311,8.505183,0.001260,-0.005045,-0.005040
200474110.000,YYQ,recording,knock_twice_right,19,0.446016,4.865516,8.520308,0.001555,0.001016,-0.006025
200474120.000,YYQ,recording,knock_twice_right,19,0.431434,4.843569,8.508069,0.002762,0.006093,-0.004470
200474130.000,YYQ,recording,knock_twice_right,19,0.413346,4.853445,8.548442,0.004786,0.009331,-0.002731
200474140.000,YYQ,recording,knock_twice_right,19,0.433033,4.863270,8.495047,0.005019,0.008324,-0.000795
200474150.000,YYQ,recording,knock_twice_right,19,0.461996,4.866573,8.491359,0.003624,0.005344,0.001509
200474160.000,YYQ,recording,knock_twice_right,19,0.451026,4.856951,8.492763,0.001748,0.001608,0.003488
200474170.000,YYQ,recording,knock_twice_right,19,0.462899,4.857354,8.560318,0.001348,-0.002696,0.004430
200474180.000,YYQ,recording,knock_twice_right,19,0.493281,4.839902,8.603244,0.003178,-0.007288,0.004809
200474190.000,YYQ,recording,knock_twice_right,19,0.499068,4.833260,8.642134,0.009133,-0.010904,0.004145
200474200.000,YYQ,recording,knock_twice_right,19,0.486543,4.838816,8.629635,0.019143,-0.010973,0.003204
200474210.000,YYQ,recording,knock_twice_right,19,0.446577,4.845077,8.604303,0.028663,-0.009373,0.003267
200474220.000,YYQ,recording,knock_twice_right,19,0.439176,4.849131,8.492629,0.034315,-0.008225,0.003660
200474230.000,YYQ,recording,knock_twice_right,19,0.467970,4.860246,8.418675,0.034891,-0.006636,0.003597
200474240.000,YYQ,recording,knock_twice_right,19,0.465878,4.852196,8.368197,0.029919,-0.004990,0.003247
200474250.000,YYQ,recording,knock_twice_right,19,0.463195,4.853785,8.324739,0.020309,-0.004193,0.004157
200474260.000,YYQ,recording,knock_twice_right,19,0.468393,4.867250,8.332046,0.010683,-0.003605,0.004702
200474270.000,YYQ,recording,knock_twice_right,19,0.451808,4.845030,8.372242,0.004119,-0.003857,0.004102
200474280.000,YYQ,recording,knock_twice_right,19,0.434604,4.817395,8.445671,0.001415,-0.003774,0.003455
200474290.000,YYQ,recording,knock_twice_right,19,0.452092,4.814096,8.471606,-0.000178,-0.002338,0.003143
200474300.000,YYQ,recording,knock_twice_right,19,0.455457,4.837380,8.458999,-0.002552,0.000086,0.002474
200474310.000,YYQ,recording,knock_twice_right,19,0.447691,4.837333,8.450192,-0.005140,0.001881,0.001576
200474320.000,YYQ,recording,knock_twice_right,19,0.411450,4.833318,8.442834,-0.006943,0.001600,0.001659
200474330.000,YYQ,recording,knock_twice_right,19,0.398013,4.849516,8.456020,-0.007234,-0.000303,0.001783
200474340.000,YYQ,recording,knock_twice_right,19,0.408436,4.836242,8.434670,-0.007800,-0.002430,0.002114
200474350.000,YYQ,recording,knock_twice_right,19,0.457492,4.841092,8.437534,-0.009214,-0.003460,0.002556
200474360.000,YYQ,recording,knock_twice_right,19,0.467082,4.871464,8.423263,-0.011321,-0.002253,0.002513
200474370.000,YYQ,recording,knock_twice_right,19,0.455644,4.862129,8.448288,-0.013204,0.002293,0.003534
200474380.000,YYQ,recording,knock_twice_right,19,0.449567,4.895381,8.426584,-0.015745,0.006657,0.006304
200474390.000,YYQ,recording,knock_twice_right,19,0.451104,4.880705,8.459796,-0.019752,0.009290,0.007788
200474400.000,YYQ,recording,knock_twice_right,19,0.481551,4.891038,8.515341,-0.021823,0.010987,0.006754
200474410.000,YYQ,recording,knock_twice_right,19,0.505385,4.904747,8.571102,-0.019397,0.011220,0.005253
200474420.000,YYQ,recording,knock_twice_right,19,0.502558,4.886872,8.611491,-0.012996,0.009597,0.003960
200474430.000,YYQ,recording,knock_twice_right,19,0.465958,4.863494,8.636095,-0.005525,0.006508,0.004450
200474440.000,YYQ,recording,knock_twice_right,19,0.416171,4.862937,8.628085,0.001430,0.003798,0.006452
200474450.000,YYQ,recording,knock_twice_right,19,0.417027,4.841027,8.621444,0.008320,0.001978,0.007793
200474460.000,YYQ,recording,knock_twice_right,19,0.409720,4.873810,8.570085,0.015229,0.001971,0.009479
200474470.000,YYQ,recording,knock_twice_right,19,0.413662,4.882692,8.504177,0.019416,0.003196,0.012235
200474480.000,YYQ,recording,knock_twice_right,19,0.421279,4.877200,8.433426,0.017448,0.003311,0.013118
200474490.000,YYQ,recording,knock_twice_right,19,0.444400,4.871850,8.395420,0.012491,0.002742,0.011765
200474500.000,YYQ,recording,knock_twice_right,19,0.475240,4.876959,8.409446,0.009099,0.001870,0.010679
200474510.000,YYQ,recording,knock_twice_right,19,0.473790,4.865118,8.382747,0.005408,0.001429,0.009654
200474520.000,YYQ,recording,knock_twice_right,19,0.459871,4.873055,8.414891,0.000040,0.001800,0.009136
200474530.000,YYQ,recording,knock_twice_right,19,0.451069,4.838477,8.448542,-0.004075,0.003659,0.008654
200474540.000,YYQ,recording,knock_twice_right,19,0.467014,4.844534,8.467464,-0.006248,0.004953,0.007609
200474550.000,YYQ,recording,knock_twice_right,20,0.494385,4.860286,8.521180,-0.007172,0.004978,0.007317
200474560.000,YYQ,recording,knock_twice_right,20,0.490051,4.849758,8.490354,-0.007820,0.006808,0.007521
200474570.000,YYQ,recording,knock_twice_right,20,0.481508,4.839247,8.515776,-0.008945,0.009497,0.006820
200474580.000,YYQ,recording,knock_twice_right,20,0.460850,4.847948,8.506785,-0.010074,0.012483,0.005046
200474590.000,YYQ,recording,knock_twice_right,20,0.444547,4.839034,8.498179,-0.010348,0.013952,0.003563
200474600.000,YYQ,recording,knock_twice_right,20,0.431685,4.851774,8.491578,-0.009871,0.010191,0.003158
200474610.000,YYQ,recording,knock_twice_right,20,0.401626,4.838352,8.503431,-0.008512,0.003619,0.003847
200474620.000,YYQ,recording,knock_twice_right,20,0.457980,4.835305,8.513421,-0.005869,-0.001093,0.004248
200474630.000,YYQ,recording,knock_twice_right,20,0.472917,4.840286,8.537284,-0.000949,-0.004056,0.003601
200474640.000,YYQ,recording,knock_twice_right,20,0.503847,4.875950,8.524085,0.004590,-0.005938,0.002934
200474650.000,YYQ,recording,knock_twice_right,20,0.476100,4.889972,8.463629,0.007330,-0.005426,0.002348
200474660.000,YYQ,recording,knock_twice_right,20,0.454438,4.915287,8.425613,0.006817,-0.001196,0.002615
200474670.000,YYQ,recording,knock_twice_right,20,0.423234,4.907498,8.386540,0.001717,0.005209,0.003890
200474680.000,YYQ,recording,knock_twice_right,20,0.396106,4.905962,8.408591,-0.006526,0.009016,0.005951
200474690.000,YYQ,recording,knock_twice_right,20,0.446631,4.888082,8.504634,-0.011839,0.008740,0.008100
200474700.000,YYQ,recording,knock_twice_right,20,0.468128,4.860226,8.624072,-0.009019,0.005611,0.008320
200474710.000,YYQ,recording,knock_twice_right,20,0.445510,4.855374,8.634591,0.000025,-0.001537,0.007465
200474720.000,YYQ,recording,knock_twice_right,20,0.410887,4.848919,8.639190,0.011103,-0.013213,0.006713
200474730.000,YYQ,recording,knock_twice_right,20,0.467209,4.861654,8.612946,0.022333,-0.023305,0.005275
200474740.000,YYQ,recording,knock_twice_right,20,0.455839,4.856830,8.498789,0.029717,-0.026435,0.003707
200474750.000,YYQ,recording,knock_twice_right,20,0.458891,4.861551,8.420105,0.031386,-0.022536,0.003747
200474760.000,YYQ,recording,knock_twice_right,20,0.460411,4.877428,8.347005,0.026912,-0.013635,0.003893
200474770.000,YYQ,recording,knock_twice_right,20,0.480775,4.894930,8.322264,0.016953,-0.004344,0.003142
200474780.000,YYQ,recording,knock_twice_right,20,0.468588,4.885036,8.384049,0.004658,0.001791,0.002703
200474790.000,YYQ,recording,knock_twice_right,20,0.416208,4.899761,8.457383,-0.004188,0.002370,0.003887
200474800.000,YYQ,recording,knock_twice_right,20,0.432165,4.871186,8.526502,-0.007145,-0.000446,0.005951
200474810.000,YYQ,recording,knock_twice_right,20,0.446926,4.886231,8.533903,-0.006532,-0.005842,0.007543
200474820.000,YYQ,recording,knock_twice_right,20,0.477281,4.873918,8.556779,-0.003302,-0.014084,0.008833
200474830.000,YYQ,recording,knock_twice_right,20,0.529436,4.893737,8.566282,0.001977,-0.018312,0.008359
200474840.000,YYQ,recording,knock_twice_right,20,0.548458,4.857187,8.543307,0.007948,-0.016765,0.005802
200474850.000,YYQ,recording,knock_twice_right,20,0.553784,4.877015,8.508494,0.012542,-0.012347,0.002234
200474860.000,YYQ,recording,knock_twice_right,20,0.525601,4.892948,8.501873,0.017116,-0.005402,-0.001719
200474870.000,YYQ,recording,knock_twice_right,20,0.502561,4.881753,8.479434,0.021829,0.000599,-0.005581
200474880.000,YYQ,recording,knock_twice_right,20,0.500564,4.869733,8.464675,0.025220,0.003985,-0.009375
200474890.000,YYQ,recording,knock_twice_right,20,0.467800,4.890833,8.453968,0.026499,0.004082,-0.012034
200474900.000,YYQ,recording,knock_twice_right,20,0.452224,4.887255,8.460033,0.026709,0.000118,-0.013789
200474910.000,YYQ,recording,knock_twice_right,20,0.425200,4.910504,8.450642,0.027293,-0.006196,-0.014587
200474920.000,YYQ,recording,knock_twice_right,20,0.429122,4.886228,8.444624,0.027896,-0.013772,-0.014648
200474930.000,YYQ,recording,knock_twice_right,20,0.483080,4.883405,8.451030,0.027631,-0.017289,-0.015170
200474940.000,YYQ,recording,knock_twice_right,20,0.471192,4.889457,8.413406,0.024716,-0.013495,-0.015194
200474950.000,YYQ,recording,knock_twice_right,20,0.446479,4.891176,8.403526,0.019021,-0.005949,-0.014341
200474960.000,YYQ,recording,knock_twice_right,20,0.451320,4.850177,8.418493,0.013324,0.000100,-0.013063
200474970.000,YYQ,recording,knock_twice_right,20,0.458080,4.881512,8.495163,0.011661,0.002094,-0.013212
200474980.000,YYQ,recording,knock_twice_right,20,0.468689,4.887715,8.550511,0.015237,0.000871,-0.014770
200474990.000,YYQ,recording,knock_twice_right,20,0.478822,4.896441,8.601782,0.022243,-0.002907,-0.016711
200475000.000,YYQ,recording,knock_twice_right,20,0.480520,4.870810,8.610164,0.032147,-0.008727,-0.020399
200475010.000,YYQ,recording,knock_twice_right,20,0.490964,4.882998,8.556102,0.041797,-0.013072,-0.024240
200475020.000,YYQ,recording,knock_twice_right,20,0.495072,4.890962,8.503938,0.047008,-0.012607,-0.026106
200475030.000,YYQ,recording,knock_twice_right,20,0.483866,4.913320,8.442214,0.048398,-0.007673,-0.027960
200475040.000,YYQ,recording,knock_twice_right,20,0.478524,4.926289,8.377502,0.045841,0.001548,-0.029968
200475050.000,YYQ,recording,knock_twice_right,20,0.428486,4.943378,8.337094,0.039693,0.013148,-0.029599
200475060.000,YYQ,recording,knock_twice_right,20,0.453009,4.953913,8.323803,0.032369,0.023860,-0.026516
200475070.000,YYQ,recording,knock_twice_right,20,0.468341,4.946690,8.411288,0.027643,0.031178,-0.024550
200475080.000,YYQ,recording,knock_twice_right,20,0.485043,4.935114,8.397553,0.027188,0.033695,-0.024523
200475090.000,YYQ,recording,knock_twice_right,20,0.479373,4.941756,8.419786,0.028896,0.032140,-0.024647
200475100.000,YYQ,recording,knock_twice_right,20,0.471357,4.933276,8.406585,0.032024,0.027291,-0.024421
200475110.000,YYQ,recording,knock_twice_right,20,0.449387,4.942158,8.396440,0.033926,0.020362,-0.023193
200475120.000,YYQ,recording,knock_twice_right,20,0.424232,4.939974,8.337579,0.030920,0.013307,-0.020625
200475130.000,YYQ,recording,knock_twice_right,20,0.421618,4.926065,8.336400,0.023104,0.008517,-0.018184
200475140.000,YYQ,recording,knock_twice_right,20,0.463577,4.915092,8.324335,0.013524,0.007711,-0.017012
200475150.000,YYQ,recording,knock_twice_right,20,0.444679,4.903533,8.385024,0.007667,0.008131,-0.016260
200475160.000,YYQ,recording,knock_twice_right,20,0.428460,4.918606,8.452996,0.007564,0.007029,-0.014822
200475170.000,YYQ,recording,knock_twice_right,20,0.431892,4.920853,8.465433,0.011440,0.006375,-0.012983
200475180.000,YYQ,recording,knock_twice_right,20,0.379343,4.915787,8.436292,0.016318,0.003922,-0.010691
200475190.000,YYQ,recording,knock_twice_right,20,0.382614,4.905705,8.398118,0.019273,-0.001756,-0.007101
200475200.000,YYQ,recording,knock_twice_right,20,0.414922,4.934019,8.417212,0.021110,-0.005867,-0.004698
200475210.000,YYQ,recording,knock_twice_right,20,0.442188,4.947950,8.384359,0.022218,-0.007442,-0.004443
200475220.000,YYQ,recording,knock_twice_right,20,0.444574,4.947660,8.365812,0.020807,-0.006676,-0.005023
200475230.000,YYQ,recording,knock_twice_right,20,0.485590,4.950777,8.345374,0.017203,-0.003412,-0.006980
200475240.000,YYQ,recording,knock_twice_right,20,0.523789,4.989288,8.392659,0.015027,0.001044,-0.010755
200475250.000,YYQ,recording,knock_twice_right,20,0.496759,5.005024,8.433035,0.016015,0.005213,-0.015720
200475260.000,YYQ,recording,knock_twice_right,20,0.449697,4.950847,8.432096,0.017539,0.008020,-0.019856
200475270.000,YYQ,recording,knock_twice_right,20,0.407411,4.970755,8.441955,0.018548,0.008212,-0.022345
200475280.000,YYQ,recording,knock_twice_right,20,0.428121,4.975722,8.499428,0.020918,0.007027,-0.025349
200475290.000,YYQ,recording,knock_twice_right,20,0.419204,4.974726,8.484052,0.025445,0.009356,-0.027961
200475300.000,YYQ,recording,knock_twice_right,20,0.392887,5.003721,8.441356,0.030536,0.014061,-0.029468
200475310.000,YYQ,recording,knock_twice_right,20,0.419616,5.002027,8.421051,0.032777,0.017578,-0.030948
200475320.000,YYQ,recording,knock_twice_right,20,0.429549,5.001907,8.400097,0.033910,0.022184,-0.033307
200475330.000,YYQ,recording,knock_twice_right,20,0.377389,4.965988,8.354698,0.034142,0.027257,-0.035893
200475340.000,YYQ,recording,knock_twice_right,20,0.328604,4.953708,8.215046,0.028210,0.029481,-0.035257
200475350.000,YYQ,recording,knock_twice_right,20,0.278573,4.992866,8.096572,0.012043,0.026261,-0.031426
200475360.000,YYQ,recording,knock_twice_right,20,0.272256,5.016304,8.077817,-0.012090,0.018574,-0.026625
200475370.000,YYQ,recording,knock_twice_right,20,0.329587,4.995086,8.182411,-0.033644,0.014546,-0.023153
200475380.000,YYQ,recording,knock_twice_right,20,0.386624,4.993433,8.299727,-0.045245,0.022424,-0.022376
200475390.000,YYQ,recording,knock_twice_right,20,0.353231,4.989361,8.414307,-0.044754,0.038867,-0.023557
200475400.000,YYQ,recording,knock_twice_right,20,0.326482,4.928933,8.506802,-0.034699,0.047689,-0.027788
200475410.000,YYQ,recording,knock_twice_right,20,0.484732,4.908995,8.675703,-0.017730,0.045882,-0.039601
200475420.000,YYQ,recording,knock_twice_right,20,0.557763,4.929035,8.941459,0.015751,0.039651,-0.060363
200475430.000,YYQ,recording,knock_twice_right,20,0.485402,4.821020,9.065285,0.070900,0.038548,-0.081183
200475440.000,YYQ,recording,knock_twice_right,20,0.027570,4.702950,8.889856,0.131471,0.051796,-0.095626
200475450.000,YYQ,recording,knock_twice_right,20,-1.860151,4.608061,7.717645,0.126938,0.160309,-0.050466
200475460.000,YYQ,recording,knock_twice_right,20,-3.596675,4.536135,5.725308,0.011847,0.262231,0.064341
200475470.000,YYQ,recording,knock_twice_right,20,0.028563,5.027891,7.456670,-0.146125,0.226256,0.200839
200475480.000,YYQ,recording,knock_twice_right,20,-0.255521,6.175099,8.217851,-0.232749,0.111887,0.304942
200475490.000,YYQ,recording,knock_twice_right,20,1.742338,5.360220,9.391002,-0.220453,-0.027362,0.337878
200475500.000,YYQ,recording,knock_twice_right,20,1.369370,4.925822,9.175653,-0.166295,-0.132829,0.335789
200475510.000,YYQ,recording,knock_twice_right,20,1.366476,4.764285,9.443587,-0.087015,-0.184261,0.317351
200475520.000,YYQ,recording,knock_twice_right,20,1.606553,4.675428,9.644057,0.015379,-0.168886,0.267338
200475530.000,YYQ,recording,knock_twice_right,20,1.530741,4.718427,9.217325,0.106983,-0.110486,0.185072
200475540.000,YYQ,recording,knock_twice_right,20,1.609400,4.776237,9.327107,0.181412,-0.055913,0.086106
200475550.000,YYQ,recording,knock_twice_right,20,1.792739,4.906816,9.707884,0.265608,0.001864,-0.030437
200475560.000,YYQ,recording,knock_twice_right,20,2.128970,4.960449,9.677768,0.357521,0.086819,-0.166465
200475570.000,YYQ,recording,knock_twice_right,20,1.690628,5.156084,9.162423,0.426284,0.182924,-0.289784
200475580.000,YYQ,recording,knock_twice_right,20,0.665398,5.575028,8.223535,0.433514,0.244859,-0.340129
200475590.000,YYQ,recording,knock_twice_right,20,-0.267948,5.920562,7.464121,0.360405,0.205127,-0.327909
200475600.000,YYQ,recording,knock_twice_right,20,-0.187162,4.949094,7.527107,0.248899,0.134665,-0.323131
200475610.000,YYQ,recording,knock_twice_right,20,-0.630723,4.546717,7.366519,0.154479,0.151308,-0.310563
200475620.000,YYQ,recording,knock_twice_right,20,-1.034563,5.166390,7.140795,0.064548,0.180850,-0.249737
200475630.000,YYQ,recording,knock_twice_right,20,-0.729000,5.748763,7.052791,-0.047359,0.152428,-0.159755
200475640.000,YYQ,recording,knock_twice_right,20,-0.457526,5.593110,7.243015,-0.155491,0.099747,-0.069985
200475650.000,YYQ,recording,knock_twice_right,20,-0.148844,5.207791,7.802439,-0.218645,0.049963,-0.000848
200475660.000,YYQ,recording,knock_twice_right,20,0.159889,4.859357,8.218401,-0.222666,0.014616,0.039546
200475670.000,YYQ,recording,knock_twice_right,20,0.409715,4.704926,8.603594,-0.183827,-0.005933,0.054024
200475680.000,YYQ,recording,knock_twice_right,20,0.469234,4.795393,8.871974,-0.121595,-0.032145,0.047152
200475690.000,YYQ,recording,knock_twice_right,20,0.524716,4.919639,9.372538,-0.038074,-0.066505,0.031515
200475700.000,YYQ,recording,knock_twice_right,20,0.376445,4.919721,9.638279,0.068953,-0.080581,0.015777
200475710.000,YYQ,recording,knock_twice_right,20,0.182156,4.616382,9.138885,0.175406,-0.047396,-0.001618
200475720.000,YYQ,recording,knock_twice_right,20,-1.517687,4.312507,6.810945,0.161767,0.190821,0.036534
200475730.000,YYQ,recording,knock_twice_right,20,-4.211219,4.523836,3.373862,-0.073314,0.380618,0.152097
200475740.000,YYQ,recording,knock_twice_right,20,-0.189397,5.512315,6.266160,-0.407600,0.273869,0.303725
200475750.000,YYQ,recording,knock_twice_right,20,-0.084340,6.508751,7.678605,-0.603919,0.110820,0.412460
200475760.000,YYQ,recording,knock_twice_right,20,2.225420,5.142336,10.045495,-0.592417,-0.021126,0.428702
200475770.000,YYQ,recording,knock_twice_right,20,1.625519,4.690539,10.175371,-0.451592,-0.117070,0.400080
200475780.000,YYQ,recording,knock_twice_right,20,1.568947,4.666454,10.924418,-0.231797,-0.156385,0.333829
200475790.000,YYQ,recording,knock_twice_right,20,1.771082,4.322392,10.885588,0.014703,-0.136438,0.215894
200475800.000,YYQ,recording,knock_twice_right,20,1.184417,4.292814,10.054159,0.212181,-0.090105,0.067152
200475810.000,YYQ,recording,knock_twice_right,20,1.019285,4.339285,9.486536,0.328909,-0.035488,-0.062291
200475820.000,YYQ,recording,knock_twice_right,20,0.187359,5.327019,8.754718,0.360037,0.022616,-0.126943
200475830.000,YYQ,recording,knock_twice_right,20,0.458922,5.575813,7.913050,0.302257,0.053682,-0.156488
200475840.000,YYQ,recording,knock_twice_right,20,0.093207,5.127495,7.693194,0.192051,0.051737,-0.200262
200475850.000,YYQ,recording,knock_twice_right,20,-0.191025,4.552885,7.663087,0.088809,0.080131,-0.243211
200475860.000,YYQ,recording,knock_twice_right,20,-0.500183,4.854830,7.483360,0.008934,0.131301,-0.243758
200475870.000,YYQ,recording,knock_twice_right,20,-0.505211,5.522053,7.539749,-0.065202,0.126887,-0.195031
200475880.000,YYQ,recording,knock_twice_right,20,-0.239360,5.588059,7.818197,-0.125200,0.074167,-0.127893
200475890.000,YYQ,recording,knock_twice_right,20,-0.095348,5.208148,8.094173,-0.149092,0.023326,-0.063144
200475900.000,YYQ,recording,knock_twice_right,20,-0.163594,4.871382,8.149637,-0.143957,-0.011217,-0.004356
200475910.000,YYQ,recording,knock_twice_right,20,-0.167855,4.820865,8.127932,-0.137705,-0.041634,0.049539
200475920.000,YYQ,recording,knock_twice_right,20,-0.077617,4.908238,8.073144,-0.148193,-0.067245,0.095714
200475930.000,YYQ,recording,knock_twice_right,20,0.074376,4.831355,8.152591,-0.168750,-0.079956,0.127786
200475940.000,YYQ,recording,knock_twice_right,20,0.324533,4.764151,8.334087,-0.185634,-0.084116,0.141907
200475950.000,YYQ,recording,knock_twice_right,20,0.506368,4.730583,8.586037,-0.189972,-0.082647,0.139678
200475960.000,YYQ,recording,knock_twice_right,20,0.579678,4.721819,8.763045,-0.179187,-0.073674,0.124708
200475970.000,YYQ,recording,knock_twice_right,20,0.612380,4.717329,8.875762,-0.156549,-0.056516,0.101614
200475980.000,YYQ,recording,knock_twice_right,20,0.554751,4.695011,8.882762,-0.126234,-0.036961,0.076757
200475990.000,YYQ,recording,knock_twice_right,20,0.463009,4.703067,8.844740,-0.096234,-0.021042,0.052293
200476000.000,YYQ,recording,knock_twice_right,20,0.438630,4.759368,8.717792,-0.074057,-0.008129,0.027864
200476010.000,YYQ,recording,knock_twice_right,20,0.311541,4.862510,8.594163,-0.062173,0.000986,0.005583
200476020.000,YYQ,recording,knock_twice_right,20,0.229346,4.910872,8.597919,-0.055454,0.003805,-0.010847
200476030.000,YYQ,recording,knock_twice_right,20,0.157335,4.962094,8.630343,-0.048635,0.000394,-0.019533
200476040.000,YYQ,recording,knock_twice_right,20,0.086606,4.965788,8.620269,-0.039539,-0.009314,-0.021059
200476050.000,YYQ,recording,knock_twice_right,20,-0.019559,4.998169,8.691169,-0.026755,-0.025641,-0.015897
200476060.000,YYQ,recording,knock_twice_right,20,0.075131,4.925266,8.662267,-0.013182,-0.044676,-0.007476
200476070.000,YYQ,recording,knock_twice_right,20,0.188638,4.868469,8.651706,-0.002173,-0.059300,0.000884
200476080.000,YYQ,recording,knock_twice_right,20,0.245222,4.812180,8.545873,0.003544,-0.066071,0.008211
200476090.000,YYQ,recording,knock_twice_right,20,0.297386,4.818109,8.483081,0.004329,-0.065296,0.014165
200476100.000,YYQ,recording,knock_twice_right,20,0.325661,4.809348,8.463337,0.002750,-0.058425,0.017787
200476110.000,YYQ,recording,knock_twice_right,20,0.357730,4.792161,8.447549,-0.000319,-0.049767,0.018314
200476120.000,YYQ,recording,knock_twice_right,20,0.321158,4.816820,8.394755,-0.004366,-0.043015,0.016986
200476130.000,YYQ,recording,knock_twice_right,20,0.319312,4.823510,8.367022,-0.008311,-0.038504,0.013235
200476140.000,YYQ,recording,knock_twice_right,20,0.265747,4.911864,8.416231,-0.009948,-0.038904,0.008516
200476150.000,YYQ,recording,knock_twice_right,20,0.265965,4.832694,8.420940,-0.008934,-0.044359,0.005340
200476160.000,YYQ,recording,knock_twice_right,20,0.295793,4.822618,8.398948,-0.007179,-0.048455,0.001733
200476170.000,YYQ,recording,knock_twice_right,20,0.342672,4.815411,8.296134,-0.009277,-0.047845,-0.002782
200476180.000,YYQ,recording,knock_twice_right,20,0.369374,4.865130,8.232008,-0.022055,-0.045302,-0.005603
200476190.000,YYQ,recording,knock_twice_right,20,0.355831,4.827916,8.234312,-0.043226,-0.042592,-0.004657
200476200.000,YYQ,recording,knock_twice_right,20,0.368072,4.817051,8.302730,-0.063897,-0.039104,-0.002027
200476210.000,YYQ,recording,knock_twice_right,20,0.422379,4.773848,8.419133,-0.079607,-0.039510,-0.000120
200476220.000,YYQ,recording,knock_twice_right,20,0.475068,4.787261,8.580618,-0.086902,-0.044922,0.000197
200476230.000,YYQ,recording,knock_twice_right,20,0.550333,4.762689,8.636920,-0.082801,-0.050354,-0.000829
200476240.000,YYQ,recording,knock_twice_right,20,0.507177,4.805096,8.787839,-0.066659,-0.052967,-0.001702
200476250.000,YYQ,recording,knock_twice_right,20,0.485806,4.754208,8.888705,-0.039991,-0.050212,-0.002643
200476260.000,YYQ,recording,knock_twice_right,20,0.502884,4.766107,8.846184,-0.008852,-0.043854,-0.005018
200476270.000,YYQ,recording,knock_twice_right,20,0.515255,4.786958,8.679323,0.013937,-0.038356,-0.009831
200476280.000,YYQ,recording,knock_twice_right,20,0.490071,4.825425,8.454814,0.018398,-0.033595,-0.016428
200476290.000,YYQ,recording,knock_twice_right,20,0.447089,4.812624,8.253557,0.002925,-0.028029,-0.023854
200476300.000,YYQ,recording,knock_twice_right,20,0.339891,4.830120,8.271947,-0.023650,-0.021434,-0.028621
200476310.000,YYQ,recording,knock_twice_right,20,0.369160,4.891099,8.378520,-0.047916,-0.015435,-0.030451
200476320.000,YYQ,recording,knock_twice_right,20,0.349125,4.873343,8.620819,-0.059753,-0.012007,-0.029805
200476330.000,YYQ,recording,knock_twice_right,20,0.353410,4.823217,8.814987,-0.053189,-0.006170,-0.026058
200476340.000,YYQ,recording,knock_twice_right,20,0.342706,4.814637,8.914402,-0.032355,0.001513,-0.022908
200476350.000,YYQ,recording,knock_twice_right,20,0.288796,4.856126,8.954670,-0.005752,0.003203,-0.019833
200476360.000,YYQ,recording,knock_twice_right,20,0.229087,4.857751,8.967304,0.022228,-0.004604,-0.015043
200476370.000,YYQ,recording,knock_twice_right,20,0.218248,4.832299,8.894572,0.047677,-0.017530,-0.010403
200476380.000,YYQ,recording,knock_twice_right,20,0.284477,4.816446,8.745168,0.066980,-0.027125,-0.005982
200476390.000,YYQ,recording,knock_twice_right,20,0.290834,4.845780,8.613198,0.078141,-0.029340,-0.001387
200476400.000,YYQ,recording,knock_twice_right,20,0.311603,4.857259,8.462804,0.078960,-0.024438,0.003585
200476410.000,YYQ,recording,knock_twice_right,20,0.317989,4.840833,8.309517,0.068831,-0.018047,0.009033
200476420.000,YYQ,recording,knock_twice_right,20,0.323524,4.834887,8.290759,0.053622,-0.016780,0.014458
200476430.000,YYQ,recording,knock_twice_right,20,0.374281,4.878190,8.355380,0.043188,-0.019836,0.018995
200476440.000,YYQ,recording,knock_twice_right,20,0.437689,4.861001,8.383239,0.038514,-0.024051,0.020609
200476450.000,YYQ,recording,knock_twice_right,20,0.448107,4.777843,8.371289,0.036609,-0.031869,0.020634
200476460.000,YYQ,recording,knock_twice_right,20,0.489876,4.762562,8.443161,0.035562,-0.043589,0.018655
200476470.000,YYQ,recording,knock_twice_right,20,0.434597,4.802458,8.500995,0.029364,-0.049037,0.013451
200476480.000,YYQ,recording,knock_twice_right,20,0.330152,4.737720,8.506422,0.021306,-0.045166,0.010970
200476490.000,YYQ,recording,knock_twice_right,20,0.416571,4.678204,8.635626,0.022193,-0.035572,0.010804
200476500.000,YYQ,recording,knock_twice_right,20,0.470881,4.755285,8.664587,0.028777,-0.021813,0.009511
200476510.000,YYQ,recording,knock_twice_right,20,0.440822,4.769010,8.591820,0.033960,-0.008299,0.009047
200476520.000,YYQ,recording,knock_twice_right,20,0.474434,4.742057,8.444121,0.034432,0.006397,0.011068
200476530.000,YYQ,recording,knock_twice_right,20,0.492283,4.770612,8.400205,0.029132,0.020219,0.015506
200476540.000,YYQ,recording,knock_twice_right,20,0.476239,4.794348,8.367485,0.020991,0.029607,0.020286
200476550.000,YYQ,recording,knock_twice_right,20,0.448436,4.794499,8.350967,0.012225,0.037684,0.024256
200476560.000,YYQ,recording,knock_twice_right,20,0.360353,4.770417,8.363364,0.002734,0.041295,0.028592
200476570.000,YYQ,recording,knock_twice_right,20,0.293473,4.786715,8.383514,-0.006293,0.039197,0.034558
200476580.000,YYQ,recording,knock_twice_right,20,0.270377,4.779203,8.425728,-0.013649,0.032326,0.040034
200476590.000,YYQ,recording,knock_twice_right,20,0.320324,4.808649,8.459899,-0.018494,0.020215,0.042923
200476600.000,YYQ,recording,knock_twice_right,20,0.318950,4.795014,8.494860,-0.020677,0.005232,0.044697
200476610.000,YYQ,recording,knock_twice_right,20,0.362851,4.830142,8.560207,-0.019933,-0.008768,0.045768
200476620.000,YYQ,recording,knock_twice_right,20,0.421974,4.835526,8.553990,-0.016914,-0.017152,0.046263
200476630.000,YYQ,recording,knock_twice_right,20,0.438013,4.847156,8.576089,-0.013674,-0.021092,0.045915
200476640.000,YYQ,recording,knock_twice_right,20,0.490544,4.823351,8.585896,-0.011544,-0.022473,0.044585
200476650.000,YYQ,recording,knock_twice_right,20,0.554317,4.840577,8.595946,-0.013036,-0.021897,0.043330
200476660.000,YYQ,recording,knock_twice_right,20,0.588759,4.789888,8.550466,-0.015665,-0.018771,0.041371
200476670.000,YYQ,recording,knock_twice_right,20,0.627956,4.783337,8.551461,-0.018087,-0.011623,0.039279
200476680.000,YYQ,recording,knock_twice_right,20,0.622784,4.765961,8.525326,-0.022794,-0.002129,0.037967
200476690.000,YYQ,recording,knock_twice_right,20,0.630714,4.750178,8.436002,-0.033442,0.006997,0.035501
200476700.000,YYQ,recording,knock_twice_right,20,0.543940,4.735338,8.296835,-0.051316,0.014124,0.034456
200476710.000,YYQ,recording,knock_twice_right,20,0.618809,4.754802,8.225248,-0.073075,0.018554,0.034619
200476720.000,YYQ,recording,knock_twice_right,20,0.747756,4.777932,8.240345,-0.093186,0.020797,0.028506
200476730.000,YYQ,recording,knock_twice_right,20,0.769570,4.757530,8.260868,-0.107479,0.020946,0.016854
200476740.000,YYQ,recording,knock_twice_right,20,0.719579,4.758967,8.302761,-0.113753,0.017871,0.002641
200476750.000,YYQ,recording,knock_twice_right,20,0.642335,4.762493,8.361297,-0.113826,0.012612,-0.012315
200476760.000,YYQ,recording,knock_twice_right,20,0.501938,4.724964,8.413390,-0.109646,0.008810,-0.022947
200476770.000,YYQ,recording,knock_twice_right,20,0.434860,4.736991,8.400295,-0.104074,0.007362,-0.026977
200476780.000,YYQ,recording,knock_twice_right,20,0.426379,4.743510,8.444557,-0.102641,0.006546,-0.026303
200476790.000,YYQ,recording,knock_twice_right,20,0.451816,4.746464,8.514504,-0.102824,0.005086,-0.023508
200476800.000,YYQ,recording,knock_twice_right,20,0.495563,4.732984,8.632042,-0.101620,0.001859,-0.020381
200476810.000,YYQ,recording,knock_twice_right,20,0.469303,4.747600,8.709456,-0.099555,-0.003363,-0.015855
200476820.000,YYQ,recording,knock_twice_right,20,0.431868,4.720276,8.808978,-0.095494,-0.005790,-0.008910
200476830.000,YYQ,recording,knock_twice_right,20,0.485447,4.677360,8.852050,-0.088466,-0.001826,-0.005347
200476840.000,YYQ,recording,knock_twice_right,20,0.562524,4.598187,8.876520,-0.079659,0.003815,-0.007709
200476850.000,YYQ,recording,knock_twice_right,20,0.534367,4.605084,8.934908,-0.066812,0.009364,-0.011176
200476860.000,YYQ,recording,knock_twice_right,20,0.558012,4.602474,8.952454,-0.046070,0.013961,-0.015618
200476870.000,YYQ,recording,knock_twice_right,20,0.585947,4.622568,8.917696,-0.020945,0.013685,-0.023851
200476880.000,YYQ,recording,knock_twice_right,20,0.598186,4.609459,8.857845,0.002180,0.007462,-0.034426
200476890.000,YYQ,recording,knock_twice_right,20,0.578260,4.664281,8.744151,0.018733,-0.003036,-0.045432
200476900.000,YYQ,recording,knock_twice_right,20,0.561181,4.707709,8.608820,0.026625,-0.013888,-0.053829
200476910.000,YYQ,recording,knock_twice_right,20,0.515377,4.754197,8.517955,0.026337,-0.022722,-0.058538
200476920.000,YYQ,recording,knock_twice_right,20,0.447202,4.746595,8.458402,0.020470,-0.026874,-0.060033
200476930.000,YYQ,recording,knock_twice_right,20,0.445192,4.748238,8.440797,0.012370,-0.023390,-0.057289
200476940.000,YYQ,recording,knock_twice_right,20,0.421983,4.742003,8.467592,0.005834,-0.013803,-0.053215
200476950.000,YYQ,recording,knock_twice_right,20,0.442781,4.745648,8.476392,0.002235,-0.001672,-0.050065
200476960.000,YYQ,recording,knock_twice_right,20,0.440723,4.739818,8.475164,-0.000927,0.007938,-0.047803
200476970.000,YYQ,recording,knock_twice_right,20,0.435812,4.731995,8.482084,-0.006841,0.010523,-0.046198
200476980.000,YYQ,recording,knock_twice_right,20,0.426260,4.713767,8.502109,-0.012381,0.007723,-0.046546
200476990.000,YYQ,recording,knock_twice_right,20,0.412232,4.733862,8.531287,-0.013953,0.003299,-0.048502
200477000.000,YYQ,recording,knock_twice_right,20,0.406926,4.697784,8.549262,-0.014145,-0.001650,-0.051193
200477010.000,YYQ,recording,knock_twice_right,20,0.330433,4.661962,8.564141,-0.014983,-0.005455,-0.051183
200477020.000,YYQ,recording,knock_twice_right,20,0.279704,4.637398,8.557907,-0.017914,-0.006403,-0.048246
200477030.000,YYQ,recording,knock_twice_right,20,0.366701,4.656988,8.570456,-0.021402,-0.002576,-0.044972
200477040.000,YYQ,recording,knock_twice_right,20,0.419760,4.688538,8.562093,-0.024220,0.001523,-0.041754
200477050.000,YYQ,recording,knock_twice_right,20,0.406651,4.674105,8.612167,-0.024712,-0.000301,-0.040183
200477060.000,YYQ,recording,knock_twice_right,20,0.352248,4.656194,8.692640,-0.017988,-0.005738,-0.038452
200477070.000,YYQ,recording,knock_twice_right,20,0.412634,4.668179,8.747669,-0.006270,-0.012145,-0.037031
200477080.000,YYQ,recording,knock_twice_right,20,0.394801,4.709246,8.743249,0.006280,-0.018035,-0.036904
200477090.000,YYQ,recording,knock_twice_right,20,0.367250,4.725092,8.696428,0.015161,-0.021406,-0.037757
200477100.000,YYQ,recording,knock_twice_right,20,0.368535,4.726967,8.674068,0.018394,-0.022328,-0.039050
200477110.000,YYQ,recording,knock_twice_right,20,0.372983,4.727507,8.652747,0.019856,-0.023434,-0.039717
200477120.000,YYQ,recording,knock_twice_right,20,0.440748,4.703708,8.782124,0.028105,-0.033261,-0.042428
200477130.000,YYQ,recording,knock_twice_right,20,0.485563,4.708787,9.013096,0.054183,-0.041741,-0.046927
200477140.000,YYQ,recording,knock_twice_right,20,0.409982,4.743507,8.923847,0.091373,-0.039958,-0.050859
200477150.000,YYQ,recording,knock_twice_right,20,0.357932,4.713655,8.754123,0.119464,-0.034770,-0.054363
200477160.000,YYQ,recording,knock_twice_right,20,0.274691,4.755787,8.483341,0.126922,-0.024202,-0.054959
200477170.000,YYQ,recording,knock_twice_right,20,0.217993,4.826853,8.282465,0.114661,-0.011844,-0.050673
200477180.000,YYQ,recording,knock_twice_right,20,0.146720,4.846923,8.199237,0.089126,-0.003816,-0.040879
200477190.000,YYQ,recording,knock_twice_right,20,0.125261,4.853736,8.209191,0.060047,-0.001064,-0.027279
200477200.000,YYQ,recording,knock_twice_right,20,0.143337,4.831091,8.272035,0.036153,-0.001704,-0.014956
200477210.000,YYQ,recording,knock_twice_right,20,0.174281,4.787878,8.357961,0.019198,-0.003310,-0.006345
200477220.000,YYQ,recording,knock_twice_right,20,0.181526,4.767194,8.416327,0.009744,-0.004687,0.000304
200477230.000,YYQ,recording,knock_twice_right,20,0.180563,4.754410,8.475374,0.006736,-0.005336,0.007253
200477240.000,YYQ,recording,knock_twice_right,20,0.162176,4.724555,8.498318,0.004860,-0.004507,0.013685
200477250.000,YYQ,recording,knock_twice_right,20,0.192977,4.707146,8.522762,0.002064,-0.002090,0.020050
200477260.000,YYQ,recording,knock_twice_right,20,0.205902,4.699442,8.604630,0.002531,0.000274,0.026150
200477270.000,YYQ,recording,knock_twice_right,20,0.270324,4.656153,8.710181,0.007653,0.002219,0.030204
200477280.000,YYQ,recording,knock_twice_right,20,0.319479,4.646640,8.718192,0.018638,0.005594,0.031756
200477290.000,YYQ,recording,knock_twice_right,20,0.373186,4.664877,8.705955,0.033932,0.011179,0.029348
200477300.000,YYQ,recording,knock_twice_right,20,0.395072,4.704633,8.678487,0.049312,0.018689,0.025716
200477310.000,YYQ,recording,knock_twice_right,20,0.369117,4.698254,8.565345,0.063309,0.027645,0.023893
200477320.000,YYQ,recording,knock_twice_right,20,0.352825,4.730226,8.435592,0.070324,0.035933,0.023142
200477330.000,YYQ,recording,knock_twice_right,20,0.385527,4.762688,8.337748,0.067241,0.043180,0.021475
200477340.000,YYQ,recording,knock_twice_right,20,0.391549,4.776489,8.314962,0.055495,0.047198,0.017866
200477350.000,YYQ,recording,knock_twice_right,20,0.319008,4.805948,8.276693,0.037765,0.044025,0.015961
200477360.000,YYQ,recording,knock_twice_right,20,0.281062,4.855008,8.299096,0.016480,0.036773,0.017640
200477370.000,YYQ,recording,knock_twice_right,20,0.299240,4.841105,8.380294,-0.004753,0.030546,0.020335
200477380.000,YYQ,recording,knock_twice_right,20,0.325823,4.823948,8.498574,-0.019704,0.025990,0.023878
200477390.000,YYQ,recording,knock_twice_right,20,0.364174,4.807400,8.630099,-0.023551,0.019795,0.027303
200477400.000,YYQ,recording,knock_twice_right,20,0.401003,4.799989,8.729335,-0.017281,0.014160,0.030854
200477410.000,YYQ,recording,knock_twice_right,20,0.449501,4.806975,8.727304,-0.006748,0.012847,0.033965
200477420.000,YYQ,recording,knock_twice_right,20,0.509371,4.787103,8.668568,0.004322,0.015242,0.034639
200477430.000,YYQ,recording,knock_twice_right,20,0.498463,4.758341,8.654660,0.014096,0.018287,0.033957
200477440.000,YYQ,recording,knock_twice_right,20,0.494012,4.794802,8.552423,0.018783,0.018981,0.031102
200477450.000,YYQ,recording,knock_twice_right,20,0.484177,4.765273,8.484664,0.016596,0.015592,0.026827
200477460.000,YYQ,recording,knock_twice_right,20,0.462763,4.751149,8.444925,0.009885,0.008737,0.024378
200477470.000,YYQ,recording,knock_twice_right,20,0.429431,4.748936,8.484081,0.003329,0.001635,0.022535
200477480.000,YYQ,recording,knock_twice_right,20,0.456952,4.750449,8.528665,0.001013,-0.004530,0.018645
200477490.000,YYQ,recording,knock_twice_right,20,0.484035,4.781279,8.537375,0.003179,-0.009663,0.014692
200477500.000,YYQ,recording,knock_twice_right,20,0.478382,4.767248,8.481720,0.006722,-0.013180,0.010587
200477510.000,YYQ,recording,knock_twice_right,20,0.483875,4.761653,8.368193,0.006338,-0.013420,0.006676
200477520.000,YYQ,recording,knock_twice_right,20,0.427207,4.769074,8.280938,-0.000683,-0.009503,0.004774
200477530.000,YYQ,recording,knock_twice_right,20,0.417793,4.777160,8.220083,-0.014665,-0.004293,0.004269
200477540.000,YYQ,recording,knock_twice_right,20,0.406459,4.773018,8.248714,-0.033670,-0.002251,0.004931
200477550.000,YYQ,recording,knock_twice_right,20,0.401130,4.791114,8.331060,-0.050342,-0.005038,0.005872
200477560.000,YYQ,recording,knock_twice_right,20,0.431662,4.797941,8.446147,-0.059629,-0.013268,0.005251
200477570.000,YYQ,recording,knock_twice_right,20,0.472454,4.818724,8.555863,-0.060349,-0.026651,0.003731
200477580.000,YYQ,recording,knock_twice_right,20,0.480993,4.792806,8.644949,-0.052772,-0.040059,0.002123