timestamp_ms,user_name,phase,action_label,segment_index,acc_x,acc_y,acc_z,gyro_x,gyro_y,gyro_z
45407210.000,Miguel,recording,knock_twice_right,1,-0.277502,6.671263,7.787470,0.511581,0.283327,-0.045192
45407220.000,Miguel,recording,knock_twice_right,1,-0.432359,6.785893,7.333381,0.656149,0.236014,-0.035320
45407230.000,Miguel,recording,knock_twice_right,1,-0.652938,6.999297,6.685491,0.697807,0.171367,-0.023150
45407240.000,Miguel,recording,knock_twice_right,1,-0.903030,7.210889,6.207301,0.625644,0.113208,-0.005958
45407250.000,Miguel,recording,knock_twice_right,1,-1.040714,7.314495,6.064332,0.477242,0.080238,0.023218
45407260.000,Miguel,recording,knock_twice_right,1,-1.056675,7.216390,6.172186,0.313281,0.080527,0.063687
45407270.000,Miguel,recording,knock_twice_right,1,-1.036855,7.084684,6.602238,0.198343,0.110018,0.105808
45407280.000,Miguel,recording,knock_twice_right,1,-0.833269,6.970210,7.030275,0.170700,0.178571,0.135838
45407290.000,Miguel,recording,knock_twice_right,1,-0.522188,6.748323,6.946380,0.204377,0.302891,0.131321
45407300.000,Miguel,recording,knock_twice_right,1,-0.297127,6.547547,6.563666,0.239127,0.446678,0.084907
45407310.000,Miguel,recording,knock_twice_right,1,-0.249081,6.492444,6.372661,0.241929,0.545157,0.018101
45407320.000,Miguel,recording,knock_twice_right,1,-0.377177,6.593106,6.371611,0.220263,0.582631,-0.037263
45407330.000,Miguel,recording,knock_twice_right,1,-0.542765,6.799509,6.335514,0.191191,0.587923,-0.064398
45407340.000,Miguel,recording,knock_twice_right,1,-0.552745,6.926066,6.107127,0.145853,0.576258,-0.078312
45407350.000,Miguel,recording,knock_twice_right,1,-0.484399,6.910522,5.788182,0.054675,0.538780,-0.101037
45407360.000,Miguel,recording,knock_twice_right,1,-0.523854,7.004771,5.730199,-0.093994,0.487894,-0.130740
45407370.000,Miguel,recording,knock_twice_right,1,-0.633375,7.042139,5.886274,-0.277381,0.457492,-0.157165
45407380.000,Miguel,recording,knock_twice_right,1,-0.610005,6.921735,5.966289,-0.456593,0.457285,-0.187076
45407390.000,Miguel,recording,knock_twice_right,1,-0.418576,6.508108,6.103530,-0.593820,0.453448,-0.203659
45407400.000,Miguel,recording,knock_twice_right,1,-0.259354,6.229810,6.426364,-0.677584,0.447777,-0.207088
45407410.000,Miguel,recording,knock_twice_right,1,0.038875,6.665920,6.695010,-0.748397,0.496397,-0.246454
45407420.000,Miguel,recording,knock_twice_right,1,0.155597,6.990121,6.886607,-0.834549,0.588053,-0.328186
45407430.000,Miguel,recording,knock_twice_right,1,-0.233597,6.754780,7.271292,-0.905441,0.647258,-0.374262
45407440.000,Miguel,recording,knock_twice_right,1,-0.721572,6.602034,7.745505,-0.921728,0.627878,-0.372544
45407450.000,Miguel,recording,knock_twice_right,1,-0.957962,6.765377,8.200624,-0.847389,0.538999,-0.382232
45407460.000,Miguel,recording,knock_twice_right,1,-1.114592,6.656444,8.220481,-0.689303,0.423548,-0.408044
45407470.000,Miguel,recording,knock_twice_right,1,-1.411486,6.493958,7.942493,-0.505129,0.302276,-0.438479
45407480.000,Miguel,recording,knock_twice_right,1,-1.846767,6.595449,7.442088,-0.363086,0.156168,-0.456834
45407490.000,Miguel,recording,knock_twice_right,1,-2.118994,6.771709,6.905835,-0.309481,-0.018444,-0.444950
45407500.000,Miguel,recording,knock_twice_right,1,-2.073683,6.771606,6.592773,-0.331068,-0.187745,-0.404143
45407510.000,Miguel,recording,knock_twice_right,1,-1.816685,6.545100,6.603851,-0.376315,-0.321740,-0.349084
45407520.000,Miguel,recording,knock_twice_right,1,-1.459469,6.320655,6.622533,-0.419904,-0.413452,-0.291553
45407530.000,Miguel,recording,knock_twice_right,1,-1.084811,6.327810,6.575360,-0.469998,-0.469783,-0.247018
45407540.000,Miguel,recording,knock_twice_right,1,-0.799019,6.345480,6.855609,-0.504347,-0.510088,-0.220416
45407550.000,Miguel,recording,knock_twice_right,1,-0.582103,6.264929,7.366036,-0.479353,-0.539852,-0.205722
45407560.000,Miguel,recording,knock_twice_right,1,-0.482915,6.268720,7.702645,-0.384261,-0.548835,-0.205836
45407570.000,Miguel,recording,knock_twice_right,1,-0.733120,6.297400,7.825850,-0.268037,-0.474821,-0.205707
45407580.000,Miguel,recording,knock_twice_right,1,-1.249223,6.235844,7.647503,-0.172456,-0.304556,-0.177515
45407590.000,Miguel,recording,knock_twice_right,1,-1.506414,6.447247,7.858112,-0.020056,-0.189067,-0.101146
45407600.000,Miguel,recording,knock_twice_right,1,-1.439500,6.839869,8.075415,0.195213,-0.171758,-0.004406
45407610.000,Miguel,recording,knock_twice_right,1,-1.088646,7.034670,8.158105,0.391724,-0.221001,0.071235
45407620.000,Miguel,recording,knock_twice_right,1,-1.094887,6.579652,8.065732,0.539488,-0.306832,0.160272
45407630.000,Miguel,recording,knock_twice_right,1,-1.850722,5.626966,7.634568,0.601616,-0.342184,0.311501
45407640.000,Miguel,recording,knock_twice_right,1,-2.112346,5.242477,7.136894,0.574051,-0.283913,0.499398
45407650.000,Miguel,recording,knock_twice_right,1,-1.590089,5.395656,6.873950,0.487530,-0.127903,0.659182
45407660.000,Miguel,recording,knock_twice_right,1,-0.875485,5.610825,6.776585,0.368526,0.066020,0.751570
45407670.000,Miguel,recording,knock_twice_right,1,-0.491436,5.799983,6.629312,0.231787,0.234832,0.776126
45407680.000,Miguel,recording,knock_twice_right,1,-0.488761,6.020062,6.524083,0.096091,0.352057,0.761097
45407690.000,Miguel,recording,knock_twice_right,1,-0.593768,6.329655,6.519642,-0.016099,0.407844,0.731882
45407700.000,Miguel,recording,knock_twice_right,1,-0.617523,6.664468,6.620238,-0.096023,0.402589,0.689223
45407710.000,Miguel,recording,knock_twice_right,1,-0.458675,6.972152,6.877435,-0.143156,0.346677,0.607844
45407720.000,Miguel,recording,knock_twice_right,1,-0.211274,7.146710,7.300563,-0.149958,0.260033,0.480953
45407730.000,Miguel,recording,knock_twice_right,1,-0.065458,7.154437,7.678746,-0.112883,0.159158,0.327823
45407740.000,Miguel,recording,knock_twice_right,1,-0.116036,7.105108,7.924978,-0.036068,0.061096,0.175605
45407750.000,Miguel,recording,knock_twice_right,1,-0.299747,7.024303,8.059800,0.069122,-0.017384,0.057992
45407760.000,Miguel,recording,knock_twice_right,1,-0.489854,6.851777,8.057622,0.178390,-0.054134,-0.004889
45407770.000,Miguel,recording,knock_twice_right,1,-0.696018,6.647294,7.970125,0.268437,-0.036411,-0.011631
45407780.000,Miguel,recording,knock_twice_right,1,-0.852476,6.533749,7.784728,0.321172,0.013208,0.030853
45407790.000,Miguel,recording,knock_twice_right,1,-0.865180,6.513327,7.595308,0.331813,0.064586,0.102263
45407800.000,Miguel,recording,knock_twice_right,1,-0.796134,6.598045,7.491336,0.312115,0.113662,0.172327
45407810.000,Miguel,recording,knock_twice_right,1,-0.763365,6.676104,7.538846,0.287835,0.161097,0.214364
45407820.000,Miguel,recording,knock_twice_right,1,-0.761777,6.708353,7.671932,0.287197,0.189320,0.224003
45407830.000,Miguel,recording,knock_twice_right,1,-0.742677,6.762151,7.694944,0.318049,0.197277,0.209521
45407840.000,Miguel,recording,knock_twice_right,1,-0.734382,6.766063,7.547908,0.368066,0.191790,0.174186
45407850.000,Miguel,recording,knock_twice_right,1,-0.770690,6.721914,7.376633,0.423805,0.165551,0.124885
45407860.000,Miguel,recording,knock_twice_right,1,-0.886399,6.671076,7.202430,0.479688,0.109858,0.076891
45407870.000,Miguel,recording,knock_twice_right,1,-1.012160,6.659111,7.018408,0.528463,0.025979,0.045340
45407880.000,Miguel,recording,knock_twice_right,1,-1.072868,6.703806,6.863276,0.558745,-0.075569,0.030407
45407890.000,Miguel,recording,knock_twice_right,1,-1.061396,6.722757,6.817209,0.570660,-0.174271,0.022124
45407900.000,Miguel,recording,knock_twice_right,1,-0.923642,6.703620,6.891179,0.573650,-0.250557,0.018708
45407910.000,Miguel,recording,knock_twice_right,1,-0.762828,6.635209,6.923162,0.566784,-0.289448,0.016691
45407920.000,Miguel,recording,knock_twice_right,1,-0.690080,6.619647,6.890715,0.549595,-0.283478,0.009060
45407930.000,Miguel,recording,knock_twice_right,1,-0.675843,6.753339,6.823421,0.524673,-0.239472,-0.000979
45407940.000,Miguel,recording,knock_twice_right,1,-0.714326,6.954244,6.615534,0.487267,-0.166583,-0.013239
45407950.000,Miguel,recording,knock_twice_right,1,-0.818026,7.080185,6.335559,0.429430,-0.090642,-0.028296
45407960.000,Miguel,recording,knock_twice_right,1,-0.971018,7.132406,6.155310,0.349976,-0.039320,-0.038350
45407970.000,Miguel,recording,knock_twice_right,1,-1.080208,7.137698,6.120389,0.260842,-0.013368,-0.031084
45407980.000,Miguel,recording,knock_twice_right,1,-1.067300,7.135013,6.169555,0.176083,-0.002401,-0.001901
45407990.000,Miguel,recording,knock_twice_right,1,-0.938112,7.121439,6.252383,0.102562,-0.006284,0.037393
45408000.000,Miguel,recording,knock_twice_right,1,-0.741165,7.098799,6.364214,0.047414,-0.029669,0.069111
45408010.000,Miguel,recording,knock_twice_right,1,-0.520166,7.093680,6.504071,0.016423,-0.065322,0.081710
45408020.000,Miguel,recording,knock_twice_right,1,-0.364268,7.080255,6.653791,0.009197,-0.102626,0.071072
45408030.000,Miguel,recording,knock_twice_right,1,-0.304012,7.100360,6.743449,0.020289,-0.130333,0.043527
45408040.000,Miguel,recording,knock_twice_right,1,-0.323254,7.122154,6.779367,0.042714,-0.141242,0.014524
45408050.000,Miguel,recording,knock_twice_right,1,-0.379301,7.145459,6.844929,0.069214,-0.133920,-0.004739
45408060.000,Miguel,recording,knock_twice_right,1,-0.424795,7.187241,6.866084,0.097369,-0.102257,-0.012431
45408070.000,Miguel,recording,knock_twice_right,1,-0.481983,7.199760,6.802140,0.126189,-0.055679,-0.013080
45408080.000,Miguel,recording,knock_twice_right,1,-0.601685,7.225536,6.651713,0.148166,-0.023057,-0.008970
45408090.000,Miguel,recording,knock_twice_right,1,-0.773089,7.259736,6.514339,0.155162,-0.023093,0.002672
45408100.000,Miguel,recording,knock_twice_right,1,-0.907511,7.282433,6.445763,0.147453,-0.051228,0.023701
45408110.000,Miguel,recording,knock_twice_right,1,-0.893947,7.260242,6.455897,0.133886,-0.093871,0.053010
45408120.000,Miguel,recording,knock_twice_right,1,-0.734022,7.209921,6.538080,0.124135,-0.135679,0.082985
45408130.000,Miguel,recording,knock_twice_right,1,-0.471957,7.155856,6.559963,0.118226,-0.162777,0.103294
45408140.000,Miguel,recording,knock_twice_right,1,-0.235217,7.155377,6.556671,0.109593,-0.169978,0.106152
45408150.000,Miguel,recording,knock_twice_right,1,-0.126135,7.186611,6.599650,0.096987,-0.154904,0.092665
45408160.000,Miguel,recording,knock_twice_right,1,-0.129501,7.204360,6.654589,0.085478,-0.115011,0.072038
45408170.000,Miguel,recording,knock_twice_right,1,-0.188673,7.234497,6.674031,0.078199,-0.055699,0.052192
45408180.000,Miguel,recording,knock_twice_right,1,-0.262731,7.276498,6.673173,0.075487,0.009494,0.037083
45408190.000,Miguel,recording,knock_twice_right,1,-0.350699,7.327040,6.652508,0.078408,0.059454,0.025851
45408200.000,Miguel,recording,knock_twice_right,1,-0.389562,7.357250,6.635412,0.085872,0.079638,0.018066
45408210.000,Miguel,recording,knock_twice_right,1,-0.409604,7.370516,6.640321,0.098934,0.071459,0.012368
45408220.000,Miguel,recording,knock_twice_right,1,-0.394720,7.392878,6.634109,0.118059,0.044595,0.008150
45408230.000,Miguel,recording,knock_twice_right,1,-0.361193,7.382623,6.536020,0.138490,0.013094,0.003909
45408240.000,Miguel,recording,knock_twice_right,1,-0.382149,7.338668,6.409378,0.150159,-0.014668,-0.002178
45408250.000,Miguel,recording,knock_twice_right,1,-0.457963,7.295843,6.326935,0.148173,-0.036177,-0.001962
45408260.000,Miguel,recording,knock_twice_right,1,-0.536476,7.277318,6.245889,0.136707,-0.047301,0.009293
45408270.000,Miguel,recording,knock_twice_right,1,-0.567860,7.260490,6.169703,0.118535,-0.053115,0.028026
45408280.000,Miguel,recording,knock_twice_right,1,-0.509790,7.278053,6.181759,0.096330,-0.062617,0.048619
45408290.000,Miguel,recording,knock_twice_right,1,-0.337729,7.294098,6.248736,0.074298,-0.063242,0.063454
45408300.000,Miguel,recording,knock_twice_right,1,-0.161068,7.257559,6.274741,0.054255,-0.041148,0.064355
45408310.000,Miguel,recording,knock_twice_right,1,-0.070708,7.257075,6.284833,0.036287,-0.012221,0.050093
45408320.000,Miguel,recording,knock_twice_right,1,-0.070651,7.297480,6.309703,0.021338,0.007059,0.028820
45408330.000,Miguel,recording,knock_twice_right,1,-0.154033,7.348599,6.292183,0.009852,0.017230,0.007183
45408340.000,Miguel,recording,knock_twice_right,1,-0.268922,7.383022,6.239635,-0.001717,0.016461,-0.008067
45408350.000,Miguel,recording,knock_twice_right,1,-0.381855,7.401400,6.241531,-0.015237,0.005535,-0.012241
45408360.000,Miguel,recording,knock_twice_right,1,-0.457776,7.404686,6.293356,-0.027414,-0.005925,-0.006168
45408370.000,Miguel,recording,knock_twice_right,1,-0.450570,7.409141,6.342230,-0.034980,-0.011033,0.005722
45408380.000,Miguel,recording,knock_twice_right,1,-0.390124,7.421603,6.343673,-0.039339,-0.012503,0.016021
45408390.000,Miguel,recording,knock_twice_right,1,-0.317314,7.406088,6.307521,-0.045171,-0.016497,0.016915
45408400.000,Miguel,recording,knock_twice_right,1,-0.297831,7.386662,6.314314,-0.053189,-0.026222,0.010109
45408410.000,Miguel,recording,knock_twice_right,1,-0.322697,7.366000,6.327292,-0.061201,-0.037467,0.004718
45408420.000,Miguel,recording,knock_twice_right,1,-0.299701,7.346627,6.340157,-0.067964,-0.041887,0.003086
45408430.000,Miguel,recording,knock_twice_right,1,-0.204858,7.328783,6.338774,-0.075744,-0.039343,0.000883
45408440.000,Miguel,recording,knock_twice_right,1,-0.147784,7.285357,6.364098,-0.086110,-0.033903,-0.008068
45408450.000,Miguel,recording,knock_twice_right,1,-0.187109,7.285439,6.424183,-0.095435,-0.026029,-0.021162
45408460.000,Miguel,recording,knock_twice_right,1,-0.258809,7.334048,6.534918,-0.095627,-0.014669,-0.032561
45408470.000,Miguel,recording,knock_twice_right,1,-0.308890,7.353727,6.691517,-0.081712,-0.003989,-0.041034
45408480.000,Miguel,recording,knock_twice_right,1,-0.344005,7.324946,6.776141,-0.056273,0.001068,-0.045789
45408490.000,Miguel,recording,knock_twice_right,1,-0.355094,7.292426,6.777606,-0.022942,-0.000540,-0.048056
45408500.000,Miguel,recording,knock_twice_right,1,-0.342368,7.310132,6.731644,0.012090,-0.010559,-0.049606
45408510.000,Miguel,recording,knock_twice_right,1,-0.374650,7.314212,6.600165,0.038555,-0.029983,-0.052731
45408520.000,Miguel,recording,knock_twice_right,1,-0.447356,7.303866,6.467090,0.049266,-0.056130,-0.055907
45408530.000,Miguel,recording,knock_twice_right,1,-0.521332,7.299387,6.408992,0.048677,-0.075492,-0.053221
45408540.000,Miguel,recording,knock_twice_right,1,-0.563309,7.290100,6.390051,0.043070,-0.077066,-0.042770
45408550.000,Miguel,recording,knock_twice_right,1,-0.538013,7.257785,6.342134,0.031089,-0.066749,-0.029970
45408560.000,Miguel,recording,knock_twice_right,1,-0.484549,7.214339,6.328603,0.013044,-0.053044,-0.019944
45408570.000,Miguel,recording,knock_twice_right,1,-0.442697,7.196441,6.376779,-0.007244,-0.039855,-0.012680
45408580.000,Miguel,recording,knock_twice_right,1,-0.375815,7.229227,6.442145,-0.025355,-0.026592,-0.009352
45408590.000,Miguel,recording,knock_twice_right,1,-0.276481,7.260508,6.442435,-0.042512,-0.009294,-0.016635
45408600.000,Miguel,recording,knock_twice_right,1,-0.260324,7.222428,6.403659,-0.062370,0.007253,-0.037099
45408610.000,Miguel,recording,knock_twice_right,1,-0.383522,7.190485,6.411053,-0.081857,0.016054,-0.059098
45408620.000,Miguel,recording,knock_twice_right,1,-0.523766,7.185741,6.455363,-0.094343,0.022762,-0.066782
45408630.000,Miguel,recording,knock_twice_right,1,-0.601912,7.154737,6.506117,-0.098905,0.028027,-0.058745
45408640.000,Miguel,recording,knock_twice_right,1,-0.637467,7.122936,6.543179,-0.098893,0.023417,-0.043804
45408650.000,Miguel,recording,knock_twice_right,1,-0.643216,7.118434,6.595803,-0.095762,0.012446,-0.025733
45408660.000,Miguel,recording,knock_twice_right,1,-0.625060,7.116198,6.660627,-0.086688,0.003448,-0.006061
45408670.000,Miguel,recording,knock_twice_right,1,-0.562502,7.112519,6.714878,-0.071387,0.001862,0.012379
45408680.000,Miguel,recording,knock_twice_right,1,-0.501218,7.104462,6.722160,-0.053479,0.006517,0.025358
45408690.000,Miguel,recording,knock_twice_right,1,-0.460137,7.117077,6.665826,-0.037605,0.010068,0.031365
45408700.000,Miguel,recording,knock_twice_right,1,-0.442066,7.137062,6.588303,-0.027878,0.010927,0.034135
45408710.000,Miguel,recording,knock_twice_right,1,-0.435197,7.154959,6.547739,-0.022006,0.008789,0.038054
45408720.000,Miguel,recording,knock_twice_right,1,-0.381404,7.191396,6.532010,-0.018331,0.008795,0.042187
45408730.000,Miguel,recording,knock_twice_right,1,-0.318152,7.223264,6.502272,-0.017743,0.010369,0.042682
45408740.000,Miguel,recording,knock_twice_right,1,-0.282523,7.267456,6.480096,-0.021544,0.002385,0.038212
45408750.000,Miguel,recording,knock_twice_right,1,-0.283771,7.315937,6.455899,-0.028736,-0.013391,0.027639
45408760.000,Miguel,recording,knock_twice_right,1,-0.323946,7.317159,6.459840,-0.038578,-0.026265,0.016359
45408770.000,Miguel,recording,knock_twice_right,1,-0.352575,7.294119,6.489859,-0.050457,-0.028854,0.010383
45408780.000,Miguel,recording,knock_twice_right,1,-0.339062,7.293637,6.530340,-0.063813,-0.022116,0.007921
45408790.000,Miguel,recording,knock_twice_right,1,-0.328848,7.285916,6.571293,-0.082089,-0.007478,0.006316
45408800.000,Miguel,recording,knock_twice_right,1,-0.338166,7.281814,6.629533,-0.104639,0.010777,0.006249
45408810.000,Miguel,recording,knock_twice_right,1,-0.359779,7.254525,6.736504,-0.120626,0.028367,0.009342
45408820.000,Miguel,recording,knock_twice_right,1,-0.345002,7.240771,6.844992,-0.119840,0.047789,0.014365
45408830.000,Miguel,recording,knock_twice_right,1,-0.292276,7.227825,6.893084,-0.102363,0.062737,0.014640
45408840.000,Miguel,recording,knock_twice_right,1,-0.280222,7.193071,6.871409,-0.071399,0.060323,0.006045
45408850.000,Miguel,recording,knock_twice_right,1,-0.344072,7.165228,6.792422,-0.032636,0.037822,-0.005025
45408860.000,Miguel,recording,knock_twice_right,1,-0.429130,7.141283,6.728587,0.006850,0.005948,-0.010929
45408870.000,Miguel,recording,knock_twice_right,1,-0.433166,7.112019,6.688035,0.042262,-0.018593,-0.010279
45408880.000,Miguel,recording,knock_twice_right,1,-0.352951,7.102268,6.620713,0.068220,-0.027590,-0.010245
45408890.000,Miguel,recording,knock_twice_right,1,-0.281974,7.126474,6.511547,0.078082,-0.025973,-0.018279
45408900.000,Miguel,recording,knock_twice_right,1,-0.319861,7.152333,6.413347,0.068790,-0.021491,-0.030380
45408910.000,Miguel,recording,knock_twice_right,1,-0.417951,7.162986,6.366670,0.048027,-0.014646,-0.037331
45408920.000,Miguel,recording,knock_twice_right,1,-0.516468,7.148404,6.315381,0.024073,-0.004333,-0.035267
45408930.000,Miguel,recording,knock_twice_right,1,-0.561140,7.161663,6.252099,-0.004831,0.004325,-0.027511
45408940.000,Miguel,recording,knock_twice_right,1,-0.536213,7.179799,6.226750,-0.041738,0.007016,-0.019896
45408950.000,Miguel,recording,knock_twice_right,1,-0.503581,7.168462,6.227534,-0.083235,0.004692,-0.015466
45408960.000,Miguel,recording,knock_twice_right,1,-0.514818,7.129304,6.283703,-0.121391,-0.002794,-0.012077
45408970.000,Miguel,recording,knock_twice_right,1,-0.556273,7.096687,6.435176,-0.147559,-0.017121,-0.005734
45408980.000,Miguel,recording,knock_twice_right,1,-0.478954,7.062909,6.667368,-0.152861,-0.026581,0.004671
45408990.000,Miguel,recording,knock_twice_right,1,-0.354702,7.042692,6.863741,-0.136054,-0.018141,0.010614
45409000.000,Miguel,recording,knock_twice_right,1,-0.305942,7.036718,6.930628,-0.108091,-0.002078,0.008135
45409010.000,Miguel,recording,knock_twice_right,1,-0.344785,7.054370,6.926507,-0.078657,0.004699,0.005158
45409020.000,Miguel,recording,knock_twice_right,1,-0.416161,7.093788,6.945589,-0.048067,0.004065,0.006686
45409030.000,Miguel,recording,knock_twice_right,1,-0.397993,7.140047,6.944302,-0.012976,0.006528,0.010155
45409040.000,Miguel,recording,knock_twice_right,1,-0.325710,7.181106,6.831283,0.017834,0.005417,0.005749
45409050.000,Miguel,recording,knock_twice_right,1,-0.325149,7.220936,6.678817,0.031662,-0.012983,-0.006037
45409060.000,Miguel,recording,knock_twice_right,1,-0.397813,7.266364,6.597445,0.029871,-0.041267,-0.014146
45409070.000,Miguel,recording,knock_twice_right,1,-0.467242,7.255023,6.555112,0.016938,-0.063717,-0.013183
45409080.000,Miguel,recording,knock_twice_right,1,-0.465666,7.206836,6.550803,-0.003400,-0.074620,-0.006835
45409090.000,Miguel,recording,knock_twice_right,1,-0.411523,7.162629,6.600565,-0.025908,-0.065489,-0.000411
45409100.000,Miguel,recording,knock_twice_right,1,-0.362898,7.126021,6.636558,-0.048355,-0.035531,0.004422
45409110.000,Miguel,recording,knock_twice_right,1,-0.385449,7.097438,6.639413,-0.067347,-0.003915,0.008931
45409120.000,Miguel,recording,knock_twice_right,1,-0.377648,7.076688,6.701228,-0.077121,0.017353,0.014203
45409130.000,Miguel,recording,knock_twice_right,1,-0.268517,7.059531,6.752976,-0.075899,0.036093,0.017355
45409140.000,Miguel,recording,knock_twice_right,1,-0.206865,7.025599,6.744565,-0.069100,0.050410,0.012170
45409150.000,Miguel,recording,knock_twice_right,1,-0.272042,7.056905,6.735920,-0.060633,0.048343,0.003735
45409160.000,Miguel,recording,knock_twice_right,1,-0.422666,7.085810,6.716801,-0.049039,0.034037,0.002330
45409170.000,Miguel,recording,knock_twice_right,1,-0.518443,7.099926,6.646874,-0.036115,0.013719,0.009843
45409180.000,Miguel,recording,knock_twice_right,1,-0.493333,7.135302,6.598349,-0.028823,-0.016171,0.021727
45409190.000,Miguel,recording,knock_twice_right,1,-0.378172,7.149167,6.627876,-0.028915,-0.043322,0.027683
45409200.000,Miguel,recording,knock_twice_right,1,-0.253996,7.145057,6.732274,-0.029946,-0.045091,0.022077
45409210.000,Miguel,recording,knock_twice_right,1,-0.207037,7.093327,6.802768,-0.028514,-0.026142,0.009426
45409220.000,Miguel,recording,knock_twice_right,1,-0.230699,7.081751,6.833739,-0.021714,-0.000700,-0.001487
45409230.000,Miguel,recording,knock_twice_right,1,-0.289727,7.104243,6.848838,-0.008939,0.024527,-0.009130
45409240.000,Miguel,recording,knock_twice_right,1,-0.346546,7.116583,6.786872,0.004506,0.031405,-0.014790
45409250.000,Miguel,recording,knock_twice_right,1,-0.406223,7.132944,6.710770,0.014475,0.014033,-0.015914
45409260.000,Miguel,recording,knock_twice_right,1,-0.438266,7.123801,6.648833,0.019242,-0.011993,-0.010772
45409270.000,Miguel,recording,knock_twice_right,1,-0.417729,7.106523,6.637054,0.019954,-0.033814,-0.003929
45409280.000,Miguel,recording,knock_twice_right,1,-0.331631,7.099049,6.681625,0.017744,-0.042911,-0.000112
45409290.000,Miguel,recording,knock_twice_right,1,-0.289401,7.106199,6.676236,0.011544,-0.034870,-0.002873
45409300.000,Miguel,recording,knock_twice_right,1,-0.376262,7.108509,6.653555,0.004269,-0.016201,-0.009035
45409310.000,Miguel,recording,knock_twice_right,1,-0.466514,7.101443,6.657297,0.000290,-0.000872,-0.007624
45409320.000,Miguel,recording,knock_twice_right,1,-0.431706,7.081621,6.719832,0.002363,0.008297,0.000118
45409330.000,Miguel,recording,knock_twice_right,1,-0.336377,7.073906,6.714731,0.007913,0.011781,0.002809
45409340.000,Miguel,recording,knock_twice_right,1,-0.269146,7.095838,6.650700,0.010268,0.009492,-0.004745
45409350.000,Miguel,recording,knock_twice_right,1,-0.244371,7.120772,6.613318,0.004742,0.007853,-0.016665
45409360.000,Miguel,recording,knock_twice_right,1,-0.228899,7.129188,6.607652,-0.005666,0.006862,-0.027255
45409370.000,Miguel,recording,knock_twice_right,1,-0.195756,7.123869,6.612421,-0.019044,0.010175,-0.039112
45409380.000,Miguel,recording,knock_twice_right,1,-0.169510,7.124577,6.643229,-0.037048,0.027357,-0.057067
45409390.000,Miguel,recording,knock_twice_right,1,-0.196616,7.154940,6.724025,-0.053284,0.057871,-0.077030
45409400.000,Miguel,recording,knock_twice_right,1,-0.286970,7.139929,6.755951,-0.060386,0.094282,-0.092210
45409410.000,Miguel,recording,knock_twice_right,1,-0.496363,7.068493,6.658901,-0.059263,0.109273,-0.097289
45409420.000,Miguel,recording,knock_twice_right,1,-0.829901,7.018195,6.558545,-0.055954,0.068392,-0.084193
45409430.000,Miguel,recording,knock_twice_right,1,-1.142994,7.013967,6.556773,-0.049902,-0.015689,-0.050086
45409440.000,Miguel,recording,knock_twice_right,1,-1.266295,6.923317,6.632022,-0.038375,-0.107285,-0.000074
45409450.000,Miguel,recording,knock_twice_right,1,-0.827128,6.903007,6.761633,-0.026067,-0.159957,0.049473
45409460.000,Miguel,recording,knock_twice_right,1,-0.324921,6.925393,6.728745,-0.028019,-0.141195,0.075484
45409470.000,Miguel,recording,knock_twice_right,1,-0.067237,6.924551,6.604713,-0.054936,-0.074898,0.067958
45409480.000,Miguel,recording,knock_twice_right,1,0.014757,6.979827,6.594113,-0.096427,-0.002484,0.036676
45409490.000,Miguel,recording,knock_twice_right,1,-0.082386,7.031921,6.644650,-0.131867,0.054477,-0.001345
45409500.000,Miguel,recording,knock_twice_right,1,-0.288058,6.978244,6.795445,-0.145755,0.074530,-0.032505
45409510.000,Miguel,recording,knock_twice_right,1,-0.476391,6.941500,6.942476,-0.131279,0.075816,-0.046734
45409520.000,Miguel,recording,knock_twice_right,1,-0.696213,6.977449,6.938999,-0.103943,0.069082,-0.038643
45409530.000,Miguel,recording,knock_twice_right,1,-0.889604,7.018839,6.983553,-0.076623,0.021366,-0.005081
45409540.000,Miguel,recording,knock_twice_right,1,-0.854998,7.064114,7.132118,-0.037959,-0.044128,0.045073
45409550.000,Miguel,recording,knock_twice_right,1,-0.587488,7.105878,7.273572,0.015749,-0.087501,0.081685
45409560.000,Miguel,recording,knock_twice_right,1,-0.201346,7.153155,7.416264,0.075802,-0.084776,0.085492
45409570.000,Miguel,recording,knock_twice_right,1,0.081199,7.149803,7.410826,0.132561,-0.022324,0.060821
45409580.000,Miguel,recording,knock_twice_right,1,0.094453,7.066119,7.241360,0.175198,0.061245,0.019634
45409590.000,Miguel,recording,knock_twice_right,1,-0.141649,6.962748,6.957216,0.199744,0.140355,-0.022810
45409600.000,Miguel,recording,knock_twice_right,1,-0.707324,6.865701,6.576011,0.199678,0.202858,-0.038437
45409610.000,Miguel,recording,knock_twice_right,1,-1.397804,6.943068,6.358404,0.168212,0.203553,0.009631
45409620.000,Miguel,recording,knock_twice_right,1,-1.686646,7.068616,6.258583,0.115176,0.140549,0.118765
45409630.000,Miguel,recording,knock_twice_right,1,-1.189742,7.081126,6.226221,0.057510,0.053002,0.227501
45409640.000,Miguel,recording,knock_twice_right,1,-0.354021,7.121163,6.281807,0.005791,-0.023478,0.273380
45409650.000,Miguel,recording,knock_twice_right,1,0.333713,7.202378,6.429859,-0.031904,-0.071509,0.239799
45409660.000,Miguel,recording,knock_twice_right,1,0.760493,7.232654,6.603869,-0.048520,-0.087390,0.145275
45409670.000,Miguel,recording,knock_twice_right,1,0.838189,7.199009,6.717340,-0.046954,-0.072437,0.025375
45409680.000,Miguel,recording,knock_twice_right,1,0.554380,7.148169,6.739509,-0.035324,-0.036834,-0.080131
45409690.000,Miguel,recording,knock_twice_right,1,0.075759,7.130813,6.684846,-0.022637,-0.001324,-0.140925
45409700.000,Miguel,recording,knock_twice_right,1,-0.360924,7.088419,6.704798,-0.010495,0.016005,-0.147473
45409710.000,Miguel,recording,knock_twice_right,1,-0.630347,7.002503,6.786288,0.012490,0.015704,-0.115124
45409720.000,Miguel,recording,knock_twice_right,1,-0.751167,7.097303,6.713605,0.042951,0.009554,-0.062578
45409730.000,Miguel,recording,knock_twice_right,1,-0.763895,7.224470,6.587610,0.061034,-0.019653,-0.002974
45409740.000,Miguel,recording,knock_twice_right,1,-0.597446,7.304813,6.607240,0.068204,-0.076009,0.046171
45409750.000,Miguel,recording,knock_twice_right,1,-0.283300,7.335923,6.691433,0.078536,-0.118104,0.067912
45409760.000,Miguel,recording,knock_twice_right,1,0.027952,7.301274,6.700244,0.089381,-0.120466,0.051134
45409770.000,Miguel,recording,knock_twice_right,1,0.189266,7.242888,6.604906,0.087451,-0.093608,0.002958
45409780.000,Miguel,recording,knock_twice_right,1,0.122016,7.199602,6.491522,0.061473,-0.052409,-0.054595
45409790.000,Miguel,recording,knock_twice_right,1,-0.061120,7.164207,6.468534,0.017304,-0.005334,-0.096106
45409800.000,Miguel,recording,knock_twice_right,1,-0.251986,7.104766,6.559762,-0.023921,0.038544,-0.110287
45409810.000,Miguel,recording,knock_twice_right,1,-0.439210,7.048852,6.659726,-0.049536,0.067428,-0.105165
45409820.000,Miguel,recording,knock_twice_right,1,-0.568414,7.040757,6.698999,-0.058894,0.067656,-0.088948
45409830.000,Miguel,recording,knock_twice_right,1,-0.601012,7.054408,6.762438,-0.055267,0.041528,-0.070917
45409840.000,Miguel,recording,knock_twice_right,1,-0.543097,7.044657,6.960786,-0.035085,0.011493,-0.058717
45409850.000,Miguel,recording,knock_twice_right,1,-0.459215,7.032167,7.135390,0.006279,0.001352,-0.054879
45409860.000,Miguel,recording,knock_twice_right,1,-0.470397,6.996006,7.089630,0.056899,0.007784,-0.056752
45409870.000,Miguel,recording,knock_twice_right,1,-0.589813,6.972917,6.881636,0.093945,0.010625,-0.052024
45409880.000,Miguel,recording,knock_twice_right,1,-0.728297,7.001939,6.635580,0.103180,-0.000891,-0.034829
45409890.000,Miguel,recording,knock_twice_right,1,-0.747219,7.027156,6.568515,0.089495,-0.022537,-0.010811
45409900.000,Miguel,recording,knock_twice_right,1,-0.532532,7.041374,6.719412,0.072434,-0.024901,0.007943
45409910.000,Miguel,recording,knock_twice_right,1,-0.306424,7.028401,6.792915,0.060937,0.016000,0.010821
45409920.000,Miguel,recording,knock_twice_right,1,-0.296339,7.034427,6.737739,0.050908,0.073099,0.001386
45409930.000,Miguel,recording,knock_twice_right,1,-0.452859,7.088321,6.667627,0.041762,0.108008,-0.005753
45409940.000,Miguel,recording,knock_twice_right,1,-0.596445,7.134297,6.589910,0.038565,0.108529,-0.002549
45409950.000,Miguel,recording,knock_twice_right,1,-0.616289,7.154844,6.556171,0.042212,0.074745,0.007830
45409960.000,Miguel,recording,knock_twice_right,1,-0.484796,7.166212,6.681988,0.055862,0.029985,0.017516
45409970.000,Miguel,recording,knock_twice_right,1,-0.338414,7.164110,6.763515,0.080832,0.007418,0.017852
45409980.000,Miguel,recording,knock_twice_right,1,-0.316515,7.150885,6.715824,0.107794,0.008058,0.009564
45409990.000,Miguel,recording,knock_twice_right,1,-0.404052,7.169486,6.589904,0.125291,0.012850,0.004774
45410000.000,Miguel,recording,knock_twice_right,1,-0.512023,7.205931,6.412288,0.124809,0.008095,0.011157
45410010.000,Miguel,recording,knock_twice_right,1,-0.552891,7.226863,6.276230,0.105902,-0.011288,0.023822
45410020.000,Miguel,recording,knock_twice_right,1,-0.481388,7.248344,6.266534,0.076187,-0.030669,0.035368
45410030.000,Miguel,recording,knock_twice_right,1,-0.300816,7.249142,6.291535,0.045999,-0.023648,0.037707
45410040.000,Miguel,recording,knock_twice_right,1,-0.162886,7.230886,6.301992,0.020369,0.000851,0.026572
45410050.000,Miguel,recording,knock_twice_right,1,-0.142804,7.249368,6.332075,0.000100,0.006934,0.004455
45410060.000,Miguel,recording,knock_twice_right,1,-0.218325,7.306093,6.366004,-0.014862,-0.011360,-0.020961
45410070.000,Miguel,recording,knock_twice_right,1,-0.341969,7.306442,6.410730,-0.025407,-0.034721,-0.040306
45410080.000,Miguel,recording,knock_twice_right,1,-0.442394,7.254558,6.452395,-0.035057,-0.051032,-0.045573
45410090.000,Miguel,recording,knock_twice_right,1,-0.493169,7.183161,6.509883,-0.041871,-0.055348,-0.035299
45410100.000,Miguel,recording,knock_twice_right,1,-0.480794,7.124050,6.622769,-0.039754,-0.048697,-0.017885
45410110.000,Miguel,recording,knock_twice_right,1,-0.422779,7.117988,6.740358,-0.029826,-0.036538,-0.003403
45410120.000,Miguel,recording,knock_twice_right,1,-0.317715,7.142835,6.751721,-0.017550,-0.016866,0.001697
45410130.000,Miguel,recording,knock_twice_right,1,-0.300084,7.115364,6.639105,-0.009929,0.003473,-0.003023
45410140.000,Miguel,recording,knock_twice_right,1,-0.402330,7.099703,6.542383,-0.011706,0.008627,-0.006646
45410150.000,Miguel,recording,knock_twice_right,1,-0.493382,7.131188,6.535182,-0.019028,-0.001701,-0.001967
45410160.000,Miguel,recording,knock_twice_right,1,-0.462661,7.165942,6.609270,-0.024310,-0.013596,0.003449
45410170.000,Miguel,recording,knock_twice_right,1,-0.301640,7.182389,6.630575,-0.030520,-0.006832,-0.000423
45410180.000,Miguel,recording,knock_twice_right,1,-0.243015,7.149731,6.583970,-0.045503,0.018393,-0.017293
45410190.000,Miguel,recording,knock_twice_right,1,-0.388607,7.135832,6.580227,-0.066089,0.042749,-0.033441
45410200.000,Miguel,recording,knock_twice_right,1,-0.633022,7.150038,6.614572,-0.082498,0.056651,-0.034029
45410210.000,Miguel,recording,knock_twice_right,2,-0.787877,7.152172,6.654951,-0.091192,0.062078,-0.017435
45410220.000,Miguel,recording,knock_twice_right,2,-0.792410,7.119835,6.665957,-0.096001,0.059964,0.010983
45410230.000,Miguel,recording,knock_twice_right,2,-0.732378,7.078690,6.661960,-0.097055,0.050037,0.040939
45410240.000,Miguel,recording,knock_twice_right,2,-0.643858,7.078685,6.684836,-0.094067,0.030051,0.064018
45410250.000,Miguel,recording,knock_twice_right,2,-0.463802,7.097010,6.774384,-0.083508,0.006115,0.075481
45410260.000,Miguel,recording,knock_twice_right,2,-0.242374,7.086416,6.858263,-0.060159,-0.002380,0.070618
45410270.000,Miguel,recording,knock_twice_right,2,-0.114398,7.081592,6.828331,-0.031705,-0.003659,0.044937
45410280.000,Miguel,recording,knock_twice_right,2,-0.110186,7.132570,6.742870,-0.006743,-0.017426,0.005239
45410290.000,Miguel,recording,knock_twice_right,2,-0.181951,7.199802,6.652487,0.011086,-0.039682,-0.037792
45410300.000,Miguel,recording,knock_twice_right,2,-0.307505,7.192787,6.583648,0.020356,-0.062382,-0.079361
45410310.000,Miguel,recording,knock_twice_right,2,-0.485533,7.146699,6.555679,0.024184,-0.081500,-0.111618
45410320.000,Miguel,recording,knock_twice_right,2,-0.684925,7.132212,6.560160,0.022328,-0.090711,-0.122585
45410330.000,Miguel,recording,knock_twice_right,2,-0.789837,7.127992,6.548306,0.012545,-0.082111,-0.106889
45410340.000,Miguel,recording,knock_twice_right,2,-0.741650,7.056204,6.547167,-0.007695,-0.056096,-0.069474
45410350.000,Miguel,recording,knock_twice_right,2,-0.654510,6.976530,6.554350,-0.036048,-0.027417,-0.027021
45410360.000,Miguel,recording,knock_twice_right,2,-0.542312,6.975028,6.573607,-0.061626,-0.005800,0.003480
45410370.000,Miguel,recording,knock_twice_right,2,-0.402817,7.002263,6.576467,-0.077262,-0.000196,0.015537
45410380.000,Miguel,recording,knock_twice_right,2,-0.264957,7.013429,6.529225,-0.083734,-0.024566,0.001897
45410390.000,Miguel,recording,knock_twice_right,2,-0.193458,7.056928,6.480019,-0.083265,-0.077101,-0.035884
45410400.000,Miguel,recording,knock_twice_right,2,-0.249635,7.130781,6.452240,-0.081782,-0.135524,-0.085934
45410410.000,Miguel,recording,knock_twice_right,2,-0.313609,7.203828,6.343114,-0.096914,-0.162542,-0.140101
45410420.000,Miguel,recording,knock_twice_right,2,-0.337085,7.242118,6.147453,-0.146376,-0.137734,-0.196547
45410430.000,Miguel,recording,knock_twice_right,2,-0.409344,7.279508,5.921567,-0.227393,-0.080825,-0.252069
45410440.000,Miguel,recording,knock_twice_right,2,-0.460249,7.331251,5.566537,-0.334584,-0.040304,-0.311506
45410450.000,Miguel,recording,knock_twice_right,2,-0.417803,7.400859,5.091381,-0.481466,-0.059018,-0.386542
45410460.000,Miguel,recording,knock_twice_right,2,-0.281750,7.535532,4.699833,-0.676015,-0.149928,-0.483377
45410470.000,Miguel,recording,knock_twice_right,2,0.084175,7.751655,4.492349,-0.895248,-0.346323,-0.617822
45410480.000,Miguel,recording,knock_twice_right,2,0.434194,7.588499,4.251260,-1.111655,-0.695460,-0.820130
45410490.000,Miguel,recording,knock_twice_right,2,-0.435094,6.305015,3.787870,-1.332197,-1.142722,-1.067542
45410500.000,Miguel,recording,knock_twice_right,2,-2.012907,5.838147,3.317821,-1.584527,-1.482861,-1.231620
45410510.000,Miguel,recording,knock_twice_right,2,-1.929770,6.929813,2.935103,-1.893398,-1.599764,-1.235370
45410520.000,Miguel,recording,knock_twice_right,2,-1.296009,6.376664,3.028033,-2.279651,-1.672192,-1.129807
45410530.000,Miguel,recording,knock_twice_right,2,-0.621215,5.181222,3.033048,-2.746193,-1.690146,-0.976725
45410540.000,Miguel,recording,knock_twice_right,2,0.253163,4.474857,4.902618,-3.158550,-1.520658,-0.813524
45410550.000,Miguel,recording,knock_twice_right,2,0.638086,4.045341,8.942398,-3.255808,-1.160155,-0.661567
45410560.000,Miguel,recording,knock_twice_right,2,0.649652,3.854418,11.437497,-3.014961,-0.702216,-0.506435
45410570.000,Miguel,recording,knock_twice_right,2,0.441133,3.849398,11.944359,-2.628513,-0.349278,-0.343056
45410580.000,Miguel,recording,knock_twice_right,2,0.643251,3.912792,11.904067,-2.208970,-0.200711,-0.244203
45410590.000,Miguel,recording,knock_twice_right,2,0.760123,3.758325,10.920594,-1.892163,-0.165558,-0.223105
45410600.000,Miguel,recording,knock_twice_right,2,-0.047515,3.442722,9.662604,-1.750985,-0.046673,-0.157438
45410610.000,Miguel,recording,knock_twice_right,2,-0.581448,3.953012,9.668035,-1.653743,0.150465,0.006520
45410620.000,Miguel,recording,knock_twice_right,2,-0.587181,4.473990,10.231938,-1.509163,0.253866,0.179060
45410630.000,Miguel,recording,knock_twice_right,2,-0.368663,4.571530,10.514518,-1.334026,0.175506,0.262889
45410640.000,Miguel,recording,knock_twice_right,2,-0.125685,4.704263,10.727387,-1.117833,-0.010694,0.240677
45410650.000,Miguel,recording,knock_twice_right,2,0.085990,4.757237,10.750739,-0.855874,-0.182438,0.146362
45410660.000,Miguel,recording,knock_twice_right,2,0.554035,4.702213,10.480586,-0.589843,-0.298190,0.012525
45410670.000,Miguel,recording,knock_twice_right,2,1.058229,4.581855,10.257922,-0.338242,-0.361386,-0.148079
45410680.000,Miguel,recording,knock_twice_right,2,1.450496,4.404170,10.247523,-0.095624,-0.349397,-0.323545
45410690.000,Miguel,recording,knock_twice_right,2,1.849360,4.276128,10.220772,0.143268,-0.240757,-0.499559
45410700.000,Miguel,recording,knock_twice_right,2,2.176674,4.188035,9.946314,0.377264,-0.026815,-0.668279
45410710.000,Miguel,recording,knock_twice_right,2,2.158942,4.103750,9.444436,0.585996,0.288223,-0.815921
45410720.000,Miguel,recording,knock_twice_right,2,1.396973,3.664402,8.870495,0.746240,0.617169,-0.878552
45410730.000,Miguel,recording,knock_twice_right,2,0.095228,3.620766,8.033321,0.742505,0.755481,-0.787817
45410740.000,Miguel,recording,knock_twice_right,2,-1.118790,4.540196,7.050895,0.481057,0.604975,-0.549988
45410750.000,Miguel,recording,knock_twice_right,2,-1.841800,4.608484,7.665637,0.191441,0.409819,-0.250512
45410760.000,Miguel,recording,knock_twice_right,2,-1.718205,4.304542,8.881315,0.078788,0.352710,-0.004832
45410770.000,Miguel,recording,knock_twice_right,2,-1.057745,4.385286,9.559437,0.087849,0.338024,0.132005
45410780.000,Miguel,recording,knock_twice_right,2,-0.367373,4.315494,9.841718,0.169357,0.315840,0.162451
45410790.000,Miguel,recording,knock_twice_right,2,0.072970,4.161740,9.714907,0.287611,0.304304,0.110311
45410800.000,Miguel,recording,knock_twice_right,2,0.171532,4.149447,9.360235,0.395618,0.296464,0.013850
45410810.000,Miguel,recording,knock_twice_right,2,-0.059768,4.190157,9.273500,0.487179,0.270647,-0.087532
45410820.000,Miguel,recording,knock_twice_right,2,-0.575812,4.151140,9.260742,0.580447,0.225952,-0.164412
45410830.000,Miguel,recording,knock_twice_right,2,-1.318270,4.043615,9.179561,0.674608,0.137191,-0.197025
45410840.000,Miguel,recording,knock_twice_right,2,-2.081376,3.832459,9.145552,0.753963,-0.053116,-0.182188
45410850.000,Miguel,recording,knock_twice_right,2,-2.602100,3.660846,8.979253,0.774119,-0.323612,-0.123929
45410860.000,Miguel,recording,knock_twice_right,2,-2.727023,3.514378,8.501167,0.682814,-0.573719,-0.019055
45410870.000,Miguel,recording,knock_twice_right,2,-2.199779,3.355762,8.218547,0.540304,-0.710859,0.108151
45410880.000,Miguel,recording,knock_twice_right,2,-1.357189,3.402494,8.463050,0.421997,-0.684193,0.213601
45410890.000,Miguel,recording,knock_twice_right,2,-1.054812,3.672191,8.538616,0.325029,-0.528754,0.295656
45410900.000,Miguel,recording,knock_twice_right,2,-0.868868,4.058958,8.607935,0.242183,-0.295536,0.361373
45410910.000,Miguel,recording,knock_twice_right,2,-0.545262,4.570198,8.757111,0.164934,0.006595,0.405176
45410920.000,Miguel,recording,knock_twice_right,2,-0.361631,4.999529,8.583091,0.075067,0.359257,0.427984
45410930.000,Miguel,recording,knock_twice_right,2,-0.188918,5.086599,8.114013,-0.064394,0.727639,0.425623
45410940.000,Miguel,recording,knock_twice_right,2,-0.049525,4.991561,7.595454,-0.271400,1.062431,0.388555
45410950.000,Miguel,recording,knock_twice_right,2,-0.172350,4.913741,7.194815,-0.536839,1.324321,0.318614
45410960.000,Miguel,recording,knock_twice_right,2,-0.525553,4.970780,7.138663,-0.838760,1.498401,0.227792
45410970.000,Miguel,recording,knock_twice_right,2,-0.878259,5.075657,7.543984,-1.107541,1.570305,0.140989
45410980.000,Miguel,recording,knock_twice_right,2,-1.193244,4.935537,8.185954,-1.265067,1.536816,0.087036
45410990.000,Miguel,recording,knock_twice_right,2,-1.466194,4.402148,8.782193,-1.293646,1.419532,0.065307
45411000.000,Miguel,recording,knock_twice_right,2,-1.424844,4.101585,9.386455,-1.196312,1.190324,0.074413
45411010.000,Miguel,recording,knock_twice_right,2,-1.343027,4.274825,10.151127,-0.973266,0.834830,0.125177
45411020.000,Miguel,recording,knock_twice_right,2,-1.370465,4.403423,10.732706,-0.649573,0.460239,0.203712
45411030.000,Miguel,recording,knock_twice_right,2,-1.147030,4.318022,10.845471,-0.282091,0.169813,0.264073
45411040.000,Miguel,recording,knock_twice_right,2,-0.733595,4.235899,10.546128,0.058762,-0.000953,0.269735
45411050.000,Miguel,recording,knock_twice_right,2,-0.481499,4.253521,9.989602,0.317975,-0.050195,0.228665
45411060.000,Miguel,recording,knock_twice_right,2,-0.439713,4.402132,9.298262,0.465183,-0.006404,0.174245
45411070.000,Miguel,recording,knock_twice_right,2,-0.494134,4.589125,8.632659,0.482971,0.111655,0.130929
45411080.000,Miguel,recording,knock_twice_right,2,-0.564147,4.639388,8.155879,0.388818,0.274643,0.106984
45411090.000,Miguel,recording,knock_twice_right,2,-0.688945,4.611411,8.094920,0.236778,0.425592,0.102996
45411100.000,Miguel,recording,knock_twice_right,2,-0.902135,4.314721,8.469972,0.092802,0.524932,0.107982
45411110.000,Miguel,recording,knock_twice_right,2,-1.326174,3.564684,8.857013,0.000685,0.557771,0.108909
45411120.000,Miguel,recording,knock_twice_right,2,-1.453571,3.401748,9.256051,-0.022641,0.502946,0.120704
45411130.000,Miguel,recording,knock_twice_right,2,-1.722786,3.973203,9.699442,0.034004,0.398516,0.172422
45411140.000,Miguel,recording,knock_twice_right,2,-2.172812,4.329181,9.791158,0.163873,0.341645,0.268035
45411150.000,Miguel,recording,knock_twice_right,2,-2.308175,4.274150,9.561033,0.321274,0.346975,0.367250
45411160.000,Miguel,recording,knock_twice_right,2,-2.009444,4.111503,9.171356,0.448100,0.353778,0.424013
45411170.000,Miguel,recording,knock_twice_right,2,-1.786481,4.056821,8.657026,0.515518,0.340242,0.432906
45411180.000,Miguel,recording,knock_twice_right,2,-1.793940,4.123945,8.161104,0.519461,0.348297,0.414880
45411190.000,Miguel,recording,knock_twice_right,2,-1.859600,4.176072,7.707290,0.464298,0.397928,0.394429
45411200.000,Miguel,recording,knock_twice_right,2,-1.954355,4.235651,7.269041,0.351326,0.462693,0.387683
45411210.000,Miguel,recording,knock_twice_right,2,-2.077767,4.329445,6.989407,0.189998,0.511605,0.397653
45411220.000,Miguel,recording,knock_twice_right,2,-2.178282,4.313192,6.971559,0.010346,0.528570,0.425166
45411230.000,Miguel,recording,knock_twice_right,2,-2.256333,4.213060,7.271219,-0.150739,0.526135,0.472714
45411240.000,Miguel,recording,knock_twice_right,2,-2.181845,4.056525,7.960333,-0.267893,0.517838,0.526522
45411250.000,Miguel,recording,knock_twice_right,2,-1.800217,4.001280,8.906771,-0.311359,0.484314,0.583135
45411260.000,Miguel,recording,knock_twice_right,2,-1.557461,4.251028,9.854127,-0.238066,0.436963,0.650491
45411270.000,Miguel,recording,knock_twice_right,2,-1.508239,4.520802,10.406895,-0.046793,0.412666,0.705096
45411280.000,Miguel,recording,knock_twice_right,2,-1.487752,4.682246,10.493493,0.218027,0.408262,0.712110
45411290.000,Miguel,recording,knock_twice_right,2,-1.465147,4.801984,10.151942,0.502522,0.400710,0.657429
45411300.000,Miguel,recording,knock_twice_right,2,-1.342631,4.970168,9.599136,0.761660,0.340007,0.570604
45411310.000,Miguel,recording,knock_twice_right,2,-1.429057,5.334546,8.984692,0.963782,0.210522,0.500543
45411320.000,Miguel,recording,knock_twice_right,2,-1.620478,5.702292,8.272512,1.078616,0.057943,0.457417
45411330.000,Miguel,recording,knock_twice_right,2,-1.588420,5.928998,7.723946,1.099396,-0.097999,0.426885
45411340.000,Miguel,recording,knock_twice_right,2,-1.425284,5.994169,7.561704,1.056910,-0.245356,0.403987
45411350.000,Miguel,recording,knock_twice_right,2,-1.277993,5.938633,7.758193,1.001155,-0.371047,0.390443
45411360.000,Miguel,recording,knock_twice_right,2,-1.118391,5.783200,8.378285,0.982311,-0.472703,0.387314
45411370.000,Miguel,recording,knock_twice_right,2,-1.025705,5.591304,8.977649,1.032863,-0.516355,0.389493
45411380.000,Miguel,recording,knock_twice_right,2,-0.912189,5.494448,9.236409,1.149269,-0.495809,0.394788
45411390.000,Miguel,recording,knock_twice_right,2,-0.845789,5.634568,9.203873,1.299730,-0.456657,0.407223
45411400.000,Miguel,recording,knock_twice_right,2,-0.811899,5.823258,8.796006,1.437897,-0.415657,0.414046
45411410.000,Miguel,recording,knock_twice_right,2,-0.640593,5.895145,8.103516,1.521061,-0.366316,0.393979
45411420.000,Miguel,recording,knock_twice_right,2,-0.525351,6.001968,7.437108,1.526081,-0.303500,0.342373
45411430.000,Miguel,recording,knock_twice_right,2,-0.563678,6.172689,6.933258,1.457330,-0.218938,0.276239
45411440.000,Miguel,recording,knock_twice_right,2,-0.655883,6.338859,6.597215,1.340992,-0.121768,0.212221
45411450.000,Miguel,recording,knock_twice_right,2,-0.647193,6.512513,6.415925,1.208353,-0.053728,0.168408
45411460.000,Miguel,recording,knock_twice_right,2,-0.816668,6.665043,6.342475,1.077477,-0.039983,0.142797
45411470.000,Miguel,recording,knock_twice_right,2,-0.994276,6.680178,6.280757,0.956788,-0.063758,0.111492
45411480.000,Miguel,recording,knock_twice_right,2,-1.047163,6.654395,6.303662,0.860820,-0.108675,0.072981
45411490.000,Miguel,recording,knock_twice_right,2,-0.951546,6.634713,6.407751,0.791744,-0.175285,0.032338
45411500.000,Miguel,recording,knock_twice_right,2,-0.784973,6.597672,6.480142,0.741379,-0.258750,-0.011284
45411510.000,Miguel,recording,knock_twice_right,2,-0.770036,6.583028,6.455569,0.697546,-0.335296,-0.058663
45411520.000,Miguel,recording,knock_twice_right,2,-0.868825,6.618673,6.378526,0.648631,-0.386507,-0.101125
45411530.000,Miguel,recording,knock_twice_right,2,-0.982036,6.659532,6.275424,0.588492,-0.412389,-0.126921
45411540.000,Miguel,recording,knock_twice_right,2,-1.055870,6.695701,6.194873,0.514342,-0.423013,-0.134812
45411550.000,Miguel,recording,knock_twice_right,2,-1.088285,6.732536,6.173334,0.427786,-0.429806,-0.129308
45411560.000,Miguel,recording,knock_twice_right,2,-1.066804,6.756524,6.260598,0.341622,-0.441911,-0.115138
45411570.000,Miguel,recording,knock_twice_right,2,-0.980060,6.718177,6.473023,0.276757,-0.462794,-0.096450
45411580.000,Miguel,recording,knock_twice_right,2,-0.877182,6.690254,6.667377,0.239242,-0.483690,-0.078063
45411590.000,Miguel,recording,knock_twice_right,2,-0.800878,6.711071,6.789165,0.223131,-0.498615,-0.062317
45411600.000,Miguel,recording,knock_twice_right,2,-0.711676,6.773044,6.898656,0.217800,-0.511331,-0.050797
45411610.000,Miguel,recording,knock_twice_right,2,-0.590562,6.780441,7.049744,0.214720,-0.510753,-0.046323
45411620.000,Miguel,recording,knock_twice_right,2,-0.510669,6.801399,7.163415,0.214077,-0.473914,-0.047892
45411630.000,Miguel,recording,knock_twice_right,2,-0.523683,6.878229,7.208499,0.212577,-0.404062,-0.054799
45411640.000,Miguel,recording,knock_twice_right,2,-0.584864,6.971517,7.226009,0.205144,-0.332133,-0.063610
45411650.000,Miguel,recording,knock_twice_right,2,-0.631338,7.004929,7.202987,0.197655,-0.271044,-0.069177
45411660.000,Miguel,recording,knock_twice_right,2,-0.657440,6.979591,7.121271,0.190800,-0.214321,-0.074572
45411670.000,Miguel,recording,knock_twice_right,2,-0.744009,7.013785,7.098054,0.187925,-0.171396,-0.072187
45411680.000,Miguel,recording,knock_twice_right,2,-0.823599,7.070462,7.136433,0.193867,-0.157544,-0.058134
45411690.000,Miguel,recording,knock_twice_right,2,-0.792376,7.069442,7.141058,0.206027,-0.161272,-0.045652
45411700.000,Miguel,recording,knock_twice_right,2,-0.755777,7.023488,7.145744,0.221067,-0.164826,-0.038900
45411710.000,Miguel,recording,knock_twice_right,2,-0.714380,6.995585,7.276292,0.237292,-0.159206,-0.033328
45411720.000,Miguel,recording,knock_twice_right,2,-0.613767,7.011403,7.417789,0.259250,-0.132044,-0.027915
45411730.000,Miguel,recording,knock_twice_right,2,-0.458416,6.996956,7.397520,0.282115,-0.079031,-0.030282
45411740.000,Miguel,recording,knock_twice_right,2,-0.343661,6.975507,7.202001,0.287988,-0.002184,-0.052061
45411750.000,Miguel,recording,knock_twice_right,2,-0.427707,7.054169,6.953353,0.263724,0.090214,-0.087629
45411760.000,Miguel,recording,knock_twice_right,2,-0.634515,7.169148,6.745173,0.212783,0.180705,-0.115957
45411770.000,Miguel,recording,knock_twice_right,2,-0.865995,7.215840,6.596504,0.148528,0.252324,-0.128690
45411780.000,Miguel,recording,knock_twice_right,2,-1.009790,7.163971,6.527192,0.085626,0.296098,-0.129253
45411790.000,Miguel,recording,knock_twice_right,2,-1.052997,7.077952,6.518097,0.035462,0.306780,-0.122900
45411800.000,Miguel,recording,knock_twice_right,2,-1.113594,7.049509,6.630114,0.011751,0.280678,-0.107193
45411810.000,Miguel,recording,knock_twice_right,2,-1.182245,7.060729,6.750863,0.019360,0.226143,-0.081670
45411820.000,Miguel,recording,knock_twice_right,2,-1.176953,7.027323,6.773028,0.049103,0.160375,-0.054183
45411830.000,Miguel,recording,knock_twice_right,2,-1.114405,6.982957,6.731855,0.088973,0.094674,-0.029667
45411840.000,Miguel,recording,knock_twice_right,2,-0.978194,6.934684,6.650182,0.123696,0.035286,-0.011061
45411850.000,Miguel,recording,knock_twice_right,2,-0.837050,6.912987,6.532895,0.144082,-0.006530,0.001917
45411860.000,Miguel,recording,knock_twice_right,2,-0.791450,6.941261,6.455673,0.146940,-0.026699,0.008558
45411870.000,Miguel,recording,knock_twice_right,2,-0.828678,6.983653,6.489907,0.138086,-0.036216,0.014384
45411880.000,Miguel,recording,knock_twice_right,2,-0.796186,7.018394,6.575221,0.132120,-0.035467,0.023615
45411890.000,Miguel,recording,knock_twice_right,2,-0.705062,7.028091,6.555698,0.133965,-0.017140,0.031533
45411900.000,Miguel,recording,knock_twice_right,2,-0.707526,7.034191,6.470271,0.136981,0.008613,0.034533
45411910.000,Miguel,recording,knock_twice_right,2,-0.830913,7.080405,6.364080,0.136394,0.029060,0.038849
45411920.000,Miguel,recording,knock_twice_right,2,-0.901452,7.121612,6.299437,0.132089,0.030487,0.052716
45411930.000,Miguel,recording,knock_twice_right,2,-0.859719,7.159805,6.306660,0.128409,0.005858,0.069741
45411940.000,Miguel,recording,knock_twice_right,2,-0.777199,7.187884,6.355221,0.129650,-0.036506,0.079392
45411950.000,Miguel,recording,knock_twice_right,2,-0.672503,7.220558,6.411938,0.135473,-0.082258,0.074698
45411960.000,Miguel,recording,knock_twice_right,2,-0.603765,7.254296,6.385608,0.137646,-0.111353,0.057467
45411970.000,Miguel,recording,knock_twice_right,2,-0.612935,7.268992,6.322030,0.127688,-0.116288,0.038388
45411980.000,Miguel,recording,knock_twice_right,2,-0.684534,7.259956,6.244010,0.103940,-0.101455,0.025124
45411990.000,Miguel,recording,knock_twice_right,2,-0.800033,7.242059,6.197845,0.066967,-0.075604,0.021777
45412000.000,Miguel,recording,knock_twice_right,2,-0.886438,7.226493,6.180246,0.023533,-0.050742,0.029114
45412010.000,Miguel,recording,knock_twice_right,2,-0.879810,7.222769,6.214266,-0.020678,-0.033222,0.041252
45412020.000,Miguel,recording,knock_twice_right,2,-0.757045,7.220659,6.286723,-0.059642,-0.021616,0.049778
45412030.000,Miguel,recording,knock_twice_right,2,-0.610799,7.214013,6.372352,-0.086441,-0.014645,0.050225
45412040.000,Miguel,recording,knock_twice_right,2,-0.493700,7.214811,6.501593,-0.097569,-0.015153,0.042299
45412050.000,Miguel,recording,knock_twice_right,2,-0.452983,7.225743,6.671163,-0.090662,-0.025013,0.027157
45412060.000,Miguel,recording,knock_twice_right,2,-0.487207,7.218413,6.740915,-0.069060,-0.038194,0.010552
45412070.000,Miguel,recording,knock_twice_right,2,-0.571182,7.203292,6.729694,-0.042249,-0.049322,-0.001978
45412080.000,Miguel,recording,knock_twice_right,2,-0.664883,7.219854,6.694926,-0.017371,-0.057054,-0.004713
45412090.000,Miguel,recording,knock_twice_right,2,-0.697235,7.251936,6.685684,0.005397,-0.060579,0.002244
45412100.000,Miguel,recording,knock_twice_right,2,-0.688766,7.273719,6.658869,0.024207,-0.063864,0.012049
45412110.000,Miguel,recording,knock_twice_right,2,-0.637498,7.286662,6.626970,0.038848,-0.073914,0.018338
45412120.000,Miguel,recording,knock_twice_right,2,-0.559693,7.315055,6.624375,0.051456,-0.088381,0.016312
45412130.000,Miguel,recording,knock_twice_right,2,-0.487113,7.324129,6.638291,0.059184,-0.095723,0.007668
45412140.000,Miguel,recording,knock_twice_right,2,-0.481861,7.306022,6.594595,0.058367,-0.088845,-0.003111
45412150.000,Miguel,recording,knock_twice_right,2,-0.533725,7.320010,6.526530,0.044670,-0.067278,-0.010753
45412160.000,Miguel,recording,knock_twice_right,2,-0.575695,7.346809,6.521569,0.022417,-0.038025,-0.013917
45412170.000,Miguel,recording,knock_twice_right,2,-0.586441,7.319870,6.560939,0.001272,-0.009299,-0.014288
45412180.000,Miguel,recording,knock_twice_right,2,-0.595118,7.256805,6.596681,-0.012513,0.017547,-0.013491
45412190.000,Miguel,recording,knock_twice_right,2,-0.611041,7.225403,6.615694,-0.015443,0.040544,-0.012824
45412200.000,Miguel,recording,knock_twice_right,2,-0.593305,7.226707,6.588941,-0.010712,0.053254,-0.013170
45412210.000,Miguel,recording,knock_twice_right,2,-0.565975,7.218918,6.541404,-0.004030,0.052606,-0.016425
45412220.000,Miguel,recording,knock_twice_right,2,-0.549676,7.213730,6.497386,0.000330,0.042946,-0.023998
45412230.000,Miguel,recording,knock_twice_right,2,-0.584651,7.218087,6.438465,0.000898,0.031410,-0.033694
45412240.000,Miguel,recording,knock_twice_right,2,-0.668880,7.217624,6.401590,-0.003212,0.019444,-0.039638
45412250.000,Miguel,recording,knock_twice_right,2,-0.766474,7.188523,6.364077,-0.014256,0.008549,-0.038391
45412260.000,Miguel,recording,knock_twice_right,2,-0.813675,7.166191,6.325092,-0.031615,-0.001248,-0.030995
45412270.000,Miguel,recording,knock_twice_right,2,-0.779949,7.150269,6.336111,-0.050386,-0.012167,-0.021352
45412280.000,Miguel,recording,knock_twice_right,2,-0.651399,7.135967,6.400861,-0.066310,-0.018905,-0.016059
45412290.000,Miguel,recording,knock_twice_right,2,-0.533586,7.120963,6.505199,-0.073269,-0.012734,-0.019747
45412300.000,Miguel,recording,knock_twice_right,2,-0.514407,7.093380,6.625078,-0.068383,0.005724,-0.030032
45412310.000,Miguel,recording,knock_twice_right,2,-0.569403,7.102838,6.739222,-0.052927,0.029032,-0.039956
45412320.000,Miguel,recording,knock_twice_right,2,-0.663913,7.117334,6.772647,-0.028432,0.051207,-0.043801
45412330.000,Miguel,recording,knock_twice_right,2,-0.731035,7.125803,6.747205,0.000139,0.065130,-0.039810
45412340.000,Miguel,recording,knock_twice_right,2,-0.769391,7.133239,6.673153,0.027622,0.065637,-0.029091
45412350.000,Miguel,recording,knock_twice_right,2,-0.776857,7.133487,6.595839,0.048392,0.052445,-0.016201
45412360.000,Miguel,recording,knock_twice_right,2,-0.790580,7.170233,6.501004,0.060150,0.029792,-0.006140
45412370.000,Miguel,recording,knock_twice_right,2,-0.801916,7.217078,6.390360,0.059123,0.003509,-0.001319
45412380.000,Miguel,recording,knock_twice_right,2,-0.782581,7.272379,6.342971,0.043421,-0.017102,-0.000589
45412390.000,Miguel,recording,knock_twice_right,2,-0.715489,7.291375,6.353678,0.020647,-0.022293,-0.004337
45412400.000,Miguel,recording,knock_twice_right,2,-0.661102,7.254489,6.401610,-0.002235,-0.009503,-0.012125
45412410.000,Miguel,recording,knock_twice_right,2,-0.673931,7.204084,6.439770,-0.023287,0.015178,-0.019142
45412420.000,Miguel,recording,knock_twice_right,2,-0.671727,7.199977,6.506340,-0.041052,0.036443,-0.021457
45412430.000,Miguel,recording,knock_twice_right,2,-0.600612,7.199112,6.621445,-0.047229,0.045016,-0.021451
45412440.000,Miguel,recording,knock_twice_right,2,-0.519445,7.192096,6.750635,-0.036120,0.043255,-0.027006
45412450.000,Miguel,recording,knock_twice_right,2,-0.367671,7.254663,6.914081,-0.007508,0.037471,-0.042353
45412460.000,Miguel,recording,knock_twice_right,2,-0.348582,7.270463,6.958177,0.039243,0.043675,-0.064024
45412470.000,Miguel,recording,knock_twice_right,2,-0.579781,7.185284,6.807893,0.090844,0.059671,-0.079361
45412480.000,Miguel,recording,knock_twice_right,2,-1.325296,7.064971,6.423419,0.119328,0.078210,-0.057281
45412490.000,Miguel,recording,knock_twice_right,2,-2.837912,6.805302,5.543740,0.072003,0.085071,0.047812
45412500.000,Miguel,recording,knock_twice_right,2,-1.860655,6.775261,5.802279,-0.032560,0.033444,0.179479
45412510.000,Miguel,recording,knock_twice_right,2,-0.794339,7.147440,6.035399,-0.127284,-0.002926,0.250352
45412520.000,Miguel,recording,knock_twice_right,2,-0.294840,7.292581,6.325442,-0.187619,0.009771,0.239336
45412530.000,Miguel,recording,knock_twice_right,2,0.249861,7.443039,6.757958,-0.201785,0.006566,0.149602
45412540.000,Miguel,recording,knock_twice_right,2,0.409968,7.529191,6.978363,-0.177645,0.005997,0.013922
45412550.000,Miguel,recording,knock_twice_right,2,0.158579,7.499150,7.103935,-0.130414,0.008260,-0.123706
45412560.000,Miguel,recording,knock_twice_right,2,-0.374145,7.371493,7.146640,-0.071773,0.001812,-0.221002
45412570.000,Miguel,recording,knock_twice_right,2,-0.808395,7.095050,6.943606,-0.017093,0.024394,-0.254317
45412580.000,Miguel,recording,knock_twice_right,2,-1.142476,6.973577,6.604124,0.010407,0.073060,-0.211470
45412590.000,Miguel,recording,knock_twice_right,2,-1.313348,7.059481,6.474747,0.009644,0.089047,-0.105031
45412600.000,Miguel,recording,knock_twice_right,2,-1.194374,7.196494,6.538867,0.008779,0.059292,0.015235
45412610.000,Miguel,recording,knock_twice_right,2,-0.746496,7.357686,6.718076,0.032830,-0.001478,0.091118
45412620.000,Miguel,recording,knock_twice_right,2,-0.294857,7.501949,6.932962,0.087968,-0.077936,0.095343
45412630.000,Miguel,recording,knock_twice_right,2,-0.133515,7.523373,7.031752,0.165459,-0.141022,0.044852
45412640.000,Miguel,recording,knock_twice_right,2,-0.179339,7.437197,6.986679,0.239560,-0.169221,-0.021903
45412650.000,Miguel,recording,knock_twice_right,2,-0.384741,7.273080,6.761885,0.283270,-0.144555,-0.074752
45412660.000,Miguel,recording,knock_twice_right,2,-1.234620,6.952899,6.146011,0.268242,-0.056464,-0.071441
45412670.000,Miguel,recording,knock_twice_right,2,-1.748589,6.875370,5.864100,0.188778,0.019629,0.010807
45412680.000,Miguel,recording,knock_twice_right,2,-1.464202,7.041477,5.868780,0.079164,0.048950,0.127596
45412690.000,Miguel,recording,knock_twice_right,2,-0.795457,7.121300,6.015467,-0.016178,0.065789,0.199720
45412700.000,Miguel,recording,knock_twice_right,2,-0.174281,7.236421,6.364367,-0.062819,0.050472,0.182876
45412710.000,Miguel,recording,knock_twice_right,2,0.022120,7.404927,6.632544,-0.053825,0.004210,0.094659
45412720.000,Miguel,recording,knock_twice_right,2,-0.095304,7.426516,6.552669,-0.016180,-0.036771,-0.021441
45412730.000,Miguel,recording,knock_twice_right,2,-0.418489,7.321854,6.311520,0.008487,-0.067202,-0.116732
45412740.000,Miguel,recording,knock_twice_right,2,-0.909459,7.246774,6.182861,0.001706,-0.105208,-0.154015
45412750.000,Miguel,recording,knock_twice_right,2,-1.180926,7.073470,6.259418,-0.019319,-0.139464,-0.136057
45412760.000,Miguel,recording,knock_twice_right,2,-1.139708,6.945375,6.392738,-0.032595,-0.137090,-0.086330
45412770.000,Miguel,recording,knock_twice_right,2,-1.057146,6.973706,6.472737,-0.036232,-0.102701,-0.021927
45412780.000,Miguel,recording,knock_twice_right,2,-0.966708,7.071707,6.566395,-0.031790,-0.078407,0.041047
45412790.000,Miguel,recording,knock_twice_right,2,-0.749933,7.164976,6.677598,-0.013182,-0.080390,0.084445
45412800.000,Miguel,recording,knock_twice_right,2,-0.516770,7.198100,6.704766,0.018234,-0.097212,0.094731
45412810.000,Miguel,recording,knock_twice_right,2,-0.392569,7.247304,6.682414,0.054081,-0.123872,0.077749
45412820.000,Miguel,recording,knock_twice_right,2,-0.356019,7.317423,6.654660,0.082753,-0.153365,0.049353
45412830.000,Miguel,recording,knock_twice_right,2,-0.406544,7.355291,6.511114,0.093169,-0.163597,0.020353
45412840.000,Miguel,recording,knock_twice_right,2,-0.538300,7.375049,6.341830,0.079136,-0.146996,0.002321
45412850.000,Miguel,recording,knock_twice_right,2,-0.700360,7.385385,6.239827,0.043673,-0.120334,0.002280
45412860.000,Miguel,recording,knock_twice_right,2,-0.766497,7.395939,6.292293,-0.000124,-0.104739,0.014167
45412870.000,Miguel,recording,knock_twice_right,2,-0.621317,7.375071,6.526894,-0.033697,-0.102628,0.020485
45412880.000,Miguel,recording,knock_twice_right,2,-0.427162,7.327078,6.734974,-0.045837,-0.086401,0.011039
45412890.000,Miguel,recording,knock_twice_right,2,-0.393772,7.308261,6.797432,-0.042384,-0.044231,-0.005726
45412900.000,Miguel,recording,knock_twice_right,2,-0.498594,7.296854,6.776213,-0.033383,0.000563,-0.017459
45412910.000,Miguel,recording,knock_twice_right,2,-0.660254,7.269990,6.699563,-0.025247,0.031108,-0.015527
45412920.000,Miguel,recording,knock_twice_right,2,-0.805283,7.225990,6.664076,-0.016584,0.041320,-0.003173
45412930.000,Miguel,recording,knock_twice_right,2,-0.779893,7.218513,6.684822,-0.001807,0.029333,0.012608
45412940.000,Miguel,recording,knock_twice_right,2,-0.589025,7.228368,6.681195,0.018944,0.009914,0.022027
45412950.000,Miguel,recording,knock_twice_right,2,-0.452492,7.224273,6.611398,0.038827,-0.000454,0.018201
45412960.000,Miguel,recording,knock_twice_right,2,-0.475138,7.254402,6.515398,0.048090,-0.001313,0.010287
45412970.000,Miguel,recording,knock_twice_right,2,-0.569014,7.280569,6.431619,0.044156,-0.002831,0.007251
45412980.000,Miguel,recording,knock_twice_right,2,-0.583631,7.260259,6.405273,0.034650,-0.010281,0.009738
45412990.000,Miguel,recording,knock_twice_right,2,-0.586523,7.248786,6.462952,0.025376,-0.024882,0.011432
45413000.000,Miguel,recording,knock_twice_right,2,-0.579642,7.280189,6.531807,0.020860,-0.037254,0.008441
45413010.000,Miguel,recording,knock_twice_right,2,-0.561310,7.312417,6.584993,0.023351,-0.031610,0.004976
45413020.000,Miguel,recording,knock_twice_right,2,-0.565936,7.291651,6.564451,0.027542,-0.009605,0.004751
45413030.000,Miguel,recording,knock_twice_right,2,-0.619713,7.243876,6.466981,0.028996,0.016445,0.009944
45413040.000,Miguel,recording,knock_twice_right,2,-0.650556,7.237306,6.398831,0.025879,0.031735,0.021438
45413050.000,Miguel,recording,knock_twice_right,2,-0.570792,7.256662,6.415351,0.023916,0.026608,0.030652
45413060.000,Miguel,recording,knock_twice_right,2,-0.400750,7.275327,6.458970,0.028663,0.010682,0.024891
45413070.000,Miguel,recording,knock_twice_right,2,-0.308169,7.291459,6.466224,0.037823,-0.000403,0.006595
45413080.000,Miguel,recording,knock_twice_right,2,-0.367885,7.315343,6.421769,0.046030,-0.004389,-0.011992
45413090.000,Miguel,recording,knock_twice_right,2,-0.462948,7.313833,6.342911,0.046062,-0.010331,-0.021964
45413100.000,Miguel,recording,knock_twice_right,2,-0.552561,7.312913,6.269373,0.036726,-0.023976,-0.022046
45413110.000,Miguel,recording,knock_twice_right,2,-0.607493,7.337140,6.297375,0.021914,-0.039645,-0.016420
45413120.000,Miguel,recording,knock_twice_right,2,-0.600220,7.363073,6.374657,0.008239,-0.045934,-0.008763
45413130.000,Miguel,recording,knock_twice_right,2,-0.556589,7.349081,6.390671,0.000967,-0.039205,-0.004297
45413140.000,Miguel,recording,knock_twice_right,2,-0.490058,7.338079,6.381936,-0.003248,-0.033180,-0.005864
45413150.000,Miguel,recording,knock_twice_right,2,-0.434835,7.352491,6.386775,-0.007470,-0.040869,-0.014600
45413160.000,Miguel,recording,knock_twice_right,2,-0.392561,7.337127,6.421311,-0.011711,-0.055648,-0.030082
45413170.000,Miguel,recording,knock_twice_right,2,-0.392903,7.309444,6.448535,-0.016892,-0.059733,-0.048677
45413180.000,Miguel,recording,knock_twice_right,2,-0.457361,7.251338,6.436864,-0.023393,-0.046514,-0.062377
45413190.000,Miguel,recording,knock_twice_right,2,-0.553271,7.208758,6.403871,-0.033562,-0.028148,-0.063444
45413200.000,Miguel,recording,knock_twice_right,2,-0.606586,7.197486,6.462084,-0.043106,-0.021340,-0.055426
45413210.000,Miguel,recording,knock_twice_right,2,-0.589126,7.197949,6.589464,-0.041849,-0.025069,-0.046129
45413220.000,Miguel,recording,knock_twice_right,2,-0.558730,7.201582,6.675180,-0.026074,-0.025492,-0.040655
45413230.000,Miguel,recording,knock_twice_right,2,-0.557614,7.215096,6.670019,-0.002325,-0.019465,-0.037484
45413240.000,Miguel,recording,knock_twice_right,3,-0.612851,7.202442,6.587424,0.020048,-0.012227,-0.032155
45413250.000,Miguel,recording,knock_twice_right,3,-0.695126,7.193693,6.482651,0.033739,-0.011052,-0.020608
45413260.000,Miguel,recording,knock_twice_right,3,-0.733797,7.239178,6.412924,0.034769,-0.023902,-0.006761
45413270.000,Miguel,recording,knock_twice_right,3,-0.655900,7.306308,6.414306,0.023656,-0.041165,0.000277
45413280.000,Miguel,recording,knock_twice_right,3,-0.539252,7.327249,6.425028,0.004669,-0.036376,-0.000504
45413290.000,Miguel,recording,knock_twice_right,3,-0.542957,7.318270,6.417765,-0.018494,-0.005121,-0.004934
45413300.000,Miguel,recording,knock_twice_right,3,-0.609954,7.300273,6.400343,-0.044015,0.031396,-0.004958
45413310.000,Miguel,recording,knock_twice_right,3,-0.671150,7.275877,6.375840,-0.067704,0.055090,0.002462
45413320.000,Miguel,recording,knock_twice_right,3,-0.670708,7.254066,6.347996,-0.088140,0.060272,0.013388
45413330.000,Miguel,recording,knock_twice_right,3,-0.617398,7.283548,6.351473,-0.105020,0.047755,0.022930
45413340.000,Miguel,recording,knock_twice_right,3,-0.553820,7.316190,6.395728,-0.114853,0.023182,0.026305
45413350.000,Miguel,recording,knock_twice_right,3,-0.491919,7.304122,6.422294,-0.118915,-0.002029,0.021483
45413360.000,Miguel,recording,knock_twice_right,3,-0.456475,7.278071,6.389910,-0.122108,-0.016942,0.011038
45413370.000,Miguel,recording,knock_twice_right,3,-0.466920,7.254191,6.319192,-0.131182,-0.019398,0.000735
45413380.000,Miguel,recording,knock_twice_right,3,-0.513666,7.269343,6.296904,-0.150482,-0.024024,-0.003870
45413390.000,Miguel,recording,knock_twice_right,3,-0.508031,7.276766,6.464579,-0.168868,-0.045472,-0.005757
45413400.000,Miguel,recording,knock_twice_right,3,-0.424447,7.216156,6.691002,-0.164202,-0.062022,-0.011470
45413410.000,Miguel,recording,knock_twice_right,3,-0.376311,7.135910,6.834899,-0.132368,-0.056856,-0.019777
45413420.000,Miguel,recording,knock_twice_right,3,-0.373820,7.129857,6.925391,-0.086315,-0.052347,-0.026052
45413430.000,Miguel,recording,knock_twice_right,3,-0.406905,7.164018,6.972315,-0.035362,-0.059726,-0.030214
45413440.000,Miguel,recording,knock_twice_right,3,-0.458749,7.199157,6.958544,0.016320,-0.070053,-0.033496
45413450.000,Miguel,recording,knock_twice_right,3,-0.512539,7.232155,6.862102,0.060256,-0.073464,-0.033614
45413460.000,Miguel,recording,knock_twice_right,3,-0.571133,7.262378,6.715406,0.085414,-0.071753,-0.028709
45413470.000,Miguel,recording,knock_twice_right,3,-0.592181,7.288991,6.625060,0.092076,-0.073767,-0.021341
45413480.000,Miguel,recording,knock_twice_right,3,-0.555517,7.297210,6.584636,0.085761,-0.072477,-0.017000
45413490.000,Miguel,recording,knock_twice_right,3,-0.502547,7.278563,6.528051,0.070001,-0.058619,-0.018605
45413500.000,Miguel,recording,knock_twice_right,3,-0.498784,7.241113,6.454852,0.044460,-0.038175,-0.023649
45413510.000,Miguel,recording,knock_twice_right,3,-0.536490,7.222725,6.433014,0.012032,-0.023666,-0.028284
45413520.000,Miguel,recording,knock_twice_right,3,-0.598737,7.202881,6.466514,-0.017682,-0.017011,-0.030208
45413530.000,Miguel,recording,knock_twice_right,3,-0.615120,7.140844,6.551689,-0.035385,-0.014912,-0.030076
45413540.000,Miguel,recording,knock_twice_right,3,-0.573801,7.055592,6.669645,-0.034343,-0.016853,-0.031850
45413550.000,Miguel,recording,knock_twice_right,3,-0.563765,6.998188,6.754962,-0.015510,-0.019561,-0.035699
45413560.000,Miguel,recording,knock_twice_right,3,-0.603741,6.987154,6.752397,0.012612,-0.021942,-0.038566
45413570.000,Miguel,recording,knock_twice_right,3,-0.705367,7.041882,6.681473,0.037794,-0.023547,-0.034197
45413580.000,Miguel,recording,knock_twice_right,3,-0.788130,7.080753,6.617319,0.052345,-0.023904,-0.018701
45413590.000,Miguel,recording,knock_twice_right,3,-0.760952,7.089611,6.549891,0.057716,-0.021569,0.002409
45413600.000,Miguel,recording,knock_twice_right,3,-0.690067,7.104654,6.506437,0.058045,-0.017793,0.020897
45413610.000,Miguel,recording,knock_twice_right,3,-0.648068,7.115898,6.491513,0.054426,-0.014330,0.035105
45413620.000,Miguel,recording,knock_twice_right,3,-0.589966,7.136737,6.461035,0.045461,-0.013815,0.047224
45413630.000,Miguel,recording,knock_twice_right,3,-0.518800,7.158595,6.399246,0.031752,-0.017036,0.053200
45413640.000,Miguel,recording,knock_twice_right,3,-0.455593,7.188178,6.362940,0.013297,-0.021190,0.050704
45413650.000,Miguel,recording,knock_twice_right,3,-0.437541,7.215906,6.361368,-0.008367,-0.025412,0.044342
45413660.000,Miguel,recording,knock_twice_right,3,-0.456477,7.261353,6.438329,-0.026455,-0.029978,0.037918
45413670.000,Miguel,recording,knock_twice_right,3,-0.447487,7.296733,6.572373,-0.033082,-0.032192,0.031838
45413680.000,Miguel,recording,knock_twice_right,3,-0.412707,7.298431,6.630407,-0.029265,-0.027843,0.025268
45413690.000,Miguel,recording,knock_twice_right,3,-0.422126,7.318279,6.623478,-0.023250,-0.022879,0.021269
45413700.000,Miguel,recording,knock_twice_right,3,-0.485083,7.341320,6.606406,-0.017621,-0.025119,0.021787
45413710.000,Miguel,recording,knock_twice_right,3,-0.527732,7.332095,6.628363,-0.011249,-0.036314,0.023577
45413720.000,Miguel,recording,knock_twice_right,3,-0.488259,7.272851,6.631556,-0.003921,-0.049129,0.024042
45413730.000,Miguel,recording,knock_twice_right,3,-0.447030,7.217116,6.607054,0.003153,-0.051735,0.022974
45413740.000,Miguel,recording,knock_twice_right,3,-0.439286,7.212761,6.597426,0.008290,-0.047169,0.025002
45413750.000,Miguel,recording,knock_twice_right,3,-0.446068,7.204784,6.609684,0.011660,-0.045824,0.031746
45413760.000,Miguel,recording,knock_twice_right,3,-0.427859,7.192430,6.647445,0.016772,-0.052704,0.037084
45413770.000,Miguel,recording,knock_twice_right,3,-0.343600,7.167981,6.732954,0.031288,-0.068336,0.035603
45413780.000,Miguel,recording,knock_twice_right,3,-0.296319,7.142965,6.775340,0.055095,-0.085465,0.028732
45413790.000,Miguel,recording,knock_twice_right,3,-0.342586,7.121299,6.705736,0.078751,-0.101630,0.020247
45413800.000,Miguel,recording,knock_twice_right,3,-0.440426,7.130961,6.596051,0.089905,-0.120458,0.018225
45413810.000,Miguel,recording,knock_twice_right,3,-0.536475,7.156471,6.536457,0.083325,-0.136403,0.027947
45413820.000,Miguel,recording,knock_twice_right,3,-0.540565,7.193820,6.540184,0.065900,-0.142148,0.041400
45413830.000,Miguel,recording,knock_twice_right,3,-0.456430,7.182967,6.599326,0.049212,-0.137356,0.047986
45413840.000,Miguel,recording,knock_twice_right,3,-0.402750,7.146679,6.694581,0.041929,-0.122876,0.045743
45413850.000,Miguel,recording,knock_twice_right,3,-0.435286,7.130333,6.748006,0.046057,-0.102505,0.043180
45413860.000,Miguel,recording,knock_twice_right,3,-0.481033,7.145993,6.747054,0.060574,-0.083093,0.045828
45413870.000,Miguel,recording,knock_twice_right,3,-0.487902,7.172390,6.705529,0.080040,-0.070334,0.052534
45413880.000,Miguel,recording,knock_twice_right,3,-0.443898,7.207028,6.637513,0.100922,-0.072161,0.054777
45413890.000,Miguel,recording,knock_twice_right,3,-0.418522,7.227701,6.539470,0.116480,-0.088187,0.046393
45413900.000,Miguel,recording,knock_twice_right,3,-0.527651,7.280203,6.436261,0.117396,-0.106165,0.039071
45413910.000,Miguel,recording,knock_twice_right,3,-0.667005,7.361880,6.395822,0.101579,-0.114022,0.046220
45413920.000,Miguel,recording,knock_twice_right,3,-0.704357,7.377552,6.439738,0.074699,-0.109803,0.066972
45413930.000,Miguel,recording,knock_twice_right,3,-0.593133,7.353578,6.529104,0.050978,-0.095574,0.088774
45413940.000,Miguel,recording,knock_twice_right,3,-0.468837,7.310703,6.623138,0.038270,-0.068491,0.103170
45413950.000,Miguel,recording,knock_twice_right,3,-0.380756,7.270867,6.651053,0.034902,-0.031996,0.114386
45413960.000,Miguel,recording,knock_twice_right,3,-0.310024,7.263986,6.626027,0.039127,0.003153,0.126804
45413970.000,Miguel,recording,knock_twice_right,3,-0.244064,7.302615,6.571259,0.050244,0.029944,0.137265
45413980.000,Miguel,recording,knock_twice_right,3,-0.147610,7.346983,6.512750,0.064852,0.039568,0.137633
45413990.000,Miguel,recording,knock_twice_right,3,0.030482,7.374835,6.450316,0.079359,0.031382,0.122850
45414000.000,Miguel,recording,knock_twice_right,3,0.125098,7.394145,6.328147,0.088221,0.021616,0.097342
45414010.000,Miguel,recording,knock_twice_right,3,0.021316,7.435089,6.185273,0.081991,0.016595,0.076061
45414020.000,Miguel,recording,knock_twice_right,3,-0.133807,7.475032,6.094761,0.061326,0.010801,0.070257
45414030.000,Miguel,recording,knock_twice_right,3,-0.164525,7.475477,6.114647,0.033047,0.001895,0.073837
45414040.000,Miguel,recording,knock_twice_right,3,-0.056661,7.474752,6.259229,0.010001,-0.003401,0.076667
45414050.000,Miguel,recording,knock_twice_right,3,0.021032,7.498906,6.386007,0.002247,0.006441,0.072263
45414060.000,Miguel,recording,knock_twice_right,3,0.003372,7.528798,6.412509,0.007171,0.024308,0.064187
45414070.000,Miguel,recording,knock_twice_right,3,-0.049392,7.559788,6.415867,0.020151,0.032167,0.060446
45414080.000,Miguel,recording,knock_twice_right,3,-0.011364,7.557965,6.395616,0.036797,0.024255,0.057687
45414090.000,Miguel,recording,knock_twice_right,3,0.075206,7.547380,6.311853,0.050303,0.006581,0.049118
45414100.000,Miguel,recording,knock_twice_right,3,0.099570,7.560854,6.192851,0.051298,-0.013582,0.035896
45414110.000,Miguel,recording,knock_twice_right,3,0.085238,7.591697,6.120768,0.036458,-0.032870,0.022887
45414120.000,Miguel,recording,knock_twice_right,3,0.086222,7.579131,6.122321,0.012162,-0.047762,0.010636
45414130.000,Miguel,recording,knock_twice_right,3,0.138391,7.524892,6.200152,-0.013230,-0.053964,-0.005308
45414140.000,Miguel,recording,knock_twice_right,3,0.167581,7.488478,6.267639,-0.034711,-0.045045,-0.027159
45414150.000,Miguel,recording,knock_twice_right,3,0.091394,7.470470,6.263653,-0.054810,-0.020769,-0.049065
45414160.000,Miguel,recording,knock_twice_right,3,-0.087280,7.465168,6.239483,-0.078692,0.008387,-0.060404
45414170.000,Miguel,recording,knock_twice_right,3,-0.242765,7.450169,6.258214,-0.104178,0.030237,-0.056103
45414180.000,Miguel,recording,knock_twice_right,3,-0.298960,7.458718,6.367221,-0.121694,0.043349,-0.038709
45414190.000,Miguel,recording,knock_twice_right,3,-0.226664,7.457641,6.493960,-0.121846,0.047838,-0.018003
45414200.000,Miguel,recording,knock_twice_right,3,-0.104264,7.484739,6.599823,-0.106610,0.036662,-0.001883
45414210.000,Miguel,recording,knock_twice_right,3,0.010288,7.543466,6.664957,-0.082171,0.009280,0.009147
45414220.000,Miguel,recording,knock_twice_right,3,0.070346,7.615190,6.754020,-0.050501,-0.027377,0.014672
45414230.000,Miguel,recording,knock_twice_right,3,0.137541,7.680738,6.882186,-0.013061,-0.061980,0.012287
45414240.000,Miguel,recording,knock_twice_right,3,0.266683,7.730719,6.910475,0.023697,-0.077411,-0.005133
45414250.000,Miguel,recording,knock_twice_right,3,0.287768,7.723878,6.779144,0.049308,-0.063291,-0.041961
45414260.000,Miguel,recording,knock_twice_right,3,0.121837,7.716396,6.609567,0.056240,-0.029296,-0.089086
45414270.000,Miguel,recording,knock_twice_right,3,-0.121627,7.652924,6.458861,0.045075,0.012302,-0.132437
45414280.000,Miguel,recording,knock_twice_right,3,-0.330412,7.499112,6.379385,0.026325,0.054237,-0.167890
45414290.000,Miguel,recording,knock_twice_right,3,-0.485735,7.302320,6.333748,0.008807,0.090383,-0.195660
45414300.000,Miguel,recording,knock_twice_right,3,-0.620055,7.117568,6.270787,-0.007468,0.118458,-0.214040
45414310.000,Miguel,recording,knock_twice_right,3,-0.710217,6.989350,6.230353,-0.024178,0.136963,-0.221046
45414320.000,Miguel,recording,knock_twice_right,3,-0.729319,6.889593,6.231397,-0.039838,0.140930,-0.217698
45414330.000,Miguel,recording,knock_twice_right,3,-0.709009,6.797967,6.333703,-0.045168,0.129178,-0.207866
45414340.000,Miguel,recording,knock_twice_right,3,-0.610249,6.702613,6.521603,-0.029376,0.113593,-0.195949
45414350.000,Miguel,recording,knock_twice_right,3,-0.568218,6.618719,6.581580,0.004924,0.109511,-0.185071
45414360.000,Miguel,recording,knock_twice_right,3,-0.650099,6.631173,6.491038,0.042972,0.113466,-0.169702
45414370.000,Miguel,recording,knock_twice_right,3,-0.757781,6.760285,6.366442,0.072543,0.109927,-0.141571
45414380.000,Miguel,recording,knock_twice_right,3,-0.826815,6.861759,6.275487,0.091985,0.095406,-0.104628
45414390.000,Miguel,recording,knock_twice_right,3,-0.871982,6.902610,6.174471,0.101902,0.074983,-0.067726
45414400.000,Miguel,recording,knock_twice_right,3,-0.946096,6.951058,6.063594,0.100717,0.049996,-0.030011
45414410.000,Miguel,recording,knock_twice_right,3,-1.014453,7.043801,5.978685,0.087149,0.020625,0.012698
45414420.000,Miguel,recording,knock_twice_right,3,-1.006491,7.124513,5.931762,0.062488,-0.009025,0.059085
45414430.000,Miguel,recording,knock_twice_right,3,-0.850381,7.193849,5.943925,0.029805,-0.037840,0.102074
45414440.000,Miguel,recording,knock_twice_right,3,-0.615358,7.218361,6.000595,-0.008068,-0.061048,0.130872
45414450.000,Miguel,recording,knock_twice_right,3,-0.410564,7.249734,6.037602,-0.049977,-0.072275,0.141595
45414460.000,Miguel,recording,knock_twice_right,3,-0.230752,7.336027,6.093862,-0.094160,-0.071629,0.138201
45414470.000,Miguel,recording,knock_twice_right,3,-0.065449,7.418770,6.229831,-0.137430,-0.064756,0.124295
45414480.000,Miguel,recording,knock_twice_right,3,0.193271,7.444411,6.520152,-0.167618,-0.056885,0.097646
45414490.000,Miguel,recording,knock_twice_right,3,0.356766,7.425751,6.853680,-0.168113,-0.035953,0.055774
45414500.000,Miguel,recording,knock_twice_right,3,0.250327,7.446784,7.044265,-0.138075,0.004159,0.010257
45414510.000,Miguel,recording,knock_twice_right,3,0.015905,7.517245,7.066055,-0.091511,0.042771,-0.019348
45414520.000,Miguel,recording,knock_twice_right,3,-0.218878,7.566539,6.928060,-0.044958,0.066367,-0.026377
45414530.000,Miguel,recording,knock_twice_right,3,-0.409689,7.586156,6.770177,-0.009059,0.071803,-0.017366
45414540.000,Miguel,recording,knock_twice_right,3,-0.500304,7.618718,6.672004,0.020103,0.056300,-0.000780
45414550.000,Miguel,recording,knock_twice_right,3,-0.512326,7.621153,6.629540,0.050512,0.026742,0.014880
45414560.000,Miguel,recording,knock_twice_right,3,-0.438998,7.576663,6.581469,0.081207,-0.010472,0.021441
45414570.000,Miguel,recording,knock_twice_right,3,-0.300448,7.505216,6.483715,0.104283,-0.047496,0.012974
45414580.000,Miguel,recording,knock_twice_right,3,-0.213753,7.431900,6.349873,0.108943,-0.069489,-0.006147
45414590.000,Miguel,recording,knock_twice_right,3,-0.236820,7.367827,6.220215,0.090945,-0.068380,-0.025998
45414600.000,Miguel,recording,knock_twice_right,3,-0.294389,7.281613,6.178532,0.056001,-0.052569,-0.041142
45414610.000,Miguel,recording,knock_twice_right,3,-0.316899,7.183790,6.216905,0.015854,-0.028818,-0.054546
45414620.000,Miguel,recording,knock_twice_right,3,-0.328465,7.111513,6.279610,-0.022016,0.004700,-0.066958
45414630.000,Miguel,recording,knock_twice_right,3,-0.388570,7.083589,6.381395,-0.051171,0.043565,-0.073384
45414640.000,Miguel,recording,knock_twice_right,3,-0.470232,7.085740,6.523553,-0.063630,0.080932,-0.073872
45414650.000,Miguel,recording,knock_twice_right,3,-0.533625,7.060343,6.620005,-0.054494,0.108947,-0.068153
45414660.000,Miguel,recording,knock_twice_right,3,-0.552786,7.012379,6.634864,-0.027288,0.116272,-0.056426
45414670.000,Miguel,recording,knock_twice_right,3,-0.562715,6.986255,6.579828,0.004664,0.100311,-0.040934
45414680.000,Miguel,recording,knock_twice_right,3,-0.606245,6.989936,6.452134,0.030161,0.073015,-0.022049
45414690.000,Miguel,recording,knock_twice_right,3,-0.632448,7.062252,6.317174,0.040478,0.043234,0.001641
45414700.000,Miguel,recording,knock_twice_right,3,-0.626430,7.196550,6.260774,0.031384,0.009715,0.030488
45414710.000,Miguel,recording,knock_twice_right,3,-0.610278,7.327870,6.346186,0.012248,-0.022294,0.058709
45414720.000,Miguel,recording,knock_twice_right,3,-0.544969,7.394470,6.495018,-0.004799,-0.040336,0.079802
45414730.000,Miguel,recording,knock_twice_right,3,-0.459269,7.387071,6.608310,-0.012243,-0.040975,0.095071
45414740.000,Miguel,recording,knock_twice_right,3,-0.370552,7.364692,6.682354,-0.009093,-0.031510,0.108853
45414750.000,Miguel,recording,knock_twice_right,3,-0.267067,7.389293,6.750741,-0.001194,-0.021585,0.121409
45414760.000,Miguel,recording,knock_twice_right,3,-0.165711,7.470898,6.783735,0.012646,-0.011243,0.127599
45414770.000,Miguel,recording,knock_twice_right,3,-0.057195,7.565207,6.737613,0.033344,-0.000107,0.120236
45414780.000,Miguel,recording,knock_twice_right,3,0.022162,7.659199,6.661559,0.052286,-0.001297,0.099103
45414790.000,Miguel,recording,knock_twice_right,3,0.021791,7.729756,6.583468,0.062691,-0.014574,0.068475
45414800.000,Miguel,recording,knock_twice_right,3,-0.052465,7.742122,6.515207,0.065739,-0.022408,0.038558
45414810.000,Miguel,recording,knock_twice_right,3,-0.123155,7.713863,6.457044,0.063867,-0.020088,0.014900
45414820.000,Miguel,recording,knock_twice_right,3,-0.159402,7.664922,6.408551,0.057160,-0.013763,-0.004233
45414830.000,Miguel,recording,knock_twice_right,3,-0.185004,7.615513,6.384441,0.048439,-0.006144,-0.020557
45414840.000,Miguel,recording,knock_twice_right,3,-0.207298,7.557561,6.348903,0.040429,0.001689,-0.036960
45414850.000,Miguel,recording,knock_twice_right,3,-0.221498,7.503749,6.317966,0.033684,0.004363,-0.054358
45414860.000,Miguel,recording,knock_twice_right,3,-0.239872,7.469155,6.279653,0.027152,0.002040,-0.073093
45414870.000,Miguel,recording,knock_twice_right,3,-0.297607,7.439349,6.220958,0.018231,0.001340,-0.089615
45414880.000,Miguel,recording,knock_twice_right,3,-0.355268,7.387650,6.186107,0.007363,0.001976,-0.099937
45414890.000,Miguel,recording,knock_twice_right,3,-0.412722,7.319341,6.179829,-0.002144,0.000092,-0.104506
45414900.000,Miguel,recording,knock_twice_right,3,-0.469673,7.237868,6.198957,-0.008903,-0.005332,-0.105452
45414910.000,Miguel,recording,knock_twice_right,3,-0.495202,7.177967,6.234296,-0.013571,-0.015377,-0.104581
45414920.000,Miguel,recording,knock_twice_right,3,-0.522019,7.135589,6.259569,-0.015512,-0.029825,-0.102033
45414930.000,Miguel,recording,knock_twice_right,3,-0.529627,7.092976,6.272310,-0.015055,-0.043356,-0.097552
45414940.000,Miguel,recording,knock_twice_right,3,-0.522344,7.038048,6.282613,-0.016087,-0.051172,-0.091938
45414950.000,Miguel,recording,knock_twice_right,3,-0.519638,7.006252,6.271974,-0.021785,-0.050065,-0.085873
45414960.000,Miguel,recording,knock_twice_right,3,-0.531957,7.017161,6.239847,-0.034417,-0.041799,-0.078688
45414970.000,Miguel,recording,knock_twice_right,3,-0.551957,7.051354,6.189134,-0.054305,-0.031779,-0.069787
45414980.000,Miguel,recording,knock_twice_right,3,-0.554459,7.102717,6.233754,-0.078171,-0.026017,-0.059552
45414990.000,Miguel,recording,knock_twice_right,3,-0.538260,7.147115,6.365197,-0.098099,-0.024892,-0.049683
45415000.000,Miguel,recording,knock_twice_right,3,-0.514612,7.157452,6.503909,-0.103943,-0.022290,-0.041531
45415010.000,Miguel,recording,knock_twice_right,3,-0.510140,7.167560,6.619478,-0.094210,-0.023347,-0.035962
45415020.000,Miguel,recording,knock_twice_right,3,-0.537502,7.177001,6.664317,-0.074533,-0.032789,-0.030875
45415030.000,Miguel,recording,knock_twice_right,3,-0.554003,7.184451,6.669406,-0.052602,-0.045158,-0.023488
45415040.000,Miguel,recording,knock_twice_right,3,-0.539274,7.215695,6.651449,-0.035347,-0.054080,-0.013574
45415050.000,Miguel,recording,knock_twice_right,3,-0.489696,7.253085,6.638645,-0.024446,-0.056878,-0.003198
45415060.000,Miguel,recording,knock_twice_right,3,-0.443384,7.299231,6.639660,-0.019011,-0.053035,0.003289
45415070.000,Miguel,recording,knock_twice_right,3,-0.413456,7.320724,6.637631,-0.016782,-0.043021,0.005062
45415080.000,Miguel,recording,knock_twice_right,3,-0.398679,7.312277,6.620886,-0.016174,-0.030419,0.002054
45415090.000,Miguel,recording,knock_twice_right,3,-0.405491,7.288983,6.606767,-0.017786,-0.017390,-0.001395
45415100.000,Miguel,recording,knock_twice_right,3,-0.423355,7.281063,6.609355,-0.020025,-0.004505,-0.000697
45415110.000,Miguel,recording,knock_twice_right,3,-0.453308,7.282037,6.617888,-0.018499,0.009229,0.003952
45415120.000,Miguel,recording,knock_twice_right,3,-0.466145,7.290436,6.603823,-0.011029,0.018094,0.009656
45415130.000,Miguel,recording,knock_twice_right,3,-0.449761,7.318255,6.577612,-0.003523,0.013419,0.014526
45415140.000,Miguel,recording,knock_twice_right,3,-0.394725,7.327127,6.550550,0.000854,0.002992,0.016557
45415150.000,Miguel,recording,knock_twice_right,3,-0.338394,7.325270,6.553910,0.004823,-0.004815,0.015846
45415160.000,Miguel,recording,knock_twice_right,3,-0.294302,7.321317,6.591827,0.008956,-0.007761,0.014275
45415170.000,Miguel,recording,knock_twice_right,3,-0.262798,7.303738,6.607043,0.015024,-0.003084,0.010515
45415180.000,Miguel,recording,knock_twice_right,3,-0.292612,7.292495,6.582798,0.021611,0.008828,0.006454
45415190.000,Miguel,recording,knock_twice_right,3,-0.354449,7.324787,6.537886,0.026841,0.021931,0.006610
45415200.000,Miguel,recording,knock_twice_right,3,-0.367606,7.364963,6.475813,0.031803,0.028047,0.009179
45415210.000,Miguel,recording,knock_twice_right,3,-0.350446,7.386815,6.409030,0.036058,0.024358,0.007489
45415220.000,Miguel,recording,knock_twice_right,3,-0.344922,7.397442,6.331467,0.035667,0.012226,-0.000035
45415230.000,Miguel,recording,knock_twice_right,3,-0.357995,7.397779,6.261246,0.027110,-0.004677,-0.009115
45415240.000,Miguel,recording,knock_twice_right,3,-0.361311,7.396155,6.266369,0.011392,-0.020463,-0.016345
45415250.000,Miguel,recording,knock_twice_right,3,-0.358191,7.361178,6.329826,-0.006063,-0.026753,-0.022135
45415260.000,Miguel,recording,knock_twice_right,3,-0.364546,7.325332,6.401176,-0.019277,-0.021887,-0.027638
45415270.000,Miguel,recording,knock_twice_right,3,-0.405123,7.283294,6.472789,-0.025086,-0.010790,-0.031494
45415280.000,Miguel,recording,knock_twice_right,3,-0.449582,7.255901,6.507144,-0.024365,0.004723,-0.030941
45415290.000,Miguel,recording,knock_twice_right,3,-0.455868,7.236705,6.512445,-0.019048,0.017147,-0.026329
45415300.000,Miguel,recording,knock_twice_right,3,-0.448887,7.238724,6.501963,-0.010919,0.019230,-0.019429
45415310.000,Miguel,recording,knock_twice_right,3,-0.458879,7.255419,6.482164,-0.002221,0.014756,-0.014346
45415320.000,Miguel,recording,knock_twice_right,3,-0.462163,7.276498,6.455745,0.004796,0.005105,-0.012225
45415330.000,Miguel,recording,knock_twice_right,3,-0.410468,7.275233,6.454123,0.008357,-0.008871,-0.012610
45415340.000,Miguel,recording,knock_twice_right,3,-0.340632,7.280420,6.467268,0.010139,-0.016633,-0.017422
45415350.000,Miguel,recording,knock_twice_right,3,-0.309007,7.266081,6.488003,0.010859,-0.012089,-0.025660
45415360.000,Miguel,recording,knock_twice_right,3,-0.303915,7.291805,6.553533,0.011779,-0.002349,-0.035951
45415370.000,Miguel,recording,knock_twice_right,3,-0.302387,7.344999,6.649751,0.018346,0.011956,-0.047702
45415380.000,Miguel,recording,knock_twice_right,3,-0.296768,7.285906,6.637323,0.031970,0.038098,-0.063141
45415390.000,Miguel,recording,knock_twice_right,3,-0.329199,7.213033,6.563038,0.047007,0.063378,-0.083256
45415400.000,Miguel,recording,knock_twice_right,3,-0.278434,7.271723,6.579664,0.064769,0.074888,-0.097911
45415410.000,Miguel,recording,knock_twice_right,3,-0.341741,7.272507,6.456193,0.084607,0.086401,-0.101218
45415420.000,Miguel,recording,knock_twice_right,3,-0.631898,7.167300,6.146764,0.091084,0.089066,-0.091999
45415430.000,Miguel,recording,knock_twice_right,3,-1.375763,7.109120,5.895374,0.072663,0.054859,-0.044436
45415440.000,Miguel,recording,knock_twice_right,3,-2.434935,6.981659,5.878790,0.038444,-0.038308,0.071042
45415450.000,Miguel,recording,knock_twice_right,3,-1.429414,7.098169,6.300338,0.014691,-0.148675,0.198265
45415460.000,Miguel,recording,knock_twice_right,3,-0.105272,7.246228,6.309851,-0.000101,-0.184288,0.237469
45415470.000,Miguel,recording,knock_twice_right,3,0.641573,7.356355,6.311062,-0.023240,-0.149072,0.169038
45415480.000,Miguel,recording,knock_twice_right,3,0.904371,7.559105,6.445088,-0.055275,-0.091668,0.039261
45415490.000,Miguel,recording,knock_twice_right,3,0.448630,7.508729,6.352864,-0.098144,-0.016083,-0.091712
45415500.000,Miguel,recording,knock_twice_right,3,-0.182896,7.253939,6.205550,-0.152705,0.076623,-0.168558
45415510.000,Miguel,recording,knock_twice_right,3,-0.728040,7.152330,6.126147,-0.215560,0.157087,-0.162288
45415520.000,Miguel,recording,knock_twice_right,3,-0.932910,7.203645,6.223678,-0.269493,0.186996,-0.092153
45415530.000,Miguel,recording,knock_twice_right,3,-0.673923,7.347937,6.521341,-0.286460,0.160766,-0.014907
45415540.000,Miguel,recording,knock_twice_right,3,-0.308491,7.549025,6.883821,-0.247799,0.098576,0.016582
45415550.000,Miguel,recording,knock_twice_right,3,-0.087924,7.632994,7.182547,-0.153817,0.030155,-0.003988
45415560.000,Miguel,recording,knock_twice_right,3,-0.156795,7.502543,7.241447,-0.030785,-0.030399,-0.048621
45415570.000,Miguel,recording,knock_twice_right,3,-0.334644,7.326442,7.134963,0.079761,-0.089130,-0.084217
45415580.000,Miguel,recording,knock_twice_right,3,-0.529947,7.163181,6.841564,0.151981,-0.111552,-0.092569
45415590.000,Miguel,recording,knock_twice_right,3,-1.392567,6.854956,6.147337,0.154714,-0.065312,-0.047924
45415600.000,Miguel,recording,knock_twice_right,3,-1.707158,6.872684,6.153300,0.097441,-0.052435,0.059358
45415610.000,Miguel,recording,knock_twice_right,3,-1.120176,7.173836,6.318622,0.030868,-0.076716,0.175065
45415620.000,Miguel,recording,knock_twice_right,3,-0.182761,7.252430,6.518384,-0.017803,-0.069590,0.212182
45415630.000,Miguel,recording,knock_twice_right,3,0.494196,7.345560,6.774863,-0.034353,-0.053019,0.145442
45415640.000,Miguel,recording,knock_twice_right,3,0.524821,7.459802,6.771371,-0.029261,-0.017868,0.033077
45415650.000,Miguel,recording,knock_twice_right,3,0.210631,7.386818,6.551514,-0.030651,0.026076,-0.069097
45415660.000,Miguel,recording,knock_twice_right,3,-0.194787,7.230367,6.374425,-0.051094,0.056027,-0.130717
45415670.000,Miguel,recording,knock_twice_right,3,-0.640254,7.147383,6.376061,-0.075899,0.065046,-0.142272
45415680.000,Miguel,recording,knock_twice_right,3,-1.012391,7.132200,6.470836,-0.083231,0.052573,-0.109889
45415690.000,Miguel,recording,knock_twice_right,3,-1.093935,7.113110,6.509469,-0.066382,0.027674,-0.050501
45415700.000,Miguel,recording,knock_twice_right,3,-0.975002,7.148732,6.477205,-0.039923,-0.002313,0.016355
45415710.000,Miguel,recording,knock_twice_right,3,-0.771712,7.246661,6.474332,-0.018861,-0.040609,0.077222
45415720.000,Miguel,recording,knock_twice_right,3,-0.481054,7.322106,6.491335,-0.002054,-0.082083,0.116590
45415730.000,Miguel,recording,knock_twice_right,3,-0.175669,7.338705,6.528703,0.016700,-0.117417,0.120229
45415740.000,Miguel,recording,knock_twice_right,3,0.071886,7.331273,6.532280,0.032301,-0.137134,0.087449
45415750.000,Miguel,recording,knock_twice_right,3,0.190210,7.342954,6.511373,0.034808,-0.135993,0.032572
45415760.000,Miguel,recording,knock_twice_right,3,0.130868,7.370166,6.497777,0.023059,-0.114303,-0.022448
45415770.000,Miguel,recording,knock_twice_right,3,-0.078421,7.369032,6.501093,0.002248,-0.077523,-0.062519
45415780.000,Miguel,recording,knock_twice_right,3,-0.302861,7.321262,6.500576,-0.021074,-0.039084,-0.083201
45415790.000,Miguel,recording,knock_twice_right,3,-0.465588,7.240777,6.487180,-0.042000,-0.009676,-0.085841
45415800.000,Miguel,recording,knock_twice_right,3,-0.603909,7.197021,6.487285,-0.057865,0.009045,-0.075033
45415810.000,Miguel,recording,knock_twice_right,3,-0.681819,7.201617,6.534483,-0.066019,0.016810,-0.055248
45415820.000,Miguel,recording,knock_twice_right,3,-0.631299,7.207384,6.615625,-0.062867,0.012862,-0.033265
45415830.000,Miguel,recording,knock_twice_right,3,-0.537543,7.191818,6.665881,-0.049087,-0.001857,-0.020624
45415840.000,Miguel,recording,knock_twice_right,3,-0.490571,7.165381,6.662718,-0.033329,-0.025139,-0.019137
45415850.000,Miguel,recording,knock_twice_right,3,-0.492581,7.146571,6.640808,-0.022064,-0.044237,-0.021060
45415860.000,Miguel,recording,knock_twice_right,3,-0.530924,7.105460,6.607492,-0.015851,-0.048184,-0.019443
45415870.000,Miguel,recording,knock_twice_right,3,-0.535018,7.070715,6.613474,-0.016375,-0.044771,-0.011305
45415880.000,Miguel,recording,knock_twice_right,3,-0.443289,7.044227,6.679096,-0.020662,-0.039877,-0.001032
45415890.000,Miguel,recording,knock_twice_right,3,-0.340938,7.029012,6.754541,-0.020342,-0.021725,0.004513
45415900.000,Miguel,recording,knock_twice_right,3,-0.391437,7.076488,6.771596,-0.012111,0.014108,0.006181
45415910.000,Miguel,recording,knock_twice_right,3,-0.485187,7.135255,6.768138,0.004678,0.045675,0.012111
45415920.000,Miguel,recording,knock_twice_right,3,-0.492733,7.175649,6.714560,0.025403,0.052680,0.021432
45415930.000,Miguel,recording,knock_twice_right,3,-0.437725,7.224325,6.610782,0.042772,0.037172,0.026599
45415940.000,Miguel,recording,knock_twice_right,3,-0.370870,7.285344,6.493187,0.051879,0.018417,0.022857
45415950.000,Miguel,recording,knock_twice_right,3,-0.354717,7.331398,6.383974,0.048217,0.009602,0.015956
45415960.000,Miguel,recording,knock_twice_right,3,-0.383827,7.361723,6.341876,0.030803,0.002895,0.011796
45415970.000,Miguel,recording,knock_twice_right,3,-0.425666,7.346062,6.353158,0.005447,-0.006371,0.010703
45415980.000,Miguel,recording,knock_twice_right,3,-0.454603,7.317051,6.405064,-0.020686,-0.009657,0.010887
45415990.000,Miguel,recording,knock_twice_right,3,-0.434699,7.291769,6.463659,-0.043719,0.000125,0.008498
45416000.000,Miguel,recording,knock_twice_right,3,-0.393498,7.267465,6.520425,-0.061696,0.022281,0.005319
45416010.000,Miguel,recording,knock_twice_right,3,-0.375010,7.248803,6.572715,-0.075055,0.044964,0.002741
45416020.000,Miguel,recording,knock_twice_right,3,-0.383834,7.237303,6.641564,-0.080935,0.052012,0.001662
45416030.000,Miguel,recording,knock_twice_right,3,-0.408338,7.207790,6.706688,-0.074985,0.045860,0.000598
45416040.000,Miguel,recording,knock_twice_right,3,-0.457507,7.174443,6.670182,-0.060634,0.039454,-0.001373
45416050.000,Miguel,recording,knock_twice_right,3,-0.537641,7.178982,6.553999,-0.049600,0.030894,-0.000662
45416060.000,Miguel,recording,knock_twice_right,3,-0.545601,7.254571,6.384164,-0.052128,0.012444,-0.000355
45416070.000,Miguel,recording,knock_twice_right,3,-0.479677,7.395593,6.196910,-0.075246,-0.017924,-0.011341
45416080.000,Miguel,recording,knock_twice_right,3,-0.429897,7.532398,6.127978,-0.119134,-0.064470,-0.040171
45416090.000,Miguel,recording,knock_twice_right,3,-0.389194,7.613614,6.230884,-0.170472,-0.123075,-0.080550
45416100.000,Miguel,recording,knock_twice_right,3,-0.357036,7.562926,6.413796,-0.214319,-0.169996,-0.122309
45416110.000,Miguel,recording,knock_twice_right,3,-0.306734,7.388356,6.521804,-0.245302,-0.186169,-0.164245
45416120.000,Miguel,recording,knock_twice_right,3,-0.273714,7.191782,6.571475,-0.267149,-0.168881,-0.205947
45416130.000,Miguel,recording,knock_twice_right,3,-0.308671,7.071334,6.531036,-0.293236,-0.120834,-0.242276
45416140.000,Miguel,recording,knock_twice_right,3,-0.440000,7.036909,6.407454,-0.337296,-0.054056,-0.267362
45416150.000,Miguel,recording,knock_twice_right,3,-0.577272,7.010339,6.352507,-0.400434,0.006233,-0.275617
45416160.000,Miguel,recording,knock_twice_right,3,-0.610696,6.976898,6.426397,-0.466953,0.034239,-0.268104
45416170.000,Miguel,recording,knock_twice_right,3,-0.551599,6.930538,6.609232,-0.513726,0.020956,-0.253994
45416180.000,Miguel,recording,knock_twice_right,3,-0.471235,6.900355,6.795088,-0.530065,-0.022054,-0.246180
45416190.000,Miguel,recording,knock_twice_right,3,-0.431817,6.902933,7.004933,-0.515328,-0.079292,-0.249748
45416200.000,Miguel,recording,knock_twice_right,3,-0.518096,6.863539,7.167973,-0.471163,-0.136497,-0.257536
45416210.000,Miguel,recording,knock_twice_right,3,-0.680912,6.770299,7.236688,-0.413132,-0.176852,-0.258672
45416220.000,Miguel,recording,knock_twice_right,3,-0.789496,6.692313,7.213791,-0.363025,-0.191761,-0.247650
45416230.000,Miguel,recording,knock_twice_right,3,-0.744874,6.606772,7.141842,-0.330340,-0.183270,-0.224990
45416240.000,Miguel,recording,knock_twice_right,3,-0.562470,6.554162,7.111692,-0.314940,-0.158486,-0.200860
45416250.000,Miguel,recording,knock_twice_right,3,-0.378025,6.595904,7.165968,-0.308630,-0.133422,-0.188876
45416260.000,Miguel,recording,knock_twice_right,3,-0.253033,6.669423,7.303334,-0.289667,-0.133112,-0.188601
45416270.000,Miguel,recording,knock_twice_right,4,-0.294817,6.698667,7.360766,-0.246364,-0.168450,-0.191370
45416280.000,Miguel,recording,knock_twice_right,4,-0.405038,6.753758,7.301079,-0.189976,-0.232115,-0.188214
45416290.000,Miguel,recording,knock_twice_right,4,-0.555165,6.818303,7.231120,-0.137784,-0.304173,-0.176027
45416300.000,Miguel,recording,knock_twice_right,4,-0.719335,6.757608,7.186771,-0.103873,-0.358276,-0.154148
45416310.000,Miguel,recording,knock_twice_right,4,-0.788322,6.604633,7.137596,-0.093235,-0.371193,-0.121386
45416320.000,Miguel,recording,knock_twice_right,4,-0.793661,6.467697,7.067346,-0.109676,-0.325253,-0.080673
45416330.000,Miguel,recording,knock_twice_right,4,-0.715407,6.377292,7.008358,-0.154822,-0.219547,-0.038505
45416340.000,Miguel,recording,knock_twice_right,4,-0.501660,6.338553,6.956340,-0.223790,-0.072366,-0.002859
45416350.000,Miguel,recording,knock_twice_right,4,-0.293708,6.331873,6.852791,-0.311342,0.091385,0.019103
45416360.000,Miguel,recording,knock_twice_right,4,-0.242488,6.273573,6.677010,-0.414654,0.250758,0.026659
45416370.000,Miguel,recording,knock_twice_right,4,-0.348430,6.233974,6.455123,-0.529524,0.376277,0.025065
45416380.000,Miguel,recording,knock_twice_right,4,-0.513310,6.272958,6.283344,-0.652916,0.433235,0.019678
45416390.000,Miguel,recording,knock_twice_right,4,-0.734142,6.282467,6.401544,-0.773649,0.392206,0.016779
45416400.000,Miguel,recording,knock_twice_right,4,-0.891267,6.254876,6.886139,-0.861347,0.262871,0.021763
45416410.000,Miguel,recording,knock_twice_right,4,-0.938369,6.194030,7.415452,-0.889477,0.119457,0.030724
45416420.000,Miguel,recording,knock_twice_right,4,-0.811173,6.176696,7.978061,-0.845722,0.021832,0.034824
45416430.000,Miguel,recording,knock_twice_right,4,-0.520384,6.206370,8.532267,-0.729682,-0.025181,0.033095
45416440.000,Miguel,recording,knock_twice_right,4,-0.243857,6.154116,8.761024,-0.561372,-0.031461,0.027689
45416450.000,Miguel,recording,knock_twice_right,4,-0.063869,6.118314,8.707113,-0.374745,-0.019846,0.014875
45416460.000,Miguel,recording,knock_twice_right,4,0.015440,6.134213,8.548573,-0.194944,-0.025942,-0.010025
45416470.000,Miguel,recording,knock_twice_right,4,-0.044343,6.096362,8.328078,-0.033689,-0.064214,-0.044988
45416480.000,Miguel,recording,knock_twice_right,4,-0.263957,6.002999,8.104572,0.099583,-0.117340,-0.076737
45416490.000,Miguel,recording,knock_twice_right,4,-0.555040,5.944989,7.885864,0.189221,-0.160747,-0.082602
45416500.000,Miguel,recording,knock_twice_right,4,-0.797061,5.973992,7.619691,0.224582,-0.171755,-0.049275
45416510.000,Miguel,recording,knock_twice_right,4,-0.914377,6.040928,7.303577,0.203064,-0.135898,0.015720
45416520.000,Miguel,recording,knock_twice_right,4,-0.928105,6.104172,7.023634,0.129860,-0.063873,0.096423
45416530.000,Miguel,recording,knock_twice_right,4,-0.828146,6.167840,6.922882,0.020214,0.016699,0.175507
45416540.000,Miguel,recording,knock_twice_right,4,-0.624310,6.257520,6.965007,-0.103343,0.091662,0.232468
45416550.000,Miguel,recording,knock_twice_right,4,-0.416256,6.380223,7.106010,-0.218025,0.159217,0.247185
45416560.000,Miguel,recording,knock_twice_right,4,-0.217258,6.459254,7.283915,-0.313020,0.208488,0.211246
45416570.000,Miguel,recording,knock_twice_right,4,-0.088434,6.400083,7.549867,-0.378642,0.226211,0.132362
45416580.000,Miguel,recording,knock_twice_right,4,-0.048782,6.158963,7.869394,-0.401259,0.235519,0.038944
45416590.000,Miguel,recording,knock_twice_right,4,-0.121574,5.922626,8.052442,-0.381909,0.277384,-0.041123
45416600.000,Miguel,recording,knock_twice_right,4,-0.289793,5.834068,8.049111,-0.338519,0.340054,-0.094676
45416610.000,Miguel,recording,knock_twice_right,4,-0.545090,5.862704,7.934062,-0.295068,0.379797,-0.113186
45416620.000,Miguel,recording,knock_twice_right,4,-0.821627,5.929797,7.808093,-0.266363,0.380177,-0.104560
45416630.000,Miguel,recording,knock_twice_right,4,-0.968199,5.989586,7.796867,-0.248257,0.350321,-0.085567
45416640.000,Miguel,recording,knock_twice_right,4,-0.906165,5.992235,7.949316,-0.225307,0.307248,-0.069171
45416650.000,Miguel,recording,knock_twice_right,4,-0.838271,5.923973,8.056108,-0.185038,0.270528,-0.060460
45416660.000,Miguel,recording,knock_twice_right,4,-0.833906,5.914421,8.045276,-0.130286,0.238800,-0.055651
45416670.000,Miguel,recording,knock_twice_right,4,-0.811200,5.947426,7.930240,-0.070420,0.191843,-0.050887
45416680.000,Miguel,recording,knock_twice_right,4,-0.791813,5.962665,7.726527,-0.018381,0.120715,-0.047951
45416690.000,Miguel,recording,knock_twice_right,4,-0.815454,5.944756,7.521266,0.014790,0.033171,-0.047362
45416700.000,Miguel,recording,knock_twice_right,4,-0.885603,5.937304,7.405802,0.027926,-0.052811,-0.044650
45416710.000,Miguel,recording,knock_twice_right,4,-0.940743,5.963879,7.370342,0.025213,-0.122235,-0.035157
45416720.000,Miguel,recording,knock_twice_right,4,-0.933450,5.971545,7.380029,0.014364,-0.168495,-0.019061
45416730.000,Miguel,recording,knock_twice_right,4,-0.810660,5.968918,7.400516,-0.002923,-0.189557,-0.000812
45416740.000,Miguel,recording,knock_twice_right,4,-0.652607,5.947271,7.391829,-0.029077,-0.187962,0.015188
45416750.000,Miguel,recording,knock_twice_right,4,-0.587573,5.922077,7.376006,-0.065175,-0.170706,0.024354
45416760.000,Miguel,recording,knock_twice_right,4,-0.573972,5.888945,7.385992,-0.110692,-0.140463,0.029993
45416770.000,Miguel,recording,knock_twice_right,4,-0.580619,5.872915,7.469245,-0.160452,-0.100160,0.038808
45416780.000,Miguel,recording,knock_twice_right,4,-0.565024,5.859373,7.602302,-0.204231,-0.057514,0.051811
45416790.000,Miguel,recording,knock_twice_right,4,-0.519138,5.851087,7.729814,-0.232735,-0.022619,0.065961
45416800.000,Miguel,recording,knock_twice_right,4,-0.473070,5.872840,7.811976,-0.246717,-0.001562,0.070663
45416810.000,Miguel,recording,knock_twice_right,4,-0.402103,5.936573,7.906926,-0.251820,0.007122,0.056790
45416820.000,Miguel,recording,knock_twice_right,4,-0.240148,6.028702,7.930226,-0.256981,0.016851,0.021129
45416830.000,Miguel,recording,knock_twice_right,4,-0.111315,6.086846,7.852032,-0.274916,0.041343,-0.037581
45416840.000,Miguel,recording,knock_twice_right,4,-0.111803,6.147150,7.657915,-0.314078,0.067819,-0.119912
45416850.000,Miguel,recording,knock_twice_right,4,-0.096251,6.250406,7.335981,-0.388806,0.084193,-0.231597
45416860.000,Miguel,recording,knock_twice_right,4,-0.138126,6.370743,7.136122,-0.509803,0.120323,-0.366805
45416870.000,Miguel,recording,knock_twice_right,4,-0.226799,6.369447,7.083430,-0.676840,0.204905,-0.509936
45416880.000,Miguel,recording,knock_twice_right,4,-0.503530,6.264862,7.318544,-0.872798,0.316532,-0.643896
45416890.000,Miguel,recording,knock_twice_right,4,-0.922007,6.201761,7.541274,-1.082564,0.447641,-0.751910
45416900.000,Miguel,recording,knock_twice_right,4,-1.251721,6.177857,7.523881,-1.309746,0.609137,-0.839320
45416910.000,Miguel,recording,knock_twice_right,4,-1.628063,6.089513,7.259467,-1.551374,0.760887,-0.918445
45416920.000,Miguel,recording,knock_twice_right,4,-2.117091,5.982080,6.894953,-1.800552,0.841403,-0.982786
45416930.000,Miguel,recording,knock_twice_right,4,-2.147262,5.738091,6.815188,-2.045449,0.834978,-1.027866
45416940.000,Miguel,recording,knock_twice_right,4,-1.824125,5.352772,7.314981,-2.273592,0.728895,-1.082459
45416950.000,Miguel,recording,knock_twice_right,4,-1.628153,4.780934,8.309117,-2.447617,0.518461,-1.170665
45416960.000,Miguel,recording,knock_twice_right,4,-1.616049,3.908053,9.539587,-2.493518,0.258372,-1.261112
45416970.000,Miguel,recording,knock_twice_right,4,-1.877374,3.107748,10.702144,-2.363878,0.011347,-1.298118
45416980.000,Miguel,recording,knock_twice_right,4,-2.281555,2.701251,11.840706,-2.054499,-0.135051,-1.252566
45416990.000,Miguel,recording,knock_twice_right,4,-2.586446,2.491071,12.594374,-1.593670,-0.116089,-1.138155
45417000.000,Miguel,recording,knock_twice_right,4,-2.741455,2.472764,12.544705,-1.081975,-0.041164,-0.988195
45417010.000,Miguel,recording,knock_twice_right,4,-2.679584,2.585548,11.391913,-0.703198,-0.165414,-0.819303
45417020.000,Miguel,recording,knock_twice_right,4,-2.273558,2.705663,10.050771,-0.532278,-0.561503,-0.633935
45417030.000,Miguel,recording,knock_twice_right,4,-1.480609,2.911341,10.057928,-0.445123,-1.116981,-0.453750
45417040.000,Miguel,recording,knock_twice_right,4,-0.824436,3.416442,10.915392,-0.301690,-1.730841,-0.314272
45417050.000,Miguel,recording,knock_twice_right,4,-0.906111,3.769867,11.660434,-0.054314,-2.252397,-0.237298
45417060.000,Miguel,recording,knock_twice_right,4,-1.426208,3.381212,10.725835,0.058611,-2.472704,-0.242665
45417070.000,Miguel,recording,knock_twice_right,4,-1.677785,2.777947,8.457451,-0.105739,-2.199485,-0.239443
45417080.000,Miguel,recording,knock_twice_right,4,-2.006396,2.516656,6.859992,-0.461521,-1.509604,-0.093310
45417090.000,Miguel,recording,knock_twice_right,4,-2.168224,2.378026,6.191720,-0.956373,-0.669944,0.182820
45417100.000,Miguel,recording,knock_twice_right,4,-1.942682,2.484763,6.624500,-1.442043,0.152302,0.484889
45417110.000,Miguel,recording,knock_twice_right,4,-1.520252,2.716156,8.214582,-1.782171,0.919432,0.728901
45417120.000,Miguel,recording,knock_twice_right,4,-0.957744,3.051457,9.470199,-1.954408,1.654543,0.882617
45417130.000,Miguel,recording,knock_twice_right,4,-0.599025,3.322969,9.987900,-2.004151,2.357570,0.968545
45417140.000,Miguel,recording,knock_twice_right,4,-0.460990,3.117918,10.458500,-1.904299,2.971662,1.038300
45417150.000,Miguel,recording,knock_twice_right,4,-0.481890,2.507007,11.126224,-1.610427,3.446611,1.093371
45417160.000,Miguel,recording,knock_twice_right,4,-0.797886,2.154928,12.474514,-1.028319,3.740039,1.118513
45417170.000,Miguel,recording,knock_twice_right,4,-1.163502,2.849008,14.078164,-0.067290,3.747402,1.170523
45417180.000,Miguel,recording,knock_twice_right,4,-1.778075,2.332672,14.169947,1.090744,3.334048,1.264292
45417190.000,Miguel,recording,knock_twice_right,4,-1.571324,-0.998791,11.671307,1.823343,1.585397,1.009653
45417200.000,Miguel,recording,knock_twice_right,4,-1.613570,-1.819139,7.866261,2.038597,-1.005372,0.363735
45417210.000,Miguel,recording,knock_twice_right,4,-3.812010,1.476882,8.030561,2.326866,-2.834808,-0.114448
45417220.000,Miguel,recording,knock_twice_right,4,-4.837252,3.251407,8.410992,2.801842,-3.981062,-0.232699
45417230.000,Miguel,recording,knock_twice_right,4,-4.320269,3.876690,6.133252,2.851999,-4.863474,-0.154237
45417240.000,Miguel,recording,knock_twice_right,4,-3.143207,4.666068,4.375446,2.223466,-5.025015,-0.049500
45417250.000,Miguel,recording,knock_twice_right,4,-1.494878,4.015299,5.228469,1.340340,-3.836806,-0.023623
45417260.000,Miguel,recording,knock_twice_right,4,0.075577,3.039327,5.425235,0.443690,-1.750896,-0.042545
45417270.000,Miguel,recording,knock_twice_right,4,0.459599,2.442607,5.193596,-0.352729,0.369151,0.040948
45417280.000,Miguel,recording,knock_twice_right,4,-0.155240,2.464496,6.392519,-0.934593,2.086543,0.312744
45417290.000,Miguel,recording,knock_twice_right,4,-0.987107,2.816421,8.323909,-1.216566,3.207119,0.736564
45417300.000,Miguel,recording,knock_twice_right,4,-1.881354,2.719048,10.096147,-1.290752,3.394084,1.117443
45417310.000,Miguel,recording,knock_twice_right,4,-2.638282,2.469041,10.398743,-1.345113,2.502598,1.278241
45417320.000,Miguel,recording,knock_twice_right,4,-2.949685,3.043404,11.071963,-1.282446,1.243665,1.388877
45417330.000,Miguel,recording,knock_twice_right,4,-3.039187,3.257034,11.821017,-0.982477,0.350850,1.715249
45417340.000,Miguel,recording,knock_twice_right,4,-2.891063,2.926794,11.523679,-0.565272,-0.055412,2.221572
45417350.000,Miguel,recording,knock_twice_right,4,-1.911998,3.083253,10.011005,-0.236633,-0.067565,2.592451
45417360.000,Miguel,recording,knock_twice_right,4,-0.401386,3.612420,8.030901,-0.182851,0.048800,2.499056
45417370.000,Miguel,recording,knock_twice_right,4,0.909436,4.218412,6.842610,-0.380643,0.031874,1.958720
45417380.000,Miguel,recording,knock_twice_right,4,0.884410,4.350994,6.802429,-0.639791,-0.060807,1.380861
45417390.000,Miguel,recording,knock_twice_right,4,-0.419440,3.632741,7.453700,-0.832706,-0.023017,1.143915
45417400.000,Miguel,recording,knock_twice_right,4,-1.746438,2.768865,8.483300,-0.930612,0.184119,1.180837
45417410.000,Miguel,recording,knock_twice_right,4,-1.504966,2.470854,10.341546,-0.832956,0.380619,1.228036
45417420.000,Miguel,recording,knock_twice_right,4,-0.118482,2.540873,11.590075,-0.500937,0.340754,1.147997
45417430.000,Miguel,recording,knock_twice_right,4,0.524698,3.036686,11.382429,-0.068491,0.098447,0.908979
45417440.000,Miguel,recording,knock_twice_right,4,0.394686,3.683649,10.693193,0.325091,-0.094817,0.589131
45417450.000,Miguel,recording,knock_twice_right,4,-0.013486,3.898532,10.315472,0.636904,-0.114786,0.311827
45417460.000,Miguel,recording,knock_twice_right,4,-0.563558,3.808460,9.865925,0.895825,-0.020865,0.131668
45417470.000,Miguel,recording,knock_twice_right,4,-1.038555,3.937977,9.448496,1.106264,0.015458,0.008752
45417480.000,Miguel,recording,knock_twice_right,4,-1.317472,4.202150,9.604765,1.290219,-0.176341,-0.118953
45417490.000,Miguel,recording,knock_twice_right,4,-1.511045,4.287826,9.527696,1.457681,-0.583665,-0.258179
45417500.000,Miguel,recording,knock_twice_right,4,-1.659067,4.167852,9.084026,1.555271,-1.014418,-0.369816
45417510.000,Miguel,recording,knock_twice_right,4,-1.404529,3.817060,8.992188,1.553526,-1.262612,-0.417627
45417520.000,Miguel,recording,knock_twice_right,4,-0.922280,3.320123,9.013759,1.469084,-1.204877,-0.384239
45417530.000,Miguel,recording,knock_twice_right,4,-0.695108,3.115435,8.710575,1.321979,-0.828066,-0.284217
45417540.000,Miguel,recording,knock_twice_right,4,-0.596498,3.306470,8.233190,1.136733,-0.250588,-0.166265
45417550.000,Miguel,recording,knock_twice_right,4,-0.467885,3.737362,7.873515,0.954875,0.332323,-0.097509
45417560.000,Miguel,recording,knock_twice_right,4,-0.387148,4.216210,7.853820,0.806328,0.725438,-0.134971
45417570.000,Miguel,recording,knock_twice_right,4,-0.534173,4.361328,8.211760,0.704754,0.830144,-0.265074
45417580.000,Miguel,recording,knock_twice_right,4,-1.225956,4.202612,8.767825,0.672789,0.673061,-0.400163
45417590.000,Miguel,recording,knock_twice_right,4,-2.460856,4.190773,9.451410,0.736043,0.331351,-0.443526
45417600.000,Miguel,recording,knock_twice_right,4,-3.516349,4.518925,10.018100,0.890460,-0.080570,-0.349918
45417610.000,Miguel,recording,knock_twice_right,4,-3.589913,4.899406,9.859440,1.066962,-0.423580,-0.164187
45417620.000,Miguel,recording,knock_twice_right,4,-2.563450,5.008853,9.083237,1.183802,-0.616236,0.012447
45417630.000,Miguel,recording,knock_twice_right,4,-1.111809,4.877686,8.334359,1.205665,-0.680235,0.111766
45417640.000,Miguel,recording,knock_twice_right,4,-0.065181,4.768889,7.864812,1.124361,-0.673806,0.120274
45417650.000,Miguel,recording,knock_twice_right,4,-0.017794,5.109464,7.727334,0.959841,-0.557676,0.059349
45417660.000,Miguel,recording,knock_twice_right,4,-0.607927,5.608305,7.896273,0.781014,-0.275556,-0.019936
45417670.000,Miguel,recording,knock_twice_right,4,-0.793196,5.531368,8.106128,0.647830,0.112178,-0.092581
45417680.000,Miguel,recording,knock_twice_right,4,-0.717815,5.251549,7.892178,0.554662,0.509064,-0.163186
45417690.000,Miguel,recording,knock_twice_right,4,-0.901661,5.160652,7.367916,0.460315,0.831941,-0.237272
45417700.000,Miguel,recording,knock_twice_right,4,-1.265293,5.037150,6.988161,0.332939,1.010237,-0.324950
45417710.000,Miguel,recording,knock_twice_right,4,-1.725067,4.905106,6.877824,0.181856,1.028392,-0.416540
45417720.000,Miguel,recording,knock_twice_right,4,-2.064642,4.962931,6.876052,0.034860,0.915912,-0.491143
45417730.000,Miguel,recording,knock_twice_right,4,-2.028469,5.081139,6.836097,-0.098440,0.739949,-0.545151
45417740.000,Miguel,recording,knock_twice_right,4,-1.575673,5.035421,7.019727,-0.219458,0.562375,-0.592342
45417750.000,Miguel,recording,knock_twice_right,4,-0.924549,4.834458,7.446456,-0.326966,0.418060,-0.643908
45417760.000,Miguel,recording,knock_twice_right,4,-0.571625,4.663858,7.760639,-0.415191,0.342712,-0.692784
45417770.000,Miguel,recording,knock_twice_right,4,-0.700581,4.543888,7.958700,-0.470260,0.339536,-0.726846
45417780.000,Miguel,recording,knock_twice_right,4,-1.019708,4.365175,8.309833,-0.464609,0.365725,-0.748105
45417790.000,Miguel,recording,knock_twice_right,4,-1.394167,4.173636,8.779842,-0.370205,0.345111,-0.753819
45417800.000,Miguel,recording,knock_twice_right,4,-1.943306,4.126743,9.120094,-0.189507,0.208374,-0.714647
45417810.000,Miguel,recording,knock_twice_right,4,-2.505850,4.179982,9.156948,0.032287,-0.039471,-0.609100
45417820.000,Miguel,recording,knock_twice_right,4,-2.861789,4.164009,8.902602,0.236914,-0.295501,-0.450526
45417830.000,Miguel,recording,knock_twice_right,4,-2.908541,4.012280,8.586094,0.395497,-0.445870,-0.265168
45417840.000,Miguel,recording,knock_twice_right,4,-2.648986,3.959042,8.378927,0.504879,-0.469652,-0.077185
45417850.000,Miguel,recording,knock_twice_right,4,-2.142986,4.088723,8.384385,0.574405,-0.429676,0.094680
45417860.000,Miguel,recording,knock_twice_right,4,-1.529082,4.399176,8.646460,0.638162,-0.389493,0.238948
45417870.000,Miguel,recording,knock_twice_right,4,-1.136733,4.793010,8.939920,0.730381,-0.353487,0.322384
45417880.000,Miguel,recording,knock_twice_right,4,-1.217590,5.101239,9.072326,0.878433,-0.321738,0.332398
45417890.000,Miguel,recording,knock_twice_right,4,-1.664507,5.204362,8.894218,1.081330,-0.241069,0.291443
45417900.000,Miguel,recording,knock_twice_right,4,-1.935252,5.005880,8.702595,1.293636,-0.102632,0.218509
45417910.000,Miguel,recording,knock_twice_right,4,-1.935608,4.750734,8.452692,1.458762,0.007816,0.149318
45417920.000,Miguel,recording,knock_twice_right,4,-1.902150,4.669932,8.182711,1.550750,0.055114,0.124668
45417930.000,Miguel,recording,knock_twice_right,4,-1.914748,4.972502,8.081855,1.588372,0.036367,0.166678
45417940.000,Miguel,recording,knock_twice_right,4,-1.958108,5.577907,8.088208,1.580797,-0.060457,0.267707
45417950.000,Miguel,recording,knock_twice_right,4,-1.872809,6.214096,7.989836,1.506758,-0.293103,0.402702
45417960.000,Miguel,recording,knock_twice_right,4,-1.555114,6.569017,7.681896,1.364757,-0.632659,0.528848
45417970.000,Miguel,recording,knock_twice_right,4,-0.994672,6.635810,7.453732,1.202015,-0.898657,0.586889
45417980.000,Miguel,recording,knock_twice_right,4,-0.543543,6.486211,7.318311,1.072706,-0.951997,0.557763
45417990.000,Miguel,recording,knock_twice_right,4,-0.532844,6.303912,7.170795,0.985413,-0.817003,0.493178
45418000.000,Miguel,recording,knock_twice_right,4,-0.927174,6.382178,7.016237,0.904346,-0.618732,0.456208
45418010.000,Miguel,recording,knock_twice_right,4,-1.263213,6.647540,6.884081,0.800216,-0.468933,0.462915
45418020.000,Miguel,recording,knock_twice_right,4,-1.213137,6.964126,6.886626,0.684338,-0.387416,0.476627
45418030.000,Miguel,recording,knock_twice_right,4,-0.938845,7.097110,7.087974,0.615248,-0.360316,0.473766
45418040.000,Miguel,recording,knock_twice_right,4,-0.617403,7.050070,7.370848,0.620397,-0.399202,0.465306
45418050.000,Miguel,recording,knock_twice_right,4,-0.242901,6.994877,7.544663,0.664331,-0.486255,0.435129
45418060.000,Miguel,recording,knock_twice_right,4,0.001178,6.943854,7.582879,0.724806,-0.550970,0.370653
45418070.000,Miguel,recording,knock_twice_right,4,-0.001212,6.970377,7.504295,0.790793,-0.545454,0.291395
45418080.000,Miguel,recording,knock_twice_right,4,-0.104088,7.042086,7.293707,0.841385,-0.476966,0.219398
45418090.000,Miguel,recording,knock_twice_right,4,-0.165811,7.070320,6.961168,0.857820,-0.372916,0.167631
45418100.000,Miguel,recording,knock_twice_right,4,-0.137944,7.108365,6.605486,0.829784,-0.262826,0.137138
45418110.000,Miguel,recording,knock_twice_right,4,-0.003124,7.237510,6.288105,0.761374,-0.160659,0.118365
45418120.000,Miguel,recording,knock_twice_right,4,0.143720,7.371303,6.041601,0.665882,-0.075246,0.090805
45418130.000,Miguel,recording,knock_twice_right,4,0.164012,7.471641,5.925772,0.561318,-0.026587,0.042384
45418140.000,Miguel,recording,knock_twice_right,4,-0.038843,7.521879,5.905904,0.462075,-0.023519,-0.019814
45418150.000,Miguel,recording,knock_twice_right,4,-0.363422,7.525633,5.933104,0.378153,-0.049218,-0.074161
45418160.000,Miguel,recording,knock_twice_right,4,-0.659203,7.497652,5.963708,0.312503,-0.082801,-0.096558
45418170.000,Miguel,recording,knock_twice_right,4,-0.804024,7.424045,6.011276,0.260711,-0.108694,-0.085569
45418180.000,Miguel,recording,knock_twice_right,4,-0.779051,7.334113,6.043466,0.217787,-0.110830,-0.058422
45418190.000,Miguel,recording,knock_twice_right,4,-0.592893,7.275808,6.089552,0.177285,-0.084606,-0.032985
45418200.000,Miguel,recording,knock_twice_right,4,-0.337254,7.222105,6.054929,0.135289,-0.043387,-0.023882
45418210.000,Miguel,recording,knock_twice_right,4,-0.144965,7.204078,6.044847,0.091092,-0.000345,-0.034129
45418220.000,Miguel,recording,knock_twice_right,4,-0.075373,7.219748,6.093717,0.048420,0.034730,-0.059306
45418230.000,Miguel,recording,knock_twice_right,4,-0.133359,7.236303,6.161977,0.011080,0.050611,-0.090703
45418240.000,Miguel,recording,knock_twice_right,4,-0.259400,7.227599,6.265355,-0.015036,0.044724,-0.113812
45418250.000,Miguel,recording,knock_twice_right,4,-0.393515,7.207355,6.390256,-0.024645,0.025071,-0.125891
45418260.000,Miguel,recording,knock_twice_right,4,-0.478878,7.188639,6.475996,-0.021434,0.004337,-0.132716
45418270.000,Miguel,recording,knock_twice_right,4,-0.558514,7.149686,6.486252,-0.011926,-0.004963,-0.134615
45418280.000,Miguel,recording,knock_twice_right,4,-0.654740,7.142681,6.460498,-0.001404,-0.002567,-0.130105
45418290.000,Miguel,recording,knock_twice_right,4,-0.704476,7.183824,6.444964,0.007634,0.000974,-0.120745
45418300.000,Miguel,recording,knock_twice_right,4,-0.674560,7.197330,6.477076,0.012657,-0.002748,-0.110891
45418310.000,Miguel,recording,knock_twice_right,4,-0.643526,7.167032,6.511745,0.015032,-0.013973,-0.102740
45418320.000,Miguel,recording,knock_twice_right,4,-0.609193,7.156071,6.515403,0.015080,-0.028635,-0.094402
45418330.000,Miguel,recording,knock_twice_right,4,-0.568922,7.135677,6.533760,0.011678,-0.042545,-0.085341
45418340.000,Miguel,recording,knock_twice_right,4,-0.574446,7.131554,6.557017,0.007145,-0.048984,-0.079667
45418350.000,Miguel,recording,knock_twice_right,4,-0.604175,7.162354,6.587383,0.004914,-0.048515,-0.078253
45418360.000,Miguel,recording,knock_twice_right,4,-0.658232,7.184583,6.618665,0.007707,-0.045802,-0.080174
45418370.000,Miguel,recording,knock_twice_right,4,-0.742305,7.167958,6.577194,0.009237,-0.043711,-0.083173
45418380.000,Miguel,recording,knock_twice_right,4,-0.864080,7.153583,6.521552,0.006464,-0.039754,-0.079491
45418390.000,Miguel,recording,knock_twice_right,4,-0.996168,7.153039,6.492492,0.001551,-0.030030,-0.062113
45418400.000,Miguel,recording,knock_twice_right,4,-1.023776,7.142956,6.460288,-0.009167,-0.020033,-0.029373
45418410.000,Miguel,recording,knock_twice_right,4,-0.915492,7.141844,6.442897,-0.028244,-0.016767,0.007973
45418420.000,Miguel,recording,knock_twice_right,4,-0.676148,7.146714,6.427578,-0.051462,-0.013301,0.032642
45418430.000,Miguel,recording,knock_twice_right,4,-0.470273,7.134599,6.404629,-0.077923,-0.003179,0.036682
45418440.000,Miguel,recording,knock_twice_right,4,-0.345087,7.150322,6.406192,-0.108522,0.009444,0.023987
45418450.000,Miguel,recording,knock_twice_right,4,-0.323299,7.164287,6.446416,-0.139941,0.026525,0.002128
45418460.000,Miguel,recording,knock_twice_right,4,-0.389841,7.122973,6.522726,-0.167339,0.056280,-0.021624
45418470.000,Miguel,recording,knock_twice_right,4,-0.488643,7.082416,6.643612,-0.179098,0.100096,-0.039020
45418480.000,Miguel,recording,knock_twice_right,4,-0.615851,7.068632,6.766513,-0.168119,0.137447,-0.045340
45418490.000,Miguel,recording,knock_twice_right,4,-0.752356,7.119293,6.833291,-0.140754,0.137580,-0.043244
45418500.000,Miguel,recording,knock_twice_right,4,-0.846153,7.155192,6.829813,-0.102867,0.096505,-0.036120
45418510.000,Miguel,recording,knock_twice_right,4,-0.865923,7.133369,6.807315,-0.059075,0.040293,-0.024740
45418520.000,Miguel,recording,knock_twice_right,4,-0.808621,7.084382,6.766234,-0.018393,-0.009982,-0.010658
45418530.000,Miguel,recording,knock_twice_right,4,-0.702266,7.053812,6.699077,0.011279,-0.044910,0.001120
45418540.000,Miguel,recording,knock_twice_right,4,-0.562603,7.058082,6.650458,0.025493,-0.060359,0.006678
45418550.000,Miguel,recording,knock_twice_right,4,-0.405607,7.093929,6.662066,0.025437,-0.056462,0.003678
45418560.000,Miguel,recording,knock_twice_right,4,-0.215157,7.135566,6.741260,0.017566,-0.029006,-0.010610
45418570.000,Miguel,recording,knock_twice_right,4,-0.069703,7.182648,6.795661,0.011725,0.024751,-0.036807
45418580.000,Miguel,recording,knock_twice_right,4,-0.223249,7.157962,6.764998,0.014239,0.091098,-0.070137
45418590.000,Miguel,recording,knock_twice_right,4,-0.846279,7.071186,6.576983,0.023406,0.146538,-0.097168
45418600.000,Miguel,recording,knock_twice_right,4,-2.648762,6.920323,6.037600,0.027939,0.252220,-0.079994
45418610.000,Miguel,recording,knock_twice_right,4,-3.189912,7.066787,5.762333,-0.011014,0.398693,0.038876
45418620.000,Miguel,recording,knock_twice_right,4,-2.613573,7.259442,5.754369,-0.129752,0.415928,0.249748
45418630.000,Miguel,recording,knock_twice_right,4,-1.243891,7.050524,5.943475,-0.298005,0.299900,0.437557
45418640.000,Miguel,recording,knock_twice_right,4,0.216655,6.895219,6.347701,-0.435748,0.176514,0.493498
45418650.000,Miguel,recording,knock_twice_right,4,1.318496,7.063739,6.996451,-0.489814,0.079924,0.397703
45418660.000,Miguel,recording,knock_twice_right,4,2.076350,7.314555,7.681675,-0.456105,0.010613,0.176930
45418670.000,Miguel,recording,knock_twice_right,4,2.009705,7.353384,8.126594,-0.341662,-0.010785,-0.117023
45418680.000,Miguel,recording,knock_twice_right,4,0.896267,7.019233,8.248961,-0.162832,-0.019649,-0.398857
45418690.000,Miguel,recording,knock_twice_right,4,-0.603049,6.586966,7.923538,0.042828,-0.041195,-0.560792
45418700.000,Miguel,recording,knock_twice_right,4,-1.934719,6.608228,7.294579,0.224187,-0.083422,-0.530260
45418710.000,Miguel,recording,knock_twice_right,4,-2.739821,7.006524,6.753144,0.335243,-0.190030,-0.334910
45418720.000,Miguel,recording,knock_twice_right,4,-2.804378,7.427394,6.527852,0.367272,-0.343172,-0.069526
45418730.000,Miguel,recording,knock_twice_right,4,-1.908412,7.698894,6.656814,0.356530,-0.452619,0.164738
45418740.000,Miguel,recording,knock_twice_right,4,-0.604411,7.464290,6.839871,0.351043,-0.434730,0.291426
45418750.000,Miguel,recording,knock_twice_right,4,0.337649,7.039757,6.876752,0.364882,-0.312341,0.289180
45418760.000,Miguel,recording,knock_twice_right,4,0.660635,6.893366,6.820473,0.378885,-0.175434,0.203658
45418770.000,Miguel,recording,knock_twice_right,4,-0.186234,6.746673,6.405949,0.378882,-0.042494,0.093814
45418780.000,Miguel,recording,knock_twice_right,4,-1.749573,6.700023,5.749096,0.344739,0.105627,0.039525
45418790.000,Miguel,recording,knock_twice_right,4,-1.977162,7.204891,5.460641,0.234595,0.198483,0.110642
45418800.000,Miguel,recording,knock_twice_right,4,-1.239086,7.461268,5.452285,0.046176,0.156533,0.245716
45418810.000,Miguel,recording,knock_twice_right,4,-0.004903,7.183541,5.743278,-0.152508,0.048103,0.308452
45418820.000,Miguel,recording,knock_twice_right,4,0.846334,7.089419,6.330168,-0.280714,-0.006237,0.249400
45418830.000,Miguel,recording,knock_twice_right,4,0.946735,7.202941,6.901103,-0.308790,0.003285,0.118778
45418840.000,Miguel,recording,knock_twice_right,4,0.839582,7.296261,7.146879,-0.263732,0.037527,-0.029328
45418850.000,Miguel,recording,knock_twice_right,4,0.458894,7.256824,7.074746,-0.188895,0.077745,-0.163285
45418860.000,Miguel,recording,knock_twice_right,4,-0.166188,7.184420,6.942498,-0.111819,0.105465,-0.252396
45418870.000,Miguel,recording,knock_twice_right,4,-0.841823,7.119574,6.846804,-0.043311,0.091635,-0.274515
45418880.000,Miguel,recording,knock_twice_right,4,-1.279677,7.065115,6.782215,0.019942,0.035691,-0.230035
45418890.000,Miguel,recording,knock_twice_right,4,-1.383620,7.181435,6.701319,0.081038,-0.029223,-0.135379
45418900.000,Miguel,recording,knock_twice_right,4,-1.189339,7.321636,6.595937,0.131062,-0.092681,-0.026335
45418910.000,Miguel,recording,knock_twice_right,4,-0.750983,7.411102,6.536575,0.159967,-0.162552,0.052873
45418920.000,Miguel,recording,knock_twice_right,4,-0.278249,7.476547,6.545083,0.164485,-0.221275,0.077482
45418930.000,Miguel,recording,knock_twice_right,4,0.093537,7.447975,6.513197,0.151028,-0.225400,0.046509
45418940.000,Miguel,recording,knock_twice_right,4,0.256036,7.337045,6.373335,0.122043,-0.162332,-0.019177
45418950.000,Miguel,recording,knock_twice_right,4,0.170706,7.230879,6.217377,0.071731,-0.068546,-0.089687
45418960.000,Miguel,recording,knock_twice_right,4,-0.104630,7.207393,6.121237,-0.002087,0.017710,-0.144939
45418970.000,Miguel,recording,knock_twice_right,4,-0.420199,7.224094,6.131424,-0.091051,0.089360,-0.176016
45418980.000,Miguel,recording,knock_twice_right,4,-0.600883,7.211343,6.242601,-0.182274,0.167189,-0.186662
45418990.000,Miguel,recording,knock_twice_right,4,-0.689991,7.125841,6.332375,-0.267210,0.269116,-0.186308
45419000.000,Miguel,recording,knock_twice_right,4,-0.817822,6.996101,6.430323,-0.328427,0.375124,-0.178655
45419010.000,Miguel,recording,knock_twice_right,4,-0.956310,6.946508,6.535510,-0.352651,0.430111,-0.162699
45419020.000,Miguel,recording,knock_twice_right,4,-1.077931,6.962120,6.522977,-0.351662,0.393680,-0.141103
45419030.000,Miguel,recording,knock_twice_right,4,-1.143143,6.979346,6.595683,-0.334041,0.280530,-0.117784
45419040.000,Miguel,recording,knock_twice_right,4,-1.121752,6.986190,6.875419,-0.292185,0.138445,-0.093765
45419050.000,Miguel,recording,knock_twice_right,4,-1.091459,6.913300,7.195342,-0.221873,0.007535,-0.074107
45419060.000,Miguel,recording,knock_twice_right,4,-1.021940,6.848915,7.385011,-0.131557,-0.084949,-0.059106
45419070.000,Miguel,recording,knock_twice_right,4,-0.917712,6.823923,7.366304,-0.040341,-0.119669,-0.046680
45419080.000,Miguel,recording,knock_twice_right,4,-0.862006,6.828060,7.163262,0.028494,-0.101895,-0.040870
45419090.000,Miguel,recording,knock_twice_right,4,-0.859890,6.862146,6.989608,0.061794,-0.062757,-0.037249
45419100.000,Miguel,recording,knock_twice_right,4,-0.795553,6.928761,6.921661,0.066790,-0.016179,-0.029568
45419110.000,Miguel,recording,knock_twice_right,4,-0.705607,6.942978,6.865011,0.057821,0.041089,-0.022298
45419120.000,Miguel,recording,knock_twice_right,4,-0.712171,6.934830,6.743093,0.043118,0.095504,-0.022969
45419130.000,Miguel,recording,knock_twice_right,4,-0.822996,6.992610,6.607668,0.020846,0.125409,-0.027328
45419140.000,Miguel,recording,knock_twice_right,4,-0.960146,7.086949,6.576820,-0.008333,0.123500,-0.026103
45419150.000,Miguel,recording,knock_twice_right,4,-0.979976,7.150709,6.713557,-0.025278,0.106045,-0.020588
45419160.000,Miguel,recording,knock_twice_right,4,-0.889650,7.116271,6.854213,-0.015570,0.087150,-0.019789
45419170.000,Miguel,recording,knock_twice_right,4,-0.870801,7.051002,6.867797,0.012214,0.060367,-0.026920
45419180.000,Miguel,recording,knock_twice_right,4,-0.950583,7.034637,6.780926,0.042247,0.020324,-0.029036
45419190.000,Miguel,recording,knock_twice_right,4,-1.019177,7.054529,6.677667,0.059498,-0.027171,-0.017829
45419200.000,Miguel,recording,knock_twice_right,4,-0.979453,7.060014,6.616027,0.056736,-0.074360,-0.000960
45419210.000,Miguel,recording,knock_twice_right,4,-0.785284,7.062898,6.665469,0.040243,-0.102799,0.011099
45419220.000,Miguel,recording,knock_twice_right,4,-0.545906,7.034890,6.773536,0.023949,-0.087358,0.010849
45419230.000,Miguel,recording,knock_twice_right,4,-0.474109,6.983942,6.816561,0.017426,-0.029788,-0.005419
45419240.000,Miguel,recording,knock_twice_right,4,-0.632649,7.001064,6.764160,0.017860,0.029310,-0.024444
45419250.000,Miguel,recording,knock_twice_right,4,-0.891122,7.062792,6.645018,0.018419,0.053176,-0.028409
45419260.000,Miguel,recording,knock_twice_right,4,-1.058230,7.097378,6.517158,0.013713,0.040916,-0.016039
45419270.000,Miguel,recording,knock_twice_right,4,-1.056393,7.105095,6.469442,0.004878,0.004870,0.003180
45419280.000,Miguel,recording,knock_twice_right,4,-0.878178,7.086120,6.552261,-0.001921,-0.041353,0.017493
45419290.000,Miguel,recording,knock_twice_right,4,-0.638615,7.027934,6.688502,-0.001068,-0.074427,0.016640
45419300.000,Miguel,recording,knock_twice_right,5,-0.519682,6.987679,6.747583,0.008936,-0.078589,0.000102
45419310.000,Miguel,recording,knock_twice_right,5,-0.564370,7.003229,6.705185,0.017846,-0.063688,-0.019031
45419320.000,Miguel,recording,knock_twice_right,5,-0.720437,7.036740,6.557030,0.011072,-0.046774,-0.029546
45419330.000,Miguel,recording,knock_twice_right,5,-0.865286,7.067206,6.392755,-0.018182,-0.031949,-0.028322
45419340.000,Miguel,recording,knock_twice_right,5,-0.895767,7.086441,6.328784,-0.062799,-0.016770,-0.019351
45419350.000,Miguel,recording,knock_twice_right,5,-0.789338,7.116736,6.459406,-0.103570,-0.015057,-0.013984
45419360.000,Miguel,recording,knock_twice_right,5,-0.523458,7.150186,6.710504,-0.118782,-0.051233,-0.025055
45419370.000,Miguel,recording,knock_twice_right,5,-0.232486,7.196196,6.824302,-0.097117,-0.146493,-0.067873
45419380.000,Miguel,recording,knock_twice_right,5,-0.114941,7.261504,6.845891,-0.043799,-0.306296,-0.143608
45419390.000,Miguel,recording,knock_twice_right,5,-0.506724,7.312645,6.980446,0.023311,-0.457300,-0.236854
45419400.000,Miguel,recording,knock_twice_right,5,-1.189577,7.233356,7.147283,0.092391,-0.519907,-0.293088
45419410.000,Miguel,recording,knock_twice_right,5,-1.371376,7.111381,7.139409,0.152581,-0.525583,-0.268108
45419420.000,Miguel,recording,knock_twice_right,5,-1.241829,6.931187,7.064423,0.197526,-0.497504,-0.190463
45419430.000,Miguel,recording,knock_twice_right,5,-1.109544,6.747140,6.887090,0.230461,-0.407837,-0.105221
45419440.000,Miguel,recording,knock_twice_right,5,-0.963929,6.749066,6.619169,0.241066,-0.276965,-0.036639
45419450.000,Miguel,recording,knock_twice_right,5,-0.808440,6.884171,6.381014,0.216572,-0.162390,0.017278
45419460.000,Miguel,recording,knock_twice_right,5,-0.542172,6.956003,6.250004,0.159625,-0.095343,0.056773
45419470.000,Miguel,recording,knock_twice_right,5,-0.279225,6.901935,6.159301,0.082608,-0.057745,0.066109
45419480.000,Miguel,recording,knock_twice_right,5,-0.219902,6.838676,6.170259,0.000080,-0.013191,0.043775
45419490.000,Miguel,recording,knock_twice_right,5,-0.426439,6.782034,6.423882,-0.073216,0.081597,0.006018
45419500.000,Miguel,recording,knock_twice_right,5,-0.766108,6.688937,6.773345,-0.130755,0.255969,-0.020748
45419510.000,Miguel,recording,knock_twice_right,5,-1.094183,6.595336,6.995147,-0.168341,0.474750,-0.009310
45419520.000,Miguel,recording,knock_twice_right,5,-1.368402,6.568802,7.089907,-0.180217,0.658967,0.048363
45419530.000,Miguel,recording,knock_twice_right,5,-1.559409,6.702374,7.130425,-0.167048,0.727848,0.128901
45419540.000,Miguel,recording,knock_twice_right,5,-1.612989,6.949372,7.102610,-0.133176,0.658035,0.199954
45419550.000,Miguel,recording,knock_twice_right,5,-1.531010,7.138760,7.054497,-0.082315,0.498637,0.249447
45419560.000,Miguel,recording,knock_twice_right,5,-1.392692,7.175763,7.012815,-0.021587,0.312041,0.275258
45419570.000,Miguel,recording,knock_twice_right,5,-1.367544,7.114170,7.022111,0.035155,0.168649,0.295763
45419580.000,Miguel,recording,knock_twice_right,5,-1.409796,7.059617,6.931522,0.069433,0.114794,0.338030
45419590.000,Miguel,recording,knock_twice_right,5,-1.443071,7.073084,6.740269,0.068144,0.148343,0.403852
45419600.000,Miguel,recording,knock_twice_right,5,-1.468524,7.203700,6.523334,0.036085,0.239207,0.481420
45419610.000,Miguel,recording,knock_twice_right,5,-1.472811,7.355340,6.304537,-0.012863,0.339018,0.557330
45419620.000,Miguel,recording,knock_twice_right,5,-1.438831,7.492650,6.179415,-0.069075,0.405965,0.622517
45419630.000,Miguel,recording,knock_twice_right,5,-1.376616,7.588043,6.274196,-0.120216,0.438368,0.676963
45419640.000,Miguel,recording,knock_twice_right,5,-1.021722,7.311190,6.338829,-0.167284,0.452286,0.713601
45419650.000,Miguel,recording,knock_twice_right,5,-0.421919,6.649030,6.312633,-0.229635,0.428581,0.712739
45419660.000,Miguel,recording,knock_twice_right,5,0.009489,6.332942,6.433071,-0.301353,0.356486,0.668140
45419670.000,Miguel,recording,knock_twice_right,5,0.193869,6.645552,6.589643,-0.349740,0.277937,0.599304
45419680.000,Miguel,recording,knock_twice_right,5,0.266348,7.068237,6.639279,-0.361476,0.230730,0.519230
45419690.000,Miguel,recording,knock_twice_right,5,0.230140,7.232195,6.704218,-0.350009,0.204097,0.428054
45419700.000,Miguel,recording,knock_twice_right,5,0.155474,7.200084,6.776498,-0.334174,0.181062,0.333782
45419710.000,Miguel,recording,knock_twice_right,5,0.053411,7.127420,6.832943,-0.326582,0.189359,0.250950
45419720.000,Miguel,recording,knock_twice_right,5,-0.088142,7.073279,6.929654,-0.314805,0.266074,0.187266
45419730.000,Miguel,recording,knock_twice_right,5,-0.206110,7.129385,7.066122,-0.281397,0.393430,0.138784
45419740.000,Miguel,recording,knock_twice_right,5,-0.303959,7.245568,7.151639,-0.228852,0.506005,0.100339
45419750.000,Miguel,recording,knock_twice_right,5,-0.495332,7.380723,7.190576,-0.162157,0.545627,0.067621
45419760.000,Miguel,recording,knock_twice_right,5,-0.830354,7.562763,7.343679,-0.073152,0.522033,0.047771
45419770.000,Miguel,recording,knock_twice_right,5,-1.248927,7.735929,7.626164,0.062020,0.536325,0.057488
45419780.000,Miguel,recording,knock_twice_right,5,-1.409771,7.621276,7.733603,0.230090,0.617493,0.101086
45419790.000,Miguel,recording,knock_twice_right,5,-1.195092,7.184599,7.576253,0.361736,0.644354,0.160769
45419800.000,Miguel,recording,knock_twice_right,5,-0.800867,6.840930,7.426301,0.429263,0.546317,0.209113
45419810.000,Miguel,recording,knock_twice_right,5,-0.444575,6.755234,7.414342,0.474335,0.374584,0.224958
45419820.000,Miguel,recording,knock_twice_right,5,-0.226782,6.819556,7.385833,0.533236,0.215399,0.201321
45419830.000,Miguel,recording,knock_twice_right,5,-0.157387,6.908718,7.286798,0.601959,0.100571,0.143467
45419840.000,Miguel,recording,knock_twice_right,5,-0.157855,6.952618,7.218662,0.661140,-0.000356,0.066055
45419850.000,Miguel,recording,knock_twice_right,5,-0.168892,6.956910,7.170799,0.702250,-0.104374,-0.011066
45419860.000,Miguel,recording,knock_twice_right,5,-0.261202,6.927292,7.066939,0.730167,-0.190077,-0.083290
45419870.000,Miguel,recording,knock_twice_right,5,-0.399134,6.943567,6.898660,0.751948,-0.231709,-0.149077
45419880.000,Miguel,recording,knock_twice_right,5,-0.514647,7.018285,6.754883,0.771540,-0.225590,-0.200090
45419890.000,Miguel,recording,knock_twice_right,5,-0.556554,7.121813,6.624863,0.783139,-0.172228,-0.240826
45419900.000,Miguel,recording,knock_twice_right,5,-0.548130,7.227087,6.470116,0.769989,-0.070922,-0.281010
45419910.000,Miguel,recording,knock_twice_right,5,-0.517952,7.265739,6.279123,0.716663,0.079546,-0.313615
45419920.000,Miguel,recording,knock_twice_right,5,-0.591954,7.239155,6.040723,0.618831,0.271344,-0.322897
45419930.000,Miguel,recording,knock_twice_right,5,-0.804316,7.204688,5.824303,0.488386,0.468971,-0.298753
45419940.000,Miguel,recording,knock_twice_right,5,-1.055869,7.232989,5.677550,0.351189,0.625145,-0.245368
45419950.000,Miguel,recording,knock_twice_right,5,-1.235779,7.349538,5.566411,0.227461,0.703841,-0.184412
45419960.000,Miguel,recording,knock_twice_right,5,-1.290456,7.494958,5.491685,0.121602,0.694436,-0.137444
45419970.000,Miguel,recording,knock_twice_right,5,-1.244031,7.611048,5.518274,0.036579,0.617077,-0.108929
45419980.000,Miguel,recording,knock_twice_right,5,-1.200122,7.676646,5.616353,-0.023300,0.516361,-0.093735
45419990.000,Miguel,recording,knock_twice_right,5,-1.226299,7.638680,5.689028,-0.052830,0.433439,-0.083752
45420000.000,Miguel,recording,knock_twice_right,5,-1.243037,7.578636,5.725364,-0.050108,0.362047,-0.069104
45420010.000,Miguel,recording,knock_twice_right,5,-1.238679,7.488598,5.685509,-0.033234,0.261725,-0.050253
45420020.000,Miguel,recording,knock_twice_right,5,-1.291028,7.394066,5.624224,-0.028814,0.119239,-0.026855
45420030.000,Miguel,recording,knock_twice_right,5,-1.387178,7.357723,5.605057,-0.054900,-0.029868,0.016365
45420040.000,Miguel,recording,knock_twice_right,5,-1.451075,7.205918,5.580619,-0.122988,-0.124901,0.098356
45420050.000,Miguel,recording,knock_twice_right,5,-1.421573,6.864974,5.465349,-0.258256,-0.113568,0.227669
45420060.000,Miguel,recording,knock_twice_right,5,-1.453137,6.430840,5.229681,-0.489913,0.038323,0.397911
45420070.000,Miguel,recording,knock_twice_right,5,-1.366110,6.564011,5.138781,-0.791895,0.386088,0.515392
45420080.000,Miguel,recording,knock_twice_right,5,-1.196002,7.618003,5.541462,-1.000109,0.885116,0.505428
45420090.000,Miguel,recording,knock_twice_right,5,-1.103291,8.467475,5.911133,-1.009273,1.250173,0.431818
45420100.000,Miguel,recording,knock_twice_right,5,-0.719148,8.196172,5.683239,-0.966229,1.212518,0.316014
45420110.000,Miguel,recording,knock_twice_right,5,-0.323506,7.552730,5.630422,-0.959204,0.867343,0.127366
45420120.000,Miguel,recording,knock_twice_right,5,-0.424828,7.338145,6.236319,-0.890116,0.523710,-0.066406
45420130.000,Miguel,recording,knock_twice_right,5,-0.713200,7.326577,6.745606,-0.737242,0.278605,-0.201473
45420140.000,Miguel,recording,knock_twice_right,5,-0.847405,7.084089,6.798392,-0.587415,0.061730,-0.298394
45420150.000,Miguel,recording,knock_twice_right,5,-0.958149,6.919694,6.791155,-0.486931,-0.128196,-0.377349
45420160.000,Miguel,recording,knock_twice_right,5,-1.190541,6.966444,7.136138,-0.404425,-0.232019,-0.426981
45420170.000,Miguel,recording,knock_twice_right,5,-1.431832,6.855674,7.596560,-0.303211,-0.223469,-0.434554
45420180.000,Miguel,recording,knock_twice_right,5,-1.645674,6.603643,7.848695,-0.191049,-0.140387,-0.407374
45420190.000,Miguel,recording,knock_twice_right,5,-1.828039,6.502146,7.952887,-0.079936,-0.027640,-0.357656
45420200.000,Miguel,recording,knock_twice_right,5,-1.925984,6.570808,7.907531,0.032780,0.087259,-0.300759
45420210.000,Miguel,recording,knock_twice_right,5,-1.974610,6.700862,7.656760,0.140021,0.179348,-0.246561
45420220.000,Miguel,recording,knock_twice_right,5,-1.966558,6.816221,7.260236,0.220809,0.226107,-0.200351
45420230.000,Miguel,recording,knock_twice_right,5,-1.866589,6.873160,6.900462,0.269281,0.224605,-0.168378
45420240.000,Miguel,recording,knock_twice_right,5,-1.739232,6.852008,6.623275,0.285923,0.179971,-0.157264
45420250.000,Miguel,recording,knock_twice_right,5,-1.671334,6.851504,6.421266,0.268199,0.103374,-0.166703
45420260.000,Miguel,recording,knock_twice_right,5,-1.643082,6.951654,6.315722,0.225529,0.018743,-0.194633
45420270.000,Miguel,recording,knock_twice_right,5,-1.698964,7.295394,6.323217,0.182400,-0.039652,-0.235576
45420280.000,Miguel,recording,knock_twice_right,5,-1.819291,7.349573,6.383642,0.155957,-0.059902,-0.273245
45420290.000,Miguel,recording,knock_twice_right,5,-1.904189,7.057293,6.243503,0.122156,-0.093413,-0.307248
45420300.000,Miguel,recording,knock_twice_right,5,-2.115676,6.872544,6.121873,0.064002,-0.164778,-0.326733
45420310.000,Miguel,recording,knock_twice_right,5,-2.328057,6.797562,6.134706,-0.003221,-0.221919,-0.310648
45420320.000,Miguel,recording,knock_twice_right,5,-2.459192,6.747687,6.203573,-0.064575,-0.222558,-0.263720
45420330.000,Miguel,recording,knock_twice_right,5,-2.574262,6.783234,6.304363,-0.109716,-0.183058,-0.196483
45420340.000,Miguel,recording,knock_twice_right,5,-2.679763,6.861928,6.540871,-0.129748,-0.145768,-0.111537
45420350.000,Miguel,recording,knock_twice_right,5,-2.683528,6.875119,6.857088,-0.111636,-0.142523,-0.014873
45420360.000,Miguel,recording,knock_twice_right,5,-2.571735,6.828365,7.074005,-0.051778,-0.197719,0.082606
45420370.000,Miguel,recording,knock_twice_right,5,-2.417599,6.772775,7.209657,0.042294,-0.312266,0.172033
45420380.000,Miguel,recording,knock_twice_right,5,-2.184682,6.721936,7.266634,0.151905,-0.452309,0.241290
45420390.000,Miguel,recording,knock_twice_right,5,-1.898500,6.690850,7.258875,0.261673,-0.563169,0.281596
45420400.000,Miguel,recording,knock_twice_right,5,-1.629856,6.745274,7.231074,0.366122,-0.606907,0.293917
45420410.000,Miguel,recording,knock_twice_right,5,-1.472741,6.817477,7.139472,0.459002,-0.599622,0.284619
45420420.000,Miguel,recording,knock_twice_right,5,-1.430691,6.850229,7.049175,0.536192,-0.585621,0.264760
45420430.000,Miguel,recording,knock_twice_right,5,-1.453241,6.907002,7.001431,0.598712,-0.585263,0.250484
45420440.000,Miguel,recording,knock_twice_right,5,-1.449995,6.995085,6.964558,0.655703,-0.592338,0.248244
45420450.000,Miguel,recording,knock_twice_right,5,-1.363413,7.079712,6.879295,0.708618,-0.601564,0.248032
45420460.000,Miguel,recording,knock_twice_right,5,-1.205808,7.164771,6.773935,0.748080,-0.612250,0.240542
45420470.000,Miguel,recording,knock_twice_right,5,-1.036125,7.247231,6.692278,0.777177,-0.613343,0.225598
45420480.000,Miguel,recording,knock_twice_right,5,-0.882125,7.373119,6.599028,0.802574,-0.597019,0.201321
45420490.000,Miguel,recording,knock_twice_right,5,-0.762217,7.492230,6.485176,0.821233,-0.573325,0.165108
45420500.000,Miguel,recording,knock_twice_right,5,-0.696267,7.601341,6.333013,0.826229,-0.556218,0.124782
45420510.000,Miguel,recording,knock_twice_right,5,-0.739592,7.691235,6.186283,0.816753,-0.543852,0.089901
45420520.000,Miguel,recording,knock_twice_right,5,-0.854529,7.767063,6.030870,0.796893,-0.525104,0.066365
45420530.000,Miguel,recording,knock_twice_right,5,-0.975845,7.840095,5.817412,0.760651,-0.497399,0.060929
45420540.000,Miguel,recording,knock_twice_right,5,-1.064516,7.875455,5.579947,0.697093,-0.453251,0.073646
45420550.000,Miguel,recording,knock_twice_right,5,-1.033290,7.902369,5.382271,0.606198,-0.379256,0.096446
45420560.000,Miguel,recording,knock_twice_right,5,-0.889936,7.924263,5.250191,0.500779,-0.275944,0.115671
45420570.000,Miguel,recording,knock_twice_right,5,-0.722866,7.961996,5.169317,0.389678,-0.165906,0.118441
45420580.000,Miguel,recording,knock_twice_right,5,-0.610762,8.006899,5.132170,0.275666,-0.074291,0.106473
45420590.000,Miguel,recording,knock_twice_right,5,-0.558778,7.981633,5.132129,0.169094,-0.002019,0.085571
45420600.000,Miguel,recording,knock_twice_right,5,-0.558003,7.921583,5.164398,0.082133,0.053119,0.058794
45420610.000,Miguel,recording,knock_twice_right,5,-0.587397,7.848057,5.177570,0.010303,0.079510,0.035455
45420620.000,Miguel,recording,knock_twice_right,5,-0.635061,7.767094,5.199328,-0.053375,0.073938,0.023233
45420630.000,Miguel,recording,knock_twice_right,5,-0.642786,7.690462,5.275789,-0.107518,0.051229,0.019448
45420640.000,Miguel,recording,knock_twice_right,5,-0.606885,7.679989,5.383174,-0.151469,0.029505,0.017305
45420650.000,Miguel,recording,knock_twice_right,5,-0.551105,7.706643,5.530189,-0.178453,0.017931,0.013962
45420660.000,Miguel,recording,knock_twice_right,5,-0.483400,7.691556,5.687272,-0.180659,0.010073,0.007277
45420670.000,Miguel,recording,knock_twice_right,5,-0.452369,7.657380,5.781257,-0.164061,-0.015114,-0.004178
45420680.000,Miguel,recording,knock_twice_right,5,-0.456789,7.688508,5.848191,-0.141164,-0.062938,-0.017698
45420690.000,Miguel,recording,knock_twice_right,5,-0.484711,7.731584,5.942636,-0.116690,-0.107608,-0.033277
45420700.000,Miguel,recording,knock_twice_right,5,-0.498363,7.761843,6.003001,-0.089400,-0.122593,-0.053119
45420710.000,Miguel,recording,knock_twice_right,5,-0.524209,7.763281,6.026073,-0.062170,-0.111606,-0.073837
45420720.000,Miguel,recording,knock_twice_right,5,-0.561534,7.735734,6.025321,-0.041165,-0.091625,-0.092111
45420730.000,Miguel,recording,knock_twice_right,5,-0.590070,7.707686,5.993474,-0.028719,-0.073912,-0.105938
45420740.000,Miguel,recording,knock_twice_right,5,-0.624390,7.714987,5.984055,-0.022945,-0.062163,-0.115093
45420750.000,Miguel,recording,knock_twice_right,5,-0.682726,7.751756,6.007609,-0.018726,-0.052659,-0.121057
45420760.000,Miguel,recording,knock_twice_right,5,-0.773171,7.723202,6.023310,-0.011102,-0.049012,-0.123845
45420770.000,Miguel,recording,knock_twice_right,5,-0.876785,7.657205,6.032510,0.000459,-0.061743,-0.121884
45420780.000,Miguel,recording,knock_twice_right,5,-1.008339,7.678177,6.025093,0.012459,-0.092883,-0.112679
45420790.000,Miguel,recording,knock_twice_right,5,-1.091209,7.742460,5.995760,0.020570,-0.130218,-0.095460
45420800.000,Miguel,recording,knock_twice_right,5,-1.080477,7.774971,5.948490,0.020239,-0.157364,-0.075803
45420810.000,Miguel,recording,knock_twice_right,5,-1.017857,7.765054,5.907859,0.009510,-0.163388,-0.060133
45420820.000,Miguel,recording,knock_twice_right,5,-0.940471,7.746163,5.896771,-0.008971,-0.144716,-0.046171
45420830.000,Miguel,recording,knock_twice_right,5,-0.845211,7.718168,5.894388,-0.033167,-0.106372,-0.036312
45420840.000,Miguel,recording,knock_twice_right,5,-0.736340,7.661274,5.906846,-0.062233,-0.058599,-0.036555
45420850.000,Miguel,recording,knock_twice_right,5,-0.676660,7.630708,5.931763,-0.089601,-0.010963,-0.046308
45420860.000,Miguel,recording,knock_twice_right,5,-0.713630,7.653647,5.975837,-0.107241,0.025060,-0.059761
45420870.000,Miguel,recording,knock_twice_right,5,-0.822146,7.674777,6.081961,-0.107753,0.037283,-0.068535
45420880.000,Miguel,recording,knock_twice_right,5,-0.906827,7.643341,6.151552,-0.090201,0.018089,-0.069688
45420890.000,Miguel,recording,knock_twice_right,5,-0.937274,7.627138,6.149218,-0.061659,-0.027314,-0.063930
45420900.000,Miguel,recording,knock_twice_right,5,-0.939449,7.646458,6.134521,-0.031666,-0.079661,-0.053108
45420910.000,Miguel,recording,knock_twice_right,5,-0.909579,7.639048,6.111677,-0.007339,-0.117134,-0.040182
45420920.000,Miguel,recording,knock_twice_right,5,-0.859981,7.631362,6.087430,0.013312,-0.124974,-0.027933
45420930.000,Miguel,recording,knock_twice_right,5,-0.819722,7.627484,6.054417,0.029360,-0.106968,-0.017561
45420940.000,Miguel,recording,knock_twice_right,5,-0.763765,7.652403,5.987259,0.034817,-0.081287,-0.010750
45420950.000,Miguel,recording,knock_twice_right,5,-0.691320,7.696541,5.936653,0.026189,-0.057764,-0.008543
45420960.000,Miguel,recording,knock_twice_right,5,-0.639377,7.708479,5.888361,0.008227,-0.030922,-0.013218
45420970.000,Miguel,recording,knock_twice_right,5,-0.652139,7.700472,5.872149,-0.011121,0.001973,-0.024821
45420980.000,Miguel,recording,knock_twice_right,5,-0.727894,7.700869,5.859411,-0.027588,0.028824,-0.036550
45420990.000,Miguel,recording,knock_twice_right,5,-0.807488,7.697256,5.865189,-0.041276,0.035374,-0.043014
45421000.000,Miguel,recording,knock_twice_right,5,-0.853862,7.720338,5.905367,-0.051009,0.024030,-0.043213
45421010.000,Miguel,recording,knock_twice_right,5,-0.841540,7.734689,5.979571,-0.051037,0.007994,-0.039830
45421020.000,Miguel,recording,knock_twice_right,5,-0.789955,7.708148,6.032693,-0.040452,-0.015125,-0.038391
45421030.000,Miguel,recording,knock_twice_right,5,-0.773169,7.669328,6.041839,-0.028195,-0.052409,-0.039952
45421040.000,Miguel,recording,knock_twice_right,5,-0.808887,7.671049,6.037272,-0.020866,-0.087950,-0.040960
45421050.000,Miguel,recording,knock_twice_right,5,-0.827924,7.664291,6.050343,-0.016922,-0.100664,-0.038587
45421060.000,Miguel,recording,knock_twice_right,5,-0.796142,7.632992,6.059508,-0.016842,-0.085393,-0.032930
45421070.000,Miguel,recording,knock_twice_right,5,-0.767314,7.632582,6.059867,-0.023646,-0.048143,-0.025581
45421080.000,Miguel,recording,knock_twice_right,5,-0.740999,7.655680,6.029901,-0.037362,0.002582,-0.019087
45421090.000,Miguel,recording,knock_twice_right,5,-0.706953,7.660642,5.986670,-0.051220,0.051477,-0.020390
45421100.000,Miguel,recording,knock_twice_right,5,-0.733474,7.666984,5.964524,-0.062907,0.076602,-0.028421
45421110.000,Miguel,recording,knock_twice_right,5,-0.807223,7.681064,5.957002,-0.074890,0.070237,-0.035255
45421120.000,Miguel,recording,knock_twice_right,5,-0.876185,7.668601,5.986002,-0.082709,0.049357,-0.038404
45421130.000,Miguel,recording,knock_twice_right,5,-0.933441,7.656838,6.022031,-0.081620,0.033998,-0.036911
45421140.000,Miguel,recording,knock_twice_right,5,-0.949813,7.643709,6.062477,-0.075526,0.026984,-0.030691
45421150.000,Miguel,recording,knock_twice_right,5,-0.922815,7.590337,6.085455,-0.070133,0.024108,-0.021535
45421160.000,Miguel,recording,knock_twice_right,5,-0.878812,7.544719,6.091771,-0.066039,0.023264,-0.012729
45421170.000,Miguel,recording,knock_twice_right,5,-0.848145,7.517258,6.131515,-0.058451,0.026633,-0.008737
45421180.000,Miguel,recording,knock_twice_right,5,-0.845695,7.501067,6.160785,-0.044105,0.034260,-0.009580
45421190.000,Miguel,recording,knock_twice_right,5,-0.868438,7.522594,6.161086,-0.025056,0.034708,-0.011821
45421200.000,Miguel,recording,knock_twice_right,5,-0.881954,7.564327,6.154543,-0.004968,0.022167,-0.011236
45421210.000,Miguel,recording,knock_twice_right,5,-0.878417,7.579153,6.126329,0.013958,0.003493,-0.008180
45421220.000,Miguel,recording,knock_twice_right,5,-0.887006,7.579693,6.054792,0.030227,-0.015492,-0.006252
45421230.000,Miguel,recording,knock_twice_right,5,-0.891617,7.594552,6.007555,0.039194,-0.035524,-0.003000
45421240.000,Miguel,recording,knock_twice_right,5,-0.856755,7.620927,5.974582,0.041648,-0.057219,-0.000060
45421250.000,Miguel,recording,knock_twice_right,5,-0.835946,7.647193,5.948835,0.038294,-0.080247,-0.001316
45421260.000,Miguel,recording,knock_twice_right,5,-0.844296,7.690242,5.947438,0.025709,-0.098261,-0.005583
45421270.000,Miguel,recording,knock_twice_right,5,-0.807223,7.683986,5.961569,0.002421,-0.100201,-0.012031
45421280.000,Miguel,recording,knock_twice_right,5,-0.791164,7.645047,5.978618,-0.026576,-0.074900,-0.019088
45421290.000,Miguel,recording,knock_twice_right,5,-0.826459,7.580359,6.020575,-0.053944,-0.017377,-0.023592
45421300.000,Miguel,recording,knock_twice_right,5,-0.893925,7.556752,6.080916,-0.073738,0.048727,-0.021752
45421310.000,Miguel,recording,knock_twice_right,5,-0.951171,7.553737,6.132390,-0.081047,0.092910,-0.014122
45421320.000,Miguel,recording,knock_twice_right,5,-0.968223,7.553895,6.178685,-0.068560,0.103829,-0.005928
45421330.000,Miguel,recording,knock_twice_right,5,-0.978001,7.572287,6.227651,-0.035939,0.073785,0.003368
45421340.000,Miguel,recording,knock_twice_right,5,-0.959361,7.564413,6.224409,0.004796,0.000889,0.015629
45421350.000,Miguel,recording,knock_twice_right,5,-0.890338,7.529002,6.178212,0.042357,-0.091572,0.024806
45421360.000,Miguel,recording,knock_twice_right,5,-0.828578,7.532181,6.145277,0.069196,-0.166369,0.027403
45421370.000,Miguel,recording,knock_twice_right,5,-0.811448,7.584646,6.121409,0.084684,-0.196329,0.028428
45421380.000,Miguel,recording,knock_twice_right,5,-0.763141,7.637473,6.093984,0.089835,-0.178497,0.028534
45421390.000,Miguel,recording,knock_twice_right,5,-0.685799,7.632041,6.060780,0.083253,-0.129512,0.026416
45421400.000,Miguel,recording,knock_twice_right,5,-0.611768,7.604820,6.017131,0.066480,-0.072832,0.021483
45421410.000,Miguel,recording,knock_twice_right,5,-0.631796,7.625995,5.973305,0.044524,-0.024279,0.012902
45421420.000,Miguel,recording,knock_twice_right,5,-0.703342,7.681775,5.961478,0.026309,0.008666,0.003698
45421430.000,Miguel,recording,knock_twice_right,5,-0.768527,7.714428,5.944288,0.014995,0.019560,-0.002304
45421440.000,Miguel,recording,knock_twice_right,5,-0.806048,7.721276,5.925367,0.005056,0.005689,-0.002956
45421450.000,Miguel,recording,knock_twice_right,5,-0.805687,7.715680,5.916961,-0.005884,-0.024113,-0.001309
45421460.000,Miguel,recording,knock_twice_right,5,-0.782008,7.697816,5.951196,-0.016041,-0.051296,-0.000607
45421470.000,Miguel,recording,knock_twice_right,5,-0.776197,7.699751,5.992898,-0.022164,-0.068213,-0.001260
45421480.000,Miguel,recording,knock_twice_right,5,-0.779608,7.707562,6.036869,-0.023758,-0.073685,-0.000607
45421490.000,Miguel,recording,knock_twice_right,5,-0.763467,7.668974,6.081504,-0.023156,-0.066903,0.003065
45421500.000,Miguel,recording,knock_twice_right,5,-0.717623,7.631688,6.091617,-0.022562,-0.050365,0.005552
45421510.000,Miguel,recording,knock_twice_right,5,-0.671838,7.614383,6.110220,-0.019541,-0.027884,0.006286
45421520.000,Miguel,recording,knock_twice_right,5,-0.635579,7.606520,6.132701,-0.011768,-0.009436,0.005959
45421530.000,Miguel,recording,knock_twice_right,5,-0.625600,7.583739,6.148281,0.003265,-0.006392,0.002721
45421540.000,Miguel,recording,knock_twice_right,5,-0.665145,7.561858,6.114313,0.022946,-0.027499,-0.004219
45421550.000,Miguel,recording,knock_twice_right,5,-0.714913,7.579709,6.059177,0.040191,-0.064390,-0.010244
45421560.000,Miguel,recording,knock_twice_right,5,-0.710469,7.600494,6.034178,0.051724,-0.093582,-0.013701
45421570.000,Miguel,recording,knock_twice_right,5,-0.668295,7.625946,6.051560,0.056198,-0.100811,-0.015429
45421580.000,Miguel,recording,knock_twice_right,5,-0.594425,7.679374,6.094813,0.062663,-0.083240,-0.016763
45421590.000,Miguel,recording,knock_twice_right,5,-0.533709,7.682096,6.124584,0.076199,-0.057414,-0.028756
45421600.000,Miguel,recording,knock_twice_right,5,-0.534204,7.695043,6.124284,0.089985,-0.046521,-0.049948
45421610.000,Miguel,recording,knock_twice_right,5,-0.598297,7.671899,6.128744,0.106269,-0.039620,-0.063858
45421620.000,Miguel,recording,knock_twice_right,5,-0.995159,7.396065,5.899699,0.131666,0.040831,-0.078911
45421630.000,Miguel,recording,knock_twice_right,5,-1.911329,7.292304,5.279932,0.112413,0.184637,-0.055853
45421640.000,Miguel,recording,knock_twice_right,5,-2.325965,7.661116,5.027049,0.000388,0.266821,0.064196
45421650.000,Miguel,recording,knock_twice_right,5,-1.892302,7.802798,5.179082,-0.148798,0.249082,0.210592
45421660.000,Miguel,recording,knock_twice_right,5,-0.903806,7.652612,5.598294,-0.255537,0.174315,0.278056
45421670.000,Miguel,recording,knock_twice_right,5,-0.178961,7.654772,6.112210,-0.286622,0.064887,0.249067
45421680.000,Miguel,recording,knock_twice_right,5,0.210536,7.673556,6.544173,-0.248595,-0.069690,0.155076
45421690.000,Miguel,recording,knock_twice_right,5,0.468387,7.491109,6.663766,-0.171165,-0.174557,0.021435
45421700.000,Miguel,recording,knock_twice_right,5,0.311902,7.165675,6.502405,-0.091061,-0.216715,-0.124559
45421710.000,Miguel,recording,knock_twice_right,5,-0.351866,7.118048,6.281041,-0.035206,-0.219299,-0.216783
45421720.000,Miguel,recording,knock_twice_right,5,-1.093883,7.411203,6.073687,-0.009845,-0.208002,-0.211082
45421730.000,Miguel,recording,knock_twice_right,5,-1.472266,7.848571,5.955309,-0.016774,-0.195114,-0.128066
45421740.000,Miguel,recording,knock_twice_right,5,-1.343604,8.147872,6.041509,-0.040999,-0.159394,-0.014391
45421750.000,Miguel,recording,knock_twice_right,5,-0.840032,7.988142,6.217488,-0.047572,-0.074667,0.064112
45421760.000,Miguel,recording,knock_twice_right,5,-0.383679,7.727881,6.315894,-0.031323,0.020638,0.077233
45421770.000,Miguel,recording,knock_twice_right,5,-0.254699,7.650173,6.366144,-0.010398,0.067476,0.049713
45421780.000,Miguel,recording,knock_twice_right,5,-0.552650,7.418271,6.204018,0.008598,0.116981,0.002891
45421790.000,Miguel,recording,knock_twice_right,5,-1.282905,7.408612,5.799695,-0.003525,0.208568,-0.009465
45421800.000,Miguel,recording,knock_twice_right,5,-1.756383,7.733366,5.615460,-0.077223,0.265563,0.062312
45421810.000,Miguel,recording,knock_twice_right,5,-1.442379,7.793517,5.749035,-0.173878,0.241849,0.157434
45421820.000,Miguel,recording,knock_twice_right,5,-0.698094,7.643678,6.103390,-0.230357,0.160727,0.194427
45421830.000,Miguel,recording,knock_twice_right,5,-0.171762,7.596240,6.496890,-0.221535,0.056044,0.165830
45421840.000,Miguel,recording,knock_twice_right,5,0.066885,7.546613,6.769806,-0.161305,-0.059444,0.098850
45421850.000,Miguel,recording,knock_twice_right,5,0.288430,7.380834,6.881526,-0.071002,-0.161754,0.009543
45421860.000,Miguel,recording,knock_twice_right,5,0.219880,7.255530,6.757528,0.027692,-0.219666,-0.086495
45421870.000,Miguel,recording,knock_twice_right,5,-0.195876,7.265198,6.513641,0.108100,-0.229349,-0.157121
45421880.000,Miguel,recording,knock_twice_right,5,-0.621169,7.346912,6.257053,0.153696,-0.206092,-0.177538
45421890.000,Miguel,recording,knock_twice_right,5,-0.997010,7.544088,6.062362,0.163542,-0.175342,-0.145474
45421900.000,Miguel,recording,knock_twice_right,5,-1.204071,7.775136,5.947390,0.152225,-0.149408,-0.079014
45421910.000,Miguel,recording,knock_twice_right,5,-1.139269,7.860808,5.882280,0.134615,-0.125902,-0.008810
45421920.000,Miguel,recording,knock_twice_right,5,-0.948929,7.858575,5.849267,0.111413,-0.104633,0.042258
45421930.000,Miguel,recording,knock_twice_right,5,-0.758666,7.840123,5.820659,0.078762,-0.082435,0.068156
45421940.000,Miguel,recording,knock_twice_right,5,-0.554459,7.816086,5.846790,0.039947,-0.053959,0.071670
45421950.000,Miguel,recording,knock_twice_right,5,-0.414139,7.748573,5.865800,0.001368,-0.019696,0.051630
45421960.000,Miguel,recording,knock_twice_right,5,-0.358375,7.667136,5.875191,-0.039819,0.012004,0.012420
45421970.000,Miguel,recording,knock_twice_right,5,-0.392024,7.614155,5.951149,-0.084958,0.037030,-0.027659
45421980.000,Miguel,recording,knock_twice_right,5,-0.433383,7.521096,6.084910,-0.120282,0.064466,-0.058399
45421990.000,Miguel,recording,knock_twice_right,5,-0.509472,7.451509,6.199281,-0.133466,0.088981,-0.079849
45422000.000,Miguel,recording,knock_twice_right,5,-0.660308,7.437399,6.277633,-0.125197,0.087466,-0.092166
45422010.000,Miguel,recording,knock_twice_right,5,-0.813620,7.431024,6.300835,-0.101137,0.053850,-0.092928
45422020.000,Miguel,recording,knock_twice_right,5,-0.959300,7.429588,6.253754,-0.066806,0.001760,-0.082939
45422030.000,Miguel,recording,knock_twice_right,5,-1.057864,7.457564,6.166206,-0.033155,-0.054859,-0.062267
45422040.000,Miguel,recording,knock_twice_right,5,-1.103538,7.479989,6.101936,-0.007625,-0.101805,-0.033426
45422050.000,Miguel,recording,knock_twice_right,5,-1.083033,7.457576,6.086212,0.007324,-0.132851,-0.006111
45422060.000,Miguel,recording,knock_twice_right,5,-1.002185,7.444567,6.066863,0.010413,-0.146030,0.019527
45422070.000,Miguel,recording,knock_twice_right,5,-0.828573,7.454487,6.050444,0.005737,-0.133472,0.043576
45422080.000,Miguel,recording,knock_twice_right,5,-0.616997,7.466929,6.010424,-0.009577,-0.102638,0.054241
45422090.000,Miguel,recording,knock_twice_right,5,-0.453709,7.488531,6.007765,-0.034324,-0.071620,0.047172
45422100.000,Miguel,recording,knock_twice_right,5,-0.369649,7.509946,6.068669,-0.059928,-0.039772,0.029209
45422110.000,Miguel,recording,knock_twice_right,5,-0.399844,7.497100,6.128823,-0.079639,-0.001042,0.007977
45422120.000,Miguel,recording,knock_twice_right,5,-0.499500,7.509185,6.153523,-0.089409,0.033774,-0.009896
45422130.000,Miguel,recording,knock_twice_right,5,-0.612958,7.577841,6.156416,-0.093093,0.050813,-0.021374
45422140.000,Miguel,recording,knock_twice_right,5,-0.682534,7.581799,6.175747,-0.093046,0.050079,-0.026753
45422150.000,Miguel,recording,knock_twice_right,5,-0.711688,7.536518,6.211443,-0.086189,0.041885,-0.024331
45422160.000,Miguel,recording,knock_twice_right,5,-0.725864,7.522173,6.223172,-0.072130,0.033747,-0.013645
45422170.000,Miguel,recording,knock_twice_right,5,-0.703478,7.527801,6.190762,-0.057513,0.021990,-0.000447
45422180.000,Miguel,recording,knock_twice_right,5,-0.630774,7.536570,6.150743,-0.049844,-0.000561,0.010339
45422190.000,Miguel,recording,knock_twice_right,5,-0.549431,7.522044,6.150034,-0.050083,-0.034551,0.011756
45422200.000,Miguel,recording,knock_twice_right,5,-0.521109,7.536264,6.187279,-0.057373,-0.068693,0.002379
45422210.000,Miguel,recording,knock_twice_right,5,-0.531552,7.563142,6.259869,-0.066655,-0.082370,-0.011512
45422220.000,Miguel,recording,knock_twice_right,5,-0.518138,7.560877,6.323560,-0.071188,-0.062282,-0.026363
45422230.000,Miguel,recording,knock_twice_right,5,-0.514817,7.517342,6.347143,-0.071194,-0.020468,-0.041234
45422240.000,Miguel,recording,knock_twice_right,5,-0.554182,7.467303,6.384644,-0.071773,0.018247,-0.055214
45422250.000,Miguel,recording,knock_twice_right,5,-0.640260,7.414657,6.426000,-0.070178,0.045572,-0.063844
45422260.000,Miguel,recording,knock_twice_right,5,-0.728024,7.377015,6.438736,-0.058350,0.061890,-0.066480
45422270.000,Miguel,recording,knock_twice_right,5,-0.821730,7.374597,6.436182,-0.032289,0.062751,-0.062600
45422280.000,Miguel,recording,knock_twice_right,5,-0.902057,7.408975,6.438410,0.001006,0.038864,-0.048227
45422290.000,Miguel,recording,knock_twice_right,5,-0.934864,7.401576,6.413177,0.030804,-0.006270,-0.027585
45422300.000,Miguel,recording,knock_twice_right,5,-0.949180,7.368452,6.374157,0.054699,-0.051671,-0.007755
45422310.000,Miguel,recording,knock_twice_right,5,-0.998034,7.377061,6.367025,0.078897,-0.077818,0.015678
45422320.000,Miguel,recording,knock_twice_right,5,-1.034742,7.381196,6.367169,0.106660,-0.088604,0.047495
45422330.000,Miguel,recording,knock_twice_right,6,-0.973075,7.368310,6.329501,0.130704,-0.099794,0.080394
45422340.000,Miguel,recording,knock_twice_right,6,-0.864856,7.372459,6.259563,0.146307,-0.114076,0.104387
45422350.000,Miguel,recording,knock_twice_right,6,-0.764447,7.445471,6.215531,0.152471,-0.121944,0.118706
45422360.000,Miguel,recording,knock_twice_right,6,-0.633963,7.503593,6.189346,0.151876,-0.112513,0.125544
45422370.000,Miguel,recording,knock_twice_right,6,-0.486307,7.486785,6.131059,0.146322,-0.090482,0.121544
45422380.000,Miguel,recording,knock_twice_right,6,-0.420683,7.469565,6.046819,0.131265,-0.070314,0.106790
45422390.000,Miguel,recording,knock_twice_right,6,-0.433774,7.497580,5.980437,0.104473,-0.054139,0.087525
45422400.000,Miguel,recording,knock_twice_right,6,-0.474736,7.568924,5.940865,0.069642,-0.031637,0.071383
45422410.000,Miguel,recording,knock_twice_right,6,-0.476125,7.614554,5.944548,0.032701,-0.002043,0.060300
45422420.000,Miguel,recording,knock_twice_right,6,-0.443209,7.626904,5.944506,-0.007514,0.022757,0.049835
45422430.000,Miguel,recording,knock_twice_right,6,-0.421234,7.612662,5.974778,-0.050686,0.042411,0.036491
45422440.000,Miguel,recording,knock_twice_right,6,-0.454872,7.635866,6.075747,-0.086122,0.068523,0.021275
45422450.000,Miguel,recording,knock_twice_right,6,-0.538759,7.671616,6.176788,-0.103686,0.099012,0.010243
45422460.000,Miguel,recording,knock_twice_right,6,-0.588416,7.639316,6.225348,-0.102244,0.114615,0.007215
45422470.000,Miguel,recording,knock_twice_right,6,-0.603593,7.585431,6.236303,-0.090035,0.101238,0.010951
45422480.000,Miguel,recording,knock_twice_right,6,-0.624781,7.559907,6.256754,-0.070908,0.066624,0.018449
45422490.000,Miguel,recording,knock_twice_right,6,-0.619003,7.575948,6.292561,-0.042750,0.029048,0.029973
45422500.000,Miguel,recording,knock_twice_right,6,-0.529404,7.575401,6.320553,-0.010458,-0.007418,0.043494
45422510.000,Miguel,recording,knock_twice_right,6,-0.392607,7.515594,6.294808,0.018261,-0.045588,0.047636
45422520.000,Miguel,recording,knock_twice_right,6,-0.309144,7.465087,6.257845,0.038303,-0.074887,0.035683
45422530.000,Miguel,recording,knock_twice_right,6,-0.324526,7.516913,6.216307,0.049104,-0.077212,0.018474
45422540.000,Miguel,recording,knock_twice_right,6,-0.353374,7.589972,6.178695,0.050776,-0.047025,0.004424
45422550.000,Miguel,recording,knock_twice_right,6,-0.342513,7.592991,6.098015,0.037473,-0.001314,-0.011932
45422560.000,Miguel,recording,knock_twice_right,6,-0.367675,7.573635,6.016186,0.007039,0.038044,-0.031808
45422570.000,Miguel,recording,knock_twice_right,6,-0.450886,7.589029,6.011724,-0.029339,0.063467,-0.050373
45422580.000,Miguel,recording,knock_twice_right,6,-0.540456,7.608759,6.067862,-0.055474,0.074001,-0.062156
45422590.000,Miguel,recording,knock_twice_right,6,-0.599455,7.596083,6.128821,-0.066948,0.063152,-0.067661
45422600.000,Miguel,recording,knock_twice_right,6,-0.661575,7.570672,6.168795,-0.068853,0.034592,-0.068985
45422610.000,Miguel,recording,knock_twice_right,6,-0.730296,7.527242,6.220841,-0.064939,0.007025,-0.063010
45422620.000,Miguel,recording,knock_twice_right,6,-0.757613,7.500860,6.234769,-0.057369,-0.006671,-0.048388
45422630.000,Miguel,recording,knock_twice_right,6,-0.722446,7.482938,6.223874,-0.050768,-0.009203,-0.029503
45422640.000,Miguel,recording,knock_twice_right,6,-0.676660,7.486003,6.231645,-0.048324,-0.005233,-0.014137
45422650.000,Miguel,recording,knock_twice_right,6,-0.640485,7.512649,6.240633,-0.043609,0.002971,-0.006182
45422660.000,Miguel,recording,knock_twice_right,6,-0.591328,7.523568,6.213931,-0.038844,0.006766,-0.004141
45422670.000,Miguel,recording,knock_twice_right,6,-0.547438,7.505876,6.158009,-0.043635,0.002739,-0.006119
45422680.000,Miguel,recording,knock_twice_right,6,-0.542896,7.462267,6.128787,-0.054080,0.000687,-0.011631
45422690.000,Miguel,recording,knock_twice_right,6,-0.599104,7.435721,6.124481,-0.064998,0.010663,-0.016122
45422700.000,Miguel,recording,knock_twice_right,6,-0.698481,7.434279,6.131311,-0.074847,0.030719,-0.013052
45422710.000,Miguel,recording,knock_twice_right,6,-0.791754,7.432544,6.158597,-0.080194,0.050026,-0.000883
45422720.000,Miguel,recording,knock_twice_right,6,-0.828676,7.452212,6.183924,-0.081465,0.059346,0.017270
45422730.000,Miguel,recording,knock_twice_right,6,-0.808800,7.476255,6.198195,-0.081045,0.057294,0.036055
45422740.000,Miguel,recording,knock_twice_right,6,-0.747466,7.492794,6.236233,-0.081155,0.052016,0.052905
45422750.000,Miguel,recording,knock_twice_right,6,-0.662474,7.500242,6.267991,-0.083380,0.054402,0.064908
45422760.000,Miguel,recording,knock_twice_right,6,-0.614380,7.503129,6.299532,-0.084316,0.069087,0.068658
45422770.000,Miguel,recording,knock_twice_right,6,-0.662654,7.536966,6.305668,-0.085941,0.092353,0.072321
45422780.000,Miguel,recording,knock_twice_right,6,-0.739869,7.551680,6.346426,-0.088796,0.123194,0.084978
45422790.000,Miguel,recording,knock_twice_right,6,-0.736361,7.506057,6.429291,-0.086291,0.160003,0.101807
45422800.000,Miguel,recording,knock_twice_right,6,-0.689163,7.422766,6.508589,-0.072835,0.187532,0.113231
45422810.000,Miguel,recording,knock_twice_right,6,-0.644084,7.392459,6.583798,-0.048228,0.186316,0.116421
45422820.000,Miguel,recording,knock_twice_right,6,-0.601095,7.419711,6.652141,-0.018656,0.152483,0.113680
45422830.000,Miguel,recording,knock_twice_right,6,-0.578693,7.431541,6.676834,0.016654,0.105244,0.109074
45422840.000,Miguel,recording,knock_twice_right,6,-0.621348,7.426372,6.632837,0.056239,0.070180,0.107115
45422850.000,Miguel,recording,knock_twice_right,6,-0.703282,7.478974,6.535019,0.087089,0.060849,0.112819
45422860.000,Miguel,recording,knock_twice_right,6,-0.685112,7.584577,6.305540,0.094695,0.077249,0.124239
45422870.000,Miguel,recording,knock_twice_right,6,-0.562441,7.616275,6.051144,0.073251,0.112487,0.130323
45422880.000,Miguel,recording,knock_twice_right,6,-0.449482,7.562839,5.900736,0.027533,0.159253,0.121061
45422890.000,Miguel,recording,knock_twice_right,6,-0.404396,7.480385,5.840694,-0.028926,0.206172,0.100367
45422900.000,Miguel,recording,knock_twice_right,6,-0.421584,7.442846,5.850252,-0.085148,0.235426,0.079528
45422910.000,Miguel,recording,knock_twice_right,6,-0.447018,7.428609,5.926176,-0.136238,0.241337,0.063064
45422920.000,Miguel,recording,knock_twice_right,6,-0.477822,7.415167,6.050781,-0.169972,0.231261,0.050009
45422930.000,Miguel,recording,knock_twice_right,6,-0.533269,7.422466,6.175570,-0.179325,0.210209,0.036237
45422940.000,Miguel,recording,knock_twice_right,6,-0.628373,7.412804,6.256473,-0.172208,0.180573,0.023646
45422950.000,Miguel,recording,knock_twice_right,6,-0.741768,7.366412,6.342974,-0.156106,0.141790,0.019610
45422960.000,Miguel,recording,knock_twice_right,6,-0.825346,7.298008,6.462336,-0.128881,0.096696,0.028812
45422970.000,Miguel,recording,knock_twice_right,6,-0.828003,7.253548,6.570833,-0.091702,0.052399,0.047930
45422980.000,Miguel,recording,knock_twice_right,6,-0.743839,7.202654,6.657762,-0.050060,0.014359,0.069337
45422990.000,Miguel,recording,knock_twice_right,6,-0.606280,7.164789,6.707347,-0.008140,-0.009875,0.083881
45423000.000,Miguel,recording,knock_twice_right,6,-0.490160,7.152273,6.696880,0.031662,-0.017444,0.084673
45423010.000,Miguel,recording,knock_twice_right,6,-0.428515,7.178541,6.633785,0.065660,-0.012123,0.072512
45423020.000,Miguel,recording,knock_twice_right,6,-0.423802,7.246349,6.560210,0.091912,-0.003290,0.050924
45423030.000,Miguel,recording,knock_twice_right,6,-0.466673,7.329126,6.499409,0.115852,0.003201,0.024783
45423040.000,Miguel,recording,knock_twice_right,6,-0.544996,7.405188,6.428145,0.137302,0.004376,0.001729
45423050.000,Miguel,recording,knock_twice_right,6,-0.613170,7.463168,6.311887,0.148733,-0.006918,-0.012214
45423060.000,Miguel,recording,knock_twice_right,6,-0.625962,7.531050,6.221663,0.146024,-0.028148,-0.018616
45423070.000,Miguel,recording,knock_twice_right,6,-0.607385,7.543626,6.179681,0.136116,-0.048879,-0.022147
45423080.000,Miguel,recording,knock_twice_right,6,-0.620337,7.528280,6.181863,0.127567,-0.063750,-0.023312
45423090.000,Miguel,recording,knock_twice_right,6,-0.642150,7.556825,6.181579,0.124007,-0.080447,-0.021301
45423100.000,Miguel,recording,knock_twice_right,6,-0.632943,7.576096,6.172091,0.123474,-0.105082,-0.017634
45423110.000,Miguel,recording,knock_twice_right,6,-0.570660,7.563720,6.157747,0.118336,-0.131867,-0.016413
45423120.000,Miguel,recording,knock_twice_right,6,-0.502422,7.517343,6.151420,0.106861,-0.147444,-0.021158
45423130.000,Miguel,recording,knock_twice_right,6,-0.485566,7.470176,6.155216,0.092417,-0.135948,-0.028780
45423140.000,Miguel,recording,knock_twice_right,6,-0.475771,7.448370,6.156626,0.078597,-0.099049,-0.033844
45423150.000,Miguel,recording,knock_twice_right,6,-0.466419,7.427257,6.129593,0.065099,-0.052124,-0.038733
45423160.000,Miguel,recording,knock_twice_right,6,-0.440600,7.433382,6.090521,0.047983,-0.008264,-0.046954
45423170.000,Miguel,recording,knock_twice_right,6,-0.424848,7.437679,6.075072,0.028416,0.021524,-0.059722
45423180.000,Miguel,recording,knock_twice_right,6,-0.467025,7.440877,6.063909,0.011550,0.032029,-0.077167
45423190.000,Miguel,recording,knock_twice_right,6,-0.560935,7.473221,6.064802,-0.000436,0.022664,-0.092553
45423200.000,Miguel,recording,knock_twice_right,6,-0.669764,7.488359,6.092400,-0.007895,-0.000581,-0.100835
45423210.000,Miguel,recording,knock_twice_right,6,-0.773781,7.494669,6.143621,-0.005123,-0.027151,-0.101771
45423220.000,Miguel,recording,knock_twice_right,6,-0.847849,7.496024,6.166828,0.009110,-0.054998,-0.092830
45423230.000,Miguel,recording,knock_twice_right,6,-0.852536,7.482183,6.144429,0.026006,-0.088016,-0.075702
45423240.000,Miguel,recording,knock_twice_right,6,-0.802755,7.501643,6.129128,0.036816,-0.123860,-0.053004
45423250.000,Miguel,recording,knock_twice_right,6,-0.727540,7.511689,6.134166,0.038506,-0.142309,-0.029509
45423260.000,Miguel,recording,knock_twice_right,6,-0.628948,7.494202,6.157168,0.033887,-0.126390,-0.014409
45423270.000,Miguel,recording,knock_twice_right,6,-0.579313,7.479225,6.178556,0.026012,-0.085108,-0.007846
45423280.000,Miguel,recording,knock_twice_right,6,-0.554711,7.499082,6.176946,0.014651,-0.040381,-0.006090
45423290.000,Miguel,recording,knock_twice_right,6,-0.535682,7.534723,6.146109,-0.004661,-0.007683,-0.008791
45423300.000,Miguel,recording,knock_twice_right,6,-0.537321,7.582268,6.155705,-0.026430,0.010848,-0.017088
45423310.000,Miguel,recording,knock_twice_right,6,-0.554444,7.592949,6.202149,-0.039596,0.012624,-0.027706
45423320.000,Miguel,recording,knock_twice_right,6,-0.599107,7.580437,6.270311,-0.045043,-0.004697,-0.035584
45423330.000,Miguel,recording,knock_twice_right,6,-0.629419,7.600511,6.329704,-0.043545,-0.029438,-0.039180
45423340.000,Miguel,recording,knock_twice_right,6,-0.639527,7.596832,6.391927,-0.030178,-0.048223,-0.039406
45423350.000,Miguel,recording,knock_twice_right,6,-0.627510,7.553218,6.418425,-0.005316,-0.057274,-0.037307
45423360.000,Miguel,recording,knock_twice_right,6,-0.612715,7.501584,6.399438,0.020653,-0.063149,-0.033947
45423370.000,Miguel,recording,knock_twice_right,6,-0.612363,7.490963,6.356001,0.040214,-0.068687,-0.030048
45423380.000,Miguel,recording,knock_twice_right,6,-0.612885,7.484774,6.303512,0.052067,-0.065741,-0.023762
45423390.000,Miguel,recording,knock_twice_right,6,-0.608591,7.436874,6.274578,0.058513,-0.050206,-0.015546
45423400.000,Miguel,recording,knock_twice_right,6,-0.590255,7.404495,6.242563,0.063327,-0.029984,-0.006829
45423410.000,Miguel,recording,knock_twice_right,6,-0.567490,7.434966,6.191357,0.065032,-0.015600,-0.000103
45423420.000,Miguel,recording,knock_twice_right,6,-0.517397,7.504397,6.134075,0.065100,-0.012708,-0.000666
45423430.000,Miguel,recording,knock_twice_right,6,-0.477178,7.530911,6.096448,0.066656,-0.021492,-0.011485
45423440.000,Miguel,recording,knock_twice_right,6,-0.466488,7.521634,6.072726,0.067322,-0.037643,-0.026942
45423450.000,Miguel,recording,knock_twice_right,6,-0.512972,7.531048,6.051688,0.063574,-0.054988,-0.041793
45423460.000,Miguel,recording,knock_twice_right,6,-0.593459,7.581676,6.039944,0.057649,-0.065669,-0.053585
45423470.000,Miguel,recording,knock_twice_right,6,-0.689906,7.566986,6.027745,0.051116,-0.064519,-0.059125
45423480.000,Miguel,recording,knock_twice_right,6,-0.745328,7.529543,6.001276,0.040331,-0.055584,-0.055202
45423490.000,Miguel,recording,knock_twice_right,6,-0.729195,7.524467,5.946345,0.019697,-0.046217,-0.043271
45423500.000,Miguel,recording,knock_twice_right,6,-0.651370,7.527673,5.953971,-0.013741,-0.037340,-0.030475
45423510.000,Miguel,recording,knock_twice_right,6,-0.584646,7.547142,6.035500,-0.047989,-0.021876,-0.025118
45423520.000,Miguel,recording,knock_twice_right,6,-0.575580,7.557573,6.113196,-0.069755,0.003197,-0.028173
45423530.000,Miguel,recording,knock_twice_right,6,-0.604454,7.534647,6.166061,-0.081257,0.025547,-0.033556
45423540.000,Miguel,recording,knock_twice_right,6,-0.655197,7.527257,6.202765,-0.089079,0.033664,-0.038915
45423550.000,Miguel,recording,knock_twice_right,6,-0.706148,7.541328,6.259158,-0.091393,0.030748,-0.041487
45423560.000,Miguel,recording,knock_twice_right,6,-0.745785,7.529306,6.318579,-0.082122,0.027281,-0.037590
45423570.000,Miguel,recording,knock_twice_right,6,-0.741251,7.482933,6.325570,-0.063293,0.023039,-0.029404
45423580.000,Miguel,recording,knock_twice_right,6,-0.694445,7.451507,6.277471,-0.044184,0.009190,-0.021918
45423590.000,Miguel,recording,knock_twice_right,6,-0.652424,7.459444,6.222738,-0.032782,-0.015236,-0.016927
45423600.000,Miguel,recording,knock_twice_right,6,-0.615280,7.453496,6.234429,-0.027747,-0.042564,-0.015167
45423610.000,Miguel,recording,knock_twice_right,6,-0.612314,7.450600,6.276415,-0.021680,-0.061777,-0.013217
45423620.000,Miguel,recording,knock_twice_right,6,-0.606339,7.454343,6.282182,-0.015110,-0.069468,-0.010545
45423630.000,Miguel,recording,knock_twice_right,6,-0.584364,7.475905,6.246762,-0.014206,-0.070408,-0.011891
45423640.000,Miguel,recording,knock_twice_right,6,-0.577741,7.495194,6.223184,-0.020668,-0.063022,-0.020228
45423650.000,Miguel,recording,knock_twice_right,6,-0.611461,7.509622,6.225862,-0.034891,-0.045019,-0.029036
45423660.000,Miguel,recording,knock_twice_right,6,-0.650982,7.524894,6.279210,-0.049255,-0.013875,-0.027781
45423670.000,Miguel,recording,knock_twice_right,6,-0.632738,7.520947,6.332588,-0.053430,0.024003,-0.023152
45423680.000,Miguel,recording,knock_twice_right,6,-0.597217,7.504317,6.325887,-0.049837,0.047364,-0.023654
45423690.000,Miguel,recording,knock_twice_right,6,-0.581601,7.511741,6.302440,-0.044853,0.041891,-0.025462
45423700.000,Miguel,recording,knock_twice_right,6,-0.575811,7.532380,6.314013,-0.035964,0.012757,-0.027140
45423710.000,Miguel,recording,knock_twice_right,6,-0.569789,7.495362,6.322673,-0.019830,-0.023768,-0.030012
45423720.000,Miguel,recording,knock_twice_right,6,-0.581562,7.483630,6.297730,-0.005888,-0.057070,-0.032465
45423730.000,Miguel,recording,knock_twice_right,6,-0.608505,7.501492,6.264240,-0.001620,-0.078112,-0.032259
45423740.000,Miguel,recording,knock_twice_right,6,-0.621332,7.528575,6.255984,-0.005160,-0.079104,-0.031536
45423750.000,Miguel,recording,knock_twice_right,6,-0.611507,7.515360,6.280887,-0.011664,-0.061406,-0.032769
45423760.000,Miguel,recording,knock_twice_right,6,-0.616918,7.483567,6.318217,-0.014722,-0.033427,-0.033615
45423770.000,Miguel,recording,knock_twice_right,6,-0.626268,7.478155,6.325312,-0.015056,-0.005838,-0.033957
45423780.000,Miguel,recording,knock_twice_right,6,-0.616253,7.486959,6.295319,-0.016703,0.010952,-0.036272
45423790.000,Miguel,recording,knock_twice_right,6,-0.636007,7.478307,6.272645,-0.019883,0.013583,-0.039414
45423800.000,Miguel,recording,knock_twice_right,6,-0.691208,7.488897,6.286735,-0.020616,0.009922,-0.039804
45423810.000,Miguel,recording,knock_twice_right,6,-0.690732,7.483056,6.318377,-0.016578,0.006476,-0.038409
45423820.000,Miguel,recording,knock_twice_right,6,-0.665666,7.445838,6.300667,-0.012664,0.000405,-0.038123
45423830.000,Miguel,recording,knock_twice_right,6,-0.685781,7.421117,6.266265,-0.015986,-0.010183,-0.039246
45423840.000,Miguel,recording,knock_twice_right,6,-0.726199,7.428260,6.277727,-0.022382,-0.015291,-0.040655
45423850.000,Miguel,recording,knock_twice_right,6,-0.758087,7.448472,6.308701,-0.024788,-0.009650,-0.039692
45423860.000,Miguel,recording,knock_twice_right,6,-0.745292,7.443779,6.312516,-0.024819,0.002368,-0.036184
45423870.000,Miguel,recording,knock_twice_right,6,-0.722142,7.417782,6.292551,-0.024203,0.014277,-0.034384
45423880.000,Miguel,recording,knock_twice_right,6,-0.745441,7.407050,6.278714,-0.024242,0.017718,-0.032707
45423890.000,Miguel,recording,knock_twice_right,6,-0.779024,7.408815,6.290184,-0.024277,0.009186,-0.025527
45423900.000,Miguel,recording,knock_twice_right,6,-0.794310,7.406150,6.328708,-0.021508,-0.004978,-0.015667
45423910.000,Miguel,recording,knock_twice_right,6,-0.799704,7.430920,6.351444,-0.015057,-0.013767,-0.005942
45423920.000,Miguel,recording,knock_twice_right,6,-0.767989,7.431901,6.350896,-0.007692,-0.012133,0.004617
45423930.000,Miguel,recording,knock_twice_right,6,-0.711380,7.400251,6.327846,-0.000873,-0.000540,0.013074
45423940.000,Miguel,recording,knock_twice_right,6,-0.684099,7.416529,6.323638,0.005968,0.014268,0.019076
45423950.000,Miguel,recording,knock_twice_right,6,-0.641960,7.450517,6.300787,0.010399,0.020830,0.022190
45423960.000,Miguel,recording,knock_twice_right,6,-0.573874,7.448473,6.259238,0.009754,0.013611,0.018509
45423970.000,Miguel,recording,knock_twice_right,6,-0.534267,7.433903,6.230121,0.004799,-0.002492,0.007644
45423980.000,Miguel,recording,knock_twice_right,6,-0.573055,7.444060,6.268654,0.003926,-0.015204,-0.004993
45423990.000,Miguel,recording,knock_twice_right,6,-0.648854,7.463549,6.284066,0.009790,-0.020814,-0.013100
45424000.000,Miguel,recording,knock_twice_right,6,-0.706058,7.484652,6.258884,0.011674,-0.024038,-0.014906
45424010.000,Miguel,recording,knock_twice_right,6,-0.732835,7.498742,6.234156,0.007489,-0.022889,-0.010666
45424020.000,Miguel,recording,knock_twice_right,6,-0.733856,7.506325,6.244916,0.003212,-0.012796,-0.002030
45424030.000,Miguel,recording,knock_twice_right,6,-0.692936,7.502958,6.248146,0.001722,0.005724,0.008714
45424040.000,Miguel,recording,knock_twice_right,6,-0.619515,7.458292,6.228820,0.001744,0.020366,0.016031
45424050.000,Miguel,recording,knock_twice_right,6,-0.556500,7.435298,6.209844,-0.001930,0.017827,0.014111
45424060.000,Miguel,recording,knock_twice_right,6,-0.518210,7.450475,6.195789,-0.012162,0.001134,0.004580
45424070.000,Miguel,recording,knock_twice_right,6,-0.516626,7.468937,6.212537,-0.024238,-0.010907,-0.008440
45424080.000,Miguel,recording,knock_twice_right,6,-0.565543,7.462433,6.253470,-0.032419,-0.010041,-0.022265
45424090.000,Miguel,recording,knock_twice_right,6,-0.642652,7.444320,6.286198,-0.036107,-0.006172,-0.031490
45424100.000,Miguel,recording,knock_twice_right,6,-0.692364,7.431873,6.302308,-0.038864,-0.003595,-0.034994
45424110.000,Miguel,recording,knock_twice_right,6,-0.726219,7.419232,6.330201,-0.041553,0.002406,-0.035799
45424120.000,Miguel,recording,knock_twice_right,6,-0.745978,7.403548,6.375895,-0.036497,0.017950,-0.034874
45424130.000,Miguel,recording,knock_twice_right,6,-0.753970,7.380938,6.383799,-0.021638,0.036907,-0.033538
45424140.000,Miguel,recording,knock_twice_right,6,-0.780360,7.363419,6.358605,-0.005431,0.041793,-0.030211
45424150.000,Miguel,recording,knock_twice_right,6,-0.823027,7.339520,6.333327,0.006305,0.024554,-0.021988
45424160.000,Miguel,recording,knock_twice_right,6,-0.844459,7.327346,6.317239,0.013673,-0.002648,-0.010449
45424170.000,Miguel,recording,knock_twice_right,6,-0.836310,7.325067,6.292289,0.017037,-0.020306,0.001192
45424180.000,Miguel,recording,knock_twice_right,6,-0.800701,7.342170,6.273796,0.017173,-0.019913,0.012577
45424190.000,Miguel,recording,knock_twice_right,6,-0.765031,7.383740,6.262045,0.012866,-0.007828,0.022896
45424200.000,Miguel,recording,knock_twice_right,6,-0.719034,7.439229,6.250136,0.005459,0.005964,0.029399
45424210.000,Miguel,recording,knock_twice_right,6,-0.693245,7.489440,6.242802,0.001408,0.014249,0.030215
45424220.000,Miguel,recording,knock_twice_right,6,-0.659163,7.519041,6.226689,-0.000879,0.012724,0.028366
45424230.000,Miguel,recording,knock_twice_right,6,-0.611837,7.526382,6.229556,-0.003985,0.004893,0.024771
45424240.000,Miguel,recording,knock_twice_right,6,-0.574129,7.513792,6.251934,-0.005912,-0.000604,0.017688
45424250.000,Miguel,recording,knock_twice_right,6,-0.561892,7.503143,6.252562,-0.007952,0.001114,0.009130
45424260.000,Miguel,recording,knock_twice_right,6,-0.573075,7.492076,6.238925,-0.013430,0.003767,0.003364
45424270.000,Miguel,recording,knock_twice_right,6,-0.603497,7.459793,6.216684,-0.025048,0.003344,0.000956
45424280.000,Miguel,recording,knock_twice_right,6,-0.619278,7.450881,6.230690,-0.040162,0.004359,-0.000922
45424290.000,Miguel,recording,knock_twice_right,6,-0.622213,7.468908,6.269383,-0.052713,0.013458,-0.002943
45424300.000,Miguel,recording,knock_twice_right,6,-0.601809,7.491056,6.311030,-0.058885,0.026008,-0.005344
45424310.000,Miguel,recording,knock_twice_right,6,-0.579226,7.472284,6.340065,-0.059249,0.033156,-0.010385
45424320.000,Miguel,recording,knock_twice_right,6,-0.609846,7.451135,6.364631,-0.053784,0.036412,-0.015600
45424330.000,Miguel,recording,knock_twice_right,6,-0.647880,7.453082,6.424954,-0.041549,0.040836,-0.016238
45424340.000,Miguel,recording,knock_twice_right,6,-0.647104,7.434217,6.441094,-0.022150,0.041458,-0.015856
45424350.000,Miguel,recording,knock_twice_right,6,-0.659423,7.401314,6.408879,0.002116,0.028085,-0.018771
45424360.000,Miguel,recording,knock_twice_right,6,-0.712010,7.394185,6.331503,0.022533,0.002264,-0.018183
45424370.000,Miguel,recording,knock_twice_right,6,-0.755015,7.420607,6.248580,0.031977,-0.025965,-0.010169
45424380.000,Miguel,recording,knock_twice_right,6,-0.733860,7.438216,6.189615,0.027807,-0.044325,-0.001180
45424390.000,Miguel,recording,knock_twice_right,6,-0.668014,7.425882,6.186999,0.016673,-0.044510,0.003826
45424400.000,Miguel,recording,knock_twice_right,6,-0.612208,7.436000,6.198679,0.005757,-0.032061,0.002491
45424410.000,Miguel,recording,knock_twice_right,6,-0.555382,7.491134,6.168931,-0.008689,-0.019014,-0.003060
45424420.000,Miguel,recording,knock_twice_right,6,-0.489667,7.509575,6.140592,-0.026836,-0.007650,-0.017177
45424430.000,Miguel,recording,knock_twice_right,6,-0.458718,7.515949,6.088199,-0.049005,0.006036,-0.039249
45424440.000,Miguel,recording,knock_twice_right,6,-0.469883,7.480687,6.048568,-0.077514,0.028489,-0.059381
45424450.000,Miguel,recording,knock_twice_right,6,-0.529274,7.348331,6.049244,-0.105284,0.066735,-0.072753
45424460.000,Miguel,recording,knock_twice_right,6,-0.645618,7.232704,6.023688,-0.126179,0.113833,-0.077366
45424470.000,Miguel,recording,knock_twice_right,6,-1.105264,7.066892,5.944742,-0.135205,0.166417,-0.086039
45424480.000,Miguel,recording,knock_twice_right,6,-1.929770,7.126648,5.830263,-0.147540,0.192526,-0.059090
45424490.000,Miguel,recording,knock_twice_right,6,-2.209757,7.449740,5.897903,-0.179949,0.142947,0.059157
45424500.000,Miguel,recording,knock_twice_right,6,-1.618157,7.537464,6.080086,-0.216899,0.020096,0.199496
45424510.000,Miguel,recording,knock_twice_right,6,-0.498347,7.356602,6.357843,-0.233028,-0.129076,0.258816
45424520.000,Miguel,recording,knock_twice_right,6,0.366603,7.164943,6.628513,-0.210564,-0.244108,0.211864
45424530.000,Miguel,recording,knock_twice_right,6,0.636058,7.018051,6.671512,-0.160308,-0.266663,0.083675
45424540.000,Miguel,recording,knock_twice_right,6,0.462935,6.877071,6.462230,-0.130030,-0.198968,-0.064727
45424550.000,Miguel,recording,knock_twice_right,6,-0.174945,6.976233,6.306293,-0.152767,-0.113842,-0.161432
45424560.000,Miguel,recording,knock_twice_right,6,-0.758585,7.200618,6.340975,-0.198607,-0.041231,-0.176782
45424570.000,Miguel,recording,knock_twice_right,6,-0.961628,7.389149,6.413352,-0.235033,0.025254,-0.140156
45424580.000,Miguel,recording,knock_twice_right,6,-0.899172,7.671123,6.494261,-0.263828,0.075028,-0.092201
45424590.000,Miguel,recording,knock_twice_right,6,-0.695700,7.780727,6.686612,-0.273358,0.112456,-0.061808
45424600.000,Miguel,recording,knock_twice_right,6,-0.474469,7.547347,6.922525,-0.242860,0.155239,-0.067773
45424610.000,Miguel,recording,knock_twice_right,6,-0.455885,7.293244,7.017550,-0.180574,0.178172,-0.101809
45424620.000,Miguel,recording,knock_twice_right,6,-0.663945,7.235500,7.022161,-0.113073,0.147420,-0.122829
45424630.000,Miguel,recording,knock_twice_right,6,-1.053609,6.936454,6.827430,-0.043922,0.155090,-0.137375
45424640.000,Miguel,recording,knock_twice_right,6,-1.775613,6.757738,6.452148,-0.007814,0.208719,-0.128594
45424650.000,Miguel,recording,knock_twice_right,6,-2.319189,7.204542,6.367932,-0.045207,0.209037,-0.021442
45424660.000,Miguel,recording,knock_twice_right,6,-2.235111,7.448913,6.534502,-0.117170,0.145328,0.143965
45424670.000,Miguel,recording,knock_twice_right,6,-1.416788,7.306691,6.826488,-0.161555,0.042928,0.265447
45424680.000,Miguel,recording,knock_twice_right,6,-0.489211,7.111453,7.180834,-0.146831,-0.071415,0.294011
45424690.000,Miguel,recording,knock_twice_right,6,0.078294,6.948807,7.434658,-0.073354,-0.180054,0.241804
45424700.000,Miguel,recording,knock_twice_right,6,0.352341,6.906693,7.434240,0.030883,-0.252438,0.145038
45424710.000,Miguel,recording,knock_twice_right,6,0.304728,6.942723,7.238844,0.125573,-0.283091,0.036068
45424720.000,Miguel,recording,knock_twice_right,6,-0.001007,6.986655,7.037279,0.192372,-0.290319,-0.054830
45424730.000,Miguel,recording,knock_twice_right,6,-0.365624,7.010373,6.846574,0.238995,-0.267809,-0.110089
45424740.000,Miguel,recording,knock_twice_right,6,-0.653879,7.031844,6.578550,0.267949,-0.202766,-0.128324
45424750.000,Miguel,recording,knock_twice_right,6,-1.031627,7.290770,6.322641,0.266024,-0.140197,-0.103794
45424760.000,Miguel,recording,knock_twice_right,6,-1.239709,7.629128,6.222426,0.236192,-0.126979,-0.036569
45424770.000,Miguel,recording,knock_twice_right,6,-1.057976,7.719506,6.227367,0.205532,-0.145362,0.035860
45424780.000,Miguel,recording,knock_twice_right,6,-0.725262,7.639572,6.236156,0.186782,-0.169120,0.074000
45424790.000,Miguel,recording,knock_twice_right,6,-0.483081,7.573006,6.220168,0.169153,-0.189936,0.077949
45424800.000,Miguel,recording,knock_twice_right,6,-0.335247,7.523997,6.234228,0.144757,-0.202038,0.062922
45424810.000,Miguel,recording,knock_twice_right,6,-0.259005,7.455564,6.234665,0.111277,-0.197754,0.037596
45424820.000,Miguel,recording,knock_twice_right,6,-0.267726,7.357153,6.231450,0.069660,-0.163042,0.007720
45424830.000,Miguel,recording,knock_twice_right,6,-0.320497,7.301148,6.245285,0.028630,-0.097838,-0.018725
45424840.000,Miguel,recording,knock_twice_right,6,-0.383636,7.276061,6.274120,-0.003071,-0.027572,-0.036603
45424850.000,Miguel,recording,knock_twice_right,6,-0.452657,7.219129,6.317720,-0.025564,0.018591,-0.050197
45424860.000,Miguel,recording,knock_twice_right,6,-0.540637,7.178328,6.351843,-0.041391,0.030642,-0.060800
45424870.000,Miguel,recording,knock_twice_right,6,-0.655456,7.174165,6.399016,-0.048603,0.021473,-0.063684
45424880.000,Miguel,recording,knock_twice_right,6,-0.739926,7.180544,6.403131,-0.045978,0.005087,-0.056474
45424890.000,Miguel,recording,knock_twice_right,6,-0.788984,7.197706,6.393711,-0.037372,-0.012330,-0.043467
45424900.000,Miguel,recording,knock_twice_right,6,-0.822464,7.219902,6.401477,-0.025996,-0.031099,-0.029009
45424910.000,Miguel,recording,knock_twice_right,6,-0.851706,7.251812,6.475440,-0.009145,-0.056905,-0.012727
45424920.000,Miguel,recording,knock_twice_right,6,-0.764059,7.251241,6.527053,0.013102,-0.085098,0.004908
45424930.000,Miguel,recording,knock_twice_right,6,-0.596245,7.171333,6.507227,0.034228,-0.102499,0.015425
45424940.000,Miguel,recording,knock_twice_right,6,-0.525469,7.157489,6.451372,0.048338,-0.105981,0.017296
45424950.000,Miguel,recording,knock_twice_right,6,-0.540158,7.225811,6.382887,0.051411,-0.103003,0.018305
45424960.000,Miguel,recording,knock_twice_right,6,-0.547480,7.283843,6.324960,0.045794,-0.097059,0.020275
45424970.000,Miguel,recording,knock_twice_right,6,-0.560138,7.297845,6.300375,0.036872,-0.088354,0.022350
45424980.000,Miguel,recording,knock_twice_right,6,-0.567054,7.351070,6.323666,0.021678,-0.080362,0.026000
45424990.000,Miguel,recording,knock_twice_right,6,-0.494759,7.376984,6.327051,-0.001134,-0.068043,0.028161
45425000.000,Miguel,recording,knock_twice_right,6,-0.409378,7.366756,6.323190,-0.024358,-0.039668,0.021623
45425010.000,Miguel,recording,knock_twice_right,6,-0.405606,7.392843,6.313999,-0.046478,-0.005060,0.006766
45425020.000,Miguel,recording,knock_twice_right,6,-0.475536,7.462773,6.333909,-0.069018,0.012577,-0.009115
45425030.000,Miguel,recording,knock_twice_right,6,-0.555318,7.501914,6.402920,-0.088063,0.009634,-0.016092
45425040.000,Miguel,recording,knock_twice_right,6,-0.618493,7.494610,6.463889,-0.100043,0.005120,-0.012437
45425050.000,Miguel,recording,knock_twice_right,6,-0.655263,7.511973,6.521133,-0.102834,0.010651,-0.003400
45425060.000,Miguel,recording,knock_twice_right,6,-0.657943,7.540789,6.572948,-0.098357,0.017367,0.010310
45425070.000,Miguel,recording,knock_twice_right,6,-0.616259,7.498972,6.623143,-0.084672,0.014959,0.025688
45425080.000,Miguel,recording,knock_twice_right,6,-0.542477,7.412673,6.679093,-0.058455,-0.004685,0.036792
45425090.000,Miguel,recording,knock_twice_right,6,-0.429210,7.319673,6.721137,-0.021995,-0.043371,0.044181
45425100.000,Miguel,recording,knock_twice_right,6,-0.245085,7.231898,6.714992,0.017477,-0.089114,0.047254
45425110.000,Miguel,recording,knock_twice_right,6,-0.024116,7.139955,6.695847,0.054445,-0.121034,0.040153
45425120.000,Miguel,recording,knock_twice_right,6,0.150815,7.075347,6.636917,0.087547,-0.122847,0.012977
45425130.000,Miguel,recording,knock_twice_right,6,0.173122,7.122281,6.536828,0.113150,-0.099845,-0.037524
45425140.000,Miguel,recording,knock_twice_right,6,-0.020956,7.293328,6.434044,0.131845,-0.071446,-0.098182
45425150.000,Miguel,recording,knock_twice_right,6,-0.292784,7.398883,6.328699,0.145816,-0.046826,-0.153672
45425160.000,Miguel,recording,knock_twice_right,6,-0.579059,7.377945,6.183619,0.153794,-0.025705,-0.191735
45425170.000,Miguel,recording,knock_twice_right,6,-0.893076,7.295572,6.041105,0.148742,-0.012247,-0.203826
45425180.000,Miguel,recording,knock_twice_right,6,-1.119607,7.190700,5.953593,0.124871,-0.011323,-0.187346
45425190.000,Miguel,recording,knock_twice_right,6,-1.204168,7.066855,5.944722,0.086561,-0.019070,-0.144003
45425200.000,Miguel,recording,knock_twice_right,6,-1.132385,6.922598,5.980675,0.043167,-0.021781,-0.081715
45425210.000,Miguel,recording,knock_twice_right,6,-0.935712,6.744246,6.062677,0.001758,-0.010193,-0.017090
45425220.000,Miguel,recording,knock_twice_right,6,-0.717081,6.654230,6.188245,-0.026391,0.006838,0.035333
45425230.000,Miguel,recording,knock_twice_right,6,-0.565910,6.759560,6.338853,-0.034692,0.013089,0.074854
45425240.000,Miguel,recording,knock_twice_right,6,-0.419590,6.916044,6.468955,-0.022221,0.004802,0.102430
45425250.000,Miguel,recording,knock_twice_right,6,-0.249296,7.024507,6.500003,0.010677,-0.011461,0.113266
45425260.000,Miguel,recording,knock_twice_right,6,-0.143421,7.148176,6.431530,0.050321,-0.032569,0.105310
45425270.000,Miguel,recording,knock_twice_right,6,-0.139901,7.348429,6.292564,0.076882,-0.058783,0.087275
45425280.000,Miguel,recording,knock_twice_right,6,-0.200531,7.578590,6.157305,0.079252,-0.085273,0.068814
45425290.000,Miguel,recording,knock_twice_right,6,-0.256749,7.784815,6.088644,0.059307,-0.098228,0.056742
45425300.000,Miguel,recording,knock_twice_right,6,-0.294210,7.904154,6.065465,0.027878,-0.084369,0.049881
45425310.000,Miguel,recording,knock_twice_right,6,-0.309362,7.935086,6.051211,-0.011031,-0.053285,0.043024
45425320.000,Miguel,recording,knock_twice_right,6,-0.326923,7.916497,6.058700,-0.056466,-0.032383,0.037686
45425330.000,Miguel,recording,knock_twice_right,6,-0.302642,7.874591,6.147097,-0.100619,-0.037940,0.037303
45425340.000,Miguel,recording,knock_twice_right,6,-0.182580,7.825705,6.314369,-0.133953,-0.059655,0.036887
45425350.000,Miguel,recording,knock_twice_right,6,-0.038740,7.719796,6.464538,-0.151558,-0.073545,0.020622
45425360.000,Miguel,recording,knock_twice_right,6,0.026383,7.579863,6.538585,-0.160033,-0.072169,-0.013823
45425370.000,Miguel,recording,knock_twice_right,7,-0.000533,7.458785,6.569962,-0.170306,-0.062203,-0.058111
45425380.000,Miguel,recording,knock_twice_right,7,-0.085697,7.318989,6.583480,-0.189152,-0.048352,-0.106431
45425390.000,Miguel,recording,knock_twice_right,7,-0.272538,7.205987,6.636310,-0.213525,-0.031092,-0.150227
45425400.000,Miguel,recording,knock_twice_right,7,-0.508478,7.141605,6.723619,-0.232133,-0.006495,-0.176582
45425410.000,Miguel,recording,knock_twice_right,7,-0.716865,7.054593,6.808879,-0.232461,0.027963,-0.180672
45425420.000,Miguel,recording,knock_twice_right,7,-0.903232,6.973882,6.880406,-0.211417,0.059514,-0.169532
45425430.000,Miguel,recording,knock_twice_right,7,-1.050204,6.962341,6.926337,-0.170256,0.067461,-0.147108
45425440.000,Miguel,recording,knock_twice_right,7,-1.105752,6.951604,6.946325,-0.115743,0.037186,-0.113172
45425450.000,Miguel,recording,knock_twice_right,7,-1.020027,6.885290,6.936029,-0.061230,-0.026206,-0.073819
45425460.000,Miguel,recording,knock_twice_right,7,-0.834802,6.812660,6.917668,-0.012417,-0.088942,-0.040888
45425470.000,Miguel,recording,knock_twice_right,7,-0.695500,6.789645,6.865924,0.028705,-0.120490,-0.021255
45425480.000,Miguel,recording,knock_twice_right,7,-0.674851,6.868694,6.772951,0.053293,-0.121382,-0.009745
45425490.000,Miguel,recording,knock_twice_right,7,-0.713561,6.951828,6.659547,0.054817,-0.104173,-0.000059
45425500.000,Miguel,recording,knock_twice_right,7,-0.750714,7.020782,6.580202,0.040718,-0.074546,0.011405
45425510.000,Miguel,recording,knock_twice_right,7,-0.800706,7.127989,6.593809,0.022302,-0.040068,0.031693
45425520.000,Miguel,recording,knock_twice_right,7,-0.757294,7.220531,6.626726,0.008058,-0.012279,0.057585
45425530.000,Miguel,recording,knock_twice_right,7,-0.600030,7.251829,6.638339,0.001202,-0.005950,0.074360
45425540.000,Miguel,recording,knock_twice_right,7,-0.451294,7.273996,6.640619,-0.004388,-0.031300,0.074204
45425550.000,Miguel,recording,knock_twice_right,7,-0.348778,7.277559,6.641937,-0.015991,-0.074674,0.057920
45425560.000,Miguel,recording,knock_twice_right,7,-0.309379,7.252277,6.665217,-0.034522,-0.102906,0.030553
45425570.000,Miguel,recording,knock_twice_right,7,-0.350607,7.230565,6.698358,-0.059027,-0.089856,-0.001110
45425580.000,Miguel,recording,knock_twice_right,7,-0.442930,7.230426,6.747352,-0.086371,-0.038904,-0.028942
45425590.000,Miguel,recording,knock_twice_right,7,-0.514123,7.219951,6.795305,-0.109909,0.028828,-0.048317
45425600.000,Miguel,recording,knock_twice_right,7,-0.552578,7.142667,6.837573,-0.126239,0.090148,-0.062850
45425610.000,Miguel,recording,knock_twice_right,7,-0.631404,7.070748,6.849774,-0.138896,0.121984,-0.069214
45425620.000,Miguel,recording,knock_twice_right,7,-0.756720,7.049856,6.881239,-0.148489,0.121772,-0.061923
45425630.000,Miguel,recording,knock_twice_right,7,-0.856499,7.031813,6.945550,-0.146001,0.106574,-0.043288
45425640.000,Miguel,recording,knock_twice_right,7,-0.896911,7.004477,7.007997,-0.127226,0.087708,-0.020216
45425650.000,Miguel,recording,knock_twice_right,7,-0.911371,6.979330,7.057628,-0.096951,0.066480,0.004005
45425660.000,Miguel,recording,knock_twice_right,7,-0.911383,6.945653,7.099020,-0.057589,0.044880,0.030863
45425670.000,Miguel,recording,knock_twice_right,7,-0.878002,6.932198,7.112591,-0.007611,0.030555,0.059759
45425680.000,Miguel,recording,knock_twice_right,7,-0.802228,6.947538,7.064114,0.050515,0.022777,0.084268
45425690.000,Miguel,recording,knock_twice_right,7,-0.739189,6.985704,6.959023,0.106809,0.005029,0.098822
45425700.000,Miguel,recording,knock_twice_right,7,-0.687930,7.065290,6.853733,0.156036,-0.025666,0.110417
45425710.000,Miguel,recording,knock_twice_right,7,-0.593737,7.097900,6.729810,0.195797,-0.046695,0.121423
45425720.000,Miguel,recording,knock_twice_right,7,-0.494868,7.076524,6.558060,0.217313,-0.052013,0.130060
45425730.000,Miguel,recording,knock_twice_right,7,-0.454861,7.110998,6.387063,0.212585,-0.052885,0.139228
45425740.000,Miguel,recording,knock_twice_right,7,-0.446105,7.192460,6.310783,0.185946,-0.051038,0.150494
45425750.000,Miguel,recording,knock_twice_right,7,-0.410421,7.309967,6.289710,0.151713,-0.039733,0.164505
45425760.000,Miguel,recording,knock_twice_right,7,-0.337487,7.395874,6.283874,0.121844,-0.020078,0.174726
45425770.000,Miguel,recording,knock_twice_right,7,-0.270583,7.445305,6.281188,0.096991,-0.005875,0.176832
45425780.000,Miguel,recording,knock_twice_right,7,-0.224836,7.501702,6.290432,0.073320,-0.004303,0.173607
45425790.000,Miguel,recording,knock_twice_right,7,-0.160314,7.557539,6.328189,0.054764,-0.013353,0.166649
45425800.000,Miguel,recording,knock_twice_right,7,-0.027118,7.570672,6.383080,0.042692,-0.024330,0.155974
45425810.000,Miguel,recording,knock_twice_right,7,0.115934,7.538523,6.402858,0.033044,-0.034215,0.135394
45425820.000,Miguel,recording,knock_twice_right,7,0.194941,7.493110,6.433355,0.021907,-0.047307,0.104418
45425830.000,Miguel,recording,knock_twice_right,7,0.214253,7.482860,6.506272,0.011044,-0.058706,0.073093
45425840.000,Miguel,recording,knock_twice_right,7,0.201825,7.457383,6.555542,0.004342,-0.056359,0.043576
45425850.000,Miguel,recording,knock_twice_right,7,0.142163,7.429170,6.602579,0.004958,-0.035775,0.015466
45425860.000,Miguel,recording,knock_twice_right,7,0.037916,7.433065,6.652342,0.015487,-0.006266,-0.008360
45425870.000,Miguel,recording,knock_twice_right,7,-0.093869,7.425912,6.648993,0.038837,0.017594,-0.025123
45425880.000,Miguel,recording,knock_twice_right,7,-0.191447,7.394363,6.590531,0.069766,0.022304,-0.033618
45425890.000,Miguel,recording,knock_twice_right,7,-0.243112,7.328011,6.501332,0.095774,0.004016,-0.037431
45425900.000,Miguel,recording,knock_twice_right,7,-0.286880,7.268829,6.395293,0.113760,-0.025480,-0.038994
45425910.000,Miguel,recording,knock_twice_right,7,-0.318260,7.244459,6.310549,0.121836,-0.052161,-0.037145
45425920.000,Miguel,recording,knock_twice_right,7,-0.352108,7.223147,6.211814,0.113707,-0.070436,-0.032627
45425930.000,Miguel,recording,knock_twice_right,7,-0.375098,7.204873,6.132482,0.089738,-0.075868,-0.027935
45425940.000,Miguel,recording,knock_twice_right,7,-0.407056,7.195590,6.114986,0.057306,-0.062572,-0.020402
45425950.000,Miguel,recording,knock_twice_right,7,-0.428637,7.199547,6.142744,0.025696,-0.033949,-0.009494
45425960.000,Miguel,recording,knock_twice_right,7,-0.408565,7.212411,6.170900,-0.001741,-0.006669,-0.001182
45425970.000,Miguel,recording,knock_twice_right,7,-0.381284,7.220388,6.206111,-0.024664,0.003174,0.000714
45425980.000,Miguel,recording,knock_twice_right,7,-0.352469,7.221623,6.244665,-0.043184,-0.005486,-0.002224
45425990.000,Miguel,recording,knock_twice_right,7,-0.334875,7.211426,6.263391,-0.062042,-0.022886,-0.006286
45426000.000,Miguel,recording,knock_twice_right,7,-0.311262,7.189716,6.308956,-0.081712,-0.033043,-0.012336
45426010.000,Miguel,recording,knock_twice_right,7,-0.300351,7.187261,6.371004,-0.102015,-0.029505,-0.021368
45426020.000,Miguel,recording,knock_twice_right,7,-0.294184,7.191856,6.454045,-0.123836,-0.017392,-0.028905
45426030.000,Miguel,recording,knock_twice_right,7,-0.303394,7.151975,6.556090,-0.142576,-0.000198,-0.034821
45426040.000,Miguel,recording,knock_twice_right,7,-0.337716,7.118747,6.660651,-0.150704,0.020345,-0.041010
45426050.000,Miguel,recording,knock_twice_right,7,-0.409814,7.154733,6.753382,-0.143824,0.042598,-0.042676
45426060.000,Miguel,recording,knock_twice_right,7,-0.481366,7.189549,6.806943,-0.125965,0.061827,-0.037152
45426070.000,Miguel,recording,knock_twice_right,7,-0.507383,7.190745,6.808376,-0.104483,0.068324,-0.028267
45426080.000,Miguel,recording,knock_twice_right,7,-0.489499,7.190811,6.805545,-0.081526,0.060725,-0.016185
45426090.000,Miguel,recording,knock_twice_right,7,-0.457870,7.189220,6.810981,-0.056129,0.047212,-0.001182
45426100.000,Miguel,recording,knock_twice_right,7,-0.414690,7.189752,6.817136,-0.028768,0.028522,0.011589
45426110.000,Miguel,recording,knock_twice_right,7,-0.365064,7.210812,6.812292,-0.001503,0.006117,0.019099
45426120.000,Miguel,recording,knock_twice_right,7,-0.329823,7.227422,6.817546,0.024750,-0.011952,0.021901
45426130.000,Miguel,recording,knock_twice_right,7,-0.324885,7.257990,6.789171,0.046880,-0.018578,0.023649
45426140.000,Miguel,recording,knock_twice_right,7,-0.320264,7.302244,6.687485,0.061060,-0.013513,0.025000
45426150.000,Miguel,recording,knock_twice_right,7,-0.306471,7.322047,6.593688,0.064477,-0.003267,0.024310
45426160.000,Miguel,recording,knock_twice_right,7,-0.303507,7.332115,6.526725,0.057773,0.006639,0.023389
45426170.000,Miguel,recording,knock_twice_right,7,-0.305492,7.352196,6.481501,0.046520,0.014807,0.024242
45426180.000,Miguel,recording,knock_twice_right,7,-0.300412,7.361508,6.464083,0.035585,0.020069,0.026465
45426190.000,Miguel,recording,knock_twice_right,7,-0.291356,7.375851,6.479246,0.031001,0.019458,0.027725
45426200.000,Miguel,recording,knock_twice_right,7,-0.274204,7.388875,6.490240,0.036568,0.010810,0.028246
45426210.000,Miguel,recording,knock_twice_right,7,-0.247908,7.392402,6.478414,0.046704,-0.006158,0.028770
45426220.000,Miguel,recording,knock_twice_right,7,-0.184877,7.389726,6.443299,0.056880,-0.026647,0.024661
45426230.000,Miguel,recording,knock_twice_right,7,-0.127191,7.358507,6.387087,0.065466,-0.042370,0.013924
45426240.000,Miguel,recording,knock_twice_right,7,-0.105356,7.335968,6.329581,0.069676,-0.048930,0.001325
45426250.000,Miguel,recording,knock_twice_right,7,-0.116636,7.322111,6.273335,0.066445,-0.051283,-0.012303
45426260.000,Miguel,recording,knock_twice_right,7,-0.150055,7.295286,6.250091,0.055144,-0.054099,-0.025131
45426270.000,Miguel,recording,knock_twice_right,7,-0.200830,7.260688,6.246659,0.039199,-0.052807,-0.031736
45426280.000,Miguel,recording,knock_twice_right,7,-0.230824,7.229497,6.227947,0.019809,-0.045428,-0.032912
45426290.000,Miguel,recording,knock_twice_right,7,-0.253148,7.236699,6.228232,-0.004729,-0.038881,-0.031823
45426300.000,Miguel,recording,knock_twice_right,7,-0.261364,7.244773,6.263769,-0.029288,-0.033361,-0.035356
45426310.000,Miguel,recording,knock_twice_right,7,-0.293648,7.240247,6.347630,-0.043298,-0.023949,-0.043055
45426320.000,Miguel,recording,knock_twice_right,7,-0.334704,7.229678,6.412609,-0.043188,-0.015634,-0.046018
45426330.000,Miguel,recording,knock_twice_right,7,-0.340859,7.223573,6.421662,-0.037471,-0.022044,-0.043821
45426340.000,Miguel,recording,knock_twice_right,7,-0.310056,7.232652,6.430130,-0.035948,-0.048064,-0.040987
45426350.000,Miguel,recording,knock_twice_right,7,-0.248036,7.208330,6.452181,-0.037509,-0.074283,-0.041355
45426360.000,Miguel,recording,knock_twice_right,7,-0.211030,7.160156,6.471646,-0.041593,-0.079711,-0.047706
45426370.000,Miguel,recording,knock_twice_right,7,-0.222716,7.145649,6.481143,-0.052294,-0.061386,-0.056916
45426380.000,Miguel,recording,knock_twice_right,7,-0.256192,7.140322,6.491612,-0.069816,-0.026298,-0.065142
45426390.000,Miguel,recording,knock_twice_right,7,-0.352066,7.131710,6.521286,-0.085581,0.015422,-0.071361
45426400.000,Miguel,recording,knock_twice_right,7,-0.484348,7.168984,6.541162,-0.092469,0.044113,-0.070549
45426410.000,Miguel,recording,knock_twice_right,7,-0.583437,7.204855,6.545867,-0.093735,0.041193,-0.060562
45426420.000,Miguel,recording,knock_twice_right,7,-0.609735,7.230453,6.566302,-0.093913,0.010931,-0.044849
45426430.000,Miguel,recording,knock_twice_right,7,-0.576560,7.252127,6.623005,-0.092121,-0.026696,-0.026471
45426440.000,Miguel,recording,knock_twice_right,7,-0.509576,7.253454,6.697869,-0.087639,-0.053985,-0.007306
45426450.000,Miguel,recording,knock_twice_right,7,-0.426526,7.248500,6.777767,-0.082349,-0.067807,0.008149
45426460.000,Miguel,recording,knock_twice_right,7,-0.328867,7.235709,6.854884,-0.075795,-0.070701,0.014585
45426470.000,Miguel,recording,knock_twice_right,7,-0.254417,7.258692,6.929966,-0.063762,-0.059764,0.013807
45426480.000,Miguel,recording,knock_twice_right,7,-0.210117,7.253868,6.955966,-0.045050,-0.036199,0.008164
45426490.000,Miguel,recording,knock_twice_right,7,-0.168582,7.212667,6.942353,-0.024800,-0.011983,-0.002569
45426500.000,Miguel,recording,knock_twice_right,7,-0.175216,7.190475,6.884945,-0.008245,0.006499,-0.015152
45426510.000,Miguel,recording,knock_twice_right,7,-0.239946,7.189983,6.826734,0.005444,0.022552,-0.025086
45426520.000,Miguel,recording,knock_twice_right,7,-0.331381,7.198756,6.768861,0.019810,0.035121,-0.027375
45426530.000,Miguel,recording,knock_twice_right,7,-0.393356,7.200154,6.712870,0.035440,0.038215,-0.020838
45426540.000,Miguel,recording,knock_twice_right,7,-0.386313,7.199324,6.652368,0.054052,0.027985,-0.010614
45426550.000,Miguel,recording,knock_twice_right,7,-0.344066,7.200848,6.587612,0.073941,0.003477,-0.004436
45426560.000,Miguel,recording,knock_twice_right,7,-0.313245,7.216759,6.499433,0.089702,-0.030401,-0.008072
45426570.000,Miguel,recording,knock_twice_right,7,-0.351074,7.249970,6.424679,0.098742,-0.058898,-0.017091
45426580.000,Miguel,recording,knock_twice_right,7,-0.398749,7.254324,6.365657,0.099079,-0.070490,-0.023706
45426590.000,Miguel,recording,knock_twice_right,7,-0.426800,7.217542,6.294062,0.085544,-0.066857,-0.022439
45426600.000,Miguel,recording,knock_twice_right,7,-0.438452,7.198029,6.230742,0.055634,-0.054383,-0.013487
45426610.000,Miguel,recording,knock_twice_right,7,-0.445400,7.206376,6.240897,0.016055,-0.030840,-0.000103
45426620.000,Miguel,recording,knock_twice_right,7,-0.403858,7.212902,6.301182,-0.020388,0.002914,0.015748
45426630.000,Miguel,recording,knock_twice_right,7,-0.321526,7.208316,6.359694,-0.047392,0.034467,0.027066
45426640.000,Miguel,recording,knock_twice_right,7,-0.247652,7.199694,6.438992,-0.061414,0.051390,0.027741
45426650.000,Miguel,recording,knock_twice_right,7,-0.213217,7.214300,6.499719,-0.058826,0.051561,0.018041
45426660.000,Miguel,recording,knock_twice_right,7,-0.232575,7.223826,6.511349,-0.046782,0.035711,0.004914
45426670.000,Miguel,recording,knock_twice_right,7,-0.286174,7.211712,6.479009,-0.036701,0.006983,-0.006161
45426680.000,Miguel,recording,knock_twice_right,7,-0.340983,7.221451,6.452117,-0.034974,-0.021235,-0.010473
45426690.000,Miguel,recording,knock_twice_right,7,-0.381245,7.226687,6.469330,-0.041745,-0.034911,-0.006354
45426700.000,Miguel,recording,knock_twice_right,7,-0.372971,7.213171,6.492665,-0.057324,-0.030314,0.001290
45426710.000,Miguel,recording,knock_twice_right,7,-0.310128,7.188240,6.524716,-0.080930,-0.013392,0.007329
45426720.000,Miguel,recording,knock_twice_right,7,-0.254264,7.177100,6.591500,-0.104207,0.010792,0.010769
45426730.000,Miguel,recording,knock_twice_right,7,-0.231838,7.177309,6.686441,-0.118890,0.038626,0.012189
45426740.000,Miguel,recording,knock_twice_right,7,-0.217532,7.201995,6.757306,-0.121582,0.062380,0.009055
45426750.000,Miguel,recording,knock_twice_right,7,-0.212067,7.248757,6.801661,-0.111478,0.074149,0.000595
45426760.000,Miguel,recording,knock_twice_right,7,-0.213149,7.288743,6.837117,-0.089812,0.070027,-0.011650
45426770.000,Miguel,recording,knock_twice_right,7,-0.233251,7.338215,6.853348,-0.059924,0.050841,-0.025784
45426780.000,Miguel,recording,knock_twice_right,7,-0.268965,7.376000,6.842971,-0.029392,0.023500,-0.040058
45426790.000,Miguel,recording,knock_twice_right,7,-0.305529,7.327643,6.798916,-0.004522,-0.000692,-0.051618
45426800.000,Miguel,recording,knock_twice_right,7,-0.386516,7.239559,6.751424,0.013252,-0.010811,-0.055512
45426810.000,Miguel,recording,knock_twice_right,7,-0.460634,7.172177,6.724963,0.025905,-0.004414,-0.048118
45426820.000,Miguel,recording,knock_twice_right,7,-0.477799,7.137129,6.684622,0.038283,0.011674,-0.033465
45426830.000,Miguel,recording,knock_twice_right,7,-0.439234,7.106583,6.630727,0.050571,0.023153,-0.019862
45426840.000,Miguel,recording,knock_twice_right,7,-0.360516,7.080198,6.570074,0.058824,0.019268,-0.011993
45426850.000,Miguel,recording,knock_twice_right,7,-0.272190,7.062495,6.502999,0.061932,0.005147,-0.013389
45426860.000,Miguel,recording,knock_twice_right,7,-0.228431,7.064893,6.433881,0.057943,-0.011678,-0.026721
45426870.000,Miguel,recording,knock_twice_right,7,-0.260102,7.084218,6.366780,0.042284,-0.024932,-0.044471
45426880.000,Miguel,recording,knock_twice_right,7,-0.356312,7.093659,6.343510,0.013992,-0.021493,-0.059368
45426890.000,Miguel,recording,knock_twice_right,7,-0.476308,7.081308,6.348449,-0.022392,0.002021,-0.064357
45426900.000,Miguel,recording,knock_twice_right,7,-0.585502,7.079938,6.392528,-0.057811,0.037421,-0.053685
45426910.000,Miguel,recording,knock_twice_right,7,-0.679477,7.100675,6.463734,-0.083171,0.069042,-0.030211
45426920.000,Miguel,recording,knock_twice_right,7,-0.662935,7.101921,6.541534,-0.095261,0.077025,0.002585
45426930.000,Miguel,recording,knock_twice_right,7,-0.513307,7.055901,6.628390,-0.098034,0.057897,0.034050
45426940.000,Miguel,recording,knock_twice_right,7,-0.314138,7.045752,6.699258,-0.094190,0.022429,0.053724
45426950.000,Miguel,recording,knock_twice_right,7,-0.113989,7.106469,6.761548,-0.084775,-0.013877,0.056003
45426960.000,Miguel,recording,knock_twice_right,7,0.021344,7.119992,6.826326,-0.069981,-0.033139,0.034538
45426970.000,Miguel,recording,knock_twice_right,7,0.010278,7.121321,6.865538,-0.051348,-0.031784,-0.004326
45426980.000,Miguel,recording,knock_twice_right,7,-0.152390,7.172840,6.851007,-0.035784,-0.016516,-0.041491
45426990.000,Miguel,recording,knock_twice_right,7,-0.366186,7.209222,6.808011,-0.023721,0.008847,-0.064785
45427000.000,Miguel,recording,knock_twice_right,7,-0.539125,7.236587,6.749143,-0.015594,0.034415,-0.072574
45427010.000,Miguel,recording,knock_twice_right,7,-0.663128,7.248324,6.674203,-0.014711,0.047301,-0.066728
45427020.000,Miguel,recording,knock_twice_right,7,-0.747214,7.225139,6.616906,-0.020576,0.044244,-0.050875
45427030.000,Miguel,recording,knock_twice_right,7,-0.781015,7.174524,6.592039,-0.031742,0.031696,-0.028989
45427040.000,Miguel,recording,knock_twice_right,7,-0.763802,7.108751,6.629606,-0.044522,0.019553,-0.002775
45427050.000,Miguel,recording,knock_twice_right,7,-0.669353,7.021138,6.694481,-0.052973,0.014466,0.024022
45427060.000,Miguel,recording,knock_twice_right,7,-0.544514,6.938242,6.750876,-0.053385,0.019817,0.046386
45427070.000,Miguel,recording,knock_twice_right,7,-0.439107,6.912144,6.791336,-0.046689,0.032957,0.061289
45427080.000,Miguel,recording,knock_twice_right,7,-0.347378,6.919304,6.794926,-0.031146,0.043795,0.067473
45427090.000,Miguel,recording,knock_twice_right,7,-0.292093,6.967920,6.790409,-0.009096,0.041214,0.064109
45427100.000,Miguel,recording,knock_twice_right,7,-0.279149,7.066819,6.741411,0.012557,0.020848,0.052430
45427110.000,Miguel,recording,knock_twice_right,7,-0.309833,7.175981,6.687456,0.030901,-0.010401,0.040646
45427120.000,Miguel,recording,knock_twice_right,7,-0.333543,7.240990,6.631154,0.042900,-0.039065,0.032319
45427130.000,Miguel,recording,knock_twice_right,7,-0.338371,7.246594,6.571464,0.043845,-0.056612,0.026063
45427140.000,Miguel,recording,knock_twice_right,7,-0.338366,7.249351,6.545847,0.032714,-0.060164,0.025012
45427150.000,Miguel,recording,knock_twice_right,7,-0.312086,7.260938,6.573769,0.014036,-0.048864,0.026463
45427160.000,Miguel,recording,knock_twice_right,7,-0.281721,7.250121,6.605658,-0.009309,-0.026676,0.024939
45427170.000,Miguel,recording,knock_twice_right,7,-0.293971,7.239294,6.648371,-0.030885,0.001238,0.019316
45427180.000,Miguel,recording,knock_twice_right,7,-0.306778,7.221538,6.688484,-0.045790,0.027542,0.012293
45427190.000,Miguel,recording,knock_twice_right,7,-0.283231,7.184349,6.741723,-0.053838,0.046578,0.006865
45427200.000,Miguel,recording,knock_twice_right,7,-0.254588,7.153905,6.799516,-0.049727,0.058215,0.002430
45427210.000,Miguel,recording,knock_twice_right,7,-0.261262,7.152032,6.820308,-0.032748,0.058707,-0.004960
45427220.000,Miguel,recording,knock_twice_right,7,-0.298939,7.152951,6.809740,-0.007898,0.043038,-0.014584
45427230.000,Miguel,recording,knock_twice_right,7,-0.320638,7.146783,6.785227,0.019576,0.012844,-0.021416
45427240.000,Miguel,recording,knock_twice_right,7,-0.330031,7.123378,6.736769,0.042860,-0.021272,-0.025504
45427250.000,Miguel,recording,knock_twice_right,7,-0.355772,7.117085,6.689975,0.059696,-0.045496,-0.025946
45427260.000,Miguel,recording,knock_twice_right,7,-0.394334,7.127105,6.649528,0.068552,-0.054639,-0.023628
45427270.000,Miguel,recording,knock_twice_right,7,-0.409588,7.109978,6.592625,0.066013,-0.049060,-0.020161
45427280.000,Miguel,recording,knock_twice_right,7,-0.376679,7.093761,6.552355,0.053733,-0.031759,-0.014687
45427290.000,Miguel,recording,knock_twice_right,7,-0.333275,7.070401,6.527296,0.036434,-0.008322,-0.011445
45427300.000,Miguel,recording,knock_twice_right,7,-0.311249,7.081098,6.520969,0.015854,0.012659,-0.013499
45427310.000,Miguel,recording,knock_twice_right,7,-0.333351,7.124462,6.539349,-0.004230,0.026082,-0.018125
45427320.000,Miguel,recording,knock_twice_right,7,-0.384793,7.144536,6.581372,-0.016369,0.035038,-0.022546
45427330.000,Miguel,recording,knock_twice_right,7,-0.438492,7.150490,6.616929,-0.018291,0.036913,-0.024722
45427340.000,Miguel,recording,knock_twice_right,7,-0.470366,7.150099,6.606109,-0.013745,0.027428,-0.023758
45427350.000,Miguel,recording,knock_twice_right,7,-0.490813,7.142235,6.597220,-0.009631,0.008817,-0.018677
45427360.000,Miguel,recording,knock_twice_right,7,-0.507406,7.132840,6.620657,-0.006043,-0.009245,-0.010023
45427370.000,Miguel,recording,knock_twice_right,7,-0.464284,7.124827,6.646242,-0.002089,-0.016198,-0.000202
45427380.000,Miguel,recording,knock_twice_right,7,-0.358581,7.097507,6.623511,-0.002264,-0.010986,0.006718
45427390.000,Miguel,recording,knock_twice_right,7,-0.271465,7.074097,6.607372,-0.006406,0.003657,0.005577
45427400.000,Miguel,recording,knock_twice_right,7,-0.250068,7.084143,6.601076,-0.011570,0.020407,-0.002689
45427410.000,Miguel,recording,knock_twice_right,7,-0.302037,7.117152,6.581457,-0.016839,0.030530,-0.011170
45427420.000,Miguel,recording,knock_twice_right,7,-0.374628,7.154938,6.566411,-0.023682,0.032240,-0.016575
45427430.000,Miguel,recording,knock_twice_right,7,-0.425072,7.192917,6.566820,-0.034918,0.028562,-0.016651
45427440.000,Miguel,recording,knock_twice_right,7,-0.404594,7.250632,6.587570,-0.048929,0.026655,-0.011078
45427450.000,Miguel,recording,knock_twice_right,7,-0.346661,7.233905,6.615993,-0.058859,0.037010,-0.009610
45427460.000,Miguel,recording,knock_twice_right,7,-0.335906,7.207376,6.647643,-0.063284,0.056288,-0.017702
45427470.000,Miguel,recording,knock_twice_right,7,-0.358041,7.167772,6.691373,-0.066638,0.072176,-0.026112
45427480.000,Miguel,recording,knock_twice_right,7,-0.330678,7.041521,6.697595,-0.064638,0.091186,-0.027789
45427490.000,Miguel,recording,knock_twice_right,7,-0.364642,6.956990,6.650801,-0.052937,0.113697,-0.023171
45427500.000,Miguel,recording,knock_twice_right,7,-0.982707,6.847852,6.503986,-0.030007,0.160283,-0.038817
45427510.000,Miguel,recording,knock_twice_right,7,-1.995727,6.844039,6.362793,-0.037001,0.159610,-0.009985
45427520.000,Miguel,recording,knock_twice_right,7,-1.702973,7.153282,6.448549,-0.094612,0.114703,0.127058
45427530.000,Miguel,recording,knock_twice_right,7,-0.728839,7.095657,6.498915,-0.151667,0.111248,0.236781
45427540.000,Miguel,recording,knock_twice_right,7,0.264920,6.987890,6.693696,-0.179266,0.097503,0.229655
45427550.000,Miguel,recording,knock_twice_right,7,0.778770,7.092840,6.985931,-0.177291,0.031983,0.144038
45427560.000,Miguel,recording,knock_twice_right,7,0.818793,7.041441,7.169136,-0.142521,-0.048480,0.019356
45427570.000,Miguel,recording,knock_twice_right,7,0.717868,6.809804,7.147026,-0.082505,-0.063187,-0.114534
45427580.000,Miguel,recording,knock_twice_right,7,0.227736,6.731764,6.897026,-0.030253,-0.019596,-0.221135
45427590.000,Miguel,recording,knock_twice_right,7,-0.563080,7.004277,6.675191,-0.012429,0.005018,-0.250752
45427600.000,Miguel,recording,knock_twice_right,7,-1.055690,7.342089,6.573363,-0.027822,-0.008913,-0.195410
45427610.000,Miguel,recording,knock_twice_right,7,-1.038183,7.576045,6.614611,-0.048169,-0.021916,-0.101607
45427620.000,Miguel,recording,knock_twice_right,7,-0.707067,7.547140,6.763252,-0.047462,-0.006935,-0.033502
45427630.000,Miguel,recording,knock_twice_right,7,-0.391334,7.330457,6.909909,-0.028428,0.013797,-0.011378
45427640.000,Miguel,recording,knock_twice_right,7,-0.292418,7.114864,6.990147,-0.002679,0.027165,-0.022585
45427650.000,Miguel,recording,knock_twice_right,7,-0.714345,6.757170,6.794789,0.022384,0.111867,-0.059121
45427660.000,Miguel,recording,knock_twice_right,7,-1.459803,6.788906,6.543427,0.010642,0.240426,-0.049609
45427670.000,Miguel,recording,knock_twice_right,7,-1.813105,7.126310,6.402597,-0.055497,0.323143,0.050627
45427680.000,Miguel,recording,knock_twice_right,7,-1.237837,7.130814,6.487236,-0.138127,0.321866,0.155871
45427690.000,Miguel,recording,knock_twice_right,7,-0.439041,7.001713,6.801908,-0.188041,0.217342,0.187356
45427700.000,Miguel,recording,knock_twice_right,7,0.058378,6.963965,7.212538,-0.177139,0.064408,0.148894
45427710.000,Miguel,recording,knock_twice_right,7,0.368562,6.814612,7.518365,-0.111146,-0.085405,0.069100
45427720.000,Miguel,recording,knock_twice_right,7,0.427847,6.620714,7.566814,-0.016225,-0.196421,-0.028681
45427730.000,Miguel,recording,knock_twice_right,7,0.132848,6.601663,7.451779,0.078204,-0.254057,-0.116207
45427740.000,Miguel,recording,knock_twice_right,7,-0.313220,6.678783,7.266251,0.158302,-0.265716,-0.165781
45427750.000,Miguel,recording,knock_twice_right,7,-0.667544,6.702139,7.008079,0.219259,-0.230619,-0.174493
45427760.000,Miguel,recording,knock_twice_right,7,-1.060297,6.889184,6.698402,0.250215,-0.175637,-0.137287
45427770.000,Miguel,recording,knock_twice_right,7,-1.315570,7.218004,6.449875,0.243454,-0.154258,-0.051114
45427780.000,Miguel,recording,knock_twice_right,7,-1.226265,7.412527,6.318645,0.212786,-0.168175,0.047857
45427790.000,Miguel,recording,knock_twice_right,7,-0.909252,7.435541,6.276223,0.175614,-0.188221,0.116362
45427800.000,Miguel,recording,knock_twice_right,7,-0.563677,7.390827,6.284931,0.137700,-0.196670,0.143570
45427810.000,Miguel,recording,knock_twice_right,7,-0.280781,7.282382,6.307807,0.094613,-0.188992,0.138556
45427820.000,Miguel,recording,knock_twice_right,7,-0.076116,7.191881,6.354009,0.042492,-0.164604,0.112371
45427830.000,Miguel,recording,knock_twice_right,7,0.046610,7.124301,6.440257,-0.010344,-0.119908,0.073379
45427840.000,Miguel,recording,knock_twice_right,7,0.056866,7.077311,6.573250,-0.053825,-0.061440,0.030023
45427850.000,Miguel,recording,knock_twice_right,7,-0.008264,7.035314,6.691345,-0.081265,-0.009288,-0.009181
45427860.000,Miguel,recording,knock_twice_right,7,-0.116454,6.996144,6.790739,-0.089838,0.022088,-0.041061
45427870.000,Miguel,recording,knock_twice_right,7,-0.267807,6.984681,6.846941,-0.082758,0.035067,-0.062381
45427880.000,Miguel,recording,knock_twice_right,7,-0.422067,6.996350,6.880846,-0.064196,0.033855,-0.070627
45427890.000,Miguel,recording,knock_twice_right,7,-0.511192,6.968583,6.889589,-0.036526,0.023961,-0.065303
45427900.000,Miguel,recording,knock_twice_right,7,-0.546184,6.919028,6.830614,-0.005065,0.011070,-0.049359
45427910.000,Miguel,recording,knock_twice_right,7,-0.552052,6.928656,6.730186,0.018337,-0.009180,-0.028051
45427920.000,Miguel,recording,knock_twice_right,7,-0.527108,6.977516,6.668526,0.024388,-0.036592,-0.008858
45427930.000,Miguel,recording,knock_twice_right,7,-0.453451,7.007269,6.678472,0.017479,-0.055568,0.001296
45427940.000,Miguel,recording,knock_twice_right,7,-0.372005,7.018895,6.707768,0.012015,-0.047682,-0.000055
45427950.000,Miguel,recording,knock_twice_right,7,-0.355318,7.065503,6.699796,0.012826,-0.020961,-0.009694
45427960.000,Miguel,recording,knock_twice_right,7,-0.411348,7.105719,6.668526,0.011051,-0.001856,-0.022460
45427970.000,Miguel,recording,knock_twice_right,7,-0.481900,7.128964,6.656337,0.004415,0.002961,-0.034331
45427980.000,Miguel,recording,knock_twice_right,7,-0.532504,7.125011,6.672214,0.000977,0.007960,-0.039925
45427990.000,Miguel,recording,knock_twice_right,7,-0.554768,7.052062,6.676265,0.003267,0.017482,-0.036961
45428000.000,Miguel,recording,knock_twice_right,7,-0.582390,6.980831,6.649073,0.005829,0.016261,-0.028520
45428010.000,Miguel,recording,knock_twice_right,7,-0.606433,6.949717,6.631121,0.004429,-0.001342,-0.015985
45428020.000,Miguel,recording,knock_twice_right,7,-0.586567,6.950890,6.637469,-0.000816,-0.019062,0.000429
45428030.000,Miguel,recording,knock_twice_right,7,-0.507945,6.926367,6.666843,-0.004600,-0.017220,0.014153
45428040.000,Miguel,recording,knock_twice_right,7,-0.449228,6.889555,6.665262,-0.003088,0.001015,0.020810
45428050.000,Miguel,recording,knock_twice_right,7,-0.450631,6.942826,6.643024,-0.003943,0.010354,0.027235
45428060.000,Miguel,recording,knock_twice_right,7,-0.421360,7.009335,6.643561,-0.011124,0.005225,0.034273
45428070.000,Miguel,recording,knock_twice_right,7,-0.363254,7.049965,6.652643,-0.017292,0.003575,0.034127
45428080.000,Miguel,recording,knock_twice_right,7,-0.348653,7.116369,6.679019,-0.018940,0.008774,0.028754
45428090.000,Miguel,recording,knock_twice_right,7,-0.363828,7.170400,6.678285,-0.022681,0.010097,0.024589
45428100.000,Miguel,recording,knock_twice_right,7,-0.351669,7.184634,6.660580,-0.029836,0.007832,0.019462
45428110.000,Miguel,recording,knock_twice_right,7,-0.344754,7.182087,6.673093,-0.036874,0.009630,0.013287
45428120.000,Miguel,recording,knock_twice_right,7,-0.342244,7.168340,6.688818,-0.043531,0.013515,0.009758
45428130.000,Miguel,recording,knock_twice_right,7,-0.338023,7.132708,6.705125,-0.050044,0.012998,0.006456
45428140.000,Miguel,recording,knock_twice_right,7,-0.358800,7.103729,6.739410,-0.057717,0.008421,0.001977
45428150.000,Miguel,recording,knock_twice_right,7,-0.376722,7.074715,6.803972,-0.061550,0.009556,-0.000525
45428160.000,Miguel,recording,knock_twice_right,7,-0.355213,7.030536,6.847789,-0.058192,0.020899,0.000296
45428170.000,Miguel,recording,knock_twice_right,7,-0.313385,6.985225,6.833413,-0.051453,0.035324,0.001271
45428180.000,Miguel,recording,knock_twice_right,7,-0.327788,6.972169,6.823306,-0.041500,0.043263,0.001702
45428190.000,Miguel,recording,knock_twice_right,7,-0.361930,7.007283,6.809039,-0.028935,0.040039,0.003420
45428200.000,Miguel,recording,knock_twice_right,7,-0.375052,7.025587,6.782780,-0.016539,0.027147,0.006618
45428210.000,Miguel,recording,knock_twice_right,7,-0.342577,7.005012,6.732417,-0.008882,0.010844,0.007351
45428220.000,Miguel,recording,knock_twice_right,7,-0.340218,7.028061,6.678768,-0.010966,-0.002809,0.003314
45428230.000,Miguel,recording,knock_twice_right,7,-0.367461,7.089450,6.688710,-0.020569,-0.010371,-0.000258
45428240.000,Miguel,recording,knock_twice_right,7,-0.366977,7.102683,6.716253,-0.032718,-0.010097,-0.002383
45428250.000,Miguel,recording,knock_twice_right,7,-0.353537,7.057203,6.753551,-0.042456,-0.001866,-0.007896
45428260.000,Miguel,recording,knock_twice_right,7,-0.399252,7.045634,6.804120,-0.045904,0.010290,-0.014866
45428270.000,Miguel,recording,knock_twice_right,7,-0.438989,7.065909,6.826312,-0.045442,0.018832,-0.015642
45428280.000,Miguel,recording,knock_twice_right,7,-0.432284,7.037923,6.819964,-0.041807,0.027315,-0.010356
45428290.000,Miguel,recording,knock_twice_right,7,-0.402780,7.001743,6.806297,-0.035628,0.031199,-0.004980
45428300.000,Miguel,recording,knock_twice_right,7,-0.377643,7.015411,6.801862,-0.030526,0.019789,-0.001194
45428310.000,Miguel,recording,knock_twice_right,7,-0.377791,7.040719,6.819317,-0.025310,-0.001496,0.001293
45428320.000,Miguel,recording,knock_twice_right,7,-0.387943,7.069069,6.853288,-0.014775,-0.017613,0.000780
45428330.000,Miguel,recording,knock_twice_right,7,-0.417381,7.079569,6.836887,-0.000421,-0.024642,-0.000668
45428340.000,Miguel,recording,knock_twice_right,7,-0.441613,7.090387,6.800483,0.007160,-0.029040,-0.000066
45428350.000,Miguel,recording,knock_twice_right,7,-0.446192,7.097299,6.768835,0.007501,-0.026548,0.001435
45428360.000,Miguel,recording,knock_twice_right,7,-0.437784,7.077417,6.736616,0.006650,-0.013690,0.002389
45428370.000,Miguel,recording,knock_twice_right,7,-0.451176,7.042899,6.688610,0.005675,-0.000482,0.000306
45428380.000,Miguel,recording,knock_twice_right,7,-0.466086,7.028995,6.639003,0.002475,0.002560,-0.000576
45428390.000,Miguel,recording,knock_twice_right,7,-0.449207,6.978589,6.603146,-0.001027,0.000362,0.001817
45428400.000,Miguel,recording,knock_twice_right,8,-0.429902,6.903231,6.594633,-0.004672,-0.002438,0.004414
45428410.000,Miguel,recording,knock_twice_right,8,-0.429423,6.852142,6.594828,-0.013620,-0.011984,0.010434
45428420.000,Miguel,recording,knock_twice_right,8,-0.402210,6.855494,6.622921,-0.021139,-0.025003,0.019192
45428430.000,Miguel,recording,knock_twice_right,8,-0.334701,6.886400,6.632319,-0.019635,-0.032657,0.022570
45428440.000,Miguel,recording,knock_twice_right,8,-0.261503,6.934877,6.592287,-0.021395,-0.041992,0.016210
45428450.000,Miguel,recording,knock_twice_right,8,-0.233957,7.026503,6.551455,-0.039792,-0.057997,0.000775
45428460.000,Miguel,recording,knock_twice_right,8,-0.287228,7.115896,6.585793,-0.069290,-0.062278,-0.019667
45428470.000,Miguel,recording,knock_twice_right,8,-0.377150,7.136838,6.670868,-0.096584,-0.036771,-0.041268
45428480.000,Miguel,recording,knock_twice_right,8,-0.481495,7.082634,6.737927,-0.116667,0.009717,-0.059304
45428490.000,Miguel,recording,knock_twice_right,8,-0.596154,7.007918,6.807168,-0.130273,0.051963,-0.064972
45428500.000,Miguel,recording,knock_twice_right,8,-0.699590,6.925499,6.893827,-0.134072,0.073652,-0.053630
45428510.000,Miguel,recording,knock_twice_right,8,-0.739471,6.842435,6.946962,-0.125684,0.073303,-0.030808
45428520.000,Miguel,recording,knock_twice_right,8,-0.740809,6.807642,6.976058,-0.106908,0.054722,0.000179
45428530.000,Miguel,recording,knock_twice_right,8,-0.702514,6.793053,6.989594,-0.082261,0.021426,0.035197
45428540.000,Miguel,recording,knock_twice_right,8,-0.605241,6.784301,7.035935,-0.052708,-0.019232,0.067526
45428550.000,Miguel,recording,knock_twice_right,8,-0.454167,6.779020,7.064599,-0.016780,-0.054278,0.095593
45428560.000,Miguel,recording,knock_twice_right,8,-0.287407,6.777738,7.030941,0.023055,-0.076038,0.111638
45428570.000,Miguel,recording,knock_twice_right,8,-0.191185,6.831463,6.981355,0.061740,-0.089677,0.112715
45428580.000,Miguel,recording,knock_twice_right,8,-0.176844,6.918986,6.907279,0.095271,-0.103049,0.107773
45428590.000,Miguel,recording,knock_twice_right,8,-0.201517,6.998821,6.816137,0.122574,-0.123187,0.107498
45428600.000,Miguel,recording,knock_twice_right,8,-0.157759,7.043740,6.733327,0.144159,-0.145912,0.109597
45428610.000,Miguel,recording,knock_twice_right,8,-0.084276,7.027921,6.623728,0.159353,-0.161646,0.104616
45428620.000,Miguel,recording,knock_twice_right,8,-0.054412,7.050809,6.510376,0.164740,-0.171574,0.095980
45428630.000,Miguel,recording,knock_twice_right,8,-0.064924,7.122646,6.427279,0.159786,-0.179707,0.092331
45428640.000,Miguel,recording,knock_twice_right,8,-0.062331,7.131077,6.409068,0.151765,-0.190216,0.090839
45428650.000,Miguel,recording,knock_twice_right,8,-0.091413,7.109071,6.446303,0.151155,-0.210725,0.088997
45428660.000,Miguel,recording,knock_twice_right,8,-0.160439,7.105822,6.487798,0.160547,-0.244142,0.094395
45428670.000,Miguel,recording,knock_twice_right,8,-0.156189,7.084411,6.508576,0.177549,-0.281759,0.108784
45428680.000,Miguel,recording,knock_twice_right,8,-0.045333,7.049514,6.531666,0.199595,-0.315493,0.123563
45428690.000,Miguel,recording,knock_twice_right,8,0.169824,7.022954,6.472439,0.213195,-0.345056,0.122328
45428700.000,Miguel,recording,knock_twice_right,8,0.397960,7.062018,6.313597,0.196565,-0.360193,0.094465
45428710.000,Miguel,recording,knock_twice_right,8,0.494499,7.146309,6.148158,0.142039,-0.334275,0.044530
45428720.000,Miguel,recording,knock_twice_right,8,0.438607,7.180927,6.058591,0.054847,-0.257193,-0.011824
45428730.000,Miguel,recording,knock_twice_right,8,0.263251,7.159445,6.050311,-0.056177,-0.151155,-0.059312
45428740.000,Miguel,recording,knock_twice_right,8,-0.008384,7.137307,6.138906,-0.172162,-0.052980,-0.090882
45428750.000,Miguel,recording,knock_twice_right,8,-0.237721,7.160471,6.340996,-0.272775,0.014064,-0.104295
45428760.000,Miguel,recording,knock_twice_right,8,-0.392634,7.209438,6.616947,-0.345127,0.046540,-0.102340
45428770.000,Miguel,recording,knock_twice_right,8,-0.451928,7.196063,6.867277,-0.387563,0.047484,-0.093046
45428780.000,Miguel,recording,knock_twice_right,8,-0.454865,7.121623,7.112646,-0.407894,0.033388,-0.082595
45428790.000,Miguel,recording,knock_twice_right,8,-0.446222,7.028812,7.357784,-0.406627,0.028903,-0.069234
45428800.000,Miguel,recording,knock_twice_right,8,-0.421399,6.940764,7.571230,-0.381805,0.040713,-0.050941
45428810.000,Miguel,recording,knock_twice_right,8,-0.371915,6.852105,7.754635,-0.335337,0.056928,-0.029930
45428820.000,Miguel,recording,knock_twice_right,8,-0.258848,6.764878,7.868861,-0.269906,0.060051,-0.012743
45428830.000,Miguel,recording,knock_twice_right,8,-0.129422,6.709204,7.896004,-0.193169,0.038075,-0.006204
45428840.000,Miguel,recording,knock_twice_right,8,-0.077348,6.712119,7.853989,-0.112352,-0.004133,-0.014672
45428850.000,Miguel,recording,knock_twice_right,8,-0.132476,6.751162,7.792755,-0.033917,-0.047660,-0.030101
45428860.000,Miguel,recording,knock_twice_right,8,-0.244831,6.775038,7.687029,0.037865,-0.074572,-0.039105
45428870.000,Miguel,recording,knock_twice_right,8,-0.376816,6.778896,7.541169,0.100999,-0.082606,-0.037253
45428880.000,Miguel,recording,knock_twice_right,8,-0.502258,6.790956,7.366110,0.151815,-0.078712,-0.022475
45428890.000,Miguel,recording,knock_twice_right,8,-0.566541,6.823803,7.173280,0.189386,-0.073875,0.004518
45428900.000,Miguel,recording,knock_twice_right,8,-0.574196,6.864325,6.976831,0.215539,-0.076801,0.038225
45428910.000,Miguel,recording,knock_twice_right,8,-0.514186,6.906477,6.819185,0.231661,-0.088915,0.072186
45428920.000,Miguel,recording,knock_twice_right,8,-0.398882,6.938994,6.682416,0.236485,-0.104571,0.102201
45428930.000,Miguel,recording,knock_twice_right,8,-0.221113,6.959057,6.559944,0.229127,-0.115817,0.123090
45428940.000,Miguel,recording,knock_twice_right,8,-0.047879,6.940034,6.461607,0.207089,-0.117090,0.128064
45428950.000,Miguel,recording,knock_twice_right,8,0.038566,6.916474,6.422534,0.172373,-0.104240,0.119185
45428960.000,Miguel,recording,knock_twice_right,8,0.040394,6.906063,6.404286,0.132353,-0.077712,0.110398
45428970.000,Miguel,recording,knock_twice_right,8,0.005590,6.911008,6.401756,0.094501,-0.043279,0.110115
45428980.000,Miguel,recording,knock_twice_right,8,-0.013949,6.946682,6.435085,0.064442,-0.013936,0.117190
45428990.000,Miguel,recording,knock_twice_right,8,0.026777,7.051528,6.462207,0.043245,0.004170,0.126399
45429000.000,Miguel,recording,knock_twice_right,8,0.096178,7.125369,6.515264,0.031342,0.016624,0.130589
45429010.000,Miguel,recording,knock_twice_right,8,0.151124,7.125456,6.605256,0.029221,0.030450,0.131989
45429020.000,Miguel,recording,knock_twice_right,8,0.217606,7.112239,6.715390,0.036755,0.046770,0.134085
45429030.000,Miguel,recording,knock_twice_right,8,0.243215,7.113007,6.760746,0.049598,0.060440,0.130966
45429040.000,Miguel,recording,knock_twice_right,8,0.201354,7.134960,6.680785,0.053779,0.073865,0.118472
45429050.000,Miguel,recording,knock_twice_right,8,0.073427,7.160856,6.559497,0.030101,0.105166,0.102348
45429060.000,Miguel,recording,knock_twice_right,8,-0.016663,7.281418,6.498913,-0.042501,0.182434,0.084100
45429070.000,Miguel,recording,knock_twice_right,8,-0.006465,7.365640,6.652842,-0.142313,0.335181,0.070253
45429080.000,Miguel,recording,knock_twice_right,8,0.027019,7.212116,6.934391,-0.233846,0.563722,0.067902
45429090.000,Miguel,recording,knock_twice_right,8,0.076205,6.985280,7.240031,-0.308325,0.828071,0.068234
45429100.000,Miguel,recording,knock_twice_right,8,0.059858,6.977262,7.538244,-0.344960,1.075211,0.057593
45429110.000,Miguel,recording,knock_twice_right,8,0.003537,7.145639,7.740234,-0.317628,1.253182,0.018394
45429120.000,Miguel,recording,knock_twice_right,8,-0.051204,7.306391,7.702092,-0.228950,1.312968,-0.062564
45429130.000,Miguel,recording,knock_twice_right,8,-0.137382,7.439214,7.543140,-0.117050,1.219513,-0.180964
45429140.000,Miguel,recording,knock_twice_right,8,-0.277482,7.458158,7.488216,-0.018308,0.998784,-0.315642
45429150.000,Miguel,recording,knock_twice_right,8,-0.478901,7.127687,7.642957,0.076433,0.739750,-0.413665
45429160.000,Miguel,recording,knock_twice_right,8,-0.568080,6.655522,7.792947,0.183836,0.511202,-0.449172
45429170.000,Miguel,recording,knock_twice_right,8,-0.731266,6.415961,7.816172,0.334090,0.297242,-0.401072
45429180.000,Miguel,recording,knock_twice_right,8,-0.891664,6.896114,7.473050,0.454325,0.062987,-0.371517
45429190.000,Miguel,recording,knock_twice_right,8,-1.074548,7.155249,7.168833,0.553010,-0.137095,-0.397037
45429200.000,Miguel,recording,knock_twice_right,8,-1.350504,6.916216,6.865975,0.681992,-0.265200,-0.380064
45429210.000,Miguel,recording,knock_twice_right,8,-1.330013,7.082236,6.369469,0.720266,-0.324472,-0.369799
45429220.000,Miguel,recording,knock_twice_right,8,-1.266899,6.719862,6.087078,0.673372,-0.295541,-0.338343
45429230.000,Miguel,recording,knock_twice_right,8,-1.192200,6.499542,5.866931,0.567343,-0.168273,-0.271497
45429240.000,Miguel,recording,knock_twice_right,8,-1.136869,6.579890,5.644287,0.398721,0.067096,-0.217182
45429250.000,Miguel,recording,knock_twice_right,8,-1.213866,6.500066,5.647648,0.213416,0.349723,-0.149405
45429260.000,Miguel,recording,knock_twice_right,8,-1.281025,6.627397,5.786917,0.036037,0.573717,-0.059028
45429270.000,Miguel,recording,knock_twice_right,8,-1.344394,6.740743,5.940317,-0.115520,0.689664,0.042105
45429280.000,Miguel,recording,knock_twice_right,8,-1.417541,6.804949,6.139382,-0.224904,0.688809,0.138397
45429290.000,Miguel,recording,knock_twice_right,8,-1.464044,6.839610,6.369599,-0.275651,0.578295,0.226635
45429300.000,Miguel,recording,knock_twice_right,8,-1.497288,6.842993,6.632369,-0.262721,0.395926,0.308069
45429310.000,Miguel,recording,knock_twice_right,8,-1.491886,6.870777,6.893432,-0.192444,0.189951,0.387607
45429320.000,Miguel,recording,knock_twice_right,8,-1.381499,6.923973,7.077600,-0.073467,-0.011908,0.473485
45429330.000,Miguel,recording,knock_twice_right,8,-1.163688,6.980188,7.088715,0.071426,-0.198825,0.551287
45429340.000,Miguel,recording,knock_twice_right,8,-0.884674,7.012615,6.910927,0.209385,-0.366420,0.601144
45429350.000,Miguel,recording,knock_twice_right,8,-0.605959,7.082521,6.619360,0.315995,-0.502967,0.616550
45429360.000,Miguel,recording,knock_twice_right,8,-0.384244,7.278504,6.262681,0.373714,-0.596739,0.599518
45429370.000,Miguel,recording,knock_twice_right,8,-0.198137,7.502097,5.905429,0.370589,-0.640922,0.556555
45429380.000,Miguel,recording,knock_twice_right,8,-0.061543,7.611018,5.574453,0.307540,-0.633365,0.502753
45429390.000,Miguel,recording,knock_twice_right,8,0.062631,7.663702,5.370763,0.198658,-0.584930,0.457538
45429400.000,Miguel,recording,knock_twice_right,8,0.239626,7.671480,5.357876,0.065444,-0.521609,0.428784
45429410.000,Miguel,recording,knock_twice_right,8,0.484095,7.572378,5.501830,-0.068507,-0.457529,0.406352
45429420.000,Miguel,recording,knock_twice_right,8,0.765276,7.392522,5.801673,-0.179073,-0.379033,0.373501
45429430.000,Miguel,recording,knock_twice_right,8,0.994117,7.282501,6.211664,-0.250588,-0.270555,0.323469
45429440.000,Miguel,recording,knock_twice_right,8,1.073575,7.276727,6.535217,-0.280213,-0.139184,0.260605
45429450.000,Miguel,recording,knock_twice_right,8,1.008658,7.331872,6.710479,-0.273729,-0.016212,0.188398
45429460.000,Miguel,recording,knock_twice_right,8,0.813642,7.432912,6.782031,-0.244434,0.067415,0.113826
45429470.000,Miguel,recording,knock_twice_right,8,0.528846,7.515434,6.754333,-0.201651,0.096244,0.049780
45429480.000,Miguel,recording,knock_twice_right,8,0.224449,7.576058,6.734170,-0.152370,0.071377,0.003543
45429490.000,Miguel,recording,knock_twice_right,8,0.012040,7.603627,6.717181,-0.103526,0.007013,-0.021246
45429500.000,Miguel,recording,knock_twice_right,8,-0.103625,7.594224,6.689943,-0.057391,-0.076569,-0.027114
45429510.000,Miguel,recording,knock_twice_right,8,-0.144941,7.536321,6.658363,-0.016750,-0.160606,-0.021688
45429520.000,Miguel,recording,knock_twice_right,8,-0.140363,7.492213,6.664938,0.016613,-0.240060,-0.010666
45429530.000,Miguel,recording,knock_twice_right,8,-0.086643,7.464165,6.678233,0.043519,-0.317233,0.000486
45429540.000,Miguel,recording,knock_twice_right,8,-0.034085,7.415991,6.653992,0.060326,-0.381092,0.007639
45429550.000,Miguel,recording,knock_twice_right,8,0.025632,7.341073,6.649136,0.063249,-0.415786,0.008741
45429560.000,Miguel,recording,knock_twice_right,8,0.151406,7.282690,6.669787,0.053850,-0.412146,0.005445
45429570.000,Miguel,recording,knock_twice_right,8,0.271851,7.205290,6.709578,0.036814,-0.368551,-0.006778
45429580.000,Miguel,recording,knock_twice_right,8,0.324303,7.173195,6.738398,0.019417,-0.297687,-0.032401
45429590.000,Miguel,recording,knock_twice_right,8,0.280802,7.173876,6.755827,0.005623,-0.217980,-0.064882
45429600.000,Miguel,recording,knock_twice_right,8,0.169555,7.173023,6.776119,-0.005685,-0.148622,-0.094957
45429610.000,Miguel,recording,knock_twice_right,8,0.023100,7.172868,6.852777,-0.008857,-0.095833,-0.116805
45429620.000,Miguel,recording,knock_twice_right,8,-0.122562,7.163462,6.959710,0.004090,-0.054052,-0.126824
45429630.000,Miguel,recording,knock_twice_right,8,-0.257062,7.157828,6.989477,0.033151,-0.028598,-0.123196
45429640.000,Miguel,recording,knock_twice_right,8,-0.391815,7.166738,6.952152,0.072695,-0.028578,-0.108568
45429650.000,Miguel,recording,knock_twice_right,8,-0.460042,7.191171,6.862708,0.112540,-0.051051,-0.084416
45429660.000,Miguel,recording,knock_twice_right,8,-0.452969,7.203435,6.729728,0.144709,-0.087556,-0.053505
45429670.000,Miguel,recording,knock_twice_right,8,-0.400005,7.209905,6.620990,0.163693,-0.129579,-0.019139
45429680.000,Miguel,recording,knock_twice_right,8,-0.305833,7.179594,6.560559,0.166574,-0.164549,0.018767
45429690.000,Miguel,recording,knock_twice_right,8,-0.174793,7.114873,6.574268,0.161156,-0.183471,0.056028
45429700.000,Miguel,recording,knock_twice_right,8,-0.054217,7.065774,6.635505,0.156665,-0.188486,0.084316
45429710.000,Miguel,recording,knock_twice_right,8,0.053266,7.070787,6.698594,0.158180,-0.186446,0.098876
45429720.000,Miguel,recording,knock_twice_right,8,0.103437,7.137784,6.738349,0.172779,-0.177187,0.100845
45429730.000,Miguel,recording,knock_twice_right,8,0.094013,7.239030,6.706511,0.199735,-0.164891,0.092914
45429740.000,Miguel,recording,knock_twice_right,8,0.049843,7.365991,6.593612,0.230004,-0.160021,0.076199
45429750.000,Miguel,recording,knock_twice_right,8,0.008161,7.480067,6.455373,0.252919,-0.163002,0.057680
45429760.000,Miguel,recording,knock_twice_right,8,0.001680,7.539907,6.315136,0.260293,-0.164314,0.043726
45429770.000,Miguel,recording,knock_twice_right,8,-0.002411,7.547042,6.176573,0.249344,-0.156494,0.033885
45429780.000,Miguel,recording,knock_twice_right,8,-0.019429,7.512020,6.069563,0.220786,-0.140774,0.031975
45429790.000,Miguel,recording,knock_twice_right,8,-0.027134,7.441788,6.017814,0.176823,-0.120515,0.043290
45429800.000,Miguel,recording,knock_twice_right,8,0.020980,7.380055,6.058030,0.126714,-0.098694,0.065768
45429810.000,Miguel,recording,knock_twice_right,8,0.111448,7.346259,6.117420,0.081852,-0.075612,0.091363
45429820.000,Miguel,recording,knock_twice_right,8,0.235176,7.334990,6.158317,0.048879,-0.051393,0.108627
45429830.000,Miguel,recording,knock_twice_right,8,0.411411,7.365927,6.173849,0.029282,-0.034124,0.109901
45429840.000,Miguel,recording,knock_twice_right,8,0.560399,7.391905,6.183663,0.019329,-0.029413,0.092057
45429850.000,Miguel,recording,knock_twice_right,8,0.622831,7.366809,6.163663,0.013693,-0.030638,0.056279
45429860.000,Miguel,recording,knock_twice_right,8,0.598685,7.366968,6.146446,0.009510,-0.028118,0.014544
45429870.000,Miguel,recording,knock_twice_right,8,0.475727,7.399001,6.117946,0.002809,-0.020218,-0.020609
45429880.000,Miguel,recording,knock_twice_right,8,0.309256,7.395682,6.098878,-0.011740,-0.009455,-0.043636
45429890.000,Miguel,recording,knock_twice_right,8,0.149042,7.350323,6.127237,-0.031513,0.006819,-0.049182
45429900.000,Miguel,recording,knock_twice_right,8,0.020998,7.318500,6.189082,-0.045119,0.030080,-0.033099
45429910.000,Miguel,recording,knock_twice_right,8,-0.026147,7.285008,6.261950,-0.045499,0.049484,-0.002674
45429920.000,Miguel,recording,knock_twice_right,8,0.002668,7.299047,6.293475,-0.031329,0.048617,0.031822
45429930.000,Miguel,recording,knock_twice_right,8,0.098736,7.332259,6.272425,-0.008878,0.017462,0.061781
45429940.000,Miguel,recording,knock_twice_right,8,0.236793,7.366594,6.212014,0.010477,-0.037261,0.078635
45429950.000,Miguel,recording,knock_twice_right,8,0.346962,7.405533,6.131451,0.019814,-0.092877,0.083113
45429960.000,Miguel,recording,knock_twice_right,8,0.411313,7.449233,6.072591,0.014976,-0.129185,0.082089
45429970.000,Miguel,recording,knock_twice_right,8,0.476899,7.511052,6.078015,-0.005079,-0.138675,0.079450
45429980.000,Miguel,recording,knock_twice_right,8,0.542043,7.539995,6.098955,-0.037736,-0.123560,0.071840
45429990.000,Miguel,recording,knock_twice_right,8,0.596326,7.522214,6.156821,-0.078124,-0.091033,0.057168
45430000.000,Miguel,recording,knock_twice_right,8,0.603328,7.493446,6.279305,-0.117079,-0.047586,0.040452
45430010.000,Miguel,recording,knock_twice_right,8,0.583648,7.460125,6.413936,-0.143282,0.001638,0.027236
45430020.000,Miguel,recording,knock_twice_right,8,0.580437,7.420877,6.498827,-0.151696,0.040877,0.016469
45430030.000,Miguel,recording,knock_twice_right,8,0.538945,7.418829,6.538916,-0.146100,0.048875,0.004574
45430040.000,Miguel,recording,knock_twice_right,8,0.477918,7.452786,6.566092,-0.131261,0.023829,-0.009689
45430050.000,Miguel,recording,knock_twice_right,8,0.423355,7.461535,6.587028,-0.110747,-0.018153,-0.023744
45430060.000,Miguel,recording,knock_twice_right,8,0.392916,7.444764,6.634245,-0.085707,-0.053845,-0.033332
45430070.000,Miguel,recording,knock_twice_right,8,0.367687,7.413704,6.647659,-0.056625,-0.065038,-0.036707
45430080.000,Miguel,recording,knock_twice_right,8,0.379510,7.383285,6.623332,-0.029564,-0.055908,-0.034962
45430090.000,Miguel,recording,knock_twice_right,8,0.419826,7.350706,6.604871,-0.008341,-0.043249,-0.033574
45430100.000,Miguel,recording,knock_twice_right,8,0.438512,7.334144,6.601890,0.010076,-0.037928,-0.035169
45430110.000,Miguel,recording,knock_twice_right,8,0.397999,7.329006,6.623257,0.029531,-0.039770,-0.038331
45430120.000,Miguel,recording,knock_twice_right,8,0.346861,7.331693,6.596785,0.049438,-0.043999,-0.038431
45430130.000,Miguel,recording,knock_twice_right,8,0.304572,7.354052,6.518057,0.065522,-0.047967,-0.034740
45430140.000,Miguel,recording,knock_twice_right,8,0.272810,7.401862,6.395265,0.069749,-0.050545,-0.031295
45430150.000,Miguel,recording,knock_twice_right,8,0.241942,7.423781,6.261530,0.057523,-0.050392,-0.030472
45430160.000,Miguel,recording,knock_twice_right,8,0.197492,7.425200,6.152511,0.027503,-0.043499,-0.029225
45430170.000,Miguel,recording,knock_twice_right,8,0.168134,7.423539,6.110322,-0.016440,-0.026328,-0.023456
45430180.000,Miguel,recording,knock_twice_right,8,0.145928,7.400823,6.155675,-0.060323,0.002902,-0.014805
45430190.000,Miguel,recording,knock_twice_right,8,0.178276,7.344293,6.223373,-0.093876,0.037218,-0.006198
45430200.000,Miguel,recording,knock_twice_right,8,0.218347,7.288056,6.293352,-0.115587,0.060610,-0.001064
45430210.000,Miguel,recording,knock_twice_right,8,0.253656,7.275735,6.391679,-0.126748,0.064745,0.001057
45430220.000,Miguel,recording,knock_twice_right,8,0.300622,7.258317,6.490456,-0.130101,0.052411,0.001920
45430230.000,Miguel,recording,knock_twice_right,8,0.320151,7.236472,6.564793,-0.122782,0.031330,0.002587
45430240.000,Miguel,recording,knock_twice_right,8,0.332151,7.244432,6.595106,-0.105703,0.008806,0.004396
45430250.000,Miguel,recording,knock_twice_right,8,0.338460,7.282877,6.603156,-0.087331,-0.012068,0.008570
45430260.000,Miguel,recording,knock_twice_right,8,0.366934,7.308996,6.610723,-0.070661,-0.025437,0.012828
45430270.000,Miguel,recording,knock_twice_right,8,0.401867,7.319142,6.594294,-0.052866,-0.024495,0.014915
45430280.000,Miguel,recording,knock_twice_right,8,0.426449,7.335450,6.549589,-0.033644,-0.017170,0.014530
45430290.000,Miguel,recording,knock_twice_right,8,0.447537,7.349572,6.516740,-0.018154,-0.015598,0.010641
45430300.000,Miguel,recording,knock_twice_right,8,0.476425,7.356440,6.489263,-0.011991,-0.021483,0.003414
45430310.000,Miguel,recording,knock_twice_right,8,0.498396,7.352461,6.487252,-0.012894,-0.024941,-0.007044
45430320.000,Miguel,recording,knock_twice_right,8,0.502549,7.343427,6.484377,-0.017360,-0.016464,-0.019192
45430330.000,Miguel,recording,knock_twice_right,8,0.452417,7.335937,6.480189,-0.024821,0.000468,-0.030793
45430340.000,Miguel,recording,knock_twice_right,8,0.333965,7.321927,6.461135,-0.033540,0.017539,-0.039989
45430350.000,Miguel,recording,knock_twice_right,8,0.208657,7.300234,6.418427,-0.042472,0.032112,-0.042878
45430360.000,Miguel,recording,knock_twice_right,8,0.107923,7.269200,6.382127,-0.051152,0.044070,-0.036935
45430370.000,Miguel,recording,knock_twice_right,8,0.104010,7.243656,6.366614,-0.060356,0.052468,-0.023852
45430380.000,Miguel,recording,knock_twice_right,8,0.179784,7.235424,6.389032,-0.066392,0.056571,-0.009032
45430390.000,Miguel,recording,knock_twice_right,8,0.278281,7.202805,6.444365,-0.066104,0.050841,0.000265
45430400.000,Miguel,recording,knock_twice_right,8,0.363163,7.208075,6.488402,-0.063155,0.028565,0.001343
45430410.000,Miguel,recording,knock_twice_right,8,0.386838,7.212938,6.539759,-0.054769,-0.003166,-0.005374
45430420.000,Miguel,recording,knock_twice_right,8,0.347209,7.192936,6.586906,-0.039158,-0.025515,-0.015054
45430430.000,Miguel,recording,knock_twice_right,8,0.275727,7.207271,6.612180,-0.022970,-0.029543,-0.017596
45430440.000,Miguel,recording,knock_twice_right,8,0.225754,7.231130,6.595823,-0.010619,-0.023344,-0.010260
45430450.000,Miguel,recording,knock_twice_right,8,0.197372,7.256960,6.559371,-0.003615,-0.012631,0.000613
45430460.000,Miguel,recording,knock_twice_right,8,0.213815,7.303559,6.514406,-0.001644,0.001164,0.010154
45430470.000,Miguel,recording,knock_twice_right,8,0.248223,7.350995,6.473833,-0.005195,0.012543,0.017239
45430480.000,Miguel,recording,knock_twice_right,8,0.319330,7.378111,6.438437,-0.013220,0.016981,0.022050
45430490.000,Miguel,recording,knock_twice_right,8,0.427687,7.375982,6.427793,-0.023438,0.012608,0.020012
45430500.000,Miguel,recording,knock_twice_right,8,0.519704,7.346153,6.476196,-0.031752,0.002343,0.007043
45430510.000,Miguel,recording,knock_twice_right,8,0.567082,7.323512,6.556962,-0.034606,-0.006008,-0.013605
45430520.000,Miguel,recording,knock_twice_right,8,0.531046,7.285075,6.646159,-0.030184,-0.005495,-0.035640
45430530.000,Miguel,recording,knock_twice_right,8,0.475770,7.235356,6.714086,-0.018380,0.009324,-0.051991
45430540.000,Miguel,recording,knock_twice_right,8,0.473418,7.232889,6.758317,-0.001604,0.032352,-0.057881
45430550.000,Miguel,recording,knock_twice_right,8,0.486255,7.232796,6.804897,0.022453,0.049821,-0.058698
45430560.000,Miguel,recording,knock_twice_right,8,0.489763,7.177802,6.784934,0.056405,0.056469,-0.063961
45430570.000,Miguel,recording,knock_twice_right,8,0.411066,7.089585,6.633443,0.097005,0.057610,-0.070840
45430580.000,Miguel,recording,knock_twice_right,8,0.013281,6.974211,6.248144,0.134801,0.094845,-0.080846
45430590.000,Miguel,recording,knock_twice_right,8,-0.543752,7.149340,5.803122,0.131458,0.163011,-0.064660
45430600.000,Miguel,recording,knock_twice_right,8,-0.588397,7.501300,5.570467,0.049302,0.194633,0.006642
45430610.000,Miguel,recording,knock_twice_right,8,-0.273771,7.524794,5.516554,-0.088135,0.171711,0.085554
45430620.000,Miguel,recording,knock_twice_right,8,0.275305,7.359748,5.752929,-0.220750,0.118035,0.113129
45430630.000,Miguel,recording,knock_twice_right,8,0.706298,7.252683,6.203324,-0.301011,0.047039,0.083126
45430640.000,Miguel,recording,knock_twice_right,8,0.804027,7.144829,6.652955,-0.314418,-0.040363,0.022124
45430650.000,Miguel,recording,knock_twice_right,8,0.815474,6.933224,6.939154,-0.275572,-0.128149,-0.055929
45430660.000,Miguel,recording,knock_twice_right,8,0.505130,6.969967,6.943346,-0.207194,-0.172077,-0.118809
45430670.000,Miguel,recording,knock_twice_right,8,0.013505,7.158686,6.731791,-0.144269,-0.166603,-0.124301
45430680.000,Miguel,recording,knock_twice_right,8,-0.231596,7.211333,6.551809,-0.119182,-0.158315,-0.072935
45430690.000,Miguel,recording,knock_twice_right,8,-0.146440,7.254340,6.577249,-0.131879,-0.162862,0.005017
45430700.000,Miguel,recording,knock_twice_right,8,0.244244,7.374336,6.858950,-0.153285,-0.146961,0.071335
45430710.000,Miguel,recording,knock_twice_right,8,0.727998,7.340453,7.191725,-0.136378,-0.069310,0.088812
45430720.000,Miguel,recording,knock_twice_right,8,1.038287,7.195439,7.385876,-0.073295,0.033325,0.045955
45430730.000,Miguel,recording,knock_twice_right,8,1.060203,7.115543,7.404533,0.000229,0.088013,-0.028493
45430740.000,Miguel,recording,knock_twice_right,8,0.738704,7.031436,7.259175,0.068534,0.099681,-0.103254
45430750.000,Miguel,recording,knock_twice_right,8,-0.052057,6.929976,6.953325,0.127426,0.125237,-0.148501
45430760.000,Miguel,recording,knock_twice_right,8,-0.736566,7.153850,6.688359,0.156664,0.156178,-0.115897
45430770.000,Miguel,recording,knock_twice_right,8,-0.866439,7.452306,6.494486,0.143630,0.140134,-0.008492
45430780.000,Miguel,recording,knock_twice_right,8,-0.379332,7.382461,6.417584,0.105650,0.064976,0.095296
45430790.000,Miguel,recording,knock_twice_right,8,0.283023,7.206695,6.481962,0.075286,-0.049262,0.134741
45430800.000,Miguel,recording,knock_twice_right,8,0.692582,7.214950,6.625045,0.070973,-0.160264,0.113917
45430810.000,Miguel,recording,knock_twice_right,8,0.873692,7.272681,6.669033,0.083938,-0.228389,0.064489
45430820.000,Miguel,recording,knock_twice_right,8,0.857212,7.238736,6.562706,0.093221,-0.236798,0.008279
45430830.000,Miguel,recording,knock_twice_right,8,0.670674,7.156887,6.448102,0.083170,-0.198996,-0.041599
45430840.000,Miguel,recording,knock_twice_right,8,0.426339,7.115267,6.347550,0.053434,-0.132353,-0.069578
45430850.000,Miguel,recording,knock_twice_right,8,0.225265,7.198311,6.283054,0.012659,-0.052865,-0.064110
45430860.000,Miguel,recording,knock_twice_right,8,0.152410,7.295326,6.271943,-0.032645,0.009629,-0.036480
45430870.000,Miguel,recording,knock_twice_right,8,0.228329,7.296169,6.333988,-0.070538,0.038139,-0.012038
45430880.000,Miguel,recording,knock_twice_right,8,0.329907,7.221519,6.433775,-0.090682,0.041771,-0.007998
45430890.000,Miguel,recording,knock_twice_right,8,0.365833,7.174563,6.501375,-0.095585,0.033186,-0.019788
45430900.000,Miguel,recording,knock_twice_right,8,0.352141,7.172474,6.541682,-0.092551,0.019585,-0.034140
45430910.000,Miguel,recording,knock_twice_right,8,0.311544,7.144475,6.560006,-0.088126,0.007662,-0.045735
45430920.000,Miguel,recording,knock_twice_right,8,0.252328,7.109224,6.565735,-0.084718,0.001759,-0.051801
45430930.000,Miguel,recording,knock_twice_right,8,0.164239,7.073814,6.582641,-0.079264,-0.000342,-0.049052
45430940.000,Miguel,recording,knock_twice_right,8,0.119735,7.064194,6.619264,-0.073253,-0.008931,-0.034837
45430950.000,Miguel,recording,knock_twice_right,8,0.140972,7.069468,6.689163,-0.069505,-0.024957,-0.014864
45430960.000,Miguel,recording,knock_twice_right,8,0.194435,7.058644,6.739035,-0.061754,-0.032965,-0.001186
45430970.000,Miguel,recording,knock_twice_right,8,0.216833,7.064189,6.742063,-0.045490,-0.023895,0.002922
45430980.000,Miguel,recording,knock_twice_right,8,0.179331,7.098202,6.720215,-0.024690,-0.008505,0.003652
45430990.000,Miguel,recording,knock_twice_right,8,0.210197,7.163706,6.707562,-0.009747,-0.012510,0.008862
45431000.000,Miguel,recording,knock_twice_right,8,0.343950,7.204379,6.735405,-0.006622,-0.036311,0.013262
45431010.000,Miguel,recording,knock_twice_right,8,0.471628,7.183817,6.774945,-0.005725,-0.047082,0.004275
45431020.000,Miguel,recording,knock_twice_right,8,0.456914,7.151553,6.769644,-0.001041,-0.029828,-0.014121
45431030.000,Miguel,recording,knock_twice_right,8,0.296580,7.166469,6.750092,0.004032,-0.000111,-0.026555
45431040.000,Miguel,recording,knock_twice_right,8,0.152108,7.195119,6.744636,0.006171,0.021430,-0.025236
45431050.000,Miguel,recording,knock_twice_right,8,0.105585,7.190240,6.732772,0.004880,0.030690,-0.014040
45431060.000,Miguel,recording,knock_twice_right,8,0.110524,7.148802,6.683968,0.004613,0.031986,-0.000916
45431070.000,Miguel,recording,knock_twice_right,8,0.086340,7.129814,6.637755,0.006368,0.028761,0.011697
45431080.000,Miguel,recording,knock_twice_right,8,0.082815,7.150098,6.656417,0.011448,0.018095,0.026879
45431090.000,Miguel,recording,knock_twice_right,8,0.184696,7.193869,6.720873,0.023503,-0.005906,0.040064
45431100.000,Miguel,recording,knock_twice_right,8,0.369798,7.189620,6.808593,0.044061,-0.034029,0.040933
45431110.000,Miguel,recording,knock_twice_right,8,0.482578,7.126063,6.818858,0.072865,-0.047379,0.027595
45431120.000,Miguel,recording,knock_twice_right,8,0.468168,7.122865,6.733421,0.100778,-0.045442,0.013229
45431130.000,Miguel,recording,knock_twice_right,8,0.416233,7.180416,6.600896,0.113694,-0.043567,0.007804
45431140.000,Miguel,recording,knock_twice_right,8,0.430506,7.225185,6.520624,0.105696,-0.051135,0.006227
45431150.000,Miguel,recording,knock_twice_right,8,0.499252,7.239105,6.530948,0.089796,-0.055620,0.000059
45431160.000,Miguel,recording,knock_twice_right,8,0.493931,7.217267,6.565657,0.083363,-0.038617,-0.013403
45431170.000,Miguel,recording,knock_twice_right,8,0.368185,7.199016,6.543116,0.085696,-0.012137,-0.025906
45431180.000,Miguel,recording,knock_twice_right,8,0.181627,7.214558,6.476379,0.085526,0.001505,-0.027735
45431190.000,Miguel,recording,knock_twice_right,8,0.043862,7.238680,6.379172,0.075828,-0.000596,-0.019135
45431200.000,Miguel,recording,knock_twice_right,8,0.009502,7.260501,6.334356,0.058702,-0.009039,-0.003074
45431210.000,Miguel,recording,knock_twice_right,8,0.087629,7.253069,6.371100,0.039098,-0.011386,0.017004
45431220.000,Miguel,recording,knock_twice_right,8,0.261869,7.204730,6.383499,0.020044,-0.002440,0.031026
45431230.000,Miguel,recording,knock_twice_right,8,0.408630,7.175895,6.375285,0.001533,0.013766,0.031585
45431240.000,Miguel,recording,knock_twice_right,8,0.474570,7.185074,6.359610,-0.020729,0.027128,0.020274
45431250.000,Miguel,recording,knock_twice_right,8,0.455174,7.168135,6.357092,-0.046795,0.033316,0.003678
45431260.000,Miguel,recording,knock_twice_right,8,0.391936,7.123605,6.432702,-0.068581,0.034603,-0.007949
45431270.000,Miguel,recording,knock_twice_right,8,0.394516,7.101104,6.575555,-0.078908,0.032644,-0.010305
45431280.000,Miguel,recording,knock_twice_right,8,0.436727,7.099376,6.681264,-0.074176,0.033030,-0.012145
45431290.000,Miguel,recording,knock_twice_right,8,0.436130,7.150230,6.737858,-0.056909,0.038458,-0.018781
45431300.000,Miguel,recording,knock_twice_right,8,0.382532,7.227058,6.769064,-0.030703,0.036452,-0.024697
45431310.000,Miguel,recording,knock_twice_right,8,0.305136,7.256991,6.754316,0.000748,0.017621,-0.027793
45431320.000,Miguel,recording,knock_twice_right,8,0.234082,7.260876,6.715039,0.029448,-0.013287,-0.026590
45431330.000,Miguel,recording,knock_twice_right,8,0.268340,7.249832,6.696146,0.050718,-0.038403,-0.018633
45431340.000,Miguel,recording,knock_twice_right,8,0.379679,7.221727,6.636581,0.060199,-0.041468,-0.011525
45431350.000,Miguel,recording,knock_twice_right,8,0.465277,7.223420,6.548081,0.053551,-0.031436,-0.010097
45431360.000,Miguel,recording,knock_twice_right,8,0.464510,7.265528,6.492608,0.033629,-0.021856,-0.013575
45431370.000,Miguel,recording,knock_twice_right,8,0.406146,7.313836,6.508894,0.008769,-0.014138,-0.020332
45431380.000,Miguel,recording,knock_twice_right,8,0.357148,7.312339,6.551528,-0.010942,-0.002578,-0.025652
45431390.000,Miguel,recording,knock_twice_right,8,0.341014,7.277366,6.596077,-0.022576,0.017747,-0.026958
45431400.000,Miguel,recording,knock_twice_right,8,0.348848,7.239771,6.625176,-0.024282,0.040271,-0.025923
45431410.000,Miguel,recording,knock_twice_right,8,0.347179,7.197023,6.665546,-0.011936,0.044155,-0.025764
45431420.000,Miguel,recording,knock_twice_right,8,0.353343,7.187120,6.665704,0.010665,0.013783,-0.026650
45431430.000,Miguel,recording,knock_twice_right,9,0.382851,7.173829,6.667130,0.034760,-0.040347,-0.028258
45431440.000,Miguel,recording,knock_twice_right,9,0.467968,7.158322,6.715333,0.055375,-0.085811,-0.033882
45431450.000,Miguel,recording,knock_twice_right,9,0.529607,7.145344,6.727408,0.073576,-0.094299,-0.047726
45431460.000,Miguel,recording,knock_twice_right,9,0.505675,7.159125,6.661373,0.088001,-0.065362,-0.066271
45431470.000,Miguel,recording,knock_twice_right,9,0.386125,7.204912,6.579371,0.094313,-0.024170,-0.080569
45431480.000,Miguel,recording,knock_twice_right,9,0.241626,7.222622,6.508769,0.091021,0.007726,-0.086536
45431490.000,Miguel,recording,knock_twice_right,9,0.141261,7.187800,6.465381,0.084915,0.028736,-0.084639
45431500.000,Miguel,recording,knock_twice_right,9,0.092869,7.155385,6.408841,0.079865,0.039318,-0.075417
45431510.000,Miguel,recording,knock_twice_right,9,0.080078,7.141847,6.350753,0.071573,0.033754,-0.062523
45431520.000,Miguel,recording,knock_twice_right,9,0.028286,7.158793,6.314427,0.063111,0.012744,-0.052769
45431530.000,Miguel,recording,knock_twice_right,9,-0.035129,7.196174,6.332454,0.056475,-0.021525,-0.044056
45431540.000,Miguel,recording,knock_twice_right,9,-0.030350,7.225648,6.364783,0.047843,-0.053330,-0.031450
45431550.000,Miguel,recording,knock_twice_right,9,0.045186,7.220855,6.366253,0.035237,-0.059231,-0.019035
45431560.000,Miguel,recording,knock_twice_right,9,0.122195,7.211648,6.363550,0.018480,-0.037973,-0.011651
45431570.000,Miguel,recording,knock_twice_right,9,0.138404,7.235467,6.387360,-0.001867,-0.011815,-0.007997
45431580.000,Miguel,recording,knock_twice_right,9,0.162987,7.248729,6.420473,-0.021552,0.001939,-0.003701
45431590.000,Miguel,recording,knock_twice_right,9,0.257917,7.215604,6.491434,-0.036298,0.009464,0.000250
45431600.000,Miguel,recording,knock_twice_right,9,0.351825,7.173741,6.557265,-0.042736,0.019993,-0.000557
45431610.000,Miguel,recording,knock_twice_right,9,0.358417,7.186527,6.588434,-0.041361,0.031545,-0.004952
45431620.000,Miguel,recording,knock_twice_right,9,0.283495,7.223946,6.607370,-0.033278,0.035150,-0.008070
45431630.000,Miguel,recording,knock_twice_right,9,0.199807,7.265100,6.595727,-0.019023,0.026075,-0.009979
45431640.000,Miguel,recording,knock_twice_right,9,0.175358,7.300322,6.575053,-0.004334,0.009183,-0.012309
45431650.000,Miguel,recording,knock_twice_right,9,0.199002,7.311472,6.549154,0.007370,-0.005049,-0.015776
45431660.000,Miguel,recording,knock_twice_right,9,0.217875,7.313568,6.510835,0.013490,-0.008230,-0.019386
45431670.000,Miguel,recording,knock_twice_right,9,0.207633,7.320549,6.476919,0.010759,-0.003897,-0.020913
45431680.000,Miguel,recording,knock_twice_right,9,0.174533,7.317246,6.470956,0.001502,-0.001395,-0.021833
45431690.000,Miguel,recording,knock_twice_right,9,0.145449,7.257469,6.496451,-0.008606,-0.000062,-0.021612
45431700.000,Miguel,recording,knock_twice_right,9,0.126869,7.196453,6.527959,-0.015019,0.006974,-0.018410
45431710.000,Miguel,recording,knock_twice_right,9,0.137100,7.185037,6.549266,-0.016432,0.022027,-0.012087
45431720.000,Miguel,recording,knock_twice_right,9,0.139641,7.183913,6.531181,-0.013894,0.036135,-0.004160
45431730.000,Miguel,recording,knock_twice_right,9,0.088223,7.184329,6.516199,-0.007857,0.035861,0.003183
45431740.000,Miguel,recording,knock_twice_right,9,0.051120,7.192581,6.509631,0.000884,0.018618,0.013368
45431750.000,Miguel,recording,knock_twice_right,9,0.078971,7.207915,6.494179,0.008586,-0.008531,0.029716
45431760.000,Miguel,recording,knock_twice_right,9,0.181220,7.245607,6.488991,0.012112,-0.037315,0.046516
45431770.000,Miguel,recording,knock_twice_right,9,0.300969,7.276660,6.520585,0.012319,-0.059909,0.053888
45431780.000,Miguel,recording,knock_twice_right,9,0.386914,7.278068,6.599431,0.015792,-0.068696,0.048839
45431790.000,Miguel,recording,knock_twice_right,9,0.433115,7.282778,6.648834,0.024994,-0.059281,0.036729
45431800.000,Miguel,recording,knock_twice_right,9,0.476921,7.308296,6.611135,0.032929,-0.033233,0.019229
45431810.000,Miguel,recording,knock_twice_right,9,0.502531,7.323725,6.527523,0.033758,0.003788,-0.005457
45431820.000,Miguel,recording,knock_twice_right,9,0.426703,7.290046,6.454059,0.027875,0.034863,-0.030704
45431830.000,Miguel,recording,knock_twice_right,9,0.269920,7.244904,6.421037,0.019152,0.038885,-0.046558
45431840.000,Miguel,recording,knock_twice_right,9,0.131229,7.225832,6.448164,0.010527,0.016203,-0.049410
45431850.000,Miguel,recording,knock_twice_right,9,0.058995,7.228755,6.476273,0.005068,-0.012361,-0.039360
45431860.000,Miguel,recording,knock_twice_right,9,0.042398,7.222682,6.502920,0.003418,-0.025942,-0.022977
45431870.000,Miguel,recording,knock_twice_right,9,0.062451,7.204510,6.530208,0.003386,-0.021924,-0.006790
45431880.000,Miguel,recording,knock_twice_right,9,0.133844,7.182139,6.542552,0.002446,-0.008022,0.009252
45431890.000,Miguel,recording,knock_twice_right,9,0.221323,7.165822,6.529318,0.002050,0.014251,0.021240
45431900.000,Miguel,recording,knock_twice_right,9,0.311673,7.184006,6.493383,0.002504,0.036338,0.025006
45431910.000,Miguel,recording,knock_twice_right,9,0.380403,7.219688,6.439450,0.001163,0.040039,0.020636
45431920.000,Miguel,recording,knock_twice_right,9,0.346863,7.259590,6.396192,-0.004968,0.022261,0.010696
45431930.000,Miguel,recording,knock_twice_right,9,0.270880,7.310709,6.429819,-0.014703,0.003185,0.003070
45431940.000,Miguel,recording,knock_twice_right,9,0.239297,7.347376,6.453659,-0.022820,0.004451,0.000521
45431950.000,Miguel,recording,knock_twice_right,9,0.226288,7.354868,6.433025,-0.030850,0.022469,-0.002042
45431960.000,Miguel,recording,knock_twice_right,9,0.173769,7.366144,6.431524,-0.042877,0.037598,-0.002180
45431970.000,Miguel,recording,knock_twice_right,9,0.111242,7.341762,6.453180,-0.056615,0.040507,0.003323
45431980.000,Miguel,recording,knock_twice_right,9,0.129683,7.281880,6.505147,-0.067941,0.035126,0.013404
45431990.000,Miguel,recording,knock_twice_right,9,0.269095,7.226597,6.571455,-0.072685,0.032174,0.026024
45432000.000,Miguel,recording,knock_twice_right,9,0.423207,7.189116,6.609822,-0.071208,0.032200,0.031037
45432010.000,Miguel,recording,knock_twice_right,9,0.476068,7.203614,6.612383,-0.067123,0.026680,0.019769
45432020.000,Miguel,recording,knock_twice_right,9,0.403404,7.269396,6.621935,-0.059841,0.013487,0.001308
45432030.000,Miguel,recording,knock_twice_right,9,0.314300,7.304251,6.666340,-0.045930,0.005417,-0.011742
45432040.000,Miguel,recording,knock_twice_right,9,0.287079,7.287739,6.694841,-0.024273,0.014142,-0.018401
45432050.000,Miguel,recording,knock_twice_right,9,0.271019,7.304222,6.663314,-0.003378,0.026296,-0.022382
45432060.000,Miguel,recording,knock_twice_right,9,0.228739,7.344579,6.617498,0.009068,0.022444,-0.022787
45432070.000,Miguel,recording,knock_twice_right,9,0.172755,7.326750,6.615246,0.016380,0.003075,-0.019221
45432080.000,Miguel,recording,knock_twice_right,9,0.130994,7.270376,6.630864,0.024648,-0.015997,-0.012120
45432090.000,Miguel,recording,knock_twice_right,9,0.168832,7.237889,6.612042,0.034631,-0.021825,-0.002314
45432100.000,Miguel,recording,knock_twice_right,9,0.217098,7.190706,6.566889,0.042837,-0.014879,0.004897
45432110.000,Miguel,recording,knock_twice_right,9,0.237952,7.181043,6.509254,0.047193,-0.006594,0.006360
45432120.000,Miguel,recording,knock_twice_right,9,0.226209,7.204876,6.449767,0.046819,-0.004970,0.004764
45432130.000,Miguel,recording,knock_twice_right,9,0.240543,7.258053,6.413273,0.041066,-0.007435,0.002508
45432140.000,Miguel,recording,knock_twice_right,9,0.281733,7.286132,6.385690,0.029629,-0.011282,-0.003368
45432150.000,Miguel,recording,knock_twice_right,9,0.269680,7.280536,6.403897,0.013357,-0.014456,-0.012362
45432160.000,Miguel,recording,knock_twice_right,9,0.207061,7.267074,6.457859,-0.000912,-0.011769,-0.018942
45432170.000,Miguel,recording,knock_twice_right,9,0.138990,7.248896,6.499923,-0.008743,-0.000087,-0.019504
45432180.000,Miguel,recording,knock_twice_right,9,0.104133,7.231255,6.504543,-0.012269,0.017559,-0.015051
45432190.000,Miguel,recording,knock_twice_right,9,0.094105,7.209187,6.497044,-0.014032,0.028420,-0.007282
45432200.000,Miguel,recording,knock_twice_right,9,0.129837,7.190790,6.503884,-0.014119,0.026111,0.002794
45432210.000,Miguel,recording,knock_twice_right,9,0.216834,7.189610,6.514841,-0.011367,0.015750,0.010763
45432220.000,Miguel,recording,knock_twice_right,9,0.323694,7.206832,6.520465,-0.008643,-0.001322,0.010994
45432230.000,Miguel,recording,knock_twice_right,9,0.376196,7.220512,6.536490,-0.010296,-0.019676,0.001115
45432240.000,Miguel,recording,knock_twice_right,9,0.333794,7.236767,6.567056,-0.013803,-0.026448,-0.011435
45432250.000,Miguel,recording,knock_twice_right,9,0.241858,7.253857,6.582755,-0.015277,-0.012803,-0.018583
45432260.000,Miguel,recording,knock_twice_right,9,0.151257,7.252862,6.561128,-0.014042,0.013794,-0.019360
45432270.000,Miguel,recording,knock_twice_right,9,0.087490,7.234020,6.527313,-0.013177,0.033407,-0.012535
45432280.000,Miguel,recording,knock_twice_right,9,0.050290,7.197862,6.526493,-0.012510,0.034764,0.001215
45432290.000,Miguel,recording,knock_twice_right,9,0.096720,7.169990,6.529377,-0.007590,0.020955,0.016612
45432300.000,Miguel,recording,knock_twice_right,9,0.179525,7.162870,6.512351,0.000051,0.002664,0.024024
45432310.000,Miguel,recording,knock_twice_right,9,0.208188,7.157122,6.461424,0.006073,-0.014296,0.019626
45432320.000,Miguel,recording,knock_twice_right,9,0.141436,7.163187,6.414551,0.005786,-0.026028,0.013051
45432330.000,Miguel,recording,knock_twice_right,9,0.074040,7.183104,6.394892,-0.003948,-0.026267,0.014607
45432340.000,Miguel,recording,knock_twice_right,9,0.114818,7.195421,6.417409,-0.018017,-0.016079,0.024284
45432350.000,Miguel,recording,knock_twice_right,9,0.242624,7.212039,6.447521,-0.032291,-0.005216,0.031512
45432360.000,Miguel,recording,knock_twice_right,9,0.342511,7.233086,6.505125,-0.046619,-0.002821,0.029267
45432370.000,Miguel,recording,knock_twice_right,9,0.362926,7.245514,6.577263,-0.055410,-0.005596,0.021131
45432380.000,Miguel,recording,knock_twice_right,9,0.347421,7.273378,6.651070,-0.055349,-0.004031,0.012414
45432390.000,Miguel,recording,knock_twice_right,9,0.329938,7.290393,6.718993,-0.046267,0.004687,0.006594
45432400.000,Miguel,recording,knock_twice_right,9,0.300851,7.270138,6.730197,-0.030025,0.016459,0.001706
45432410.000,Miguel,recording,knock_twice_right,9,0.245270,7.263389,6.681212,-0.013260,0.021096,-0.001864
45432420.000,Miguel,recording,knock_twice_right,9,0.178512,7.290657,6.621846,-0.001907,0.012470,-0.001202
45432430.000,Miguel,recording,knock_twice_right,9,0.164750,7.322671,6.622864,0.004034,-0.005764,0.003429
45432440.000,Miguel,recording,knock_twice_right,9,0.232440,7.308478,6.630851,0.006786,-0.023717,0.010979
45432450.000,Miguel,recording,knock_twice_right,9,0.303622,7.283781,6.638320,0.007303,-0.032769,0.015101
45432460.000,Miguel,recording,knock_twice_right,9,0.316513,7.243130,6.659999,0.008116,-0.032781,0.014005
45432470.000,Miguel,recording,knock_twice_right,9,0.280549,7.220448,6.692672,0.011860,-0.028692,0.014425
45432480.000,Miguel,recording,knock_twice_right,9,0.293314,7.198209,6.724627,0.022109,-0.022623,0.016793
45432490.000,Miguel,recording,knock_twice_right,9,0.317923,7.179463,6.714884,0.042545,-0.012942,0.014706
45432500.000,Miguel,recording,knock_twice_right,9,0.288948,7.202354,6.652450,0.068817,-0.011014,0.009156
45432510.000,Miguel,recording,knock_twice_right,9,0.243462,7.245990,6.543965,0.088540,-0.030381,0.003400
45432520.000,Miguel,recording,knock_twice_right,9,0.208369,7.273599,6.447173,0.093045,-0.060309,-0.002103
45432530.000,Miguel,recording,knock_twice_right,9,0.187011,7.250380,6.381496,0.083353,-0.074195,-0.003789
45432540.000,Miguel,recording,knock_twice_right,9,0.183345,7.220058,6.336329,0.065574,-0.060387,-0.000438
45432550.000,Miguel,recording,knock_twice_right,9,0.180215,7.188112,6.315708,0.042590,-0.031185,0.006249
45432560.000,Miguel,recording,knock_twice_right,9,0.178673,7.163258,6.320323,0.017140,-0.005825,0.014337
45432570.000,Miguel,recording,knock_twice_right,9,0.196290,7.153980,6.383782,-0.002495,0.005993,0.022999
45432580.000,Miguel,recording,knock_twice_right,9,0.261554,7.162304,6.427215,-0.013461,0.005274,0.029110
45432590.000,Miguel,recording,knock_twice_right,9,0.314094,7.191074,6.423249,-0.019530,-0.004080,0.028550
45432600.000,Miguel,recording,knock_twice_right,9,0.324923,7.235891,6.412327,-0.026986,-0.016123,0.021459
45432610.000,Miguel,recording,knock_twice_right,9,0.305585,7.269990,6.409696,-0.038474,-0.024902,0.014421
45432620.000,Miguel,recording,knock_twice_right,9,0.299522,7.271364,6.439042,-0.050421,-0.021764,0.011149
45432630.000,Miguel,recording,knock_twice_right,9,0.316050,7.248608,6.471776,-0.062873,-0.003950,0.010126
45432640.000,Miguel,recording,knock_twice_right,9,0.342205,7.222395,6.517435,-0.072103,0.018781,0.010960
45432650.000,Miguel,recording,knock_twice_right,9,0.330244,7.217353,6.572758,-0.073471,0.034533,0.012551
45432660.000,Miguel,recording,knock_twice_right,9,0.305025,7.226851,6.628200,-0.065632,0.035521,0.013541
45432670.000,Miguel,recording,knock_twice_right,9,0.321380,7.243500,6.680503,-0.046493,0.023125,0.012399
45432680.000,Miguel,recording,knock_twice_right,9,0.330930,7.245157,6.718094,-0.020453,0.006060,0.009126
45432690.000,Miguel,recording,knock_twice_right,9,0.321082,7.243483,6.693537,0.004735,-0.009147,0.005879
45432700.000,Miguel,recording,knock_twice_right,9,0.313196,7.267623,6.637028,0.022707,-0.022930,0.006051
45432710.000,Miguel,recording,knock_twice_right,9,0.301990,7.265753,6.605577,0.032663,-0.033965,0.009561
45432720.000,Miguel,recording,knock_twice_right,9,0.352486,7.254238,6.595970,0.036454,-0.039182,0.014779
45432730.000,Miguel,recording,knock_twice_right,9,0.436406,7.240131,6.569888,0.034889,-0.036057,0.016358
45432740.000,Miguel,recording,knock_twice_right,9,0.493995,7.241648,6.513247,0.029247,-0.028484,0.009568
45432750.000,Miguel,recording,knock_twice_right,9,0.489357,7.280474,6.477827,0.020360,-0.028070,-0.002610
45432760.000,Miguel,recording,knock_twice_right,9,0.463352,7.294159,6.474747,0.011646,-0.034441,-0.017666
45432770.000,Miguel,recording,knock_twice_right,9,0.421133,7.247413,6.475218,0.003979,-0.035943,-0.033584
45432780.000,Miguel,recording,knock_twice_right,9,0.339005,7.228633,6.482980,-0.006007,-0.027868,-0.046134
45432790.000,Miguel,recording,knock_twice_right,9,0.220036,7.222457,6.493132,-0.017325,-0.014809,-0.049194
45432800.000,Miguel,recording,knock_twice_right,9,0.118674,7.196292,6.512572,-0.026105,-0.003735,-0.040826
45432810.000,Miguel,recording,knock_twice_right,9,0.066640,7.185090,6.537837,-0.031310,0.002116,-0.025469
45432820.000,Miguel,recording,knock_twice_right,9,0.077991,7.181587,6.556748,-0.032527,0.003602,-0.010005
45432830.000,Miguel,recording,knock_twice_right,9,0.127713,7.148280,6.615741,-0.028379,0.001716,0.003271
45432840.000,Miguel,recording,knock_twice_right,9,0.200474,7.110418,6.676160,-0.019779,-0.001572,0.012843
45432850.000,Miguel,recording,knock_twice_right,9,0.287487,7.107654,6.666684,-0.006249,-0.005743,0.014029
45432860.000,Miguel,recording,knock_twice_right,9,0.327816,7.144427,6.623196,0.007177,-0.014001,0.009520
45432870.000,Miguel,recording,knock_twice_right,9,0.303657,7.206889,6.589158,0.012820,-0.024600,0.003561
45432880.000,Miguel,recording,knock_twice_right,9,0.238467,7.237965,6.569254,0.011394,-0.030306,0.001045
45432890.000,Miguel,recording,knock_twice_right,9,0.188790,7.229745,6.556997,0.004251,-0.025224,0.006209
45432900.000,Miguel,recording,knock_twice_right,9,0.191553,7.230787,6.552481,-0.006514,-0.010021,0.017703
45432910.000,Miguel,recording,knock_twice_right,9,0.243076,7.227719,6.574872,-0.015387,0.009407,0.030010
45432920.000,Miguel,recording,knock_twice_right,9,0.323539,7.230468,6.610564,-0.017842,0.024698,0.036093
45432930.000,Miguel,recording,knock_twice_right,9,0.399661,7.240050,6.625494,-0.012334,0.028908,0.033344
45432940.000,Miguel,recording,knock_twice_right,9,0.440343,7.265301,6.633713,-0.001910,0.020374,0.023147
45432950.000,Miguel,recording,knock_twice_right,9,0.436265,7.278926,6.606733,0.010205,0.004638,0.011070
45432960.000,Miguel,recording,knock_twice_right,9,0.373818,7.281502,6.584480,0.020865,-0.009740,0.001368
45432970.000,Miguel,recording,knock_twice_right,9,0.314849,7.285177,6.550081,0.025648,-0.014514,-0.002369
45432980.000,Miguel,recording,knock_twice_right,9,0.279228,7.278686,6.518513,0.025111,-0.007788,0.002292
45432990.000,Miguel,recording,knock_twice_right,9,0.275928,7.252121,6.513285,0.020209,0.004714,0.013280
45433000.000,Miguel,recording,knock_twice_right,9,0.338122,7.232744,6.517282,0.014722,0.015555,0.024124
45433010.000,Miguel,recording,knock_twice_right,9,0.441002,7.236158,6.531589,0.016113,0.014530,0.025886
45433020.000,Miguel,recording,knock_twice_right,9,0.487523,7.258296,6.526146,0.024196,-0.001138,0.016961
45433030.000,Miguel,recording,knock_twice_right,9,0.474601,7.281222,6.507595,0.033510,-0.022988,0.003849
45433040.000,Miguel,recording,knock_twice_right,9,0.456874,7.297203,6.487322,0.038967,-0.042397,-0.008149
45433050.000,Miguel,recording,knock_twice_right,9,0.426269,7.283273,6.451181,0.037198,-0.049890,-0.018737
45433060.000,Miguel,recording,knock_twice_right,9,0.360273,7.274957,6.416723,0.025893,-0.037782,-0.025023
45433070.000,Miguel,recording,knock_twice_right,9,0.271041,7.264179,6.410623,0.007758,-0.013986,-0.022672
45433080.000,Miguel,recording,knock_twice_right,9,0.250872,7.228123,6.425238,-0.011318,0.009978,-0.014192
45433090.000,Miguel,recording,knock_twice_right,9,0.267791,7.181954,6.455737,-0.027985,0.028694,-0.007194
45433100.000,Miguel,recording,knock_twice_right,9,0.285223,7.180568,6.479968,-0.037421,0.036188,-0.005496
45433110.000,Miguel,recording,knock_twice_right,9,0.267739,7.207332,6.505842,-0.039766,0.031808,-0.005771
45433120.000,Miguel,recording,knock_twice_right,9,0.262716,7.213990,6.544536,-0.036666,0.019661,-0.005897
45433130.000,Miguel,recording,knock_twice_right,9,0.278732,7.203972,6.550788,-0.029147,0.003067,-0.007797
45433140.000,Miguel,recording,knock_twice_right,9,0.277031,7.180452,6.556709,-0.021314,-0.014731,-0.010469
45433150.000,Miguel,recording,knock_twice_right,9,0.284035,7.168157,6.576403,-0.017410,-0.027148,-0.010370
45433160.000,Miguel,recording,knock_twice_right,9,0.286527,7.178794,6.588914,-0.017964,-0.024581,-0.008436
45433170.000,Miguel,recording,knock_twice_right,9,0.274088,7.173495,6.601841,-0.019481,-0.010385,-0.005147
45433180.000,Miguel,recording,knock_twice_right,9,0.248592,7.164744,6.613020,-0.020128,0.003980,-0.000344
45433190.000,Miguel,recording,knock_twice_right,9,0.252273,7.188045,6.628081,-0.018842,0.010943,0.005363
45433200.000,Miguel,recording,knock_twice_right,9,0.296523,7.206252,6.648460,-0.014883,0.010091,0.009326
45433210.000,Miguel,recording,knock_twice_right,9,0.331673,7.219361,6.650987,-0.009176,0.005028,0.007869
45433220.000,Miguel,recording,knock_twice_right,9,0.311858,7.235603,6.656451,-0.003691,0.001007,0.004127
45433230.000,Miguel,recording,knock_twice_right,9,0.264058,7.253211,6.654058,0.001379,0.003045,0.003468
45433240.000,Miguel,recording,knock_twice_right,9,0.262422,7.247694,6.628256,0.005056,0.008902,0.006618
45433250.000,Miguel,recording,knock_twice_right,9,0.313016,7.222227,6.594814,0.007200,0.014476,0.010138
45433260.000,Miguel,recording,knock_twice_right,9,0.349453,7.217703,6.579281,0.010559,0.016813,0.010381
45433270.000,Miguel,recording,knock_twice_right,9,0.362637,7.227136,6.578812,0.016305,0.011902,0.007359
45433280.000,Miguel,recording,knock_twice_right,9,0.341706,7.223885,6.546400,0.021825,-0.000099,0.003894
45433290.000,Miguel,recording,knock_twice_right,9,0.296689,7.225926,6.523977,0.023836,-0.012315,0.002455
45433300.000,Miguel,recording,knock_twice_right,9,0.295692,7.217420,6.502342,0.023722,-0.015575,0.005264
45433310.000,Miguel,recording,knock_twice_right,9,0.318695,7.198233,6.518801,0.022728,-0.007296,0.009870
45433320.000,Miguel,recording,knock_twice_right,9,0.353069,7.193576,6.506458,0.021681,0.006469,0.013060
45433330.000,Miguel,recording,knock_twice_right,9,0.404604,7.211483,6.473310,0.019386,0.015386,0.014390
45433340.000,Miguel,recording,knock_twice_right,9,0.442268,7.225047,6.450439,0.013783,0.013517,0.012758
45433350.000,Miguel,recording,knock_twice_right,9,0.439389,7.243977,6.417119,0.006760,0.004910,0.007100
45433360.000,Miguel,recording,knock_twice_right,9,0.394408,7.271569,6.392915,-0.002052,-0.003065,-0.001155
45433370.000,Miguel,recording,knock_twice_right,9,0.346792,7.287076,6.388356,-0.014422,-0.005178,-0.006198
45433380.000,Miguel,recording,knock_twice_right,9,0.323266,7.284749,6.404235,-0.025208,-0.001372,-0.006113
45433390.000,Miguel,recording,knock_twice_right,9,0.315141,7.266311,6.421935,-0.034353,0.004281,-0.004177
45433400.000,Miguel,recording,knock_twice_right,9,0.288661,7.245793,6.444789,-0.044968,0.006979,-0.000581
45433410.000,Miguel,recording,knock_twice_right,9,0.289630,7.225166,6.455479,-0.053460,0.005923,0.004332
45433420.000,Miguel,recording,knock_twice_right,9,0.328109,7.199786,6.479953,-0.061326,0.001113,0.009510
45433430.000,Miguel,recording,knock_twice_right,9,0.383396,7.187550,6.527163,-0.070497,-0.004629,0.011976
45433440.000,Miguel,recording,knock_twice_right,9,0.452229,7.198813,6.603670,-0.076823,-0.005192,0.008367
45433450.000,Miguel,recording,knock_twice_right,9,0.489430,7.218842,6.698521,-0.078199,0.002013,-0.000616
45433460.000,Miguel,recording,knock_twice_right,9,0.486849,7.213906,6.766117,-0.071952,0.016250,-0.014325
45433470.000,Miguel,recording,knock_twice_right,9,0.453586,7.204635,6.795308,-0.055034,0.032477,-0.031241
45433480.000,Miguel,recording,knock_twice_right,9,0.351667,7.194920,6.781358,-0.031775,0.039599,-0.043300
45433490.000,Miguel,recording,knock_twice_right,9,0.219176,7.189982,6.751527,-0.007446,0.029518,-0.044914
45433500.000,Miguel,recording,knock_twice_right,9,0.136466,7.203210,6.723929,0.012952,0.002585,-0.036549
45433510.000,Miguel,recording,knock_twice_right,9,0.112828,7.197653,6.693062,0.028211,-0.030024,-0.022484
45433520.000,Miguel,recording,knock_twice_right,9,0.155349,7.165093,6.672723,0.039288,-0.049214,-0.008748
45433530.000,Miguel,recording,knock_twice_right,9,0.233095,7.145141,6.655709,0.044813,-0.044713,0.001313
45433540.000,Miguel,recording,knock_twice_right,9,0.313943,7.157023,6.616406,0.043985,-0.023756,0.005501
45433550.000,Miguel,recording,knock_twice_right,9,0.361360,7.162457,6.568445,0.037076,0.000290,0.004115
45433560.000,Miguel,recording,knock_twice_right,9,0.397883,7.183889,6.563661,0.027033,0.020000,0.000084
45433570.000,Miguel,recording,knock_twice_right,9,0.475421,7.237663,6.609296,0.016911,0.036557,-0.007795
45433580.000,Miguel,recording,knock_twice_right,9,0.563416,7.316893,6.724653,0.012361,0.054298,-0.022882
45433590.000,Miguel,recording,knock_twice_right,9,0.567376,7.281162,6.857222,0.027501,0.081229,-0.044427
45433600.000,Miguel,recording,knock_twice_right,9,0.464360,7.121848,6.884877,0.073291,0.113308,-0.067727
45433610.000,Miguel,recording,knock_twice_right,9,0.190019,7.017269,6.675097,0.132333,0.116910,-0.081541
45433620.000,Miguel,recording,knock_twice_right,9,-0.384371,7.016939,6.352105,0.174492,0.075195,-0.080744
45433630.000,Miguel,recording,knock_twice_right,9,-0.977015,7.166758,6.095829,0.181524,0.019598,-0.030516
45433640.000,Miguel,recording,knock_twice_right,9,-0.694910,7.355082,5.947139,0.138407,-0.023585,0.079681
45433650.000,Miguel,recording,knock_twice_right,9,0.196343,7.230776,5.913316,0.049699,-0.057360,0.161964
45433660.000,Miguel,recording,knock_twice_right,9,0.984363,7.162545,6.113692,-0.037310,-0.088752,0.154154
45433670.000,Miguel,recording,knock_twice_right,9,1.244927,7.339102,6.417676,-0.080276,-0.107157,0.082706
45433680.000,Miguel,recording,knock_twice_right,9,1.147851,7.267882,6.521330,-0.081516,-0.080742,-0.017973
45433690.000,Miguel,recording,knock_twice_right,9,0.821128,7.026646,6.429904,-0.066823,-0.019513,-0.104619
45433700.000,Miguel,recording,knock_twice_right,9,0.244967,7.183416,6.318387,-0.068275,0.023147,-0.118259
45433710.000,Miguel,recording,knock_twice_right,9,-0.095430,7.487823,6.302596,-0.088193,0.034375,-0.063360
45433720.000,Miguel,recording,knock_twice_right,9,0.025253,7.609883,6.367155,-0.105055,0.031686,-0.001417
45433730.000,Miguel,recording,knock_twice_right,9,0.501664,7.624332,6.575703,-0.109913,0.024275,0.027981
45433740.000,Miguel,recording,knock_twice_right,9,1.012345,7.474331,6.884006,-0.091461,0.030702,0.012195
45433750.000,Miguel,recording,knock_twice_right,9,1.184920,7.202134,7.117655,-0.039926,0.058259,-0.052902
45433760.000,Miguel,recording,knock_twice_right,9,0.996675,7.038102,7.196438,0.029886,0.088220,-0.138760
45433770.000,Miguel,recording,knock_twice_right,9,0.314953,6.835538,6.926296,0.094852,0.162327,-0.215426
45433780.000,Miguel,recording,knock_twice_right,9,-0.670603,6.839142,6.500790,0.124204,0.274166,-0.230485
45433790.000,Miguel,recording,knock_twice_right,9,-1.259554,7.198867,6.278082,0.094467,0.337451,-0.137317
45433800.000,Miguel,recording,knock_twice_right,9,-1.111845,7.320162,6.179459,0.023057,0.313775,0.004997
45433810.000,Miguel,recording,knock_twice_right,9,-0.422994,7.145938,6.313160,-0.049266,0.196140,0.105258
45433820.000,Miguel,recording,knock_twice_right,9,0.166892,7.111336,6.636499,-0.082687,0.019556,0.132397
45433830.000,Miguel,recording,knock_twice_right,9,0.485385,7.215957,6.851249,-0.065749,-0.149559,0.102633
45433840.000,Miguel,recording,knock_twice_right,9,0.643789,7.193563,6.880433,-0.022354,-0.259971,0.042988
45433850.000,Miguel,recording,knock_twice_right,9,0.510553,7.112078,6.767720,0.013371,-0.294920,-0.017501
45433860.000,Miguel,recording,knock_twice_right,9,0.154531,7.115227,6.594465,0.023641,-0.261299,-0.048129
45433870.000,Miguel,recording,knock_twice_right,9,-0.161776,7.117380,6.452521,0.011328,-0.180150,-0.033499
45433880.000,Miguel,recording,knock_twice_right,9,-0.213685,7.116532,6.425667,-0.009465,-0.082663,0.016600
45433890.000,Miguel,recording,knock_twice_right,9,-0.044236,7.238772,6.482427,-0.027520,-0.007951,0.078722
45433900.000,Miguel,recording,knock_twice_right,9,0.276334,7.384256,6.562455,-0.037241,0.016654,0.123733
45433910.000,Miguel,recording,knock_twice_right,9,0.648548,7.428439,6.677973,-0.031044,-0.005595,0.130703
45433920.000,Miguel,recording,knock_twice_right,9,0.860191,7.397640,6.759277,-0.008209,-0.044398,0.099275
45433930.000,Miguel,recording,knock_twice_right,9,0.880264,7.385167,6.764895,0.023757,-0.070077,0.048985
45433940.000,Miguel,recording,knock_twice_right,9,0.779920,7.384791,6.689564,0.048982,-0.075453,0.002695
45433950.000,Miguel,recording,knock_twice_right,9,0.628544,7.370691,6.576221,0.057344,-0.065179,-0.029008
45433960.000,Miguel,recording,knock_twice_right,9,0.468159,7.332638,6.476637,0.050483,-0.044038,-0.044354
45433970.000,Miguel,recording,knock_twice_right,9,0.316834,7.306013,6.416463,0.033583,-0.017769,-0.046629
45433980.000,Miguel,recording,knock_twice_right,9,0.218751,7.307390,6.390613,0.013418,0.003475,-0.040653
45433990.000,Miguel,recording,knock_twice_right,9,0.210243,7.290644,6.410744,-0.003083,0.014183,-0.033142
45434000.000,Miguel,recording,knock_twice_right,9,0.169348,7.241337,6.431038,-0.011524,0.015818,-0.029055
45434010.000,Miguel,recording,knock_twice_right,9,0.106203,7.167084,6.453575,-0.015608,0.010224,-0.023041
45434020.000,Miguel,recording,knock_twice_right,9,0.066213,7.132843,6.468132,-0.018528,-0.002664,-0.010300
45434030.000,Miguel,recording,knock_twice_right,9,0.119107,7.105964,6.517018,-0.019733,-0.018659,0.003742
45434040.000,Miguel,recording,knock_twice_right,9,0.272950,7.082688,6.584265,-0.013740,-0.024152,0.011194
45434050.000,Miguel,recording,knock_twice_right,9,0.402698,7.077701,6.586745,-0.000639,-0.015542,0.007447
45434060.000,Miguel,recording,knock_twice_right,9,0.414214,7.113456,6.538416,0.010454,-0.009017,-0.004088
45434070.000,Miguel,recording,knock_twice_right,9,0.315789,7.169451,6.516569,0.015400,-0.018064,-0.015799
45434080.000,Miguel,recording,knock_twice_right,9,0.184448,7.204458,6.513014,0.016798,-0.032803,-0.022262
45434090.000,Miguel,recording,knock_twice_right,9,0.086226,7.221952,6.515703,0.018910,-0.034391,-0.018427
45434100.000,Miguel,recording,knock_twice_right,9,0.054636,7.210982,6.495934,0.020100,-0.019187,-0.005300
45434110.000,Miguel,recording,knock_twice_right,9,0.065486,7.187624,6.442467,0.015662,0.000620,0.010786
45434120.000,Miguel,recording,knock_twice_right,9,0.099443,7.194358,6.406233,0.004149,0.008962,0.026212
45434130.000,Miguel,recording,knock_twice_right,9,0.163875,7.208610,6.456075,-0.009988,-0.000906,0.036392
45434140.000,Miguel,recording,knock_twice_right,9,0.289411,7.233153,6.551794,-0.022126,-0.019134,0.037830
45434150.000,Miguel,recording,knock_twice_right,9,0.436377,7.224267,6.608355,-0.029367,-0.022197,0.028762
45434160.000,Miguel,recording,knock_twice_right,9,0.498386,7.201176,6.592193,-0.032659,0.000124,0.013135
45434170.000,Miguel,recording,knock_twice_right,9,0.417422,7.218071,6.572102,-0.037717,0.025791,0.000964
45434180.000,Miguel,recording,knock_twice_right,9,0.289602,7.231199,6.598717,-0.043873,0.035636,-0.001319
45434190.000,Miguel,recording,knock_twice_right,9,0.241874,7.236998,6.689082,-0.042752,0.033763,0.004280
45434200.000,Miguel,recording,knock_twice_right,9,0.289592,7.227693,6.755219,-0.028008,0.031327,0.012894
45434210.000,Miguel,recording,knock_twice_right,9,0.364593,7.251770,6.745651,-0.002228,0.027823,0.017756
45434220.000,Miguel,recording,knock_twice_right,9,0.385744,7.286284,6.694953,0.025043,0.014297,0.016060
45434230.000,Miguel,recording,knock_twice_right,9,0.379306,7.304129,6.656293,0.051655,-0.015558,0.010655
45434240.000,Miguel,recording,knock_twice_right,9,0.366497,7.302262,6.617708,0.076084,-0.058214,0.003089
45434250.000,Miguel,recording,knock_twice_right,9,0.360660,7.289126,6.566080,0.088482,-0.098464,-0.002538
45434260.000,Miguel,recording,knock_twice_right,9,0.410773,7.256941,6.528346,0.087074,-0.110369,-0.006448
45434270.000,Miguel,recording,knock_twice_right,9,0.446728,7.202618,6.481904,0.076475,-0.080173,-0.011468
45434280.000,Miguel,recording,knock_twice_right,9,0.411175,7.192199,6.432994,0.058664,-0.029433,-0.014204
45434290.000,Miguel,recording,knock_twice_right,9,0.324547,7.195769,6.372263,0.035986,0.011160,-0.013165
45434300.000,Miguel,recording,knock_twice_right,9,0.255481,7.212594,6.350043,0.013142,0.029631,-0.009296
45434310.000,Miguel,recording,knock_twice_right,9,0.254477,7.235342,6.369110,-0.004457,0.031011,-0.002395
45434320.000,Miguel,recording,knock_twice_right,9,0.288033,7.235562,6.382981,-0.018288,0.023715,0.003595
45434330.000,Miguel,recording,knock_twice_right,9,0.320368,7.238028,6.412235,-0.030244,0.013153,0.003324
45434340.000,Miguel,recording,knock_twice_right,9,0.307001,7.250601,6.461012,-0.036782,0.002215,-0.001146
45434350.000,Miguel,recording,knock_twice_right,9,0.259790,7.240310,6.519195,-0.036999,-0.005446,-0.002453
45434360.000,Miguel,recording,knock_twice_right,9,0.250542,7.218725,6.536915,-0.034574,-0.004628,0.000411
45434370.000,Miguel,recording,knock_twice_right,9,0.289981,7.204008,6.506597,-0.036300,0.005358,0.003822
45434380.000,Miguel,recording,knock_twice_right,9,0.319649,7.205732,6.488203,-0.045107,0.015499,0.005567
45434390.000,Miguel,recording,knock_twice_right,9,0.308726,7.214546,6.523872,-0.056898,0.017605,0.007517
45434400.000,Miguel,recording,knock_twice_right,9,0.296499,7.229933,6.605379,-0.063416,0.013457,0.011130
45434410.000,Miguel,recording,knock_twice_right,9,0.325459,7.254471,6.654567,-0.062385,0.010121,0.013581
45434420.000,Miguel,recording,knock_twice_right,9,0.361934,7.267822,6.671168,-0.055404,0.010583,0.013358
45434430.000,Miguel,recording,knock_twice_right,9,0.361217,7.287265,6.673403,-0.044693,0.012970,0.011078
45434440.000,Miguel,recording,knock_twice_right,9,0.337493,7.297407,6.669170,-0.035223,0.012456,0.008859
45434450.000,Miguel,recording,knock_twice_right,9,0.309697,7.287937,6.670959,-0.026943,0.008495,0.010113
45434460.000,Miguel,recording,knock_twice_right,10,0.334701,7.270816,6.682477,-0.016670,0.006190,0.013440
45434470.000,Miguel,recording,knock_twice_right,10,0.386450,7.243289,6.673888,-0.004305,0.008947,0.011765
45434480.000,Miguel,recording,knock_twice_right,10,0.408589,7.224014,6.639157,0.006430,0.011997,0.004822
45434490.000,Miguel,recording,knock_twice_right,10,0.389588,7.223779,6.591531,0.013710,0.008641,-0.000263
45434500.000,Miguel,recording,knock_twice_right,10,0.375597,7.216553,6.561594,0.017978,0.000091,-0.003632
45434510.000,Miguel,recording,knock_twice_right,10,0.399169,7.208716,6.564104,0.019432,-0.008190,-0.007803
45434520.000,Miguel,recording,knock_twice_right,10,0.418988,7.183739,6.538024,0.019392,-0.005779,-0.014214
45434530.000,Miguel,recording,knock_twice_right,10,0.364320,7.180380,6.502539,0.018741,0.006122,-0.023082
45434540.000,Miguel,recording,knock_twice_right,10,0.251823,7.197458,6.477765,0.017240,0.013379,-0.026838
45434550.000,Miguel,recording,knock_twice_right,10,0.153238,7.194068,6.456226,0.012576,0.009868,-0.020639
45434560.000,Miguel,recording,knock_twice_right,10,0.132397,7.184763,6.468729,0.005026,0.001210,-0.007430
45434570.000,Miguel,recording,knock_twice_right,10,0.191941,7.184709,6.482020,-0.002481,-0.004629,0.008041
45434580.000,Miguel,recording,knock_twice_right,10,0.287801,7.188654,6.498491,-0.009952,-0.007346,0.019181
45434590.000,Miguel,recording,knock_twice_right,10,0.380822,7.212465,6.532249,-0.018037,-0.011571,0.020417
45434600.000,Miguel,recording,knock_twice_right,10,0.408653,7.239005,6.560587,-0.027298,-0.016736,0.014968
45434610.000,Miguel,recording,knock_twice_right,10,0.404430,7.269754,6.605300,-0.035523,-0.012740,0.009553
45434620.000,Miguel,recording,knock_twice_right,10,0.416140,7.272213,6.654139,-0.037726,0.006013,0.004793
45434630.000,Miguel,recording,knock_twice_right,10,0.427795,7.241398,6.661196,-0.033957,0.031312,-0.000878
45434640.000,Miguel,recording,knock_twice_right,10,0.407410,7.224714,6.649377,-0.027996,0.042280,-0.007610
45434650.000,Miguel,recording,knock_twice_right,10,0.346855,7.218467,6.641100,-0.020539,0.026361,-0.014143
45434660.000,Miguel,recording,knock_twice_right,10,0.285247,7.200726,6.647346,-0.010282,-0.002492,-0.017183
45434670.000,Miguel,recording,knock_twice_right,10,0.282124,7.183644,6.660944,0.003605,-0.022730,-0.013483
45434680.000,Miguel,recording,knock_twice_right,10,0.294077,7.171518,6.663970,0.018115,-0.024647,-0.008173
45434690.000,Miguel,recording,knock_twice_right,10,0.298605,7.158479,6.635504,0.028841,-0.014166,-0.004696
45434700.000,Miguel,recording,knock_twice_right,10,0.285173,7.179535,6.595498,0.034547,-0.004099,-0.000164
45434710.000,Miguel,recording,knock_twice_right,10,0.300963,7.204438,6.566486,0.036902,0.000706,0.005144
45434720.000,Miguel,recording,knock_twice_right,10,0.372841,7.191170,6.515631,0.036299,0.003008,0.007681
45434730.000,Miguel,recording,knock_twice_right,10,0.423257,7.169439,6.462936,0.031089,0.000849,0.004398
45434740.000,Miguel,recording,knock_twice_right,10,0.414434,7.173644,6.418819,0.022364,-0.011214,-0.006287
45434750.000,Miguel,recording,knock_twice_right,10,0.360124,7.200165,6.395914,0.009414,-0.028100,-0.019194
45434760.000,Miguel,recording,knock_twice_right,10,0.321389,7.196929,6.397628,-0.007488,-0.034911,-0.029256
45434770.000,Miguel,recording,knock_twice_right,10,0.281467,7.175181,6.421742,-0.025426,-0.024704,-0.038401
45434780.000,Miguel,recording,knock_twice_right,10,0.207503,7.158898,6.450979,-0.042856,-0.005734,-0.042213
45434790.000,Miguel,recording,knock_twice_right,10,0.124073,7.170033,6.512006,-0.057882,0.008147,-0.038836
45434800.000,Miguel,recording,knock_twice_right,10,0.078948,7.197710,6.606994,-0.066326,0.012994,-0.029926
45434810.000,Miguel,recording,knock_twice_right,10,0.111042,7.194888,6.682720,-0.063933,0.016799,-0.017484
45434820.000,Miguel,recording,knock_twice_right,10,0.178112,7.170655,6.707358,-0.053246,0.021801,-0.006679
45434830.000,Miguel,recording,knock_twice_right,10,0.206156,7.160128,6.740009,-0.038509,0.020502,0.000602
45434840.000,Miguel,recording,knock_twice_right,10,0.195927,7.167147,6.761921,-0.021162,0.011242,0.005793
45434850.000,Miguel,recording,knock_twice_right,10,0.186296,7.182662,6.765553,-0.001180,0.000193,0.012276
45434860.000,Miguel,recording,knock_twice_right,10,0.223652,7.192922,6.739404,0.018019,-0.007232,0.020273
45434870.000,Miguel,recording,knock_twice_right,10,0.320447,7.200353,6.680299,0.029764,-0.011246,0.026729
45434880.000,Miguel,recording,knock_twice_right,10,0.394103,7.226795,6.627895,0.032464,-0.015379,0.028177
45434890.000,Miguel,recording,knock_twice_right,10,0.400145,7.264797,6.619764,0.030430,-0.017105,0.024410
45434900.000,Miguel,recording,knock_twice_right,10,0.395743,7.285082,6.664488,0.030472,-0.011618,0.019697
45434910.000,Miguel,recording,knock_twice_right,10,0.423314,7.289563,6.693203,0.034525,0.003079,0.015856
45434920.000,Miguel,recording,knock_twice_right,10,0.472229,7.247809,6.626457,0.041824,0.024788,0.008701
45434930.000,Miguel,recording,knock_twice_right,10,0.466740,7.241934,6.522355,0.048608,0.039837,-0.003910
45434940.000,Miguel,recording,knock_twice_right,10,0.380808,7.269686,6.431143,0.048063,0.033715,-0.014496
45434950.000,Miguel,recording,knock_twice_right,10,0.306486,7.270465,6.378289,0.039724,0.012725,-0.017072
45434960.000,Miguel,recording,knock_twice_right,10,0.286259,7.248804,6.349192,0.025959,-0.002380,-0.014045
45434970.000,Miguel,recording,knock_twice_right,10,0.310097,7.223917,6.331422,0.009314,-0.003406,-0.009023
45434980.000,Miguel,recording,knock_twice_right,10,0.341585,7.225384,6.352224,-0.007868,0.003998,-0.004132
45434990.000,Miguel,recording,knock_twice_right,10,0.375062,7.212657,6.435132,-0.020340,0.008735,-0.001143
45435000.000,Miguel,recording,knock_twice_right,10,0.442404,7.184636,6.507552,-0.023980,0.005737,-0.002381
45435010.000,Miguel,recording,knock_twice_right,10,0.457229,7.163740,6.540193,-0.018615,-0.000499,-0.009434
45435020.000,Miguel,recording,knock_twice_right,10,0.440844,7.180177,6.523708,-0.009817,-0.009039,-0.018932
45435030.000,Miguel,recording,knock_twice_right,10,0.378149,7.221488,6.495048,-0.006711,-0.021592,-0.025710
45435040.000,Miguel,recording,knock_twice_right,10,0.340947,7.236196,6.494901,-0.009778,-0.033698,-0.028224
45435050.000,Miguel,recording,knock_twice_right,10,0.342501,7.213834,6.503157,-0.018852,-0.033827,-0.028616
45435060.000,Miguel,recording,knock_twice_right,10,0.311168,7.198680,6.509556,-0.032905,-0.018611,-0.029393
45435070.000,Miguel,recording,knock_twice_right,10,0.260015,7.208634,6.525821,-0.049658,0.001470,-0.030947
45435080.000,Miguel,recording,knock_twice_right,10,0.210221,7.197738,6.591254,-0.066295,0.017065,-0.031612
45435090.000,Miguel,recording,knock_twice_right,10,0.184155,7.183176,6.688173,-0.075748,0.027264,-0.027557
45435100.000,Miguel,recording,knock_twice_right,10,0.188092,7.182959,6.760614,-0.074999,0.029625,-0.021488
45435110.000,Miguel,recording,knock_twice_right,10,0.213114,7.201994,6.797123,-0.066261,0.023448,-0.019859
45435120.000,Miguel,recording,knock_twice_right,10,0.194631,7.226604,6.843062,-0.051086,0.013984,-0.021058
45435130.000,Miguel,recording,knock_twice_right,10,0.159731,7.207468,6.884613,-0.031370,0.004421,-0.023135
45435140.000,Miguel,recording,knock_twice_right,10,0.145969,7.156128,6.908259,-0.011013,-0.002973,-0.022460
45435150.000,Miguel,recording,knock_twice_right,10,0.177432,7.123893,6.901247,0.008330,-0.001107,-0.015983
45435160.000,Miguel,recording,knock_twice_right,10,0.214084,7.106842,6.858461,0.028180,0.013021,-0.008890
45435170.000,Miguel,recording,knock_twice_right,10,0.221339,7.126646,6.796375,0.047033,0.026804,-0.003428
45435180.000,Miguel,recording,knock_twice_right,10,0.222457,7.148520,6.735662,0.060788,0.026387,0.003162
45435190.000,Miguel,recording,knock_twice_right,10,0.285421,7.162115,6.699936,0.072078,0.012782,0.008410
45435200.000,Miguel,recording,knock_twice_right,10,0.373670,7.171488,6.658599,0.082361,-0.001043,0.005953
45435210.000,Miguel,recording,knock_twice_right,10,0.392169,7.209238,6.595049,0.090059,-0.005002,-0.002853
45435220.000,Miguel,recording,knock_twice_right,10,0.311241,7.267492,6.523927,0.094507,-0.003780,-0.012781
45435230.000,Miguel,recording,knock_twice_right,10,0.213854,7.313189,6.453333,0.094785,-0.004470,-0.016968
45435240.000,Miguel,recording,knock_twice_right,10,0.186423,7.321722,6.390260,0.090242,-0.005084,-0.011547
45435250.000,Miguel,recording,knock_twice_right,10,0.240576,7.288231,6.312529,0.078710,-0.004720,-0.003329
45435260.000,Miguel,recording,knock_twice_right,10,0.326693,7.250570,6.264710,0.061752,-0.005789,-0.000475
45435270.000,Miguel,recording,knock_twice_right,10,0.366109,7.233077,6.275022,0.043468,-0.011829,-0.002111
45435280.000,Miguel,recording,knock_twice_right,10,0.389870,7.229461,6.319871,0.026203,-0.020571,-0.005617
45435290.000,Miguel,recording,knock_twice_right,10,0.426342,7.221784,6.349769,0.011865,-0.023043,-0.011724
45435300.000,Miguel,recording,knock_twice_right,10,0.438289,7.206119,6.373010,-0.000275,-0.017210,-0.021423
45435310.000,Miguel,recording,knock_twice_right,10,0.399626,7.165387,6.402890,-0.010934,-0.006352,-0.032018
45435320.000,Miguel,recording,knock_twice_right,10,0.328377,7.140478,6.471966,-0.018469,0.006267,-0.037399
45435330.000,Miguel,recording,knock_twice_right,10,0.284837,7.147330,6.506473,-0.018828,0.016835,-0.039302
45435340.000,Miguel,recording,knock_twice_right,10,0.245298,7.135097,6.485047,-0.013652,0.020009,-0.043767
45435350.000,Miguel,recording,knock_twice_right,10,0.177659,7.119365,6.465785,-0.011441,0.013234,-0.047826
45435360.000,Miguel,recording,knock_twice_right,10,0.107716,7.118952,6.467284,-0.013619,0.001654,-0.043037
45435370.000,Miguel,recording,knock_twice_right,10,0.083588,7.129252,6.479849,-0.017991,-0.004758,-0.031362
45435380.000,Miguel,recording,knock_twice_right,10,0.118918,7.152943,6.504203,-0.023535,-0.003707,-0.020230
45435390.000,Miguel,recording,knock_twice_right,10,0.150620,7.160693,6.535802,-0.028966,-0.000725,-0.013711
45435400.000,Miguel,recording,knock_twice_right,10,0.171963,7.165001,6.560916,-0.031248,0.003303,-0.010724
45435410.000,Miguel,recording,knock_twice_right,10,0.186996,7.170168,6.553638,-0.029396,0.004702,-0.008254
45435420.000,Miguel,recording,knock_twice_right,10,0.201738,7.183415,6.546730,-0.026416,-0.000603,-0.010323
45435430.000,Miguel,recording,knock_twice_right,10,0.196046,7.217904,6.563106,-0.022987,-0.011228,-0.014931
45435440.000,Miguel,recording,knock_twice_right,10,0.189578,7.247443,6.588606,-0.018762,-0.023467,-0.018121
45435450.000,Miguel,recording,knock_twice_right,10,0.192045,7.258383,6.597249,-0.016367,-0.030146,-0.022853
45435460.000,Miguel,recording,knock_twice_right,10,0.169286,7.239128,6.615134,-0.015686,-0.027034,-0.027618
45435470.000,Miguel,recording,knock_twice_right,10,0.137697,7.178746,6.653143,-0.015417,-0.014811,-0.026844
45435480.000,Miguel,recording,knock_twice_right,10,0.112210,7.142344,6.673559,-0.016249,-0.000043,-0.019048
45435490.000,Miguel,recording,knock_twice_right,10,0.092193,7.123673,6.668177,-0.016899,0.008023,-0.007380
45435500.000,Miguel,recording,knock_twice_right,10,0.091870,7.117208,6.694493,-0.015938,0.007331,0.006811
45435510.000,Miguel,recording,knock_twice_right,10,0.109483,7.143218,6.737125,-0.009336,0.004185,0.020831
45435520.000,Miguel,recording,knock_twice_right,10,0.178591,7.222841,6.738924,0.002426,-0.000548,0.030093
45435530.000,Miguel,recording,knock_twice_right,10,0.253357,7.290022,6.713273,0.014517,-0.011193,0.032093
45435540.000,Miguel,recording,knock_twice_right,10,0.318643,7.309319,6.700001,0.025774,-0.020970,0.026371
45435550.000,Miguel,recording,knock_twice_right,10,0.369076,7.295223,6.678500,0.034501,-0.023513,0.016797
45435560.000,Miguel,recording,knock_twice_right,10,0.366032,7.263247,6.655039,0.039073,-0.018964,0.009350
45435570.000,Miguel,recording,knock_twice_right,10,0.348863,7.255724,6.628704,0.041558,-0.009876,0.005625
45435580.000,Miguel,recording,knock_twice_right,10,0.324818,7.270129,6.581205,0.044754,-0.001396,0.002866
45435590.000,Miguel,recording,knock_twice_right,10,0.300786,7.292242,6.504503,0.048273,0.000283,-0.002609
45435600.000,Miguel,recording,knock_twice_right,10,0.283608,7.303415,6.435979,0.049423,-0.008011,-0.008330
45435610.000,Miguel,recording,knock_twice_right,10,0.273706,7.258797,6.380989,0.044949,-0.019006,-0.011661
45435620.000,Miguel,recording,knock_twice_right,10,0.305287,7.229228,6.329093,0.031590,-0.024857,-0.014874
45435630.000,Miguel,recording,knock_twice_right,10,0.322624,7.213887,6.331549,0.009824,-0.022018,-0.018701
45435640.000,Miguel,recording,knock_twice_right,10,0.286205,7.213296,6.381992,-0.014491,-0.005922,-0.020626
45435650.000,Miguel,recording,knock_twice_right,10,0.246044,7.180866,6.452829,-0.031523,0.022262,-0.019554
45435660.000,Miguel,recording,knock_twice_right,10,0.223519,7.148210,6.485716,-0.036126,0.048420,-0.017855
45435670.000,Miguel,recording,knock_twice_right,10,0.183600,7.156281,6.472830,-0.032079,0.055025,-0.016504
45435680.000,Miguel,recording,knock_twice_right,10,0.124248,7.174449,6.463620,-0.025667,0.037220,-0.011929
45435690.000,Miguel,recording,knock_twice_right,10,0.114486,7.194513,6.487250,-0.020167,0.007596,-0.001628
45435700.000,Miguel,recording,knock_twice_right,10,0.191637,7.176955,6.499983,-0.015712,-0.015104,0.009509
45435710.000,Miguel,recording,knock_twice_right,10,0.285492,7.163601,6.484514,-0.015091,-0.023637,0.015124
45435720.000,Miguel,recording,knock_twice_right,10,0.336807,7.190619,6.480071,-0.020430,-0.020610,0.014348
45435730.000,Miguel,recording,knock_twice_right,10,0.327654,7.211997,6.495160,-0.030132,-0.010577,0.008705
45435740.000,Miguel,recording,knock_twice_right,10,0.312573,7.231965,6.517126,-0.040437,0.003872,0.001664
45435750.000,Miguel,recording,knock_twice_right,10,0.301650,7.220121,6.531882,-0.047846,0.019249,-0.003456
45435760.000,Miguel,recording,knock_twice_right,10,0.270997,7.202223,6.535090,-0.051228,0.025702,-0.007749
45435770.000,Miguel,recording,knock_twice_right,10,0.212592,7.197662,6.539405,-0.053227,0.013796,-0.009238
45435780.000,Miguel,recording,knock_twice_right,10,0.198546,7.192728,6.557011,-0.058704,-0.011432,-0.007661
45435790.000,Miguel,recording,knock_twice_right,10,0.240414,7.211077,6.626395,-0.065655,-0.028930,-0.005131
45435800.000,Miguel,recording,knock_twice_right,10,0.292355,7.211755,6.716250,-0.066739,-0.021663,-0.005609
45435810.000,Miguel,recording,knock_twice_right,10,0.304688,7.211552,6.779950,-0.062810,0.002601,-0.009535
45435820.000,Miguel,recording,knock_twice_right,10,0.284303,7.208294,6.823320,-0.054317,0.023449,-0.012762
45435830.000,Miguel,recording,knock_twice_right,10,0.231578,7.205816,6.836796,-0.039900,0.031210,-0.013803
45435840.000,Miguel,recording,knock_twice_right,10,0.189047,7.204776,6.835360,-0.020200,0.029107,-0.012678
45435850.000,Miguel,recording,knock_twice_right,10,0.163992,7.216279,6.814503,0.004174,0.019487,-0.010944
45435860.000,Miguel,recording,knock_twice_right,10,0.162507,7.226951,6.773944,0.028644,0.000550,-0.007438
45435870.000,Miguel,recording,knock_twice_right,10,0.166059,7.218504,6.722325,0.047883,-0.025707,-0.003160
45435880.000,Miguel,recording,knock_twice_right,10,0.189281,7.210271,6.671177,0.058054,-0.048217,0.001099
45435890.000,Miguel,recording,knock_twice_right,10,0.232499,7.182318,6.635859,0.061934,-0.052045,0.004435
45435900.000,Miguel,recording,knock_twice_right,10,0.253181,7.153485,6.599540,0.062268,-0.033397,0.004588
45435910.000,Miguel,recording,knock_twice_right,10,0.226004,7.157501,6.543924,0.060222,-0.007466,0.004317
45435920.000,Miguel,recording,knock_twice_right,10,0.156998,7.187117,6.495131,0.056863,0.009345,0.004807
45435930.000,Miguel,recording,knock_twice_right,10,0.122412,7.205873,6.426429,0.053596,0.015071,0.005330
45435940.000,Miguel,recording,knock_twice_right,10,0.120621,7.209213,6.366520,0.048828,0.009338,0.006178
45435950.000,Miguel,recording,knock_twice_right,10,0.129420,7.212350,6.320656,0.037840,-0.007366,0.007153
45435960.000,Miguel,recording,knock_twice_right,10,0.129379,7.206693,6.305945,0.018347,-0.026842,0.009720
45435970.000,Miguel,recording,knock_twice_right,10,0.160618,7.183777,6.345177,-0.007186,-0.033792,0.014834
45435980.000,Miguel,recording,knock_twice_right,10,0.254745,7.149304,6.461960,-0.031869,-0.018048,0.021641
45435990.000,Miguel,recording,knock_twice_right,10,0.345701,7.111136,6.551832,-0.049008,0.017789,0.025423
45436000.000,Miguel,recording,knock_twice_right,10,0.385436,7.112585,6.602882,-0.053974,0.050623,0.022662
45436010.000,Miguel,recording,knock_twice_right,10,0.361673,7.139681,6.622175,-0.047899,0.058167,0.015576
45436020.000,Miguel,recording,knock_twice_right,10,0.318596,7.180509,6.636324,-0.032590,0.042260,0.007924
45436030.000,Miguel,recording,knock_twice_right,10,0.271572,7.213416,6.613973,-0.012800,0.014366,0.001937
45436040.000,Miguel,recording,knock_twice_right,10,0.242740,7.238329,6.538848,0.001096,-0.014418,-0.003330
45436050.000,Miguel,recording,knock_twice_right,10,0.192755,7.266617,6.484100,0.001293,-0.037011,-0.005849
45436060.000,Miguel,recording,knock_twice_right,10,0.166806,7.259487,6.496967,-0.010777,-0.043028,-0.002856
45436070.000,Miguel,recording,knock_twice_right,10,0.200121,7.227573,6.566747,-0.026142,-0.024067,0.005225
45436080.000,Miguel,recording,knock_twice_right,10,0.273698,7.194732,6.633982,-0.039725,0.011890,0.014539
45436090.000,Miguel,recording,knock_twice_right,10,0.321332,7.172495,6.670856,-0.047883,0.045371,0.019688
45436100.000,Miguel,recording,knock_twice_right,10,0.348479,7.185038,6.715251,-0.045998,0.059068,0.020578
45436110.000,Miguel,recording,knock_twice_right,10,0.412659,7.216454,6.763427,-0.033373,0.047940,0.019056
45436120.000,Miguel,recording,knock_twice_right,10,0.464746,7.234349,6.777945,-0.011603,0.022040,0.011297
45436130.000,Miguel,recording,knock_twice_right,10,0.439611,7.260104,6.736903,0.012728,-0.008088,-0.004985
45436140.000,Miguel,recording,knock_twice_right,10,0.335333,7.310557,6.669583,0.030700,-0.031890,-0.019614
45436150.000,Miguel,recording,knock_twice_right,10,0.232344,7.300932,6.614933,0.037546,-0.036256,-0.024803
45436160.000,Miguel,recording,knock_twice_right,10,0.160312,7.256788,6.550795,0.035374,-0.019363,-0.021966
45436170.000,Miguel,recording,knock_twice_right,10,0.124829,7.225278,6.486794,0.027291,0.006738,-0.012348
45436180.000,Miguel,recording,knock_twice_right,10,0.122505,7.214796,6.449538,0.014866,0.024270,0.000690
45436190.000,Miguel,recording,knock_twice_right,10,0.152904,7.204185,6.480278,0.002215,0.021327,0.011764
45436200.000,Miguel,recording,knock_twice_right,10,0.225293,7.211432,6.543195,-0.005550,0.001992,0.018230
45436210.000,Miguel,recording,knock_twice_right,10,0.289643,7.219532,6.580524,-0.007229,-0.018292,0.017506
45436220.000,Miguel,recording,knock_twice_right,10,0.311763,7.228849,6.602132,-0.006645,-0.026197,0.011574
45436230.000,Miguel,recording,knock_twice_right,10,0.323919,7.202763,6.628013,-0.006376,-0.017654,0.006885
45436240.000,Miguel,recording,knock_twice_right,10,0.340001,7.162003,6.653329,-0.003789,0.002136,0.005541
45436250.000,Miguel,recording,knock_twice_right,10,0.369642,7.135502,6.672568,0.004094,0.021352,0.004387
45436260.000,Miguel,recording,knock_twice_right,10,0.355848,7.148683,6.643470,0.017968,0.027849,-0.001021
45436270.000,Miguel,recording,knock_twice_right,10,0.307194,7.193252,6.576788,0.034649,0.017482,-0.011066
45436280.000,Miguel,recording,knock_twice_right,10,0.221758,7.201886,6.490419,0.047849,-0.004004,-0.021190
45436290.000,Miguel,recording,knock_twice_right,10,0.156965,7.202712,6.392131,0.052734,-0.024845,-0.025124
45436300.000,Miguel,recording,knock_twice_right,10,0.090159,7.210568,6.320047,0.042968,-0.034213,-0.019613
45436310.000,Miguel,recording,knock_twice_right,10,0.076170,7.219454,6.263869,0.017102,-0.028759,-0.005461
45436320.000,Miguel,recording,knock_twice_right,10,0.158988,7.197271,6.271112,-0.017968,-0.013666,0.010424
45436330.000,Miguel,recording,knock_twice_right,10,0.257622,7.141038,6.342957,-0.052859,0.005090,0.019263
45436340.000,Miguel,recording,knock_twice_right,10,0.344392,7.111636,6.448630,-0.079856,0.020113,0.018263
45436350.000,Miguel,recording,knock_twice_right,10,0.367993,7.132576,6.575721,-0.095416,0.027292,0.011897
45436360.000,Miguel,recording,knock_twice_right,10,0.358972,7.176768,6.656439,-0.096911,0.027761,0.003610
45436370.000,Miguel,recording,knock_twice_right,10,0.362020,7.184577,6.700913,-0.087209,0.021717,-0.009451
45436380.000,Miguel,recording,knock_twice_right,10,0.300176,7.158948,6.702244,-0.073142,0.009248,-0.025174
45436390.000,Miguel,recording,knock_twice_right,10,0.168600,7.151885,6.693592,-0.060730,-0.007782,-0.034884
45436400.000,Miguel,recording,knock_twice_right,10,0.038505,7.180436,6.677993,-0.052441,-0.020219,-0.032705
45436410.000,Miguel,recording,knock_twice_right,10,-0.016239,7.169483,6.695189,-0.049931,-0.020746,-0.017783
45436420.000,Miguel,recording,knock_twice_right,10,0.007227,7.138515,6.726686,-0.052959,-0.011281,0.003402
45436430.000,Miguel,recording,knock_twice_right,10,0.100807,7.108338,6.783023,-0.054579,0.004182,0.021003
45436440.000,Miguel,recording,knock_twice_right,10,0.217112,7.101415,6.842393,-0.047209,0.018469,0.030201
45436450.000,Miguel,recording,knock_twice_right,10,0.323304,7.112789,6.864983,-0.031362,0.025361,0.030591
45436460.000,Miguel,recording,knock_twice_right,10,0.353811,7.117681,6.843098,-0.010724,0.024798,0.022322
45436470.000,Miguel,recording,knock_twice_right,10,0.289565,7.132902,6.788998,0.009685,0.017690,0.011977
45436480.000,Miguel,recording,knock_twice_right,10,0.196809,7.166092,6.734957,0.025371,0.007540,0.007934
45436490.000,Miguel,recording,knock_twice_right,10,0.131654,7.194194,6.670416,0.034375,0.000783,0.009085
45436500.000,Miguel,recording,knock_twice_right,10,0.099731,7.201690,6.603213,0.035002,-0.000141,0.014239
45436510.000,Miguel,recording,knock_twice_right,10,0.131994,7.183217,6.577164,0.028994,0.003518,0.025099
45436520.000,Miguel,recording,knock_twice_right,10,0.218175,7.174398,6.573808,0.019944,0.008809,0.036812
45436530.000,Miguel,recording,knock_twice_right,10,0.358805,7.167438,6.611214,0.012099,0.013825,0.042660
45436540.000,Miguel,recording,knock_twice_right,10,0.483082,7.180720,6.668323,0.010673,0.019313,0.039171
45436550.000,Miguel,recording,knock_twice_right,10,0.541852,7.205385,6.702343,0.016014,0.023784,0.025899
45436560.000,Miguel,recording,knock_twice_right,10,0.553422,7.225467,6.738620,0.024178,0.029363,0.007569
45436570.000,Miguel,recording,knock_twice_right,10,0.528135,7.249942,6.743326,0.036894,0.038521,-0.011903
45436580.000,Miguel,recording,knock_twice_right,10,0.512421,7.295845,6.710093,0.051859,0.045173,-0.031194
45436590.000,Miguel,recording,knock_twice_right,10,0.505385,7.364855,6.680991,0.065570,0.044215,-0.046087
45436600.000,Miguel,recording,knock_twice_right,10,0.455999,7.368950,6.673581,0.080262,0.040363,-0.058169
45436610.000,Miguel,recording,knock_twice_right,10,0.431652,7.307247,6.671183,0.100035,0.039650,-0.067852
45436620.000,Miguel,recording,knock_twice_right,10,0.328668,7.188760,6.572387,0.127843,0.046166,-0.072819
45436630.000,Miguel,recording,knock_twice_right,10,-0.066304,6.938564,6.253637,0.153806,0.077723,-0.083809
45436640.000,Miguel,recording,knock_twice_right,10,-0.636909,6.992528,5.956296,0.139621,0.120538,-0.059422
45436650.000,Miguel,recording,knock_twice_right,10,-0.594725,7.348498,5.893213,0.059125,0.134875,0.029624
45436660.000,Miguel,recording,knock_twice_right,10,0.057669,7.299194,5.932861,-0.054015,0.128269,0.099367
45436670.000,Miguel,recording,knock_twice_right,10,0.707085,7.162222,6.170037,-0.142833,0.107698,0.092878
45436680.000,Miguel,recording,knock_twice_right,10,0.964040,7.251154,6.621620,-0.174295,0.042684,0.035069
45436690.000,Miguel,recording,knock_twice_right,10,0.866763,7.317213,6.997952,-0.144626,-0.051406,-0.043064
45436700.000,Miguel,recording,knock_twice_right,10,0.621068,7.170478,7.029629,-0.073851,-0.098843,-0.121144
45436710.000,Miguel,recording,knock_twice_right,10,0.254072,6.957069,6.846820,-0.003949,-0.080601,-0.167469
45436720.000,Miguel,recording,knock_twice_right,10,-0.289855,7.022845,6.647708,0.030581,-0.055069,-0.142099
45436730.000,Miguel,recording,knock_twice_right,10,-0.514470,7.348941,6.536480,0.027122,-0.053584,-0.051373
45436740.000,Miguel,recording,knock_twice_right,10,-0.150167,7.559846,6.616581,0.009275,-0.055957,0.040058
45436750.000,Miguel,recording,knock_twice_right,10,0.516468,7.501748,6.835419,0.006935,-0.035649,0.066966
45436760.000,Miguel,recording,knock_twice_right,10,0.954836,7.259988,7.044492,0.036382,0.010148,0.019867
45436770.000,Miguel,recording,knock_twice_right,10,0.909055,7.081526,7.117114,0.087342,0.054621,-0.064500
45436780.000,Miguel,recording,knock_twice_right,10,0.441379,6.919233,6.941043,0.139498,0.112514,-0.148120
45436790.000,Miguel,recording,knock_twice_right,10,-0.577061,6.831973,6.442574,0.166312,0.223757,-0.180981
45436800.000,Miguel,recording,knock_twice_right,10,-1.459510,7.081161,6.113349,0.133741,0.315700,-0.108061
45436810.000,Miguel,recording,knock_twice_right,10,-1.514471,7.244172,6.034045,0.048157,0.299973,0.046441
45436820.000,Miguel,recording,knock_twice_right,10,-0.709754,7.134494,6.146388,-0.042261,0.192575,0.180256
45436830.000,Miguel,recording,knock_twice_right,10,0.233102,7.079693,6.500852,-0.090722,0.035450,0.224726
45436840.000,Miguel,recording,knock_twice_right,10,0.775477,7.173571,6.915252,-0.076674,-0.133766,0.190028
45436850.000,Miguel,recording,knock_twice_right,10,0.986050,7.145382,7.090137,-0.012425,-0.261375,0.112647
45436860.000,Miguel,recording,knock_twice_right,10,0.935999,7.019783,6.966524,0.065638,-0.303077,0.022966
45436870.000,Miguel,recording,knock_twice_right,10,0.534554,7.066339,6.700528,0.119180,-0.265401,-0.042848
45436880.000,Miguel,recording,knock_twice_right,10,0.037569,7.169445,6.412323,0.129980,-0.179359,-0.058175
45436890.000,Miguel,recording,knock_twice_right,10,-0.195232,7.200880,6.214740,0.103227,-0.082904,-0.024588
45436900.000,Miguel,recording,knock_twice_right,10,-0.223284,7.362213,6.133644,0.059530,-0.015166,0.039050
45436910.000,Miguel,recording,knock_twice_right,10,-0.068977,7.504070,6.128371,0.016026,0.003050,0.103089
45436920.000,Miguel,recording,knock_twice_right,10,0.281546,7.486606,6.192384,-0.016715,-0.022786,0.135193
45436930.000,Miguel,recording,knock_twice_right,10,0.603050,7.439302,6.276079,-0.036239,-0.065235,0.121787
45436940.000,Miguel,recording,knock_twice_right,10,0.760164,7.437852,6.383280,-0.047079,-0.092437,0.079596
45436950.000,Miguel,recording,knock_twice_right,10,0.797353,7.420015,6.461232,-0.054034,-0.085162,0.031687
45436960.000,Miguel,recording,knock_twice_right,10,0.745950,7.353713,6.494430,-0.062175,-0.045322,-0.012856
45436970.000,Miguel,recording,knock_twice_right,10,0.607591,7.270321,6.500179,-0.073933,0.005957,-0.045105
45436980.000,Miguel,recording,knock_twice_right,10,0.427143,7.219352,6.527338,-0.086639,0.042693,-0.060071
45436990.000,Miguel,recording,knock_twice_right,10,0.267974,7.207387,6.552940,-0.092575,0.054262,-0.061550
45437000.000,Miguel,recording,knock_twice_right,10,0.147782,7.195656,6.581365,-0.091617,0.043121,-0.052789
45437010.000,Miguel,recording,knock_twice_right,10,0.099086,7.187058,6.641948,-0.084039,0.018165,-0.039134
45437020.000,Miguel,recording,knock_twice_right,10,0.065364,7.181329,6.683615,-0.066580,-0.008168,-0.027175
45437030.000,Miguel,recording,knock_twice_right,10,0.050006,7.188809,6.693224,-0.044952,-0.029735,-0.021563
45437040.000,Miguel,recording,knock_twice_right,10,0.059722,7.206618,6.705774,-0.029993,-0.048313,-0.019587
45437050.000,Miguel,recording,knock_twice_right,10,0.103556,7.194665,6.733672,-0.024081,-0.055464,-0.016932
45437060.000,Miguel,recording,knock_twice_right,10,0.155618,7.164764,6.705606,-0.021057,-0.037332,-0.015493
45437070.000,Miguel,recording,knock_twice_right,10,0.169988,7.151231,6.665077,-0.020432,-0.003239,-0.014900
45437080.000,Miguel,recording,knock_twice_right,10,0.120946,7.150503,6.662796,-0.024831,0.019214,-0.011571
45437090.000,Miguel,recording,knock_twice_right,10,0.089815,7.119022,6.700942,-0.028274,0.021413,-0.004903
45437100.000,Miguel,recording,knock_twice_right,10,0.109797,7.082296,6.751897,-0.021045,0.019997,0.000381
45437110.000,Miguel,recording,knock_twice_right,10,0.094156,7.072663,6.749060,-0.001216,0.024018,0.003839
45437120.000,Miguel,recording,knock_twice_right,10,0.039076,7.089986,6.696940,0.023557,0.021727,0.009893
45437130.000,Miguel,recording,knock_twice_right,10,-0.006444,7.131003,6.618533,0.042975,0.000924,0.019574
45437140.000,Miguel,recording,knock_twice_right,10,0.050521,7.187183,6.588237,0.053833,-0.030195,0.030766
45437150.000,Miguel,recording,knock_twice_right,10,0.160043,7.206956,6.545649,0.058942,-0.047661,0.040433
45437160.000,Miguel,recording,knock_twice_right,10,0.271379,7.199512,6.479716,0.055780,-0.043741,0.045076
45437170.000,Miguel,recording,knock_twice_right,10,0.339498,7.212247,6.429249,0.041694,-0.030471,0.045135
45437180.000,Miguel,recording,knock_twice_right,10,0.371747,7.228733,6.395998,0.016220,-0.018024,0.042639
45437190.000,Miguel,recording,knock_twice_right,10,0.414068,7.240705,6.424714,-0.014326,-0.007870,0.037868
45437200.000,Miguel,recording,knock_twice_right,10,0.437679,7.244341,6.478205,-0.038617,0.005005,0.028110
45437210.000,Miguel,recording,knock_twice_right,10,0.453322,7.250256,6.503290,-0.053387,0.022502,0.013788
45437220.000,Miguel,recording,knock_twice_right,10,0.404981,7.243948,6.511484,-0.061345,0.036659,0.000021
45437230.000,Miguel,recording,knock_twice_right,10,0.306144,7.234606,6.526924,-0.065249,0.037017,-0.010382
45437240.000,Miguel,recording,knock_twice_right,10,0.206088,7.238500,6.523595,-0.066217,0.022813,-0.015039
45437250.000,Miguel,recording,knock_twice_right,10,0.157963,7.234096,6.542646,-0.065688,0.003437,-0.013525
45437260.000,Miguel,recording,knock_twice_right,10,0.197713,7.194782,6.584936,-0.062976,-0.008109,-0.007269
45437270.000,Miguel,recording,knock_twice_right,10,0.275412,7.149125,6.625867,-0.057483,-0.005454,-0.001839
45437280.000,Miguel,recording,knock_twice_right,10,0.350567,7.114214,6.621002,-0.054241,0.002248,-0.002651
45437290.000,Miguel,recording,knock_twice_right,10,0.312448,7.090663,6.627893,-0.053508,0.004597,-0.008312
45437300.000,Miguel,recording,knock_twice_right,10,0.220173,7.075550,6.668420,-0.049204,0.002437,-0.011644
45437310.000,Miguel,recording,knock_twice_right,10,0.177427,7.066694,6.703140,-0.039951,0.005212,-0.009010
45437320.000,Miguel,recording,knock_twice_right,10,0.160765,7.077431,6.686742,-0.027690,0.015066,-0.004440
45437330.000,Miguel,recording,knock_twice_right,10,0.154812,7.109430,6.641328,-0.017882,0.019579,0.001483
45437340.000,Miguel,recording,knock_twice_right,10,0.141774,7.148312,6.616282,-0.013475,0.008747,0.010170
45437350.000,Miguel,recording,knock_twice_right,10,0.153333,7.173741,6.607785,-0.012293,-0.013227,0.020640
45437360.000,Miguel,recording,knock_twice_right,10,0.219220,7.174759,6.626256,-0.013689,-0.028726,0.027831
45437370.000,Miguel,recording,knock_twice_right,10,0.268906,7.197892,6.632255,-0.017069,-0.025264,0.028337
45437380.000,Miguel,recording,knock_twice_right,10,0.296950,7.226124,6.612613,-0.023464,-0.010980,0.025404
45437390.000,Miguel,recording,knock_twice_right,10,0.320072,7.219158,6.621249,-0.032657,0.002806,0.020128
45437400.000,Miguel,recording,knock_twice_right,10,0.335631,7.203625,6.671992,-0.038693,0.015397,0.012327
45437410.000,Miguel,recording,knock_twice_right,10,0.320652,7.211356,6.716438,-0.038423,0.029006,0.003464
45437420.000,Miguel,recording,knock_twice_right,10,0.268879,7.213334,6.727633,-0.033303,0.037817,-0.001471
45437430.000,Miguel,recording,knock_twice_right,10,0.205512,7.219926,6.720535,-0.024922,0.031893,0.000481
45437440.000,Miguel,recording,knock_twice_right,10,0.188707,7.202925,6.720408,-0.015826,0.014739,0.006319
45437450.000,Miguel,recording,knock_twice_right,10,0.228423,7.166560,6.717050,-0.004903,0.000348,0.012816
45437460.000,Miguel,recording,knock_twice_right,10,0.294232,7.146344,6.681559,0.007101,-0.003179,0.016472
45437470.000,Miguel,recording,knock_twice_right,10,0.343384,7.132206,6.610958,0.014323,-0.001776,0.013657
45437480.000,Miguel,recording,knock_twice_right,10,0.342416,7.124103,6.564516,0.013580,-0.002087,0.007152
45437490.000,Miguel,recording,knock_twice_right,10,0.336747,7.125092,6.543929,0.008262,-0.001599,0.000999
45437500.000,Miguel,recording,knock_twice_right,11,0.311461,7.121068,6.521863,0.001980,0.000754,-0.005264
45437510.000,Miguel,recording,knock_twice_right,11,0.234007,7.132892,6.488988,-0.007757,0.001452,-0.010060
45437520.000,Miguel,recording,knock_twice_right,11,0.183107,7.149506,6.492715,-0.023001,0.001107,-0.008363
45437530.000,Miguel,recording,knock_twice_right,11,0.192854,7.151996,6.528749,-0.039027,0.006826,-0.001094
45437540.000,Miguel,recording,knock_twice_right,11,0.248946,7.136482,6.575334,-0.051324,0.018246,0.005075
45437550.000,Miguel,recording,knock_twice_right,11,0.313919,7.125320,6.608076,-0.059216,0.025560,0.005799
45437560.000,Miguel,recording,knock_twice_right,11,0.339677,7.125899,6.664463,-0.060949,0.023948,-0.000411
45437570.000,Miguel,recording,knock_twice_right,11,0.331916,7.114159,6.721653,-0.054520,0.019484,-0.008952
45437580.000,Miguel,recording,knock_twice_right,11,0.329048,7.109485,6.733660,-0.042162,0.013271,-0.018120
45437590.000,Miguel,recording,knock_twice_right,11,0.294089,7.115291,6.718662,-0.031050,-0.001081,-0.027232
45437600.000,Miguel,recording,knock_twice_right,11,0.213069,7.108875,6.717538,-0.025489,-0.019550,-0.031966
45437610.000,Miguel,recording,knock_twice_right,11,0.137333,7.093815,6.738030,-0.024437,-0.026701,-0.028044
45437620.000,Miguel,recording,knock_twice_right,11,0.111878,7.091294,6.759823,-0.025272,-0.017544,-0.017362
45437630.000,Miguel,recording,knock_twice_right,11,0.148402,7.093824,6.763484,-0.027495,-0.000579,-0.006643
45437640.000,Miguel,recording,knock_twice_right,11,0.203506,7.107212,6.783774,-0.030909,0.014611,0.000620
45437650.000,Miguel,recording,knock_twice_right,11,0.225425,7.107850,6.837558,-0.029253,0.024068,0.003024
45437660.000,Miguel,recording,knock_twice_right,11,0.243771,7.093908,6.874184,-0.015849,0.028602,0.003055
45437670.000,Miguel,recording,knock_twice_right,11,0.257143,7.103831,6.856223,0.005936,0.021189,0.001191
45437680.000,Miguel,recording,knock_twice_right,11,0.261005,7.102511,6.808646,0.025654,-0.001500,-0.004216
45437690.000,Miguel,recording,knock_twice_right,11,0.220434,7.116758,6.739276,0.039170,-0.025051,-0.010859
45437700.000,Miguel,recording,knock_twice_right,11,0.184802,7.124790,6.691119,0.045393,-0.031842,-0.013030
45437710.000,Miguel,recording,knock_twice_right,11,0.176994,7.113413,6.634600,0.042373,-0.022487,-0.008645
45437720.000,Miguel,recording,knock_twice_right,11,0.187006,7.097074,6.577564,0.030819,-0.009450,-0.002432
45437730.000,Miguel,recording,knock_twice_right,11,0.193365,7.087554,6.555650,0.015706,0.001589,0.003577
45437740.000,Miguel,recording,knock_twice_right,11,0.210430,7.087522,6.539569,0.003462,0.011456,0.008572
45437750.000,Miguel,recording,knock_twice_right,11,0.217156,7.106879,6.514890,-0.005951,0.015591,0.010982
45437760.000,Miguel,recording,knock_twice_right,11,0.233940,7.125185,6.516835,-0.014520,0.010151,0.013509
45437770.000,Miguel,recording,knock_twice_right,11,0.279089,7.126412,6.547211,-0.020884,0.002548,0.014570
45437780.000,Miguel,recording,knock_twice_right,11,0.333017,7.144244,6.566372,-0.025698,-0.003746,0.011599
45437790.000,Miguel,recording,knock_twice_right,11,0.358764,7.158143,6.593465,-0.029557,-0.006986,0.005981
45437800.000,Miguel,recording,knock_twice_right,11,0.323532,7.148282,6.623700,-0.033943,-0.003991,-0.000392
45437810.000,Miguel,recording,knock_twice_right,11,0.280244,7.146972,6.636570,-0.037658,0.003783,-0.002148
45437820.000,Miguel,recording,knock_twice_right,11,0.253219,7.136339,6.626964,-0.037956,0.012970,0.000536
45437830.000,Miguel,recording,knock_twice_right,11,0.260803,7.109969,6.608990,-0.038987,0.016835,0.003568
45437840.000,Miguel,recording,knock_twice_right,11,0.275881,7.117012,6.592046,-0.042512,0.010365,0.005767
45437850.000,Miguel,recording,knock_twice_right,11,0.278044,7.127616,6.647595,-0.047732,-0.004166,0.005436
45437860.000,Miguel,recording,knock_twice_right,11,0.299597,7.134155,6.694121,-0.050848,-0.013118,0.001582
45437870.000,Miguel,recording,knock_twice_right,11,0.299445,7.133341,6.700331,-0.050604,-0.007846,-0.004397
45437880.000,Miguel,recording,knock_twice_right,11,0.294333,7.126951,6.703042,-0.053862,0.001892,-0.008777
45437890.000,Miguel,recording,knock_twice_right,11,0.283924,7.127950,6.737558,-0.061452,0.006009,-0.010593
45437900.000,Miguel,recording,knock_twice_right,11,0.271787,7.126882,6.808274,-0.067764,0.007681,-0.011945
45437910.000,Miguel,recording,knock_twice_right,11,0.272825,7.119550,6.882815,-0.065141,0.012398,-0.012520
45437920.000,Miguel,recording,knock_twice_right,11,0.275981,7.102376,6.941898,-0.050040,0.017796,-0.011813
45437930.000,Miguel,recording,knock_twice_right,11,0.254696,7.062546,6.940446,-0.029074,0.015736,-0.012140
45437940.000,Miguel,recording,knock_twice_right,11,0.214920,7.056880,6.929171,-0.007256,0.002443,-0.013207
45437950.000,Miguel,recording,knock_twice_right,11,0.208316,7.072913,6.903264,0.013946,-0.013119,-0.013349
45437960.000,Miguel,recording,knock_twice_right,11,0.187913,7.063850,6.831270,0.033032,-0.021815,-0.014634
45437970.000,Miguel,recording,knock_twice_right,11,0.141954,7.042459,6.749453,0.044107,-0.024795,-0.015806
45437980.000,Miguel,recording,knock_twice_right,11,0.104784,7.036964,6.701242,0.045272,-0.024136,-0.010120
45437990.000,Miguel,recording,knock_twice_right,11,0.127232,7.040085,6.658864,0.041667,-0.015778,0.000051
45438000.000,Miguel,recording,knock_twice_right,11,0.156226,7.044961,6.627855,0.037010,-0.004184,0.008057
45438010.000,Miguel,recording,knock_twice_right,11,0.171238,7.055799,6.596179,0.030726,0.000073,0.013879
45438020.000,Miguel,recording,knock_twice_right,11,0.199430,7.071310,6.576703,0.020971,-0.003433,0.018151
45438030.000,Miguel,recording,knock_twice_right,11,0.235028,7.074507,6.582953,0.012837,-0.005286,0.019931
45438040.000,Miguel,recording,knock_twice_right,11,0.247373,7.084594,6.579071,0.008500,-0.001733,0.018172
45438050.000,Miguel,recording,knock_twice_right,11,0.263617,7.092164,6.560963,0.003626,-0.002034,0.015860
45438060.000,Miguel,recording,knock_twice_right,11,0.305121,7.088308,6.542909,-0.006440,-0.012093,0.012103
45438070.000,Miguel,recording,knock_twice_right,11,0.305469,7.091966,6.546540,-0.021522,-0.024750,0.005273
45438080.000,Miguel,recording,knock_twice_right,11,0.260728,7.092557,6.597337,-0.037800,-0.028532,-0.000083
45438090.000,Miguel,recording,knock_twice_right,11,0.263038,7.103691,6.673327,-0.053896,-0.019529,-0.000465
45438100.000,Miguel,recording,knock_twice_right,11,0.266119,7.096716,6.726724,-0.066826,-0.000483,-0.000266
45438110.000,Miguel,recording,knock_twice_right,11,0.247592,7.062876,6.784739,-0.072219,0.020852,-0.002963
45438120.000,Miguel,recording,knock_twice_right,11,0.201400,7.059360,6.847254,-0.069164,0.034165,-0.003515
45438130.000,Miguel,recording,knock_twice_right,11,0.166008,7.073933,6.901400,-0.056054,0.036265,-0.000021
45438140.000,Miguel,recording,knock_twice_right,11,0.184391,7.069071,6.904954,-0.034088,0.030867,0.005198
45438150.000,Miguel,recording,knock_twice_right,11,0.221010,7.063465,6.880647,-0.009666,0.016479,0.006776
45438160.000,Miguel,recording,knock_twice_right,11,0.226215,7.064882,6.830783,0.012648,-0.006606,0.004927
45438170.000,Miguel,recording,knock_twice_right,11,0.220453,7.049381,6.785457,0.028783,-0.028437,0.004135
45438180.000,Miguel,recording,knock_twice_right,11,0.220121,7.039685,6.750057,0.034565,-0.039124,0.007196
45438190.000,Miguel,recording,knock_twice_right,11,0.241674,7.044006,6.716469,0.029791,-0.035459,0.013791
45438200.000,Miguel,recording,knock_twice_right,11,0.285435,7.049313,6.710768,0.018730,-0.022984,0.019039
45438210.000,Miguel,recording,knock_twice_right,11,0.317354,7.067947,6.728498,0.007868,-0.007168,0.020309
45438220.000,Miguel,recording,knock_twice_right,11,0.324238,7.106480,6.760749,0.001148,0.008133,0.017718
45438230.000,Miguel,recording,knock_twice_right,11,0.336900,7.139632,6.763847,-0.000082,0.016721,0.013184
45438240.000,Miguel,recording,knock_twice_right,11,0.341326,7.146014,6.736550,0.003143,0.015305,0.007569
45438250.000,Miguel,recording,knock_twice_right,11,0.320048,7.135919,6.719479,0.008870,0.008451,0.001179
45438260.000,Miguel,recording,knock_twice_right,11,0.246166,7.137484,6.681383,0.013450,0.000889,-0.000560
45438270.000,Miguel,recording,knock_twice_right,11,0.239125,7.144136,6.652038,0.012586,-0.008772,0.004296
45438280.000,Miguel,recording,knock_twice_right,11,0.320645,7.126189,6.633317,0.005062,-0.019330,0.008569
45438290.000,Miguel,recording,knock_twice_right,11,0.402238,7.092009,6.672765,-0.007096,-0.024078,0.006007
45438300.000,Miguel,recording,knock_twice_right,11,0.439070,7.077942,6.768324,-0.018117,-0.016121,-0.000356
45438310.000,Miguel,recording,knock_twice_right,11,0.433126,7.080336,6.818099,-0.019933,0.005245,-0.008010
45438320.000,Miguel,recording,knock_twice_right,11,0.368632,7.082396,6.821504,-0.011351,0.029160,-0.017724
45438330.000,Miguel,recording,knock_twice_right,11,0.266008,7.087624,6.780893,0.002520,0.036729,-0.024283
45438340.000,Miguel,recording,knock_twice_right,11,0.162054,7.084468,6.728890,0.018280,0.024930,-0.022674
45438350.000,Miguel,recording,knock_twice_right,11,0.134626,7.079889,6.648498,0.032640,0.001567,-0.012961
45438360.000,Miguel,recording,knock_twice_right,11,0.198080,7.085187,6.576526,0.039259,-0.029020,-0.000485
45438370.000,Miguel,recording,knock_twice_right,11,0.291873,7.088681,6.549871,0.032691,-0.055825,0.006303
45438380.000,Miguel,recording,knock_twice_right,11,0.386281,7.084569,6.553642,0.016841,-0.063314,0.005090
45438390.000,Miguel,recording,knock_twice_right,11,0.441184,7.085742,6.572574,-0.002840,-0.044639,-0.002888
45438400.000,Miguel,recording,knock_twice_right,11,0.461055,7.092095,6.580905,-0.024443,-0.010312,-0.015277
45438410.000,Miguel,recording,knock_twice_right,11,0.431445,7.088226,6.585750,-0.044937,0.020568,-0.029463
45438420.000,Miguel,recording,knock_twice_right,11,0.371187,7.077595,6.603443,-0.059088,0.039685,-0.043468
45438430.000,Miguel,recording,knock_twice_right,11,0.281854,7.064073,6.640308,-0.064043,0.043885,-0.051191
45438440.000,Miguel,recording,knock_twice_right,11,0.188917,7.051173,6.651553,-0.062021,0.030682,-0.051895
45438450.000,Miguel,recording,knock_twice_right,11,0.101063,7.033460,6.650024,-0.058011,0.004898,-0.046573
45438460.000,Miguel,recording,knock_twice_right,11,0.054323,7.028898,6.656936,-0.055090,-0.021158,-0.036238
45438470.000,Miguel,recording,knock_twice_right,11,0.072436,7.031073,6.687241,-0.055116,-0.035183,-0.022912
45438480.000,Miguel,recording,knock_twice_right,11,0.109569,7.053351,6.748025,-0.058536,-0.035995,-0.010807
45438490.000,Miguel,recording,knock_twice_right,11,0.133933,7.067081,6.823040,-0.063720,-0.026330,-0.003567
45438500.000,Miguel,recording,knock_twice_right,11,0.157635,7.033987,6.917394,-0.064664,-0.007973,0.002494
45438510.000,Miguel,recording,knock_twice_right,11,0.238747,6.986148,6.993745,-0.055758,0.012460,0.007815
45438520.000,Miguel,recording,knock_twice_right,11,0.313284,6.975925,7.002142,-0.039263,0.021052,0.006334
45438530.000,Miguel,recording,knock_twice_right,11,0.320203,7.025759,6.978174,-0.020527,0.010932,-0.003614
45438540.000,Miguel,recording,knock_twice_right,11,0.250703,7.087428,6.948332,-0.005850,-0.007045,-0.015276
45438550.000,Miguel,recording,knock_twice_right,11,0.166831,7.083793,6.922142,0.005185,-0.017760,-0.022046
45438560.000,Miguel,recording,knock_twice_right,11,0.115525,7.045890,6.885264,0.013188,-0.015071,-0.019568
45438570.000,Miguel,recording,knock_twice_right,11,0.088162,7.036718,6.841772,0.016224,-0.002685,-0.009803
45438580.000,Miguel,recording,knock_twice_right,11,0.097055,7.048481,6.804980,0.014352,0.009984,0.001444
45438590.000,Miguel,recording,knock_twice_right,11,0.126507,7.065396,6.794792,0.009200,0.015920,0.010821
45438600.000,Miguel,recording,knock_twice_right,11,0.175157,7.049363,6.812308,0.007315,0.016501,0.017509
45438610.000,Miguel,recording,knock_twice_right,11,0.257152,7.011409,6.836913,0.012731,0.016066,0.022466
45438620.000,Miguel,recording,knock_twice_right,11,0.338612,6.982635,6.831366,0.022504,0.010946,0.023593
45438630.000,Miguel,recording,knock_twice_right,11,0.389275,7.005773,6.801620,0.033732,-0.000512,0.016931
45438640.000,Miguel,recording,knock_twice_right,11,0.380227,7.034817,6.769110,0.044341,-0.011247,0.005405
45438650.000,Miguel,recording,knock_twice_right,11,0.322982,7.046250,6.712715,0.054029,-0.013569,-0.004082
45438660.000,Miguel,recording,knock_twice_right,11,0.239126,7.037615,6.645228,0.059629,-0.010451,-0.008054
45438670.000,Miguel,recording,knock_twice_right,11,0.185543,7.054842,6.573846,0.055452,-0.011581,-0.005022
45438680.000,Miguel,recording,knock_twice_right,11,0.178103,7.061510,6.527402,0.042473,-0.016410,0.002462
45438690.000,Miguel,recording,knock_twice_right,11,0.217661,7.072355,6.539048,0.025227,-0.019708,0.011217
45438700.000,Miguel,recording,knock_twice_right,11,0.284411,7.081501,6.577466,0.007435,-0.017364,0.017055
45438710.000,Miguel,recording,knock_twice_right,11,0.360036,7.067985,6.627894,-0.008043,-0.007057,0.015465
45438720.000,Miguel,recording,knock_twice_right,11,0.440024,7.062717,6.678628,-0.020394,0.005346,0.007924
45438730.000,Miguel,recording,knock_twice_right,11,0.477987,7.073288,6.695299,-0.027399,0.013363,-0.004849
45438740.000,Miguel,recording,knock_twice_right,11,0.451648,7.070655,6.719128,-0.029046,0.015133,-0.020465
45438750.000,Miguel,recording,knock_twice_right,11,0.360502,7.074335,6.731296,-0.025983,0.010568,-0.035369
45438760.000,Miguel,recording,knock_twice_right,11,0.226453,7.068019,6.750999,-0.017559,0.003036,-0.045025
45438770.000,Miguel,recording,knock_twice_right,11,0.112057,7.053379,6.764207,-0.008101,-0.005086,-0.044692
45438780.000,Miguel,recording,knock_twice_right,11,0.022941,7.046849,6.764829,0.000487,-0.014365,-0.034270
45438790.000,Miguel,recording,knock_twice_right,11,-0.001574,7.034303,6.793201,0.007501,-0.030950,-0.015281
45438800.000,Miguel,recording,knock_twice_right,11,0.054851,7.026308,6.836797,0.012585,-0.047858,0.003865
45438810.000,Miguel,recording,knock_twice_right,11,0.202415,7.007338,6.852124,0.017167,-0.046291,0.012208
45438820.000,Miguel,recording,knock_twice_right,11,0.349372,6.989383,6.819211,0.019706,-0.026918,0.008819
45438830.000,Miguel,recording,knock_twice_right,11,0.370770,6.987124,6.771664,0.016731,-0.005041,-0.001359
45438840.000,Miguel,recording,knock_twice_right,11,0.297269,6.999064,6.768810,0.011112,0.008760,-0.013092
45438850.000,Miguel,recording,knock_twice_right,11,0.212123,7.013894,6.774415,0.009970,0.017588,-0.019574
45438860.000,Miguel,recording,knock_twice_right,11,0.164495,7.016125,6.750339,0.014171,0.023101,-0.017927
45438870.000,Miguel,recording,knock_twice_right,11,0.152910,7.030087,6.705501,0.019678,0.019196,-0.010966
45438880.000,Miguel,recording,knock_twice_right,11,0.135647,7.028860,6.691534,0.024168,0.009436,-0.005539
45438890.000,Miguel,recording,knock_twice_right,11,0.129678,7.017499,6.669669,0.030380,0.000959,-0.002659
45438900.000,Miguel,recording,knock_twice_right,11,0.176385,7.007839,6.631952,0.034833,-0.006565,0.000665
45438910.000,Miguel,recording,knock_twice_right,11,0.250505,7.007332,6.585802,0.030206,-0.016840,0.002391
45438920.000,Miguel,recording,knock_twice_right,11,0.289620,7.003312,6.574156,0.018295,-0.025497,-0.001831
45438930.000,Miguel,recording,knock_twice_right,11,0.267453,6.986915,6.601641,0.004576,-0.024169,-0.012006
45438940.000,Miguel,recording,knock_twice_right,11,0.216860,6.980603,6.642094,-0.007655,-0.011163,-0.020970
45438950.000,Miguel,recording,knock_twice_right,11,0.152751,6.969029,6.661791,-0.019274,0.005827,-0.022846
45438960.000,Miguel,recording,knock_twice_right,11,0.099585,6.966512,6.667959,-0.029701,0.020401,-0.018026
45438970.000,Miguel,recording,knock_twice_right,11,0.079595,6.993629,6.675764,-0.036547,0.032973,-0.008198
45438980.000,Miguel,recording,knock_twice_right,11,0.071846,7.015031,6.710199,-0.037217,0.040394,0.005203
45438990.000,Miguel,recording,knock_twice_right,11,0.110945,7.014929,6.731913,-0.033724,0.033877,0.018591
45439000.000,Miguel,recording,knock_twice_right,11,0.176550,7.035726,6.736808,-0.031308,0.015258,0.026064
45439010.000,Miguel,recording,knock_twice_right,11,0.238500,7.071052,6.762010,-0.028455,-0.001284,0.028215
45439020.000,Miguel,recording,knock_twice_right,11,0.296139,7.087936,6.791281,-0.023850,-0.007897,0.028462
45439030.000,Miguel,recording,knock_twice_right,11,0.343086,7.088141,6.819091,-0.017873,-0.005328,0.025133
45439040.000,Miguel,recording,knock_twice_right,11,0.361566,7.088785,6.823047,-0.012587,-0.002331,0.017234
45439050.000,Miguel,recording,knock_twice_right,11,0.351487,7.119060,6.823717,-0.010069,-0.001055,0.007992
45439060.000,Miguel,recording,knock_twice_right,11,0.329337,7.133406,6.822941,-0.008104,0.003449,0.003494
45439070.000,Miguel,recording,knock_twice_right,11,0.308705,7.124802,6.798884,-0.005739,0.010637,0.002583
45439080.000,Miguel,recording,knock_twice_right,11,0.291385,7.130605,6.777961,-0.004750,0.015231,0.000993
45439090.000,Miguel,recording,knock_twice_right,11,0.273356,7.141069,6.750988,-0.005260,0.014333,0.000926
45439100.000,Miguel,recording,knock_twice_right,11,0.291919,7.127918,6.748632,-0.007049,0.008363,0.002156
45439110.000,Miguel,recording,knock_twice_right,11,0.337438,7.100475,6.755863,-0.010898,-0.000053,0.001754
45439120.000,Miguel,recording,knock_twice_right,11,0.358232,7.085123,6.791872,-0.013764,-0.002996,-0.002426
45439130.000,Miguel,recording,knock_twice_right,11,0.333706,7.073509,6.835876,-0.010318,0.002296,-0.008548
45439140.000,Miguel,recording,knock_twice_right,11,0.263718,7.067762,6.833840,-0.000467,0.011092,-0.013290
45439150.000,Miguel,recording,knock_twice_right,11,0.207083,7.054588,6.796789,0.010491,0.015429,-0.014036
45439160.000,Miguel,recording,knock_twice_right,11,0.196341,7.035946,6.734273,0.018819,0.013807,-0.010289
45439170.000,Miguel,recording,knock_twice_right,11,0.189273,7.032190,6.674805,0.023519,0.008129,-0.005595
45439180.000,Miguel,recording,knock_twice_right,11,0.178611,7.029373,6.640664,0.024230,-0.000451,-0.000216
45439190.000,Miguel,recording,knock_twice_right,11,0.199535,7.035635,6.617762,0.018311,-0.007791,0.004818
45439200.000,Miguel,recording,knock_twice_right,11,0.242174,7.030817,6.608346,0.006801,-0.009001,0.007230
45439210.000,Miguel,recording,knock_twice_right,11,0.309658,7.022611,6.626145,-0.004549,-0.002049,0.006064
45439220.000,Miguel,recording,knock_twice_right,11,0.330319,7.024430,6.665220,-0.012406,0.006183,0.000586
45439230.000,Miguel,recording,knock_twice_right,11,0.295263,7.026772,6.691976,-0.015661,0.009652,-0.006674
45439240.000,Miguel,recording,knock_twice_right,11,0.260984,7.040014,6.706879,-0.015760,0.010764,-0.012517
45439250.000,Miguel,recording,knock_twice_right,11,0.196923,7.054579,6.694704,-0.015145,0.009658,-0.015576
45439260.000,Miguel,recording,knock_twice_right,11,0.152078,7.057172,6.681026,-0.016123,0.007634,-0.014356
45439270.000,Miguel,recording,knock_twice_right,11,0.171109,7.037316,6.664949,-0.020572,0.007387,-0.008859
45439280.000,Miguel,recording,knock_twice_right,11,0.188760,7.023545,6.652785,-0.027708,0.005451,-0.003428
45439290.000,Miguel,recording,knock_twice_right,11,0.197568,7.039236,6.684818,-0.036300,0.000282,0.000684
45439300.000,Miguel,recording,knock_twice_right,11,0.248963,7.058552,6.757431,-0.046085,-0.002817,0.003332
45439310.000,Miguel,recording,knock_twice_right,11,0.320188,7.046858,6.851206,-0.051756,0.002060,0.000412
45439320.000,Miguel,recording,knock_twice_right,11,0.334348,7.040097,6.916630,-0.050076,0.013156,-0.006420
45439330.000,Miguel,recording,knock_twice_right,11,0.314823,7.045586,6.949685,-0.043423,0.024652,-0.014580
45439340.000,Miguel,recording,knock_twice_right,11,0.284917,7.051458,6.958331,-0.031951,0.032581,-0.022030
45439350.000,Miguel,recording,knock_twice_right,11,0.221666,7.040704,6.953539,-0.014721,0.032469,-0.024525
45439360.000,Miguel,recording,knock_twice_right,11,0.158357,7.045925,6.916268,0.002115,0.021215,-0.023668
45439370.000,Miguel,recording,knock_twice_right,11,0.122690,7.063287,6.861983,0.013812,0.002175,-0.019888
45439380.000,Miguel,recording,knock_twice_right,11,0.103155,7.062157,6.832815,0.021452,-0.015126,-0.011775
45439390.000,Miguel,recording,knock_twice_right,11,0.129644,7.039046,6.827669,0.024923,-0.021122,-0.004017
45439400.000,Miguel,recording,knock_twice_right,11,0.178310,7.015629,6.804151,0.026361,-0.015206,0.000758
45439410.000,Miguel,recording,knock_twice_right,11,0.231072,7.002672,6.772177,0.025996,-0.005814,0.002137
45439420.000,Miguel,recording,knock_twice_right,11,0.246265,7.004305,6.740290,0.025834,0.001543,-0.000400
45439430.000,Miguel,recording,knock_twice_right,11,0.216311,6.980491,6.697630,0.027626,0.003676,-0.004898
45439440.000,Miguel,recording,knock_twice_right,11,0.175833,6.990161,6.652300,0.025920,-0.003804,-0.006188
45439450.000,Miguel,recording,knock_twice_right,11,0.137911,6.995754,6.624772,0.020225,-0.013210,-0.002675
45439460.000,Miguel,recording,knock_twice_right,11,0.134558,6.989204,6.595871,0.014721,-0.016242,0.002528
45439470.000,Miguel,recording,knock_twice_right,11,0.135704,6.988045,6.599221,0.006232,-0.014062,0.009371
45439480.000,Miguel,recording,knock_twice_right,11,0.154967,6.992473,6.610423,-0.004149,-0.007844,0.017187
45439490.000,Miguel,recording,knock_twice_right,11,0.195489,7.005984,6.610877,-0.013150,-0.000569,0.022956
45439500.000,Miguel,recording,knock_twice_right,11,0.242550,7.012481,6.610367,-0.024018,0.003410,0.024424
45439510.000,Miguel,recording,knock_twice_right,11,0.286813,7.031648,6.635409,-0.035405,0.004431,0.022538
45439520.000,Miguel,recording,knock_twice_right,11,0.307320,7.052059,6.687287,-0.042033,0.003904,0.018309
45439530.000,Miguel,recording,knock_twice_right,11,0.305600,7.068716,6.744113,-0.043535,0.002439,0.012187
45439540.000,Miguel,recording,knock_twice_right,11,0.315597,7.079068,6.770443,-0.043495,0.000887,0.006214
45439550.000,Miguel,recording,knock_twice_right,11,0.304435,7.088408,6.784512,-0.044092,-0.000974,0.003083
45439560.000,Miguel,recording,knock_twice_right,11,0.281625,7.072831,6.803680,-0.044344,-0.004243,0.002421
45439570.000,Miguel,recording,knock_twice_right,11,0.274865,7.076828,6.826766,-0.043203,-0.005627,0.002477
45439580.000,Miguel,recording,knock_twice_right,11,0.283091,7.081481,6.844197,-0.042410,-0.004031,0.002495
45439590.000,Miguel,recording,knock_twice_right,11,0.298610,7.068876,6.855134,-0.040531,0.000362,0.000051
45439600.000,Miguel,recording,knock_twice_right,11,0.320566,7.065595,6.860187,-0.037261,0.005326,-0.004718
45439610.000,Miguel,recording,knock_twice_right,11,0.352387,7.051417,6.878685,-0.033723,0.005855,-0.010749
45439620.000,Miguel,recording,knock_twice_right,11,0.364346,7.018565,6.882529,-0.027906,0.004189,-0.020087
45439630.000,Miguel,recording,knock_twice_right,11,0.321298,6.997418,6.879468,-0.019888,0.001316,-0.029905
45439640.000,Miguel,recording,knock_twice_right,11,0.262885,7.005365,6.914171,-0.009380,-0.000196,-0.033714
45439650.000,Miguel,recording,knock_twice_right,11,0.279752,7.048799,6.962716,0.001812,0.005654,-0.030935
45439660.000,Miguel,recording,knock_twice_right,11,0.365005,7.082032,7.000058,0.015188,0.025488,-0.031576
45439670.000,Miguel,recording,knock_twice_right,11,0.365167,7.058516,7.029853,0.035960,0.055560,-0.044856
45439680.000,Miguel,recording,knock_twice_right,11,0.312770,7.005667,7.045047,0.067605,0.082799,-0.059494
45439690.000,Miguel,recording,knock_twice_right,11,0.238207,6.896446,6.951406,0.111578,0.103153,-0.063487
45439700.000,Miguel,recording,knock_twice_right,11,-0.101120,6.691042,6.650373,0.157017,0.115021,-0.072779
45439710.000,Miguel,recording,knock_twice_right,11,-0.898768,6.675377,6.287902,0.171132,0.106013,-0.058185
45439720.000,Miguel,recording,knock_twice_right,11,-1.163241,7.071647,6.169083,0.124827,0.069905,0.039955
45439730.000,Miguel,recording,knock_twice_right,11,-0.495429,7.113967,6.045935,0.027607,0.041850,0.160970
45439740.000,Miguel,recording,knock_twice_right,11,0.556420,6.889405,6.119341,-0.085614,0.032644,0.193964
45439750.000,Miguel,recording,knock_twice_right,11,1.074380,7.046668,6.476961,-0.171862,0.020292,0.136843
45439760.000,Miguel,recording,knock_twice_right,11,1.100425,7.193662,6.879508,-0.202823,-0.001913,0.044106
45439770.000,Miguel,recording,knock_twice_right,11,1.025130,7.058152,7.111428,-0.183487,-0.033570,-0.055336
45439780.000,Miguel,recording,knock_twice_right,11,0.771460,6.760941,7.121261,-0.132894,-0.045987,-0.146263
45439790.000,Miguel,recording,knock_twice_right,11,0.242992,6.628780,6.996761,-0.075565,-0.031241,-0.197275
45439800.000,Miguel,recording,knock_twice_right,11,-0.462689,6.940731,6.838874,-0.038179,-0.028842,-0.166371
45439810.000,Miguel,recording,knock_twice_right,11,-0.700468,7.299889,6.731645,-0.030411,-0.057943,-0.063667
45439820.000,Miguel,recording,knock_twice_right,11,-0.291078,7.417919,6.809749,-0.038230,-0.082162,0.042423
45439830.000,Miguel,recording,knock_twice_right,11,0.347484,7.270550,7.043870,-0.031132,-0.056709,0.089108
45439840.000,Miguel,recording,knock_twice_right,11,0.820767,6.981423,7.217013,0.004115,0.010947,0.065187
45439850.000,Miguel,recording,knock_twice_right,11,0.854500,6.865818,7.231559,0.047896,0.062255,0.004150
45439860.000,Miguel,recording,knock_twice_right,11,0.525531,6.860893,7.085719,0.085792,0.086706,-0.061311
45439870.000,Miguel,recording,knock_twice_right,11,-0.181177,6.783645,6.811009,0.109047,0.115881,-0.099307
45439880.000,Miguel,recording,knock_twice_right,11,-0.787385,6.950166,6.667475,0.100117,0.121680,-0.060264
45439890.000,Miguel,recording,knock_twice_right,11,-0.824066,7.134065,6.556027,0.059919,0.093600,0.042080
45439900.000,Miguel,recording,knock_twice_right,11,-0.286372,7.078748,6.550985,0.007865,0.050923,0.124791
45439910.000,Miguel,recording,knock_twice_right,11,0.306171,6.999805,6.723785,-0.033194,-0.007262,0.144450
45439920.000,Miguel,recording,knock_twice_right,11,0.693060,7.023999,6.966715,-0.044136,-0.067028,0.112264
45439930.000,Miguel,recording,knock_twice_right,11,0.872787,7.029415,7.071706,-0.025903,-0.102005,0.051644
45439940.000,Miguel,recording,knock_twice_right,11,0.788290,7.008763,6.983982,-0.001311,-0.098200,-0.016657
45439950.000,Miguel,recording,knock_twice_right,11,0.421931,7.048432,6.854263,0.012753,-0.065352,-0.064545
45439960.000,Miguel,recording,knock_twice_right,11,0.026071,7.015423,6.726418,0.015157,-0.025979,-0.073298
45439970.000,Miguel,recording,knock_twice_right,11,-0.180518,6.932224,6.652491,0.009868,0.002611,-0.046024
45439980.000,Miguel,recording,knock_twice_right,11,-0.251362,7.030573,6.622773,0.002030,0.011416,0.007750
45439990.000,Miguel,recording,knock_twice_right,11,-0.126398,7.148812,6.636521,-0.005586,-0.006069,0.067619
45440000.000,Miguel,recording,knock_twice_right,11,0.201903,7.162623,6.705442,-0.008785,-0.043313,0.104222
45440010.000,Miguel,recording,knock_twice_right,11,0.541085,7.139404,6.800473,-0.002968,-0.076721,0.102349
45440020.000,Miguel,recording,knock_twice_right,11,0.744103,7.093277,6.854807,0.011275,-0.084499,0.068772
45440030.000,Miguel,recording,knock_twice_right,11,0.747998,7.049638,6.831426,0.025042,-0.067434,0.022580
45440040.000,Miguel,recording,knock_twice_right,11,0.620177,7.038506,6.759482,0.027735,-0.038748,-0.018512
45440050.000,Miguel,recording,knock_twice_right,11,0.442220,7.043062,6.695946,0.019478,-0.009929,-0.044981
45440060.000,Miguel,recording,knock_twice_right,11,0.263711,7.031945,6.654418,0.004790,0.012031,-0.056253
45440070.000,Miguel,recording,knock_twice_right,11,0.089820,7.015268,6.636423,-0.010985,0.022428,-0.054667
45440080.000,Miguel,recording,knock_twice_right,11,-0.025099,7.005048,6.610382,-0.024404,0.018021,-0.041842
45440090.000,Miguel,recording,knock_twice_right,11,-0.034874,6.997009,6.604976,-0.038372,0.003069,-0.024001
45440100.000,Miguel,recording,knock_twice_right,11,0.008439,6.987880,6.662343,-0.051018,-0.011927,-0.010281
45440110.000,Miguel,recording,knock_twice_right,11,0.051943,6.965779,6.722734,-0.057551,-0.017910,-0.003967
45440120.000,Miguel,recording,knock_twice_right,11,0.074914,6.931371,6.764172,-0.062401,-0.016012,-0.001378
45440130.000,Miguel,recording,knock_twice_right,11,0.071105,6.920053,6.788963,-0.069680,-0.013611,0.002144
45440140.000,Miguel,recording,knock_twice_right,11,0.085671,6.898051,6.861469,-0.075540,-0.012296,0.008576
45440150.000,Miguel,recording,knock_twice_right,11,0.134786,6.874454,6.949583,-0.074258,-0.006799,0.015615
45440160.000,Miguel,recording,knock_twice_right,11,0.198281,6.852551,7.009433,-0.060691,0.006956,0.019504
45440170.000,Miguel,recording,knock_twice_right,11,0.228048,6.865241,7.013736,-0.039124,0.017448,0.020489
45440180.000,Miguel,recording,knock_twice_right,11,0.214636,6.930221,7.002605,-0.015171,0.010688,0.019636
45440190.000,Miguel,recording,knock_twice_right,11,0.184581,6.969300,6.973296,0.010024,-0.009596,0.019276
45440200.000,Miguel,recording,knock_twice_right,11,0.156047,6.998923,6.919123,0.030798,-0.030275,0.021286
45440210.000,Miguel,recording,knock_twice_right,11,0.146836,7.030579,6.845979,0.040711,-0.041743,0.025550
45440220.000,Miguel,recording,knock_twice_right,11,0.170467,7.057169,6.776237,0.037355,-0.042437,0.031690
45440230.000,Miguel,recording,knock_twice_right,11,0.238368,7.056781,6.778552,0.025314,-0.033062,0.037065
45440240.000,Miguel,recording,knock_twice_right,11,0.335290,7.048187,6.819892,0.014020,-0.010796,0.038372
45440250.000,Miguel,recording,knock_twice_right,11,0.429882,7.030106,6.819452,0.008352,0.018729,0.032705
45440260.000,Miguel,recording,knock_twice_right,11,0.452938,7.026366,6.768710,0.003554,0.036740,0.021303
45440270.000,Miguel,recording,knock_twice_right,11,0.400294,7.048563,6.744350,-0.001211,0.031208,0.008126
45440280.000,Miguel,recording,knock_twice_right,11,0.349932,7.063468,6.780554,-0.000745,0.008571,0.000418
45440290.000,Miguel,recording,knock_twice_right,11,0.321308,7.059931,6.793442,0.004429,-0.013714,-0.001807
45440300.000,Miguel,recording,knock_twice_right,11,0.331831,7.035537,6.760024,0.009735,-0.024907,-0.003936
45440310.000,Miguel,recording,knock_twice_right,11,0.319338,7.028744,6.715863,0.010408,-0.025492,-0.003911
45440320.000,Miguel,recording,knock_twice_right,11,0.301741,7.016679,6.712235,0.006642,-0.018833,-0.001721
45440330.000,Miguel,recording,knock_twice_right,11,0.302129,6.989714,6.730566,0.002854,-0.006096,0.000444
45440340.000,Miguel,recording,knock_twice_right,11,0.323421,6.995989,6.724372,0.001578,0.008257,0.001668
45440350.000,Miguel,recording,knock_twice_right,11,0.336608,7.023188,6.691518,0.001382,0.012740,-0.001521
45440360.000,Miguel,recording,knock_twice_right,11,0.277113,7.052013,6.650648,-0.001784,0.000623,-0.009093
45440370.000,Miguel,recording,knock_twice_right,11,0.222947,7.070254,6.662172,-0.010244,-0.020352,-0.013849
45440380.000,Miguel,recording,knock_twice_right,11,0.231135,7.048429,6.709732,-0.020950,-0.029847,-0.013022
45440390.000,Miguel,recording,knock_twice_right,11,0.284466,7.007406,6.741157,-0.031017,-0.018892,-0.010473
45440400.000,Miguel,recording,knock_twice_right,11,0.334345,6.976206,6.773590,-0.041720,-0.001443,-0.010932
45440410.000,Miguel,recording,knock_twice_right,11,0.333071,6.943303,6.828742,-0.052402,0.008080,-0.016413
45440420.000,Miguel,recording,knock_twice_right,11,0.287727,6.919861,6.890654,-0.053784,0.012307,-0.023383
45440430.000,Miguel,recording,knock_twice_right,11,0.207528,6.896429,6.920539,-0.040988,0.013725,-0.030040
45440440.000,Miguel,recording,knock_twice_right,11,0.113166,6.895148,6.877234,-0.025300,0.002864,-0.033442
45440450.000,Miguel,recording,knock_twice_right,11,0.039841,6.877150,6.833910,-0.018087,-0.022493,-0.030809
45440460.000,Miguel,recording,knock_twice_right,11,-0.010532,6.870211,6.857440,-0.019463,-0.043465,-0.021009
45440470.000,Miguel,recording,knock_twice_right,11,-0.028796,6.865749,6.913289,-0.023820,-0.038305,-0.005094
45440480.000,Miguel,recording,knock_twice_right,11,0.016314,6.859348,6.950580,-0.028458,-0.012102,0.014603
45440490.000,Miguel,recording,knock_twice_right,11,0.130153,6.863648,6.973018,-0.034109,0.013575,0.031250
45440500.000,Miguel,recording,knock_twice_right,11,0.236153,6.866719,7.015660,-0.036499,0.028974,0.036958
45440510.000,Miguel,recording,knock_twice_right,11,0.314331,6.906604,7.064474,-0.028188,0.037509,0.035242
45440520.000,Miguel,recording,knock_twice_right,11,0.359732,6.948530,7.065304,-0.009157,0.034844,0.028895
45440530.000,Miguel,recording,knock_twice_right,12,0.349722,6.984068,7.001362,0.010948,0.015075,0.017840
45440540.000,Miguel,recording,knock_twice_right,12,0.265193,7.012979,6.949849,0.028371,-0.010656,0.006072
45440550.000,Miguel,recording,knock_twice_right,12,0.177090,7.045190,6.898517,0.040591,-0.024281,0.001744
45440560.000,Miguel,recording,knock_twice_right,12,0.129629,7.065740,6.826365,0.042584,-0.022147,0.009880
45440570.000,Miguel,recording,knock_twice_right,12,0.138514,7.056032,6.782857,0.034672,-0.013703,0.025147
45440580.000,Miguel,recording,knock_twice_right,12,0.242016,7.043131,6.798576,0.020745,-0.004860,0.039960
45440590.000,Miguel,recording,knock_twice_right,12,0.429134,7.030861,6.847950,0.011771,0.007802,0.050180
45440600.000,Miguel,recording,knock_twice_right,12,0.582218,7.022680,6.902589,0.013623,0.020884,0.045772
45440610.000,Miguel,recording,knock_twice_right,12,0.615210,7.045055,6.898858,0.023153,0.021735,0.024016
45440620.000,Miguel,recording,knock_twice_right,12,0.535796,7.091004,6.871228,0.035251,0.009917,-0.002867
45440630.000,Miguel,recording,knock_twice_right,12,0.393196,7.080422,6.812407,0.047141,-0.000690,-0.022225
45440640.000,Miguel,recording,knock_twice_right,12,0.269516,7.042736,6.718184,0.055523,-0.002651,-0.027491
45440650.000,Miguel,recording,knock_twice_right,12,0.176832,7.008656,6.637736,0.052822,-0.003713,-0.022465
45440660.000,Miguel,recording,knock_twice_right,12,0.162392,6.979745,6.624538,0.040778,-0.009103,-0.011298
45440670.000,Miguel,recording,knock_twice_right,12,0.276449,6.919014,6.636830,0.027911,-0.012634,0.001755
45440680.000,Miguel,recording,knock_twice_right,12,0.411243,6.872192,6.636194,0.018808,-0.008210,0.005717
45440690.000,Miguel,recording,knock_twice_right,12,0.461700,6.895139,6.633935,0.012554,-0.003825,-0.004445
45440700.000,Miguel,recording,knock_twice_right,12,0.387235,6.950949,6.629248,0.005623,-0.008163,-0.020575
45440710.000,Miguel,recording,knock_twice_right,12,0.251442,6.991735,6.638230,-0.003153,-0.015316,-0.032021
45440720.000,Miguel,recording,knock_twice_right,12,0.142768,7.021361,6.662972,-0.013334,-0.012780,-0.032151
45440730.000,Miguel,recording,knock_twice_right,12,0.094996,7.025583,6.659387,-0.025664,-0.001732,-0.020661
45440740.000,Miguel,recording,knock_twice_right,12,0.109421,7.020650,6.675761,-0.041970,0.006038,-0.003069
45440750.000,Miguel,recording,knock_twice_right,12,0.168695,7.015078,6.713061,-0.057504,0.005871,0.011141
45440760.000,Miguel,recording,knock_twice_right,12,0.271838,6.994114,6.791396,-0.064319,0.000172,0.017073
45440770.000,Miguel,recording,knock_twice_right,12,0.376234,6.964562,6.884421,-0.063395,-0.005332,0.013003
45440780.000,Miguel,recording,knock_twice_right,12,0.429559,6.962298,6.916435,-0.058296,-0.004864,0.000095
45440790.000,Miguel,recording,knock_twice_right,12,0.411600,6.975766,6.891237,-0.053334,0.001849,-0.019321
45440800.000,Miguel,recording,knock_twice_right,12,0.282750,6.976501,6.867112,-0.051882,0.009067,-0.040799
45440810.000,Miguel,recording,knock_twice_right,12,0.104932,6.949010,6.883580,-0.052845,0.010856,-0.051379
45440820.000,Miguel,recording,knock_twice_right,12,-0.016307,6.899647,6.905575,-0.054199,0.011250,-0.046122
45440830.000,Miguel,recording,knock_twice_right,12,-0.055767,6.854970,6.908474,-0.053851,0.017890,-0.030177
45440840.000,Miguel,recording,knock_twice_right,12,-0.066341,6.825023,6.914768,-0.051211,0.024748,-0.010425
45440850.000,Miguel,recording,knock_twice_right,12,-0.031737,6.817597,6.928179,-0.043583,0.023914,0.009624
45440860.000,Miguel,recording,knock_twice_right,12,0.022279,6.801306,6.938056,-0.028910,0.015773,0.026994
45440870.000,Miguel,recording,knock_twice_right,12,0.088600,6.792905,6.928436,-0.010640,0.003637,0.039828
45440880.000,Miguel,recording,knock_twice_right,12,0.166121,6.819845,6.896409,0.006918,-0.005178,0.047321
45440890.000,Miguel,recording,knock_twice_right,12,0.213933,6.900167,6.849811,0.019227,-0.009768,0.049815
45440900.000,Miguel,recording,knock_twice_right,12,0.269795,6.939765,6.812149,0.023119,-0.015075,0.050189
45440910.000,Miguel,recording,knock_twice_right,12,0.342672,6.950149,6.798681,0.019093,-0.019150,0.049392
45440920.000,Miguel,recording,knock_twice_right,12,0.392055,6.964554,6.785011,0.010853,-0.016516,0.046897
45440930.000,Miguel,recording,knock_twice_right,12,0.418067,6.994660,6.770824,0.000869,-0.006390,0.041819
45440940.000,Miguel,recording,knock_twice_right,12,0.431153,7.038007,6.789588,-0.011029,0.004078,0.035645
45440950.000,Miguel,recording,knock_twice_right,12,0.465345,7.042359,6.799516,-0.022232,0.010020,0.028099
45440960.000,Miguel,recording,knock_twice_right,12,0.480288,7.037101,6.813807,-0.027540,0.013406,0.015344
45440970.000,Miguel,recording,knock_twice_right,12,0.419454,7.051646,6.825063,-0.028176,0.015730,0.001592
45440980.000,Miguel,recording,knock_twice_right,12,0.323002,7.063846,6.813859,-0.029948,0.014838,-0.005085
45440990.000,Miguel,recording,knock_twice_right,12,0.265925,7.030950,6.817148,-0.035335,0.008562,-0.004125
45441000.000,Miguel,recording,knock_twice_right,12,0.257125,7.000206,6.843859,-0.043499,0.000635,0.001283
45441010.000,Miguel,recording,knock_twice_right,12,0.313132,6.986818,6.891780,-0.049720,-0.001460,0.008542
45441020.000,Miguel,recording,knock_twice_right,12,0.390898,6.944444,6.935168,-0.049231,0.002961,0.011598
45441030.000,Miguel,recording,knock_twice_right,12,0.469608,6.919537,6.955696,-0.041543,0.007653,0.006958
45441040.000,Miguel,recording,knock_twice_right,12,0.488275,6.922720,6.965998,-0.027741,0.009920,-0.003996
45441050.000,Miguel,recording,knock_twice_right,12,0.413129,6.938590,6.943275,-0.009847,0.008085,-0.019164
45441060.000,Miguel,recording,knock_twice_right,12,0.288217,6.960944,6.880062,0.005088,-0.001681,-0.030812
45441070.000,Miguel,recording,knock_twice_right,12,0.161129,6.956236,6.797659,0.009479,-0.017902,-0.033802
45441080.000,Miguel,recording,knock_twice_right,12,0.088768,6.930854,6.745038,0.001957,-0.030940,-0.026953
45441090.000,Miguel,recording,knock_twice_right,12,0.079425,6.921939,6.720771,-0.014886,-0.031429,-0.012244
45441100.000,Miguel,recording,knock_twice_right,12,0.146335,6.892046,6.761332,-0.037818,-0.017929,0.003566
45441110.000,Miguel,recording,knock_twice_right,12,0.267743,6.876898,6.837054,-0.061695,0.002988,0.014833
45441120.000,Miguel,recording,knock_twice_right,12,0.383922,6.903931,6.918751,-0.079127,0.022328,0.016430
45441130.000,Miguel,recording,knock_twice_right,12,0.420790,6.934598,7.018545,-0.085141,0.034144,0.006817
45441140.000,Miguel,recording,knock_twice_right,12,0.388565,6.947742,7.076367,-0.079840,0.037169,-0.006565
45441150.000,Miguel,recording,knock_twice_right,12,0.326211,6.948938,7.125489,-0.063606,0.033108,-0.016859
45441160.000,Miguel,recording,knock_twice_right,12,0.252859,6.966746,7.135537,-0.040636,0.024235,-0.022078
45441170.000,Miguel,recording,knock_twice_right,12,0.197078,6.962401,7.123203,-0.016724,0.012426,-0.021431
45441180.000,Miguel,recording,knock_twice_right,12,0.192664,6.942645,7.096068,0.004111,0.001891,-0.016167
45441190.000,Miguel,recording,knock_twice_right,12,0.225321,6.884268,7.046680,0.018076,-0.002803,-0.010211
45441200.000,Miguel,recording,knock_twice_right,12,0.265761,6.851181,7.006518,0.026361,-0.001632,-0.006772
45441210.000,Miguel,recording,knock_twice_right,12,0.258472,6.855135,6.990213,0.032238,0.003522,-0.005984
45441220.000,Miguel,recording,knock_twice_right,12,0.249003,6.854313,6.980931,0.036854,0.007579,-0.008140
45441230.000,Miguel,recording,knock_twice_right,12,0.263757,6.847437,6.947170,0.041257,0.010517,-0.011861
45441240.000,Miguel,recording,knock_twice_right,12,0.235156,6.838964,6.876029,0.046184,0.015756,-0.013425
45441250.000,Miguel,recording,knock_twice_right,12,0.182006,6.868180,6.805022,0.047961,0.018275,-0.010670
45441260.000,Miguel,recording,knock_twice_right,12,0.165259,6.900421,6.761663,0.043108,0.011266,-0.001740
45441270.000,Miguel,recording,knock_twice_right,12,0.230840,6.892819,6.743281,0.034201,0.000228,0.008533
45441280.000,Miguel,recording,knock_twice_right,12,0.294668,6.894284,6.737809,0.026427,-0.006906,0.011001
45441290.000,Miguel,recording,knock_twice_right,12,0.318214,6.913322,6.723264,0.019464,-0.011103,0.006706
45441300.000,Miguel,recording,knock_twice_right,12,0.317824,6.922931,6.717521,0.010055,-0.011598,-0.000069
45441310.000,Miguel,recording,knock_twice_right,12,0.286204,6.913924,6.737928,0.000220,-0.007145,-0.007902
45441320.000,Miguel,recording,knock_twice_right,12,0.254677,6.902923,6.751014,-0.009761,-0.000589,-0.014269
45441330.000,Miguel,recording,knock_twice_right,12,0.209947,6.898952,6.764701,-0.019829,0.006486,-0.017544
45441340.000,Miguel,recording,knock_twice_right,12,0.159244,6.880719,6.772649,-0.031472,0.011624,-0.015815
45441350.000,Miguel,recording,knock_twice_right,12,0.129194,6.876717,6.786957,-0.046568,0.013763,-0.007607
45441360.000,Miguel,recording,knock_twice_right,12,0.164021,6.877718,6.843742,-0.059119,0.015241,0.003898
45441370.000,Miguel,recording,knock_twice_right,12,0.247288,6.875174,6.923090,-0.064043,0.017101,0.013094
45441380.000,Miguel,recording,knock_twice_right,12,0.316982,6.894893,6.999961,-0.058619,0.016643,0.015367
45441390.000,Miguel,recording,knock_twice_right,12,0.352750,6.910415,7.058360,-0.043580,0.012735,0.010710
45441400.000,Miguel,recording,knock_twice_right,12,0.376558,6.943092,7.062329,-0.024206,0.007337,0.001893
45441410.000,Miguel,recording,knock_twice_right,12,0.348950,6.972408,7.030995,-0.005532,-0.000467,-0.009863
45441420.000,Miguel,recording,knock_twice_right,12,0.267219,6.958105,6.982883,0.010305,-0.007791,-0.019764
45441430.000,Miguel,recording,knock_twice_right,12,0.181664,6.946404,6.924871,0.020014,-0.010864,-0.021129
45441440.000,Miguel,recording,knock_twice_right,12,0.128079,6.938631,6.860390,0.020331,-0.011182,-0.013888
45441450.000,Miguel,recording,knock_twice_right,12,0.138120,6.932764,6.842913,0.013273,-0.007581,-0.003052
45441460.000,Miguel,recording,knock_twice_right,12,0.207727,6.899711,6.845961,0.004065,-0.001402,0.005207
45441470.000,Miguel,recording,knock_twice_right,12,0.283842,6.883843,6.871437,-0.003510,0.002128,0.006812
45441480.000,Miguel,recording,knock_twice_right,12,0.295420,6.883667,6.898323,-0.008537,0.002968,0.002466
45441490.000,Miguel,recording,knock_twice_right,12,0.246671,6.883933,6.903419,-0.010930,0.001754,-0.004327
45441500.000,Miguel,recording,knock_twice_right,12,0.229957,6.880097,6.914210,-0.011594,-0.001554,-0.008434
45441510.000,Miguel,recording,knock_twice_right,12,0.228250,6.877334,6.921084,-0.010940,-0.005743,-0.009218
45441520.000,Miguel,recording,knock_twice_right,12,0.222617,6.878787,6.936099,-0.008789,-0.006872,-0.008275
45441530.000,Miguel,recording,knock_twice_right,12,0.221620,6.884053,6.958216,-0.006949,-0.006091,-0.006631
45441540.000,Miguel,recording,knock_twice_right,12,0.239209,6.904629,6.969659,-0.006501,-0.007305,-0.003452
45441550.000,Miguel,recording,knock_twice_right,12,0.258701,6.917718,6.978047,-0.003843,-0.005963,0.000033
45441560.000,Miguel,recording,knock_twice_right,12,0.262523,6.919802,6.989952,0.002538,-0.001985,-0.000032
45441570.000,Miguel,recording,knock_twice_right,12,0.244922,6.926242,6.984179,0.010192,0.000320,0.000204
45441580.000,Miguel,recording,knock_twice_right,12,0.216412,6.924960,6.980883,0.017734,0.000965,0.002175
45441590.000,Miguel,recording,knock_twice_right,12,0.224418,6.908322,6.944469,0.024300,-0.001860,0.003618
45441600.000,Miguel,recording,knock_twice_right,12,0.256037,6.899659,6.905790,0.027665,-0.010809,0.005152
45441610.000,Miguel,recording,knock_twice_right,12,0.277391,6.902804,6.883928,0.026879,-0.022654,0.006107
45441620.000,Miguel,recording,knock_twice_right,12,0.307006,6.912993,6.874887,0.022194,-0.027959,0.005887
45441630.000,Miguel,recording,knock_twice_right,12,0.344149,6.921960,6.888172,0.014933,-0.022697,0.003933
45441640.000,Miguel,recording,knock_twice_right,12,0.361867,6.930742,6.894486,0.008150,-0.011131,-0.000911
45441650.000,Miguel,recording,knock_twice_right,12,0.348191,6.941857,6.913189,0.002541,0.002426,-0.006380
45441660.000,Miguel,recording,knock_twice_right,12,0.341972,6.950775,6.921247,-0.001643,0.013065,-0.009912
45441670.000,Miguel,recording,knock_twice_right,12,0.333333,6.945574,6.933697,-0.001232,0.018735,-0.012907
45441680.000,Miguel,recording,knock_twice_right,12,0.305198,6.947469,6.938061,0.004539,0.019226,-0.016335
45441690.000,Miguel,recording,knock_twice_right,12,0.286622,6.933768,6.925949,0.014729,0.011643,-0.019637
45441700.000,Miguel,recording,knock_twice_right,12,0.289496,6.921167,6.924300,0.024615,-0.003012,-0.023175
45441710.000,Miguel,recording,knock_twice_right,12,0.283437,6.899743,6.912656,0.029058,-0.016650,-0.025590
45441720.000,Miguel,recording,knock_twice_right,12,0.244314,6.881911,6.879104,0.031181,-0.017101,-0.026596
45441730.000,Miguel,recording,knock_twice_right,12,0.180713,6.879064,6.841373,0.033292,-0.003258,-0.024838
45441740.000,Miguel,recording,knock_twice_right,12,0.121782,6.895244,6.805586,0.032943,0.011922,-0.019126
45441750.000,Miguel,recording,knock_twice_right,12,0.087246,6.889866,6.750539,0.029362,0.019534,-0.011759
45441760.000,Miguel,recording,knock_twice_right,12,0.099007,6.873680,6.697889,0.025372,0.018645,-0.003401
45441770.000,Miguel,recording,knock_twice_right,12,0.163767,6.866284,6.684389,0.020298,0.006144,0.004737
45441780.000,Miguel,recording,knock_twice_right,12,0.263040,6.848972,6.669145,0.008569,-0.018974,0.007537
45441790.000,Miguel,recording,knock_twice_right,12,0.352269,6.851226,6.686193,-0.010924,-0.041052,0.001250
45441800.000,Miguel,recording,knock_twice_right,12,0.371741,6.893261,6.752018,-0.034319,-0.040393,-0.010114
45441810.000,Miguel,recording,knock_twice_right,12,0.330265,6.911118,6.820282,-0.057452,-0.015804,-0.020795
45441820.000,Miguel,recording,knock_twice_right,12,0.273595,6.880659,6.898938,-0.074868,0.018506,-0.029595
45441830.000,Miguel,recording,knock_twice_right,12,0.188167,6.851160,6.978124,-0.082438,0.046584,-0.033895
45441840.000,Miguel,recording,knock_twice_right,12,0.102550,6.857523,7.030290,-0.078401,0.059843,-0.030699
45441850.000,Miguel,recording,knock_twice_right,12,0.036890,6.888237,7.045006,-0.064877,0.053203,-0.023126
45441860.000,Miguel,recording,knock_twice_right,12,0.003782,6.903520,7.058888,-0.046440,0.028921,-0.015259
45441870.000,Miguel,recording,knock_twice_right,12,0.010804,6.881593,7.095811,-0.025683,0.001286,-0.005473
45441880.000,Miguel,recording,knock_twice_right,12,0.050499,6.848109,7.116030,-0.004605,-0.016498,0.008199
45441890.000,Miguel,recording,knock_twice_right,12,0.125314,6.843169,7.102623,0.012257,-0.022023,0.021099
45441900.000,Miguel,recording,knock_twice_right,12,0.210057,6.871982,7.094372,0.023320,-0.019584,0.028355
45441910.000,Miguel,recording,knock_twice_right,12,0.286671,6.894237,7.089675,0.032861,-0.010162,0.029783
45441920.000,Miguel,recording,knock_twice_right,12,0.357160,6.899589,7.072125,0.043330,0.002496,0.026631
45441930.000,Miguel,recording,knock_twice_right,12,0.372862,6.909623,7.018709,0.052982,0.008758,0.019401
45441940.000,Miguel,recording,knock_twice_right,12,0.335105,6.970371,6.954975,0.059813,0.006388,0.010772
45441950.000,Miguel,recording,knock_twice_right,12,0.277945,7.015350,6.916091,0.064499,-0.000229,0.003739
45441960.000,Miguel,recording,knock_twice_right,12,0.235926,7.026795,6.852844,0.066133,-0.006760,0.000176
45441970.000,Miguel,recording,knock_twice_right,12,0.236759,7.009981,6.805763,0.062473,-0.011031,0.000276
45441980.000,Miguel,recording,knock_twice_right,12,0.259090,6.993345,6.768362,0.052224,-0.012502,0.000023
45441990.000,Miguel,recording,knock_twice_right,12,0.252709,6.999816,6.764709,0.037686,-0.009694,-0.002530
45442000.000,Miguel,recording,knock_twice_right,12,0.278469,6.994198,6.783090,0.022274,-0.000438,-0.002703
45442010.000,Miguel,recording,knock_twice_right,12,0.336613,6.951985,6.788300,0.009922,0.016149,-0.002141
45442020.000,Miguel,recording,knock_twice_right,12,0.368152,6.917050,6.783647,0.001686,0.031211,-0.005599
45442030.000,Miguel,recording,knock_twice_right,12,0.322180,6.916747,6.773146,-0.004191,0.034427,-0.010801
45442040.000,Miguel,recording,knock_twice_right,12,0.258590,6.920151,6.792395,-0.003849,0.027018,-0.014224
45442050.000,Miguel,recording,knock_twice_right,12,0.232758,6.930590,6.783983,0.003426,0.016091,-0.014106
45442060.000,Miguel,recording,knock_twice_right,12,0.224993,6.925999,6.729293,0.010570,0.000958,-0.012478
45442070.000,Miguel,recording,knock_twice_right,12,0.226980,6.932782,6.707011,0.011092,-0.019611,-0.010854
45442080.000,Miguel,recording,knock_twice_right,12,0.263186,6.940204,6.727468,0.004758,-0.035404,-0.009248
45442090.000,Miguel,recording,knock_twice_right,12,0.328805,6.914489,6.749822,-0.003819,-0.036120,-0.011352
45442100.000,Miguel,recording,knock_twice_right,12,0.357753,6.893760,6.764761,-0.012681,-0.022060,-0.019072
45442110.000,Miguel,recording,knock_twice_right,12,0.286769,6.883834,6.771733,-0.023513,-0.003046,-0.026687
45442120.000,Miguel,recording,knock_twice_right,12,0.171554,6.884695,6.789177,-0.032403,0.012663,-0.029578
45442130.000,Miguel,recording,knock_twice_right,12,0.069709,6.878346,6.839718,-0.037047,0.020165,-0.025789
45442140.000,Miguel,recording,knock_twice_right,12,0.025713,6.892279,6.864684,-0.037722,0.015512,-0.016734
45442150.000,Miguel,recording,knock_twice_right,12,0.041342,6.891933,6.872262,-0.037033,-0.000452,-0.007315
45442160.000,Miguel,recording,knock_twice_right,12,0.094788,6.884508,6.913588,-0.040762,-0.018068,-0.000591
45442170.000,Miguel,recording,knock_twice_right,12,0.149791,6.894423,6.968449,-0.043901,-0.024226,0.002811
45442180.000,Miguel,recording,knock_twice_right,12,0.202669,6.893344,7.014739,-0.043674,-0.016501,0.003905
45442190.000,Miguel,recording,knock_twice_right,12,0.234041,6.887799,7.054516,-0.041377,-0.000780,0.002491
45442200.000,Miguel,recording,knock_twice_right,12,0.221988,6.871453,7.095209,-0.035141,0.012675,-0.001197
45442210.000,Miguel,recording,knock_twice_right,12,0.176370,6.872883,7.115461,-0.024464,0.018916,-0.001531
45442220.000,Miguel,recording,knock_twice_right,12,0.128095,6.893487,7.125863,-0.008191,0.019913,0.002669
45442230.000,Miguel,recording,knock_twice_right,12,0.130064,6.907588,7.091965,0.011651,0.014735,0.010655
45442240.000,Miguel,recording,knock_twice_right,12,0.180405,6.921221,7.032652,0.029889,0.001686,0.019283
45442250.000,Miguel,recording,knock_twice_right,12,0.246760,6.934586,6.949883,0.042778,-0.017135,0.023529
45442260.000,Miguel,recording,knock_twice_right,12,0.291802,6.938819,6.896750,0.049689,-0.033420,0.020025
45442270.000,Miguel,recording,knock_twice_right,12,0.289099,6.928894,6.857483,0.047573,-0.036832,0.012598
45442280.000,Miguel,recording,knock_twice_right,12,0.270788,6.915526,6.819345,0.037337,-0.023306,0.007914
45442290.000,Miguel,recording,knock_twice_right,12,0.233444,6.901165,6.792479,0.024952,-0.001414,0.005665
45442300.000,Miguel,recording,knock_twice_right,12,0.204874,6.902583,6.749591,0.012936,0.014921,0.006287
45442310.000,Miguel,recording,knock_twice_right,12,0.222907,6.905538,6.755848,0.003252,0.018023,0.009668
45442320.000,Miguel,recording,knock_twice_right,12,0.284736,6.905600,6.803098,-0.002313,0.012098,0.012337
45442330.000,Miguel,recording,knock_twice_right,12,0.330688,6.887755,6.833116,-0.003058,0.004588,0.009127
45442340.000,Miguel,recording,knock_twice_right,12,0.339563,6.881187,6.850824,-0.000559,-0.001960,0.002785
45442350.000,Miguel,recording,knock_twice_right,12,0.339968,6.894471,6.850691,0.002058,-0.004385,-0.003587
45442360.000,Miguel,recording,knock_twice_right,12,0.310262,6.905161,6.859316,0.003155,-0.001972,-0.009359
45442370.000,Miguel,recording,knock_twice_right,12,0.260480,6.911367,6.877457,0.002048,0.004320,-0.010537
45442380.000,Miguel,recording,knock_twice_right,12,0.234793,6.905620,6.875388,-0.000574,0.011322,-0.007910
45442390.000,Miguel,recording,knock_twice_right,12,0.236501,6.901772,6.871332,-0.001996,0.013039,-0.004606
45442400.000,Miguel,recording,knock_twice_right,12,0.250151,6.927128,6.881857,0.000181,0.007517,-0.001666
45442410.000,Miguel,recording,knock_twice_right,12,0.309116,6.952251,6.896914,0.006073,-0.002874,-0.002289
45442420.000,Miguel,recording,knock_twice_right,12,0.384503,6.977188,6.901633,0.013530,-0.012850,-0.009706
45442430.000,Miguel,recording,knock_twice_right,12,0.384856,6.976273,6.887387,0.017581,-0.018884,-0.023690
45442440.000,Miguel,recording,knock_twice_right,12,0.306288,6.972427,6.876211,0.016791,-0.018272,-0.037332
45442450.000,Miguel,recording,knock_twice_right,12,0.191739,6.955767,6.842143,0.011456,-0.007452,-0.042125
45442460.000,Miguel,recording,knock_twice_right,12,0.085366,6.931512,6.827445,-0.000074,0.008894,-0.036937
45442470.000,Miguel,recording,knock_twice_right,12,0.044170,6.924505,6.854343,-0.014229,0.021370,-0.023236
45442480.000,Miguel,recording,knock_twice_right,12,0.080204,6.891622,6.889624,-0.025137,0.024719,-0.007532
45442490.000,Miguel,recording,knock_twice_right,12,0.146999,6.856076,6.936754,-0.027206,0.018305,0.002758
45442500.000,Miguel,recording,knock_twice_right,12,0.176925,6.857163,6.984375,-0.018116,0.006254,0.005788
45442510.000,Miguel,recording,knock_twice_right,12,0.180140,6.881462,6.982913,-0.002147,-0.008714,0.004223
45442520.000,Miguel,recording,knock_twice_right,12,0.174612,6.882679,6.945777,0.011399,-0.024921,0.000736
45442530.000,Miguel,recording,knock_twice_right,12,0.147242,6.879204,6.892763,0.017676,-0.032964,-0.001644
45442540.000,Miguel,recording,knock_twice_right,12,0.116118,6.870930,6.851896,0.016845,-0.026664,0.001982
45442550.000,Miguel,recording,knock_twice_right,12,0.132980,6.873947,6.816821,0.009013,-0.009691,0.009119
45442560.000,Miguel,recording,knock_twice_right,12,0.193570,6.885628,6.805209,-0.002040,0.007090,0.014003
45442570.000,Miguel,recording,knock_twice_right,12,0.271153,6.879837,6.850565,-0.013210,0.015983,0.012324
45442580.000,Miguel,recording,knock_twice_right,12,0.364186,6.878496,6.913340,-0.020362,0.021495,0.003518
45442590.000,Miguel,recording,knock_twice_right,12,0.375870,6.890839,6.966326,-0.019602,0.031197,-0.010411
45442600.000,Miguel,recording,knock_twice_right,12,0.355733,6.919407,7.003307,-0.011189,0.047672,-0.025280
45442610.000,Miguel,recording,knock_twice_right,12,0.325755,6.949186,7.016745,0.001671,0.064220,-0.036766
45442620.000,Miguel,recording,knock_twice_right,12,0.266041,6.945268,7.007527,0.017613,0.076714,-0.044967
45442630.000,Miguel,recording,knock_twice_right,12,0.213925,6.901162,7.003541,0.043173,0.085636,-0.048980
45442640.000,Miguel,recording,knock_twice_right,12,0.161664,6.878806,6.955161,0.077789,0.086553,-0.045369
45442650.000,Miguel,recording,knock_twice_right,12,0.039870,6.835166,6.819801,0.114317,0.070483,-0.037001
45442660.000,Miguel,recording,knock_twice_right,12,-0.569409,6.638379,6.504390,0.142642,0.072264,-0.029732
45442670.000,Miguel,recording,knock_twice_right,12,-0.891115,6.752007,6.258369,0.118264,0.087079,0.023050
45442680.000,Miguel,recording,knock_twice_right,12,-0.414292,6.987143,6.129303,0.018869,0.100517,0.121334
45442690.000,Miguel,recording,knock_twice_right,12,0.377791,6.986610,6.093276,-0.112174,0.140761,0.166029
45442700.000,Miguel,recording,knock_twice_right,12,0.986367,6.959805,6.401501,-0.223337,0.153530,0.121215
45442710.000,Miguel,recording,knock_twice_right,12,1.169112,6.994109,6.969744,-0.272851,0.096189,0.024985
45442720.000,Miguel,recording,knock_twice_right,12,1.043185,6.894956,7.378402,-0.245157,0.014959,-0.081327
45442730.000,Miguel,recording,knock_twice_right,12,0.745445,6.534787,7.531703,-0.162998,-0.057609,-0.179157
45442740.000,Miguel,recording,knock_twice_right,12,0.019541,6.569019,7.436915,-0.061624,-0.108671,-0.223184
45442750.000,Miguel,recording,knock_twice_right,12,-0.672112,6.972425,7.177801,0.023989,-0.138532,-0.162338
45442760.000,Miguel,recording,knock_twice_right,12,-0.772763,7.194729,6.948465,0.063762,-0.166967,-0.038834
45442770.000,Miguel,recording,knock_twice_right,12,-0.296977,7.186267,6.917418,0.066440,-0.174543,0.068181
45442780.000,Miguel,recording,knock_twice_right,12,0.392050,7.037281,7.030677,0.065693,-0.130228,0.109483
45442790.000,Miguel,recording,knock_twice_right,12,0.903064,6.914481,7.126769,0.073387,-0.050912,0.078303
45442800.000,Miguel,recording,knock_twice_right,12,1.003969,6.880561,7.161703,0.085360,0.015686,0.005257
45442810.000,Miguel,recording,knock_twice_right,12,0.726045,6.845464,7.108469,0.098754,0.053411,-0.073616
45442820.000,Miguel,recording,knock_twice_right,12,-0.015528,6.753676,6.924287,0.110876,0.079782,-0.126217
45442830.000,Miguel,recording,knock_twice_right,12,-0.887171,6.826049,6.740655,0.103570,0.092593,-0.103219
45442840.000,Miguel,recording,knock_twice_right,12,-1.077953,6.973010,6.660531,0.064178,0.076834,0.001361
45442850.000,Miguel,recording,knock_twice_right,12,-0.587093,6.930516,6.626684,0.009046,0.044309,0.105904
45442860.000,Miguel,recording,knock_twice_right,12,0.132048,6.798024,6.779566,-0.033360,-0.000044,0.145063
45442870.000,Miguel,recording,knock_twice_right,12,0.593494,6.818547,7.032643,-0.043918,-0.050909,0.123515
45442880.000,Miguel,recording,knock_twice_right,12,0.730494,6.849971,7.144703,-0.024874,-0.081874,0.071899
45442890.000,Miguel,recording,knock_twice_right,12,0.695680,6.813949,7.073814,0.003446,-0.079527,0.012601
45442900.000,Miguel,recording,knock_twice_right,12,0.399294,6.824537,6.922722,0.020955,-0.060012,-0.030843
45442910.000,Miguel,recording,knock_twice_right,12,0.051991,6.819465,6.819455,0.024815,-0.041175,-0.043064
45442920.000,Miguel,recording,knock_twice_right,12,-0.178139,6.883366,6.756652,0.020427,-0.023712,-0.020088
45442930.000,Miguel,recording,knock_twice_right,12,-0.237007,7.065153,6.724612,0.012025,-0.014224,0.034982
45442940.000,Miguel,recording,knock_twice_right,12,-0.023871,7.117523,6.719168,0.003833,-0.022990,0.091739
45442950.000,Miguel,recording,knock_twice_right,12,0.339882,7.046900,6.743194,0.000400,-0.044769,0.114905
45442960.000,Miguel,recording,knock_twice_right,12,0.616054,7.038086,6.782502,0.001477,-0.064214,0.100528
45442970.000,Miguel,recording,knock_twice_right,12,0.745066,7.062055,6.794064,0.003826,-0.069860,0.064814
45442980.000,Miguel,recording,knock_twice_right,12,0.760159,7.044463,6.753305,0.002353,-0.059748,0.020582
45442990.000,Miguel,recording,knock_twice_right,12,0.652350,6.996970,6.712306,-0.010653,-0.038678,-0.021185
45443000.000,Miguel,recording,knock_twice_right,12,0.471151,6.969695,6.713737,-0.032294,-0.010581,-0.048882
45443010.000,Miguel,recording,knock_twice_right,12,0.283011,6.953932,6.744450,-0.053188,0.019795,-0.056984
45443020.000,Miguel,recording,knock_twice_right,12,0.154035,6.922347,6.767762,-0.067497,0.041822,-0.049689
45443030.000,Miguel,recording,knock_twice_right,12,0.111945,6.908359,6.799000,-0.074370,0.045742,-0.036301
45443040.000,Miguel,recording,knock_twice_right,12,0.102458,6.920458,6.842181,-0.076252,0.028670,-0.025066
45443050.000,Miguel,recording,knock_twice_right,12,0.134033,6.914778,6.913101,-0.072989,-0.000597,-0.018221
45443060.000,Miguel,recording,knock_twice_right,12,0.180129,6.891209,6.991322,-0.063227,-0.024111,-0.017859
45443070.000,Miguel,recording,knock_twice_right,12,0.203119,6.858952,7.037884,-0.051041,-0.031139,-0.024248
45443080.000,Miguel,recording,knock_twice_right,12,0.162013,6.853080,7.047218,-0.041883,-0.025584,-0.029784
45443090.000,Miguel,recording,knock_twice_right,12,0.076216,6.841278,7.074288,-0.036533,-0.016661,-0.028991
45443100.000,Miguel,recording,knock_twice_right,12,0.031491,6.819600,7.122449,-0.031228,-0.008869,-0.020562
45443110.000,Miguel,recording,knock_twice_right,12,0.073737,6.811063,7.141874,-0.022520,0.001787,-0.008009
45443120.000,Miguel,recording,knock_twice_right,12,0.148267,6.829843,7.111595,-0.008323,0.013084,0.000063
45443130.000,Miguel,recording,knock_twice_right,12,0.155703,6.862262,7.066828,0.010023,0.011642,0.001560
45443140.000,Miguel,recording,knock_twice_right,12,0.109750,6.904376,7.040124,0.027958,-0.007607,0.001810
45443150.000,Miguel,recording,knock_twice_right,12,0.098887,6.914686,7.037615,0.044139,-0.032524,0.005319
45443160.000,Miguel,recording,knock_twice_right,12,0.164432,6.888847,6.984707,0.057702,-0.043022,0.008350
45443170.000,Miguel,recording,knock_twice_right,12,0.205396,6.858196,6.855313,0.061826,-0.032770,0.006840
45443180.000,Miguel,recording,knock_twice_right,12,0.175681,6.858725,6.751955,0.051411,-0.015610,0.006174
45443190.000,Miguel,recording,knock_twice_right,12,0.125734,6.852850,6.726659,0.030524,-0.000947,0.010537
45443200.000,Miguel,recording,knock_twice_right,12,0.111989,6.843217,6.746816,0.008705,0.014141,0.019518
45443210.000,Miguel,recording,knock_twice_right,12,0.167091,6.841522,6.771964,-0.006924,0.028195,0.027961
45443220.000,Miguel,recording,knock_twice_right,12,0.250519,6.841522,6.779441,-0.016525,0.034381,0.031195
45443230.000,Miguel,recording,knock_twice_right,12,0.314059,6.864916,6.776851,-0.021114,0.027325,0.027857
45443240.000,Miguel,recording,knock_twice_right,12,0.330779,6.892465,6.812843,-0.022385,0.007567,0.020521
45443250.000,Miguel,recording,knock_twice_right,12,0.320580,6.905141,6.888962,-0.020410,-0.014725,0.014026
45443260.000,Miguel,recording,knock_twice_right,12,0.331952,6.907283,6.924391,-0.013684,-0.023475,0.009141
45443270.000,Miguel,recording,knock_twice_right,12,0.358562,6.866115,6.901073,-0.006176,-0.013119,0.002459
45443280.000,Miguel,recording,knock_twice_right,12,0.322492,6.867513,6.868358,-0.004261,0.002504,-0.003423
45443290.000,Miguel,recording,knock_twice_right,12,0.234921,6.929447,6.839617,-0.009386,0.008793,-0.003099
45443300.000,Miguel,recording,knock_twice_right,12,0.193054,6.983566,6.844024,-0.017153,0.006713,-0.000132
45443310.000,Miguel,recording,knock_twice_right,12,0.197460,6.966299,6.866514,-0.022920,0.003915,0.002358
45443320.000,Miguel,recording,knock_twice_right,12,0.218988,6.960146,6.867143,-0.027466,0.003652,0.004938
45443330.000,Miguel,recording,knock_twice_right,12,0.246144,6.967545,6.877700,-0.033695,0.004195,0.006650
45443340.000,Miguel,recording,knock_twice_right,12,0.274287,6.969149,6.898657,-0.043124,0.003488,0.006428
45443350.000,Miguel,recording,knock_twice_right,12,0.299295,6.954302,6.939419,-0.052362,0.004430,0.003842
45443360.000,Miguel,recording,knock_twice_right,12,0.299438,6.912743,6.988474,-0.057475,0.010707,0.001497
45443370.000,Miguel,recording,knock_twice_right,12,0.301553,6.880714,7.041238,-0.058655,0.020497,0.001141
45443380.000,Miguel,recording,knock_twice_right,12,0.319821,6.864757,7.070228,-0.053550,0.029264,-0.001447
45443390.000,Miguel,recording,knock_twice_right,12,0.290805,6.859873,7.061138,-0.041459,0.032008,-0.007809
45443400.000,Miguel,recording,knock_twice_right,12,0.221097,6.870646,7.058646,-0.024574,0.023839,-0.012984
45443410.000,Miguel,recording,knock_twice_right,12,0.170436,6.884080,7.035268,-0.005712,0.005478,-0.013295
45443420.000,Miguel,recording,knock_twice_right,12,0.144107,6.858203,7.004682,0.010233,-0.014049,-0.009983
45443430.000,Miguel,recording,knock_twice_right,12,0.152348,6.861637,6.967032,0.019996,-0.025341,-0.003298
45443440.000,Miguel,recording,knock_twice_right,12,0.170139,6.877839,6.939129,0.023099,-0.026287,0.003525
45443450.000,Miguel,recording,knock_twice_right,12,0.193744,6.886816,6.951827,0.020631,-0.018251,0.007323
45443460.000,Miguel,recording,knock_twice_right,12,0.227796,6.859317,6.968123,0.015842,-0.006765,0.010135
45443470.000,Miguel,recording,knock_twice_right,12,0.282623,6.824167,6.955284,0.014427,0.002703,0.012227
45443480.000,Miguel,recording,knock_twice_right,12,0.352288,6.798884,6.942585,0.017579,0.009444,0.009073
45443490.000,Miguel,recording,knock_twice_right,12,0.374128,6.827266,6.907552,0.022962,0.011924,-0.001234
45443500.000,Miguel,recording,knock_twice_right,12,0.267789,6.869883,6.834104,0.028321,0.005203,-0.014287
45443510.000,Miguel,recording,knock_twice_right,12,0.149786,6.879798,6.796712,0.031201,-0.009418,-0.022864
45443520.000,Miguel,recording,knock_twice_right,12,0.085013,6.889223,6.759593,0.027737,-0.021192,-0.020867
45443530.000,Miguel,recording,knock_twice_right,12,0.052369,6.897449,6.717606,0.014484,-0.020851,-0.009112
45443540.000,Miguel,recording,knock_twice_right,12,0.056296,6.894273,6.718446,-0.004751,-0.006377,0.008245
45443550.000,Miguel,recording,knock_twice_right,12,0.129245,6.882569,6.773080,-0.025543,0.009380,0.025169
45443560.000,Miguel,recording,knock_twice_right,13,0.246364,6.861975,6.828461,-0.043236,0.016627,0.035038
45443570.000,Miguel,recording,knock_twice_right,13,0.382954,6.847457,6.873347,-0.054334,0.018345,0.033546
45443580.000,Miguel,recording,knock_twice_right,13,0.482919,6.855291,6.921091,-0.060781,0.012532,0.020143
45443590.000,Miguel,recording,knock_twice_right,13,0.509529,6.877823,6.974276,-0.065305,0.000443,-0.001625
45443600.000,Miguel,recording,knock_twice_right,13,0.461957,6.884736,7.039844,-0.065329,-0.003740,-0.026300
45443610.000,Miguel,recording,knock_twice_right,13,0.325149,6.875769,7.062101,-0.058815,0.007545,-0.046552
45443620.000,Miguel,recording,knock_twice_right,13,0.143995,6.859656,7.062401,-0.048900,0.024469,-0.054386
45443630.000,Miguel,recording,knock_twice_right,13,0.013430,6.853907,7.050244,-0.036062,0.033776,-0.047054
45443640.000,Miguel,recording,knock_twice_right,13,-0.032812,6.852026,7.012745,-0.022001,0.026494,-0.029631
45443650.000,Miguel,recording,knock_twice_right,13,-0.017892,6.847130,6.985111,-0.011455,0.006593,-0.010807
45443660.000,Miguel,recording,knock_twice_right,13,0.031029,6.816182,7.003492,-0.004607,-0.013600,0.003273
45443670.000,Miguel,recording,knock_twice_right,13,0.102631,6.781245,7.039546,0.000387,-0.023605,0.012843
45443680.000,Miguel,recording,knock_twice_right,13,0.167825,6.761422,7.072271,0.005566,-0.018439,0.018063
45443690.000,Miguel,recording,knock_twice_right,13,0.236381,6.755622,7.077707,0.008972,-0.004701,0.018972
45443700.000,Miguel,recording,knock_twice_right,13,0.277484,6.753350,7.049245,0.008528,0.009157,0.015912
45443710.000,Miguel,recording,knock_twice_right,13,0.245690,6.777674,7.004760,0.009235,0.018058,0.011506
45443720.000,Miguel,recording,knock_twice_right,13,0.189935,6.817597,6.977758,0.012960,0.019264,0.010269
45443730.000,Miguel,recording,knock_twice_right,13,0.148320,6.857722,6.939965,0.017004,0.012910,0.013168
45443740.000,Miguel,recording,knock_twice_right,13,0.125578,6.902818,6.897073,0.018403,0.002451,0.017213
45443750.000,Miguel,recording,knock_twice_right,13,0.142016,6.923580,6.881726,0.016790,-0.007202,0.021689
45443760.000,Miguel,recording,knock_twice_right,13,0.219521,6.922081,6.871369,0.013319,-0.010631,0.026363
45443770.000,Miguel,recording,knock_twice_right,13,0.309887,6.907972,6.869906,0.007828,-0.005827,0.027075
45443780.000,Miguel,recording,knock_twice_right,13,0.368739,6.893427,6.849798,-0.000354,0.000566,0.023327
45443790.000,Miguel,recording,knock_twice_right,13,0.395310,6.888153,6.863169,-0.009686,0.002955,0.015538
45443800.000,Miguel,recording,knock_twice_right,13,0.394465,6.874839,6.895142,-0.016084,0.002677,0.005428
45443810.000,Miguel,recording,knock_twice_right,13,0.350264,6.889259,6.904229,-0.019052,0.003781,-0.002833
45443820.000,Miguel,recording,knock_twice_right,13,0.293206,6.899378,6.905239,-0.019949,0.003942,-0.006592
45443830.000,Miguel,recording,knock_twice_right,13,0.240821,6.902257,6.916877,-0.020308,0.000303,-0.005334
45443840.000,Miguel,recording,knock_twice_right,13,0.234084,6.890623,6.936089,-0.020469,-0.001243,-0.001374
45443850.000,Miguel,recording,knock_twice_right,13,0.291938,6.863597,6.940381,-0.018353,0.002111,0.003068
45443860.000,Miguel,recording,knock_twice_right,13,0.367994,6.850089,6.935992,-0.014667,0.002336,0.003398
45443870.000,Miguel,recording,knock_twice_right,13,0.389106,6.844823,6.936148,-0.011873,-0.005302,-0.003896
45443880.000,Miguel,recording,knock_twice_right,13,0.363249,6.851556,6.921640,-0.007935,-0.014147,-0.015383
45443890.000,Miguel,recording,knock_twice_right,13,0.287810,6.854161,6.912127,-0.003170,-0.018791,-0.026715
45443900.000,Miguel,recording,knock_twice_right,13,0.185559,6.866600,6.880766,-0.003961,-0.019773,-0.033632
45443910.000,Miguel,recording,knock_twice_right,13,0.098097,6.861242,6.858086,-0.012681,-0.018613,-0.031550
45443920.000,Miguel,recording,knock_twice_right,13,0.081516,6.846610,6.864589,-0.026607,-0.014092,-0.021623
45443930.000,Miguel,recording,knock_twice_right,13,0.113983,6.822657,6.892749,-0.042383,-0.007211,-0.011535
45443940.000,Miguel,recording,knock_twice_right,13,0.152377,6.801236,6.952720,-0.057051,-0.000914,-0.004506
45443950.000,Miguel,recording,knock_twice_right,13,0.171600,6.778733,7.044721,-0.065044,0.006651,0.000850
45443960.000,Miguel,recording,knock_twice_right,13,0.201384,6.761298,7.095132,-0.062470,0.016021,0.002481
45443970.000,Miguel,recording,knock_twice_right,13,0.224884,6.767927,7.100731,-0.053866,0.017804,-0.001487
45443980.000,Miguel,recording,knock_twice_right,13,0.223046,6.786260,7.086550,-0.044352,0.007973,-0.007229
45443990.000,Miguel,recording,knock_twice_right,13,0.204411,6.805273,7.103600,-0.036328,-0.005806,-0.008408
45444000.000,Miguel,recording,knock_twice_right,13,0.166773,6.820297,7.107861,-0.029889,-0.015339,-0.007011
45444010.000,Miguel,recording,knock_twice_right,13,0.137891,6.829759,7.121507,-0.024407,-0.015585,-0.006092
45444020.000,Miguel,recording,knock_twice_right,13,0.126364,6.833251,7.160096,-0.017491,-0.008509,0.000764
45444030.000,Miguel,recording,knock_twice_right,13,0.180973,6.825750,7.183482,-0.008391,0.001931,0.012344
45444040.000,Miguel,recording,knock_twice_right,13,0.273055,6.806763,7.176696,0.002532,0.008198,0.019097
45444050.000,Miguel,recording,knock_twice_right,13,0.333973,6.823842,7.153807,0.017031,0.003983,0.017866
45444060.000,Miguel,recording,knock_twice_right,13,0.356298,6.846281,7.110408,0.032409,-0.005886,0.008948
45444070.000,Miguel,recording,knock_twice_right,13,0.316569,6.845728,7.049726,0.045665,-0.015031,-0.005974
45444080.000,Miguel,recording,knock_twice_right,13,0.209742,6.841282,6.990200,0.052450,-0.021647,-0.016933
45444090.000,Miguel,recording,knock_twice_right,13,0.149251,6.826277,6.949236,0.052142,-0.020363,-0.016541
45444100.000,Miguel,recording,knock_twice_right,13,0.133427,6.803158,6.892027,0.047928,-0.008640,-0.008853
45444110.000,Miguel,recording,knock_twice_right,13,0.134024,6.787619,6.810323,0.039941,0.003161,0.001206
45444120.000,Miguel,recording,knock_twice_right,13,0.155816,6.778613,6.766984,0.028835,0.003164,0.012252
45444130.000,Miguel,recording,knock_twice_right,13,0.245557,6.783611,6.796602,0.018281,-0.009611,0.021539
45444140.000,Miguel,recording,knock_twice_right,13,0.379334,6.795048,6.826340,0.010457,-0.023417,0.023251
45444150.000,Miguel,recording,knock_twice_right,13,0.460912,6.803740,6.853342,0.004725,-0.026744,0.013077
45444160.000,Miguel,recording,knock_twice_right,13,0.442601,6.828205,6.850987,0.000795,-0.021235,-0.003651
45444170.000,Miguel,recording,knock_twice_right,13,0.365076,6.846119,6.835295,-0.003900,-0.015460,-0.016271
45444180.000,Miguel,recording,knock_twice_right,13,0.277819,6.850217,6.833322,-0.012390,-0.012726,-0.021537
45444190.000,Miguel,recording,knock_twice_right,13,0.211944,6.864402,6.828708,-0.025250,-0.008825,-0.021198
45444200.000,Miguel,recording,knock_twice_right,13,0.189676,6.864088,6.865964,-0.039637,-0.003462,-0.016385
45444210.000,Miguel,recording,knock_twice_right,13,0.188608,6.857934,6.935389,-0.053113,0.001555,-0.008130
45444220.000,Miguel,recording,knock_twice_right,13,0.227322,6.851864,7.015038,-0.062757,0.007368,-0.000950
45444230.000,Miguel,recording,knock_twice_right,13,0.311035,6.840409,7.097450,-0.063997,0.014770,0.002052
45444240.000,Miguel,recording,knock_twice_right,13,0.380742,6.820009,7.147787,-0.057027,0.022837,-0.003204
45444250.000,Miguel,recording,knock_twice_right,13,0.384092,6.826304,7.162967,-0.043513,0.025602,-0.015692
45444260.000,Miguel,recording,knock_twice_right,13,0.288609,6.843515,7.163218,-0.025744,0.017434,-0.025935
45444270.000,Miguel,recording,knock_twice_right,13,0.178182,6.840711,7.145093,-0.008352,0.002167,-0.030196
45444280.000,Miguel,recording,knock_twice_right,13,0.119832,6.832957,7.092997,0.003853,-0.007672,-0.028845
45444290.000,Miguel,recording,knock_twice_right,13,0.101456,6.831537,7.045025,0.006768,-0.010213,-0.022354
45444300.000,Miguel,recording,knock_twice_right,13,0.104414,6.815044,7.046537,0.003593,-0.009357,-0.012799
45444310.000,Miguel,recording,knock_twice_right,13,0.130498,6.786388,7.088744,-0.000885,-0.002790,-0.003199
45444320.000,Miguel,recording,knock_twice_right,13,0.184998,6.760981,7.141349,-0.002140,0.009279,0.001750
45444330.000,Miguel,recording,knock_twice_right,13,0.211038,6.748459,7.153921,0.004127,0.019940,0.001303
45444340.000,Miguel,recording,knock_twice_right,13,0.210631,6.754623,7.142352,0.016122,0.023475,0.000454
45444350.000,Miguel,recording,knock_twice_right,13,0.205158,6.749195,7.099037,0.031705,0.021185,-0.001119
45444360.000,Miguel,recording,knock_twice_right,13,0.155398,6.752239,7.033040,0.048146,0.012760,-0.003955
45444370.000,Miguel,recording,knock_twice_right,13,0.094140,6.782296,6.969121,0.060314,-0.005023,-0.002373
45444380.000,Miguel,recording,knock_twice_right,13,0.070072,6.803484,6.906738,0.064751,-0.024641,0.003559
45444390.000,Miguel,recording,knock_twice_right,13,0.108594,6.813645,6.840328,0.058514,-0.033183,0.011974
45444400.000,Miguel,recording,knock_twice_right,13,0.179090,6.822032,6.830874,0.042826,-0.028003,0.019532
45444410.000,Miguel,recording,knock_twice_right,13,0.244495,6.815942,6.874294,0.024105,-0.013035,0.021465
45444420.000,Miguel,recording,knock_twice_right,13,0.303857,6.830225,6.928623,0.008197,0.007517,0.020067
45444430.000,Miguel,recording,knock_twice_right,13,0.332433,6.842262,6.947350,0.000025,0.026095,0.016036
45444440.000,Miguel,recording,knock_twice_right,13,0.332068,6.856511,6.923894,-0.000567,0.031998,0.006909
45444450.000,Miguel,recording,knock_twice_right,13,0.296667,6.889476,6.917886,0.001715,0.023857,-0.002512
45444460.000,Miguel,recording,knock_twice_right,13,0.254343,6.880065,6.882231,0.005165,0.008265,-0.006158
45444470.000,Miguel,recording,knock_twice_right,13,0.229788,6.849038,6.838237,0.007869,-0.007598,-0.007325
45444480.000,Miguel,recording,knock_twice_right,13,0.222284,6.838055,6.831936,0.005907,-0.017035,-0.006869
45444490.000,Miguel,recording,knock_twice_right,13,0.239940,6.837754,6.827204,-0.000204,-0.016303,-0.003252
45444500.000,Miguel,recording,knock_twice_right,13,0.287237,6.846739,6.826688,-0.009614,-0.007856,0.000123
45444510.000,Miguel,recording,knock_twice_right,13,0.311499,6.850565,6.866583,-0.019450,0.002218,-0.000919
45444520.000,Miguel,recording,knock_twice_right,13,0.302141,6.859517,6.931514,-0.025123,0.009554,-0.004481
45444530.000,Miguel,recording,knock_twice_right,13,0.293469,6.869935,6.986401,-0.024690,0.010747,-0.008179
45444540.000,Miguel,recording,knock_twice_right,13,0.296273,6.856572,7.007359,-0.018576,0.005315,-0.013418
45444550.000,Miguel,recording,knock_twice_right,13,0.292741,6.840827,6.990525,-0.009781,-0.003791,-0.019663
45444560.000,Miguel,recording,knock_twice_right,13,0.286923,6.824774,6.971052,-0.005155,-0.015997,-0.025382
45444570.000,Miguel,recording,knock_twice_right,13,0.289218,6.803429,6.950716,-0.009421,-0.027019,-0.030850
45444580.000,Miguel,recording,knock_twice_right,13,0.257569,6.792721,6.936653,-0.020572,-0.026680,-0.036244
45444590.000,Miguel,recording,knock_twice_right,13,0.180310,6.786169,6.975808,-0.033642,-0.013147,-0.036646
45444600.000,Miguel,recording,knock_twice_right,13,0.118973,6.751976,7.039492,-0.044716,0.007155,-0.029968
45444610.000,Miguel,recording,knock_twice_right,13,0.104550,6.729320,7.084692,-0.049335,0.026857,-0.020922
45444620.000,Miguel,recording,knock_twice_right,13,0.090649,6.738442,7.125523,-0.044402,0.036049,-0.013726
45444630.000,Miguel,recording,knock_twice_right,13,0.072191,6.766266,7.163046,-0.029596,0.032062,-0.007921
45444640.000,Miguel,recording,knock_twice_right,13,0.079541,6.785149,7.171845,-0.008756,0.020093,-0.004895
45444650.000,Miguel,recording,knock_twice_right,13,0.095213,6.766292,7.144839,0.012376,0.003246,-0.003330
45444660.000,Miguel,recording,knock_twice_right,13,0.113544,6.766279,7.106780,0.028965,-0.012796,-0.001777
45444670.000,Miguel,recording,knock_twice_right,13,0.084842,6.775468,7.068720,0.037749,-0.018903,0.001349
45444680.000,Miguel,recording,knock_twice_right,13,0.076627,6.774449,7.019587,0.039191,-0.012101,0.010713
45444690.000,Miguel,recording,knock_twice_right,13,0.096308,6.772158,6.998685,0.034790,0.001960,0.023661
45444700.000,Miguel,recording,knock_twice_right,13,0.163953,6.792255,6.991052,0.028560,0.015363,0.034065
45444710.000,Miguel,recording,knock_twice_right,13,0.263146,6.831586,6.975656,0.024397,0.021587,0.038398
45444720.000,Miguel,recording,knock_twice_right,13,0.326843,6.861070,6.963918,0.024825,0.017643,0.033972
45444730.000,Miguel,recording,knock_twice_right,13,0.344345,6.900096,6.957826,0.027520,0.005387,0.023706
45444740.000,Miguel,recording,knock_twice_right,13,0.314216,6.921166,6.936328,0.030841,-0.007536,0.012244
45444750.000,Miguel,recording,knock_twice_right,13,0.259340,6.906077,6.893763,0.032534,-0.013887,0.002777
45444760.000,Miguel,recording,knock_twice_right,13,0.219299,6.901030,6.868972,0.028294,-0.011246,-0.001451
45444770.000,Miguel,recording,knock_twice_right,13,0.200013,6.871082,6.838381,0.019965,-0.002640,-0.001023
45444780.000,Miguel,recording,knock_twice_right,13,0.198575,6.852515,6.833312,0.008715,0.005642,0.002885
45444790.000,Miguel,recording,knock_twice_right,13,0.219371,6.832534,6.837703,-0.005296,0.009744,0.007959
45444800.000,Miguel,recording,knock_twice_right,13,0.272441,6.824035,6.871280,-0.019226,0.009553,0.009790
45444810.000,Miguel,recording,knock_twice_right,13,0.322092,6.832583,6.917445,-0.027855,0.006675,0.006818
45444820.000,Miguel,recording,knock_twice_right,13,0.324721,6.839676,6.972776,-0.029569,0.002033,0.000275
45444830.000,Miguel,recording,knock_twice_right,13,0.300986,6.845204,7.020359,-0.025584,-0.002080,-0.007741
45444840.000,Miguel,recording,knock_twice_right,13,0.251473,6.840503,7.029353,-0.017379,-0.000711,-0.012966
45444850.000,Miguel,recording,knock_twice_right,13,0.219441,6.826003,7.018041,-0.009568,0.004533,-0.013910
45444860.000,Miguel,recording,knock_twice_right,13,0.183405,6.809347,6.984825,-0.004142,0.005531,-0.012099
45444870.000,Miguel,recording,knock_twice_right,13,0.150230,6.800203,6.960245,-0.002510,-0.001168,-0.008214
45444880.000,Miguel,recording,knock_twice_right,13,0.161246,6.797852,6.955004,-0.004325,-0.008386,-0.005039
45444890.000,Miguel,recording,knock_twice_right,13,0.187920,6.805992,6.958553,-0.008825,-0.009560,-0.002153
45444900.000,Miguel,recording,knock_twice_right,13,0.224980,6.806936,6.970970,-0.013825,-0.006915,0.000572
45444910.000,Miguel,recording,knock_twice_right,13,0.271215,6.815042,7.007514,-0.015312,-0.002363,-0.000739
45444920.000,Miguel,recording,knock_twice_right,13,0.258110,6.829512,7.038669,-0.013735,0.001081,-0.005964
45444930.000,Miguel,recording,knock_twice_right,13,0.218474,6.837642,7.046605,-0.011188,0.001289,-0.011270
45444940.000,Miguel,recording,knock_twice_right,13,0.170161,6.821046,7.036781,-0.007956,0.001035,-0.013499
45444950.000,Miguel,recording,knock_twice_right,13,0.120414,6.803105,7.023028,-0.003803,0.004021,-0.010706
45444960.000,Miguel,recording,knock_twice_right,13,0.097629,6.785523,6.996919,-0.001752,0.007777,-0.003911
45444970.000,Miguel,recording,knock_twice_right,13,0.101562,6.789214,6.965770,-0.004924,0.007803,0.003581
45444980.000,Miguel,recording,knock_twice_right,13,0.153531,6.806772,6.956630,-0.011573,0.008092,0.010453
45444990.000,Miguel,recording,knock_twice_right,13,0.226645,6.791750,6.970776,-0.017472,0.009466,0.015176
45445000.000,Miguel,recording,knock_twice_right,13,0.269533,6.790515,6.995500,-0.021473,0.008486,0.014981
45445010.000,Miguel,recording,knock_twice_right,13,0.285413,6.822233,7.050316,-0.021298,0.006516,0.011453
45445020.000,Miguel,recording,knock_twice_right,13,0.288197,6.832301,7.108665,-0.015618,0.006304,0.009003
45445030.000,Miguel,recording,knock_twice_right,13,0.303455,6.824006,7.129623,-0.003293,0.006232,0.005517
45445040.000,Miguel,recording,knock_twice_right,13,0.277129,6.819542,7.119066,0.014280,0.002179,-0.000572
45445050.000,Miguel,recording,knock_twice_right,13,0.241553,6.847378,7.080246,0.031600,-0.006025,-0.005929
45445060.000,Miguel,recording,knock_twice_right,13,0.267097,6.837556,6.999648,0.044727,-0.011991,-0.010022
45445070.000,Miguel,recording,knock_twice_right,13,0.260454,6.830665,6.896136,0.050191,-0.012608,-0.014824
45445080.000,Miguel,recording,knock_twice_right,13,0.198994,6.831417,6.833793,0.045616,-0.012824,-0.018085
45445090.000,Miguel,recording,knock_twice_right,13,0.149114,6.829233,6.808526,0.030629,-0.011050,-0.016339
45445100.000,Miguel,recording,knock_twice_right,13,0.108324,6.822461,6.784223,0.011889,-0.003491,-0.011241
45445110.000,Miguel,recording,knock_twice_right,13,0.111192,6.796088,6.778663,-0.008037,0.007744,-0.002878
45445120.000,Miguel,recording,knock_twice_right,13,0.144187,6.794278,6.803204,-0.029080,0.014968,0.007432
45445130.000,Miguel,recording,knock_twice_right,13,0.208851,6.790901,6.855528,-0.045343,0.013012,0.013628
45445140.000,Miguel,recording,knock_twice_right,13,0.281345,6.789863,6.937405,-0.052735,0.007788,0.011856
45445150.000,Miguel,recording,knock_twice_right,13,0.318343,6.822032,7.013862,-0.051738,0.005269,0.003953
45445160.000,Miguel,recording,knock_twice_right,13,0.309862,6.834962,7.069162,-0.043509,0.007013,-0.004042
45445170.000,Miguel,recording,knock_twice_right,13,0.257998,6.838145,7.089344,-0.030106,0.008402,-0.011112
45445180.000,Miguel,recording,knock_twice_right,13,0.187832,6.844727,7.076033,-0.017024,0.005883,-0.014078
45445190.000,Miguel,recording,knock_twice_right,13,0.147584,6.863397,7.046778,-0.009387,-0.000137,-0.010633
45445200.000,Miguel,recording,knock_twice_right,13,0.172767,6.850935,7.032191,-0.006532,-0.007322,-0.004508
45445210.000,Miguel,recording,knock_twice_right,13,0.199650,6.837884,7.039699,-0.005381,-0.011898,-0.000363
45445220.000,Miguel,recording,knock_twice_right,13,0.205408,6.827311,7.047651,-0.004914,-0.011324,0.000405
45445230.000,Miguel,recording,knock_twice_right,13,0.211133,6.808524,7.060515,-0.004409,-0.004848,0.001325
45445240.000,Miguel,recording,knock_twice_right,13,0.243904,6.800156,7.065461,-0.004210,0.002843,0.001412
45445250.000,Miguel,recording,knock_twice_right,13,0.278758,6.811059,7.087746,-0.002890,0.007002,-0.002262
45445260.000,Miguel,recording,knock_twice_right,13,0.269358,6.817785,7.099278,0.001993,0.004402,-0.007553
45445270.000,Miguel,recording,knock_twice_right,13,0.218312,6.825976,7.085601,0.010265,-0.001381,-0.010705
45445280.000,Miguel,recording,knock_twice_right,13,0.174291,6.825174,7.067619,0.018386,-0.005381,-0.010461
45445290.000,Miguel,recording,knock_twice_right,13,0.155295,6.801075,7.034089,0.023339,-0.005497,-0.006318
45445300.000,Miguel,recording,knock_twice_right,13,0.153706,6.799224,6.990524,0.024773,-0.001481,-0.001444
45445310.000,Miguel,recording,knock_twice_right,13,0.173133,6.808061,6.960674,0.023793,0.002074,0.002126
45445320.000,Miguel,recording,knock_twice_right,13,0.209486,6.818266,6.933895,0.021207,0.002625,0.003926
45445330.000,Miguel,recording,knock_twice_right,13,0.231511,6.809373,6.917251,0.015154,0.002225,0.001569
45445340.000,Miguel,recording,knock_twice_right,13,0.210477,6.791409,6.919111,0.007950,0.001738,-0.003131
45445350.000,Miguel,recording,knock_twice_right,13,0.189445,6.802609,6.932564,0.002451,0.000907,-0.004836
45445360.000,Miguel,recording,knock_twice_right,13,0.189935,6.805656,6.943732,-0.001678,-0.000341,-0.003963
45445370.000,Miguel,recording,knock_twice_right,13,0.203390,6.794126,6.938028,-0.004327,-0.001820,-0.003278
45445380.000,Miguel,recording,knock_twice_right,13,0.200981,6.802492,6.957996,-0.006979,-0.003662,-0.000512
45445390.000,Miguel,recording,knock_twice_right,13,0.217448,6.797667,6.984421,-0.009017,-0.003820,0.003427
45445400.000,Miguel,recording,knock_twice_right,13,0.265576,6.788779,6.986955,-0.008631,-0.001412,0.003850
45445410.000,Miguel,recording,knock_twice_right,13,0.254269,6.810316,6.981751,-0.007511,0.000228,0.002455
45445420.000,Miguel,recording,knock_twice_right,13,0.220691,6.828035,6.982865,-0.007043,0.000604,0.002785
45445430.000,Miguel,recording,knock_twice_right,13,0.203888,6.835090,6.987369,-0.004384,0.001996,0.004177
45445440.000,Miguel,recording,knock_twice_right,13,0.211590,6.843835,6.992810,-0.001388,0.002896,0.006309
45445450.000,Miguel,recording,knock_twice_right,13,0.262950,6.853894,6.988296,-0.000130,0.000487,0.007840
45445460.000,Miguel,recording,knock_twice_right,13,0.308822,6.849233,6.982332,-0.000549,-0.004863,0.005068
45445470.000,Miguel,recording,knock_twice_right,13,0.333717,6.843818,6.994171,-0.002900,-0.011162,-0.002598
45445480.000,Miguel,recording,knock_twice_right,13,0.311214,6.851241,7.000835,-0.006061,-0.011344,-0.009886
45445490.000,Miguel,recording,knock_twice_right,13,0.259718,6.845805,7.029449,-0.006793,-0.001464,-0.013249
45445500.000,Miguel,recording,knock_twice_right,13,0.193735,6.820461,7.046863,-0.003046,0.012026,-0.013693
45445510.000,Miguel,recording,knock_twice_right,13,0.155863,6.819437,7.034835,0.002571,0.020185,-0.010145
45445520.000,Miguel,recording,knock_twice_right,13,0.144499,6.827700,7.003906,0.008961,0.018915,-0.003062
45445530.000,Miguel,recording,knock_twice_right,13,0.180696,6.847225,7.006559,0.016598,0.010269,0.003325
45445540.000,Miguel,recording,knock_twice_right,13,0.256664,6.843896,6.993775,0.026909,-0.002681,0.005080
45445550.000,Miguel,recording,knock_twice_right,13,0.332650,6.827771,6.968381,0.035584,-0.019275,0.002977
45445560.000,Miguel,recording,knock_twice_right,13,0.376397,6.830896,6.950089,0.035505,-0.034917,-0.004401
45445570.000,Miguel,recording,knock_twice_right,13,0.382168,6.839405,6.933548,0.026731,-0.038999,-0.018060
45445580.000,Miguel,recording,knock_twice_right,13,0.333347,6.847423,6.934628,0.014632,-0.025146,-0.033728
45445590.000,Miguel,recording,knock_twice_right,13,0.238637,6.834734,6.935954,0.001184,0.000276,-0.047437
45445600.000,Miguel,recording,knock_twice_right,13,0.152648,6.805016,6.942653,-0.013093,0.024941,-0.052538
45445610.000,Miguel,recording,knock_twice_right,13,0.089938,6.785507,6.975060,-0.022498,0.044558,-0.048725
45445620.000,Miguel,recording,knock_twice_right,13,0.074218,6.768242,7.015641,-0.023305,0.058601,-0.042420
45445630.000,Miguel,recording,knock_twice_right,13,0.124159,6.791019,7.039039,-0.019249,0.060426,-0.037896
45445640.000,Miguel,recording,knock_twice_right,13,0.181507,6.830578,7.077149,-0.011317,0.053979,-0.037257
45445650.000,Miguel,recording,knock_twice_right,13,0.221218,6.755054,7.082863,0.005925,0.054288,-0.043827
45445660.000,Miguel,recording,knock_twice_right,13,0.165859,6.647947,7.006637,0.029018,0.064383,-0.053743
45445670.000,Miguel,recording,knock_twice_right,13,-0.273521,6.484811,6.797648,0.049565,0.093125,-0.065042
45445680.000,Miguel,recording,knock_twice_right,13,-0.915927,6.544588,6.597559,0.045491,0.128203,-0.036404
45445690.000,Miguel,recording,knock_twice_right,13,-0.867375,6.768054,6.526964,-0.003733,0.150688,0.062495
45445700.000,Miguel,recording,knock_twice_right,13,-0.206689,6.698832,6.503076,-0.080100,0.174855,0.154357
45445710.000,Miguel,recording,knock_twice_right,13,0.509899,6.664749,6.623276,-0.147903,0.185917,0.173302
45445720.000,Miguel,recording,knock_twice_right,13,0.797260,6.883626,6.840969,-0.184903,0.149028,0.134857
45445730.000,Miguel,recording,knock_twice_right,13,0.847123,6.975157,7.090309,-0.186847,0.066041,0.071886
45445740.000,Miguel,recording,knock_twice_right,13,0.862909,6.933256,7.298869,-0.155828,-0.026628,-0.001405
45445750.000,Miguel,recording,knock_twice_right,13,0.741998,6.773376,7.417518,-0.102356,-0.103579,-0.080437
45445760.000,Miguel,recording,knock_twice_right,13,0.404506,6.599153,7.465282,-0.039245,-0.139413,-0.131246
45445770.000,Miguel,recording,knock_twice_right,13,-0.119276,6.793171,7.297148,0.016349,-0.122234,-0.113953
45445780.000,Miguel,recording,knock_twice_right,13,-0.384516,7.045519,7.067009,0.040822,-0.100970,-0.037175
45445790.000,Miguel,recording,knock_twice_right,13,-0.164876,7.160789,6.999043,0.033500,-0.110275,0.049304
45445800.000,Miguel,recording,knock_twice_right,13,0.424075,7.216205,7.103093,0.016857,-0.118770,0.089957
45445810.000,Miguel,recording,knock_twice_right,13,0.966866,7.098465,7.309155,0.014442,-0.081816,0.059304
45445820.000,Miguel,recording,knock_twice_right,13,1.100789,6.929703,7.435226,0.033973,-0.005953,-0.019704
45445830.000,Miguel,recording,knock_twice_right,13,0.830441,6.834403,7.424756,0.060897,0.059246,-0.103622
45445840.000,Miguel,recording,knock_twice_right,13,0.260601,6.704043,7.269755,0.085540,0.095454,-0.166052
45445850.000,Miguel,recording,knock_twice_right,13,-0.783559,6.464752,6.966835,0.105430,0.125536,-0.183376
45445860.000,Miguel,recording,knock_twice_right,13,-1.496439,6.558438,6.874266,0.100743,0.121708,-0.105539
45445870.000,Miguel,recording,knock_twice_right,13,-1.492430,6.761279,6.803554,0.069506,0.081783,0.055289
45445880.000,Miguel,recording,knock_twice_right,13,-0.664003,6.700271,6.784601,0.030818,0.044007,0.192988
45445890.000,Miguel,recording,knock_twice_right,13,0.283079,6.613561,6.886907,0.003113,0.004717,0.236579
45445900.000,Miguel,recording,knock_twice_right,13,0.849032,6.643901,7.041139,-0.003144,-0.035561,0.195298
45445910.000,Miguel,recording,knock_twice_right,13,1.118539,6.703318,7.117128,0.003984,-0.069468,0.109248
45445920.000,Miguel,recording,knock_twice_right,13,1.103196,6.701509,7.092710,0.016068,-0.079307,0.007871
45445930.000,Miguel,recording,knock_twice_right,13,0.776144,6.684177,7.037595,0.027037,-0.063431,-0.079882
45445940.000,Miguel,recording,knock_twice_right,13,0.212902,6.758868,6.964050,0.034716,-0.050050,-0.120265
45445950.000,Miguel,recording,knock_twice_right,13,-0.205834,6.841671,6.920361,0.043470,-0.056529,-0.105244
45445960.000,Miguel,recording,knock_twice_right,13,-0.314034,6.873223,6.850541,0.057361,-0.059115,-0.056430
45445970.000,Miguel,recording,knock_twice_right,13,-0.210661,6.844801,6.711347,0.065084,-0.047799,-0.002592
45445980.000,Miguel,recording,knock_twice_right,13,-0.083763,6.919292,6.683707,0.052180,-0.059304,0.045356
45445990.000,Miguel,recording,knock_twice_right,13,0.182869,7.028859,6.770261,0.029289,-0.089997,0.079622
45446000.000,Miguel,recording,knock_twice_right,13,0.545258,6.996517,6.838643,0.012798,-0.096550,0.077790
45446010.000,Miguel,recording,knock_twice_right,13,0.747162,6.921646,6.861251,-0.002069,-0.073716,0.039308
45446020.000,Miguel,recording,knock_twice_right,13,0.731610,6.900345,6.873961,-0.024682,-0.040704,-0.009892
45446030.000,Miguel,recording,knock_twice_right,13,0.582187,6.891944,6.920179,-0.050929,-0.004208,-0.047627
45446040.000,Miguel,recording,knock_twice_right,13,0.387616,6.877005,6.981233,-0.070616,0.030887,-0.068894
45446050.000,Miguel,recording,knock_twice_right,13,0.203980,6.856435,7.039833,-0.077274,0.051779,-0.078914
45446060.000,Miguel,recording,knock_twice_right,13,0.054580,6.829714,7.081173,-0.070362,0.047416,-0.076517
45446070.000,Miguel,recording,knock_twice_right,13,-0.038785,6.787033,7.109469,-0.054369,0.023111,-0.062121
45446080.000,Miguel,recording,knock_twice_right,13,-0.072120,6.754811,7.117103,-0.034599,-0.007005,-0.043614
45446090.000,Miguel,recording,knock_twice_right,13,-0.070165,6.735073,7.103411,-0.016994,-0.037320,-0.026855
45446100.000,Miguel,recording,knock_twice_right,13,-0.039349,6.716462,7.120079,-0.005009,-0.058987,-0.012733
45446110.000,Miguel,recording,knock_twice_right,13,0.031241,6.692358,7.140620,0.004278,-0.056557,-0.004683
45446120.000,Miguel,recording,knock_twice_right,13,0.097322,6.661395,7.098308,0.012178,-0.028752,-0.004435
45446130.000,Miguel,recording,knock_twice_right,13,0.093689,6.676391,7.027432,0.012391,0.001985,-0.005647
45446140.000,Miguel,recording,knock_twice_right,13,0.051612,6.711426,7.014775,0.006221,0.015507,-0.002459
45446150.000,Miguel,recording,knock_twice_right,13,0.062836,6.743187,7.041269,0.002963,0.017932,0.002925
45446160.000,Miguel,recording,knock_twice_right,13,0.091743,6.764908,7.066273,0.008436,0.020097,0.006131
45446170.000,Miguel,recording,knock_twice_right,13,0.095662,6.766524,7.066551,0.022245,0.018517,0.009632
45446180.000,Miguel,recording,knock_twice_right,13,0.085751,6.783337,7.035753,0.037678,0.006397,0.016029
45446190.000,Miguel,recording,knock_twice_right,13,0.096080,6.795654,6.982006,0.048491,-0.015463,0.023392
45446200.000,Miguel,recording,knock_twice_right,13,0.125011,6.806557,6.946460,0.052986,-0.034909,0.030194
45446210.000,Miguel,recording,knock_twice_right,13,0.207953,6.806789,6.916740,0.053588,-0.037479,0.035206
45446220.000,Miguel,recording,knock_twice_right,13,0.320007,6.793149,6.858421,0.051018,-0.022960,0.034812
45446230.000,Miguel,recording,knock_twice_right,13,0.373066,6.783623,6.797982,0.043425,-0.007132,0.026254
45446240.000,Miguel,recording,knock_twice_right,13,0.367831,6.809184,6.763882,0.028754,-0.002961,0.013630
45446250.000,Miguel,recording,knock_twice_right,13,0.334357,6.850792,6.787875,0.013269,-0.005957,0.002429
45446260.000,Miguel,recording,knock_twice_right,13,0.319919,6.826469,6.830174,0.003052,-0.004175,-0.007186
45446270.000,Miguel,recording,knock_twice_right,13,0.275174,6.793643,6.818655,-0.005172,0.005248,-0.016460
45446280.000,Miguel,recording,knock_twice_right,13,0.185533,6.805810,6.805056,-0.013871,0.012061,-0.019727
45446290.000,Miguel,recording,knock_twice_right,13,0.124138,6.822761,6.798162,-0.026187,0.008080,-0.013313
45446300.000,Miguel,recording,knock_twice_right,13,0.130671,6.820007,6.812605,-0.039416,-0.002007,-0.006220
45446310.000,Miguel,recording,knock_twice_right,13,0.162339,6.809374,6.883470,-0.049296,-0.014029,-0.002313
45446320.000,Miguel,recording,knock_twice_right,13,0.238075,6.799814,6.963212,-0.054951,-0.020927,-0.001003
45446330.000,Miguel,recording,knock_twice_right,13,0.344330,6.761484,6.995544,-0.054809,-0.013579,-0.007285
45446340.000,Miguel,recording,knock_twice_right,13,0.343328,6.740473,6.993457,-0.053778,-0.002037,-0.022358
45446350.000,Miguel,recording,knock_twice_right,13,0.211199,6.756429,7.009952,-0.054577,0.001587,-0.035237
45446360.000,Miguel,recording,knock_twice_right,13,0.058046,6.762692,7.050930,-0.052765,0.000581,-0.036902
45446370.000,Miguel,recording,knock_twice_right,13,-0.020891,6.766015,7.083526,-0.047650,0.001037,-0.027615
45446380.000,Miguel,recording,knock_twice_right,13,-0.009497,6.768753,7.086246,-0.043628,0.007424,-0.012188
45446390.000,Miguel,recording,knock_twice_right,13,0.053302,6.757660,7.071049,-0.042879,0.014481,0.002047
45446400.000,Miguel,recording,knock_twice_right,13,0.117227,6.753515,7.100280,-0.042899,0.011891,0.012647
45446410.000,Miguel,recording,knock_twice_right,13,0.155139,6.758007,7.168940,-0.037037,0.000517,0.017359
45446420.000,Miguel,recording,knock_twice_right,13,0.151424,6.778315,7.213095,-0.023392,-0.010200,0.017128
45446430.000,Miguel,recording,knock_twice_right,13,0.166944,6.801694,7.243242,-0.004629,-0.013753,0.016370
45446440.000,Miguel,recording,knock_twice_right,13,0.182825,6.824335,7.217047,0.015639,-0.008387,0.015431
45446450.000,Miguel,recording,knock_twice_right,13,0.158379,6.852512,7.152300,0.034656,-0.002649,0.014095
45446460.000,Miguel,recording,knock_twice_right,13,0.089018,6.870057,7.082299,0.050653,-0.008599,0.016016
45446470.000,Miguel,recording,knock_twice_right,13,0.086249,6.871878,7.022416,0.061665,-0.022009,0.023031
45446480.000,Miguel,recording,knock_twice_right,13,0.187815,6.846409,6.954765,0.065633,-0.035417,0.030033
45446490.000,Miguel,recording,knock_twice_right,13,0.323296,6.813954,6.898180,0.059797,-0.041350,0.030502
45446500.000,Miguel,recording,knock_twice_right,13,0.418011,6.797032,6.847896,0.044287,-0.035127,0.021978
45446510.000,Miguel,recording,knock_twice_right,13,0.427285,6.810585,6.832453,0.023793,-0.023438,0.005337
45446520.000,Miguel,recording,knock_twice_right,13,0.356196,6.790160,6.839691,0.004959,-0.009520,-0.012821
45446530.000,Miguel,recording,knock_twice_right,13,0.236761,6.749047,6.851437,-0.009393,0.004032,-0.023537
45446540.000,Miguel,recording,knock_twice_right,13,0.103817,6.727487,6.848107,-0.018165,0.014670,-0.024865
45446550.000,Miguel,recording,knock_twice_right,13,0.022774,6.732058,6.858524,-0.022104,0.020341,-0.018239
45446560.000,Miguel,recording,knock_twice_right,13,0.011063,6.744352,6.858286,-0.024337,0.017105,-0.003962
45446570.000,Miguel,recording,knock_twice_right,13,0.057998,6.732013,6.865539,-0.024639,0.004555,0.012284
45446580.000,Miguel,recording,knock_twice_right,13,0.129297,6.704098,6.889114,-0.023824,-0.010989,0.023747
45446590.000,Miguel,recording,knock_twice_right,14,0.192256,6.697866,6.912161,-0.021926,-0.019378,0.028836
45446600.000,Miguel,recording,knock_twice_right,14,0.253685,6.717108,6.904600,-0.020502,-0.018505,0.029040
45446610.000,Miguel,recording,knock_twice_right,14,0.308250,6.739780,6.867542,-0.024541,-0.012192,0.024461
45446620.000,Miguel,recording,knock_twice_right,14,0.322194,6.749277,6.827804,-0.037721,-0.006094,0.014757
45446630.000,Miguel,recording,knock_twice_right,14,0.287712,6.750003,6.828745,-0.059090,-0.001371,0.006026
45446640.000,Miguel,recording,knock_twice_right,14,0.226063,6.764592,6.882140,-0.084816,0.007684,0.005454
45446650.000,Miguel,recording,knock_twice_right,14,0.230898,6.761662,6.970911,-0.106767,0.024505,0.010540
45446660.000,Miguel,recording,knock_twice_right,14,0.257153,6.714038,7.055984,-0.117489,0.039982,0.009638
45446670.000,Miguel,recording,knock_twice_right,14,0.234940,6.695120,7.109005,-0.118474,0.042129,0.001480
45446680.000,Miguel,recording,knock_twice_right,14,0.147249,6.697915,7.150082,-0.113567,0.030235,-0.003238
45446690.000,Miguel,recording,knock_twice_right,14,0.020148,6.708988,7.195801,-0.104951,0.009352,0.000684
45446700.000,Miguel,recording,knock_twice_right,14,-0.043850,6.750167,7.260676,-0.094515,-0.011510,0.013213
45446710.000,Miguel,recording,knock_twice_right,14,-0.039789,6.758014,7.312198,-0.083941,-0.023665,0.034313
45446720.000,Miguel,recording,knock_twice_right,14,0.026585,6.759099,7.364402,-0.071774,-0.026526,0.056528
45446730.000,Miguel,recording,knock_twice_right,14,0.140954,6.760036,7.464161,-0.054601,-0.020530,0.074199
45446740.000,Miguel,recording,knock_twice_right,14,0.288778,6.744590,7.538999,-0.027269,-0.007736,0.086202
45446750.000,Miguel,recording,knock_twice_right,14,0.452063,6.742076,7.508201,0.011776,0.002923,0.084378
45446760.000,Miguel,recording,knock_twice_right,14,0.517548,6.754749,7.392483,0.056705,0.000885,0.065872
45446770.000,Miguel,recording,knock_twice_right,14,0.466053,6.798062,7.250543,0.098146,-0.020770,0.039124
45446780.000,Miguel,recording,knock_twice_right,14,0.368167,6.831038,7.069868,0.126312,-0.054455,0.014845
45446790.000,Miguel,recording,knock_twice_right,14,0.282884,6.814387,6.869310,0.132134,-0.083205,-0.001466
45446800.000,Miguel,recording,knock_twice_right,14,0.196499,6.787717,6.723949,0.111201,-0.094597,-0.007934
45446810.000,Miguel,recording,knock_twice_right,14,0.106434,6.792846,6.680950,0.069715,-0.081610,-0.003465
45446820.000,Miguel,recording,knock_twice_right,14,0.048823,6.818201,6.708404,0.019381,-0.041929,0.010871
45446830.000,Miguel,recording,knock_twice_right,14,0.073875,6.811622,6.796241,-0.027742,0.013240,0.031803
45446840.000,Miguel,recording,knock_twice_right,14,0.186696,6.799078,6.902902,-0.060764,0.060316,0.051451
45446850.000,Miguel,recording,knock_twice_right,14,0.344361,6.799884,6.972249,-0.074188,0.080903,0.060299
45446860.000,Miguel,recording,knock_twice_right,14,0.447692,6.811275,7.022477,-0.068815,0.072306,0.054322
45446870.000,Miguel,recording,knock_twice_right,14,0.504329,6.827326,7.065502,-0.048781,0.044031,0.037474
45446880.000,Miguel,recording,knock_twice_right,14,0.541847,6.808411,7.045668,-0.026345,0.011594,0.016712
45446890.000,Miguel,recording,knock_twice_right,14,0.510415,6.746324,6.992376,-0.011660,-0.008511,-0.003751
45446900.000,Miguel,recording,knock_twice_right,14,0.398222,6.707020,6.970068,-0.005259,-0.009107,-0.016667
45446910.000,Miguel,recording,knock_twice_right,14,0.279639,6.674447,6.929759,-0.005439,0.006257,-0.015836
45446920.000,Miguel,recording,knock_twice_right,14,0.226398,6.638393,6.863307,-0.008967,0.024581,-0.004838
45446930.000,Miguel,recording,knock_twice_right,14,0.194365,6.642292,6.781195,-0.018819,0.028275,0.009717
45446940.000,Miguel,recording,knock_twice_right,14,0.215812,6.685942,6.759339,-0.037538,0.010224,0.026070
45446950.000,Miguel,recording,knock_twice_right,14,0.295518,6.743719,6.804923,-0.063704,-0.018242,0.039740
45446960.000,Miguel,recording,knock_twice_right,14,0.420437,6.737476,6.886374,-0.092058,-0.037380,0.043593
45446970.000,Miguel,recording,knock_twice_right,14,0.506879,6.695667,7.032598,-0.114780,-0.031717,0.039548
45446980.000,Miguel,recording,knock_twice_right,14,0.531533,6.649840,7.175472,-0.123945,-0.002838,0.032539
45446990.000,Miguel,recording,knock_twice_right,14,0.508978,6.638717,7.272979,-0.115615,0.027681,0.021231
45447000.000,Miguel,recording,knock_twice_right,14,0.413287,6.661548,7.272286,-0.092804,0.038343,0.004996
45447010.000,Miguel,recording,knock_twice_right,14,0.259158,6.675696,7.199238,-0.064242,0.020674,-0.010161
45447020.000,Miguel,recording,knock_twice_right,14,0.078658,6.675654,7.120494,-0.040797,-0.019412,-0.017446
45447030.000,Miguel,recording,knock_twice_right,14,-0.041779,6.648961,7.058657,-0.029155,-0.062707,-0.012089
45447040.000,Miguel,recording,knock_twice_right,14,-0.062104,6.630961,7.006345,-0.037673,-0.090764,0.005088
45447050.000,Miguel,recording,knock_twice_right,14,-0.004272,6.635706,7.051095,-0.066763,-0.093436,0.027856
45447060.000,Miguel,recording,knock_twice_right,14,0.119754,6.617545,7.177990,-0.102636,-0.064966,0.048276
45447070.000,Miguel,recording,knock_twice_right,14,0.285589,6.544907,7.358149,-0.129479,-0.013496,0.062062
45447080.000,Miguel,recording,knock_twice_right,14,0.451682,6.507882,7.522215,-0.134164,0.040720,0.069027
45447090.000,Miguel,recording,knock_twice_right,14,0.549331,6.525655,7.602627,-0.110575,0.075854,0.064159
45447100.000,Miguel,recording,knock_twice_right,14,0.553457,6.588083,7.599810,-0.061804,0.070619,0.043763
45447110.000,Miguel,recording,knock_twice_right,14,0.420330,6.679294,7.497995,0.000890,0.022627,0.015608
45447120.000,Miguel,recording,knock_twice_right,14,0.192120,6.751506,7.315983,0.058833,-0.044207,-0.006444
45447130.000,Miguel,recording,knock_twice_right,14,-0.003842,6.776522,7.110154,0.093289,-0.098377,-0.011305
45447140.000,Miguel,recording,knock_twice_right,14,-0.071350,6.755884,6.956747,0.095456,-0.119108,0.004706
45447150.000,Miguel,recording,knock_twice_right,14,-0.019221,6.698498,6.885821,0.069504,-0.103708,0.034497
45447160.000,Miguel,recording,knock_twice_right,14,0.125839,6.630698,6.894084,0.027776,-0.064160,0.064417
45447170.000,Miguel,recording,knock_twice_right,14,0.321447,6.569092,6.959958,-0.013327,-0.019867,0.085920
45447180.000,Miguel,recording,knock_twice_right,14,0.503522,6.531772,7.043983,-0.039216,0.008619,0.094855
45447190.000,Miguel,recording,knock_twice_right,14,0.633262,6.556510,7.110989,-0.046220,0.011779,0.088606
45447200.000,Miguel,recording,knock_twice_right,14,0.655613,6.614483,7.140049,-0.040339,-0.008748,0.071017
45447210.000,Miguel,recording,knock_twice_right,14,0.587904,6.690502,7.135093,-0.028178,-0.041677,0.051796
45447220.000,Miguel,recording,knock_twice_right,14,0.516971,6.762291,7.122108,-0.017156,-0.066718,0.039400
45447230.000,Miguel,recording,knock_twice_right,14,0.472691,6.788705,7.108232,-0.014092,-0.073435,0.037661
45447240.000,Miguel,recording,knock_twice_right,14,0.496284,6.776250,7.104317,-0.019673,-0.064027,0.041356
45447250.000,Miguel,recording,knock_twice_right,14,0.549683,6.760536,7.122042,-0.029826,-0.046356,0.042323
45447260.000,Miguel,recording,knock_twice_right,14,0.594768,6.754710,7.149738,-0.039371,-0.026809,0.040547
45447270.000,Miguel,recording,knock_twice_right,14,0.646387,6.737377,7.189144,-0.042746,-0.010560,0.035449
45447280.000,Miguel,recording,knock_twice_right,14,0.689056,6.701296,7.216949,-0.039172,-0.004091,0.024317
45447290.000,Miguel,recording,knock_twice_right,14,0.699915,6.659077,7.254313,-0.033899,-0.010424,0.010017
45447300.000,Miguel,recording,knock_twice_right,14,0.670782,6.612513,7.272617,-0.027345,-0.019996,-0.003732
45447310.000,Miguel,recording,knock_twice_right,14,0.604150,6.578385,7.272886,-0.016542,-0.022176,-0.013810
45447320.000,Miguel,recording,knock_twice_right,14,0.508224,6.562692,7.261328,-0.002097,-0.017158,-0.017707
45447330.000,Miguel,recording,knock_twice_right,14,0.410189,6.550625,7.201629,0.013876,-0.011275,-0.017118
45447340.000,Miguel,recording,knock_twice_right,14,0.316756,6.553421,7.122016,0.028327,-0.010349,-0.011566
45447350.000,Miguel,recording,knock_twice_right,14,0.244578,6.589101,7.010598,0.035290,-0.018982,-0.000851
45447360.000,Miguel,recording,knock_twice_right,14,0.244196,6.622983,6.916937,0.028866,-0.038138,0.011081
45447370.000,Miguel,recording,knock_twice_right,14,0.331333,6.637898,6.875838,0.008745,-0.057682,0.022592
45447380.000,Miguel,recording,knock_twice_right,14,0.454041,6.630271,6.904742,-0.021744,-0.062803,0.029581
45447390.000,Miguel,recording,knock_twice_right,14,0.557526,6.631215,6.986530,-0.057486,-0.048423,0.027826
45447400.000,Miguel,recording,knock_twice_right,14,0.638020,6.645502,7.116103,-0.092927,-0.021519,0.019597
45447410.000,Miguel,recording,knock_twice_right,14,0.683263,6.631980,7.297318,-0.118595,0.012099,0.007442
45447420.000,Miguel,recording,knock_twice_right,14,0.672814,6.598888,7.453089,-0.125871,0.044504,-0.007870
45447430.000,Miguel,recording,knock_twice_right,14,0.620081,6.591313,7.552845,-0.112080,0.064572,-0.023913
45447440.000,Miguel,recording,knock_twice_right,14,0.541544,6.596844,7.598699,-0.079822,0.062055,-0.036824
45447450.000,Miguel,recording,knock_twice_right,14,0.453687,6.611464,7.582784,-0.037713,0.038540,-0.045618
45447460.000,Miguel,recording,knock_twice_right,14,0.375243,6.629328,7.508441,0.002900,0.003774,-0.050191
45447470.000,Miguel,recording,knock_twice_right,14,0.285631,6.641702,7.423670,0.031342,-0.027887,-0.049291
45447480.000,Miguel,recording,knock_twice_right,14,0.209037,6.640974,7.376550,0.046265,-0.038964,-0.040210
45447490.000,Miguel,recording,knock_twice_right,14,0.192992,6.614576,7.350427,0.051779,-0.025507,-0.024277
45447500.000,Miguel,recording,knock_twice_right,14,0.239997,6.587319,7.318224,0.051837,0.002285,-0.006099
45447510.000,Miguel,recording,knock_twice_right,14,0.339472,6.567323,7.275946,0.051819,0.027974,0.009883
45447520.000,Miguel,recording,knock_twice_right,14,0.456883,6.563303,7.235346,0.054913,0.040263,0.019647
45447530.000,Miguel,recording,knock_twice_right,14,0.519245,6.556056,7.206850,0.064278,0.036338,0.021212
45447540.000,Miguel,recording,knock_twice_right,14,0.529016,6.574329,7.145803,0.080917,0.019721,0.016249
45447550.000,Miguel,recording,knock_twice_right,14,0.523009,6.617586,7.068265,0.097554,-0.004970,0.010076
45447560.000,Miguel,recording,knock_twice_right,14,0.516951,6.655585,6.950683,0.105759,-0.030233,0.002854
45447570.000,Miguel,recording,knock_twice_right,14,0.476949,6.663670,6.842583,0.101086,-0.045164,-0.005740
45447580.000,Miguel,recording,knock_twice_right,14,0.402815,6.679109,6.755023,0.081087,-0.044526,-0.009353
45447590.000,Miguel,recording,knock_twice_right,14,0.350196,6.669909,6.711944,0.048446,-0.030198,-0.004638
45447600.000,Miguel,recording,knock_twice_right,14,0.365280,6.638491,6.741349,0.009939,-0.009555,0.006351
45447610.000,Miguel,recording,knock_twice_right,14,0.433340,6.603193,6.811040,-0.023863,0.010274,0.018443
45447620.000,Miguel,recording,knock_twice_right,14,0.534809,6.586604,6.886682,-0.045737,0.021673,0.023821
45447630.000,Miguel,recording,knock_twice_right,14,0.592139,6.600649,6.954905,-0.056028,0.014006,0.017980
45447640.000,Miguel,recording,knock_twice_right,14,0.564468,6.628500,7.048455,-0.056235,-0.010690,0.004316
45447650.000,Miguel,recording,knock_twice_right,14,0.488878,6.649345,7.113528,-0.048507,-0.033873,-0.009200
45447660.000,Miguel,recording,knock_twice_right,14,0.415864,6.647780,7.131375,-0.041798,-0.037699,-0.016418
45447670.000,Miguel,recording,knock_twice_right,14,0.370610,6.621732,7.125774,-0.043935,-0.022127,-0.014751
45447680.000,Miguel,recording,knock_twice_right,14,0.356846,6.611173,7.138506,-0.052649,-0.002141,-0.005927
45447690.000,Miguel,recording,knock_twice_right,14,0.379553,6.643214,7.174208,-0.062524,0.011828,0.006156
45447700.000,Miguel,recording,knock_twice_right,14,0.440170,6.638466,7.242318,-0.068232,0.015155,0.014047
45447710.000,Miguel,recording,knock_twice_right,14,0.507801,6.631487,7.316790,-0.065321,0.008740,0.012361
45447720.000,Miguel,recording,knock_twice_right,14,0.516820,6.635372,7.358030,-0.052898,0.000091,0.001364
45447730.000,Miguel,recording,knock_twice_right,14,0.455607,6.642318,7.386796,-0.035562,-0.005404,-0.010404
45447740.000,Miguel,recording,knock_twice_right,14,0.389171,6.637335,7.382876,-0.018656,-0.004284,-0.015672
45447750.000,Miguel,recording,knock_twice_right,14,0.342732,6.612595,7.336710,-0.004479,0.000870,-0.015658
45447760.000,Miguel,recording,knock_twice_right,14,0.287270,6.595880,7.288141,0.005145,0.001832,-0.009724
45447770.000,Miguel,recording,knock_twice_right,14,0.254979,6.582347,7.271209,0.009460,-0.003654,0.001444
45447780.000,Miguel,recording,knock_twice_right,14,0.280154,6.555239,7.273568,0.011838,-0.008796,0.014530
45447790.000,Miguel,recording,knock_twice_right,14,0.345092,6.526288,7.282924,0.014364,-0.007243,0.026835
45447800.000,Miguel,recording,knock_twice_right,14,0.454727,6.527296,7.281212,0.016963,-0.000063,0.035071
45447810.000,Miguel,recording,knock_twice_right,14,0.537193,6.536138,7.278703,0.020538,0.005797,0.035101
45447820.000,Miguel,recording,knock_twice_right,14,0.559634,6.554333,7.268003,0.025433,0.007609,0.027611
45447830.000,Miguel,recording,knock_twice_right,14,0.529760,6.586813,7.224828,0.030902,0.007098,0.018838
45447840.000,Miguel,recording,knock_twice_right,14,0.490898,6.606206,7.173776,0.033203,0.004094,0.012384
45447850.000,Miguel,recording,knock_twice_right,14,0.461754,6.613181,7.147482,0.030120,-0.002430,0.011227
45447860.000,Miguel,recording,knock_twice_right,14,0.434220,6.623823,7.137207,0.024448,-0.006138,0.016368
45447870.000,Miguel,recording,knock_twice_right,14,0.431785,6.616498,7.149479,0.021133,-0.001478,0.024442
45447880.000,Miguel,recording,knock_twice_right,14,0.470670,6.614036,7.171630,0.022844,0.006399,0.032797
45447890.000,Miguel,recording,knock_twice_right,14,0.568763,6.619449,7.161635,0.028249,0.011280,0.037226
45447900.000,Miguel,recording,knock_twice_right,14,0.632676,6.637484,7.158322,0.034567,0.004645,0.034426
45447910.000,Miguel,recording,knock_twice_right,14,0.654623,6.667469,7.146158,0.040919,-0.009651,0.024519
45447920.000,Miguel,recording,knock_twice_right,14,0.638761,6.689571,7.099959,0.046692,-0.019744,0.010722
45447930.000,Miguel,recording,knock_twice_right,14,0.601246,6.712472,7.031278,0.046006,-0.023624,-0.000333
45447940.000,Miguel,recording,knock_twice_right,14,0.537937,6.712068,7.013781,0.034844,-0.019941,-0.004644
45447950.000,Miguel,recording,knock_twice_right,14,0.510356,6.700769,7.028059,0.018627,-0.009674,-0.001738
45447960.000,Miguel,recording,knock_twice_right,14,0.539200,6.690883,7.059900,0.004991,0.001464,0.001983
45447970.000,Miguel,recording,knock_twice_right,14,0.578592,6.686395,7.116554,-0.000689,0.008018,0.000162
45447980.000,Miguel,recording,knock_twice_right,14,0.610722,6.673238,7.173135,0.002855,0.008544,-0.006818
45447990.000,Miguel,recording,knock_twice_right,14,0.582431,6.651146,7.193929,0.015240,-0.002388,-0.013203
45448000.000,Miguel,recording,knock_twice_right,14,0.517946,6.689605,7.244199,0.030405,-0.032430,-0.013078
45448010.000,Miguel,recording,knock_twice_right,14,0.511765,6.702290,7.260582,0.044205,-0.063741,-0.012355
45448020.000,Miguel,recording,knock_twice_right,14,0.543750,6.691549,7.221383,0.056164,-0.070693,-0.016066
45448030.000,Miguel,recording,knock_twice_right,14,0.557306,6.687394,7.174301,0.061161,-0.052996,-0.020144
45448040.000,Miguel,recording,knock_twice_right,14,0.540360,6.682363,7.133484,0.055466,-0.026809,-0.024946
45448050.000,Miguel,recording,knock_twice_right,14,0.475650,6.681183,7.109071,0.044028,-0.003396,-0.030977
45448060.000,Miguel,recording,knock_twice_right,14,0.414786,6.680848,7.108807,0.033910,0.010709,-0.032281
45448070.000,Miguel,recording,knock_twice_right,14,0.412641,6.664779,7.121248,0.025668,0.015303,-0.028152
45448080.000,Miguel,recording,knock_twice_right,14,0.427411,6.639690,7.129951,0.020696,0.016847,-0.025142
45448090.000,Miguel,recording,knock_twice_right,14,0.434926,6.607907,7.140966,0.022031,0.016843,-0.024191
45448100.000,Miguel,recording,knock_twice_right,14,0.414902,6.588558,7.152875,0.028523,0.013441,-0.020412
45448110.000,Miguel,recording,knock_twice_right,14,0.400485,6.562169,7.145127,0.037462,0.005164,-0.014162
45448120.000,Miguel,recording,knock_twice_right,14,0.382471,6.547029,7.103024,0.047732,-0.006359,-0.008426
45448130.000,Miguel,recording,knock_twice_right,14,0.368046,6.549766,7.072095,0.057620,-0.016170,-0.002940
45448140.000,Miguel,recording,knock_twice_right,14,0.385464,6.585772,7.035743,0.065772,-0.023363,0.001805
45448150.000,Miguel,recording,knock_twice_right,14,0.383733,6.612794,6.985431,0.068246,-0.026963,0.003492
45448160.000,Miguel,recording,knock_twice_right,14,0.378312,6.618341,6.927550,0.063679,-0.025052,0.002637
45448170.000,Miguel,recording,knock_twice_right,14,0.365713,6.631947,6.867709,0.051805,-0.020805,0.002242
45448180.000,Miguel,recording,knock_twice_right,14,0.348088,6.652670,6.824593,0.030685,-0.015589,0.005807
45448190.000,Miguel,recording,knock_twice_right,14,0.342252,6.669077,6.831515,0.002280,-0.008148,0.014121
45448200.000,Miguel,recording,knock_twice_right,14,0.369870,6.690982,6.902632,-0.025760,0.000536,0.024773
45448210.000,Miguel,recording,knock_twice_right,14,0.429029,6.711774,7.000773,-0.044628,0.008220,0.034497
45448220.000,Miguel,recording,knock_twice_right,14,0.503695,6.722895,7.099907,-0.052756,0.012361,0.040441
45448230.000,Miguel,recording,knock_twice_right,14,0.577828,6.724874,7.178661,-0.052987,0.011282,0.039792
45448240.000,Miguel,recording,knock_twice_right,14,0.635320,6.721530,7.241677,-0.042202,0.008300,0.032973
45448250.000,Miguel,recording,knock_twice_right,14,0.647707,6.739487,7.265539,-0.019650,0.003640,0.022949
45448260.000,Miguel,recording,knock_twice_right,14,0.628712,6.784974,7.260642,0.005657,-0.003261,0.011613
45448270.000,Miguel,recording,knock_twice_right,14,0.597952,6.822246,7.219513,0.028350,-0.011421,-0.000244
45448280.000,Miguel,recording,knock_twice_right,14,0.558695,6.834773,7.162445,0.045260,-0.021982,-0.011104
45448290.000,Miguel,recording,knock_twice_right,14,0.493835,6.827479,7.094730,0.053229,-0.030748,-0.016267
45448300.000,Miguel,recording,knock_twice_right,14,0.439378,6.813512,7.062864,0.053714,-0.030397,-0.014354
45448310.000,Miguel,recording,knock_twice_right,14,0.459321,6.767318,7.034247,0.048593,-0.019959,-0.007935
45448320.000,Miguel,recording,knock_twice_right,14,0.545322,6.704961,7.007824,0.039596,-0.004988,-0.001802
45448330.000,Miguel,recording,knock_twice_right,14,0.630955,6.636584,6.999683,0.028999,0.005955,-0.002325
45448340.000,Miguel,recording,knock_twice_right,14,0.674709,6.592803,7.006294,0.020832,0.008332,-0.012493
45448350.000,Miguel,recording,knock_twice_right,14,0.668218,6.558875,6.992161,0.016186,0.005865,-0.030143
45448360.000,Miguel,recording,knock_twice_right,14,0.584774,6.526504,6.964143,0.012109,0.003555,-0.050270
45448370.000,Miguel,recording,knock_twice_right,14,0.423483,6.516550,6.931711,0.007307,0.003816,-0.065232
45448380.000,Miguel,recording,knock_twice_right,14,0.228409,6.515693,6.911798,-0.003356,0.005805,-0.064956
45448390.000,Miguel,recording,knock_twice_right,14,0.089043,6.538247,6.916457,-0.022399,0.011300,-0.048944
45448400.000,Miguel,recording,knock_twice_right,14,0.045621,6.548054,6.944298,-0.043136,0.018885,-0.023239
45448410.000,Miguel,recording,knock_twice_right,14,0.081503,6.559704,7.006511,-0.062042,0.025794,0.006148
45448420.000,Miguel,recording,knock_twice_right,14,0.197475,6.556093,7.107793,-0.074909,0.032705,0.033353
45448430.000,Miguel,recording,knock_twice_right,14,0.357676,6.548281,7.204116,-0.079325,0.038078,0.054015
45448440.000,Miguel,recording,knock_twice_right,14,0.532461,6.572694,7.296330,-0.076147,0.040308,0.066335
45448450.000,Miguel,recording,knock_twice_right,14,0.644556,6.638547,7.359530,-0.065172,0.035651,0.068636
45448460.000,Miguel,recording,knock_twice_right,14,0.706458,6.730550,7.392777,-0.048448,0.024680,0.063020
45448470.000,Miguel,recording,knock_twice_right,14,0.732787,6.818317,7.424557,-0.026853,0.012913,0.054423
45448480.000,Miguel,recording,knock_twice_right,14,0.724319,6.929370,7.430134,-0.003534,0.002414,0.045219
45448490.000,Miguel,recording,knock_twice_right,14,0.730869,7.001212,7.406664,0.019220,-0.005374,0.035491
45448500.000,Miguel,recording,knock_twice_right,14,0.731788,7.012379,7.375802,0.041124,-0.008917,0.024299
45448510.000,Miguel,recording,knock_twice_right,14,0.712958,7.008549,7.340758,0.060514,-0.010988,0.014632
45448520.000,Miguel,recording,knock_twice_right,14,0.701603,7.010976,7.295432,0.076964,-0.011851,0.009682
45448530.000,Miguel,recording,knock_twice_right,14,0.728632,6.999405,7.223438,0.088771,-0.010039,0.003924
45448540.000,Miguel,recording,knock_twice_right,14,0.787538,6.939377,7.135997,0.095849,-0.009864,-0.008059
45448550.000,Miguel,recording,knock_twice_right,14,0.808236,6.864321,7.068982,0.099395,-0.011981,-0.024582
45448560.000,Miguel,recording,knock_twice_right,14,0.761597,6.787913,6.988021,0.098389,-0.009478,-0.044222
45448570.000,Miguel,recording,knock_twice_right,14,0.672091,6.717486,6.897708,0.092042,-0.000347,-0.061757
45448580.000,Miguel,recording,knock_twice_right,14,0.547000,6.638798,6.811231,0.081293,0.011861,-0.070937
45448590.000,Miguel,recording,knock_twice_right,14,0.403563,6.575031,6.734571,0.068096,0.023190,-0.071020
45448600.000,Miguel,recording,knock_twice_right,14,0.295483,6.534211,6.680710,0.053584,0.028243,-0.062932
45448610.000,Miguel,recording,knock_twice_right,14,0.251118,6.510371,6.658031,0.038515,0.024139,-0.048334
45448620.000,Miguel,recording,knock_twice_right,14,0.284417,6.546102,6.656909,0.022307,0.010888,-0.032578
45448630.000,Miguel,recording,knock_twice_right,14,0.348290,6.583355,6.691769,0.003444,-0.006175,-0.020715
45448640.000,Miguel,recording,knock_twice_right,14,0.406799,6.623983,6.733707,-0.014673,-0.020459,-0.014832
45448650.000,Miguel,recording,knock_twice_right,14,0.466555,6.665137,6.762058,-0.033097,-0.024889,-0.014901
45448660.000,Miguel,recording,knock_twice_right,14,0.508396,6.696210,6.817125,-0.055031,-0.015523,-0.020238
45448670.000,Miguel,recording,knock_twice_right,14,0.538418,6.750947,6.902270,-0.075707,0.001788,-0.026846
45448680.000,Miguel,recording,knock_twice_right,14,0.533610,6.771185,6.971676,-0.091464,0.019326,-0.034880
45448690.000,Miguel,recording,knock_twice_right,14,0.502756,6.779948,7.040639,-0.100813,0.026063,-0.045986
45448700.000,Miguel,recording,knock_twice_right,14,0.439849,6.792087,7.123230,-0.104062,0.020454,-0.055926
45448710.000,Miguel,recording,knock_twice_right,14,0.367448,6.768398,7.199586,-0.103203,0.012726,-0.061634
45448720.000,Miguel,recording,knock_twice_right,14,0.286188,6.722215,7.262672,-0.099714,0.009472,-0.058433
45448730.000,Miguel,recording,knock_twice_right,14,0.240532,6.665335,7.345006,-0.094530,0.011869,-0.046791
45448740.000,Miguel,recording,knock_twice_right,14,0.258467,6.610556,7.439536,-0.083054,0.019408,-0.033197
45448750.000,Miguel,recording,knock_twice_right,14,0.352307,6.565240,7.517517,-0.061806,0.029720,-0.022215
45448760.000,Miguel,recording,knock_twice_right,14,0.437885,6.550287,7.546796,-0.032408,0.035608,-0.018880
45448770.000,Miguel,recording,knock_twice_right,14,0.469425,6.570659,7.550698,0.003142,0.031556,-0.023413
45448780.000,Miguel,recording,knock_twice_right,14,0.466143,6.627941,7.537335,0.041619,0.020494,-0.031270
45448790.000,Miguel,recording,knock_twice_right,14,0.472758,6.694147,7.481037,0.077865,0.011152,-0.039844
45448800.000,Miguel,recording,knock_twice_right,14,0.478857,6.721615,7.367145,0.107568,0.011901,-0.048687
45448810.000,Miguel,recording,knock_twice_right,14,0.489685,6.763826,7.234935,0.126449,0.022194,-0.055194
45448820.000,Miguel,recording,knock_twice_right,14,0.484877,6.784403,7.108351,0.131192,0.034000,-0.059447
45448830.000,Miguel,recording,knock_twice_right,14,0.488411,6.741770,7.043728,0.129335,0.042995,-0.059653
45448840.000,Miguel,recording,knock_twice_right,14,0.341020,6.616382,6.940056,0.136850,0.067436,-0.061262
45448850.000,Miguel,recording,knock_twice_right,14,-0.167729,6.416996,6.567708,0.139162,0.152956,-0.068117
45448860.000,Miguel,recording,knock_twice_right,14,-0.386930,6.578368,6.286491,0.084128,0.271891,-0.031472
45448870.000,Miguel,recording,knock_twice_right,14,-0.279782,6.816073,6.109190,-0.035581,0.363464,0.046090
45448880.000,Miguel,recording,knock_twice_right,14,0.105001,6.803312,6.126988,-0.168564,0.413043,0.093804
45448890.000,Miguel,recording,knock_twice_right,14,0.448829,6.699735,6.405790,-0.269564,0.383992,0.095284
45448900.000,Miguel,recording,knock_twice_right,14,0.555074,6.629038,6.798386,-0.315335,0.267258,0.071705
45448910.000,Miguel,recording,knock_twice_right,14,0.573690,6.635418,7.182735,-0.303433,0.103174,0.045534
45448920.000,Miguel,recording,knock_twice_right,14,0.625818,6.655629,7.511543,-0.239828,-0.069576,0.025267
45448930.000,Miguel,recording,knock_twice_right,14,0.729809,6.652487,7.685238,-0.133268,-0.227695,0.002306
45448940.000,Miguel,recording,knock_twice_right,14,0.735233,6.575336,7.737829,-0.011242,-0.375167,-0.037023
45448950.000,Miguel,recording,knock_twice_right,14,0.578304,6.455961,7.680786,0.107426,-0.477101,-0.073753
45448960.000,Miguel,recording,knock_twice_right,14,0.283387,6.631752,7.375514,0.202604,-0.480172,-0.065619
45448970.000,Miguel,recording,knock_twice_right,14,0.189613,6.927512,7.022642,0.234878,-0.417832,-0.011739
45448980.000,Miguel,recording,knock_twice_right,14,0.468730,7.097017,6.847798,0.194370,-0.341053,0.039969
45448990.000,Miguel,recording,knock_twice_right,14,0.908689,7.132273,6.930594,0.119880,-0.235175,0.042161
45449000.000,Miguel,recording,knock_twice_right,14,1.225995,6.998127,7.117423,0.060232,-0.075843,-0.011746
45449010.000,Miguel,recording,knock_twice_right,14,1.072797,6.827352,7.187005,0.024222,0.093744,-0.096063
45449020.000,Miguel,recording,knock_twice_right,14,0.592753,6.747407,7.205656,-0.003329,0.200789,-0.160099
45449030.000,Miguel,recording,knock_twice_right,14,-0.210300,6.504897,7.087937,-0.016046,0.259632,-0.185836
45449040.000,Miguel,recording,knock_twice_right,14,-1.118111,6.295098,7.000208,-0.018165,0.275865,-0.150228
45449050.000,Miguel,recording,knock_twice_right,14,-1.517896,6.590321,7.064537,-0.031007,0.227275,-0.013281
45449060.000,Miguel,recording,knock_twice_right,14,-1.166847,6.747805,7.117957,-0.050097,0.145425,0.165584
45449070.000,Miguel,recording,knock_twice_right,14,-0.115940,6.607302,7.229174,-0.059074,0.055195,0.284207
45449080.000,Miguel,recording,knock_twice_right,14,0.925872,6.511866,7.473120,-0.045750,-0.038954,0.294122
45449090.000,Miguel,recording,knock_twice_right,14,1.603803,6.497769,7.700080,-0.002251,-0.122980,0.209235
45449100.000,Miguel,recording,knock_twice_right,14,1.896156,6.502225,7.686940,0.064143,-0.156584,0.074220
45449110.000,Miguel,recording,knock_twice_right,14,1.636482,6.585529,7.394316,0.123420,-0.126312,-0.063187
45449120.000,Miguel,recording,knock_twice_right,14,0.967981,6.657309,7.045019,0.147267,-0.075064,-0.158831
45449130.000,Miguel,recording,knock_twice_right,14,0.275901,6.622295,6.823192,0.139332,-0.046274,-0.188986
45449140.000,Miguel,recording,knock_twice_right,14,-0.145205,6.547940,6.673231,0.122744,-0.035658,-0.162397
45449150.000,Miguel,recording,knock_twice_right,14,-0.444158,6.749564,6.554749,0.105528,-0.038166,-0.086475
45449160.000,Miguel,recording,knock_twice_right,14,-0.459433,7.027197,6.511840,0.078506,-0.072087,0.024599
45449170.000,Miguel,recording,knock_twice_right,14,-0.023886,7.031171,6.557822,0.041126,-0.127089,0.117238
45449180.000,Miguel,recording,knock_twice_right,14,0.584864,6.882683,6.666808,0.004351,-0.159598,0.150949
45449190.000,Miguel,recording,knock_twice_right,14,1.022665,6.785957,6.784263,-0.026816,-0.141486,0.129018
45449200.000,Miguel,recording,knock_twice_right,14,1.224504,6.755106,6.891790,-0.055300,-0.080904,0.075757
45449210.000,Miguel,recording,knock_twice_right,14,1.214737,6.727173,6.955154,-0.081426,-0.006592,0.010797
45449220.000,Miguel,recording,knock_twice_right,14,1.041990,6.706002,6.993714,-0.100097,0.052152,-0.056386
45449230.000,Miguel,recording,knock_twice_right,14,0.735089,6.657155,7.041960,-0.107864,0.076347,-0.109004
45449240.000,Miguel,recording,knock_twice_right,14,0.367316,6.582629,7.048299,-0.105147,0.066402,-0.131856
45449250.000,Miguel,recording,knock_twice_right,14,0.025583,6.530642,7.054046,-0.094334,0.036900,-0.123561
45449260.000,Miguel,recording,knock_twice_right,14,-0.189850,6.521391,7.063421,-0.082005,0.001172,-0.088281
45449270.000,Miguel,recording,knock_twice_right,14,-0.235455,6.538307,7.074175,-0.071563,-0.029599,-0.037698
45449280.000,Miguel,recording,knock_twice_right,14,-0.149817,6.547750,7.088371,-0.063195,-0.044931,0.010820
45449290.000,Miguel,recording,knock_twice_right,14,0.001304,6.548003,7.120781,-0.058460,-0.044128,0.047526
45449300.000,Miguel,recording,knock_twice_right,14,0.167985,6.556175,7.190349,-0.054962,-0.036224,0.071473
45449310.000,Miguel,recording,knock_twice_right,14,0.342122,6.585369,7.264608,-0.048856,-0.026674,0.082336
45449320.000,Miguel,recording,knock_twice_right,14,0.490441,6.608588,7.304590,-0.036080,-0.014921,0.077802
45449330.000,Miguel,recording,knock_twice_right,14,0.568184,6.638303,7.286554,-0.016449,-0.002868,0.061550
45449340.000,Miguel,recording,knock_twice_right,14,0.532505,6.703770,7.244008,0.003893,0.000322,0.043823
45449350.000,Miguel,recording,knock_twice_right,14,0.457410,6.748819,7.205491,0.019832,-0.009531,0.031732
45449360.000,Miguel,recording,knock_twice_right,14,0.412680,6.749287,7.167067,0.029270,-0.023055,0.028887
45449370.000,Miguel,recording,knock_twice_right,14,0.417192,6.724576,7.128182,0.035649,-0.029985,0.032713
45449380.000,Miguel,recording,knock_twice_right,14,0.447453,6.688054,7.105834,0.039831,-0.030979,0.039632
45449390.000,Miguel,recording,knock_twice_right,14,0.504640,6.689517,7.124987,0.039711,-0.029493,0.046887
45449400.000,Miguel,recording,knock_twice_right,14,0.577341,6.686263,7.146039,0.040561,-0.022965,0.050866
45449410.000,Miguel,recording,knock_twice_right,14,0.651768,6.675361,7.142408,0.047725,-0.017102,0.050331
45449420.000,Miguel,recording,knock_twice_right,14,0.684649,6.687301,7.143942,0.057276,-0.028880,0.044813
45449430.000,Miguel,recording,knock_twice_right,14,0.686145,6.723940,7.130887,0.065936,-0.055301,0.035655
45449440.000,Miguel,recording,knock_twice_right,14,0.683971,6.782648,7.104024,0.071412,-0.074534,0.023123
45449450.000,Miguel,recording,knock_twice_right,14,0.668315,6.812556,7.064612,0.070891,-0.072636,0.011359
45449460.000,Miguel,recording,knock_twice_right,14,0.650133,6.827568,7.034401,0.064143,-0.050331,0.005818
45449470.000,Miguel,recording,knock_twice_right,14,0.658926,6.828685,7.008999,0.052599,-0.020394,0.001998
45449480.000,Miguel,recording,knock_twice_right,14,0.670297,6.797080,6.976938,0.041539,0.007354,-0.002661
45449490.000,Miguel,recording,knock_twice_right,14,0.664432,6.763156,6.956263,0.036286,0.027001,-0.007407
45449500.000,Miguel,recording,knock_twice_right,14,0.628229,6.720118,6.951003,0.041548,0.027761,-0.009710
45449510.000,Miguel,recording,knock_twice_right,14,0.598593,6.697362,6.962095,0.058071,0.001940,-0.007876
45449520.000,Miguel,recording,knock_twice_right,14,0.605225,6.698298,6.978472,0.086417,-0.044349,-0.006452
45449530.000,Miguel,recording,knock_twice_right,14,0.639935,6.712581,6.956609,0.119126,-0.095158,-0.007722
45449540.000,Miguel,recording,knock_twice_right,14,0.686202,6.727934,6.851604,0.138757,-0.136597,-0.015373
45449550.000,Miguel,recording,knock_twice_right,14,0.702126,6.746697,6.699670,0.131086,-0.155121,-0.031944
45449560.000,Miguel,recording,knock_twice_right,14,0.645914,6.773828,6.587561,0.092712,-0.137337,-0.051639
45449570.000,Miguel,recording,knock_twice_right,14,0.528560,6.779297,6.559946,0.030899,-0.083809,-0.064867
45449580.000,Miguel,recording,knock_twice_right,14,0.388514,6.754008,6.591980,-0.038162,-0.011905,-0.066332
45449590.000,Miguel,recording,knock_twice_right,14,0.270247,6.740310,6.687205,-0.099944,0.047444,-0.056648
45449600.000,Miguel,recording,knock_twice_right,14,0.230217,6.734051,6.838292,-0.146822,0.071294,-0.041366
45449610.000,Miguel,recording,knock_twice_right,14,0.252609,6.718628,7.022020,-0.171589,0.062742,-0.027170
45449620.000,Miguel,recording,knock_twice_right,15,0.314378,6.677043,7.223913,-0.172192,0.037852,-0.015357
45449630.000,Miguel,recording,knock_twice_right,15,0.374233,6.639725,7.418234,-0.153082,0.013057,-0.003627
45449640.000,Miguel,recording,knock_twice_right,15,0.446262,6.627255,7.565915,-0.120150,-0.004734,0.008068
45449650.000,Miguel,recording,knock_twice_right,15,0.572059,6.623446,7.630656,-0.079961,-0.013695,0.015146
45449660.000,Miguel,recording,knock_twice_right,15,0.691252,6.640731,7.618515,-0.040483,-0.013038,0.012195
45449670.000,Miguel,recording,knock_twice_right,15,0.746301,6.671965,7.576230,-0.006320,-0.008661,-0.001785
45449680.000,Miguel,recording,knock_twice_right,15,0.713623,6.707998,7.511425,0.021850,-0.006484,-0.019496
45449690.000,Miguel,recording,knock_twice_right,15,0.598835,6.766049,7.446818,0.045060,-0.006833,-0.032204
45449700.000,Miguel,recording,knock_twice_right,15,0.478304,6.806980,7.377412,0.065571,-0.005457,-0.037797
45449710.000,Miguel,recording,knock_twice_right,15,0.367439,6.832119,7.299125,0.082794,-0.002078,-0.036985
45449720.000,Miguel,recording,knock_twice_right,15,0.299290,6.829515,7.202770,0.093079,-0.001255,-0.031034
45449730.000,Miguel,recording,knock_twice_right,15,0.305174,6.788792,7.102562,0.094245,-0.003410,-0.022312
45449740.000,Miguel,recording,knock_twice_right,15,0.358263,6.745162,7.070859,0.085991,-0.003729,-0.013378
45449750.000,Miguel,recording,knock_twice_right,15,0.462209,6.709511,7.071388,0.072569,0.003872,-0.007776
45449760.000,Miguel,recording,knock_twice_right,15,0.548584,6.691895,7.077101,0.060701,0.021981,-0.008534
45449770.000,Miguel,recording,knock_twice_right,15,0.583030,6.685121,7.089184,0.052971,0.044496,-0.015099
45449780.000,Miguel,recording,knock_twice_right,15,0.561967,6.667561,7.095725,0.051925,0.064174,-0.023151
45449790.000,Miguel,recording,knock_twice_right,15,0.511765,6.649143,7.070254,0.061753,0.079501,-0.028720
45449800.000,Miguel,recording,knock_twice_right,15,0.443655,6.674257,7.004514,0.081721,0.084036,-0.031021
45449810.000,Miguel,recording,knock_twice_right,15,0.338811,6.738567,6.912504,0.109042,0.064210,-0.029477
45449820.000,Miguel,recording,knock_twice_right,15,0.257069,6.811658,6.804973,0.134479,0.022611,-0.022315
45449830.000,Miguel,recording,knock_twice_right,15,0.238988,6.840091,6.672884,0.146659,-0.019433,-0.011533
45449840.000,Miguel,recording,knock_twice_right,15,0.270788,6.822110,6.525312,0.137126,-0.048196,-0.000489
45449850.000,Miguel,recording,knock_twice_right,15,0.320508,6.805053,6.435803,0.099860,-0.059210,0.009072
45449860.000,Miguel,recording,knock_twice_right,15,0.357846,6.810426,6.451984,0.042261,-0.048215,0.019883
45449870.000,Miguel,recording,knock_twice_right,15,0.381611,6.817289,6.595156,-0.018219,-0.015891,0.033081
45449880.000,Miguel,recording,knock_twice_right,15,0.465116,6.798998,6.801101,-0.065546,0.029037,0.042652
45449890.000,Miguel,recording,knock_twice_right,15,0.564258,6.771652,6.981937,-0.088670,0.072414,0.044147
45449900.000,Miguel,recording,knock_twice_right,15,0.586373,6.769734,7.109202,-0.087339,0.095219,0.038225
45449910.000,Miguel,recording,knock_twice_right,15,0.543221,6.805392,7.212290,-0.069249,0.085747,0.033194
45449920.000,Miguel,recording,knock_twice_right,15,0.462957,6.804680,7.284032,-0.040510,0.053674,0.035741
45449930.000,Miguel,recording,knock_twice_right,15,0.443811,6.802663,7.313245,-0.008582,0.023022,0.045216
45449940.000,Miguel,recording,knock_twice_right,15,0.428393,6.873693,7.363175,0.022129,0.012050,0.061312
45449950.000,Miguel,recording,knock_twice_right,15,0.446936,6.913796,7.488791,0.054776,0.034210,0.083885
45449960.000,Miguel,recording,knock_twice_right,15,0.443935,6.976667,7.600742,0.097245,0.087689,0.110404
45449970.000,Miguel,recording,knock_twice_right,15,0.427704,7.042231,7.657729,0.155629,0.136958,0.132063
45449980.000,Miguel,recording,knock_twice_right,15,0.439394,7.038646,7.651355,0.224443,0.148003,0.143890
45449990.000,Miguel,recording,knock_twice_right,15,0.454668,7.024969,7.543055,0.287711,0.118589,0.150300
45450000.000,Miguel,recording,knock_twice_right,15,0.472995,7.056929,7.414114,0.335197,0.077164,0.153866
45450010.000,Miguel,recording,knock_twice_right,15,0.503648,7.086569,7.274588,0.364254,0.055058,0.154417
45450020.000,Miguel,recording,knock_twice_right,15,0.582236,7.068432,7.151752,0.373493,0.062338,0.146580
45450030.000,Miguel,recording,knock_twice_right,15,0.703310,6.989788,7.109145,0.363897,0.088535,0.129629
45450040.000,Miguel,recording,knock_twice_right,15,0.772926,6.932834,7.157961,0.346410,0.126261,0.104199
45450050.000,Miguel,recording,knock_twice_right,15,0.715107,6.950461,7.135611,0.331602,0.187933,0.069347
45450060.000,Miguel,recording,knock_twice_right,15,0.519193,7.000541,6.975306,0.316135,0.277061,0.038266
45450070.000,Miguel,recording,knock_twice_right,15,0.330871,7.043189,6.791425,0.287082,0.372477,0.021561
45450080.000,Miguel,recording,knock_twice_right,15,0.286856,7.043487,6.673060,0.242939,0.453026,0.017462
45450090.000,Miguel,recording,knock_twice_right,15,0.376641,7.039767,6.627168,0.198639,0.512336,0.011229
45450100.000,Miguel,recording,knock_twice_right,15,0.501355,7.040577,6.610889,0.165540,0.548743,-0.002524
45450110.000,Miguel,recording,knock_twice_right,15,0.569890,7.156215,6.587695,0.149599,0.561038,-0.022281
45450120.000,Miguel,recording,knock_twice_right,15,0.479827,7.342918,6.531107,0.151723,0.550220,-0.040194
45450130.000,Miguel,recording,knock_twice_right,15,0.104655,7.584318,6.367638,0.162047,0.497253,-0.034390
45450140.000,Miguel,recording,knock_twice_right,15,-0.266636,7.616225,6.161508,0.163357,0.396775,-0.006705
45450150.000,Miguel,recording,knock_twice_right,15,-0.268683,7.236622,5.978666,0.146816,0.279425,0.023002
45450160.000,Miguel,recording,knock_twice_right,15,-0.113814,6.880207,5.942861,0.113442,0.170112,0.050931
45450170.000,Miguel,recording,knock_twice_right,15,0.044475,6.777388,6.081130,0.065927,0.082308,0.085198
45450180.000,Miguel,recording,knock_twice_right,15,0.177057,6.795712,6.239845,0.014959,0.032083,0.120641
45450190.000,Miguel,recording,knock_twice_right,15,0.302990,6.861496,6.348937,-0.027442,0.032383,0.145081
45450200.000,Miguel,recording,knock_twice_right,15,0.454600,6.924628,6.363771,-0.059985,0.083643,0.151834
45450210.000,Miguel,recording,knock_twice_right,15,0.634333,6.909944,6.244429,-0.088993,0.172670,0.137213
45450220.000,Miguel,recording,knock_twice_right,15,0.791839,6.873619,6.010183,-0.130802,0.275850,0.102442
45450230.000,Miguel,recording,knock_twice_right,15,0.877745,6.892226,5.750624,-0.201003,0.372699,0.050281
45450240.000,Miguel,recording,knock_twice_right,15,0.834828,6.992557,5.686499,-0.284786,0.447254,-0.022409
45450250.000,Miguel,recording,knock_twice_right,15,0.711155,7.155753,5.861148,-0.358975,0.489768,-0.122937
45450260.000,Miguel,recording,knock_twice_right,15,0.606207,7.221717,6.104106,-0.424003,0.505450,-0.249414
45450270.000,Miguel,recording,knock_twice_right,15,0.542048,7.017331,6.340064,-0.488587,0.512104,-0.378099
45450280.000,Miguel,recording,knock_twice_right,15,0.697441,6.313675,6.462143,-0.570705,0.505843,-0.423413
45450290.000,Miguel,recording,knock_twice_right,15,0.886274,5.874478,6.379854,-0.708846,0.499094,-0.401794
45450300.000,Miguel,recording,knock_twice_right,15,0.846750,6.052885,6.486699,-0.864325,0.539553,-0.418124
45450310.000,Miguel,recording,knock_twice_right,15,0.649296,6.188331,6.905519,-0.924696,0.633586,-0.476324
45450320.000,Miguel,recording,knock_twice_right,15,0.238013,6.395784,7.333477,-0.857041,0.739017,-0.554567
45450330.000,Miguel,recording,knock_twice_right,15,-0.306859,6.662460,7.637441,-0.717504,0.794439,-0.634221
45450340.000,Miguel,recording,knock_twice_right,15,-0.809742,6.775587,7.786491,-0.583598,0.745197,-0.683090
45450350.000,Miguel,recording,knock_twice_right,15,-1.262120,6.813901,7.808781,-0.496280,0.593793,-0.671141
45450360.000,Miguel,recording,knock_twice_right,15,-1.528929,6.801048,7.803712,-0.439682,0.405775,-0.602542
45450370.000,Miguel,recording,knock_twice_right,15,-1.641786,6.819482,7.816304,-0.373249,0.255554,-0.508373
45450380.000,Miguel,recording,knock_twice_right,15,-1.690065,6.777766,7.772343,-0.275431,0.172819,-0.408388
45450390.000,Miguel,recording,knock_twice_right,15,-1.657269,6.726518,7.586383,-0.160569,0.124190,-0.310468
45450400.000,Miguel,recording,knock_twice_right,15,-1.581856,6.727311,7.397230,-0.063119,0.046895,-0.225238
45450410.000,Miguel,recording,knock_twice_right,15,-1.447470,6.678525,7.333316,-0.001701,-0.086848,-0.154667
45450420.000,Miguel,recording,knock_twice_right,15,-1.294114,6.580562,7.411809,0.030196,-0.228733,-0.097394
45450430.000,Miguel,recording,knock_twice_right,15,-1.135119,6.537066,7.609990,0.062500,-0.296943,-0.059893
45450440.000,Miguel,recording,knock_twice_right,15,-0.896240,6.557406,7.746523,0.122122,-0.274807,-0.048670
45450450.000,Miguel,recording,knock_twice_right,15,-0.655829,6.608280,7.742857,0.191243,-0.212807,-0.066143
45450460.000,Miguel,recording,knock_twice_right,15,-0.464467,6.498787,7.573574,0.236703,-0.152778,-0.099063
45450470.000,Miguel,recording,knock_twice_right,15,-0.367898,6.273913,7.362871,0.241934,-0.087135,-0.129080
45450480.000,Miguel,recording,knock_twice_right,15,-0.366981,6.209772,7.256451,0.215032,0.008426,-0.145952
45450490.000,Miguel,recording,knock_twice_right,15,-0.458888,6.305736,7.189000,0.174414,0.126044,-0.147661
45450500.000,Miguel,recording,knock_twice_right,15,-0.658739,6.474358,7.104667,0.130068,0.231194,-0.145468
45450510.000,Miguel,recording,knock_twice_right,15,-0.940061,6.642277,7.082828,0.091973,0.279797,-0.141728
45450520.000,Miguel,recording,knock_twice_right,15,-1.144131,6.746844,7.117147,0.071108,0.252993,-0.129326
45450530.000,Miguel,recording,knock_twice_right,15,-1.208683,6.757291,7.112166,0.073951,0.179584,-0.111681
45450540.000,Miguel,recording,knock_twice_right,15,-1.240145,6.699072,7.024502,0.093900,0.095854,-0.093112
45450550.000,Miguel,recording,knock_twice_right,15,-1.275796,6.680149,6.906219,0.108899,0.019253,-0.071721
45450560.000,Miguel,recording,knock_twice_right,15,-1.286031,6.699997,6.832309,0.097513,-0.028868,-0.042629
45450570.000,Miguel,recording,knock_twice_right,15,-1.222503,6.663681,6.895051,0.060975,-0.023435,-0.003787
45450580.000,Miguel,recording,knock_twice_right,15,-1.052011,6.585769,7.161689,0.022878,0.039250,0.041018
45450590.000,Miguel,recording,knock_twice_right,15,-0.861024,6.521488,7.455904,0.007822,0.131282,0.079326
45450600.000,Miguel,recording,knock_twice_right,15,-0.704239,6.505981,7.648830,0.027985,0.204112,0.100898
45450610.000,Miguel,recording,knock_twice_right,15,-0.556905,6.565848,7.710729,0.078483,0.215292,0.103607
45450620.000,Miguel,recording,knock_twice_right,15,-0.434534,6.615509,7.630632,0.149075,0.160708,0.077073
45450630.000,Miguel,recording,knock_twice_right,15,-0.432694,6.677320,7.458857,0.228606,0.068631,0.020240
45450640.000,Miguel,recording,knock_twice_right,15,-0.559056,6.758621,7.239968,0.299133,-0.039533,-0.046172
45450650.000,Miguel,recording,knock_twice_right,15,-0.746742,6.826885,7.011456,0.343146,-0.152418,-0.105031
45450660.000,Miguel,recording,knock_twice_right,15,-0.900733,6.902683,6.757474,0.351475,-0.251407,-0.148494
45450670.000,Miguel,recording,knock_twice_right,15,-0.948997,6.927027,6.560302,0.324040,-0.310400,-0.171828
45450680.000,Miguel,recording,knock_twice_right,15,-0.812759,6.894950,6.536307,0.275136,-0.317166,-0.176812
45450690.000,Miguel,recording,knock_twice_right,15,-0.597454,6.806952,6.632029,0.230344,-0.284309,-0.178736
45450700.000,Miguel,recording,knock_twice_right,15,-0.498997,6.732138,6.700035,0.201406,-0.251941,-0.190962
45450710.000,Miguel,recording,knock_twice_right,15,-0.560433,6.733722,6.692901,0.181056,-0.245189,-0.212860
45450720.000,Miguel,recording,knock_twice_right,15,-0.710174,6.772972,6.640650,0.161171,-0.240737,-0.236050
45450730.000,Miguel,recording,knock_twice_right,15,-0.887567,6.781604,6.532966,0.131805,-0.217244,-0.251963
45450740.000,Miguel,recording,knock_twice_right,15,-1.025685,6.717327,6.431385,0.082306,-0.179093,-0.253928
45450750.000,Miguel,recording,knock_twice_right,15,-1.097225,6.559219,6.436934,0.017790,-0.129275,-0.238253
45450760.000,Miguel,recording,knock_twice_right,15,-1.031411,6.395656,6.557794,-0.039662,-0.070571,-0.210179
45450770.000,Miguel,recording,knock_twice_right,15,-0.913374,6.304054,6.720810,-0.075132,-0.026709,-0.183169
45450780.000,Miguel,recording,knock_twice_right,15,-0.875633,6.320827,6.881438,-0.085168,-0.018976,-0.165674
45450790.000,Miguel,recording,knock_twice_right,15,-0.906417,6.472729,7.028993,-0.066595,-0.045106,-0.155010
45450800.000,Miguel,recording,knock_twice_right,15,-0.982091,6.662492,7.117348,-0.025462,-0.092516,-0.144741
45450810.000,Miguel,recording,knock_twice_right,15,-1.032627,6.788323,7.090844,0.021307,-0.151226,-0.132393
45450820.000,Miguel,recording,knock_twice_right,15,-1.054864,6.846816,6.986853,0.058597,-0.200970,-0.121318
45450830.000,Miguel,recording,knock_twice_right,15,-1.122416,6.889101,6.912530,0.082795,-0.222671,-0.111433
45450840.000,Miguel,recording,knock_twice_right,15,-1.145296,7.008405,6.888299,0.093458,-0.218849,-0.100802
45450850.000,Miguel,recording,knock_twice_right,15,-1.074993,7.116319,6.877955,0.094715,-0.202810,-0.098207
45450860.000,Miguel,recording,knock_twice_right,15,-0.958977,7.120388,6.846827,0.089899,-0.196903,-0.114192
45450870.000,Miguel,recording,knock_twice_right,15,-0.871960,7.016681,6.870997,0.076703,-0.212154,-0.142991
45450880.000,Miguel,recording,knock_twice_right,15,-0.893421,6.853681,6.965255,0.059966,-0.242528,-0.172802
45450890.000,Miguel,recording,knock_twice_right,15,-1.024677,6.750239,7.060336,0.048595,-0.282288,-0.193040
45450900.000,Miguel,recording,knock_twice_right,15,-1.147959,6.685354,7.138905,0.044807,-0.324086,-0.192478
45450910.000,Miguel,recording,knock_twice_right,15,-1.187643,6.575262,7.191130,0.046989,-0.352434,-0.173191
45450920.000,Miguel,recording,knock_twice_right,15,-1.171004,6.459801,7.238484,0.056610,-0.345044,-0.147026
45450930.000,Miguel,recording,knock_twice_right,15,-1.242237,6.404994,7.267692,0.071528,-0.297424,-0.118058
45450940.000,Miguel,recording,knock_twice_right,15,-1.385122,6.477293,7.267178,0.080932,-0.227332,-0.081478
45450950.000,Miguel,recording,knock_twice_right,15,-1.371061,6.610147,7.258411,0.083584,-0.147674,-0.034532
45450960.000,Miguel,recording,knock_twice_right,15,-1.162674,6.630674,7.209160,0.085858,-0.066904,0.006232
45450970.000,Miguel,recording,knock_twice_right,15,-0.906323,6.589252,7.180249,0.092076,-0.002417,0.016180
45450980.000,Miguel,recording,knock_twice_right,15,-0.827230,6.586291,7.205117,0.107078,0.023841,-0.003407
45450990.000,Miguel,recording,knock_twice_right,15,-0.950389,6.619767,7.237885,0.132930,-0.001329,-0.030114
45451000.000,Miguel,recording,knock_twice_right,15,-1.168685,6.649621,7.266589,0.170440,-0.065509,-0.041383
45451010.000,Miguel,recording,knock_twice_right,15,-1.322046,6.612617,7.300990,0.213782,-0.149634,-0.028343
45451020.000,Miguel,recording,knock_twice_right,15,-1.348695,6.557528,7.329374,0.253959,-0.241957,0.001748
45451030.000,Miguel,recording,knock_twice_right,15,-1.308587,6.596867,7.361931,0.287775,-0.319995,0.038323
45451040.000,Miguel,recording,knock_twice_right,15,-1.238105,6.740687,7.378537,0.316742,-0.352569,0.071626
45451050.000,Miguel,recording,knock_twice_right,15,-1.125852,6.917895,7.335490,0.336874,-0.328434,0.093916
45451060.000,Miguel,recording,knock_twice_right,15,-0.964521,7.073143,7.201914,0.336892,-0.260938,0.099772
45451070.000,Miguel,recording,knock_twice_right,15,-0.788405,7.153738,7.043196,0.316627,-0.163015,0.092791
45451080.000,Miguel,recording,knock_twice_right,15,-0.638664,7.158409,6.875901,0.284783,-0.053999,0.078027
45451090.000,Miguel,recording,knock_twice_right,15,-0.623940,7.173641,6.711515,0.246583,0.035055,0.058472
45451100.000,Miguel,recording,knock_twice_right,15,-0.755818,7.307909,6.578875,0.207332,0.078401,0.040956
45451110.000,Miguel,recording,knock_twice_right,15,-0.955454,7.462137,6.545759,0.174182,0.069597,0.036100
45451120.000,Miguel,recording,knock_twice_right,15,-1.072868,7.519329,6.663820,0.157554,0.024642,0.052417
45451130.000,Miguel,recording,knock_twice_right,15,-1.031885,7.493832,6.839867,0.160621,-0.036844,0.086025
45451140.000,Miguel,recording,knock_twice_right,15,-0.837794,7.456551,6.988039,0.174744,-0.102035,0.124385
45451150.000,Miguel,recording,knock_twice_right,15,-0.594276,7.406310,7.105189,0.192202,-0.145171,0.146987
45451160.000,Miguel,recording,knock_twice_right,15,-0.394789,7.350707,7.204418,0.217794,-0.135228,0.147052
45451170.000,Miguel,recording,knock_twice_right,15,-0.246310,7.277111,7.220063,0.253931,-0.076178,0.131744
45451180.000,Miguel,recording,knock_twice_right,15,-0.202416,7.170789,7.105615,0.293294,-0.001252,0.104483
45451190.000,Miguel,recording,knock_twice_right,15,-0.251399,7.114162,6.901909,0.330841,0.060913,0.073472
45451200.000,Miguel,recording,knock_twice_right,15,-0.381369,7.125788,6.646953,0.362655,0.094579,0.048064
45451210.000,Miguel,recording,knock_twice_right,15,-0.510706,7.118175,6.392185,0.387992,0.096081,0.033765
45451220.000,Miguel,recording,knock_twice_right,15,-0.603260,7.077042,6.148930,0.404424,0.061500,0.032193
45451230.000,Miguel,recording,knock_twice_right,15,-0.663312,7.044267,5.894673,0.403836,-0.012338,0.038748
45451240.000,Miguel,recording,knock_twice_right,15,-0.753445,7.048474,5.757177,0.388278,-0.110735,0.050528
45451250.000,Miguel,recording,knock_twice_right,15,-0.863295,7.102348,5.750621,0.363695,-0.211862,0.070670
45451260.000,Miguel,recording,knock_twice_right,15,-0.895655,7.234996,5.769549,0.327355,-0.292920,0.102063
45451270.000,Miguel,recording,knock_twice_right,15,-0.769618,7.361907,5.806995,0.277389,-0.320235,0.140662
45451280.000,Miguel,recording,knock_twice_right,15,-0.492037,7.435202,5.894751,0.216440,-0.282363,0.167733
45451290.000,Miguel,recording,knock_twice_right,15,-0.202914,7.490978,5.976351,0.151521,-0.197912,0.168780
45451300.000,Miguel,recording,knock_twice_right,15,0.014226,7.547764,6.034168,0.089963,-0.094721,0.141782
45451310.000,Miguel,recording,knock_twice_right,15,0.162276,7.580676,6.085069,0.035124,-0.001220,0.088171
45451320.000,Miguel,recording,knock_twice_right,15,0.209217,7.525477,6.122587,-0.011285,0.070650,0.020644
45451330.000,Miguel,recording,knock_twice_right,15,0.104117,7.400677,6.156882,-0.046435,0.118213,-0.047629
45451340.000,Miguel,recording,knock_twice_right,15,-0.155666,7.279948,6.182974,-0.070664,0.134556,-0.103797
45451350.000,Miguel,recording,knock_twice_right,15,-0.466693,7.217242,6.223055,-0.087533,0.118571,-0.131254
45451360.000,Miguel,recording,knock_twice_right,15,-0.682759,7.184883,6.274558,-0.101330,0.085921,-0.125824
45451370.000,Miguel,recording,knock_twice_right,15,-0.774391,7.111672,6.336775,-0.109887,0.056335,-0.100997
45451380.000,Miguel,recording,knock_twice_right,15,-0.810805,7.038117,6.407393,-0.110949,0.036839,-0.070341
45451390.000,Miguel,recording,knock_twice_right,15,-0.842462,7.036145,6.451191,-0.108848,0.021348,-0.039195
45451400.000,Miguel,recording,knock_twice_right,15,-0.855832,7.087794,6.487556,-0.105163,0.007766,-0.010981
45451410.000,Miguel,recording,knock_twice_right,15,-0.834460,7.147146,6.491818,-0.098043,-0.000667,0.012248
45451420.000,Miguel,recording,knock_twice_right,15,-0.771658,7.223092,6.471518,-0.085451,-0.006650,0.028741
45451430.000,Miguel,recording,knock_twice_right,15,-0.678452,7.330503,6.446119,-0.071463,-0.019336,0.038684
45451440.000,Miguel,recording,knock_twice_right,15,-0.551126,7.430050,6.450935,-0.060645,-0.041104,0.040954
45451450.000,Miguel,recording,knock_twice_right,15,-0.437573,7.480891,6.477863,-0.048406,-0.060497,0.033186
45451460.000,Miguel,recording,knock_twice_right,15,-0.383833,7.458164,6.481298,-0.036153,-0.073254,0.014679
45451470.000,Miguel,recording,knock_twice_right,15,-0.434480,7.423444,6.472178,-0.031936,-0.081325,-0.006441
45451480.000,Miguel,recording,knock_twice_right,15,-0.523902,7.395223,6.505491,-0.033955,-0.076942,-0.017492
45451490.000,Miguel,recording,knock_twice_right,15,-0.559193,7.358135,6.602100,-0.035469,-0.053650,-0.014296
45451500.000,Miguel,recording,knock_twice_right,15,-0.565401,7.297174,6.677608,-0.032389,-0.014666,-0.003267
45451510.000,Miguel,recording,knock_twice_right,15,-0.601999,7.289271,6.704129,-0.022101,0.024674,0.010383
45451520.000,Miguel,recording,knock_twice_right,15,-0.612669,7.347087,6.698429,-0.002877,0.047653,0.024476
45451530.000,Miguel,recording,knock_twice_right,15,-0.627271,7.382951,6.656684,0.025335,0.048187,0.036886
45451540.000,Miguel,recording,knock_twice_right,15,-0.637358,7.408050,6.546702,0.055491,0.021932,0.046713
45451550.000,Miguel,recording,knock_twice_right,15,-0.610720,7.447032,6.453247,0.080198,-0.023287,0.056060
45451560.000,Miguel,recording,knock_twice_right,15,-0.566756,7.464380,6.379924,0.099166,-0.065919,0.064304
45451570.000,Miguel,recording,knock_twice_right,15,-0.497825,7.460083,6.282275,0.107075,-0.093650,0.068370
45451580.000,Miguel,recording,knock_twice_right,15,-0.428656,7.452718,6.208671,0.098856,-0.098965,0.070657
45451590.000,Miguel,recording,knock_twice_right,15,-0.351069,7.445130,6.158245,0.079193,-0.082449,0.070361
45451600.000,Miguel,recording,knock_twice_right,15,-0.268456,7.441665,6.127759,0.052304,-0.056783,0.065585
45451610.000,Miguel,recording,knock_twice_right,15,-0.200596,7.426931,6.090179,0.020876,-0.030183,0.054271
45451620.000,Miguel,recording,knock_twice_right,15,-0.175925,7.396351,6.088646,-0.010250,-0.006662,0.038018
45451630.000,Miguel,recording,knock_twice_right,15,-0.203959,7.386403,6.138689,-0.036602,0.015207,0.024672
45451640.000,Miguel,recording,knock_twice_right,15,-0.282036,7.371735,6.192136,-0.054098,0.033964,0.016331
45451650.000,Miguel,recording,knock_twice_right,15,-0.362950,7.369569,6.220426,-0.058882,0.044571,0.011939
45451660.000,Miguel,recording,knock_twice_right,15,-0.413489,7.367922,6.210015,-0.054906,0.039366,0.011372
45451670.000,Miguel,recording,knock_twice_right,15,-0.418933,7.370655,6.200184,-0.050376,0.014175,0.013020
45451680.000,Miguel,recording,knock_twice_right,15,-0.372204,7.342149,6.183828,-0.049719,-0.021584,0.016218
45451690.000,Miguel,recording,knock_twice_right,15,-0.297590,7.293746,6.198155,-0.054733,-0.054614,0.015395
45451700.000,Miguel,recording,knock_twice_right,15,-0.238582,7.271358,6.235503,-0.065539,-0.072438,0.007291
45451710.000,Miguel,recording,knock_twice_right,15,-0.226149,7.246898,6.285922,-0.082174,-0.065875,-0.004195
45451720.000,Miguel,recording,knock_twice_right,15,-0.275111,7.228982,6.314756,-0.102177,-0.036020,-0.015544
45451730.000,Miguel,recording,knock_twice_right,15,-0.374412,7.236448,6.322421,-0.122044,0.004828,-0.021829
45451740.000,Miguel,recording,knock_twice_right,15,-0.461382,7.267832,6.360520,-0.138709,0.042443,-0.020725
45451750.000,Miguel,recording,knock_twice_right,15,-0.507782,7.267099,6.417016,-0.147222,0.063438,-0.013998
45451760.000,Miguel,recording,knock_twice_right,15,-0.479495,7.255263,6.464371,-0.145769,0.059109,-0.005584
45451770.000,Miguel,recording,knock_twice_right,15,-0.415899,7.251834,6.485733,-0.140436,0.030803,-0.002026
45451780.000,Miguel,recording,knock_twice_right,15,-0.371055,7.257442,6.489679,-0.135692,-0.006917,-0.007391
45451790.000,Miguel,recording,knock_twice_right,15,-0.344658,7.252492,6.496675,-0.133714,-0.035185,-0.019300
45451800.000,Miguel,recording,knock_twice_right,15,-0.300377,7.232529,6.558856,-0.137230,-0.040446,-0.033924
45451810.000,Miguel,recording,knock_twice_right,15,-0.234404,7.202005,6.666001,-0.143391,-0.020202,-0.051525
45451820.000,Miguel,recording,knock_twice_right,15,-0.184974,7.224360,6.767687,-0.150322,0.017867,-0.074693
45451830.000,Miguel,recording,knock_twice_right,15,-0.212141,7.199845,6.822943,-0.154790,0.072010,-0.101771
45451840.000,Miguel,recording,knock_twice_right,15,-0.525199,6.997593,6.727441,-0.150453,0.151728,-0.139748
45451850.000,Miguel,recording,knock_twice_right,15,-1.363187,6.956238,6.420742,-0.152275,0.259262,-0.157919
45451860.000,Miguel,recording,knock_twice_right,15,-1.990917,7.178197,6.214950,-0.187716,0.338886,-0.090558
45451870.000,Miguel,recording,knock_twice_right,15,-2.001713,7.232523,6.180317,-0.254495,0.349146,0.056217
45451880.000,Miguel,recording,knock_twice_right,15,-1.374813,7.111712,6.330945,-0.320175,0.297515,0.192950
45451890.000,Miguel,recording,knock_twice_right,15,-0.560400,7.099771,6.694952,-0.348620,0.191859,0.252015
45451900.000,Miguel,recording,knock_twice_right,15,-0.009601,7.271976,7.084770,-0.326828,0.071658,0.237450
45451910.000,Miguel,recording,knock_twice_right,15,0.495196,7.406508,7.341295,-0.271811,-0.025193,0.166726
45451920.000,Miguel,recording,knock_twice_right,15,0.942275,7.231126,7.416456,-0.204253,-0.067467,0.045072
45451930.000,Miguel,recording,knock_twice_right,15,0.915230,6.912936,7.349391,-0.136551,-0.046996,-0.109604
45451940.000,Miguel,recording,knock_twice_right,15,0.353943,6.675500,7.259352,-0.068917,-0.002615,-0.242752
45451950.000,Miguel,recording,knock_twice_right,15,-0.555188,6.902211,7.060599,-0.004074,0.029760,-0.283532
45451960.000,Miguel,recording,knock_twice_right,15,-1.227886,7.304881,6.816693,0.041294,0.025925,-0.220690
45451970.000,Miguel,recording,knock_twice_right,15,-1.336528,7.510739,6.668516,0.062630,-0.012153,-0.111812
45451980.000,Miguel,recording,knock_twice_right,15,-1.037018,7.428171,6.687266,0.076631,-0.042642,-0.018803
45451990.000,Miguel,recording,knock_twice_right,15,-0.620482,7.230719,6.753013,0.096660,-0.042361,0.029926
45452000.000,Miguel,recording,knock_twice_right,15,-0.364269,7.119113,6.754150,0.116238,-0.039504,0.035747
45452010.000,Miguel,recording,knock_twice_right,15,-0.321471,7.054736,6.690572,0.128760,-0.040145,0.007217
45452020.000,Miguel,recording,knock_twice_right,15,-0.734686,6.862249,6.392440,0.128707,0.001278,-0.042431
45452030.000,Miguel,recording,knock_twice_right,15,-1.312897,6.947229,6.200777,0.088990,0.039737,-0.051681
45452040.000,Miguel,recording,knock_twice_right,15,-1.556381,7.262673,6.154805,0.009230,0.046544,0.018046
45452050.000,Miguel,recording,knock_twice_right,15,-1.143562,7.200206,6.237761,-0.078323,0.062414,0.102693
45452060.000,Miguel,recording,knock_twice_right,15,-0.474741,6.968439,6.523945,-0.148164,0.062044,0.135826
45452070.000,Miguel,recording,knock_twice_right,15,-0.043368,6.938297,6.870091,-0.174824,0.041960,0.111851
45452080.000,Miguel,recording,knock_twice_right,15,0.124282,6.951209,7.031513,-0.153780,0.031522,0.049676
45452090.000,Miguel,recording,knock_twice_right,15,0.101734,6.915343,6.976415,-0.110232,0.027226,-0.028630
45452100.000,Miguel,recording,knock_twice_right,15,-0.188847,6.908926,6.850516,-0.067977,0.014354,-0.094058
45452110.000,Miguel,recording,knock_twice_right,15,-0.636215,6.959794,6.751093,-0.035432,-0.011522,-0.121690
45452120.000,Miguel,recording,knock_twice_right,15,-0.990914,6.981334,6.735420,-0.010440,-0.046593,-0.103267
45452130.000,Miguel,recording,knock_twice_right,15,-1.099284,7.017566,6.673326,0.011078,-0.069419,-0.051859
45452140.000,Miguel,recording,knock_twice_right,15,-1.008108,7.099900,6.599442,0.022254,-0.081661,0.012323
45452150.000,Miguel,recording,knock_twice_right,15,-0.759299,7.187191,6.636565,0.017249,-0.100610,0.071787
45452160.000,Miguel,recording,knock_twice_right,15,-0.424905,7.217744,6.756435,0.008216,-0.113242,0.100701
45452170.000,Miguel,recording,knock_twice_right,15,-0.125388,7.201215,6.898826,0.007499,-0.103345,0.083486
45452180.000,Miguel,recording,knock_twice_right,15,0.038297,7.180047,6.951800,0.011282,-0.077353,0.031676
45452190.000,Miguel,recording,knock_twice_right,15,0.006262,7.154569,6.933139,0.011054,-0.044674,-0.034244
45452200.000,Miguel,recording,knock_twice_right,15,-0.197959,7.108644,6.908670,0.006894,-0.008974,-0.091366
45452210.000,Miguel,recording,knock_twice_right,15,-0.499497,7.083068,6.903838,0.002961,0.023934,-0.122025
45452220.000,Miguel,recording,knock_twice_right,15,-0.804654,7.091050,6.888527,-0.000214,0.044505,-0.123533
45452230.000,Miguel,recording,knock_twice_right,15,-1.002029,7.091931,6.885208,-0.000929,0.046531,-0.100717
45452240.000,Miguel,recording,knock_twice_right,15,-1.036812,7.076775,6.896737,0.000938,0.037026,-0.064352
45452250.000,Miguel,recording,knock_twice_right,15,-0.964697,7.004402,6.875300,0.002687,0.029852,-0.031684
45452260.000,Miguel,recording,knock_twice_right,15,-0.875414,6.938911,6.832481,0.003714,0.028099,-0.010295
45452270.000,Miguel,recording,knock_twice_right,15,-0.813038,6.944088,6.837871,0.002914,0.028338,0.003199
45452280.000,Miguel,recording,knock_twice_right,15,-0.768239,6.959676,6.853521,-0.003000,0.033404,0.008790
45452290.000,Miguel,recording,knock_twice_right,15,-0.723611,6.970763,6.878847,-0.013552,0.051340,0.007363
45452300.000,Miguel,recording,knock_twice_right,15,-0.718217,6.961217,6.902273,-0.024831,0.084621,0.002681
45452310.000,Miguel,recording,knock_twice_right,15,-0.785378,6.934964,6.905823,-0.035439,0.119740,-0.001144
45452320.000,Miguel,recording,knock_twice_right,15,-0.901332,6.952350,6.916106,-0.044820,0.145283,0.000932
45452330.000,Miguel,recording,knock_twice_right,15,-1.005857,6.974028,6.918720,-0.050602,0.163959,0.011149
45452340.000,Miguel,recording,knock_twice_right,15,-1.043330,6.977319,6.934187,-0.053301,0.181931,0.028491
45452350.000,Miguel,recording,knock_twice_right,15,-0.996448,6.975127,6.960998,-0.055338,0.203992,0.050030
45452360.000,Miguel,recording,knock_twice_right,15,-0.931671,6.949979,6.998091,-0.054012,0.227183,0.070236
45452370.000,Miguel,recording,knock_twice_right,15,-0.887953,6.919625,7.043125,-0.044154,0.241866,0.086411
45452380.000,Miguel,recording,knock_twice_right,15,-0.877608,6.903386,7.031172,-0.026664,0.241446,0.098111
45452390.000,Miguel,recording,knock_twice_right,15,-0.897003,6.932355,6.988373,-0.009669,0.228474,0.106076
45452400.000,Miguel,recording,knock_twice_right,15,-0.954783,6.968451,6.925176,-0.000705,0.215809,0.114016
45452410.000,Miguel,recording,knock_twice_right,15,-1.048782,6.998873,6.861126,-0.005977,0.218232,0.125068
45452420.000,Miguel,recording,knock_twice_right,15,-1.127105,7.022016,6.832448,-0.025630,0.246597,0.141793
45452430.000,Miguel,recording,knock_twice_right,15,-1.137638,6.995428,6.821375,-0.059648,0.308168,0.164311
45452440.000,Miguel,recording,knock_twice_right,15,-1.108552,6.905156,6.800864,-0.112986,0.406918,0.192657
45452450.000,Miguel,recording,knock_twice_right,15,-1.043795,6.840976,6.812052,-0.184675,0.538302,0.221278
45452460.000,Miguel,recording,knock_twice_right,15,-0.968509,6.851833,6.879344,-0.273015,0.687331,0.240397
45452470.000,Miguel,recording,knock_twice_right,15,-0.884705,6.920436,6.981489,-0.362427,0.828486,0.240905
45452480.000,Miguel,recording,knock_twice_right,15,-0.836949,6.961702,7.051465,-0.432389,0.936758,0.216839
45452490.000,Miguel,recording,knock_twice_right,15,-0.892779,6.904542,7.102470,-0.483494,1.008439,0.172539
45452500.000,Miguel,recording,knock_twice_right,15,-1.064290,6.818856,7.181023,-0.519291,1.053011,0.125652
45452510.000,Miguel,recording,knock_twice_right,15,-1.286802,6.814638,7.273678,-0.540346,1.069302,0.092993
45452520.000,Miguel,recording,knock_twice_right,15,-1.428572,6.824750,7.380440,-0.549662,1.053010,0.075730
45452530.000,Miguel,recording,knock_twice_right,15,-1.539584,6.726780,7.553285,-0.545130,1.022710,0.068919
45452540.000,Miguel,recording,knock_twice_right,15,-1.636227,6.615240,7.813089,-0.515578,1.004954,0.076356
45452550.000,Miguel,recording,knock_twice_right,15,-1.700586,6.534646,8.039361,-0.457231,1.011210,0.096294
45452560.000,Miguel,recording,knock_twice_right,15,-1.781863,6.447827,8.114273,-0.378101,1.039401,0.120847
45452570.000,Miguel,recording,knock_twice_right,15,-1.853339,6.410187,8.028763,-0.289098,1.075836,0.154054
45452580.000,Miguel,recording,knock_twice_right,15,-1.857070,6.433757,7.801687,-0.199773,1.094265,0.199273
45452590.000,Miguel,recording,knock_twice_right,15,-1.733521,6.461446,7.466032,-0.117185,1.058550,0.247694
45452600.000,Miguel,recording,knock_twice_right,15,-1.552464,6.519799,7.106901,-0.051709,0.951601,0.284727
45452610.000,Miguel,recording,knock_twice_right,15,-1.480157,6.636264,6.843067,-0.004915,0.790203,0.301382
45452620.000,Miguel,recording,knock_twice_right,15,-1.602514,6.763974,6.763397,0.033987,0.628402,0.291800
45452630.000,Miguel,recording,knock_twice_right,15,-1.883859,6.904981,6.834275,0.074973,0.538626,0.279524
45452640.000,Miguel,recording,knock_twice_right,15,-1.882574,6.921166,6.827009,0.113509,0.500076,0.298159
45452650.000,Miguel,recording,knock_twice_right,16,-1.569344,6.803894,6.687937,0.134900,0.457457,0.326334
45452660.000,Miguel,recording,knock_twice_right,16,-1.279703,6.682027,6.577367,0.144939,0.419759,0.331430
45452670.000,Miguel,recording,knock_twice_right,16,-1.182764,6.717367,6.493596,0.160201,0.376488,0.317901
45452680.000,Miguel,recording,knock_twice_right,16,-1.194610,6.934693,6.354330,0.176536,0.298924,0.275596
45452690.000,Miguel,recording,knock_twice_right,16,-1.207100,7.359977,6.291075,0.196992,0.216648,0.191756
45452700.000,Miguel,recording,knock_twice_right,16,-1.324336,7.339900,6.379646,0.254750,0.128644,0.128422
45452710.000,Miguel,recording,knock_twice_right,16,-1.334379,7.095749,6.183296,0.313936,-0.021134,0.101437
45452720.000,Miguel,recording,knock_twice_right,16,-1.268211,6.962882,5.983806,0.321120,-0.195768,0.054589
45452730.000,Miguel,recording,knock_twice_right,16,-1.295416,6.903367,5.928487,0.305433,-0.292997,-0.007890
45452740.000,Miguel,recording,knock_twice_right,16,-1.374394,6.881515,5.890271,0.289084,-0.287302,-0.053078
45452750.000,Miguel,recording,knock_twice_right,16,-1.375325,6.851208,5.872441,0.244507,-0.197789,-0.076514
45452760.000,Miguel,recording,knock_twice_right,16,-0.610634,7.109471,5.915223,0.062964,0.216066,-0.054918
45452770.000,Miguel,recording,knock_twice_right,16,0.207334,7.442249,6.149891,-0.248987,0.839787,-0.042078
45452780.000,Miguel,recording,knock_twice_right,16,-0.625893,7.134854,6.574545,-0.465000,1.157471,-0.091189
45452790.000,Miguel,recording,knock_twice_right,16,-1.622710,6.772762,6.964619,-0.468414,1.175993,-0.132105
45452800.000,Miguel,recording,knock_twice_right,16,-1.868275,6.738727,6.882014,-0.380201,1.135425,-0.136805
45452810.000,Miguel,recording,knock_twice_right,16,-2.006111,6.736164,6.515502,-0.329462,1.086106,-0.129809
45452820.000,Miguel,recording,knock_twice_right,16,-2.238193,6.604401,6.194169,-0.321530,0.998897,-0.124293
45452830.000,Miguel,recording,knock_twice_right,16,-2.538190,6.454712,6.022153,-0.326291,0.881943,-0.110881
45452840.000,Miguel,recording,knock_twice_right,16,-2.722882,6.432806,5.955293,-0.343232,0.746085,-0.091268
45452850.000,Miguel,recording,knock_twice_right,16,-2.651385,6.567656,6.000003,-0.383536,0.608594,-0.081443
45452860.000,Miguel,recording,knock_twice_right,16,-2.379219,6.700789,6.102034,-0.451947,0.511050,-0.091331
45452870.000,Miguel,recording,knock_twice_right,16,-2.110241,6.696317,6.239664,-0.538685,0.451657,-0.124398
45452880.000,Miguel,recording,knock_twice_right,16,-2.042288,6.556557,6.564156,-0.613535,0.418110,-0.169686
45452890.000,Miguel,recording,knock_twice_right,16,-2.168355,6.422416,7.177386,-0.628730,0.366866,-0.222470
45452900.000,Miguel,recording,knock_twice_right,16,-2.291775,6.445982,7.683804,-0.558208,0.238872,-0.276520
45452910.000,Miguel,recording,knock_twice_right,16,-2.417414,6.500723,7.880804,-0.429900,0.082514,-0.309990
45452920.000,Miguel,recording,knock_twice_right,16,-2.558831,6.419146,7.711921,-0.300497,-0.040135,-0.311489
45452930.000,Miguel,recording,knock_twice_right,16,-2.675207,6.294824,7.414242,-0.205137,-0.119392,-0.286172
45452940.000,Miguel,recording,knock_twice_right,16,-2.785544,6.269171,7.202913,-0.147206,-0.146988,-0.243177
45452950.000,Miguel,recording,knock_twice_right,16,-2.753077,6.347576,7.120035,-0.119227,-0.120694,-0.187292
45452960.000,Miguel,recording,knock_twice_right,16,-2.531926,6.429984,7.176794,-0.102801,-0.072113,-0.132822
45452970.000,Miguel,recording,knock_twice_right,16,-2.345440,6.417658,7.099896,-0.080878,-0.062386,-0.095171
45452980.000,Miguel,recording,knock_twice_right,16,-2.256838,6.333713,6.728682,-0.096049,-0.094819,-0.062524
45452990.000,Miguel,recording,knock_twice_right,16,-2.189331,6.381748,6.488201,-0.162413,-0.122394,-0.028178
45453000.000,Miguel,recording,knock_twice_right,16,-2.191346,6.485859,6.326211,-0.258384,-0.161404,-0.006342
45453010.000,Miguel,recording,knock_twice_right,16,-2.272540,6.544444,6.352546,-0.392215,-0.204143,0.006101
45453020.000,Miguel,recording,knock_twice_right,16,-2.276338,6.518293,6.474108,-0.568921,-0.193041,0.016182
45453030.000,Miguel,recording,knock_twice_right,16,-2.108893,6.303524,6.330072,-0.821442,-0.084021,0.014201
45453040.000,Miguel,recording,knock_twice_right,16,-1.928497,5.655016,5.827440,-1.187378,0.132859,0.012343
45453050.000,Miguel,recording,knock_twice_right,16,-1.766762,4.735881,5.348557,-1.621839,0.361055,0.032271
45453060.000,Miguel,recording,knock_twice_right,16,-1.438645,3.859767,5.426282,-2.021295,0.496389,0.056913
45453070.000,Miguel,recording,knock_twice_right,16,-0.914921,3.343873,6.601806,-2.236045,0.571766,0.047472
45453080.000,Miguel,recording,knock_twice_right,16,-0.588432,3.676695,8.369090,-2.157518,0.702727,-0.013336
45453090.000,Miguel,recording,knock_twice_right,16,-0.716115,4.408955,9.882703,-1.818449,0.945163,-0.115638
45453100.000,Miguel,recording,knock_twice_right,16,-1.325527,5.207017,10.540064,-1.347608,1.210690,-0.235861
45453110.000,Miguel,recording,knock_twice_right,16,-2.360567,5.940994,10.327013,-0.920317,1.333636,-0.331558
45453120.000,Miguel,recording,knock_twice_right,16,-3.572664,5.892252,9.618805,-0.623180,1.211106,-0.369602
45453130.000,Miguel,recording,knock_twice_right,16,-4.566507,5.218757,8.713734,-0.429266,0.885541,-0.349487
45453140.000,Miguel,recording,knock_twice_right,16,-4.928973,4.671610,7.840791,-0.274649,0.482678,-0.300364
45453150.000,Miguel,recording,knock_twice_right,16,-4.710669,4.703322,7.334921,-0.122974,0.061802,-0.252641
45453160.000,Miguel,recording,knock_twice_right,16,-4.156789,5.083512,7.300719,0.026200,-0.370140,-0.224291
45453170.000,Miguel,recording,knock_twice_right,16,-3.509822,5.410468,7.748584,0.179639,-0.805473,-0.227734
45453180.000,Miguel,recording,knock_twice_right,16,-2.951667,5.595960,8.556220,0.364548,-1.214591,-0.266228
45453190.000,Miguel,recording,knock_twice_right,16,-2.730041,5.487042,9.059673,0.596627,-1.559007,-0.338950
45453200.000,Miguel,recording,knock_twice_right,16,-2.800975,5.105359,9.214843,0.854164,-1.844124,-0.430942
45453210.000,Miguel,recording,knock_twice_right,16,-2.893067,4.662769,9.131812,1.107360,-2.104741,-0.517289
45453220.000,Miguel,recording,knock_twice_right,16,-2.840569,4.301345,8.916854,1.334938,-2.362498,-0.577232
45453230.000,Miguel,recording,knock_twice_right,16,-2.596365,4.158104,8.424751,1.516383,-2.610593,-0.607703
45453240.000,Miguel,recording,knock_twice_right,16,-1.976311,4.539954,7.335557,1.543822,-2.626409,-0.618984
45453250.000,Miguel,recording,knock_twice_right,16,-1.054756,5.348096,5.263471,1.136317,-1.770627,-0.580575
45453260.000,Miguel,recording,knock_twice_right,16,-1.258551,5.865913,3.801565,0.456823,-0.508580,-0.530344
45453270.000,Miguel,recording,knock_twice_right,16,-2.087164,5.721498,4.407613,-0.081668,0.102423,-0.501768
45453280.000,Miguel,recording,knock_twice_right,16,-2.850121,6.235132,5.799131,-0.449603,0.052618,-0.447000
45453290.000,Miguel,recording,knock_twice_right,16,-3.631309,7.072024,7.161246,-0.681852,-0.251290,-0.369395
45453300.000,Miguel,recording,knock_twice_right,16,-4.212727,7.115377,8.779098,-0.765059,-0.483124,-0.284730
45453310.000,Miguel,recording,knock_twice_right,16,-4.299499,6.524101,10.206296,-0.680547,-0.617058,-0.206505
45453320.000,Miguel,recording,knock_twice_right,16,-3.798078,5.943291,11.166386,-0.436559,-0.686876,-0.138852
45453330.000,Miguel,recording,knock_twice_right,16,-3.189468,5.682816,11.132482,-0.093002,-0.666461,-0.066375
45453340.000,Miguel,recording,knock_twice_right,16,-2.852663,5.602107,10.042530,0.257498,-0.577038,0.026515
45453350.000,Miguel,recording,knock_twice_right,16,-2.757257,5.645461,8.480103,0.503375,-0.498457,0.137660
45453360.000,Miguel,recording,knock_twice_right,16,-2.621100,5.716123,7.150427,0.579289,-0.478295,0.246560
45453370.000,Miguel,recording,knock_twice_right,16,-2.251651,5.643724,6.486442,0.515339,-0.496026,0.327430
45453380.000,Miguel,recording,knock_twice_right,16,-1.850434,5.446481,6.416911,0.374474,-0.518920,0.374074
45453390.000,Miguel,recording,knock_twice_right,16,-1.543028,5.159016,6.771897,0.221403,-0.534128,0.394558
45453400.000,Miguel,recording,knock_twice_right,16,-1.287379,5.067544,7.297980,0.105518,-0.543531,0.384694
45453410.000,Miguel,recording,knock_twice_right,16,-1.062649,5.482373,7.665581,0.025728,-0.550201,0.343503
45453420.000,Miguel,recording,knock_twice_right,16,-0.871026,5.865280,7.900356,-0.024392,-0.567500,0.276199
45453430.000,Miguel,recording,knock_twice_right,16,-0.838240,5.856807,8.332789,-0.025378,-0.617827,0.189007
45453440.000,Miguel,recording,knock_twice_right,16,-1.016423,5.778767,8.660157,0.025017,-0.678775,0.100963
45453450.000,Miguel,recording,knock_twice_right,16,-1.294543,5.754227,8.595869,0.103155,-0.718342,0.031902
45453460.000,Miguel,recording,knock_twice_right,16,-1.497738,5.817726,8.222530,0.172024,-0.742771,-0.010776
45453470.000,Miguel,recording,knock_twice_right,16,-1.534858,5.937925,7.744244,0.201417,-0.755967,-0.034018
45453480.000,Miguel,recording,knock_twice_right,16,-1.461083,6.039942,7.378377,0.187747,-0.753994,-0.051941
45453490.000,Miguel,recording,knock_twice_right,16,-1.371951,6.107846,7.170072,0.140830,-0.719330,-0.064359
45453500.000,Miguel,recording,knock_twice_right,16,-1.268115,6.125882,7.073183,0.061202,-0.650415,-0.062715
45453510.000,Miguel,recording,knock_twice_right,16,-1.113241,6.032178,7.125812,-0.043547,-0.572690,-0.044589
45453520.000,Miguel,recording,knock_twice_right,16,-0.848080,5.885229,7.380857,-0.146104,-0.493653,-0.011508
45453530.000,Miguel,recording,knock_twice_right,16,-0.480757,5.765757,7.885850,-0.207941,-0.432999,0.023812
45453540.000,Miguel,recording,knock_twice_right,16,-0.220650,5.659315,8.434954,-0.200734,-0.383623,0.044522
45453550.000,Miguel,recording,knock_twice_right,16,-0.227993,5.569636,8.958428,-0.116743,-0.328388,0.042874
45453560.000,Miguel,recording,knock_twice_right,16,-0.636015,5.663982,9.341654,0.038464,-0.266527,0.037035
45453570.000,Miguel,recording,knock_twice_right,16,-1.161628,5.794211,9.486700,0.244199,-0.177166,0.052795
45453580.000,Miguel,recording,knock_twice_right,16,-1.536160,5.910225,9.421795,0.474016,-0.055978,0.096395
45453590.000,Miguel,recording,knock_twice_right,16,-1.792510,6.052757,9.244296,0.703183,0.084417,0.160036
45453600.000,Miguel,recording,knock_twice_right,16,-1.823933,6.079155,8.951445,0.906546,0.221973,0.227392
45453610.000,Miguel,recording,knock_twice_right,16,-1.677259,6.063510,8.629750,1.067610,0.331556,0.284097
45453620.000,Miguel,recording,knock_twice_right,16,-1.527339,6.115580,8.233083,1.180833,0.401368,0.321069
45453630.000,Miguel,recording,knock_twice_right,16,-1.414839,6.200968,7.676483,1.237161,0.441421,0.335788
45453640.000,Miguel,recording,knock_twice_right,16,-1.254653,6.259109,7.124804,1.235559,0.461668,0.330320
45453650.000,Miguel,recording,knock_twice_right,16,-1.040963,6.316530,6.698331,1.188321,0.470914,0.303754
45453660.000,Miguel,recording,knock_twice_right,16,-0.873823,6.396838,6.363437,1.107228,0.481492,0.259028
45453670.000,Miguel,recording,knock_twice_right,16,-0.822228,6.401013,6.192160,1.008005,0.487181,0.202731
45453680.000,Miguel,recording,knock_twice_right,16,-0.843422,6.233020,6.251028,0.914945,0.473449,0.136661
45453690.000,Miguel,recording,knock_twice_right,16,-1.116986,6.183991,6.292477,0.835172,0.439381,0.074563
45453700.000,Miguel,recording,knock_twice_right,16,-1.536106,6.300688,6.201442,0.755787,0.394942,0.041763
45453710.000,Miguel,recording,knock_twice_right,16,-1.878484,6.406529,6.156307,0.671184,0.340369,0.053632
45453720.000,Miguel,recording,knock_twice_right,16,-2.110218,6.494168,6.217802,0.585897,0.276571,0.102889
45453730.000,Miguel,recording,knock_twice_right,16,-2.157459,6.572411,6.371450,0.519218,0.234604,0.171168
45453740.000,Miguel,recording,knock_twice_right,16,-2.016033,6.713287,6.529529,0.492352,0.262659,0.240135
45453750.000,Miguel,recording,knock_twice_right,16,-1.729125,6.870811,6.592099,0.501236,0.352944,0.292855
45453760.000,Miguel,recording,knock_twice_right,16,-1.481495,6.980660,6.481671,0.512049,0.450672,0.330888
45453770.000,Miguel,recording,knock_twice_right,16,-1.520509,7.104714,6.230355,0.486305,0.513354,0.368982
45453780.000,Miguel,recording,knock_twice_right,16,-1.596000,7.122056,6.058610,0.416766,0.512115,0.408126
45453790.000,Miguel,recording,knock_twice_right,16,-1.558530,7.050352,6.002339,0.316121,0.449822,0.439085
45453800.000,Miguel,recording,knock_twice_right,16,-1.410031,7.021660,6.114326,0.207197,0.355470,0.452915
45453810.000,Miguel,recording,knock_twice_right,16,-1.228127,7.055376,6.272736,0.112305,0.253825,0.444970
45453820.000,Miguel,recording,knock_twice_right,16,-1.071794,7.067179,6.320527,0.034015,0.167865,0.416712
45453830.000,Miguel,recording,knock_twice_right,16,-0.960564,7.059684,6.338887,-0.028650,0.117435,0.371300
45453840.000,Miguel,recording,knock_twice_right,16,-0.923099,7.060030,6.448802,-0.070857,0.101541,0.319656
45453850.000,Miguel,recording,knock_twice_right,16,-0.984981,7.034389,6.733490,-0.085904,0.108785,0.277547
45453860.000,Miguel,recording,knock_twice_right,16,-1.069942,6.956973,7.080469,-0.066936,0.118209,0.255644
45453870.000,Miguel,recording,knock_twice_right,16,-1.066947,6.862081,7.225663,-0.019744,0.115053,0.251903
45453880.000,Miguel,recording,knock_twice_right,16,-0.930356,6.776764,7.204987,0.040455,0.115170,0.256671
45453890.000,Miguel,recording,knock_twice_right,16,-0.733872,6.748827,7.160926,0.103851,0.132867,0.259662
45453900.000,Miguel,recording,knock_twice_right,16,-0.586219,6.775074,7.087010,0.165073,0.163325,0.255654
45453910.000,Miguel,recording,knock_twice_right,16,-0.527772,6.758726,7.054806,0.221937,0.197837,0.247415
45453920.000,Miguel,recording,knock_twice_right,16,-0.553654,6.716173,7.100599,0.276355,0.232755,0.240833
45453930.000,Miguel,recording,knock_twice_right,16,-0.589453,6.716234,7.113087,0.331919,0.277064,0.239331
45453940.000,Miguel,recording,knock_twice_right,16,-0.595950,6.749757,7.015335,0.379643,0.326030,0.243986
45453950.000,Miguel,recording,knock_twice_right,16,-0.615256,6.793760,6.802168,0.402366,0.358340,0.258068
45453960.000,Miguel,recording,knock_twice_right,16,-0.612273,6.768535,6.528087,0.388788,0.360911,0.281352
45453970.000,Miguel,recording,knock_twice_right,16,-0.556257,6.701401,6.326350,0.340747,0.331753,0.305735
45453980.000,Miguel,recording,knock_twice_right,16,-0.469665,6.666654,6.244423,0.270223,0.294217,0.323381
45453990.000,Miguel,recording,knock_twice_right,16,-0.363775,6.641796,6.296887,0.189752,0.272211,0.334733
45454000.000,Miguel,recording,knock_twice_right,16,-0.236608,6.640890,6.439376,0.112654,0.260038,0.338195
45454010.000,Miguel,recording,knock_twice_right,16,-0.164463,6.622614,6.663262,0.049140,0.241416,0.331544
45454020.000,Miguel,recording,knock_twice_right,16,-0.157185,6.573546,6.943095,0.004094,0.206345,0.316616
45454030.000,Miguel,recording,knock_twice_right,16,-0.164082,6.512426,7.140774,-0.021730,0.156882,0.291434
45454040.000,Miguel,recording,knock_twice_right,16,-0.175617,6.457558,7.280972,-0.026219,0.105412,0.256671
45454050.000,Miguel,recording,knock_twice_right,16,-0.162280,6.454745,7.349262,-0.014011,0.058471,0.217592
45454060.000,Miguel,recording,knock_twice_right,16,-0.098138,6.511361,7.319111,0.003614,0.019354,0.178291
45454070.000,Miguel,recording,knock_twice_right,16,-0.030047,6.580629,7.261207,0.022800,-0.000986,0.139858
45454080.000,Miguel,recording,knock_twice_right,16,-0.011784,6.665614,7.169786,0.041059,0.007322,0.102434
45454090.000,Miguel,recording,knock_twice_right,16,-0.077654,6.723816,7.098995,0.054888,0.032395,0.070365
45454100.000,Miguel,recording,knock_twice_right,16,-0.188015,6.727155,7.031591,0.062179,0.049225,0.047383
45454110.000,Miguel,recording,knock_twice_right,16,-0.285117,6.690350,6.895990,0.057454,0.050029,0.029478
45454120.000,Miguel,recording,knock_twice_right,16,-0.304779,6.663883,6.739146,0.033726,0.038790,0.008718
45454130.000,Miguel,recording,knock_twice_right,16,-0.263140,6.735484,6.674579,-0.006035,0.012947,-0.022873
45454140.000,Miguel,recording,knock_twice_right,16,-0.287049,6.840876,6.676869,-0.050998,-0.024276,-0.065272
45454150.000,Miguel,recording,knock_twice_right,16,-0.414269,6.937567,6.748831,-0.089360,-0.060994,-0.105413
45454160.000,Miguel,recording,knock_twice_right,16,-0.567379,6.990826,6.882685,-0.107856,-0.088759,-0.131794
45454170.000,Miguel,recording,knock_twice_right,16,-0.746399,7.020524,6.967453,-0.101527,-0.106814,-0.142742
45454180.000,Miguel,recording,knock_twice_right,16,-0.866493,7.055477,6.906592,-0.082890,-0.122326,-0.139148
45454190.000,Miguel,recording,knock_twice_right,16,-0.915846,7.058380,6.761950,-0.066929,-0.138405,-0.126401
45454200.000,Miguel,recording,knock_twice_right,16,-0.864010,7.053535,6.593376,-0.060277,-0.149471,-0.116015
45454210.000,Miguel,recording,knock_twice_right,16,-0.760135,7.116047,6.471444,-0.061580,-0.142329,-0.118486
45454220.000,Miguel,recording,knock_twice_right,16,-0.772096,7.235155,6.532604,-0.061268,-0.112584,-0.132629
45454230.000,Miguel,recording,knock_twice_right,16,-0.935818,7.276338,6.699100,-0.045979,-0.079502,-0.144531
45454240.000,Miguel,recording,knock_twice_right,16,-1.141074,7.273695,6.770471,-0.017485,-0.059741,-0.140843
45454250.000,Miguel,recording,knock_twice_right,16,-1.235102,7.265471,6.700030,0.007858,-0.049102,-0.124624
45454260.000,Miguel,recording,knock_twice_right,16,-1.206939,7.274615,6.579908,0.021865,-0.044408,-0.108130
45454270.000,Miguel,recording,knock_twice_right,16,-1.114836,7.265941,6.437429,0.021447,-0.047134,-0.098441
45454280.000,Miguel,recording,knock_twice_right,16,-1.025317,7.237590,6.286275,0.005073,-0.051433,-0.096604
45454290.000,Miguel,recording,knock_twice_right,16,-1.025959,7.248183,6.234343,-0.021699,-0.056651,-0.100843
45454300.000,Miguel,recording,knock_twice_right,16,-1.102217,7.269181,6.298314,-0.048168,-0.065322,-0.104539
45454310.000,Miguel,recording,knock_twice_right,16,-1.169443,7.251017,6.450355,-0.063584,-0.073331,-0.099264
45454320.000,Miguel,recording,knock_twice_right,16,-1.157330,7.209586,6.581654,-0.061606,-0.077906,-0.088024
45454330.000,Miguel,recording,knock_twice_right,16,-1.074205,7.171877,6.618864,-0.044241,-0.077332,-0.079226
45454340.000,Miguel,recording,knock_twice_right,16,-1.009159,7.162039,6.533552,-0.022920,-0.066532,-0.073713
45454350.000,Miguel,recording,knock_twice_right,16,-0.941613,7.149265,6.420946,-0.010856,-0.043365,-0.070814
45454360.000,Miguel,recording,knock_twice_right,16,-0.864557,7.145747,6.363906,-0.009278,-0.014079,-0.072397
45454370.000,Miguel,recording,knock_twice_right,16,-0.847460,7.178746,6.362133,-0.017985,0.014013,-0.078363
45454380.000,Miguel,recording,knock_twice_right,16,-0.918890,7.210394,6.417360,-0.033776,0.030728,-0.083992
45454390.000,Miguel,recording,knock_twice_right,16,-1.051691,7.201090,6.494147,-0.047267,0.031768,-0.083868
45454400.000,Miguel,recording,knock_twice_right,16,-1.130232,7.175519,6.530571,-0.057526,0.026193,-0.077282
45454410.000,Miguel,recording,knock_twice_right,16,-1.156375,7.163741,6.515543,-0.070163,0.019460,-0.066117
45454420.000,Miguel,recording,knock_twice_right,16,-1.154783,7.156981,6.488025,-0.088458,0.006432,-0.051818
45454430.000,Miguel,recording,knock_twice_right,16,-1.099257,7.104940,6.470416,-0.111009,-0.016694,-0.039300
45454440.000,Miguel,recording,knock_twice_right,16,-1.003945,7.068912,6.525130,-0.134108,-0.040081,-0.035915
45454450.000,Miguel,recording,knock_twice_right,16,-0.948632,7.063034,6.711425,-0.145967,-0.055758,-0.040464
45454460.000,Miguel,recording,knock_twice_right,16,-0.947290,7.030096,6.895010,-0.136924,-0.062266,-0.048613
45454470.000,Miguel,recording,knock_twice_right,16,-0.961439,7.011667,6.956284,-0.109512,-0.056887,-0.057905
45454480.000,Miguel,recording,knock_twice_right,16,-0.970495,7.048367,6.890755,-0.070568,-0.035033,-0.063094
45454490.000,Miguel,recording,knock_twice_right,16,-1.006760,7.108390,6.806849,-0.032529,0.007323,-0.059027
45454500.000,Miguel,recording,knock_twice_right,16,-1.098366,7.142127,6.785537,-0.005165,0.051863,-0.045811
45454510.000,Miguel,recording,knock_twice_right,16,-1.184671,7.142722,6.791347,0.010846,0.073019,-0.030287
45454520.000,Miguel,recording,knock_twice_right,16,-1.209004,7.133242,6.779294,0.015615,0.067460,-0.017899
45454530.000,Miguel,recording,knock_twice_right,16,-1.192180,7.142165,6.760109,0.008853,0.044496,-0.008089
45454540.000,Miguel,recording,knock_twice_right,16,-1.194439,7.153085,6.736747,-0.005804,0.009060,0.001239
45454550.000,Miguel,recording,knock_twice_right,16,-1.158894,7.120678,6.709878,-0.021921,-0.030000,0.011021
45454560.000,Miguel,recording,knock_twice_right,16,-1.064852,7.098792,6.686638,-0.036732,-0.057233,0.014522
45454570.000,Miguel,recording,knock_twice_right,16,-0.960556,7.096939,6.685305,-0.046643,-0.064831,0.007582
45454580.000,Miguel,recording,knock_twice_right,16,-0.937181,7.114136,6.723638,-0.047956,-0.054875,-0.004685
45454590.000,Miguel,recording,knock_twice_right,16,-1.028400,7.114617,6.793495,-0.040714,-0.040646,-0.012341
45454600.000,Miguel,recording,knock_twice_right,16,-1.144262,7.061880,6.831664,-0.028014,-0.032796,-0.008411
45454610.000,Miguel,recording,knock_twice_right,16,-1.222950,7.026226,6.826331,-0.013990,-0.029868,0.001367
45454620.000,Miguel,recording,knock_twice_right,16,-1.231466,7.007358,6.821118,-0.000368,-0.029605,0.010767
45454630.000,Miguel,recording,knock_twice_right,16,-1.183343,6.983359,6.795088,0.014580,-0.027977,0.023064
45454640.000,Miguel,recording,knock_twice_right,16,-1.068407,6.985911,6.709080,0.029230,-0.017703,0.036891
45454650.000,Miguel,recording,knock_twice_right,16,-0.919130,7.031751,6.617053,0.035053,-0.005283,0.045176
45454660.000,Miguel,recording,knock_twice_right,16,-0.828953,7.072366,6.533146,0.026912,0.001162,0.041805
45454670.000,Miguel,recording,knock_twice_right,16,-0.854680,7.081039,6.480948,0.005131,-0.000794,0.030397
45454680.000,Miguel,recording,knock_twice_right,16,-0.897083,7.055497,6.486712,-0.024811,-0.010667,0.019355
45454690.000,Miguel,recording,knock_twice_right,16,-0.908963,7.036984,6.553230,-0.051361,-0.021062,0.011334
45454700.000,Miguel,recording,knock_twice_right,16,-0.920568,7.015085,6.629892,-0.066778,-0.029737,0.006144
45454710.000,Miguel,recording,knock_twice_right,16,-0.919809,6.977421,6.677552,-0.071296,-0.038001,0.003680
45454720.000,Miguel,recording,knock_twice_right,16,-0.864192,6.949132,6.674281,-0.067521,-0.039299,0.002981
45454730.000,Miguel,recording,knock_twice_right,16,-0.811086,6.959480,6.675803,-0.059695,-0.025561,-0.001290
45454740.000,Miguel,recording,knock_twice_right,16,-0.844860,6.980756,6.726422,-0.050508,-0.003290,-0.008387
45454750.000,Miguel,recording,knock_twice_right,16,-0.941053,7.004117,6.781908,-0.041070,0.010438,-0.009834
45454760.000,Miguel,recording,knock_twice_right,16,-1.066724,6.992486,6.828127,-0.030004,0.007469,-0.001434
45454770.000,Miguel,recording,knock_twice_right,16,-1.104625,6.959808,6.822684,-0.017313,-0.001643,0.012676
45454780.000,Miguel,recording,knock_twice_right,16,-1.004331,6.978538,6.781034,-0.007034,-0.003354,0.023276
45454790.000,Miguel,recording,knock_twice_right,16,-0.858305,6.996382,6.724643,-0.001816,-0.000292,0.027390
45454800.000,Miguel,recording,knock_twice_right,16,-0.752603,6.969397,6.686009,-0.002463,-0.001441,0.024412
45454810.000,Miguel,recording,knock_twice_right,16,-0.702255,6.916062,6.663106,-0.008034,-0.005056,0.011356
45454820.000,Miguel,recording,knock_twice_right,16,-0.682658,6.892556,6.655269,-0.015365,-0.001336,-0.007482
45454830.000,Miguel,recording,knock_twice_right,16,-0.705929,6.903070,6.675461,-0.021533,0.011411,-0.026556
45454840.000,Miguel,recording,knock_twice_right,16,-0.772405,6.894142,6.693860,-0.025044,0.027027,-0.041666
45454850.000,Miguel,recording,knock_twice_right,16,-0.857089,6.838220,6.700822,-0.025560,0.041025,-0.056625
45454860.000,Miguel,recording,knock_twice_right,16,-1.363427,6.878437,6.680783,-0.021740,0.074696,-0.076505
45454870.000,Miguel,recording,knock_twice_right,16,-1.828095,7.259802,6.647460,-0.009899,0.073535,-0.055190
45454880.000,Miguel,recording,knock_twice_right,16,-1.721909,7.237953,6.594627,-0.001139,0.037495,0.009729
45454890.000,Miguel,recording,knock_twice_right,16,-1.306973,7.096620,6.507100,-0.011114,0.022704,0.051238
45454900.000,Miguel,recording,knock_twice_right,16,-0.831431,7.136768,6.481811,-0.038644,-0.001214,0.046491
45454910.000,Miguel,recording,knock_twice_right,16,-0.591347,7.123360,6.540972,-0.073526,-0.023711,0.015638
45454920.000,Miguel,recording,knock_twice_right,16,-0.663178,7.072609,6.696022,-0.100880,-0.023540,-0.007385
45454930.000,Miguel,recording,knock_twice_right,16,-0.779824,7.025545,6.893289,-0.107644,-0.002553,-0.006145
45454940.000,Miguel,recording,knock_twice_right,16,-0.865963,6.999518,7.043111,-0.092680,0.030214,0.010644
45454950.000,Miguel,recording,knock_twice_right,16,-0.941268,6.922904,7.086485,-0.064892,0.063526,0.025235
45454960.000,Miguel,recording,knock_twice_right,16,-0.994592,6.870873,7.092518,-0.038589,0.073783,0.031944
45454970.000,Miguel,recording,knock_twice_right,16,-0.994585,6.867681,7.093697,-0.025108,0.050069,0.037789
45454980.000,Miguel,recording,knock_twice_right,16,-0.901272,6.868267,7.089738,-0.019879,0.008286,0.041772
45454990.000,Miguel,recording,knock_twice_right,16,-0.766713,6.852083,7.070761,-0.015296,-0.033472,0.036007
45455000.000,Miguel,recording,knock_twice_right,16,-0.654029,6.834882,7.033799,-0.008723,-0.063972,0.019593
45455010.000,Miguel,recording,knock_twice_right,16,-0.611046,6.835808,6.965573,0.001447,-0.077894,-0.003433
45455020.000,Miguel,recording,knock_twice_right,16,-0.659569,6.835368,6.931135,0.014085,-0.075849,-0.026747
45455030.000,Miguel,recording,knock_twice_right,16,-0.981858,6.740794,6.895407,0.024363,-0.061270,-0.074252
45455040.000,Miguel,recording,knock_twice_right,16,-1.716879,7.035288,6.714132,0.033275,-0.039887,-0.104268
45455050.000,Miguel,recording,knock_twice_right,16,-1.928959,7.353414,6.536421,0.047835,-0.021597,-0.064755
45455060.000,Miguel,recording,knock_twice_right,16,-1.826366,7.399303,6.370690,0.058615,0.012316,0.002788
45455070.000,Miguel,recording,knock_twice_right,16,-1.472138,7.293166,6.245821,0.053826,0.050782,0.054533
45455080.000,Miguel,recording,knock_twice_right,16,-1.031275,7.232009,6.215239,0.032217,0.059523,0.072375
45455090.000,Miguel,recording,knock_twice_right,16,-0.723392,7.131949,6.248164,-0.006971,0.047160,0.069976
45455100.000,Miguel,recording,knock_twice_right,16,-0.596257,7.010115,6.439627,-0.056314,0.023872,0.062619
45455110.000,Miguel,recording,knock_twice_right,16,-0.727140,6.975515,6.701269,-0.095334,0.002259,0.059183
45455120.000,Miguel,recording,knock_twice_right,16,-0.950154,6.984762,6.907228,-0.112219,-0.012014,0.064585
45455130.000,Miguel,recording,knock_twice_right,16,-1.085606,6.944749,7.051792,-0.118796,-0.036185,0.075879
45455140.000,Miguel,recording,knock_twice_right,16,-1.018381,6.916188,7.104958,-0.123320,-0.068979,0.091192
45455150.000,Miguel,recording,knock_twice_right,16,-0.843536,6.916487,7.129259,-0.118711,-0.091144,0.106910
45455160.000,Miguel,recording,knock_twice_right,16,-0.648045,6.861735,7.120705,-0.102475,-0.094774,0.112259
45455170.000,Miguel,recording,knock_twice_right,16,-0.491930,6.790479,7.101873,-0.079178,-0.083456,0.100825
45455180.000,Miguel,recording,knock_twice_right,16,-0.430531,6.760648,7.054085,-0.051431,-0.065918,0.075164
45455190.000,Miguel,recording,knock_twice_right,16,-0.472767,6.763369,7.025949,-0.025217,-0.043981,0.045723
45455200.000,Miguel,recording,knock_twice_right,16,-0.610158,6.760174,7.076419,0.000877,-0.025785,0.021612
45455210.000,Miguel,recording,knock_twice_right,16,-0.779357,6.731102,7.101769,0.030372,-0.022198,0.005990
45455220.000,Miguel,recording,knock_twice_right,16,-0.897215,6.705825,7.019352,0.058536,-0.025157,-0.001405
45455230.000,Miguel,recording,knock_twice_right,16,-0.881980,6.723997,6.876823,0.080841,-0.021203,-0.005058
45455240.000,Miguel,recording,knock_twice_right,16,-0.815879,6.785268,6.751673,0.091383,-0.010195,-0.006242
45455250.000,Miguel,recording,knock_twice_right,16,-0.794539,6.859380,6.685110,0.089202,0.000940,-0.007035
45455260.000,Miguel,recording,knock_twice_right,16,-0.785675,6.875084,6.672161,0.078912,0.005631,-0.011068
45455270.000,Miguel,recording,knock_twice_right,16,-0.743437,6.873579,6.637392,0.061842,0.006614,-0.020828
45455280.000,Miguel,recording,knock_twice_right,16,-0.720660,6.904529,6.634829,0.042582,0.008530,-0.035168
45455290.000,Miguel,recording,knock_twice_right,16,-0.846317,6.953560,6.708331,0.026441,0.007185,-0.044320
45455300.000,Miguel,recording,knock_twice_right,16,-1.015182,6.953306,6.833142,0.016315,-0.005135,-0.040061
45455310.000,Miguel,recording,knock_twice_right,16,-1.047081,6.946298,6.894750,0.014280,-0.028351,-0.025797
45455320.000,Miguel,recording,knock_twice_right,16,-0.950495,6.966886,6.871581,0.018122,-0.047124,-0.013550
45455330.000,Miguel,recording,knock_twice_right,16,-0.796813,7.005993,6.833556,0.024118,-0.047542,-0.014308
45455340.000,Miguel,recording,knock_twice_right,16,-0.852829,7.077913,6.943240,0.033764,-0.041679,-0.020928
45455350.000,Miguel,recording,knock_twice_right,16,-1.107134,7.118712,7.126901,0.054221,-0.054018,-0.016331
45455360.000,Miguel,recording,knock_twice_right,16,-1.287073,7.107587,7.160524,0.081758,-0.080981,0.003923
45455370.000,Miguel,recording,knock_twice_right,16,-1.213064,7.130493,7.061275,0.106961,-0.101389,0.030791
45455380.000,Miguel,recording,knock_twice_right,16,-0.986751,7.181739,6.938993,0.125854,-0.102455,0.049535
45455390.000,Miguel,recording,knock_twice_right,16,-0.888808,7.220708,6.950545,0.146395,-0.081099,0.058259
45455400.000,Miguel,recording,knock_twice_right,16,-0.927962,7.177715,7.067991,0.180989,-0.051539,0.065836
45455410.000,Miguel,recording,knock_twice_right,16,-0.902936,7.087936,7.027916,0.223127,-0.025167,0.073957
45455420.000,Miguel,recording,knock_twice_right,16,-0.737047,7.038050,6.835889,0.256629,0.001904,0.074278
45455430.000,Miguel,recording,knock_twice_right,16,-0.524028,7.011827,6.569078,0.272135,0.025641,0.057648
45455440.000,Miguel,recording,knock_twice_right,16,-0.425774,6.986566,6.313530,0.262411,0.042060,0.026101
45455450.000,Miguel,recording,knock_twice_right,16,-0.515856,7.037695,6.138910,0.218849,0.051352,-0.007015
45455460.000,Miguel,recording,knock_twice_right,16,-0.746873,7.103050,6.070482,0.148056,0.038804,-0.024638
45455470.000,Miguel,recording,knock_twice_right,16,-0.948360,7.058463,6.066463,0.070829,-0.001258,-0.023540
45455480.000,Miguel,recording,knock_twice_right,16,-0.994687,7.037254,5.960996,-0.011346,-0.044266,-0.006843
45455490.000,Miguel,recording,knock_twice_right,16,-0.984905,7.137219,5.771230,-0.111400,-0.073460,0.022534
45455500.000,Miguel,recording,knock_twice_right,16,-0.970019,7.161730,5.809048,-0.219960,-0.104738,0.053212
45455510.000,Miguel,recording,knock_twice_right,16,-0.933062,7.074033,6.039647,-0.311294,-0.150016,0.075040
45455520.000,Miguel,recording,knock_twice_right,16,-0.779169,6.986038,6.293250,-0.370463,-0.185517,0.082272
45455530.000,Miguel,recording,knock_twice_right,16,-0.610947,6.947776,6.570947,-0.390352,-0.184535,0.072175
45455540.000,Miguel,recording,knock_twice_right,16,-0.572492,6.946739,6.820420,-0.370522,-0.148259,0.053891
45455550.000,Miguel,recording,knock_twice_right,16,-0.652300,6.952985,6.935961,-0.324147,-0.091308,0.045529
45455560.000,Miguel,recording,knock_twice_right,16,-0.760944,6.905561,7.028202,-0.262137,-0.028621,0.054490
45455570.000,Miguel,recording,knock_twice_right,16,-0.789329,6.866724,7.109827,-0.193334,0.027370,0.067348
45455580.000,Miguel,recording,knock_twice_right,16,-0.766935,6.890124,7.098701,-0.132581,0.064383,0.071854
45455590.000,Miguel,recording,knock_twice_right,16,-0.809385,6.906888,7.041139,-0.092054,0.073563,0.070575
45455600.000,Miguel,recording,knock_twice_right,16,-0.862317,6.911120,6.985252,-0.075843,0.055210,0.067213
45455610.000,Miguel,recording,knock_twice_right,16,-0.831373,6.925412,6.958773,-0.080085,0.016990,0.061450
45455620.000,Miguel,recording,knock_twice_right,16,-0.741215,6.941141,6.936739,-0.099975,-0.026077,0.053450
45455630.000,Miguel,recording,knock_twice_right,16,-0.642487,6.936275,6.937881,-0.127606,-0.064898,0.042960
45455640.000,Miguel,recording,knock_twice_right,16,-0.578565,6.931159,7.003967,-0.153784,-0.095044,0.029889
45455650.000,Miguel,recording,knock_twice_right,16,-0.557173,6.898489,7.118657,-0.167844,-0.110705,0.017583
45455660.000,Miguel,recording,knock_twice_right,16,-0.518428,6.862639,7.238347,-0.159717,-0.107875,0.005946
45455670.000,Miguel,recording,knock_twice_right,16,-0.474579,6.830295,7.318551,-0.130770,-0.085500,-0.005404
45455680.000,Miguel,recording,knock_twice_right,16,-0.469547,6.830703,7.396023,-0.086609,-0.050603,-0.016664
45455690.000,Miguel,recording,knock_twice_right,17,-0.532151,6.821177,7.495511,-0.025304,-0.018241,-0.028484
45455700.000,Miguel,recording,knock_twice_right,17,-0.626534,6.749440,7.551134,0.048140,0.003024,-0.035925
45455710.000,Miguel,recording,knock_twice_right,17,-0.713386,6.732729,7.554651,0.123881,0.014003,-0.036845
45455720.000,Miguel,recording,knock_twice_right,17,-0.789719,6.771838,7.488222,0.197370,0.016977,-0.032536
45455730.000,Miguel,recording,knock_twice_right,17,-0.759605,6.778072,7.312709,0.258472,0.017222,-0.023881
45455740.000,Miguel,recording,knock_twice_right,17,-0.647100,6.776254,7.124454,0.301278,0.018235,-0.016813
45455750.000,Miguel,recording,knock_twice_right,17,-0.541658,6.809071,6.972180,0.331434,0.023299,-0.017882
45455760.000,Miguel,recording,knock_twice_right,17,-0.456397,6.880508,6.814096,0.353553,0.039986,-0.027992
45455770.000,Miguel,recording,knock_twice_right,17,-0.437361,6.974685,6.656798,0.361834,0.063788,-0.040649
45455780.000,Miguel,recording,knock_twice_right,17,-0.529174,7.040692,6.483886,0.346631,0.078452,-0.052159
45455790.000,Miguel,recording,knock_twice_right,17,-0.645716,7.064690,6.272730,0.302035,0.074014,-0.059762
45455800.000,Miguel,recording,knock_twice_right,17,-0.735194,7.062991,6.145889,0.232078,0.052821,-0.061370
45455810.000,Miguel,recording,knock_twice_right,17,-0.754330,7.079394,6.164685,0.156151,0.019985,-0.061366
45455820.000,Miguel,recording,knock_twice_right,17,-0.769602,7.103025,6.246384,0.091507,-0.017363,-0.060426
45455830.000,Miguel,recording,knock_twice_right,17,-0.798465,7.093488,6.307655,0.042538,-0.040169,-0.054457
45455840.000,Miguel,recording,knock_twice_right,17,-0.825190,7.069108,6.416999,0.011333,-0.041879,-0.041409
45455850.000,Miguel,recording,knock_twice_right,17,-0.800667,7.037003,6.562686,0.002425,-0.034367,-0.025974
45455860.000,Miguel,recording,knock_twice_right,17,-0.741835,7.032284,6.648881,0.014337,-0.021559,-0.013930
45455870.000,Miguel,recording,knock_twice_right,17,-0.667405,7.035616,6.662242,0.035600,0.001152,-0.008589
45455880.000,Miguel,recording,knock_twice_right,17,-0.637889,7.039496,6.660716,0.057256,0.027453,-0.011662
45455890.000,Miguel,recording,knock_twice_right,17,-0.647967,7.049690,6.658224,0.074692,0.047482,-0.019216
45455900.000,Miguel,recording,knock_twice_right,17,-0.694043,7.076492,6.623941,0.080725,0.062610,-0.026741
45455910.000,Miguel,recording,knock_twice_right,17,-0.781621,7.096118,6.625584,0.073562,0.065825,-0.033306
45455920.000,Miguel,recording,knock_twice_right,17,-0.862563,7.060972,6.670743,0.060554,0.047595,-0.036979
45455930.000,Miguel,recording,knock_twice_right,17,-0.876588,7.027142,6.654296,0.044557,0.016270,-0.036318
45455940.000,Miguel,recording,knock_twice_right,17,-0.804104,7.044193,6.594730,0.024516,-0.009936,-0.033841
45455950.000,Miguel,recording,knock_twice_right,17,-0.700123,7.076882,6.546913,0.000341,-0.021515,-0.034644
45455960.000,Miguel,recording,knock_twice_right,17,-0.708149,7.125329,6.624577,-0.024686,-0.027781,-0.036560
45455970.000,Miguel,recording,knock_twice_right,17,-0.817065,7.139229,6.809599,-0.039203,-0.038712,-0.035830
45455980.000,Miguel,recording,knock_twice_right,17,-0.900146,7.119170,6.967901,-0.034676,-0.050750,-0.032703
45455990.000,Miguel,recording,knock_twice_right,17,-0.891203,7.126551,7.065645,-0.013771,-0.055802,-0.026125
45456000.000,Miguel,recording,knock_twice_right,17,-0.842318,7.143964,7.099860,0.015846,-0.052911,-0.018706
45456010.000,Miguel,recording,knock_twice_right,17,-0.828065,7.133479,7.042136,0.047809,-0.049481,-0.012792
45456020.000,Miguel,recording,knock_twice_right,17,-0.816496,7.079567,6.932925,0.076691,-0.046795,-0.009098
45456030.000,Miguel,recording,knock_twice_right,17,-0.757108,7.021561,6.817626,0.097727,-0.039800,-0.009724
45456040.000,Miguel,recording,knock_twice_right,17,-0.677930,7.025134,6.721390,0.108653,-0.029107,-0.017448
45456050.000,Miguel,recording,knock_twice_right,17,-0.623061,7.069457,6.620357,0.107574,-0.023347,-0.032192
45456060.000,Miguel,recording,knock_twice_right,17,-0.633362,7.102034,6.549034,0.094043,-0.031179,-0.046771
45456070.000,Miguel,recording,knock_twice_right,17,-0.690434,7.127060,6.482517,0.069092,-0.054372,-0.056610
45456080.000,Miguel,recording,knock_twice_right,17,-0.779873,7.153158,6.444410,0.035958,-0.090190,-0.061922
45456090.000,Miguel,recording,knock_twice_right,17,-0.831603,7.175852,6.447201,0.002212,-0.126660,-0.060696
45456100.000,Miguel,recording,knock_twice_right,17,-0.828558,7.201434,6.442630,-0.026141,-0.149667,-0.052411
45456110.000,Miguel,recording,knock_twice_right,17,-0.823886,7.228927,6.441803,-0.046021,-0.149313,-0.038357
45456120.000,Miguel,recording,knock_twice_right,17,-0.808484,7.228615,6.481148,-0.052426,-0.123910,-0.020663
45456130.000,Miguel,recording,knock_twice_right,17,-0.776248,7.189509,6.571279,-0.041389,-0.085223,-0.005495
45456140.000,Miguel,recording,knock_twice_right,17,-0.746857,7.150279,6.659551,-0.016522,-0.046318,0.003911
45456150.000,Miguel,recording,knock_twice_right,17,-0.710516,7.120510,6.697553,0.017193,-0.012696,0.009059
45456160.000,Miguel,recording,knock_twice_right,17,-0.658882,7.107730,6.681914,0.053360,0.015548,0.010872
45456170.000,Miguel,recording,knock_twice_right,17,-0.654371,7.117535,6.611739,0.082755,0.038486,0.009130
45456180.000,Miguel,recording,knock_twice_right,17,-0.698971,7.142275,6.480234,0.096879,0.053931,0.005572
45456190.000,Miguel,recording,knock_twice_right,17,-0.780158,7.159848,6.381982,0.090923,0.058177,0.003463
45456200.000,Miguel,recording,knock_twice_right,17,-0.833192,7.150546,6.369343,0.071869,0.049336,0.003506
45456210.000,Miguel,recording,knock_twice_right,17,-0.834591,7.163519,6.365392,0.044291,0.035319,0.005713
45456220.000,Miguel,recording,knock_twice_right,17,-0.815383,7.158682,6.414197,0.014420,0.021370,0.008204
45456230.000,Miguel,recording,knock_twice_right,17,-0.824692,7.149266,6.452512,-0.011409,0.008400,0.010495
45456240.000,Miguel,recording,knock_twice_right,17,-0.800601,7.141655,6.446877,-0.038589,-0.001645,0.014525
45456250.000,Miguel,recording,knock_twice_right,17,-0.728526,7.130079,6.472373,-0.065148,-0.010773,0.018403
45456260.000,Miguel,recording,knock_twice_right,17,-0.661966,7.100205,6.564895,-0.085541,-0.017080,0.017560
45456270.000,Miguel,recording,knock_twice_right,17,-0.638204,7.074468,6.730298,-0.094659,-0.020611,0.013455
45456280.000,Miguel,recording,knock_twice_right,17,-0.678110,7.068237,6.893700,-0.082311,-0.029195,0.009232
45456290.000,Miguel,recording,knock_twice_right,17,-0.714836,7.090379,6.931359,-0.055928,-0.036536,0.006222
45456300.000,Miguel,recording,knock_twice_right,17,-0.696546,7.099862,6.870030,-0.032679,-0.030636,0.003426
45456310.000,Miguel,recording,knock_twice_right,17,-0.645626,7.108770,6.810564,-0.017415,-0.016919,-0.001743
45456320.000,Miguel,recording,knock_twice_right,17,-0.686451,7.094193,6.858310,-0.007975,-0.012342,-0.009201
45456330.000,Miguel,recording,knock_twice_right,17,-0.783466,7.006761,6.903347,-0.005938,-0.030902,-0.018842
45456340.000,Miguel,recording,knock_twice_right,17,-0.748535,6.955593,6.849397,-0.014412,-0.073826,-0.030307
45456350.000,Miguel,recording,knock_twice_right,17,-0.543281,7.010738,6.767159,-0.030113,-0.128206,-0.046270
45456360.000,Miguel,recording,knock_twice_right,17,-0.367004,7.074285,6.685717,-0.048815,-0.170271,-0.070618
45456370.000,Miguel,recording,knock_twice_right,17,-0.368043,7.113644,6.669865,-0.064415,-0.187164,-0.096370
45456380.000,Miguel,recording,knock_twice_right,17,-0.506796,7.173832,6.746218,-0.069692,-0.181364,-0.109944
45456390.000,Miguel,recording,knock_twice_right,17,-0.641238,7.264865,6.868134,-0.062530,-0.157080,-0.112132
45456400.000,Miguel,recording,knock_twice_right,17,-0.720119,7.341777,7.029191,-0.039643,-0.124813,-0.112959
45456410.000,Miguel,recording,knock_twice_right,17,-0.820484,7.373133,7.217573,0.004084,-0.098828,-0.111129
45456420.000,Miguel,recording,knock_twice_right,17,-0.994758,7.353789,7.356329,0.072379,-0.084296,-0.097654
45456430.000,Miguel,recording,knock_twice_right,17,-1.128519,7.276258,7.343922,0.160580,-0.069644,-0.067184
45456440.000,Miguel,recording,knock_twice_right,17,-1.092254,7.247198,7.180925,0.251213,-0.031955,-0.028581
45456450.000,Miguel,recording,knock_twice_right,17,-0.943853,7.245847,7.009752,0.334050,0.026985,0.003087
45456460.000,Miguel,recording,knock_twice_right,17,-0.845993,7.231505,6.853799,0.404881,0.078173,0.023121
45456470.000,Miguel,recording,knock_twice_right,17,-0.814691,7.183688,6.596020,0.452092,0.105426,0.035134
45456480.000,Miguel,recording,knock_twice_right,17,-0.765170,7.130652,6.249940,0.460865,0.110165,0.041327
45456490.000,Miguel,recording,knock_twice_right,17,-0.667901,7.106645,5.922585,0.427420,0.099893,0.038015
45456500.000,Miguel,recording,knock_twice_right,17,-0.589638,7.142599,5.732791,0.362936,0.085573,0.026029
45456510.000,Miguel,recording,knock_twice_right,17,-0.615646,7.186879,5.681954,0.281235,0.064370,0.014120
45456520.000,Miguel,recording,knock_twice_right,17,-0.720649,7.166916,5.630093,0.192113,0.029162,0.011602
45456530.000,Miguel,recording,knock_twice_right,17,-0.764576,7.127544,5.590122,0.100274,-0.010749,0.017127
45456540.000,Miguel,recording,knock_twice_right,17,-0.715356,7.164151,5.634463,0.008894,-0.038974,0.021056
45456550.000,Miguel,recording,knock_twice_right,17,-0.619583,7.220368,5.790064,-0.068660,-0.044506,0.020213
45456560.000,Miguel,recording,knock_twice_right,17,-0.586163,7.205046,5.998988,-0.119926,-0.028405,0.018894
45456570.000,Miguel,recording,knock_twice_right,17,-0.616334,7.147877,6.238072,-0.142114,-0.001672,0.021431
45456580.000,Miguel,recording,knock_twice_right,17,-0.642022,7.097167,6.464378,-0.134781,0.023208,0.025622
45456590.000,Miguel,recording,knock_twice_right,17,-0.647674,7.089235,6.609676,-0.107027,0.042591,0.027692
45456600.000,Miguel,recording,knock_twice_right,17,-0.627752,7.109373,6.664549,-0.072019,0.062116,0.028862
45456610.000,Miguel,recording,knock_twice_right,17,-0.598538,7.141775,6.640653,-0.038748,0.082963,0.029637
45456620.000,Miguel,recording,knock_twice_right,17,-0.554583,7.176246,6.563108,-0.016766,0.100384,0.026576
45456630.000,Miguel,recording,knock_twice_right,17,-0.528921,7.249392,6.534011,-0.010746,0.108587,0.016904
45456640.000,Miguel,recording,knock_twice_right,17,-0.557206,7.332722,6.542290,-0.017638,0.101110,0.003831
45456650.000,Miguel,recording,knock_twice_right,17,-0.653007,7.389626,6.570666,-0.031460,0.078060,-0.003517
45456660.000,Miguel,recording,knock_twice_right,17,-0.757593,7.391990,6.602507,-0.048432,0.043220,-0.000998
45456670.000,Miguel,recording,knock_twice_right,17,-0.757067,7.358800,6.624993,-0.065791,0.002242,0.005075
45456680.000,Miguel,recording,knock_twice_right,17,-0.657282,7.311784,6.645999,-0.076456,-0.035066,0.007663
45456690.000,Miguel,recording,knock_twice_right,17,-0.550436,7.268469,6.672159,-0.076553,-0.058105,0.003766
45456700.000,Miguel,recording,knock_twice_right,17,-0.498765,7.246493,6.676231,-0.065678,-0.059907,-0.007805
45456710.000,Miguel,recording,knock_twice_right,17,-0.499362,7.262710,6.695129,-0.044629,-0.043165,-0.024781
45456720.000,Miguel,recording,knock_twice_right,17,-0.570194,7.249863,6.712668,-0.014397,-0.015907,-0.039663
45456730.000,Miguel,recording,knock_twice_right,17,-0.734179,7.234682,6.724100,0.022452,0.016625,-0.044652
45456740.000,Miguel,recording,knock_twice_right,17,-0.913353,7.222389,6.692408,0.058068,0.040528,-0.035536
45456750.000,Miguel,recording,knock_twice_right,17,-0.982746,7.164418,6.585412,0.082562,0.043665,-0.017052
45456760.000,Miguel,recording,knock_twice_right,17,-0.911349,7.128453,6.456095,0.090274,0.034285,-0.002428
45456770.000,Miguel,recording,knock_twice_right,17,-0.776110,7.143926,6.366531,0.082220,0.022821,0.002110
45456780.000,Miguel,recording,knock_twice_right,17,-0.703021,7.159620,6.300811,0.063261,0.012123,-0.000690
45456790.000,Miguel,recording,knock_twice_right,17,-0.658148,7.163659,6.271407,0.038508,0.000553,-0.009349
45456800.000,Miguel,recording,knock_twice_right,17,-0.595394,7.179142,6.252955,0.012012,-0.008011,-0.021701
45456810.000,Miguel,recording,knock_twice_right,17,-0.575302,7.234478,6.302397,-0.011764,-0.008186,-0.036794
45456820.000,Miguel,recording,knock_twice_right,17,-0.686527,7.354624,6.413350,-0.028834,-0.008801,-0.050251
45456830.000,Miguel,recording,knock_twice_right,17,-0.907748,7.388077,6.539402,-0.034686,-0.022045,-0.052168
45456840.000,Miguel,recording,knock_twice_right,17,-1.020450,7.355708,6.591214,-0.029007,-0.039144,-0.039895
45456850.000,Miguel,recording,knock_twice_right,17,-0.934764,7.352041,6.562537,-0.017876,-0.038625,-0.020405
45456860.000,Miguel,recording,knock_twice_right,17,-0.764636,7.401346,6.522285,-0.002944,-0.014743,-0.004753
45456870.000,Miguel,recording,knock_twice_right,17,-0.723518,7.416841,6.520283,0.013827,0.010597,0.003618
45456880.000,Miguel,recording,knock_twice_right,17,-0.798578,7.359669,6.506699,0.026754,0.019682,0.008300
45456890.000,Miguel,recording,knock_twice_right,17,-0.832541,7.345674,6.455558,0.030608,0.021195,0.013643
45456900.000,Miguel,recording,knock_twice_right,17,-0.793163,7.356631,6.440188,0.027503,0.022061,0.018044
45456910.000,Miguel,recording,knock_twice_right,17,-0.756685,7.352105,6.460260,0.023351,0.022437,0.018647
45456920.000,Miguel,recording,knock_twice_right,17,-0.806287,7.319420,6.487674,0.018205,0.020103,0.018863
45456930.000,Miguel,recording,knock_twice_right,17,-0.845945,7.254241,6.486586,0.012338,0.009524,0.019568
45456940.000,Miguel,recording,knock_twice_right,17,-0.817893,7.213790,6.458268,0.005226,-0.002390,0.018642
45456950.000,Miguel,recording,knock_twice_right,17,-0.754064,7.210131,6.428326,-0.002699,-0.007097,0.014828
45456960.000,Miguel,recording,knock_twice_right,17,-0.728601,7.189981,6.444350,-0.006965,-0.006216,0.009500
45456970.000,Miguel,recording,knock_twice_right,17,-0.752459,7.179204,6.511651,-0.002846,0.000984,0.004774
45456980.000,Miguel,recording,knock_twice_right,17,-0.806396,7.228503,6.560371,0.008525,0.011477,0.003737
45456990.000,Miguel,recording,knock_twice_right,17,-0.863997,7.238699,6.558625,0.021702,0.018702,0.008589
45457000.000,Miguel,recording,knock_twice_right,17,-0.832606,7.234879,6.525690,0.030025,0.022303,0.016230
45457010.000,Miguel,recording,knock_twice_right,17,-0.743959,7.269177,6.524057,0.031938,0.025640,0.020081
45457020.000,Miguel,recording,knock_twice_right,17,-0.713964,7.307655,6.558750,0.031444,0.022409,0.018261
45457030.000,Miguel,recording,knock_twice_right,17,-0.735188,7.326105,6.534964,0.028733,0.009246,0.015589
45457040.000,Miguel,recording,knock_twice_right,17,-0.752802,7.329878,6.483158,0.022026,-0.004687,0.014781
45457050.000,Miguel,recording,knock_twice_right,17,-0.736076,7.354926,6.480666,0.012980,-0.014257,0.014765
45457060.000,Miguel,recording,knock_twice_right,17,-0.703326,7.360182,6.513807,0.007015,-0.021015,0.014765
45457070.000,Miguel,recording,knock_twice_right,17,-0.682273,7.297676,6.528007,0.008245,-0.025974,0.013518
45457080.000,Miguel,recording,knock_twice_right,17,-0.669414,7.252401,6.501542,0.015948,-0.026810,0.012073
45457090.000,Miguel,recording,knock_twice_right,17,-0.646555,7.226767,6.436206,0.023545,-0.023099,0.011444
45457100.000,Miguel,recording,knock_twice_right,17,-0.620036,7.220047,6.408021,0.028898,-0.015328,0.010269
45457110.000,Miguel,recording,knock_twice_right,17,-0.596985,7.246283,6.406980,0.033913,-0.005235,0.008536
45457120.000,Miguel,recording,knock_twice_right,17,-0.593362,7.252552,6.379338,0.037863,0.005486,0.006260
45457130.000,Miguel,recording,knock_twice_right,17,-0.600987,7.230422,6.342666,0.038268,0.014340,0.003752
45457140.000,Miguel,recording,knock_twice_right,17,-0.618878,7.218157,6.315496,0.033779,0.017410,-0.000061
45457150.000,Miguel,recording,knock_twice_right,17,-0.656437,7.204291,6.306981,0.023804,0.013385,-0.003849
45457160.000,Miguel,recording,knock_twice_right,17,-0.674286,7.189850,6.322130,0.012468,0.005453,-0.006047
45457170.000,Miguel,recording,knock_twice_right,17,-0.635470,7.191516,6.359036,0.005243,0.001476,-0.010365
45457180.000,Miguel,recording,knock_twice_right,17,-0.621717,7.218479,6.406461,0.000088,0.005413,-0.018677
45457190.000,Miguel,recording,knock_twice_right,17,-0.674801,7.250405,6.459992,-0.001129,0.012079,-0.027140
45457200.000,Miguel,recording,knock_twice_right,17,-0.726966,7.250770,6.476934,0.001771,0.016132,-0.030084
45457210.000,Miguel,recording,knock_twice_right,17,-0.750155,7.268974,6.447893,0.001183,0.020898,-0.028791
45457220.000,Miguel,recording,knock_twice_right,17,-0.743348,7.288722,6.425404,-0.005258,0.025988,-0.029139
45457230.000,Miguel,recording,knock_twice_right,17,-0.721359,7.264680,6.421100,-0.013274,0.026281,-0.033626
45457240.000,Miguel,recording,knock_twice_right,17,-0.718947,7.281766,6.449276,-0.021901,0.023567,-0.039874
45457250.000,Miguel,recording,knock_twice_right,17,-0.807920,7.336021,6.512356,-0.029549,0.014997,-0.042806
45457260.000,Miguel,recording,knock_twice_right,17,-0.909603,7.337748,6.551096,-0.032116,-0.004089,-0.038455
45457270.000,Miguel,recording,knock_twice_right,17,-0.947587,7.333852,6.519549,-0.031619,-0.022709,-0.029148
45457280.000,Miguel,recording,knock_twice_right,17,-0.889512,7.346230,6.485599,-0.031676,-0.030509,-0.021485
45457290.000,Miguel,recording,knock_twice_right,17,-0.773990,7.326288,6.439934,-0.032019,-0.026564,-0.018919
45457300.000,Miguel,recording,knock_twice_right,17,-0.690041,7.318918,6.412837,-0.030625,-0.011212,-0.020662
45457310.000,Miguel,recording,knock_twice_right,17,-0.756147,7.341004,6.437928,-0.027553,0.004272,-0.022050
45457320.000,Miguel,recording,knock_twice_right,17,-0.912224,7.334991,6.479030,-0.024703,0.006744,-0.015206
45457330.000,Miguel,recording,knock_twice_right,17,-0.973790,7.318733,6.502593,-0.022576,-0.005910,0.000081
45457340.000,Miguel,recording,knock_twice_right,17,-0.878916,7.348773,6.483507,-0.020771,-0.020640,0.014607
45457350.000,Miguel,recording,knock_twice_right,17,-0.745326,7.409143,6.470424,-0.018786,-0.023115,0.019144
45457360.000,Miguel,recording,knock_twice_right,17,-0.723929,7.439284,6.499756,-0.016403,-0.017553,0.016327
45457370.000,Miguel,recording,knock_twice_right,17,-0.816529,7.377349,6.563470,-0.010764,-0.013914,0.016933
45457380.000,Miguel,recording,knock_twice_right,17,-0.835865,7.303053,6.585728,0.000892,-0.014251,0.020930
45457390.000,Miguel,recording,knock_twice_right,17,-0.714912,7.287505,6.542247,0.014810,-0.009490,0.021099
45457400.000,Miguel,recording,knock_twice_right,17,-0.556996,7.251532,6.434094,0.025593,0.007687,0.012776
45457410.000,Miguel,recording,knock_twice_right,17,-0.497102,7.232783,6.329497,0.029779,0.036338,-0.006220
45457420.000,Miguel,recording,knock_twice_right,17,-0.671837,7.256959,6.349012,0.027162,0.060487,-0.024188
45457430.000,Miguel,recording,knock_twice_right,17,-0.977546,7.223459,6.447423,0.022900,0.054503,-0.022728
45457440.000,Miguel,recording,knock_twice_right,17,-1.105958,7.157654,6.457370,0.017085,0.021750,-0.002483
45457450.000,Miguel,recording,knock_twice_right,17,-0.935963,7.187479,6.377749,0.006298,-0.007344,0.018214
45457460.000,Miguel,recording,knock_twice_right,17,-0.679786,7.285667,6.310682,-0.010012,-0.018591,0.025974
45457470.000,Miguel,recording,knock_twice_right,17,-0.559686,7.292484,6.318527,-0.029888,-0.020370,0.020145
45457480.000,Miguel,recording,knock_twice_right,17,-0.568649,7.234579,6.406479,-0.046590,-0.023805,0.007386
45457490.000,Miguel,recording,knock_twice_right,17,-0.630796,7.200575,6.544862,-0.052949,-0.032697,-0.004812
45457500.000,Miguel,recording,knock_twice_right,17,-0.728590,7.207263,6.661085,-0.045947,-0.040797,-0.012703
45457510.000,Miguel,recording,knock_twice_right,17,-0.784620,7.209987,6.669832,-0.029284,-0.040159,-0.012265
45457520.000,Miguel,recording,knock_twice_right,17,-0.746733,7.210540,6.611064,-0.008612,-0.028074,-0.006457
45457530.000,Miguel,recording,knock_twice_right,17,-0.654360,7.258355,6.568028,0.009029,-0.005597,-0.003652
45457540.000,Miguel,recording,knock_twice_right,17,-0.648640,7.314733,6.539256,0.021049,0.018750,-0.006843
45457550.000,Miguel,recording,knock_twice_right,17,-0.751889,7.332744,6.531519,0.027584,0.029285,-0.009766
45457560.000,Miguel,recording,knock_twice_right,17,-0.857876,7.297681,6.527711,0.027801,0.020590,-0.006048
45457570.000,Miguel,recording,knock_twice_right,17,-0.867876,7.297304,6.471832,0.023205,0.002864,0.001723
45457580.000,Miguel,recording,knock_twice_right,17,-0.801307,7.319538,6.392989,0.015672,-0.010804,0.008124
45457590.000,Miguel,recording,knock_twice_right,17,-0.734718,7.308034,6.314258,0.006302,-0.014040,0.012956
45457600.000,Miguel,recording,knock_twice_right,17,-0.706489,7.285021,6.316480,-0.003191,-0.005094,0.014662
45457610.000,Miguel,recording,knock_twice_right,17,-0.710688,7.272365,6.385578,-0.009027,0.006480,0.012268
45457620.000,Miguel,recording,knock_twice_right,17,-0.744693,7.269075,6.424254,-0.011761,0.009489,0.009978
45457630.000,Miguel,recording,knock_twice_right,17,-0.779962,7.271650,6.431303,-0.015047,0.005427,0.009948
45457640.000,Miguel,recording,knock_twice_right,17,-0.778136,7.247912,6.426253,-0.020123,-0.004660,0.010581
45457650.000,Miguel,recording,knock_twice_right,17,-0.752995,7.229451,6.431101,-0.026297,-0.016989,0.008987
45457660.000,Miguel,recording,knock_twice_right,17,-0.714771,7.226814,6.425356,-0.030749,-0.022184,0.005210
45457670.000,Miguel,recording,knock_twice_right,17,-0.686012,7.232902,6.442828,-0.031370,-0.016254,0.001456
45457680.000,Miguel,recording,knock_twice_right,17,-0.665155,7.227877,6.458670,-0.029740,-0.004092,0.000490
45457690.000,Miguel,recording,knock_twice_right,17,-0.687897,7.229246,6.482353,-0.028406,0.005989,0.001651
45457700.000,Miguel,recording,knock_twice_right,17,-0.728113,7.239154,6.542958,-0.026618,0.006504,0.002787
45457710.000,Miguel,recording,knock_twice_right,17,-0.727949,7.262712,6.562842,-0.023402,-0.004482,0.005118
45457720.000,Miguel,recording,knock_twice_right,17,-0.721084,7.278324,6.565134,-0.020173,-0.017242,0.005474
45457730.000,Miguel,recording,knock_twice_right,17,-0.730575,7.277796,6.613089,-0.015730,-0.020429,0.003446
45457740.000,Miguel,recording,knock_twice_right,17,-0.741625,7.261786,6.710076,-0.000578,-0.012730,0.004429
45457750.000,Miguel,recording,knock_twice_right,17,-0.711480,7.228724,6.721783,0.028132,0.005126,0.009510
45457760.000,Miguel,recording,knock_twice_right,17,-0.621331,7.228897,6.624961,0.057908,0.030627,0.011668
45457770.000,Miguel,recording,knock_twice_right,17,-0.518826,7.234143,6.513231,0.075034,0.052813,0.004207
45457780.000,Miguel,recording,knock_twice_right,17,-0.512094,7.231701,6.441679,0.073432,0.058379,-0.010123
45457790.000,Miguel,recording,knock_twice_right,17,-0.587988,7.217717,6.363814,0.056537,0.042025,-0.026693
45457800.000,Miguel,recording,knock_twice_right,17,-0.718579,7.219658,6.301862,0.031703,0.014259,-0.040164
45457810.000,Miguel,recording,knock_twice_right,17,-0.824167,7.235301,6.288326,0.003907,-0.007035,-0.043926
45457820.000,Miguel,recording,knock_twice_right,17,-0.853491,7.237580,6.317670,-0.019505,-0.014068,-0.037692
45457830.000,Miguel,recording,knock_twice_right,17,-0.831895,7.229050,6.347719,-0.033916,-0.012566,-0.028192
45457840.000,Miguel,recording,knock_twice_right,17,-0.788608,7.218335,6.340527,-0.044226,-0.008446,-0.021089
45457850.000,Miguel,recording,knock_twice_right,17,-0.720250,7.214808,6.341008,-0.054060,-0.003625,-0.019987
45457860.000,Miguel,recording,knock_twice_right,17,-0.673480,7.223732,6.404104,-0.060040,-0.000055,-0.025146
45457870.000,Miguel,recording,knock_twice_right,17,-0.675769,7.236684,6.465962,-0.057871,0.002667,-0.031682
45457880.000,Miguel,recording,knock_twice_right,17,-0.701960,7.234251,6.487493,-0.047617,0.007509,-0.038450
45457890.000,Miguel,recording,knock_twice_right,17,-1.066691,7.207937,6.499892,-0.033061,0.027490,-0.066640
45457900.000,Miguel,recording,knock_twice_right,17,-1.914695,7.657490,6.401078,-0.021033,0.039720,-0.054239
45457910.000,Miguel,recording,knock_twice_right,17,-1.736028,7.765292,6.366865,-0.009830,0.007969,0.031998
45457920.000,Miguel,recording,knock_twice_right,17,-1.202100,7.514331,6.337105,-0.012881,-0.012499,0.100029
45457930.000,Miguel,recording,knock_twice_right,17,-0.545975,7.428325,6.288808,-0.036234,-0.012642,0.108293
45457940.000,Miguel,recording,knock_twice_right,17,-0.155228,7.416408,6.313166,-0.066295,-0.015918,0.075975
45457950.000,Miguel,recording,knock_twice_right,17,-0.241458,7.274381,6.427756,-0.094096,0.005843,0.035497
45457960.000,Miguel,recording,knock_twice_right,17,-0.424537,7.131825,6.648774,-0.100171,0.044574,0.005175
45457970.000,Miguel,recording,knock_twice_right,17,-0.714843,7.111952,6.873833,-0.077483,0.064353,-0.004026
45457980.000,Miguel,recording,knock_twice_right,17,-0.951003,7.046083,6.962832,-0.042062,0.054529,0.010820
45457990.000,Miguel,recording,knock_twice_right,17,-0.945910,6.984061,6.917778,-0.010714,0.030998,0.035187
45458000.000,Miguel,recording,knock_twice_right,17,-0.710423,7.000399,6.785919,0.009162,0.000626,0.051043
45458010.000,Miguel,recording,knock_twice_right,17,-0.454134,7.053290,6.633581,0.015547,-0.022684,0.046801
45458020.000,Miguel,recording,knock_twice_right,17,-0.334431,7.088848,6.551942,0.011929,-0.028990,0.026601
45458030.000,Miguel,recording,knock_twice_right,17,-0.334799,7.097750,6.547011,0.007543,-0.024685,-0.000214
45458040.000,Miguel,recording,knock_twice_right,17,-0.412019,7.098413,6.558348,0.006017,-0.021857,-0.026990
45458050.000,Miguel,recording,knock_twice_right,17,-0.528423,7.107228,6.555188,0.006021,-0.022227,-0.045319
45458060.000,Miguel,recording,knock_twice_right,17,-0.674816,7.083089,6.538053,0.006329,-0.024270,-0.061591
45458070.000,Miguel,recording,knock_twice_right,17,-0.905295,7.108758,6.478037,0.005549,-0.014945,-0.077361
45458080.000,Miguel,recording,knock_twice_right,17,-0.986610,7.400819,6.367544,0.010456,-0.005363,-0.061086
45458090.000,Miguel,recording,knock_twice_right,17,-0.825583,7.420409,6.324403,0.018132,0.015945,-0.027079
45458100.000,Miguel,recording,knock_twice_right,17,-0.722431,7.290065,6.331050,0.017043,0.053741,-0.020406
45458110.000,Miguel,recording,knock_twice_right,17,-0.830319,7.327655,6.366790,0.002607,0.054883,-0.028366
45458120.000,Miguel,recording,knock_twice_right,17,-1.064556,7.332187,6.498000,-0.022722,0.009915,-0.022861
45458130.000,Miguel,recording,knock_twice_right,17,-1.164593,7.265569,6.604855,-0.045795,-0.046738,-0.001255
45458140.000,Miguel,recording,knock_twice_right,17,-1.007618,7.279735,6.665913,-0.052371,-0.079243,0.021214
45458150.000,Miguel,recording,knock_twice_right,17,-0.799499,7.336235,6.730552,-0.039200,-0.076277,0.030634
45458160.000,Miguel,recording,knock_twice_right,17,-0.715436,7.339300,6.753217,-0.013724,-0.045347,0.030464
45458170.000,Miguel,recording,knock_twice_right,17,-0.721628,7.285857,6.765357,0.017132,-0.009893,0.028456
45458180.000,Miguel,recording,knock_twice_right,17,-0.721436,7.217309,6.737178,0.046194,0.008084,0.023269
45458190.000,Miguel,recording,knock_twice_right,17,-0.679077,7.178484,6.633564,0.067032,0.011148,0.012716
45458200.000,Miguel,recording,knock_twice_right,17,-0.679319,7.199655,6.507957,0.074449,0.008897,-0.001008
45458210.000,Miguel,recording,knock_twice_right,17,-0.830952,7.236810,6.426793,0.069091,0.002968,-0.007736
45458220.000,Miguel,recording,knock_twice_right,17,-0.948884,7.222124,6.381530,0.059317,-0.006643,0.001873
45458230.000,Miguel,recording,knock_twice_right,17,-0.881399,7.213259,6.313279,0.045285,-0.014107,0.019325
45458240.000,Miguel,recording,knock_twice_right,17,-0.671677,7.230456,6.252329,0.024225,-0.012276,0.027653
45458250.000,Miguel,recording,knock_twice_right,17,-0.569973,7.301795,6.256651,0.001737,-0.006474,0.020538
45458260.000,Miguel,recording,knock_twice_right,17,-0.688173,7.309320,6.351107,-0.016965,-0.006182,0.010625
45458270.000,Miguel,recording,knock_twice_right,17,-0.827283,7.233560,6.424708,-0.030033,-0.010110,0.012009
45458280.000,Miguel,recording,knock_twice_right,17,-0.799682,7.199318,6.461058,-0.035462,-0.010261,0.020111
45458290.000,Miguel,recording,knock_twice_right,17,-0.645479,7.192022,6.473440,-0.033040,-0.001014,0.021409
45458300.000,Miguel,recording,knock_twice_right,17,-0.562855,7.180787,6.488580,-0.027004,0.015915,0.014458
45458310.000,Miguel,recording,knock_twice_right,17,-0.664637,7.178460,6.556337,-0.022280,0.024626,0.009628
45458320.000,Miguel,recording,knock_twice_right,17,-0.826065,7.177973,6.625115,-0.017841,0.005945,0.011632
45458330.000,Miguel,recording,knock_twice_right,17,-0.891637,7.190364,6.578608,-0.015989,-0.028690,0.019335
45458340.000,Miguel,recording,knock_twice_right,17,-0.797327,7.235762,6.521250,-0.020790,-0.047683,0.026641
45458350.000,Miguel,recording,knock_twice_right,17,-0.693405,7.307346,6.570850,-0.023490,-0.047468,0.029081
45458360.000,Miguel,recording,knock_twice_right,17,-0.682159,7.285327,6.652226,-0.015937,-0.043507,0.028822
45458370.000,Miguel,recording,knock_twice_right,17,-0.664426,7.224704,6.651205,-0.001863,-0.036552,0.027140
45458380.000,Miguel,recording,knock_twice_right,17,-0.570129,7.204775,6.576190,0.013660,-0.021553,0.020866
45458390.000,Miguel,recording,knock_twice_right,17,-0.423666,7.188773,6.471012,0.026066,0.005495,0.004273
45458400.000,Miguel,recording,knock_twice_right,17,-0.364499,7.206142,6.405881,0.030610,0.043218,-0.019440
45458410.000,Miguel,recording,knock_twice_right,17,-0.572898,7.283318,6.461595,0.027504,0.069027,-0.035026
45458420.000,Miguel,recording,knock_twice_right,17,-0.956885,7.253357,6.557437,0.023966,0.053465,-0.029103
45458430.000,Miguel,recording,knock_twice_right,17,-1.154112,7.160763,6.521057,0.016919,0.005758,-0.003262
45458440.000,Miguel,recording,knock_twice_right,17,-0.971747,7.198021,6.413135,0.000653,-0.033663,0.024115
45458450.000,Miguel,recording,knock_twice_right,17,-0.654789,7.297529,6.355852,-0.019225,-0.046710,0.034679
45458460.000,Miguel,recording,knock_twice_right,17,-0.506135,7.296860,6.379704,-0.038730,-0.040214,0.029692
45458470.000,Miguel,recording,knock_twice_right,17,-0.552996,7.211851,6.496154,-0.051524,-0.031748,0.019122
45458480.000,Miguel,recording,knock_twice_right,17,-0.631093,7.155635,6.606649,-0.050040,-0.030667,0.010628
45458490.000,Miguel,recording,knock_twice_right,17,-0.642159,7.171363,6.669953,-0.035371,-0.025639,0.006454
45458500.000,Miguel,recording,knock_twice_right,17,-0.618488,7.223402,6.697960,-0.012123,-0.012047,0.001652
45458510.000,Miguel,recording,knock_twice_right,17,-0.612916,7.231672,6.654277,0.012838,0.003280,-0.004669
45458520.000,Miguel,recording,knock_twice_right,17,-0.627865,7.207266,6.575728,0.030753,0.018706,-0.010441
45458530.000,Miguel,recording,knock_twice_right,17,-0.683829,7.222767,6.554698,0.039427,0.026716,-0.015311
45458540.000,Miguel,recording,knock_twice_right,17,-0.751306,7.234238,6.552615,0.042371,0.018878,-0.016129
45458550.000,Miguel,recording,knock_twice_right,17,-0.808160,7.231847,6.509741,0.039215,0.004317,-0.011170
45458560.000,Miguel,recording,knock_twice_right,17,-0.812546,7.248006,6.461000,0.028891,-0.008311,-0.002245
45458570.000,Miguel,recording,knock_twice_right,17,-0.756943,7.235986,6.426854,0.016146,-0.017304,0.006163
45458580.000,Miguel,recording,knock_twice_right,17,-0.679674,7.223062,6.438424,0.003985,-0.020428,0.010609
45458590.000,Miguel,recording,knock_twice_right,17,-0.602110,7.213461,6.462581,-0.006043,-0.020456,0.008733
45458600.000,Miguel,recording,knock_twice_right,17,-0.562433,7.199264,6.460438,-0.013018,-0.017959,-0.000454
45458610.000,Miguel,recording,knock_twice_right,17,-0.579548,7.199163,6.472215,-0.017143,-0.009172,-0.012099
45458620.000,Miguel,recording,knock_twice_right,17,-0.649264,7.200585,6.495791,-0.017620,0.001986,-0.019775
45458630.000,Miguel,recording,knock_twice_right,17,-0.723908,7.183729,6.527095,-0.013457,0.009157,-0.019863
45458640.000,Miguel,recording,knock_twice_right,17,-0.745330,7.171615,6.564223,-0.007660,0.011816,-0.015520
45458650.000,Miguel,recording,knock_twice_right,17,-0.732959,7.190829,6.590390,-0.002736,0.011663,-0.012112
45458660.000,Miguel,recording,knock_twice_right,17,-0.707640,7.199253,6.619740,0.001775,0.008479,-0.010692
45458670.000,Miguel,recording,knock_twice_right,17,-0.683865,7.211675,6.627708,0.003355,0.004635,-0.011040
45458680.000,Miguel,recording,knock_twice_right,17,-0.663645,7.262155,6.636522,0.001830,0.003034,-0.014296
45458690.000,Miguel,recording,knock_twice_right,17,-0.682768,7.268444,6.711766,0.001781,-0.001938,-0.018774
45458700.000,Miguel,recording,knock_twice_right,17,-0.714953,7.237768,6.798743,0.008892,-0.012709,-0.020047
45458710.000,Miguel,recording,knock_twice_right,17,-0.709075,7.231347,6.846325,0.023999,-0.016660,-0.017456
45458720.000,Miguel,recording,knock_twice_right,18,-0.667921,7.221474,6.856245,0.046467,-0.007438,-0.013247
45458730.000,Miguel,recording,knock_twice_right,18,-0.588191,7.255284,6.871461,0.074813,0.012604,-0.006835
45458740.000,Miguel,recording,knock_twice_right,18,-0.474349,7.319530,6.962040,0.113022,0.043670,-0.004121
45458750.000,Miguel,recording,knock_twice_right,18,-0.421974,7.410323,7.069459,0.166840,0.085546,-0.012597
45458760.000,Miguel,recording,knock_twice_right,18,-0.578077,7.538574,7.079318,0.230656,0.139678,-0.019956
45458770.000,Miguel,recording,knock_twice_right,18,-0.907807,7.648028,7.018444,0.295528,0.199873,-0.003559
45458780.000,Miguel,recording,knock_twice_right,18,-1.124212,7.864074,6.846593,0.342522,0.259492,0.046174
45458790.000,Miguel,recording,knock_twice_right,18,-0.946822,8.189910,6.702786,0.354318,0.308580,0.113074
45458800.000,Miguel,recording,knock_twice_right,18,-0.508003,8.412859,6.669175,0.336408,0.320425,0.168786
45458810.000,Miguel,recording,knock_twice_right,18,-0.027813,8.472515,6.731973,0.305137,0.277743,0.190183
45458820.000,Miguel,recording,knock_twice_right,18,0.366892,8.491417,6.728003,0.269036,0.182721,0.171632
45458830.000,Miguel,recording,knock_twice_right,18,0.548355,8.443330,6.545266,0.229760,0.052774,0.128890
45458840.000,Miguel,recording,knock_twice_right,18,0.557754,8.360380,6.237848,0.187293,-0.073091,0.079865
45458850.000,Miguel,recording,knock_twice_right,18,0.529602,8.306386,5.963763,0.140400,-0.150860,0.039776
45458860.000,Miguel,recording,knock_twice_right,18,0.454342,8.223885,5.830679,0.099981,-0.163565,0.016238
45458870.000,Miguel,recording,knock_twice_right,18,0.287198,8.093556,5.768715,0.069186,-0.117935,0.008068
45458880.000,Miguel,recording,knock_twice_right,18,0.083039,7.905110,5.744279,0.031632,-0.041413,0.013736
45458890.000,Miguel,recording,knock_twice_right,18,-0.024673,7.715044,5.860960,-0.022186,0.003266,0.026747
45458900.000,Miguel,recording,knock_twice_right,18,0.064769,7.526106,6.090971,-0.082925,-0.027419,0.034437
45458910.000,Miguel,recording,knock_twice_right,18,0.328177,7.333965,6.331676,-0.131014,-0.112971,0.020285
45458920.000,Miguel,recording,knock_twice_right,18,0.669873,7.143592,6.491782,-0.144256,-0.202790,-0.026615
45458930.000,Miguel,recording,knock_twice_right,18,1.020439,7.123431,6.567823,-0.111795,-0.246675,-0.099134
45458940.000,Miguel,recording,knock_twice_right,18,1.378340,7.386223,6.601553,-0.041515,-0.216120,-0.185100
45458950.000,Miguel,recording,knock_twice_right,18,1.779995,7.914965,6.667892,0.059672,-0.128469,-0.282463
45458960.000,Miguel,recording,knock_twice_right,18,2.089285,8.571617,6.806766,0.184277,-0.023532,-0.391699
45458970.000,Miguel,recording,knock_twice_right,18,1.867808,8.953056,6.976650,0.323281,0.086756,-0.503134
45458980.000,Miguel,recording,knock_twice_right,18,0.931274,8.820196,7.128991,0.468875,0.193941,-0.585434
45458990.000,Miguel,recording,knock_twice_right,18,-0.267184,8.541595,7.031730,0.600759,0.255851,-0.593402
45459000.000,Miguel,recording,knock_twice_right,18,-1.104411,8.495868,6.500094,0.676032,0.255139,-0.506744
45459010.000,Miguel,recording,knock_twice_right,18,-1.287048,8.703999,5.785055,0.650819,0.210088,-0.360153
45459020.000,Miguel,recording,knock_twice_right,18,-0.901697,8.865674,5.261446,0.520032,0.119705,-0.220887
45459030.000,Miguel,recording,knock_twice_right,18,-0.348883,8.758526,5.082230,0.319923,-0.022742,-0.140331
45459040.000,Miguel,recording,knock_twice_right,18,0.055262,8.503222,5.301068,0.109302,-0.192667,-0.129641
45459050.000,Miguel,recording,knock_twice_right,18,0.300091,8.236145,5.746060,-0.053877,-0.347307,-0.165332
45459060.000,Miguel,recording,knock_twice_right,18,0.266843,8.079849,6.188818,-0.134237,-0.448462,-0.210051
45459070.000,Miguel,recording,knock_twice_right,18,0.005531,8.012655,6.529079,-0.124848,-0.473103,-0.238770
45459080.000,Miguel,recording,knock_twice_right,18,-0.312310,7.959433,6.610420,-0.050273,-0.433611,-0.237372
45459090.000,Miguel,recording,knock_twice_right,18,-0.585694,7.949716,6.417001,0.039958,-0.353128,-0.197892
45459100.000,Miguel,recording,knock_twice_right,18,-0.623889,7.867739,6.247399,0.106984,-0.257195,-0.129369
45459110.000,Miguel,recording,knock_twice_right,18,-0.356832,7.634920,6.310181,0.144453,-0.191509,-0.068239
45459120.000,Miguel,recording,knock_twice_right,18,0.015136,7.302403,6.570872,0.161468,-0.174752,-0.054131
45459130.000,Miguel,recording,knock_twice_right,18,0.206469,6.868547,6.976365,0.185416,-0.214514,-0.095930
45459140.000,Miguel,recording,knock_twice_right,18,0.072349,6.527881,7.249969,0.251179,-0.300931,-0.183807
45459150.000,Miguel,recording,knock_twice_right,18,-0.138892,6.479764,7.114321,0.364434,-0.357037,-0.296783
45459160.000,Miguel,recording,knock_twice_right,18,-0.254367,6.988100,6.863115,0.507859,-0.332672,-0.401235
45459170.000,Miguel,recording,knock_twice_right,18,-0.679672,7.790657,6.568565,0.645527,-0.280323,-0.452681
45459180.000,Miguel,recording,knock_twice_right,18,-1.506300,8.081671,6.318361,0.748935,-0.273919,-0.413819
45459190.000,Miguel,recording,knock_twice_right,18,-2.504545,7.529655,6.036166,0.808384,-0.325432,-0.269047
45459200.000,Miguel,recording,knock_twice_right,18,-2.934285,6.782594,5.419449,0.804170,-0.415852,-0.051010
45459210.000,Miguel,recording,knock_twice_right,18,-2.612387,6.516826,4.720331,0.717146,-0.519030,0.172709
45459220.000,Miguel,recording,knock_twice_right,18,-1.867651,6.701096,4.286403,0.566177,-0.605652,0.340745
45459230.000,Miguel,recording,knock_twice_right,18,-1.087942,6.920548,4.075574,0.394133,-0.670266,0.425531
45459240.000,Miguel,recording,knock_twice_right,18,-0.594234,6.967101,3.947349,0.218871,-0.735502,0.441821
45459250.000,Miguel,recording,knock_twice_right,18,-0.654280,6.889130,3.883345,0.038729,-0.830882,0.420844
45459260.000,Miguel,recording,knock_twice_right,18,-1.267364,6.605087,3.924237,-0.145950,-0.948104,0.401850
45459270.000,Miguel,recording,knock_twice_right,18,-1.974012,6.209775,3.936814,-0.334731,-1.052476,0.417085
45459280.000,Miguel,recording,knock_twice_right,18,-2.530015,6.010257,3.971648,-0.527980,-1.103829,0.480661
45459290.000,Miguel,recording,knock_twice_right,18,-2.774555,5.884088,4.286241,-0.711672,-1.076675,0.589976
45459300.000,Miguel,recording,knock_twice_right,18,-2.707215,5.662778,4.775117,-0.866203,-1.002165,0.731410
45459310.000,Miguel,recording,knock_twice_right,18,-2.412459,5.374654,5.309308,-0.977401,-0.938683,0.883117
45459320.000,Miguel,recording,knock_twice_right,18,-1.850747,4.960129,5.814401,-1.038185,-0.907210,1.016981
45459330.000,Miguel,recording,knock_twice_right,18,-1.059006,4.548413,6.315263,-1.046233,-0.887502,1.094877
45459340.000,Miguel,recording,knock_twice_right,18,-0.195906,4.360634,6.747656,-1.001232,-0.864192,1.078519
45459350.000,Miguel,recording,knock_twice_right,18,0.538360,4.412423,7.038924,-0.905546,-0.830582,0.951507
45459360.000,Miguel,recording,knock_twice_right,18,0.864370,4.660573,7.227949,-0.769148,-0.754879,0.728508
45459370.000,Miguel,recording,knock_twice_right,18,0.699034,4.960966,7.410933,-0.601869,-0.612713,0.453314
45459380.000,Miguel,recording,knock_twice_right,18,0.249843,5.138646,7.518146,-0.403169,-0.440924,0.189448
45459390.000,Miguel,recording,knock_twice_right,18,-0.227755,5.231028,7.407324,-0.190685,-0.276843,-0.013809
45459400.000,Miguel,recording,knock_twice_right,18,-0.530058,5.276380,7.094766,0.003910,-0.110432,-0.160012
45459410.000,Miguel,recording,knock_twice_right,18,-0.667487,5.470429,6.747958,0.162320,0.056109,-0.284503
45459420.000,Miguel,recording,knock_twice_right,18,-0.832611,5.791960,6.526488,0.283139,0.212496,-0.412888
45459430.000,Miguel,recording,knock_twice_right,18,-1.007787,6.130216,6.496782,0.386342,0.348151,-0.552367
45459440.000,Miguel,recording,knock_twice_right,18,-1.406232,6.686449,6.265025,0.471810,0.400199,-0.682373
45459450.000,Miguel,recording,knock_twice_right,18,-2.060211,7.125941,5.599475,0.492945,0.325764,-0.759657
45459460.000,Miguel,recording,knock_twice_right,18,-2.683951,7.257910,4.993771,0.427677,0.157732,-0.760063
45459470.000,Miguel,recording,knock_twice_right,18,-3.161781,7.388476,4.647020,0.295371,-0.073018,-0.698362
45459480.000,Miguel,recording,knock_twice_right,18,-3.405204,7.489332,4.514881,0.129905,-0.330129,-0.606726
45459490.000,Miguel,recording,knock_twice_right,18,-3.370905,7.614132,4.562993,-0.032807,-0.531821,-0.521677
45459500.000,Miguel,recording,knock_twice_right,18,-3.153400,7.829339,4.614712,-0.181978,-0.583717,-0.470941
45459510.000,Miguel,recording,knock_twice_right,18,-3.003900,8.008929,4.736658,-0.314276,-0.424253,-0.454288
45459520.000,Miguel,recording,knock_twice_right,18,-3.084837,8.265092,5.096258,-0.411945,-0.126166,-0.448541
45459530.000,Miguel,recording,knock_twice_right,18,-3.318111,8.570984,5.315314,-0.481035,0.158562,-0.419623
45459540.000,Miguel,recording,knock_twice_right,18,-3.595629,8.641354,5.370626,-0.550259,0.349836,-0.334349
45459550.000,Miguel,recording,knock_twice_right,18,-3.862547,8.535680,5.624593,-0.628434,0.447436,-0.172588
45459560.000,Miguel,recording,knock_twice_right,18,-4.050032,8.364715,6.186684,-0.694988,0.484448,0.061291
45459570.000,Miguel,recording,knock_twice_right,18,-3.979880,7.930143,6.905640,-0.719685,0.495748,0.335239
45459580.000,Miguel,recording,knock_twice_right,18,-3.481757,7.185671,7.396885,-0.700312,0.508005,0.592335
45459590.000,Miguel,recording,knock_twice_right,18,-2.610534,6.501847,7.591347,-0.658422,0.524891,0.773562
45459600.000,Miguel,recording,knock_twice_right,18,-1.564390,6.172764,7.730381,-0.598627,0.533872,0.840207
45459610.000,Miguel,recording,knock_twice_right,18,-0.616234,6.082216,7.768597,-0.515579,0.532310,0.786451
45459620.000,Miguel,recording,knock_twice_right,18,-0.130815,6.015633,7.880538,-0.396803,0.562785,0.643861
45459630.000,Miguel,recording,knock_twice_right,18,-0.059214,5.989492,8.197429,-0.212811,0.687774,0.466451
45459640.000,Miguel,recording,knock_twice_right,18,-0.077018,6.073233,8.393993,0.041711,0.918138,0.314185
45459650.000,Miguel,recording,knock_twice_right,18,-0.156603,6.322877,8.318823,0.341008,1.212236,0.224008
45459660.000,Miguel,recording,knock_twice_right,18,-0.302085,6.811061,7.816695,0.624234,1.487585,0.203120
45459670.000,Miguel,recording,knock_twice_right,18,-0.454476,7.376819,6.798629,0.798458,1.634979,0.246891
45459680.000,Miguel,recording,knock_twice_right,18,-0.627366,7.793892,5.605126,0.788628,1.612794,0.336915
45459690.000,Miguel,recording,knock_twice_right,18,-0.749869,8.001760,4.726771,0.581331,1.461354,0.447081
45459700.000,Miguel,recording,knock_twice_right,18,-0.636142,7.994987,4.280504,0.215721,1.236323,0.557747
45459710.000,Miguel,recording,knock_twice_right,18,-0.249827,7.878670,4.320346,-0.241880,1.000066,0.646180
45459720.000,Miguel,recording,knock_twice_right,18,0.318947,7.759485,5.078062,-0.708708,0.819941,0.686159
45459730.000,Miguel,recording,knock_twice_right,18,0.763811,7.680456,6.527782,-1.089986,0.725742,0.668483
45459740.000,Miguel,recording,knock_twice_right,18,0.906633,7.516627,8.294405,-1.297936,0.708644,0.615136
45459750.000,Miguel,recording,knock_twice_right,18,0.917491,7.253440,9.905074,-1.299505,0.764583,0.559988
45459760.000,Miguel,recording,knock_twice_right,18,1.044578,7.091413,10.954638,-1.119372,0.875855,0.517399
45459770.000,Miguel,recording,knock_twice_right,18,1.275712,7.153746,11.336156,-0.807658,1.002729,0.482034
45459780.000,Miguel,recording,knock_twice_right,18,1.542891,7.390940,11.184166,-0.431607,1.125930,0.439735
45459790.000,Miguel,recording,knock_twice_right,18,1.767359,7.645556,10.606260,-0.053303,1.237504,0.361666
45459800.000,Miguel,recording,knock_twice_right,18,1.650015,7.896509,9.714430,0.253685,1.307677,0.242366
45459810.000,Miguel,recording,knock_twice_right,18,1.099161,8.152284,8.797329,0.431854,1.316641,0.124609
45459820.000,Miguel,recording,knock_twice_right,18,0.352383,8.394724,8.119722,0.488110,1.265773,0.049592
45459830.000,Miguel,recording,knock_twice_right,18,-0.214088,8.613033,7.614944,0.447574,1.155194,0.031502
45459840.000,Miguel,recording,knock_twice_right,18,-0.511745,8.764558,7.177128,0.337003,0.993316,0.060283
45459850.000,Miguel,recording,knock_twice_right,18,-0.623571,8.874481,6.971066,0.189275,0.803206,0.115410
45459860.000,Miguel,recording,knock_twice_right,18,-0.618289,8.935540,7.019898,0.044165,0.598354,0.184507
45459870.000,Miguel,recording,knock_twice_right,18,-0.554034,8.905534,7.194246,-0.060831,0.393026,0.261506
45459880.000,Miguel,recording,knock_twice_right,18,-0.352347,8.784966,7.294180,-0.115949,0.226251,0.338377
45459890.000,Miguel,recording,knock_twice_right,18,-0.022385,8.703416,7.357360,-0.127794,0.118043,0.400877
45459900.000,Miguel,recording,knock_twice_right,18,0.175529,8.629071,7.442611,-0.098993,0.058946,0.439955
45459910.000,Miguel,recording,knock_twice_right,18,0.106940,8.496544,7.513444,-0.045461,0.050984,0.464782
45459920.000,Miguel,recording,knock_twice_right,18,-0.031580,8.355752,7.597696,0.015516,0.075919,0.494245
45459930.000,Miguel,recording,knock_twice_right,18,-0.150185,8.280939,7.594050,0.071134,0.071813,0.540958
45459940.000,Miguel,recording,knock_twice_right,18,-0.254333,8.156882,7.528720,0.108924,0.002125,0.605823
45459950.000,Miguel,recording,knock_twice_right,18,-0.288160,7.852844,7.410122,0.125233,-0.125340,0.677081
45459960.000,Miguel,recording,knock_twice_right,18,-0.189190,7.533604,7.236543,0.123542,-0.288411,0.729250
45459970.000,Miguel,recording,knock_twice_right,18,-0.014439,7.377917,7.057191,0.114645,-0.457563,0.745085
45459980.000,Miguel,recording,knock_twice_right,18,0.174600,7.335715,6.828207,0.100339,-0.590348,0.732250
45459990.000,Miguel,recording,knock_twice_right,18,0.338452,7.311832,6.590735,0.072350,-0.657763,0.708692
45460000.000,Miguel,recording,knock_twice_right,18,0.443088,7.285259,6.466774,0.034212,-0.680816,0.686356
45460010.000,Miguel,recording,knock_twice_right,18,0.470690,7.174970,6.431707,0.001133,-0.702776,0.668649
45460020.000,Miguel,recording,knock_twice_right,18,0.531493,6.982019,6.475983,-0.010812,-0.732699,0.659414
45460030.000,Miguel,recording,knock_twice_right,18,0.729300,6.755180,6.519369,0.012167,-0.748703,0.653775
45460040.000,Miguel,recording,knock_twice_right,18,1.059839,6.582201,6.414560,0.067544,-0.725931,0.630720
45460050.000,Miguel,recording,knock_twice_right,18,1.351100,6.557472,6.152248,0.130613,-0.654520,0.577621
45460060.000,Miguel,recording,knock_twice_right,18,1.495340,6.606037,5.917858,0.181536,-0.557374,0.497593
45460070.000,Miguel,recording,knock_twice_right,18,1.454568,6.597372,5.758894,0.222272,-0.466046,0.406925
45460080.000,Miguel,recording,knock_twice_right,18,1.272818,6.577479,5.602920,0.255637,-0.381740,0.325224
45460090.000,Miguel,recording,knock_twice_right,18,1.126754,6.675858,5.514739,0.280063,-0.282164,0.264472
45460100.000,Miguel,recording,knock_twice_right,18,1.137425,6.849726,5.533509,0.301673,-0.143814,0.232700
45460110.000,Miguel,recording,knock_twice_right,18,1.264298,6.914802,5.609948,0.324629,0.020533,0.223033
45460120.000,Miguel,recording,knock_twice_right,18,1.364079,6.858339,5.680217,0.343222,0.176545,0.211442
45460130.000,Miguel,recording,knock_twice_right,18,1.333950,6.779298,5.764146,0.348509,0.302165,0.184911
45460140.000,Miguel,recording,knock_twice_right,18,1.202616,6.686146,5.834784,0.338236,0.377438,0.150785
45460150.000,Miguel,recording,knock_twice_right,18,1.083420,6.605266,5.896044,0.319265,0.398657,0.122182
45460160.000,Miguel,recording,knock_twice_right,18,1.053871,6.578393,5.940632,0.298871,0.384522,0.103460
45460170.000,Miguel,recording,knock_twice_right,18,1.063879,6.640190,6.003419,0.283511,0.353874,0.085164
45460180.000,Miguel,recording,knock_twice_right,18,1.012299,6.763444,6.096754,0.271864,0.312126,0.062361
45460190.000,Miguel,recording,knock_twice_right,18,0.874308,6.916571,6.122150,0.254959,0.250936,0.036367
45460200.000,Miguel,recording,knock_twice_right,18,0.696763,7.071646,6.059288,0.228334,0.160504,0.010309
45460210.000,Miguel,recording,knock_twice_right,18,0.512167,7.217578,5.920126,0.188347,0.053094,-0.005252
45460220.000,Miguel,recording,knock_twice_right,18,0.382499,7.342865,5.742464,0.131893,-0.049878,0.001595
45460230.000,Miguel,recording,knock_twice_right,18,0.335758,7.432364,5.629845,0.062025,-0.135668,0.030634
45460240.000,Miguel,recording,knock_twice_right,18,0.397970,7.474587,5.648906,-0.009420,-0.197154,0.072370
45460250.000,Miguel,recording,knock_twice_right,18,0.536893,7.423025,5.752670,-0.067835,-0.233847,0.113168
45460260.000,Miguel,recording,knock_twice_right,18,0.717382,7.342833,5.845618,-0.109508,-0.252112,0.141066
45460270.000,Miguel,recording,knock_twice_right,18,0.846125,7.335858,5.871378,-0.142000,-0.250958,0.151121
45460280.000,Miguel,recording,knock_twice_right,18,0.886259,7.369739,5.927027,-0.168818,-0.230208,0.143730
45460290.000,Miguel,recording,knock_twice_right,18,0.841592,7.355698,6.058285,-0.181880,-0.200626,0.128425
45460300.000,Miguel,recording,knock_twice_right,18,0.745588,7.311630,6.219786,-0.174245,-0.160936,0.118859
45460310.000,Miguel,recording,knock_twice_right,18,0.659715,7.328324,6.452897,-0.144284,-0.099397,0.120152
45460320.000,Miguel,recording,knock_twice_right,18,0.621493,7.358917,6.723525,-0.091024,-0.020837,0.130064
45460330.000,Miguel,recording,knock_twice_right,18,0.669315,7.328167,6.912843,-0.016579,0.047151,0.145722
45460340.000,Miguel,recording,knock_twice_right,18,0.780664,7.261901,6.906099,0.070479,0.091650,0.156682
45460350.000,Miguel,recording,knock_twice_right,18,0.927137,7.216969,6.711966,0.148496,0.127409,0.152563
45460360.000,Miguel,recording,knock_twice_right,18,1.080522,7.236598,6.476610,0.196594,0.164587,0.130301
45460370.000,Miguel,recording,knock_twice_right,18,1.150201,7.298935,6.256610,0.206905,0.193473,0.088979
45460380.000,Miguel,recording,knock_twice_right,18,1.088026,7.304793,6.117006,0.183084,0.196251,0.035626
45460390.000,Miguel,recording,knock_twice_right,18,0.969973,7.253021,6.089047,0.134149,0.159765,-0.019908
45460400.000,Miguel,recording,knock_twice_right,18,0.844483,7.247686,6.142851,0.077867,0.096827,-0.067648
45460410.000,Miguel,recording,knock_twice_right,18,0.729487,7.303385,6.225771,0.032876,0.033126,-0.102115
45460420.000,Miguel,recording,knock_twice_right,18,0.645779,7.367414,6.239679,-0.001327,-0.020151,-0.123246
45460430.000,Miguel,recording,knock_twice_right,18,0.541805,7.439427,6.121376,-0.035051,-0.060336,-0.130768
45460440.000,Miguel,recording,knock_twice_right,18,0.394430,7.509601,6.044430,-0.073917,-0.092525,-0.127601
45460450.000,Miguel,recording,knock_twice_right,18,0.226645,7.551775,6.067098,-0.113761,-0.120482,-0.110745
45460460.000,Miguel,recording,knock_twice_right,18,0.127637,7.532110,6.190039,-0.139744,-0.143296,-0.076032
45460470.000,Miguel,recording,knock_twice_right,18,0.143653,7.480485,6.326706,-0.142477,-0.154361,-0.031343
45460480.000,Miguel,recording,knock_twice_right,18,0.256636,7.454715,6.405735,-0.126404,-0.143131,0.010041
45460490.000,Miguel,recording,knock_twice_right,18,0.412199,7.448402,6.374136,-0.101894,-0.107932,0.038481
45460500.000,Miguel,recording,knock_twice_right,18,0.535380,7.459289,6.286465,-0.083198,-0.059592,0.053077
45460510.000,Miguel,recording,knock_twice_right,18,0.576224,7.470755,6.275991,-0.074491,-0.011374,0.057851
45460520.000,Miguel,recording,knock_twice_right,18,0.577164,7.439659,6.352351,-0.068145,0.024266,0.056971
45460530.000,Miguel,recording,knock_twice_right,18,0.580357,7.388475,6.417652,-0.060545,0.042207,0.057172
45460540.000,Miguel,recording,knock_twice_right,18,0.642922,7.364827,6.436955,-0.054268,0.048022,0.058510
45460550.000,Miguel,recording,knock_twice_right,18,0.732902,7.358720,6.463616,-0.053491,0.042939,0.053513
45460560.000,Miguel,recording,knock_twice_right,18,0.793479,7.366612,6.509907,-0.058486,0.026180,0.038689
45460570.000,Miguel,recording,knock_twice_right,18,0.751784,7.368252,6.597421,-0.063394,0.000822,0.019098
45460580.000,Miguel,recording,knock_twice_right,18,0.632398,7.392533,6.725652,-0.060521,-0.022234,0.004350
45460590.000,Miguel,recording,knock_twice_right,18,0.547777,7.437524,6.832590,-0.043466,-0.035904,0.001297
45460600.000,Miguel,recording,knock_twice_right,18,0.522409,7.475481,6.855649,-0.012084,-0.043104,0.010641
45460610.000,Miguel,recording,knock_twice_right,18,0.548820,7.491599,6.804855,0.027458,-0.041745,0.025796
45460620.000,Miguel,recording,knock_twice_right,18,0.595347,7.478971,6.659692,0.064513,-0.032739,0.036520
45460630.000,Miguel,recording,knock_twice_right,18,0.673134,7.441844,6.497898,0.090540,-0.022106,0.038192
45460640.000,Miguel,recording,knock_twice_right,18,0.767850,7.444931,6.339529,0.101978,-0.008980,0.031094
45460650.000,Miguel,recording,knock_twice_right,18,0.825075,7.467816,6.260791,0.097677,0.009205,0.013817
45460660.000,Miguel,recording,knock_twice_right,18,0.807026,7.483806,6.282130,0.081513,0.027394,-0.013604
45460670.000,Miguel,recording,knock_twice_right,18,0.681008,7.516881,6.355837,0.062269,0.032845,-0.042805
45460680.000,Miguel,recording,knock_twice_right,18,0.491303,7.531983,6.460050,0.046760,0.017413,-0.058774
45460690.000,Miguel,recording,knock_twice_right,18,0.336895,7.526410,6.517671,0.038733,-0.014590,-0.054532
45460700.000,Miguel,recording,knock_twice_right,18,0.271148,7.524866,6.506938,0.039153,-0.056896,-0.033411
45460710.000,Miguel,recording,knock_twice_right,18,0.308247,7.513837,6.419610,0.044960,-0.097293,-0.004934
45460720.000,Miguel,recording,knock_twice_right,18,0.433690,7.486109,6.295950,0.051783,-0.117610,0.021894
45460730.000,Miguel,recording,knock_twice_right,18,0.589148,7.458535,6.199402,0.058659,-0.108327,0.040856
45460740.000,Miguel,recording,knock_twice_right,18,0.730511,7.423585,6.137896,0.068356,-0.069250,0.045037
45460750.000,Miguel,recording,knock_twice_right,18,0.819554,7.410011,6.103966,0.077993,-0.009015,0.033048
45460760.000,Miguel,recording,knock_twice_right,18,0.838990,7.422925,6.091797,0.085439,0.057209,0.011803
45460770.000,Miguel,recording,knock_twice_right,18,0.778102,7.420424,6.116005,0.091950,0.115325,-0.007048
45460780.000,Miguel,recording,knock_twice_right,18,0.676347,7.407681,6.147882,0.094357,0.157544,-0.018649
45460790.000,Miguel,recording,knock_twice_right,18,0.561483,7.403952,6.183727,0.084200,0.173877,-0.020970
45460800.000,Miguel,recording,knock_twice_right,18,0.489259,7.381362,6.207474,0.061284,0.149585,-0.015373
45460810.000,Miguel,recording,knock_twice_right,18,0.467950,7.331372,6.205933,0.031165,0.087407,-0.009562
45460820.000,Miguel,recording,knock_twice_right,18,0.471758,7.297006,6.245630,-0.001611,0.011873,-0.007442
45460830.000,Miguel,recording,knock_twice_right,18,0.509811,7.278975,6.337317,-0.024646,-0.057312,-0.007810
45460840.000,Miguel,recording,knock_twice_right,18,0.578782,7.289038,6.383035,-0.029885,-0.109124,-0.008605
45460850.000,Miguel,recording,knock_twice_right,18,0.631403,7.303046,6.360650,-0.020497,-0.126371,-0.010485
45460860.000,Miguel,recording,knock_twice_right,18,0.668396,7.327786,6.314974,-0.002212,-0.103633,-0.012524
45460870.000,Miguel,recording,knock_twice_right,18,0.698684,7.329951,6.285683,0.023142,-0.057576,-0.013387
45460880.000,Miguel,recording,knock_twice_right,18,0.734436,7.325266,6.225027,0.049600,-0.004051,-0.014037
45460890.000,Miguel,recording,knock_twice_right,18,0.762053,7.356125,6.179430,0.066571,0.052112,-0.016785
45460900.000,Miguel,recording,knock_twice_right,18,0.776139,7.373028,6.198344,0.074848,0.100125,-0.023834
45460910.000,Miguel,recording,knock_twice_right,18,0.776420,7.345639,6.226457,0.078844,0.125741,-0.034853
45460920.000,Miguel,recording,knock_twice_right,18,0.737432,7.350089,6.262527,0.077095,0.130411,-0.047560
45460930.000,Miguel,recording,knock_twice_right,18,0.673165,7.364705,6.309567,0.071364,0.123216,-0.057840
45460940.000,Miguel,recording,knock_twice_right,18,0.424778,7.339793,6.292784,0.064595,0.113610,-0.078203
45460950.000,Miguel,recording,knock_twice_right,18,-0.014067,7.606327,6.166298,0.056181,0.105548,-0.080644
45460960.000,Miguel,recording,knock_twice_right,18,-0.143457,7.808585,6.143353,0.056042,0.100015,-0.039780
45460970.000,Miguel,recording,knock_twice_right,18,-0.054600,7.744010,6.174720,0.066265,0.117202,0.005234
45460980.000,Miguel,recording,knock_twice_right,18,0.215889,7.610373,6.129181,0.069403,0.138814,0.028777
45460990.000,Miguel,recording,knock_twice_right,18,0.480492,7.529169,6.091303,0.058592,0.129687,0.031030
45461000.000,Miguel,recording,knock_twice_right,18,0.595082,7.495984,6.104692,0.036329,0.098990,0.022827
45461010.000,Miguel,recording,knock_twice_right,18,0.615868,7.469127,6.167737,0.008345,0.057495,0.013133
45461020.000,Miguel,recording,knock_twice_right,18,0.567040,7.431050,6.239244,-0.015481,0.008789,0.007189
45461030.000,Miguel,recording,knock_twice_right,18,0.534055,7.419360,6.282103,-0.030380,-0.041362,0.007205
45461040.000,Miguel,recording,knock_twice_right,18,0.570841,7.414133,6.324033,-0.039025,-0.092704,0.006029
45461050.000,Miguel,recording,knock_twice_right,18,0.655992,7.393420,6.337165,-0.042910,-0.130308,-0.000646
45461060.000,Miguel,recording,knock_twice_right,18,0.725067,7.435952,6.347322,-0.036150,-0.132356,-0.009059
45461070.000,Miguel,recording,knock_twice_right,18,0.747504,7.466847,6.382099,-0.014364,-0.101356,-0.017541
45461080.000,Miguel,recording,knock_twice_right,18,0.729828,7.452617,6.376583,0.017459,-0.050378,-0.024194
45461090.000,Miguel,recording,knock_twice_right,18,0.725528,7.437496,6.293992,0.046955,0.007020,-0.028826
45461100.000,Miguel,recording,knock_twice_right,18,0.750211,7.410306,6.225273,0.066723,0.053709,-0.036938
45461110.000,Miguel,recording,knock_twice_right,18,0.764190,7.408015,6.181975,0.078014,0.075348,-0.050559
45461120.000,Miguel,recording,knock_twice_right,18,0.713868,7.413533,6.126180,0.080824,0.073389,-0.067457
45461130.000,Miguel,recording,knock_twice_right,18,0.542228,7.443970,6.060856,0.071733,0.058757,-0.085687
45461140.000,Miguel,recording,knock_twice_right,18,0.201883,7.579653,5.969223,0.054515,0.049118,-0.092421
45461150.000,Miguel,recording,knock_twice_right,18,-0.200538,7.776791,5.850752,0.034243,0.059024,-0.072264
45461160.000,Miguel,recording,knock_twice_right,18,-0.482221,7.915947,5.786525,0.016765,0.089629,-0.025565
45461170.000,Miguel,recording,knock_twice_right,18,-0.568542,7.943793,5.853070,0.006372,0.122747,0.034434
45461180.000,Miguel,recording,knock_twice_right,18,-0.432427,7.847018,5.992019,-0.000694,0.131071,0.090308
45461190.000,Miguel,recording,knock_twice_right,18,-0.074749,7.642463,6.098546,-0.010752,0.097864,0.126361
45461200.000,Miguel,recording,knock_twice_right,18,0.453257,7.459957,6.155016,-0.028910,0.029176,0.134514
45461210.000,Miguel,recording,knock_twice_right,18,0.927529,7.373874,6.210056,-0.055133,-0.044114,0.116037
45461220.000,Miguel,recording,knock_twice_right,18,1.109816,7.346212,6.359588,-0.080412,-0.090343,0.077456
45461230.000,Miguel,recording,knock_twice_right,18,0.968835,7.300813,6.592317,-0.088230,-0.111024,0.030193
45461240.000,Miguel,recording,knock_twice_right,18,0.778237,7.246863,6.685387,-0.075887,-0.115474,-0.008528
45461250.000,Miguel,recording,knock_twice_right,18,0.692913,7.311698,6.689900,-0.049214,-0.095233,-0.028415
45461260.000,Miguel,recording,knock_twice_right,18,0.670821,7.424142,6.696232,-0.012865,-0.052225,-0.033482
45461270.000,Miguel,recording,knock_twice_right,18,0.656133,7.453235,6.690387,0.032111,-0.000936,-0.032401
45461280.000,Miguel,recording,knock_twice_right,18,0.596525,7.428288,6.651314,0.081041,0.043526,-0.030034
45461290.000,Miguel,recording,knock_twice_right,18,0.547910,7.406444,6.560628,0.120766,0.072915,-0.025933
45461300.000,Miguel,recording,knock_twice_right,18,0.579673,7.419529,6.408654,0.143204,0.084180,-0.022976
45461310.000,Miguel,recording,knock_twice_right,18,0.645303,7.458910,6.223707,0.145658,0.077310,-0.026677
45461320.000,Miguel,recording,knock_twice_right,18,0.669815,7.479696,6.077015,0.131050,0.054493,-0.037269
45461330.000,Miguel,recording,knock_twice_right,18,0.626231,7.487617,5.998162,0.105000,0.021899,-0.049182
45461340.000,Miguel,recording,knock_twice_right,18,0.570146,7.495391,5.967094,0.075431,-0.012539,-0.056966
45461350.000,Miguel,recording,knock_twice_right,18,0.523129,7.516812,5.953226,0.048171,-0.042462,-0.058031
45461360.000,Miguel,recording,knock_twice_right,18,0.499195,7.562002,5.936195,0.022843,-0.059896,-0.054716
45461370.000,Miguel,recording,knock_twice_right,18,0.479886,7.595348,5.944562,-0.000413,-0.066488,-0.050800
45461380.000,Miguel,recording,knock_twice_right,18,0.460233,7.596394,5.957130,-0.022514,-0.070397,-0.046377
45461390.000,Miguel,recording,knock_twice_right,18,0.429405,7.596201,5.978031,-0.043824,-0.073861,-0.041739
45461400.000,Miguel,recording,knock_twice_right,18,0.394715,7.597978,6.026857,-0.060484,-0.075624,-0.037011
45461410.000,Miguel,recording,knock_twice_right,18,0.391021,7.591370,6.089401,-0.068979,-0.071711,-0.029461
45461420.000,Miguel,recording,knock_twice_right,18,0.393685,7.582052,6.164328,-0.067218,-0.057354,-0.019475
45461430.000,Miguel,recording,knock_twice_right,18,0.388555,7.590812,6.244866,-0.054631,-0.033294,-0.010004
45461440.000,Miguel,recording,knock_twice_right,18,0.394836,7.570424,6.290110,-0.035973,-0.014178,-0.003569
45461450.000,Miguel,recording,knock_twice_right,18,0.412378,7.536146,6.255678,-0.019759,-0.008369,-0.000276
45461460.000,Miguel,recording,knock_twice_right,18,0.449537,7.546522,6.175238,-0.014212,-0.009760,0.000748
45461470.000,Miguel,recording,knock_twice_right,18,0.461034,7.584865,6.180774,-0.020017,-0.015347,0.000853
45461480.000,Miguel,recording,knock_twice_right,18,0.458295,7.568616,6.276709,-0.027799,-0.030404,0.001505
45461490.000,Miguel,recording,knock_twice_right,18,0.453498,7.513211,6.332211,-0.029225,-0.055642,0.002407
45461500.000,Miguel,recording,knock_twice_right,18,0.460856,7.459577,6.323671,-0.024824,-0.077755,0.003708
45461510.000,Miguel,recording,knock_twice_right,18,0.490460,7.495219,6.291139,-0.022629,-0.084841,0.003650
45461520.000,Miguel,recording,knock_twice_right,18,0.495356,7.577549,6.327844,-0.023576,-0.078091,-0.001019
45461530.000,Miguel,recording,knock_twice_right,18,0.442353,7.584035,6.410671,-0.019973,-0.072664,-0.006109
45461540.000,Miguel,recording,knock_twice_right,18,0.408439,7.536003,6.423321,-0.007914,-0.076280,-0.006077
45461550.000,Miguel,recording,knock_twice_right,18,0.449677,7.518566,6.371334,0.009244,-0.079418,-0.003852
45461560.000,Miguel,recording,knock_twice_right,18,0.531980,7.560205,6.276809,0.028864,-0.075175,-0.002916
45461570.000,Miguel,recording,knock_twice_right,18,0.573706,7.587990,6.180945,0.044534,-0.061887,-0.005308
45461580.000,Miguel,recording,knock_twice_right,18,0.559227,7.587631,6.075267,0.048274,-0.042943,-0.010367
45461590.000,Miguel,recording,knock_twice_right,18,0.557116,7.569434,5.982423,0.041081,-0.024756,-0.016831
45461600.000,Miguel,recording,knock_twice_right,18,0.572729,7.553313,5.938844,0.028705,-0.008484,-0.024811
45461610.000,Miguel,recording,knock_twice_right,18,0.547353,7.560274,5.992160,0.014807,0.002944,-0.030634
45461620.000,Miguel,recording,knock_twice_right,18,0.454201,7.559133,6.100159,0.004025,0.005535,-0.030291
45461630.000,Miguel,recording,knock_twice_right,18,0.354376,7.546339,6.230721,0.002010,0.000679,-0.025751
45461640.000,Miguel,recording,knock_twice_right,18,0.308616,7.524514,6.311781,0.009904,-0.012536,-0.017639
45461650.000,Miguel,recording,knock_twice_right,18,0.334467,7.505491,6.289040,0.025968,-0.028982,-0.007710
45461660.000,Miguel,recording,knock_twice_right,18,0.402405,7.488879,6.186145,0.044832,-0.038364,0.000170
45461670.000,Miguel,recording,knock_twice_right,18,0.458025,7.501030,6.028522,0.056162,-0.030195,0.005614
45461680.000,Miguel,recording,knock_twice_right,18,0.471081,7.535125,5.898909,0.050956,-0.003114,0.008494
45461690.000,Miguel,recording,knock_twice_right,18,0.435451,7.562822,5.907086,0.030995,0.027555,0.007219
45461700.000,Miguel,recording,knock_twice_right,18,0.380658,7.553870,6.008352,0.005194,0.042922,0.004473
45461710.000,Miguel,recording,knock_twice_right,18,0.351040,7.503570,6.089551,-0.016468,0.037163,0.008570
45461720.000,Miguel,recording,knock_twice_right,18,0.404395,7.458235,6.112841,-0.029545,0.020352,0.017460
45461730.000,Miguel,recording,knock_twice_right,18,0.507453,7.426499,6.111260,-0.034956,-0.000683,0.024004
45461740.000,Miguel,recording,knock_twice_right,18,0.587013,7.419060,6.153219,-0.034995,-0.019135,0.023950
45461750.000,Miguel,recording,knock_twice_right,18,0.601919,7.442706,6.210121,-0.031250,-0.027462,0.015826
45461760.000,Miguel,recording,knock_twice_right,19,0.550380,7.468668,6.256113,-0.022539,-0.026535,0.003997
45461770.000,Miguel,recording,knock_twice_right,19,0.501517,7.480278,6.256590,-0.011417,-0.018341,-0.004367
45461780.000,Miguel,recording,knock_twice_right,19,0.505787,7.485540,6.209632,-0.000555,-0.003399,-0.006299
45461790.000,Miguel,recording,knock_twice_right,19,0.543446,7.489238,6.171144,0.011703,0.010945,-0.005207
45461800.000,Miguel,recording,knock_twice_right,19,0.547069,7.481666,6.106767,0.023666,0.020352,-0.003799
45461810.000,Miguel,recording,knock_twice_right,19,0.513356,7.508705,6.004224,0.027142,0.029209,-0.002266
45461820.000,Miguel,recording,knock_twice_right,19,0.471237,7.564899,5.995238,0.017688,0.040639,-0.000388
45461830.000,Miguel,recording,knock_twice_right,19,0.419045,7.595194,6.070310,0.001881,0.046380,0.003155
45461840.000,Miguel,recording,knock_twice_right,19,0.396752,7.561424,6.116837,-0.013456,0.039162,0.011776
45461850.000,Miguel,recording,knock_twice_right,19,0.461230,7.531256,6.143247,-0.027908,0.023349,0.022862
45461860.000,Miguel,recording,knock_twice_right,19,0.584337,7.512509,6.148581,-0.039846,0.001481,0.028459
45461870.000,Miguel,recording,knock_twice_right,19,0.670416,7.513102,6.187144,-0.043595,-0.018219,0.023323
45461880.000,Miguel,recording,knock_twice_right,19,0.671303,7.536392,6.251343,-0.039839,-0.022760,0.012426
45461890.000,Miguel,recording,knock_twice_right,19,0.601130,7.535203,6.329888,-0.030459,-0.013701,0.003482
45461900.000,Miguel,recording,knock_twice_right,19,0.532680,7.508505,6.382373,-0.016281,-0.002688,0.000376
45461910.000,Miguel,recording,knock_twice_right,19,0.533345,7.490855,6.334295,-0.001337,0.005027,0.003135
45461920.000,Miguel,recording,knock_twice_right,19,0.604740,7.506913,6.255106,0.007090,0.008859,0.005279
45461930.000,Miguel,recording,knock_twice_right,19,0.668114,7.536995,6.167265,0.003773,0.009500,0.001221
45461940.000,Miguel,recording,knock_twice_right,19,0.674334,7.550687,6.128927,-0.009462,0.006965,-0.011652
45461950.000,Miguel,recording,knock_twice_right,19,0.640534,7.558406,6.167471,-0.025295,0.002775,-0.027340
45461960.000,Miguel,recording,knock_twice_right,19,0.585718,7.548184,6.224416,-0.036597,-0.000218,-0.035476
45461970.000,Miguel,recording,knock_twice_right,19,0.572262,7.541860,6.234991,-0.041596,-0.001766,-0.034494
45461980.000,Miguel,recording,knock_twice_right,19,0.580546,7.545499,6.258274,-0.042722,-0.001798,-0.029667
45461990.000,Miguel,recording,knock_twice_right,19,0.531326,7.558524,6.370154,-0.037905,-0.002413,-0.027309
45462000.000,Miguel,recording,knock_twice_right,19,0.424071,7.556541,6.482846,-0.023461,-0.004221,-0.028202
45462010.000,Miguel,recording,knock_twice_right,19,0.332877,7.532109,6.512702,-0.001246,-0.005917,-0.023658
45462020.000,Miguel,recording,knock_twice_right,19,0.337781,7.530199,6.473926,0.024190,-0.005387,-0.011493
45462030.000,Miguel,recording,knock_twice_right,19,0.443545,7.535394,6.351860,0.047877,-0.002675,-0.000453
45462040.000,Miguel,recording,knock_twice_right,19,0.554605,7.515756,6.180219,0.062739,-0.003370,0.004748
45462050.000,Miguel,recording,knock_twice_right,19,0.626469,7.499788,6.016215,0.060238,-0.004617,0.003809
45462060.000,Miguel,recording,knock_twice_right,19,0.630272,7.529641,5.931773,0.040161,0.001323,-0.002811
45462070.000,Miguel,recording,knock_twice_right,19,0.565660,7.567373,5.985546,0.011826,0.008218,-0.011821
45462080.000,Miguel,recording,knock_twice_right,19,0.467678,7.559552,6.119476,-0.012179,0.007095,-0.016863
45462090.000,Miguel,recording,knock_twice_right,19,0.401491,7.524216,6.264714,-0.024363,-0.003017,-0.013990
45462100.000,Miguel,recording,knock_twice_right,19,0.411318,7.504639,6.371041,-0.021942,-0.019708,-0.006526
45462110.000,Miguel,recording,knock_twice_right,19,0.467688,7.505319,6.373002,-0.010297,-0.037882,0.000638
45462120.000,Miguel,recording,knock_twice_right,19,0.536891,7.508921,6.286077,0.002067,-0.052327,0.003333
45462130.000,Miguel,recording,knock_twice_right,19,0.592410,7.498434,6.153585,0.009740,-0.056793,-0.000495
45462140.000,Miguel,recording,knock_twice_right,19,0.614594,7.500497,6.043053,0.008580,-0.045598,-0.008662
45462150.000,Miguel,recording,knock_twice_right,19,0.612521,7.512827,5.989641,-0.000935,-0.023155,-0.018319
45462160.000,Miguel,recording,knock_twice_right,19,0.565231,7.522268,6.016880,-0.012417,-0.000963,-0.026381
45462170.000,Miguel,recording,knock_twice_right,19,0.451792,7.545334,6.120911,-0.020654,0.017289,-0.028820
45462180.000,Miguel,recording,knock_twice_right,19,0.348363,7.552689,6.243972,-0.023147,0.027373,-0.022081
45462190.000,Miguel,recording,knock_twice_right,19,0.324909,7.531125,6.342628,-0.017024,0.024123,-0.009272
45462200.000,Miguel,recording,knock_twice_right,19,0.402099,7.492135,6.334620,-0.006963,0.009657,0.004789
45462210.000,Miguel,recording,knock_twice_right,19,0.545429,7.460305,6.248139,0.000357,-0.011329,0.013181
45462220.000,Miguel,recording,knock_twice_right,19,0.697883,7.441818,6.144303,0.002797,-0.031012,0.008599
45462230.000,Miguel,recording,knock_twice_right,19,0.747535,7.463682,6.082299,-0.001155,-0.038630,-0.007945
45462240.000,Miguel,recording,knock_twice_right,19,0.666752,7.512053,6.110546,-0.007513,-0.033072,-0.028598
45462250.000,Miguel,recording,knock_twice_right,19,0.515441,7.516767,6.183648,-0.009576,-0.023191,-0.040991
45462260.000,Miguel,recording,knock_twice_right,19,0.428760,7.515750,6.204731,-0.006386,-0.008507,-0.041174
45462270.000,Miguel,recording,knock_twice_right,19,0.421701,7.544514,6.222911,-0.002848,0.010652,-0.034027
45462280.000,Miguel,recording,knock_twice_right,19,0.415095,7.573541,6.297782,0.000165,0.024911,-0.025108
45462290.000,Miguel,recording,knock_twice_right,19,0.396316,7.567554,6.366446,0.005765,0.026519,-0.018872
45462300.000,Miguel,recording,knock_twice_right,19,0.398120,7.523563,6.377289,0.012156,0.016888,-0.011018
45462310.000,Miguel,recording,knock_twice_right,19,0.453478,7.490965,6.317813,0.016697,0.000993,-0.001540
45462320.000,Miguel,recording,knock_twice_right,19,0.534453,7.472476,6.235606,0.016722,-0.019611,0.001819
45462330.000,Miguel,recording,knock_twice_right,19,0.635954,7.443221,6.149514,0.012071,-0.037882,-0.002987
45462340.000,Miguel,recording,knock_twice_right,19,0.702999,7.439591,6.098848,0.005426,-0.046138,-0.015585
45462350.000,Miguel,recording,knock_twice_right,19,0.696635,7.488434,6.129486,0.000775,-0.041774,-0.034857
45462360.000,Miguel,recording,knock_twice_right,19,0.600804,7.530483,6.165419,0.000082,-0.029028,-0.054111
45462370.000,Miguel,recording,knock_twice_right,19,0.481542,7.532143,6.151831,0.001369,-0.014335,-0.062199
45462380.000,Miguel,recording,knock_twice_right,19,0.413060,7.534584,6.162612,0.002849,-0.000426,-0.057438
45462390.000,Miguel,recording,knock_twice_right,19,0.389280,7.566056,6.206684,0.006265,0.008151,-0.047607
45462400.000,Miguel,recording,knock_twice_right,19,0.420368,7.562145,6.191350,0.008934,0.007385,-0.039112
45462410.000,Miguel,recording,knock_twice_right,19,0.464610,7.505331,6.133536,0.006356,0.000186,-0.033400
45462420.000,Miguel,recording,knock_twice_right,19,0.516884,7.476482,6.072867,-0.002178,-0.010598,-0.029796
45462430.000,Miguel,recording,knock_twice_right,19,0.533544,7.481513,6.034664,-0.018493,-0.022582,-0.029535
45462440.000,Miguel,recording,knock_twice_right,19,0.483185,7.507934,6.078474,-0.039927,-0.028538,-0.030386
45462450.000,Miguel,recording,knock_twice_right,19,0.439679,7.487916,6.209486,-0.056387,-0.030060,-0.027976
45462460.000,Miguel,recording,knock_twice_right,19,0.436953,7.465029,6.371517,-0.057663,-0.031884,-0.024147
45462470.000,Miguel,recording,knock_twice_right,19,0.451019,7.480999,6.506623,-0.040452,-0.030503,-0.020991
45462480.000,Miguel,recording,knock_twice_right,19,0.473847,7.487137,6.542661,-0.010824,-0.024319,-0.016892
45462490.000,Miguel,recording,knock_twice_right,19,0.490785,7.489475,6.456332,0.018390,-0.017062,-0.012072
45462500.000,Miguel,recording,knock_twice_right,19,0.519618,7.484087,6.307673,0.036203,-0.010604,-0.010041
45462510.000,Miguel,recording,knock_twice_right,19,0.551124,7.501497,6.183896,0.037077,-0.005429,-0.012001
45462520.000,Miguel,recording,knock_twice_right,19,0.533779,7.515859,6.174822,0.025857,-0.006981,-0.015633
45462530.000,Miguel,recording,knock_twice_right,19,0.470188,7.503644,6.277631,0.015792,-0.021290,-0.018101
45462540.000,Miguel,recording,knock_twice_right,19,0.434429,7.472907,6.381454,0.015295,-0.044411,-0.016955
45462550.000,Miguel,recording,knock_twice_right,19,0.477222,7.467008,6.368613,0.021050,-0.062514,-0.014280
45462560.000,Miguel,recording,knock_twice_right,19,0.566053,7.486492,6.287568,0.025359,-0.067910,-0.015318
45462570.000,Miguel,recording,knock_twice_right,19,0.631251,7.508204,6.212409,0.026541,-0.063246,-0.022265
45462580.000,Miguel,recording,knock_twice_right,19,0.640989,7.512031,6.178298,0.026393,-0.051009,-0.031726
45462590.000,Miguel,recording,knock_twice_right,19,0.608975,7.501217,6.198475,0.027859,-0.037780,-0.037888
45462600.000,Miguel,recording,knock_twice_right,19,0.563563,7.484915,6.219310,0.033446,-0.031593,-0.040116
45462610.000,Miguel,recording,knock_twice_right,19,0.558510,7.465569,6.183206,0.039529,-0.032785,-0.041032
45462620.000,Miguel,recording,knock_twice_right,19,0.590629,7.459992,6.118875,0.038680,-0.037052,-0.041084
45462630.000,Miguel,recording,knock_twice_right,19,0.624699,7.460297,6.062646,0.028984,-0.043500,-0.041410
45462640.000,Miguel,recording,knock_twice_right,19,0.664040,7.456206,6.057893,0.015874,-0.055822,-0.047126
45462650.000,Miguel,recording,knock_twice_right,19,0.657301,7.453650,6.047952,0.001090,-0.067514,-0.060375
45462660.000,Miguel,recording,knock_twice_right,19,0.628153,7.458325,6.058007,-0.014087,-0.068711,-0.072497
45462670.000,Miguel,recording,knock_twice_right,19,0.608260,7.468725,6.067559,-0.024467,-0.061688,-0.076950
45462680.000,Miguel,recording,knock_twice_right,19,0.592918,7.469293,6.103002,-0.029089,-0.053420,-0.074099
45462690.000,Miguel,recording,knock_twice_right,19,0.585621,7.426875,6.173140,-0.029438,-0.051506,-0.068532
45462700.000,Miguel,recording,knock_twice_right,19,0.609036,7.372102,6.165024,-0.028298,-0.058786,-0.067391
45462710.000,Miguel,recording,knock_twice_right,19,0.679900,7.367809,6.143863,-0.030599,-0.070273,-0.072225
45462720.000,Miguel,recording,knock_twice_right,19,0.721316,7.416070,6.157023,-0.035298,-0.077896,-0.084497
45462730.000,Miguel,recording,knock_twice_right,19,0.663549,7.467727,6.182625,-0.036985,-0.076427,-0.099916
45462740.000,Miguel,recording,knock_twice_right,19,0.552498,7.480231,6.206220,-0.033651,-0.068000,-0.105773
45462750.000,Miguel,recording,knock_twice_right,19,0.475630,7.485924,6.207983,-0.030349,-0.059772,-0.098881
45462760.000,Miguel,recording,knock_twice_right,19,0.446223,7.485977,6.215640,-0.031136,-0.060338,-0.085673
45462770.000,Miguel,recording,knock_twice_right,19,0.463802,7.449101,6.245991,-0.034898,-0.075498,-0.073280
45462780.000,Miguel,recording,knock_twice_right,19,0.545741,7.407221,6.243611,-0.041746,-0.100211,-0.065930
45462790.000,Miguel,recording,knock_twice_right,19,0.655814,7.377708,6.210788,-0.053923,-0.123955,-0.065371
45462800.000,Miguel,recording,knock_twice_right,19,0.735522,7.374779,6.197392,-0.069286,-0.141947,-0.073226
45462810.000,Miguel,recording,knock_twice_right,19,0.753785,7.371140,6.213200,-0.081006,-0.150041,-0.089887
45462820.000,Miguel,recording,knock_twice_right,19,0.742056,7.377242,6.284540,-0.082476,-0.144391,-0.112097
45462830.000,Miguel,recording,knock_twice_right,19,0.707215,7.426832,6.382270,-0.068792,-0.127055,-0.136300
45462840.000,Miguel,recording,knock_twice_right,19,0.610110,7.484977,6.423087,-0.043136,-0.101462,-0.157911
45462850.000,Miguel,recording,knock_twice_right,19,0.432890,7.541697,6.416140,-0.011561,-0.070864,-0.170644
45462860.000,Miguel,recording,knock_twice_right,19,0.232988,7.587600,6.385014,0.018716,-0.042231,-0.166321
45462870.000,Miguel,recording,knock_twice_right,19,0.103310,7.619564,6.293527,0.039442,-0.023745,-0.141489
45462880.000,Miguel,recording,knock_twice_right,19,0.105679,7.628305,6.162728,0.042479,-0.025062,-0.106780
45462890.000,Miguel,recording,knock_twice_right,19,0.223792,7.595840,6.039612,0.023815,-0.050517,-0.077311
45462900.000,Miguel,recording,knock_twice_right,19,0.400100,7.558401,5.976746,-0.013859,-0.087974,-0.064690
45462910.000,Miguel,recording,knock_twice_right,19,0.542352,7.539480,6.014989,-0.058902,-0.122342,-0.070369
45462920.000,Miguel,recording,knock_twice_right,19,0.591291,7.518660,6.160673,-0.091130,-0.148465,-0.086511
45462930.000,Miguel,recording,knock_twice_right,19,0.582162,7.496965,6.335407,-0.099890,-0.159033,-0.104814
45462940.000,Miguel,recording,knock_twice_right,19,0.522678,7.497000,6.482535,-0.085427,-0.144167,-0.121465
45462950.000,Miguel,recording,knock_twice_right,19,0.471627,7.503337,6.556347,-0.051957,-0.109883,-0.133995
45462960.000,Miguel,recording,knock_twice_right,19,0.414107,7.487891,6.546272,-0.010250,-0.072160,-0.137977
45462970.000,Miguel,recording,knock_twice_right,19,0.335021,7.483717,6.501549,0.028012,-0.041777,-0.134004
45462980.000,Miguel,recording,knock_twice_right,19,0.300079,7.448559,6.443725,0.058850,-0.029428,-0.127628
45462990.000,Miguel,recording,knock_twice_right,19,0.341938,7.432759,6.341652,0.079139,-0.038618,-0.120932
45463000.000,Miguel,recording,knock_twice_right,19,0.406871,7.465804,6.187393,0.083228,-0.056578,-0.115939
45463010.000,Miguel,recording,knock_twice_right,19,0.483835,7.539827,6.067666,0.071509,-0.073755,-0.116043
45463020.000,Miguel,recording,knock_twice_right,19,0.530733,7.588955,5.991524,0.047910,-0.087441,-0.119209
45463030.000,Miguel,recording,knock_twice_right,19,0.516836,7.627678,5.936953,0.015658,-0.096558,-0.123652
45463040.000,Miguel,recording,knock_twice_right,19,0.480578,7.675094,5.929462,-0.019248,-0.097855,-0.125231
45463050.000,Miguel,recording,knock_twice_right,19,0.387095,7.679774,5.979729,-0.050617,-0.090305,-0.117194
45463060.000,Miguel,recording,knock_twice_right,19,0.298898,7.643893,6.116725,-0.073619,-0.078403,-0.099537
45463070.000,Miguel,recording,knock_twice_right,19,0.281238,7.587856,6.334674,-0.081337,-0.072139,-0.077511
45463080.000,Miguel,recording,knock_twice_right,19,0.311158,7.529382,6.510457,-0.071455,-0.081312,-0.056799
45463090.000,Miguel,recording,knock_twice_right,19,0.372703,7.492943,6.536920,-0.052937,-0.103849,-0.043195
45463100.000,Miguel,recording,knock_twice_right,19,0.457988,7.484935,6.499940,-0.035218,-0.131327,-0.037550
45463110.000,Miguel,recording,knock_twice_right,19,0.500473,7.482102,6.441802,-0.021299,-0.156510,-0.038019
45463120.000,Miguel,recording,knock_twice_right,19,0.503584,7.473907,6.376796,-0.010244,-0.174139,-0.042612
45463130.000,Miguel,recording,knock_twice_right,19,0.518051,7.469048,6.310760,0.000221,-0.181780,-0.045802
45463140.000,Miguel,recording,knock_twice_right,19,0.556822,7.467687,6.223647,0.008026,-0.177164,-0.049286
45463150.000,Miguel,recording,knock_twice_right,19,0.590540,7.482049,6.162900,0.009724,-0.160294,-0.059102
45463160.000,Miguel,recording,knock_twice_right,19,0.581305,7.499083,6.126407,0.007586,-0.136729,-0.074708
45463170.000,Miguel,recording,knock_twice_right,19,0.551641,7.487108,6.119965,0.003266,-0.113487,-0.090280
45463180.000,Miguel,recording,knock_twice_right,19,0.498406,7.458700,6.180138,0.000510,-0.096958,-0.103592
45463190.000,Miguel,recording,knock_twice_right,19,0.453263,7.438234,6.252015,0.003069,-0.090074,-0.116275
45463200.000,Miguel,recording,knock_twice_right,19,0.384029,7.434526,6.300985,0.007911,-0.090997,-0.126844
45463210.000,Miguel,recording,knock_twice_right,19,0.327028,7.454106,6.338564,0.015515,-0.094233,-0.136188
45463220.000,Miguel,recording,knock_twice_right,19,0.242785,7.509161,6.362481,0.027708,-0.095907,-0.145679
45463230.000,Miguel,recording,knock_twice_right,19,0.150972,7.540007,6.315921,0.040576,-0.094129,-0.151806
45463240.000,Miguel,recording,knock_twice_right,19,0.071055,7.545178,6.226413,0.050311,-0.087783,-0.148786
45463250.000,Miguel,recording,knock_twice_right,19,0.029473,7.562654,6.117194,0.053741,-0.074880,-0.136924
45463260.000,Miguel,recording,knock_twice_right,19,0.046492,7.566730,6.005417,0.045843,-0.060151,-0.122916
45463270.000,Miguel,recording,knock_twice_right,19,0.111231,7.544852,5.915681,0.026991,-0.051163,-0.111156
45463280.000,Miguel,recording,knock_twice_right,19,0.189816,7.535366,5.907297,0.001367,-0.048690,-0.105309
45463290.000,Miguel,recording,knock_twice_right,19,0.216708,7.521619,6.003727,-0.025196,-0.051104,-0.106627
45463300.000,Miguel,recording,knock_twice_right,19,0.171051,7.504021,6.130116,-0.043454,-0.057429,-0.110332
45463310.000,Miguel,recording,knock_twice_right,19,0.117849,7.502595,6.258496,-0.047620,-0.064433,-0.111281
45463320.000,Miguel,recording,knock_twice_right,19,0.052532,7.539654,6.387405,-0.035648,-0.067056,-0.107334
45463330.000,Miguel,recording,knock_twice_right,19,-0.011919,7.581254,6.399777,-0.010404,-0.064732,-0.096362
45463340.000,Miguel,recording,knock_twice_right,19,-0.048989,7.605543,6.292279,0.015438,-0.055058,-0.077790
45463350.000,Miguel,recording,knock_twice_right,19,-0.037000,7.629489,6.159649,0.031218,-0.037009,-0.055097
45463360.000,Miguel,recording,knock_twice_right,19,0.005140,7.647901,6.055158,0.033726,-0.022891,-0.032560
45463370.000,Miguel,recording,knock_twice_right,19,0.065372,7.620199,6.000040,0.022609,-0.019781,-0.014455
45463380.000,Miguel,recording,knock_twice_right,19,0.142483,7.564977,5.996482,0.004546,-0.022286,-0.001658
45463390.000,Miguel,recording,knock_twice_right,19,0.242829,7.525264,6.044184,-0.014205,-0.028340,0.005510
45463400.000,Miguel,recording,knock_twice_right,19,0.326348,7.518222,6.087144,-0.033514,-0.035543,0.004133
45463410.000,Miguel,recording,knock_twice_right,19,0.368122,7.526980,6.184560,-0.049963,-0.041042,-0.006069
45463420.000,Miguel,recording,knock_twice_right,19,0.336357,7.527529,6.313824,-0.053121,-0.046728,-0.019719
45463430.000,Miguel,recording,knock_twice_right,19,0.228317,7.516106,6.428881,-0.040735,-0.050674,-0.027933
45463440.000,Miguel,recording,knock_twice_right,19,0.163569,7.513682,6.474923,-0.020559,-0.047660,-0.025775
45463450.000,Miguel,recording,knock_twice_right,19,0.188026,7.507068,6.446782,0.004954,-0.039543,-0.016734
45463460.000,Miguel,recording,knock_twice_right,19,0.287879,7.507780,6.348796,0.027754,-0.028366,-0.008870
45463470.000,Miguel,recording,knock_twice_right,19,0.385881,7.498793,6.239360,0.037282,-0.015621,-0.007752
45463480.000,Miguel,recording,knock_twice_right,19,0.451659,7.483744,6.174236,0.035284,-0.009632,-0.016911
45463490.000,Miguel,recording,knock_twice_right,19,0.461639,7.478577,6.114507,0.027255,-0.010589,-0.034455
45463500.000,Miguel,recording,knock_twice_right,19,0.382595,7.496880,6.111440,0.016096,-0.012287,-0.052392
45463510.000,Miguel,recording,knock_twice_right,19,0.262823,7.550016,6.188256,0.005523,-0.012083,-0.062385
45463520.000,Miguel,recording,knock_twice_right,19,0.148319,7.577700,6.260972,0.001083,-0.013821,-0.060622
45463530.000,Miguel,recording,knock_twice_right,19,0.077906,7.565556,6.290744,0.005474,-0.019841,-0.049896
45463540.000,Miguel,recording,knock_twice_right,19,0.094286,7.543927,6.291195,0.013568,-0.024873,-0.034202
45463550.000,Miguel,recording,knock_twice_right,19,0.176196,7.533284,6.243917,0.021633,-0.026959,-0.019228
45463560.000,Miguel,recording,knock_twice_right,19,0.265075,7.535970,6.163745,0.026859,-0.027513,-0.013877
45463570.000,Miguel,recording,knock_twice_right,19,0.318189,7.538816,6.066495,0.027495,-0.024943,-0.017600
45463580.000,Miguel,recording,knock_twice_right,19,0.291148,7.562492,6.005162,0.022771,-0.016427,-0.022330
45463590.000,Miguel,recording,knock_twice_right,19,0.234197,7.601633,6.004626,0.012073,-0.002283,-0.024633
45463600.000,Miguel,recording,knock_twice_right,19,0.180296,7.628523,6.030662,-0.001397,0.011720,-0.024029
45463610.000,Miguel,recording,knock_twice_right,19,0.131513,7.629134,6.065093,-0.016052,0.019444,-0.018187
45463620.000,Miguel,recording,knock_twice_right,19,0.071525,7.602979,6.169779,-0.027756,0.017361,-0.005482
45463630.000,Miguel,recording,knock_twice_right,19,0.031035,7.574318,6.290362,-0.028320,0.004356,0.013482
45463640.000,Miguel,recording,knock_twice_right,19,0.070261,7.543048,6.332608,-0.020104,-0.014772,0.036954
45463650.000,Miguel,recording,knock_twice_right,19,0.193946,7.512705,6.272250,-0.012872,-0.030278,0.057967
45463660.000,Miguel,recording,knock_twice_right,19,0.374680,7.496542,6.182479,-0.009544,-0.038288,0.066450
45463670.000,Miguel,recording,knock_twice_right,19,0.490904,7.499718,6.126694,-0.011597,-0.036945,0.058448
45463680.000,Miguel,recording,knock_twice_right,19,0.496413,7.504899,6.126902,-0.018052,-0.022999,0.041661
45463690.000,Miguel,recording,knock_twice_right,19,0.450583,7.504531,6.201061,-0.020494,-0.004996,0.028046
45463700.000,Miguel,recording,knock_twice_right,19,0.393561,7.502491,6.296538,-0.014371,0.008127,0.022076
45463710.000,Miguel,recording,knock_twice_right,19,0.361583,7.505108,6.336539,-0.004925,0.017626,0.021785
45463720.000,Miguel,recording,knock_twice_right,19,0.364730,7.517739,6.341318,0.006159,0.024350,0.023269
45463730.000,Miguel,recording,knock_twice_right,19,0.390552,7.502610,6.315630,0.015448,0.021273,0.023898
45463740.000,Miguel,recording,knock_twice_right,19,0.437167,7.467745,6.259523,0.016254,0.010009,0.021996
45463750.000,Miguel,recording,knock_twice_right,19,0.465530,7.464854,6.199397,0.008779,0.002731,0.014059
45463760.000,Miguel,recording,knock_twice_right,19,0.449408,7.489612,6.219061,-0.001823,0.000344,0.002645
45463770.000,Miguel,recording,knock_twice_right,19,0.390739,7.494136,6.275759,-0.008777,-0.003994,-0.006480
45463780.000,Miguel,recording,knock_twice_right,19,0.327300,7.467666,6.311005,-0.007329,-0.012649,-0.007813
45463790.000,Miguel,recording,knock_twice_right,19,0.330346,7.476438,6.306364,0.000124,-0.021563,-0.002435
45463800.000,Miguel,recording,knock_twice_right,19,0.397554,7.475387,6.239322,0.009493,-0.027166,0.002328
45463810.000,Miguel,recording,knock_twice_right,19,0.460144,7.458407,6.163105,0.016542,-0.023912,0.003093
45463820.000,Miguel,recording,knock_twice_right,19,0.511554,7.465436,6.106526,0.017608,-0.010730,-0.000312
45463830.000,Miguel,recording,knock_twice_right,19,0.551025,7.452841,6.079496,0.015217,0.003529,-0.008265
45463840.000,Miguel,recording,knock_twice_right,19,0.540444,7.460727,6.103676,0.011406,0.016626,-0.018448
45463850.000,Miguel,recording,knock_twice_right,19,0.479050,7.481580,6.182893,0.007327,0.028604,-0.028299
45463860.000,Miguel,recording,knock_twice_right,19,0.376927,7.478867,6.293353,0.008081,0.029602,-0.032741
45463870.000,Miguel,recording,knock_twice_right,19,0.300918,7.458218,6.317699,0.012474,0.016934,-0.028060
45463880.000,Miguel,recording,knock_twice_right,19,0.303697,7.465045,6.305133,0.013404,0.000992,-0.019208
45463890.000,Miguel,recording,knock_twice_right,19,0.262511,7.486689,6.299814,0.011610,-0.013422,-0.011452
45463900.000,Miguel,recording,knock_twice_right,19,-0.585022,7.574730,6.176100,0.006187,-0.013291,0.028862
45463910.000,Miguel,recording,knock_twice_right,19,-0.227446,7.802333,6.078105,0.002963,-0.019590,0.080083
45463920.000,Miguel,recording,knock_twice_right,19,0.522455,7.731655,6.065809,-0.000829,-0.032184,0.086798
45463930.000,Miguel,recording,knock_twice_right,19,0.402267,7.497272,5.920520,-0.017267,-0.012172,0.073755
45463940.000,Miguel,recording,knock_twice_right,19,0.514547,7.418396,5.965039,-0.031696,0.006699,0.054828
45463950.000,Miguel,recording,knock_twice_right,19,0.827090,7.415435,6.123954,-0.034009,0.006556,0.022128
45463960.000,Miguel,recording,knock_twice_right,19,0.888851,7.393952,6.229090,-0.029316,0.015913,-0.016740
45463970.000,Miguel,recording,knock_twice_right,19,0.704840,7.288975,6.331959,-0.018618,0.026110,-0.047627
45463980.000,Miguel,recording,knock_twice_right,19,0.454680,7.259513,6.341010,-0.007917,0.023277,-0.061114
45463990.000,Miguel,recording,knock_twice_right,19,0.339439,7.400183,6.285038,-0.002175,0.016102,-0.058887
45464000.000,Miguel,recording,knock_twice_right,19,0.340791,7.546747,6.235078,-0.001068,0.013371,-0.046066
45464010.000,Miguel,recording,knock_twice_right,19,0.354886,7.536084,6.211963,-0.004654,0.015351,-0.028857
45464020.000,Miguel,recording,knock_twice_right,19,0.386950,7.464580,6.198888,-0.012063,0.014368,-0.015117
45464030.000,Miguel,recording,knock_twice_right,19,0.470035,7.440391,6.220565,-0.020782,0.006825,-0.009074
45464040.000,Miguel,recording,knock_twice_right,19,0.414133,7.424209,6.287255,-0.025064,-0.005965,-0.012492
45464050.000,Miguel,recording,knock_twice_right,19,-1.479015,7.607582,6.234250,-0.034227,-0.001479,0.064203
45464060.000,Miguel,recording,knock_twice_right,19,-1.188231,8.004642,6.356738,-0.027614,-0.042115,0.177135
45464070.000,Miguel,recording,knock_twice_right,19,-0.136965,7.973301,6.342671,-0.010480,-0.108405,0.214583
45464080.000,Miguel,recording,knock_twice_right,19,0.307937,7.704441,6.003602,-0.017730,-0.106721,0.204569
45464090.000,Miguel,recording,knock_twice_right,19,0.863983,7.522918,5.856447,-0.031497,-0.084708,0.154222
45464100.000,Miguel,recording,knock_twice_right,19,1.554171,7.408820,5.947605,-0.037629,-0.058930,0.065047
45464110.000,Miguel,recording,knock_twice_right,19,1.804325,7.347479,6.065786,-0.035803,0.000747,-0.040973
45464120.000,Miguel,recording,knock_twice_right,19,1.254630,7.282234,6.228559,-0.022924,0.086043,-0.114001
45464130.000,Miguel,recording,knock_twice_right,19,0.490390,7.223031,6.385881,0.000184,0.162819,-0.130412
45464140.000,Miguel,recording,knock_twice_right,19,0.120744,7.313265,6.494078,0.022339,0.201743,-0.111152
45464150.000,Miguel,recording,knock_twice_right,19,0.070549,7.515339,6.582122,0.036247,0.195160,-0.077099
45464160.000,Miguel,recording,knock_twice_right,19,0.049854,7.604912,6.649184,0.043863,0.152731,-0.036118
45464170.000,Miguel,recording,knock_twice_right,19,0.068348,7.523969,6.629486,0.046684,0.087347,0.006146
45464180.000,Miguel,recording,knock_twice_right,19,0.146467,7.429758,6.552789,0.041030,0.013047,0.042420
45464190.000,Miguel,recording,knock_twice_right,19,0.346745,7.405071,6.457218,0.028072,-0.060501,0.060992
45464200.000,Miguel,recording,knock_twice_right,19,0.543424,7.440639,6.356032,0.015478,-0.114525,0.057793
45464210.000,Miguel,recording,knock_twice_right,19,0.649095,7.492865,6.270363,0.008023,-0.128961,0.044214
45464220.000,Miguel,recording,knock_twice_right,19,0.680117,7.506052,6.200934,0.007119,-0.105617,0.030699
45464230.000,Miguel,recording,knock_twice_right,19,0.680584,7.494119,6.142707,0.009582,-0.061803,0.019771
45464240.000,Miguel,recording,knock_twice_right,19,0.684318,7.483324,6.107772,0.011566,-0.015748,0.009975
45464250.000,Miguel,recording,knock_twice_right,19,0.659360,7.457384,6.144299,0.013316,0.020568,-0.002158
45464260.000,Miguel,recording,knock_twice_right,19,0.566099,7.452220,6.236081,0.016514,0.038490,-0.013451
45464270.000,Miguel,recording,knock_twice_right,19,0.451906,7.433583,6.344906,0.024068,0.034406,-0.018487
45464280.000,Miguel,recording,knock_twice_right,19,0.371808,7.396425,6.372954,0.035610,0.015184,-0.017135
45464290.000,Miguel,recording,knock_twice_right,19,0.381346,7.406540,6.281093,0.043576,-0.004721,-0.013737
45464300.000,Miguel,recording,knock_twice_right,19,0.429089,7.459725,6.191430,0.041943,-0.017097,-0.016623
45464310.000,Miguel,recording,knock_twice_right,19,0.414484,7.505237,6.189655,0.034982,-0.025314,-0.026549
45464320.000,Miguel,recording,knock_twice_right,19,0.359050,7.493220,6.207400,0.032324,-0.031516,-0.033559
45464330.000,Miguel,recording,knock_twice_right,19,0.323063,7.483817,6.151085,0.034664,-0.031609,-0.031207
45464340.000,Miguel,recording,knock_twice_right,19,0.338351,7.511222,6.044951,0.035056,-0.023881,-0.023957
45464350.000,Miguel,recording,knock_twice_right,19,0.372318,7.570223,5.972117,0.028106,-0.014385,-0.020883
45464360.000,Miguel,recording,knock_twice_right,19,0.299558,7.600457,5.975869,0.013994,-0.006668,-0.019933
45464370.000,Miguel,recording,knock_twice_right,19,0.229591,7.570170,6.008414,-0.000932,-0.003467,-0.012444
45464380.000,Miguel,recording,knock_twice_right,19,0.239389,7.535266,6.027462,-0.010914,-0.005557,0.001867
45464390.000,Miguel,recording,knock_twice_right,19,0.348696,7.513633,6.005270,-0.018451,-0.011107,0.012882
45464400.000,Miguel,recording,knock_twice_right,19,0.455468,7.515246,5.997096,-0.028093,-0.016573,0.013757
45464410.000,Miguel,recording,knock_twice_right,19,0.478031,7.519961,6.095292,-0.036480,-0.016378,0.008471
45464420.000,Miguel,recording,knock_twice_right,19,0.444148,7.484266,6.229475,-0.036891,-0.010063,0.002497
45464430.000,Miguel,recording,knock_twice_right,19,0.438013,7.455287,6.314617,-0.028025,-0.002427,-0.000925
45464440.000,Miguel,recording,knock_twice_right,19,0.475199,7.458475,6.319945,-0.014641,0.005423,-0.005439
45464450.000,Miguel,recording,knock_twice_right,19,0.491130,7.518554,6.288386,-0.003748,0.015517,-0.014764
45464460.000,Miguel,recording,knock_twice_right,19,0.427961,7.567098,6.285412,0.000474,0.025640,-0.025504
45464470.000,Miguel,recording,knock_twice_right,19,0.316658,7.569621,6.285274,0.003430,0.030806,-0.031880
45464480.000,Miguel,recording,knock_twice_right,19,0.255626,7.549695,6.257332,0.008055,0.030465,-0.031120
45464490.000,Miguel,recording,knock_twice_right,19,0.252522,7.548202,6.197200,0.009399,0.032114,-0.027649
45464500.000,Miguel,recording,knock_twice_right,19,0.238651,7.556900,6.166130,0.003749,0.033140,-0.025234
45464510.000,Miguel,recording,knock_twice_right,19,0.193733,7.529609,6.196912,-0.004233,0.024289,-0.025168
45464520.000,Miguel,recording,knock_twice_right,19,0.152623,7.484260,6.207139,-0.006672,0.010906,-0.023920
45464530.000,Miguel,recording,knock_twice_right,19,0.131200,7.504376,6.145533,-0.006720,0.005877,-0.015346
45464540.000,Miguel,recording,knock_twice_right,19,0.142038,7.541105,6.093312,-0.010429,0.010957,-0.002107
45464550.000,Miguel,recording,knock_twice_right,19,0.174386,7.510383,6.086089,-0.014182,0.015647,0.010885
45464560.000,Miguel,recording,knock_twice_right,19,0.243901,7.414308,6.078069,-0.014516,0.016068,0.020042
45464570.000,Miguel,recording,knock_twice_right,19,0.332466,7.338129,6.037035,-0.017718,0.015271,0.024468
45464580.000,Miguel,recording,knock_twice_right,19,0.426756,7.333491,6.002292,-0.022793,0.010297,0.023514
45464590.000,Miguel,recording,knock_twice_right,19,0.513886,7.334686,5.992125,-0.025565,-0.003876,0.017184
45464600.000,Miguel,recording,knock_twice_right,19,0.584367,7.346853,5.975124,-0.028562,-0.021334,0.009838
45464610.000,Miguel,recording,knock_twice_right,19,0.612858,7.406501,5.933804,-0.031358,-0.028686,0.004593
45464620.000,Miguel,recording,knock_twice_right,19,0.637477,7.466273,5.904255,-0.035006,-0.020850,0.000861
45464630.000,Miguel,recording,knock_twice_right,19,0.690058,7.494080,5.914682,-0.042107,-0.001981,-0.002514
45464640.000,Miguel,recording,knock_twice_right,19,0.751647,7.500308,5.974369,-0.054699,0.019917,-0.009506
45464650.000,Miguel,recording,knock_twice_right,19,0.793455,7.499391,6.104911,-0.069302,0.035001,-0.024216
45464660.000,Miguel,recording,knock_twice_right,19,0.800595,7.497334,6.244848,-0.080083,0.040026,-0.044984
45464670.000,Miguel,recording,knock_twice_right,19,0.770658,7.532467,6.343038,-0.086098,0.042057,-0.069500
45464680.000,Miguel,recording,knock_twice_right,19,0.658575,7.594251,6.463700,-0.085809,0.040405,-0.091869
45464690.000,Miguel,recording,knock_twice_right,19,0.496538,7.637053,6.570553,-0.080381,0.033190,-0.102465
45464700.000,Miguel,recording,knock_twice_right,19,0.324416,7.665640,6.629974,-0.072182,0.028253,-0.097840
45464710.000,Miguel,recording,knock_twice_right,19,0.218071,7.685786,6.690262,-0.060679,0.029297,-0.082166
45464720.000,Miguel,recording,knock_twice_right,19,0.194064,7.700297,6.757785,-0.046560,0.032262,-0.061906
45464730.000,Miguel,recording,knock_twice_right,19,0.188962,7.670465,6.809857,-0.031346,0.035076,-0.044086
45464740.000,Miguel,recording,knock_twice_right,19,0.169801,7.607546,6.852385,-0.014433,0.035014,-0.031703
45464750.000,Miguel,recording,knock_twice_right,19,0.131615,7.570517,6.886494,0.005317,0.027541,-0.020989
45464760.000,Miguel,recording,knock_twice_right,19,0.091080,7.548578,6.875515,0.027862,0.011674,-0.008171
45464770.000,Miguel,recording,knock_twice_right,19,0.084442,7.529574,6.784736,0.050002,-0.014519,0.005872
45464780.000,Miguel,recording,knock_twice_right,20,0.129502,7.509334,6.643460,0.067637,-0.043832,0.018879
45464790.000,Miguel,recording,knock_twice_right,20,0.183339,7.508861,6.478996,0.079007,-0.065428,0.028035
45464800.000,Miguel,recording,knock_twice_right,20,0.238931,7.536591,6.312517,0.082794,-0.072860,0.032154
45464810.000,Miguel,recording,knock_twice_right,20,0.300620,7.536107,6.176085,0.078748,-0.065964,0.034134
45464820.000,Miguel,recording,knock_twice_right,20,0.340649,7.509660,6.114475,0.071106,-0.047799,0.033404
45464830.000,Miguel,recording,knock_twice_right,20,0.356178,7.492017,6.135794,0.062930,-0.022771,0.029063
45464840.000,Miguel,recording,knock_twice_right,20,0.337485,7.448637,6.171215,0.058574,-0.003260,0.022271
45464850.000,Miguel,recording,knock_twice_right,20,0.271509,7.402831,6.200350,0.058007,0.004864,0.015994
45464860.000,Miguel,recording,knock_twice_right,20,0.220425,7.389348,6.239212,0.059040,0.001984,0.011506
45464870.000,Miguel,recording,knock_twice_right,20,0.191006,7.402922,6.204493,0.061968,-0.009807,0.009038
45464880.000,Miguel,recording,knock_twice_right,20,0.194998,7.434575,6.114068,0.062285,-0.020395,0.010168
45464890.000,Miguel,recording,knock_twice_right,20,0.227831,7.472245,6.026300,0.057128,-0.021125,0.012227
45464900.000,Miguel,recording,knock_twice_right,20,0.259666,7.471178,5.984037,0.048439,-0.014845,0.011244
45464910.000,Miguel,recording,knock_twice_right,20,0.294217,7.427599,5.974597,0.040429,-0.007209,0.009564
45464920.000,Miguel,recording,knock_twice_right,20,0.360548,7.380447,5.954818,0.032128,0.000009,0.007615
45464930.000,Miguel,recording,knock_twice_right,20,0.419759,7.351173,5.937941,0.020299,0.001798,0.002788
45464940.000,Miguel,recording,knock_twice_right,20,0.464569,7.325858,5.915080,0.006345,-0.008304,-0.005124
45464950.000,Miguel,recording,knock_twice_right,20,0.493959,7.328817,5.921155,-0.006303,-0.027492,-0.017750
45464960.000,Miguel,recording,knock_twice_right,20,0.497141,7.392088,5.962000,-0.011913,-0.044267,-0.033910
45464970.000,Miguel,recording,knock_twice_right,20,0.455632,7.486448,5.923416,-0.011102,-0.044166,-0.046893
45464980.000,Miguel,recording,knock_twice_right,20,0.394722,7.572057,5.857546,-0.012262,-0.021096,-0.051689
45464990.000,Miguel,recording,knock_twice_right,20,0.325481,7.613813,5.827868,-0.019262,0.014106,-0.048057
45465000.000,Miguel,recording,knock_twice_right,20,0.262479,7.603379,5.873989,-0.032758,0.045057,-0.038116
45465010.000,Miguel,recording,knock_twice_right,20,0.242118,7.578140,5.960710,-0.053314,0.060463,-0.026489
45465020.000,Miguel,recording,knock_twice_right,20,0.246371,7.548961,6.114429,-0.077124,0.054106,-0.018489
45465030.000,Miguel,recording,knock_twice_right,20,0.292113,7.507194,6.318587,-0.097667,0.028067,-0.017352
45465040.000,Miguel,recording,knock_twice_right,20,0.330547,7.491127,6.530517,-0.107472,-0.006494,-0.024340
45465050.000,Miguel,recording,knock_twice_right,20,0.297575,7.515894,6.698068,-0.099122,-0.037141,-0.037855
45465060.000,Miguel,recording,knock_twice_right,20,0.216882,7.544297,6.771501,-0.071660,-0.053975,-0.047914
45465070.000,Miguel,recording,knock_twice_right,20,0.133629,7.588631,6.745929,-0.032164,-0.050092,-0.045914
45465080.000,Miguel,recording,knock_twice_right,20,0.111868,7.599391,6.663963,0.009219,-0.029422,-0.034140
45465090.000,Miguel,recording,knock_twice_right,20,0.130965,7.569291,6.564942,0.046686,-0.005161,-0.020476
45465100.000,Miguel,recording,knock_twice_right,20,0.172617,7.518324,6.452794,0.074722,0.012760,-0.010706
45465110.000,Miguel,recording,knock_twice_right,20,0.243497,7.488782,6.308512,0.085465,0.020219,-0.007874
45465120.000,Miguel,recording,knock_twice_right,20,0.290158,7.501828,6.202968,0.078686,0.017069,-0.012947
45465130.000,Miguel,recording,knock_twice_right,20,0.250277,7.515197,6.156345,0.063633,0.002059,-0.020697
45465140.000,Miguel,recording,knock_twice_right,20,0.156262,7.538741,6.108445,0.046756,-0.021315,-0.021797
45465150.000,Miguel,recording,knock_twice_right,20,0.082301,7.583490,6.051792,0.026972,-0.041099,-0.010466
45465160.000,Miguel,recording,knock_twice_right,20,0.080080,7.625121,6.032878,0.007230,-0.048735,0.012320
45465170.000,Miguel,recording,knock_twice_right,20,0.152188,7.603377,6.092598,-0.005672,-0.042562,0.036196
45465180.000,Miguel,recording,knock_twice_right,20,0.301321,7.528777,6.165777,-0.009490,-0.024086,0.052089
45465190.000,Miguel,recording,knock_twice_right,20,0.447891,7.474244,6.277050,-0.006368,0.001683,0.054652
45465200.000,Miguel,recording,knock_twice_right,20,0.505233,7.448376,6.372241,0.000247,0.026474,0.042322
45465210.000,Miguel,recording,knock_twice_right,20,0.455868,7.444980,6.416263,0.007683,0.042727,0.023122
45465220.000,Miguel,recording,knock_twice_right,20,0.348229,7.465731,6.492092,0.016059,0.047912,0.007579
45465230.000,Miguel,recording,knock_twice_right,20,0.209407,7.489491,6.536966,0.028249,0.040731,0.002645
45465240.000,Miguel,recording,knock_twice_right,20,0.108361,7.516184,6.493981,0.042347,0.023075,0.010565
45465250.000,Miguel,recording,knock_twice_right,20,0.085714,7.510947,6.428681,0.055083,0.001356,0.026990
45465260.000,Miguel,recording,knock_twice_right,20,0.154802,7.487382,6.319429,0.065652,-0.020442,0.042904
45465270.000,Miguel,recording,knock_twice_right,20,0.297745,7.493228,6.157264,0.070997,-0.033285,0.052976
45465280.000,Miguel,recording,knock_twice_right,20,0.456462,7.524638,5.976522,0.067327,-0.030554,0.052821
45465290.000,Miguel,recording,knock_twice_right,20,0.522466,7.576961,5.874995,0.056119,-0.015995,0.041531
45465300.000,Miguel,recording,knock_twice_right,20,0.478813,7.643821,5.837365,0.038073,0.006892,0.028046
45465310.000,Miguel,recording,knock_twice_right,20,0.378053,7.654203,5.876068,0.017767,0.028015,0.022076
45465320.000,Miguel,recording,knock_twice_right,20,0.295234,7.630714,5.984022,0.003041,0.035919,0.026127
45465330.000,Miguel,recording,knock_twice_right,20,0.261941,7.598604,6.119771,-0.003363,0.032007,0.035326
45465340.000,Miguel,recording,knock_twice_right,20,0.292271,7.555117,6.207884,-0.002585,0.019443,0.046953
45465350.000,Miguel,recording,knock_twice_right,20,0.374892,7.501425,6.226770,0.001178,0.003283,0.054630
45465360.000,Miguel,recording,knock_twice_right,20,0.459488,7.475518,6.167338,0.004043,-0.008145,0.050393
45465370.000,Miguel,recording,knock_twice_right,20,0.512327,7.477151,6.129712,0.003674,-0.009181,0.038009
45465380.000,Miguel,recording,knock_twice_right,20,0.519249,7.482859,6.117629,0.002263,-0.000258,0.022537
45465390.000,Miguel,recording,knock_twice_right,20,0.493077,7.508083,6.118645,0.003516,0.012511,0.007996
45465400.000,Miguel,recording,knock_twice_right,20,0.425322,7.538308,6.141363,0.007150,0.024093,-0.000560
45465410.000,Miguel,recording,knock_twice_right,20,0.323783,7.547071,6.152203,0.009636,0.029253,-0.002237
45465420.000,Miguel,recording,knock_twice_right,20,0.269060,7.532982,6.137165,0.010353,0.024245,0.002364
45465430.000,Miguel,recording,knock_twice_right,20,0.294812,7.511463,6.102514,0.009085,0.012463,0.013623
45465440.000,Miguel,recording,knock_twice_right,20,0.391727,7.507289,6.029251,0.001434,0.001294,0.023345
45465450.000,Miguel,recording,knock_twice_right,20,0.507800,7.497616,5.979818,-0.014487,-0.006149,0.022468
45465460.000,Miguel,recording,knock_twice_right,20,0.565126,7.489123,6.012345,-0.032374,-0.012335,0.009932
45465470.000,Miguel,recording,knock_twice_right,20,0.525488,7.479659,6.094090,-0.045768,-0.015231,-0.007442
45465480.000,Miguel,recording,knock_twice_right,20,0.431595,7.502167,6.191943,-0.049785,-0.010537,-0.018810
45465490.000,Miguel,recording,knock_twice_right,20,0.361763,7.507397,6.278459,-0.041505,-0.000779,-0.020118
45465500.000,Miguel,recording,knock_twice_right,20,0.333622,7.504656,6.324536,-0.024627,0.008912,-0.015320
45465510.000,Miguel,recording,knock_twice_right,20,0.328742,7.464544,6.319686,-0.008516,0.014820,-0.010159
45465520.000,Miguel,recording,knock_twice_right,20,0.353457,7.430888,6.282905,0.002841,0.014188,-0.008617
45465530.000,Miguel,recording,knock_twice_right,20,0.384747,7.432129,6.227078,0.009123,0.008907,-0.009852
45465540.000,Miguel,recording,knock_twice_right,20,0.398091,7.450796,6.168115,0.008002,0.005737,-0.013503
45465550.000,Miguel,recording,knock_twice_right,20,0.376748,7.478381,6.145851,0.001292,0.006886,-0.018126
45465560.000,Miguel,recording,knock_twice_right,20,0.313376,7.495628,6.198084,-0.004028,0.006792,-0.019469
45465570.000,Miguel,recording,knock_twice_right,20,0.254351,7.513998,6.242541,-0.003162,0.005507,-0.013803
45465580.000,Miguel,recording,knock_twice_right,20,0.251967,7.528456,6.220668,-0.001210,0.009292,-0.002418
45465590.000,Miguel,recording,knock_twice_right,20,0.325406,7.514987,6.175796,-0.001922,0.013082,0.008263
45465600.000,Miguel,recording,knock_twice_right,20,0.390114,7.494876,6.117287,-0.007493,0.012203,0.013371
45465610.000,Miguel,recording,knock_twice_right,20,0.414913,7.489088,6.103909,-0.019456,0.012097,0.011440
45465620.000,Miguel,recording,knock_twice_right,20,0.419325,7.505159,6.166809,-0.029790,0.014215,0.006234
45465630.000,Miguel,recording,knock_twice_right,20,0.335342,7.520551,6.252646,-0.030703,0.017918,0.001870
45465640.000,Miguel,recording,knock_twice_right,20,0.206387,7.555029,6.302288,-0.026051,0.026285,0.001285
45465650.000,Miguel,recording,knock_twice_right,20,0.096219,7.579806,6.325407,-0.020346,0.036938,0.011274
45465660.000,Miguel,recording,knock_twice_right,20,0.045660,7.572104,6.338552,-0.014861,0.038030,0.031622
45465670.000,Miguel,recording,knock_twice_right,20,0.094837,7.548584,6.354760,-0.012252,0.026954,0.055088
45465680.000,Miguel,recording,knock_twice_right,20,0.216048,7.538589,6.353886,-0.013961,0.008618,0.072990
45465690.000,Miguel,recording,knock_twice_right,20,0.341238,7.550009,6.348897,-0.017810,-0.012430,0.078895
45465700.000,Miguel,recording,knock_twice_right,20,0.416031,7.539529,6.323728,-0.020984,-0.029615,0.076327
45465710.000,Miguel,recording,knock_twice_right,20,0.445656,7.532086,6.294824,-0.022929,-0.039267,0.068373
45465720.000,Miguel,recording,knock_twice_right,20,0.424126,7.552710,6.287522,-0.020951,-0.039530,0.059729
45465730.000,Miguel,recording,knock_twice_right,20,0.396388,7.580095,6.293308,-0.015148,-0.033686,0.056115
45465740.000,Miguel,recording,knock_twice_right,20,0.379206,7.582105,6.268196,-0.009899,-0.027477,0.058025
45465750.000,Miguel,recording,knock_twice_right,20,0.382561,7.583352,6.217926,-0.008014,-0.023332,0.061366
45465760.000,Miguel,recording,knock_twice_right,20,0.407651,7.585427,6.195060,-0.010335,-0.018512,0.061213
45465770.000,Miguel,recording,knock_twice_right,20,0.435764,7.574173,6.172032,-0.016607,-0.015558,0.057414
45465780.000,Miguel,recording,knock_twice_right,20,0.465970,7.558467,6.203910,-0.022362,-0.018046,0.049607
45465790.000,Miguel,recording,knock_twice_right,20,0.456074,7.530463,6.289860,-0.021984,-0.024082,0.037957
45465800.000,Miguel,recording,knock_twice_right,20,0.427239,7.516484,6.319893,-0.013734,-0.031593,0.028400
45465810.000,Miguel,recording,knock_twice_right,20,0.418557,7.517820,6.292611,-0.001236,-0.035064,0.022871
45465820.000,Miguel,recording,knock_twice_right,20,0.432841,7.523522,6.275898,0.012971,-0.032774,0.020896
45465830.000,Miguel,recording,knock_twice_right,20,0.462940,7.517030,6.249442,0.029162,-0.026503,0.020720
45465840.000,Miguel,recording,knock_twice_right,20,0.500920,7.500503,6.176798,0.043086,-0.012406,0.018802
45465850.000,Miguel,recording,knock_twice_right,20,0.556042,7.501172,6.088764,0.049508,0.007477,0.015514
45465860.000,Miguel,recording,knock_twice_right,20,0.611371,7.502462,6.031828,0.047500,0.024522,0.007617
45465870.000,Miguel,recording,knock_twice_right,20,0.628731,7.512955,6.039378,0.039780,0.034102,-0.005898
45465880.000,Miguel,recording,knock_twice_right,20,0.586138,7.532551,6.064679,0.029397,0.036826,-0.019666
45465890.000,Miguel,recording,knock_twice_right,20,0.520903,7.547610,6.092145,0.017592,0.033887,-0.025761
45465900.000,Miguel,recording,knock_twice_right,20,0.458169,7.553202,6.125675,0.007998,0.025807,-0.023285
45465910.000,Miguel,recording,knock_twice_right,20,0.439806,7.531097,6.156678,0.003374,0.016186,-0.017538
45465920.000,Miguel,recording,knock_twice_right,20,0.451788,7.528824,6.176306,0.004256,0.013697,-0.013555
45465930.000,Miguel,recording,knock_twice_right,20,0.454174,7.565691,6.171905,0.009934,0.023837,-0.010363
45465940.000,Miguel,recording,knock_twice_right,20,0.411820,7.579902,6.167695,0.018857,0.040257,-0.002844
45465950.000,Miguel,recording,knock_twice_right,20,0.401195,7.569086,6.165852,0.027879,0.054921,0.009295
45465960.000,Miguel,recording,knock_twice_right,20,0.447745,7.568818,6.159578,0.030099,0.062299,0.022471
45465970.000,Miguel,recording,knock_twice_right,20,0.488691,7.589349,6.157942,0.024176,0.056362,0.032331
45465980.000,Miguel,recording,knock_twice_right,20,0.521336,7.605546,6.169789,0.015144,0.045089,0.036123
45465990.000,Miguel,recording,knock_twice_right,20,0.521018,7.575268,6.229582,0.009163,0.036616,0.034882
45466000.000,Miguel,recording,knock_twice_right,20,0.489500,7.533393,6.290775,0.008836,0.029690,0.029982
45466010.000,Miguel,recording,knock_twice_right,20,0.415723,7.495237,6.324315,0.010917,0.027719,0.022649
45466020.000,Miguel,recording,knock_twice_right,20,0.300407,7.492599,6.355602,0.015217,0.029732,0.016138
45466030.000,Miguel,recording,knock_twice_right,20,0.232334,7.507746,6.384992,0.025375,0.029980,0.014364
45466040.000,Miguel,recording,knock_twice_right,20,0.191235,7.527302,6.376335,0.039587,0.026361,0.021372
45466050.000,Miguel,recording,knock_twice_right,20,0.177405,7.544943,6.296832,0.054223,0.017704,0.035212
45466060.000,Miguel,recording,knock_twice_right,20,0.227466,7.577532,6.160585,0.064080,0.006599,0.053450
45466070.000,Miguel,recording,knock_twice_right,20,0.356428,7.615984,5.974159,0.062605,-0.000826,0.074100
45466080.000,Miguel,recording,knock_twice_right,20,0.525281,7.634912,5.785991,0.042415,-0.004550,0.092065
45466090.000,Miguel,recording,knock_twice_right,20,0.681824,7.630097,5.727187,0.004420,-0.004830,0.100193
45466100.000,Miguel,recording,knock_twice_right,20,0.810756,7.585347,5.866160,-0.037003,-0.005843,0.092066
45466110.000,Miguel,recording,knock_twice_right,20,0.878467,7.517313,6.079588,-0.066456,-0.011540,0.069976
45466120.000,Miguel,recording,knock_twice_right,20,0.856432,7.500767,6.277392,-0.078389,-0.013659,0.040491
45466130.000,Miguel,recording,knock_twice_right,20,0.731400,7.532668,6.484532,-0.072422,-0.007701,0.011077
45466140.000,Miguel,recording,knock_twice_right,20,0.509217,7.556572,6.622815,-0.051522,0.005349,-0.009905
45466150.000,Miguel,recording,knock_twice_right,20,0.257930,7.563136,6.706067,-0.022537,0.019860,-0.014606
45466160.000,Miguel,recording,knock_twice_right,20,0.095868,7.561745,6.742240,0.007600,0.025954,-0.003140
45466170.000,Miguel,recording,knock_twice_right,20,0.037496,7.576095,6.722515,0.033844,0.020092,0.017547
45466180.000,Miguel,recording,knock_twice_right,20,0.050088,7.576077,6.645640,0.051922,0.002684,0.037448
45466190.000,Miguel,recording,knock_twice_right,20,0.089437,7.536655,6.560501,0.060666,-0.026346,0.051651
45466200.000,Miguel,recording,knock_twice_right,20,0.173978,7.490870,6.457453,0.063953,-0.065206,0.064659
45466210.000,Miguel,recording,knock_twice_right,20,0.338777,7.446452,6.288401,0.064343,-0.100744,0.075371
45466220.000,Miguel,recording,knock_twice_right,20,0.528808,7.402356,6.116388,0.060470,-0.119320,0.078907
45466230.000,Miguel,recording,knock_twice_right,20,0.707117,7.373622,5.966073,0.051397,-0.120464,0.072292
45466240.000,Miguel,recording,knock_twice_right,20,0.841755,7.336902,5.859900,0.039498,-0.105659,0.055195
45466250.000,Miguel,recording,knock_twice_right,20,0.934536,7.342028,5.814477,0.028312,-0.077655,0.030017
45466260.000,Miguel,recording,knock_twice_right,20,0.962115,7.374868,5.841894,0.021159,-0.042936,0.000247
45466270.000,Miguel,recording,knock_twice_right,20,0.882250,7.411131,5.907119,0.019732,-0.006065,-0.028059
45466280.000,Miguel,recording,knock_twice_right,20,0.737515,7.412723,5.949672,0.022286,0.023618,-0.049171
45466290.000,Miguel,recording,knock_twice_right,20,0.608713,7.443905,5.967369,0.022460,0.038789,-0.059824
45466300.000,Miguel,recording,knock_twice_right,20,0.501229,7.481530,6.012537,0.018479,0.038531,-0.059253
45466310.000,Miguel,recording,knock_twice_right,20,0.406135,7.495803,6.035963,0.008755,0.028400,-0.048706
45466320.000,Miguel,recording,knock_twice_right,20,0.396584,7.481483,6.064071,-0.006491,0.011691,-0.031527
45466330.000,Miguel,recording,knock_twice_right,20,0.471237,7.451322,6.143796,-0.021594,-0.012964,-0.015923
45466340.000,Miguel,recording,knock_twice_right,20,0.565248,7.400647,6.200290,-0.034109,-0.038227,-0.008475
45466350.000,Miguel,recording,knock_twice_right,20,0.647979,7.365100,6.258641,-0.042109,-0.050354,-0.011300
45466360.000,Miguel,recording,knock_twice_right,20,0.699536,7.378412,6.359268,-0.038323,-0.044512,-0.023072
45466370.000,Miguel,recording,knock_twice_right,20,0.652239,7.413898,6.449063,-0.018701,-0.024588,-0.038600
45466380.000,Miguel,recording,knock_twice_right,20,0.508981,7.444683,6.482650,0.012531,0.001179,-0.048545
45466390.000,Miguel,recording,knock_twice_right,20,0.368263,7.476491,6.432511,0.049212,0.019762,-0.044012
45466400.000,Miguel,recording,knock_twice_right,20,0.320827,7.518271,6.274281,0.080722,0.025013,-0.027143
45466410.000,Miguel,recording,knock_twice_right,20,0.373914,7.578042,6.050858,0.090786,0.015047,-0.006978
45466420.000,Miguel,recording,knock_twice_right,20,0.466038,7.604177,5.819628,0.072880,-0.010277,0.007985
45466430.000,Miguel,recording,knock_twice_right,20,0.552596,7.603278,5.650916,0.031731,-0.043898,0.014820
45466440.000,Miguel,recording,knock_twice_right,20,0.621367,7.605327,5.630346,-0.020629,-0.073841,0.017009
45466450.000,Miguel,recording,knock_twice_right,20,0.674789,7.594998,5.734662,-0.067424,-0.090063,0.016642
45466460.000,Miguel,recording,knock_twice_right,20,0.719179,7.591975,5.921000,-0.094707,-0.089331,0.012137
45466470.000,Miguel,recording,knock_twice_right,20,0.731518,7.598517,6.107866,-0.098252,-0.070624,0.003119
45466480.000,Miguel,recording,knock_twice_right,20,0.690035,7.606406,6.232405,-0.082229,-0.037907,-0.005649
45466490.000,Miguel,recording,knock_twice_right,20,0.642431,7.584857,6.327438,-0.054300,-0.004595,-0.011488
45466500.000,Miguel,recording,knock_twice_right,20,0.627446,7.557806,6.377631,-0.023959,0.014621,-0.015760
45466510.000,Miguel,recording,knock_twice_right,20,0.605624,7.562905,6.377864,0.002375,0.016070,-0.021557
45466520.000,Miguel,recording,knock_twice_right,20,0.570776,7.575688,6.316324,0.019872,0.005699,-0.029267
45466530.000,Miguel,recording,knock_twice_right,20,0.522903,7.600428,6.229793,0.025904,-0.009237,-0.033426
45466540.000,Miguel,recording,knock_twice_right,20,0.484068,7.619140,6.170359,0.022758,-0.021428,-0.034536
45466550.000,Miguel,recording,knock_twice_right,20,0.462228,7.638868,6.126985,0.013954,-0.025284,-0.033104
45466560.000,Miguel,recording,knock_twice_right,20,0.443184,7.640952,6.146059,0.001240,-0.022180,-0.030014
45466570.000,Miguel,recording,knock_twice_right,20,0.434900,7.632062,6.213642,-0.008750,-0.018968,-0.029334
45466580.000,Miguel,recording,knock_twice_right,20,0.414787,7.612490,6.274855,-0.009210,-0.019466,-0.027817
45466590.000,Miguel,recording,knock_twice_right,20,0.392305,7.582406,6.289844,-0.001574,-0.022504,-0.023478
45466600.000,Miguel,recording,knock_twice_right,20,0.408263,7.560481,6.285213,0.007851,-0.027200,-0.019148
45466610.000,Miguel,recording,knock_twice_right,20,0.435390,7.553836,6.247547,0.014610,-0.031964,-0.016717
45466620.000,Miguel,recording,knock_twice_right,20,0.455475,7.558005,6.203807,0.021124,-0.037976,-0.016959
45466630.000,Miguel,recording,knock_twice_right,20,0.486799,7.550381,6.153380,0.027566,-0.041126,-0.017700
45466640.000,Miguel,recording,knock_twice_right,20,0.507103,7.547893,6.076797,0.031818,-0.033138,-0.017390
45466650.000,Miguel,recording,knock_twice_right,20,0.497928,7.551603,6.038911,0.034195,-0.017960,-0.018187
45466660.000,Miguel,recording,knock_twice_right,20,0.477504,7.564399,6.023647,0.034243,-0.001013,-0.021623
45466670.000,Miguel,recording,knock_twice_right,20,0.440579,7.564670,5.987328,0.030842,0.013816,-0.024635
45466680.000,Miguel,recording,knock_twice_right,20,0.384337,7.578759,5.966227,0.021659,0.021881,-0.021859
45466690.000,Miguel,recording,knock_twice_right,20,0.367985,7.580367,5.985145,0.007878,0.021172,-0.014773
45466700.000,Miguel,recording,knock_twice_right,20,0.368913,7.558025,6.034017,-0.005980,0.008128,-0.007139
45466710.000,Miguel,recording,knock_twice_right,20,0.373269,7.521274,6.078227,-0.016727,-0.012265,0.000694
45466720.000,Miguel,recording,knock_twice_right,20,0.380742,7.509110,6.123499,-0.021836,-0.026450,0.007385
45466730.000,Miguel,recording,knock_twice_right,20,0.415114,7.513424,6.140766,-0.019597,-0.029559,0.012035
45466740.000,Miguel,recording,knock_twice_right,20,0.464544,7.505351,6.124272,-0.012710,-0.022729,0.014267
45466750.000,Miguel,recording,knock_twice_right,20,0.508145,7.495647,6.080512,-0.007011,-0.007730,0.012722
45466760.000,Miguel,recording,knock_twice_right,20,0.542753,7.501496,6.055687,-0.005253,0.009745,0.007714
45466770.000,Miguel,recording,knock_twice_right,20,0.552228,7.502750,6.109279,-0.005475,0.020499,0.001558
45466780.000,Miguel,recording,knock_twice_right,20,0.540353,7.509275,6.139878,-0.005275,0.020307,-0.003184
45466790.000,Miguel,recording,knock_twice_right,20,0.541753,7.517276,6.119723,-0.006109,0.014572,-0.004854
45466800.000,Miguel,recording,knock_twice_right,20,0.572718,7.519752,6.089520,-0.011425,0.009033,-0.006442
45466810.000,Miguel,recording,knock_twice_right,20,0.596776,7.535366,6.091880,-0.019554,0.006406,-0.012065
45466820.000,Miguel,recording,knock_twice_right,20,0.573410,7.556366,6.122950,-0.029483,0.006866,-0.018165
45466830.000,Miguel,recording,knock_twice_right,20,0.523561,7.554373,6.184116,-0.038919,0.008022,-0.022582
45466840.000,Miguel,recording,knock_twice_right,20,0.488955,7.536111,6.286737,-0.041010,0.008200,-0.023492
45466850.000,Miguel,recording,knock_twice_right,20,0.453627,7.545469,6.379973,-0.035341,0.007947,-0.017664
45466860.000,Miguel,recording,knock_twice_right,20,0.361803,7.535615,6.392169,-0.021767,0.023309,-0.021951
45466870.000,Miguel,recording,knock_twice_right,20,-0.247464,7.752015,6.233359,-0.000852,0.096966,-0.021377
45466880.000,Miguel,recording,knock_twice_right,20,-0.259025,7.922688,6.028761,0.043206,0.200697,0.021561
45466890.000,Miguel,recording,knock_twice_right,20,0.120322,7.768356,5.994583,0.101457,0.276589,0.069917
45466900.000,Miguel,recording,knock_twice_right,20,0.366210,7.594966,5.884791,0.129088,0.314341,0.072314
45466910.000,Miguel,recording,knock_twice_right,20,0.485904,7.506059,5.796641,0.110412,0.272656,0.041061
45466920.000,Miguel,recording,knock_twice_right,20,0.567965,7.421125,5.850795,0.047154,0.129271,0.012832
45466930.000,Miguel,recording,knock_twice_right,20,0.573346,7.445267,5.988805,-0.044668,-0.058778,0.002269
45466940.000,Miguel,recording,knock_twice_right,20,0.490002,7.551340,6.186957,-0.133798,-0.210627,0.006966
45466950.000,Miguel,recording,knock_twice_right,20,0.458213,7.568067,6.364629,-0.192159,-0.285715,0.019872
45466960.000,Miguel,recording,knock_twice_right,20,0.493769,7.551719,6.523574,-0.205843,-0.287160,0.033098
45466970.000,Miguel,recording,knock_twice_right,20,0.604586,7.545398,6.681695,-0.171302,-0.228081,0.045132
45466980.000,Miguel,recording,knock_twice_right,20,0.755062,7.518482,6.795075,-0.094893,-0.122101,0.053259
45466990.000,Miguel,recording,knock_twice_right,20,0.881174,7.483734,6.765086,0.001794,-0.002462,0.052604
45467000.000,Miguel,recording,knock_twice_right,20,0.954228,7.440653,6.581951,0.089191,0.087370,0.043595
45467010.000,Miguel,recording,knock_twice_right,20,0.985236,7.397070,6.325085,0.143978,0.126932,0.025850
45467020.000,Miguel,recording,knock_twice_right,20,1.009007,7.369011,6.093615,0.160782,0.119279,-0.000518
45467030.000,Miguel,recording,knock_twice_right,20,0.977765,7.377708,5.908945,0.142154,0.079494,-0.029270
45467040.000,Miguel,recording,knock_twice_right,20,0.889463,7.407224,5.757644,0.097260,0.029141,-0.055264
45467050.000,Miguel,recording,knock_twice_right,20,0.326205,7.500819,5.678789,0.032444,-0.018618,-0.098892
45467060.000,Miguel,recording,knock_twice_right,20,-0.065285,7.749960,5.655916,-0.031977,-0.063669,-0.114567
45467070.000,Miguel,recording,knock_twice_right,20,-0.022776,7.782544,5.846503,-0.065472,-0.085928,-0.071733
45467080.000,Miguel,recording,knock_twice_right,20,0.094337,7.748562,6.005426,-0.071208,-0.063846,-0.029150
45467090.000,Miguel,recording,knock_twice_right,20,0.156960,7.669467,6.055675,-0.066271,-0.026671,-0.006975
45467100.000,Miguel,recording,knock_twice_right,20,0.226622,7.557307,6.120175,-0.056678,-0.005404,0.012003
45467110.000,Miguel,recording,knock_twice_right,20,0.381947,7.548919,6.242165,-0.041179,0.005830,0.039436
45467120.000,Miguel,recording,knock_twice_right,20,0.549070,7.561579,6.367248,-0.018875,0.015099,0.061815
45467130.000,Miguel,recording,knock_twice_right,20,0.617660,7.540398,6.406283,0.001656,0.015870,0.069299
45467140.000,Miguel,recording,knock_twice_right,20,0.594378,7.480651,6.405636,0.009940,0.004378,0.063652
45467150.000,Miguel,recording,knock_twice_right,20,0.730551,7.385527,6.387762,0.010841,-0.002394,0.045102
45467160.000,Miguel,recording,knock_twice_right,20,0.943397,7.372610,6.338466,0.016702,0.008700,0.015261
45467170.000,Miguel,recording,knock_twice_right,20,0.970627,7.477057,6.290364,0.027252,0.023107,-0.015254
45467180.000,Miguel,recording,knock_twice_right,20,0.835359,7.507387,6.233076,0.035113,0.031952,-0.036413
45467190.000,Miguel,recording,knock_twice_right,20,0.657559,7.471354,6.188656,0.035307,0.036542,-0.047049
45467200.000,Miguel,recording,knock_twice_right,20,0.531339,7.466110,6.179735,0.028505,0.034087,-0.047725
45467210.000,Miguel,recording,knock_twice_right,20,0.470278,7.497452,6.231277,0.022515,0.021879,-0.041102
45467220.000,Miguel,recording,knock_twice_right,20,0.446548,7.512106,6.286880,0.020307,0.005231,-0.034877
45467230.000,Miguel,recording,knock_twice_right,20,0.463981,7.497214,6.292632,0.019426,-0.007336,-0.031331
45467240.000,Miguel,recording,knock_twice_right,20,0.482872,7.496210,6.246252,0.020297,-0.018122,-0.029874
45467250.000,Miguel,recording,knock_twice_right,20,0.477224,7.488878,6.207355,0.022538,-0.030686,-0.029896
45467260.000,Miguel,recording,knock_twice_right,20,0.475338,7.518375,6.182760,0.024721,-0.041218,-0.032086
45467270.000,Miguel,recording,knock_twice_right,20,0.456833,7.545153,6.136290,0.026253,-0.045297,-0.036115
45467280.000,Miguel,recording,knock_twice_right,20,0.448615,7.566559,6.044788,0.025652,-0.042011,-0.037822
45467290.000,Miguel,recording,knock_twice_right,20,0.433847,7.572580,5.997853,0.023536,-0.035940,-0.035737
45467300.000,Miguel,recording,knock_twice_right,20,0.412710,7.563269,6.001200,0.020775,-0.027185,-0.030497
45467310.000,Miguel,recording,knock_twice_right,20,0.399717,7.576695,6.028483,0.020529,-0.012983,-0.024557
45467320.000,Miguel,recording,knock_twice_right,20,0.419253,7.581429,6.027516,0.020457,0.001055,-0.021135
45467330.000,Miguel,recording,knock_twice_right,20,0.447723,7.582858,6.006434,0.016404,0.010027,-0.022211
45467340.000,Miguel,recording,knock_twice_right,20,0.442136,7.579054,6.015274,0.010353,0.011885,-0.025774
45467350.000,Miguel,recording,knock_twice_right,20,0.418917,7.564516,6.026571,0.002535,0.008279,-0.028225
45467360.000,Miguel,recording,knock_twice_right,20,0.390012,7.584792,6.045370,-0.005370,0.002391,-0.028941
45467370.000,Miguel,recording,knock_twice_right,20,0.325621,7.618839,6.043238,-0.014576,-0.001013,-0.027981
45467380.000,Miguel,recording,knock_twice_right,20,0.276174,7.665460,6.064793,-0.024937,0.001892,-0.025088
45467390.000,Miguel,recording,knock_twice_right,20,0.243250,7.672114,6.135632,-0.031458,0.007186,-0.017985
45467400.000,Miguel,recording,knock_twice_right,20,0.241897,7.623661,6.212427,-0.031061,0.009125,-0.004777
45467410.000,Miguel,recording,knock_twice_right,20,0.298502,7.583778,6.247707,-0.024964,0.007436,0.006369
45467420.000,Miguel,recording,knock_twice_right,20,0.388460,7.572172,6.240520,-0.019263,0.004221,0.009486
45467430.000,Miguel,recording,knock_twice_right,20,0.457582,7.572229,6.238801,-0.015950,-0.001761,0.005461
45467440.000,Miguel,recording,knock_twice_right,20,0.468839,7.554373,6.234855,-0.012105,-0.008329,-0.001838
45467450.000,Miguel,recording,knock_twice_right,20,0.445236,7.519307,6.194096,-0.006162,-0.011388,-0.007392
45467460.000,Miguel,recording,knock_twice_right,20,0.414734,7.504000,6.145778,0.002200,-0.007073,-0.006941
45467470.000,Miguel,recording,knock_twice_right,20,0.394638,7.543399,6.130066,0.008203,0.006215,-0.002673
45467480.000,Miguel,recording,knock_twice_right,20,0.407384,7.592178,6.134078,0.010701,0.021467,-0.000224
45467490.000,Miguel,recording,knock_twice_right,20,0.433425,7.581111,6.129201,0.012649,0.030962,0.001381
45467500.000,Miguel,recording,knock_twice_right,20,0.425898,7.556574,6.095846,0.011612,0.031496,0.004525
45467510.000,Miguel,recording,knock_twice_right,20,0.416553,7.536432,6.068639,0.008358,0.022358,0.009872
45467520.000,Miguel,recording,knock_twice_right,20,0.468781,7.498839,6.014666,0.003264,0.007003,0.015231
45467530.000,Miguel,recording,knock_twice_right,20,0.536309,7.512066,5.991696,-0.009371,-0.001008,0.017171
45467540.000,Miguel,recording,knock_twice_right,20,0.570519,7.547383,6.035041,-0.028968,0.005874,0.013311
45467550.000,Miguel,recording,knock_twice_right,20,0.572743,7.539874,6.139295,-0.044964,0.015082,0.007007
45467560.000,Miguel,recording,knock_twice_right,20,0.558080,7.485533,6.264350,-0.050402,0.016178,0.001253
45467570.000,Miguel,recording,knock_twice_right,20,0.573671,7.479333,6.353380,-0.044253,0.012231,-0.003618
45467580.000,Miguel,recording,knock_twice_right,20,0.601739,7.499121,6.405809,-0.030122,0.006831,-0.010914
45467590.000,Miguel,recording,knock_twice_right,20,0.587031,7.512470,6.379428,-0.013315,0.002378,-0.020792
45467600.000,Miguel,recording,knock_twice_right,20,0.529338,7.496941,6.327032,0.000537,0.000526,-0.029287
45467610.000,Miguel,recording,knock_twice_right,20,0.464523,7.494995,6.297110,0.010957,0.001942,-0.033444
45467620.000,Miguel,recording,knock_twice_right,20,0.433793,7.535826,6.245722,0.018384,0.005647,-0.030519
45467630.000,Miguel,recording,knock_twice_right,20,0.469959,7.558664,6.151747,0.018382,0.010015,-0.025208
45467640.000,Miguel,recording,knock_twice_right,20,0.530319,7.552741,6.095728,0.011831,0.010293,-0.024192
45467650.000,Miguel,recording,knock_twice_right,20,0.584038,7.531218,6.061425,0.003147,0.002964,-0.027523
45467660.000,Miguel,recording,knock_twice_right,20,0.602416,7.503431,6.042414,-0.004503,-0.006660,-0.033286
45467670.000,Miguel,recording,knock_twice_right,20,0.591673,7.538978,6.020034,-0.013583,-0.011953,-0.042209
45467680.000,Miguel,recording,knock_twice_right,20,0.540101,7.575771,6.013881,-0.022967,-0.008573,-0.053403
45467690.000,Miguel,recording,knock_twice_right,20,0.469932,7.564750,6.053292,-0.028152,-0.000585,-0.061207
45467700.000,Miguel,recording,knock_twice_right,20,0.433927,7.532497,6.125711,-0.027180,0.004026,-0.061656
45467710.000,Miguel,recording,knock_twice_right,20,0.414951,7.522116,6.159176,-0.017773,0.005931,-0.057150
45467720.000,Miguel,recording,knock_twice_right,20,0.430144,7.526063,6.134607,-0.005712,0.007952,-0.051209
45467730.000,Miguel,recording,knock_twice_right,20,0.450822,7.511078,6.070038,0.003067,0.009412,-0.045906
45467740.000,Miguel,recording,knock_twice_right,20,0.475076,7.482058,5.966744,0.003622,0.013733,-0.044003
45467750.000,Miguel,recording,knock_twice_right,20,0.495011,7.462653,5.892699,-0.005772,0.020507,-0.048495
45467760.000,Miguel,recording,knock_twice_right,20,0.513997,7.470275,5.877120,-0.018465,0.024306,-0.058471
45467770.000,Miguel,recording,knock_twice_right,20,0.517505,7.469246,5.903982,-0.028762,0.026485,-0.069499
45467780.000,Miguel,recording,knock_twice_right,20,0.464833,7.451160,5.953926,-0.034597,0.026768,-0.077846
45467790.000,Miguel,recording,knock_twice_right,20,0.397713,7.428516,5.970240,-0.035159,0.018824,-0.082563
45467800.000,Miguel,recording,knock_twice_right,20,0.393685,7.393910,5.879657,-0.036262,0.009871,-0.082949
45467810.000,Miguel,recording,knock_twice_right,20,0.451774,7.397916,5.757990,-0.046935,0.015379,-0.082767