timestamp_ms,user_name,phase,action_label,segment_index,acc_x,acc_y,acc_z,gyro_x,gyro_y,gyro_z
2367409920.000,Miguel,recording,knock_twice_right,1,-0.436359,7.030217,7.609802,0.001300,-0.236849,-0.026327
2367409930.000,Miguel,recording,knock_twice_right,1,-0.320594,7.010067,7.178873,0.108734,-0.065585,0.012182
2367409940.000,Miguel,recording,knock_twice_right,1,-0.179832,7.041116,6.884087,0.172195,0.080440,0.038465
2367409950.000,Miguel,recording,knock_twice_right,1,-0.113887,7.011028,6.684030,0.194281,0.173541,0.052284
2367409960.000,Miguel,recording,knock_twice_right,1,-0.116974,6.898895,6.559945,0.180237,0.198337,0.054666
2367409970.000,Miguel,recording,knock_twice_right,1,-0.151094,6.817857,6.510946,0.135444,0.158417,0.048086
2367409980.000,Miguel,recording,knock_twice_right,1,-0.168495,6.766330,6.515616,0.072468,0.076118,0.032585
2367409990.000,Miguel,recording,knock_twice_right,1,-0.191729,6.775776,6.565407,0.006900,-0.020832,0.012451
2367410000.000,Miguel,recording,knock_twice_right,1,-0.190191,6.827078,6.670717,-0.049391,-0.106359,-0.004122
2367410010.000,Miguel,recording,knock_twice_right,1,-0.183924,6.910907,6.805240,-0.086000,-0.159945,-0.015586
2367410020.000,Miguel,recording,knock_twice_right,1,-0.197210,6.968073,6.961824,-0.093546,-0.169254,-0.021484
2367410030.000,Miguel,recording,knock_twice_right,1,-0.192263,6.979786,7.131168,-0.068368,-0.134761,-0.019061
2367410040.000,Miguel,recording,knock_twice_right,1,-0.202131,6.963409,7.213699,-0.019174,-0.072510,-0.009523
2367410050.000,Miguel,recording,knock_twice_right,1,-0.218107,6.935410,7.134999,0.038585,-0.001722,0.001736
2367410060.000,Miguel,recording,knock_twice_right,1,-0.215857,6.923962,6.964603,0.086346,0.056323,0.011562
2367410070.000,Miguel,recording,knock_twice_right,1,-0.184695,6.899618,6.760954,0.105987,0.083441,0.015988
2367410080.000,Miguel,recording,knock_twice_right,1,-0.184771,6.899858,6.588970,0.093306,0.075780,0.012865
2367410090.000,Miguel,recording,knock_twice_right,1,-0.207907,6.914035,6.525569,0.059362,0.042032,0.006233
2367410100.000,Miguel,recording,knock_twice_right,1,-0.245293,6.918794,6.583933,0.019660,-0.002965,0.000490
2367410110.000,Miguel,recording,knock_twice_right,1,-0.254729,6.932743,6.698029,-0.012513,-0.040690,-0.002365
2367410120.000,Miguel,recording,knock_twice_right,1,-0.217707,6.938416,6.779933,-0.031507,-0.059605,-0.001240
2367410130.000,Miguel,recording,knock_twice_right,1,-0.184395,6.944995,6.860153,-0.036186,-0.055327,-0.000014
2367410140.000,Miguel,recording,knock_twice_right,1,-0.168241,6.942559,6.925901,-0.029394,-0.031666,-0.000312
2367410150.000,Miguel,recording,knock_twice_right,1,-0.177219,6.939320,6.994015,-0.013426,0.001250,0.000626
2367410160.000,Miguel,recording,knock_twice_right,1,-0.202735,6.946729,7.017878,0.008650,0.031954,0.004585
2367410170.000,Miguel,recording,knock_twice_right,1,-0.211455,6.939009,7.025985,0.029091,0.048449,0.009417
2367410180.000,Miguel,recording,knock_twice_right,1,-0.193666,6.915650,6.998259,0.043836,0.046143,0.010194
2367410190.000,Miguel,recording,knock_twice_right,1,-0.174235,6.893254,6.934057,0.049475,0.029329,0.006038
2367410200.000,Miguel,recording,knock_twice_right,1,-0.169926,6.894339,6.836657,0.046188,0.006937,-0.000949
2367410210.000,Miguel,recording,knock_twice_right,1,-0.182364,6.919650,6.786785,0.037407,-0.016193,-0.007710
2367410220.000,Miguel,recording,knock_twice_right,1,-0.213996,6.948284,6.746066,0.025681,-0.034284,-0.012526
2367410230.000,Miguel,recording,knock_twice_right,1,-0.245274,6.969650,6.696982,0.014445,-0.041470,-0.013779
2367410240.000,Miguel,recording,knock_twice_right,1,-0.244452,6.958333,6.687333,0.004698,-0.040857,-0.013330
2367410250.000,Miguel,recording,knock_twice_right,1,-0.211328,6.948611,6.683045,-0.004007,-0.035365,-0.010755
2367410260.000,Miguel,recording,knock_twice_right,1,-0.206967,6.937828,6.674850,-0.012293,-0.026029,-0.004304
2367410270.000,Miguel,recording,knock_twice_right,1,-0.169161,6.917166,6.724959,-0.016343,-0.014970,0.000231
2367410280.000,Miguel,recording,knock_twice_right,1,-0.153125,6.873397,6.785541,-0.012525,-0.006965,0.000481
2367410290.000,Miguel,recording,knock_twice_right,1,-0.157680,6.845978,6.790467,-0.005847,-0.003728,-0.001576
2367410300.000,Miguel,recording,knock_twice_right,1,-0.176198,6.876267,6.768837,-0.003288,0.001306,-0.004625
2367410310.000,Miguel,recording,knock_twice_right,1,-0.174747,6.937576,6.739441,-0.005473,0.008030,-0.009236
2367410320.000,Miguel,recording,knock_twice_right,1,-0.210131,6.977780,6.781811,-0.010999,0.010891,-0.014591
2367410330.000,Miguel,recording,knock_twice_right,1,-0.262083,7.003924,6.843305,-0.015370,0.010860,-0.016772
2367410340.000,Miguel,recording,knock_twice_right,1,-0.315337,7.022921,6.912135,-0.014990,0.008136,-0.012708
2367410350.000,Miguel,recording,knock_twice_right,1,-0.333363,7.027681,6.931320,-0.010877,0.002164,-0.003096
2367410360.000,Miguel,recording,knock_twice_right,1,-0.324375,6.989414,6.922411,-0.004798,-0.002693,0.008142
2367410370.000,Miguel,recording,knock_twice_right,1,-0.265622,6.933967,6.884520,-0.000246,-0.003697,0.014482
2367410380.000,Miguel,recording,knock_twice_right,1,-0.232714,6.902246,6.843937,0.001769,-0.002857,0.014863
2367410390.000,Miguel,recording,knock_twice_right,1,-0.249274,6.895535,6.804085,0.001728,-0.004998,0.014517
2367410400.000,Miguel,recording,knock_twice_right,1,-0.261242,6.882344,6.769049,0.000191,-0.011901,0.016085
2367410410.000,Miguel,recording,knock_twice_right,1,-0.205983,6.895259,6.730763,-0.002298,-0.024203,0.016583
2367410420.000,Miguel,recording,knock_twice_right,1,-0.071974,6.884523,6.645686,-0.011852,-0.043630,0.011562
2367410430.000,Miguel,recording,knock_twice_right,1,-0.003882,6.876651,6.576590,-0.031831,-0.067520,0.003841
2367410440.000,Miguel,recording,knock_twice_right,1,-0.026924,6.861214,6.585539,-0.055248,-0.086118,-0.003811
2367410450.000,Miguel,recording,knock_twice_right,1,-0.010821,6.845882,6.675335,-0.071844,-0.088880,-0.011934
2367410460.000,Miguel,recording,knock_twice_right,1,0.053834,6.831395,6.767119,-0.075069,-0.073596,-0.023188
2367410470.000,Miguel,recording,knock_twice_right,1,0.103735,6.832896,6.814444,-0.068493,-0.043933,-0.040017
2367410480.000,Miguel,recording,knock_twice_right,1,0.051385,6.854887,6.838586,-0.059929,-0.008455,-0.055732
2367410490.000,Miguel,recording,knock_twice_right,1,-0.080865,6.901546,6.862841,-0.053941,0.017181,-0.064009
2367410500.000,Miguel,recording,knock_twice_right,1,-0.181988,6.927952,6.871750,-0.051605,0.024128,-0.064007
2367410510.000,Miguel,recording,knock_twice_right,1,-0.251667,6.937711,6.849731,-0.055592,0.015860,-0.052692
2367410520.000,Miguel,recording,knock_twice_right,1,-0.297175,6.954488,6.842746,-0.067214,-0.003503,-0.032633
2367410530.000,Miguel,recording,knock_twice_right,1,-0.255937,6.934285,6.859805,-0.081499,-0.027220,-0.013015
2367410540.000,Miguel,recording,knock_twice_right,1,-0.193779,6.893862,6.897044,-0.095040,-0.040236,-0.001513
2367410550.000,Miguel,recording,knock_twice_right,1,-0.138996,6.848892,6.978463,-0.105826,-0.033279,-0.000915
2367410560.000,Miguel,recording,knock_twice_right,1,-0.126664,6.833937,7.158452,-0.107733,-0.013394,-0.011784
2367410570.000,Miguel,recording,knock_twice_right,1,-0.177080,6.849525,7.373940,-0.093499,0.006252,-0.027583
2367410580.000,Miguel,recording,knock_twice_right,1,-0.236927,6.880351,7.520003,-0.063230,0.017787,-0.037860
2367410590.000,Miguel,recording,knock_twice_right,1,-0.284233,6.908595,7.539782,-0.027384,0.019828,-0.038852
2367410600.000,Miguel,recording,knock_twice_right,1,-0.326720,6.933584,7.433831,0.002740,0.013743,-0.033432
2367410610.000,Miguel,recording,knock_twice_right,1,-0.319112,6.928436,7.288124,0.020585,0.003423,-0.026682
2367410620.000,Miguel,recording,knock_twice_right,1,-0.279307,6.898302,7.178661,0.025349,-0.010389,-0.022688
2367410630.000,Miguel,recording,knock_twice_right,1,-0.196780,6.859201,7.130934,0.022410,-0.026666,-0.023015
2367410640.000,Miguel,recording,knock_twice_right,1,-0.161629,6.818570,7.116815,0.019907,-0.039401,-0.029405
2367410650.000,Miguel,recording,knock_twice_right,1,-0.155473,6.803642,7.115490,0.021720,-0.045348,-0.041817
2367410660.000,Miguel,recording,knock_twice_right,1,-0.183773,6.815347,7.101392,0.029068,-0.046341,-0.056093
2367410670.000,Miguel,recording,knock_twice_right,1,-0.240952,6.834896,7.049925,0.039876,-0.047782,-0.065854
2367410680.000,Miguel,recording,knock_twice_right,1,-0.280625,6.887779,6.960883,0.046962,-0.053090,-0.065214
2367410690.000,Miguel,recording,knock_twice_right,1,-0.287608,6.908601,6.866111,0.047717,-0.061751,-0.059295
2367410700.000,Miguel,recording,knock_twice_right,1,-0.282618,6.893355,6.770058,0.042026,-0.072190,-0.050035
2367410710.000,Miguel,recording,knock_twice_right,1,-0.247092,6.868798,6.678415,0.030502,-0.080784,-0.035564
2367410720.000,Miguel,recording,knock_twice_right,1,-0.170421,6.849823,6.650079,0.016352,-0.083760,-0.021809
2367410730.000,Miguel,recording,knock_twice_right,1,-0.080539,6.804039,6.685986,0.004596,-0.079682,-0.015580
2367410740.000,Miguel,recording,knock_twice_right,1,0.004739,6.781819,6.797924,0.001344,-0.070320,-0.018537
2367410750.000,Miguel,recording,knock_twice_right,1,0.044676,6.790939,6.824358,0.004269,-0.061216,-0.028060
2367410760.000,Miguel,recording,knock_twice_right,1,0.031043,6.809759,6.808415,0.006106,-0.055933,-0.040160
2367410770.000,Miguel,recording,knock_twice_right,1,0.004994,6.860763,6.770476,0.003418,-0.055711,-0.048369
2367410780.000,Miguel,recording,knock_twice_right,1,-0.067155,6.889430,6.760315,-0.004053,-0.061293,-0.050801
2367410790.000,Miguel,recording,knock_twice_right,1,-0.104422,6.880408,6.732544,-0.016033,-0.072163,-0.047062
2367410800.000,Miguel,recording,knock_twice_right,1,-0.103121,6.837704,6.731449,-0.031813,-0.083985,-0.038742
2367410810.000,Miguel,recording,knock_twice_right,1,-0.063323,6.808770,6.775459,-0.046386,-0.090561,-0.031889
2367410820.000,Miguel,recording,knock_twice_right,1,0.008962,6.774748,6.827933,-0.055287,-0.091887,-0.029122
2367410830.000,Miguel,recording,knock_twice_right,1,0.076498,6.721969,6.854258,-0.061155,-0.089995,-0.033238
2367410840.000,Miguel,recording,knock_twice_right,1,0.131517,6.709920,6.853421,-0.070086,-0.088423,-0.048391
2367410850.000,Miguel,recording,knock_twice_right,1,0.130066,6.757383,6.889942,-0.081830,-0.088600,-0.073967
2367410860.000,Miguel,recording,knock_twice_right,1,0.040018,6.795178,7.007664,-0.089310,-0.085861,-0.100793
2367410870.000,Miguel,recording,knock_twice_right,1,-0.116657,6.847752,7.170947,-0.083874,-0.078701,-0.117691
2367410880.000,Miguel,recording,knock_twice_right,1,-0.246950,6.902902,7.268141,-0.061783,-0.069178,-0.119207
2367410890.000,Miguel,recording,knock_twice_right,1,-0.346714,6.946159,7.231757,-0.031366,-0.057523,-0.105712
2367410900.000,Miguel,recording,knock_twice_right,1,-0.380345,6.957259,7.104292,-0.005337,-0.044027,-0.085383
2367410910.000,Miguel,recording,knock_twice_right,1,-0.358838,6.948555,6.970143,0.008638,-0.029691,-0.069501
2367410920.000,Miguel,recording,knock_twice_right,1,-0.350949,6.943603,6.843226,0.003262,-0.017611,-0.063027
2367410930.000,Miguel,recording,knock_twice_right,1,-0.386812,6.926557,6.790303,-0.018726,-0.011914,-0.063912
2367410940.000,Miguel,recording,knock_twice_right,1,-0.435019,6.932706,6.888257,-0.041838,-0.013611,-0.064020
2367410950.000,Miguel,recording,knock_twice_right,1,-0.499071,6.944532,7.065593,-0.054135,-0.023064,-0.059094
2367410960.000,Miguel,recording,knock_twice_right,1,-0.521858,6.945138,7.195178,-0.053212,-0.037214,-0.049993
2367410970.000,Miguel,recording,knock_twice_right,1,-0.505210,6.931940,7.256355,-0.041591,-0.050793,-0.039303
2367410980.000,Miguel,recording,knock_twice_right,1,-0.455134,6.898791,7.243925,-0.023722,-0.058975,-0.032641
2367410990.000,Miguel,recording,knock_twice_right,1,-0.411323,6.872791,7.188218,-0.004642,-0.058149,-0.032082
2367411000.000,Miguel,recording,knock_twice_right,1,-0.426908,6.862333,7.079505,0.011898,-0.051635,-0.034382
2367411010.000,Miguel,recording,knock_twice_right,1,-0.455768,6.868722,6.966812,0.022811,-0.044991,-0.034369
2367411020.000,Miguel,recording,knock_twice_right,1,-0.479052,6.882839,6.859433,0.024676,-0.039079,-0.030223
2367411030.000,Miguel,recording,knock_twice_right,1,-0.480601,6.933118,6.810358,0.018818,-0.035247,-0.023241
2367411040.000,Miguel,recording,knock_twice_right,1,-0.466269,6.950700,6.814983,0.010934,-0.034158,-0.015330
2367411050.000,Miguel,recording,knock_twice_right,1,-0.455313,6.957165,6.847688,0.003802,-0.032327,-0.007337
2367411060.000,Miguel,recording,knock_twice_right,1,-0.426911,6.979654,6.863739,-0.000275,-0.028840,0.000625
2367411070.000,Miguel,recording,knock_twice_right,1,-0.388404,6.986723,6.899909,-0.000274,-0.023995,0.008040
2367411080.000,Miguel,recording,knock_twice_right,1,-0.379487,6.961241,6.918021,0.001595,-0.013362,0.015437
2367411090.000,Miguel,recording,knock_twice_right,1,-0.397163,6.947870,6.911151,0.003106,0.003868,0.023173
2367411100.000,Miguel,recording,knock_twice_right,1,-0.395641,6.941239,6.952378,0.006091,0.022420,0.031339
2367411110.000,Miguel,recording,knock_twice_right,1,-0.372927,6.929972,7.024766,0.012429,0.037573,0.040582
2367411120.000,Miguel,recording,knock_twice_right,1,-0.339966,6.918514,7.053752,0.019797,0.045212,0.050335
2367411130.000,Miguel,recording,knock_twice_right,1,-0.313704,6.936688,7.058907,0.024066,0.043767,0.058863
2367411140.000,Miguel,recording,knock_twice_right,1,-0.267919,6.936356,7.022631,0.023264,0.036977,0.064141
2367411150.000,Miguel,recording,knock_twice_right,1,-0.245410,6.914467,6.964231,0.018667,0.027034,0.067294
2367411160.000,Miguel,recording,knock_twice_right,1,-0.239495,6.895184,6.936623,0.011508,0.017753,0.069527
2367411170.000,Miguel,recording,knock_twice_right,1,-0.220784,6.887722,6.951708,0.004671,0.014136,0.071100
2367411180.000,Miguel,recording,knock_twice_right,1,-0.202645,6.848138,6.981094,0.001559,0.017921,0.073226
2367411190.000,Miguel,recording,knock_twice_right,1,-0.174679,6.804086,7.016899,0.004061,0.026574,0.073936
2367411200.000,Miguel,recording,knock_twice_right,1,-0.119957,6.789922,7.036693,0.011203,0.035343,0.071026
2367411210.000,Miguel,recording,knock_twice_right,1,-0.093551,6.796206,7.017953,0.018981,0.043671,0.062025
2367411220.000,Miguel,recording,knock_twice_right,1,-0.087719,6.797676,6.978452,0.024272,0.049483,0.048993
2367411230.000,Miguel,recording,knock_twice_right,1,-0.120228,6.810826,6.978127,0.027463,0.051167,0.038280
2367411240.000,Miguel,recording,knock_twice_right,1,-0.180029,6.836663,7.012573,0.030866,0.049743,0.033485
2367411250.000,Miguel,recording,knock_twice_right,1,-0.213517,6.859957,7.028659,0.034160,0.044069,0.034150
2367411260.000,Miguel,recording,knock_twice_right,1,-0.225442,6.881012,7.012569,0.036242,0.035520,0.036386
2367411270.000,Miguel,recording,knock_twice_right,1,-0.217185,6.886888,7.003804,0.038310,0.029204,0.039764
2367411280.000,Miguel,recording,knock_twice_right,1,-0.207455,6.875695,6.998851,0.041858,0.026423,0.043093
2367411290.000,Miguel,recording,knock_twice_right,1,-0.200478,6.859724,6.987824,0.045269,0.025287,0.044891
2367411300.000,Miguel,recording,knock_twice_right,1,-0.200932,6.843923,6.959623,0.046241,0.025698,0.045365
2367411310.000,Miguel,recording,knock_twice_right,1,-0.212148,6.857896,6.949552,0.046000,0.026799,0.045812
2367411320.000,Miguel,recording,knock_twice_right,1,-0.222065,6.876068,6.951175,0.044693,0.028495,0.047769
2367411330.000,Miguel,recording,knock_twice_right,1,-0.219205,6.895058,6.937330,0.042897,0.031599,0.050167
2367411340.000,Miguel,recording,knock_twice_right,1,-0.176167,6.910481,6.933839,0.041480,0.035100,0.051554
2367411350.000,Miguel,recording,knock_twice_right,1,-0.157702,6.896639,6.950513,0.039126,0.036706,0.050702
2367411360.000,Miguel,recording,knock_twice_right,1,-0.160475,6.887874,6.955730,0.036554,0.033612,0.045881
2367411370.000,Miguel,recording,knock_twice_right,1,-0.190135,6.898265,6.972065,0.034803,0.026506,0.040635
2367411380.000,Miguel,recording,knock_twice_right,1,-0.234712,6.928801,7.006172,0.036053,0.019647,0.042577
2367411390.000,Miguel,recording,knock_twice_right,1,-0.248234,6.952647,7.010409,0.040802,0.014791,0.054181
2367411400.000,Miguel,recording,knock_twice_right,1,-0.210315,6.951464,6.988033,0.046294,0.011505,0.070253
2367411410.000,Miguel,recording,knock_twice_right,1,-0.133259,6.926086,6.962894,0.051123,0.008905,0.082086
2367411420.000,Miguel,recording,knock_twice_right,1,-0.017611,6.889582,6.913537,0.053297,0.008612,0.082675
2367411430.000,Miguel,recording,knock_twice_right,1,0.046771,6.871747,6.893000,0.053619,0.012042,0.070057
2367411440.000,Miguel,recording,knock_twice_right,1,0.032423,6.866215,6.872212,0.053106,0.016930,0.051348
2367411450.000,Miguel,recording,knock_twice_right,1,-0.053559,6.873595,6.852007,0.051395,0.020658,0.035943
2367411460.000,Miguel,recording,knock_twice_right,1,-0.155895,6.906392,6.842095,0.048844,0.020002,0.030810
2367411470.000,Miguel,recording,knock_twice_right,1,-0.199653,6.934294,6.841511,0.046770,0.017196,0.036389
2367411480.000,Miguel,recording,knock_twice_right,1,-0.196173,6.943742,6.827019,0.046712,0.015844,0.048316
2367411490.000,Miguel,recording,knock_twice_right,1,-0.156883,6.950501,6.810125,0.045619,0.016462,0.063238
2367411500.000,Miguel,recording,knock_twice_right,1,-0.084720,6.946569,6.780156,0.042752,0.017680,0.076244
2367411510.000,Miguel,recording,knock_twice_right,1,0.025621,6.918183,6.756242,0.038485,0.017673,0.081220
2367411520.000,Miguel,recording,knock_twice_right,1,0.129711,6.877686,6.753021,0.033001,0.018782,0.073614
2367411530.000,Miguel,recording,knock_twice_right,1,0.132887,6.870646,6.774050,0.029015,0.021363,0.056639
2367411540.000,Miguel,recording,knock_twice_right,1,0.032638,6.891176,6.816784,0.026966,0.021734,0.041880
2367411550.000,Miguel,recording,knock_twice_right,1,-0.080286,6.896958,6.827376,0.025817,0.018901,0.037004
2367411560.000,Miguel,recording,knock_twice_right,1,-0.104251,6.899618,6.821140,0.025326,0.012580,0.041259
2367411570.000,Miguel,recording,knock_twice_right,1,-0.054152,6.897204,6.788774,0.023675,0.005213,0.049898
2367411580.000,Miguel,recording,knock_twice_right,1,0.033744,6.879634,6.725930,0.017674,0.000656,0.056022
2367411590.000,Miguel,recording,knock_twice_right,1,0.138594,6.849037,6.706151,0.008968,0.000153,0.054947
2367411600.000,Miguel,recording,knock_twice_right,1,0.217844,6.821805,6.764056,0.003743,0.003546,0.046360
2367411610.000,Miguel,recording,knock_twice_right,1,0.242639,6.794860,6.860129,0.005556,0.011309,0.032029
2367411620.000,Miguel,recording,knock_twice_right,1,0.220051,6.801389,6.910524,0.014762,0.023136,0.014558
2367411630.000,Miguel,recording,knock_twice_right,1,0.130677,6.844095,6.939609,0.027339,0.033606,-0.003334
2367411640.000,Miguel,recording,knock_twice_right,1,0.029888,6.875310,6.919638,0.038408,0.038596,-0.015292
2367411650.000,Miguel,recording,knock_twice_right,1,-0.061831,6.909389,6.865553,0.044839,0.036894,-0.018184
2367411660.000,Miguel,recording,knock_twice_right,1,-0.097954,6.920864,6.765060,0.043537,0.027766,-0.016266
2367411670.000,Miguel,recording,knock_twice_right,1,-0.102028,6.931512,6.676633,0.033394,0.013772,-0.012605
2367411680.000,Miguel,recording,knock_twice_right,1,-0.068561,6.968109,6.633475,0.015099,-0.001169,-0.009729
2367411690.000,Miguel,recording,knock_twice_right,1,-0.049781,6.986522,6.654010,-0.005104,-0.012948,-0.008743
2367411700.000,Miguel,recording,knock_twice_right,1,-0.055985,6.990835,6.727995,-0.019311,-0.017908,-0.007491
2367411710.000,Miguel,recording,knock_twice_right,1,-0.075470,6.991669,6.795897,-0.023813,-0.016131,-0.005752
2367411720.000,Miguel,recording,knock_twice_right,1,-0.098939,6.972142,6.836194,-0.022298,-0.009571,-0.004067
2367411730.000,Miguel,recording,knock_twice_right,1,-0.115393,6.955492,6.874156,-0.019077,-0.000898,-0.001576
2367411740.000,Miguel,recording,knock_twice_right,1,-0.122575,6.927245,6.902817,-0.012065,0.008318,0.000749
2367411750.000,Miguel,recording,knock_twice_right,1,-0.120906,6.913598,6.923575,-0.002047,0.016305,0.001502
2367411760.000,Miguel,recording,knock_twice_right,1,-0.123738,6.927155,6.918936,0.006665,0.017876,0.001505
2367411770.000,Miguel,recording,knock_twice_right,1,-0.118661,6.959528,6.895736,0.011156,0.011116,0.000893
2367411780.000,Miguel,recording,knock_twice_right,1,-0.120464,6.992280,6.831268,0.011022,-0.000976,-0.000825
2367411790.000,Miguel,recording,knock_twice_right,1,-0.124873,7.030380,6.727622,0.004710,-0.014497,-0.002832
2367411800.000,Miguel,recording,knock_twice_right,1,-0.130264,7.047613,6.691464,-0.008240,-0.023889,-0.003466
2367411810.000,Miguel,recording,knock_twice_right,1,-0.163563,7.058963,6.714953,-0.021925,-0.023381,-0.000806
2367411820.000,Miguel,recording,knock_twice_right,1,-0.178978,7.047793,6.762523,-0.030205,-0.014071,0.006030
2367411830.000,Miguel,recording,knock_twice_right,1,-0.180689,7.013258,6.837647,-0.031449,-0.001396,0.015091
2367411840.000,Miguel,recording,knock_twice_right,1,-0.146948,6.955831,6.906423,-0.025683,0.010847,0.022789
2367411850.000,Miguel,recording,knock_twice_right,1,-0.117821,6.901406,6.934456,-0.014388,0.020183,0.025085
2367411860.000,Miguel,recording,knock_twice_right,1,-0.091129,6.893701,6.935485,-0.004673,0.024606,0.020696
2367411870.000,Miguel,recording,knock_twice_right,1,-0.090090,6.898299,6.907771,-0.000629,0.021231,0.014684
2367411880.000,Miguel,recording,knock_twice_right,1,-0.100860,6.939339,6.884764,-0.002187,0.009554,0.009871
2367411890.000,Miguel,recording,knock_twice_right,1,-0.127464,6.958843,6.899160,-0.005714,-0.006785,0.007430
2367411900.000,Miguel,recording,knock_twice_right,1,-0.137180,6.974899,6.898021,-0.005941,-0.021937,0.010457
2367411910.000,Miguel,recording,knock_twice_right,1,-0.093820,6.972971,6.892467,-0.001553,-0.030231,0.017275
2367411920.000,Miguel,recording,knock_twice_right,1,-0.018442,6.937759,6.855049,0.005228,-0.028540,0.021102
2367411930.000,Miguel,recording,knock_twice_right,1,0.058908,6.885792,6.791793,0.010737,-0.018125,0.018663
2367411940.000,Miguel,recording,knock_twice_right,1,0.090815,6.865116,6.745267,0.013474,0.000254,0.010930
2367411950.000,Miguel,recording,knock_twice_right,1,0.085421,6.865782,6.694899,0.012308,0.022254,0.000571
2367411960.000,Miguel,recording,knock_twice_right,1,0.080146,6.894829,6.715890,0.008153,0.040526,-0.008021
2367411970.000,Miguel,recording,knock_twice_right,1,0.026129,6.909814,6.753325,0.002667,0.049287,-0.014755
2367411980.000,Miguel,recording,knock_twice_right,1,0.001761,6.937810,6.810133,-0.002470,0.044514,-0.018921
2367411990.000,Miguel,recording,knock_twice_right,1,-0.030974,6.946211,6.831543,-0.006239,0.028219,-0.020130
2367412000.000,Miguel,recording,knock_twice_right,1,-0.792690,7.098571,6.683735,-0.018618,0.063424,-0.012775
2367412010.000,Miguel,recording,knock_twice_right,1,-1.753759,7.497387,6.529322,-0.039950,0.033405,0.034021
2367412020.000,Miguel,recording,knock_twice_right,1,-0.456915,7.361724,6.813025,-0.077811,-0.108142,0.070893
2367412030.000,Miguel,recording,knock_twice_right,1,-0.286774,6.917562,6.689460,-0.134802,-0.189924,0.061423
2367412040.000,Miguel,recording,knock_twice_right,1,0.040288,6.983908,6.950472,-0.159829,-0.211356,0.048867
2367412050.000,Miguel,recording,knock_twice_right,1,0.277907,6.949263,7.290514,-0.124460,-0.170028,0.041714
2367412060.000,Miguel,recording,knock_twice_right,1,0.495485,6.899397,7.407909,-0.051835,-0.049825,0.037525
2367412070.000,Miguel,recording,knock_twice_right,1,0.324106,6.797054,7.365464,0.035010,0.092289,0.033979
2367412080.000,Miguel,recording,knock_twice_right,1,0.211364,6.648072,7.206592,0.113614,0.213645,0.034388
2367412090.000,Miguel,recording,knock_twice_right,1,0.156301,6.663563,6.976010,0.156940,0.275966,0.035332
2367412100.000,Miguel,recording,knock_twice_right,1,0.246329,6.720733,6.781497,0.153305,0.259247,0.025931
2367412110.000,Miguel,recording,knock_twice_right,1,0.297191,6.746468,6.689042,0.112800,0.183163,0.003556
2367412120.000,Miguel,recording,knock_twice_right,1,0.244897,6.775991,6.687746,0.055328,0.072763,-0.025356
2367412130.000,Miguel,recording,knock_twice_right,1,0.180395,6.840403,6.756955,0.001619,-0.043082,-0.050942
2367412140.000,Miguel,recording,knock_twice_right,1,0.111821,6.921938,6.829006,-0.036009,-0.128496,-0.067385
2367412150.000,Miguel,recording,knock_twice_right,1,0.053957,6.982755,6.903409,-0.051676,-0.161597,-0.072518
2367412160.000,Miguel,recording,knock_twice_right,1,0.011792,7.032528,6.949963,-0.043221,-0.143140,-0.066887
2367412170.000,Miguel,recording,knock_twice_right,1,-0.226773,7.041716,6.936676,-0.015590,-0.079813,-0.056394
2367412180.000,Miguel,recording,knock_twice_right,1,-1.486488,7.347406,6.619839,0.012490,0.071379,0.005806
2367412190.000,Miguel,recording,knock_twice_right,1,-2.265569,7.819348,6.388275,0.050142,0.172583,0.119364
2367412200.000,Miguel,recording,knock_twice_right,1,-0.398162,7.297275,6.628256,0.075839,0.185469,0.201518
2367412210.000,Miguel,recording,knock_twice_right,1,-0.407565,6.992235,6.192873,0.052326,0.193076,0.203717
2367412220.000,Miguel,recording,knock_twice_right,1,0.784447,6.598230,6.342981,-0.000591,0.122911,0.134716
2367412230.000,Miguel,recording,knock_twice_right,1,0.610138,6.630878,6.486134,-0.063981,0.013857,0.042686
2367412240.000,Miguel,recording,knock_twice_right,1,0.608413,6.640600,6.826681,-0.112084,-0.070221,-0.032737
2367412250.000,Miguel,recording,knock_twice_right,1,0.140756,6.855257,7.202095,-0.122967,-0.124821,-0.064986
2367412260.000,Miguel,recording,knock_twice_right,1,-0.236368,6.945437,7.422830,-0.101569,-0.147195,-0.052818
2367412270.000,Miguel,recording,knock_twice_right,1,-0.303155,6.891678,7.422182,-0.061384,-0.118859,-0.019250
2367412280.000,Miguel,recording,knock_twice_right,1,-0.140710,6.940128,7.332037,-0.012272,-0.050988,0.014160
2367412290.000,Miguel,recording,knock_twice_right,1,0.110603,6.985880,7.233229,0.035604,0.028015,0.034856
2367412300.000,Miguel,recording,knock_twice_right,1,0.257654,6.990417,7.089767,0.068385,0.095382,0.035967
2367412310.000,Miguel,recording,knock_twice_right,1,0.255832,6.948635,6.973655,0.078405,0.128532,0.020089
2367412320.000,Miguel,recording,knock_twice_right,1,0.087129,6.930378,6.923771,0.067344,0.115978,-0.001668
2367412330.000,Miguel,recording,knock_twice_right,1,-0.100080,6.951177,6.940775,0.043548,0.065941,-0.016717
2367412340.000,Miguel,recording,knock_twice_right,1,-0.204731,6.970095,6.975381,0.021241,-0.001961,-0.016357
2367412350.000,Miguel,recording,knock_twice_right,1,-0.237542,6.956385,6.990760,0.007973,-0.063094,-0.001967
2367412360.000,Miguel,recording,knock_twice_right,1,-0.184479,6.918820,6.926996,0.003443,-0.098776,0.016958
2367412370.000,Miguel,recording,knock_twice_right,1,-0.055876,6.869176,6.827714,0.006898,-0.102761,0.031251
2367412380.000,Miguel,recording,knock_twice_right,1,0.108554,6.848525,6.752147,0.015158,-0.080228,0.032363
2367412390.000,Miguel,recording,knock_twice_right,1,0.195181,6.834771,6.715446,0.025173,-0.045504,0.021357
2367412400.000,Miguel,recording,knock_twice_right,1,0.201255,6.833372,6.701806,0.034418,-0.011591,0.005752
2367412410.000,Miguel,recording,knock_twice_right,1,0.139495,6.862136,6.664965,0.038896,0.013641,-0.011351
2367412420.000,Miguel,recording,knock_twice_right,1,0.051761,6.904413,6.631885,0.037284,0.026548,-0.024994
2367412430.000,Miguel,recording,knock_twice_right,1,-0.053390,6.952720,6.620091,0.028503,0.026182,-0.031083
2367412440.000,Miguel,recording,knock_twice_right,1,-0.133428,6.984302,6.622464,0.015243,0.014513,-0.028932
2367412450.000,Miguel,recording,knock_twice_right,1,-0.160538,7.004842,6.633115,0.000079,-0.002502,-0.020986
2367412460.000,Miguel,recording,knock_twice_right,1,-0.153787,7.006219,6.626266,-0.015020,-0.017410,-0.013085
2367412470.000,Miguel,recording,knock_twice_right,1,-0.128659,6.997873,6.645246,-0.028549,-0.026715,-0.008637
2367412480.000,Miguel,recording,knock_twice_right,1,-0.110967,6.987276,6.694970,-0.039297,-0.027838,-0.005876
2367412490.000,Miguel,recording,knock_twice_right,1,-0.118947,6.975679,6.772139,-0.042656,-0.019654,-0.002937
2367412500.000,Miguel,recording,knock_twice_right,1,-0.103733,6.968542,6.878615,-0.037238,-0.005439,-0.001297
2367412510.000,Miguel,recording,knock_twice_right,1,-0.106276,6.966579,6.957531,-0.024873,0.011960,-0.000034
2367412520.000,Miguel,recording,knock_twice_right,1,-0.100606,6.967995,6.968309,-0.010292,0.026967,0.003428
2367412530.000,Miguel,recording,knock_twice_right,1,-0.088567,6.994329,6.929475,-0.000967,0.031978,0.007125
2367412540.000,Miguel,recording,knock_twice_right,1,-0.059575,6.979333,6.892326,-0.000115,0.024312,0.008810
2367412550.000,Miguel,recording,knock_twice_right,1,-0.006035,6.937126,6.864775,-0.005829,0.008181,0.005738
2367412560.000,Miguel,recording,knock_twice_right,1,0.015797,6.918221,6.855366,-0.016795,-0.010466,-0.002198
2367412570.000,Miguel,recording,knock_twice_right,1,0.027750,6.891698,6.883142,-0.027488,-0.024563,-0.012667
2367412580.000,Miguel,recording,knock_twice_right,1,0.023993,6.886975,6.934703,-0.031193,-0.029658,-0.024195
2367412590.000,Miguel,recording,knock_twice_right,1,-0.039468,6.913278,7.002024,-0.025071,-0.024967,-0.031804
2367412600.000,Miguel,recording,knock_twice_right,1,-0.118662,6.955086,7.021370,-0.010895,-0.012336,-0.032219
2367412610.000,Miguel,recording,knock_twice_right,1,-0.164585,6.985707,7.014259,0.006848,0.002687,-0.026062
2367412620.000,Miguel,recording,knock_twice_right,1,-0.164086,7.005475,6.973624,0.023471,0.012517,-0.014610
2367412630.000,Miguel,recording,knock_twice_right,1,-0.124749,7.002275,6.851459,0.032449,0.009845,-0.003108
2367412640.000,Miguel,recording,knock_twice_right,1,-0.064783,6.978895,6.729288,0.029866,-0.003423,0.002123
2367412650.000,Miguel,recording,knock_twice_right,1,-0.005786,6.936071,6.619804,0.014359,-0.021462,-0.001229
2367412660.000,Miguel,recording,knock_twice_right,1,0.025164,6.906864,6.568676,-0.009691,-0.040561,-0.009166
2367412670.000,Miguel,recording,knock_twice_right,1,0.041353,6.879900,6.599457,-0.029960,-0.054240,-0.016145
2367412680.000,Miguel,recording,knock_twice_right,1,0.028673,6.870387,6.634528,-0.041348,-0.057071,-0.020142
2367412690.000,Miguel,recording,knock_twice_right,1,0.017064,6.853914,6.645181,-0.046187,-0.050113,-0.021271
2367412700.000,Miguel,recording,knock_twice_right,1,0.058080,6.853255,6.600264,-0.048163,-0.038477,-0.020802
2367412710.000,Miguel,recording,knock_twice_right,1,0.162260,6.863806,6.549565,-0.052148,-0.026647,-0.025453
2367412720.000,Miguel,recording,knock_twice_right,1,0.248800,6.857151,6.494587,-0.061006,-0.018061,-0.039651
2367412730.000,Miguel,recording,knock_twice_right,1,0.212812,6.830395,6.492097,-0.073330,-0.015143,-0.060978
2367412740.000,Miguel,recording,knock_twice_right,1,0.099651,6.827024,6.540661,-0.083724,-0.020393,-0.081683
2367412750.000,Miguel,recording,knock_twice_right,1,-0.054529,6.837072,6.658181,-0.089248,-0.031493,-0.090221
2367412760.000,Miguel,recording,knock_twice_right,1,-0.157385,6.841754,6.773921,-0.087229,-0.043432,-0.083777
2367412770.000,Miguel,recording,knock_twice_right,1,-0.170664,6.831861,6.835745,-0.077061,-0.053244,-0.068695
2367412780.000,Miguel,recording,knock_twice_right,1,-0.155527,6.839337,6.789672,-0.065723,-0.051271,-0.055425
2367412790.000,Miguel,recording,knock_twice_right,1,-0.108481,6.891983,6.763723,-0.062850,-0.029941,-0.045410
2367412800.000,Miguel,recording,knock_twice_right,1,-0.110232,6.955889,6.752198,-0.070558,0.001954,-0.034887
2367412810.000,Miguel,recording,knock_twice_right,1,-0.103529,7.028872,6.850225,-0.083176,0.030216,-0.028898
2367412820.000,Miguel,recording,knock_twice_right,1,-0.114760,7.054046,7.015851,-0.094306,0.043504,-0.027520
2367412830.000,Miguel,recording,knock_twice_right,1,-0.174739,7.035015,7.185260,-0.097000,0.038557,-0.022719
2367412840.000,Miguel,recording,knock_twice_right,1,-0.238439,6.986882,7.312030,-0.088928,0.022871,-0.011974
2367412850.000,Miguel,recording,knock_twice_right,1,-0.222359,6.904137,7.338930,-0.074694,0.006070,-0.001932
2367412860.000,Miguel,recording,knock_twice_right,1,-0.181409,6.862722,7.287989,-0.061612,-0.005654,0.001155
2367412870.000,Miguel,recording,knock_twice_right,1,-0.155837,6.827177,7.241750,-0.053093,-0.011091,-0.000589
2367412880.000,Miguel,recording,knock_twice_right,1,-0.141881,6.822643,7.217192,-0.046512,-0.012461,-0.004174
2367412890.000,Miguel,recording,knock_twice_right,1,-0.119370,6.837824,7.201101,-0.041239,-0.010918,-0.008771
2367412900.000,Miguel,recording,knock_twice_right,1,-0.098550,6.855441,7.217011,-0.036568,-0.008082,-0.013512
2367412910.000,Miguel,recording,knock_twice_right,2,-0.074333,6.860807,7.266813,-0.029832,-0.010795,-0.019427
2367412920.000,Miguel,recording,knock_twice_right,2,-0.071576,6.855450,7.272908,-0.019737,-0.022387,-0.025368
2367412930.000,Miguel,recording,knock_twice_right,2,-0.094673,6.824170,7.220483,-0.009784,-0.037286,-0.030391
2367412940.000,Miguel,recording,knock_twice_right,2,-0.076987,6.808192,7.131885,-0.001198,-0.049684,-0.034371
2367412950.000,Miguel,recording,knock_twice_right,2,-0.040547,6.793691,7.063101,0.006691,-0.053500,-0.037895
2367412960.000,Miguel,recording,knock_twice_right,2,-0.045067,6.808853,6.968387,0.011441,-0.041300,-0.043832
2367412970.000,Miguel,recording,knock_twice_right,2,-0.079194,6.847330,6.968852,0.016373,-0.015439,-0.050969
2367412980.000,Miguel,recording,knock_twice_right,2,-0.151214,6.882459,7.032006,0.027024,0.011336,-0.053989
2367412990.000,Miguel,recording,knock_twice_right,2,-0.224962,6.900070,7.044105,0.040224,0.028769,-0.048246
2367413000.000,Miguel,recording,knock_twice_right,2,-0.265011,6.936090,6.985176,0.046640,0.037499,-0.034875
2367413010.000,Miguel,recording,knock_twice_right,2,-0.222718,6.965469,6.941704,0.042615,0.036539,-0.021246
2367413020.000,Miguel,recording,knock_twice_right,2,-0.160104,6.954520,6.912503,0.031984,0.023853,-0.012718
2367413030.000,Miguel,recording,knock_twice_right,2,-0.108844,6.907482,6.881234,0.017345,0.003150,-0.009612
2367413040.000,Miguel,recording,knock_twice_right,2,-0.074021,6.859830,6.889139,0.000694,-0.019585,-0.010141
2367413050.000,Miguel,recording,knock_twice_right,2,-0.041292,6.813533,6.943217,-0.012485,-0.039876,-0.012241
2367413060.000,Miguel,recording,knock_twice_right,2,-0.024339,6.768215,7.005434,-0.014585,-0.053948,-0.015864
2367413070.000,Miguel,recording,knock_twice_right,2,0.009624,6.718070,7.046059,-0.002957,-0.058968,-0.019313
2367413080.000,Miguel,recording,knock_twice_right,2,0.035522,6.695085,7.021495,0.015897,-0.054559,-0.022606
2367413090.000,Miguel,recording,knock_twice_right,2,0.064514,6.720817,6.925828,0.031706,-0.043489,-0.028446
2367413100.000,Miguel,recording,knock_twice_right,2,0.080833,6.752433,6.844059,0.041079,-0.031259,-0.036423
2367413110.000,Miguel,recording,knock_twice_right,2,0.071450,6.792145,6.766961,0.042506,-0.020443,-0.044205
2367413120.000,Miguel,recording,knock_twice_right,2,0.012850,6.821621,6.724360,0.035917,-0.010929,-0.049476
2367413130.000,Miguel,recording,knock_twice_right,2,-0.030183,6.869051,6.704651,0.025650,-0.004032,-0.049755
2367413140.000,Miguel,recording,knock_twice_right,2,-0.068712,6.893838,6.711442,0.013605,-0.002434,-0.043602
2367413150.000,Miguel,recording,knock_twice_right,2,-0.101159,6.884433,6.756721,0.001982,-0.006832,-0.033606
2367413160.000,Miguel,recording,knock_twice_right,2,-0.082791,6.862113,6.829350,-0.005607,-0.021506,-0.024572
2367413170.000,Miguel,recording,knock_twice_right,2,-0.046880,6.835795,6.839326,-0.007764,-0.043358,-0.019331
2367413180.000,Miguel,recording,knock_twice_right,2,0.001476,6.816933,6.789069,-0.008242,-0.061421,-0.018823
2367413190.000,Miguel,recording,knock_twice_right,2,0.027660,6.809518,6.756818,-0.010432,-0.073535,-0.023116
2367413200.000,Miguel,recording,knock_twice_right,2,0.014721,6.797367,6.703295,-0.014115,-0.079417,-0.031921
2367413210.000,Miguel,recording,knock_twice_right,2,-0.034943,6.815077,6.642474,-0.018176,-0.076940,-0.043340
2367413220.000,Miguel,recording,knock_twice_right,2,-0.109119,6.891744,6.642402,-0.024658,-0.068549,-0.051829
2367413230.000,Miguel,recording,knock_twice_right,2,-0.218342,6.932315,6.676358,-0.034366,-0.059571,-0.048919
2367413240.000,Miguel,recording,knock_twice_right,2,-0.272810,6.932226,6.729296,-0.045869,-0.054324,-0.032968
2367413250.000,Miguel,recording,knock_twice_right,2,-0.231055,6.912220,6.779889,-0.056983,-0.052938,-0.015052
2367413260.000,Miguel,recording,knock_twice_right,2,-0.130157,6.852421,6.863214,-0.063187,-0.052753,-0.006828
2367413270.000,Miguel,recording,knock_twice_right,2,-0.030991,6.765071,6.912177,-0.061191,-0.051545,-0.009555
2367413280.000,Miguel,recording,knock_twice_right,2,-0.009357,6.697093,6.952202,-0.053001,-0.051515,-0.017584
2367413290.000,Miguel,recording,knock_twice_right,2,-0.039484,6.707494,6.994246,-0.039209,-0.058222,-0.024623
2367413300.000,Miguel,recording,knock_twice_right,2,-0.031855,6.714293,7.046165,-0.017946,-0.071675,-0.029216
2367413310.000,Miguel,recording,knock_twice_right,2,0.003741,6.713447,7.022315,0.005637,-0.083275,-0.033245
2367413320.000,Miguel,recording,knock_twice_right,2,0.025861,6.739165,6.921156,0.024002,-0.087332,-0.039401
2367413330.000,Miguel,recording,knock_twice_right,2,0.046541,6.758975,6.785305,0.029561,-0.086848,-0.048968
2367413340.000,Miguel,recording,knock_twice_right,2,0.053244,6.789190,6.605318,0.012503,-0.082412,-0.059820
2367413350.000,Miguel,recording,knock_twice_right,2,0.061220,6.815036,6.526454,-0.029436,-0.072147,-0.071483
2367413360.000,Miguel,recording,knock_twice_right,2,0.045245,6.850563,6.668407,-0.080777,-0.060563,-0.083196
2367413370.000,Miguel,recording,knock_twice_right,2,-0.017631,6.877994,6.953008,-0.116974,-0.050615,-0.090270
2367413380.000,Miguel,recording,knock_twice_right,2,-0.105106,6.895077,7.253718,-0.121278,-0.040952,-0.088109
2367413390.000,Miguel,recording,knock_twice_right,2,-0.145797,6.891789,7.451187,-0.092191,-0.032483,-0.078666
2367413400.000,Miguel,recording,knock_twice_right,2,-0.137753,6.857196,7.442759,-0.043785,-0.026346,-0.069157
2367413410.000,Miguel,recording,knock_twice_right,2,-0.124665,6.856363,7.240929,0.004739,-0.023066,-0.064831
2367413420.000,Miguel,recording,knock_twice_right,2,-0.161589,6.871114,6.945617,0.035804,-0.025434,-0.063948
2367413430.000,Miguel,recording,knock_twice_right,2,-0.198591,6.872574,6.597058,0.038003,-0.033972,-0.061930
2367413440.000,Miguel,recording,knock_twice_right,2,-0.210316,6.868655,6.316319,0.011259,-0.046501,-0.056905
2367413450.000,Miguel,recording,knock_twice_right,2,-0.186189,6.869137,6.150574,-0.039349,-0.059890,-0.051872
2367413460.000,Miguel,recording,knock_twice_right,2,-0.175939,6.856691,6.094297,-0.105878,-0.069204,-0.048734
2367413470.000,Miguel,recording,knock_twice_right,2,-0.175053,6.812272,6.138848,-0.177043,-0.068082,-0.045639
2367413480.000,Miguel,recording,knock_twice_right,2,-0.174474,6.794867,6.377941,-0.239766,-0.052688,-0.044211
2367413490.000,Miguel,recording,knock_twice_right,2,-0.150827,6.774071,6.753495,-0.276730,-0.025439,-0.046823
2367413500.000,Miguel,recording,knock_twice_right,2,-0.139373,6.752959,7.103068,-0.276663,0.006524,-0.051645
2367413510.000,Miguel,recording,knock_twice_right,2,-0.164388,6.734769,7.345315,-0.242507,0.036048,-0.055069
2367413520.000,Miguel,recording,knock_twice_right,2,-0.218866,6.745924,7.384748,-0.189740,0.053741,-0.055424
2367413530.000,Miguel,recording,knock_twice_right,2,-0.287552,6.744850,7.246968,-0.143879,0.054112,-0.051418
2367413540.000,Miguel,recording,knock_twice_right,2,-0.307619,6.739504,7.044281,-0.122125,0.043768,-0.046510
2367413550.000,Miguel,recording,knock_twice_right,2,-0.315047,6.695395,6.890963,-0.128491,0.029991,-0.044255
2367413560.000,Miguel,recording,knock_twice_right,2,-0.343837,6.681837,6.803904,-0.158503,0.016646,-0.043911
2367413570.000,Miguel,recording,knock_twice_right,2,-0.385536,6.697246,6.886319,-0.197113,0.005363,-0.043543
2367413580.000,Miguel,recording,knock_twice_right,2,-0.412564,6.724185,7.101471,-0.224848,-0.002283,-0.036715
2367413590.000,Miguel,recording,knock_twice_right,2,-0.385392,6.716841,7.345587,-0.232714,-0.001890,-0.025220
2367413600.000,Miguel,recording,knock_twice_right,2,-0.298579,6.712917,7.513461,-0.225089,0.003815,-0.014887
2367413610.000,Miguel,recording,knock_twice_right,2,-0.201859,6.713112,7.550203,-0.207461,0.008054,-0.008501
2367413620.000,Miguel,recording,knock_twice_right,2,-0.160272,6.683779,7.540855,-0.184855,0.010202,-0.008345
2367413630.000,Miguel,recording,knock_twice_right,2,-0.154141,6.665189,7.545877,-0.159902,0.010527,-0.010552
2367413640.000,Miguel,recording,knock_twice_right,2,-0.192578,6.607155,7.525520,-0.133969,0.008303,-0.008736
2367413650.000,Miguel,recording,knock_twice_right,2,-0.257004,6.542773,7.415758,-0.113705,0.005732,-0.001660
2367413660.000,Miguel,recording,knock_twice_right,2,-0.253915,6.500770,7.250220,-0.108724,0.003692,0.008708
2367413670.000,Miguel,recording,knock_twice_right,2,-0.196590,6.507969,7.155439,-0.120669,0.001911,0.018474
2367413680.000,Miguel,recording,knock_twice_right,2,-0.144370,6.492570,7.181755,-0.140370,0.004577,0.023475
2367413690.000,Miguel,recording,knock_twice_right,2,-0.083519,6.492395,7.302775,-0.155406,0.010607,0.022675
2367413700.000,Miguel,recording,knock_twice_right,2,-0.018212,6.508167,7.432924,-0.155986,0.016668,0.017466
2367413710.000,Miguel,recording,knock_twice_right,2,0.020428,6.507508,7.503697,-0.143807,0.021444,0.010283
2367413720.000,Miguel,recording,knock_twice_right,2,-0.004362,6.495495,7.517187,-0.125621,0.023289,0.003193
2367413730.000,Miguel,recording,knock_twice_right,2,-0.049818,6.466985,7.457434,-0.106117,0.021408,-0.000901
2367413740.000,Miguel,recording,knock_twice_right,2,-0.112208,6.432470,7.280805,-0.095728,0.015483,-0.001494
2367413750.000,Miguel,recording,knock_twice_right,2,-0.152938,6.400857,7.104498,-0.104970,0.008577,-0.000463
2367413760.000,Miguel,recording,knock_twice_right,2,-0.200182,6.396528,7.061122,-0.130211,0.001933,0.000897
2367413770.000,Miguel,recording,knock_twice_right,2,-0.224571,6.410070,7.196993,-0.155058,-0.004840,0.004146
2367413780.000,Miguel,recording,knock_twice_right,2,-0.219992,6.414912,7.369834,-0.164887,-0.008241,0.010909
2367413790.000,Miguel,recording,knock_twice_right,2,-0.212731,6.457308,7.480426,-0.161247,-0.007908,0.020217
2367413800.000,Miguel,recording,knock_twice_right,2,-0.184035,6.463544,7.481994,-0.153862,-0.008765,0.027746
2367413810.000,Miguel,recording,knock_twice_right,2,-0.149607,6.458811,7.446898,-0.149513,-0.009808,0.030808
2367413820.000,Miguel,recording,knock_twice_right,2,-0.126367,6.425962,7.439653,-0.149701,-0.011447,0.029721
2367413830.000,Miguel,recording,knock_twice_right,2,-0.129780,6.401499,7.463307,-0.152851,-0.015970,0.026739
2367413840.000,Miguel,recording,knock_twice_right,2,-0.192678,6.368354,7.498085,-0.155262,-0.021344,0.026477
2367413850.000,Miguel,recording,knock_twice_right,2,-0.221801,6.332702,7.569857,-0.151699,-0.028147,0.030234
2367413860.000,Miguel,recording,knock_twice_right,2,-0.198467,6.306802,7.621212,-0.137667,-0.033349,0.036447
2367413870.000,Miguel,recording,knock_twice_right,2,-0.157596,6.304064,7.598082,-0.115532,-0.032173,0.041397
2367413880.000,Miguel,recording,knock_twice_right,2,-0.115111,6.336909,7.476983,-0.097295,-0.024447,0.039546
2367413890.000,Miguel,recording,knock_twice_right,2,-0.116717,6.387947,7.293921,-0.095817,-0.014016,0.033216
2367413900.000,Miguel,recording,knock_twice_right,2,-0.169922,6.392695,7.193807,-0.113472,-0.005689,0.029009
2367413910.000,Miguel,recording,knock_twice_right,2,-0.240167,6.390412,7.273112,-0.136722,-0.000532,0.030946
2367413920.000,Miguel,recording,knock_twice_right,2,-0.267506,6.394953,7.452315,-0.149830,0.006306,0.040764
2367413930.000,Miguel,recording,knock_twice_right,2,-0.210648,6.367397,7.599501,-0.146116,0.016168,0.055091
2367413940.000,Miguel,recording,knock_twice_right,2,-0.140279,6.326778,7.651535,-0.130460,0.027155,0.065564
2367413950.000,Miguel,recording,knock_twice_right,2,-0.097210,6.265534,7.629373,-0.113028,0.035102,0.066106
2367413960.000,Miguel,recording,knock_twice_right,2,-0.086307,6.224110,7.551828,-0.101855,0.036000,0.058738
2367413970.000,Miguel,recording,knock_twice_right,2,-0.113573,6.229369,7.459174,-0.101655,0.031786,0.048137
2367413980.000,Miguel,recording,knock_twice_right,2,-0.198008,6.262783,7.419951,-0.110657,0.023035,0.040289
2367413990.000,Miguel,recording,knock_twice_right,2,-0.319908,6.304267,7.410746,-0.124666,0.010757,0.041173
2367414000.000,Miguel,recording,knock_twice_right,2,-0.370428,6.335359,7.404832,-0.140792,-0.004799,0.055527
2367414010.000,Miguel,recording,knock_twice_right,2,-0.380427,6.355102,7.381963,-0.157763,-0.023315,0.077935
2367414020.000,Miguel,recording,knock_twice_right,2,-0.346671,6.328428,7.332425,-0.179131,-0.041422,0.100893
2367414030.000,Miguel,recording,knock_twice_right,2,-0.302739,6.304335,7.308262,-0.208459,-0.057183,0.122646
2367414040.000,Miguel,recording,knock_twice_right,2,-0.257081,6.263127,7.365336,-0.240669,-0.072093,0.140929
2367414050.000,Miguel,recording,knock_twice_right,2,-0.177318,6.223795,7.501627,-0.265309,-0.080326,0.154045
2367414060.000,Miguel,recording,knock_twice_right,2,-0.044863,6.165914,7.704862,-0.271328,-0.073690,0.160992
2367414070.000,Miguel,recording,knock_twice_right,2,0.044823,6.109774,7.893167,-0.252795,-0.051262,0.159595
2367414080.000,Miguel,recording,knock_twice_right,2,0.059486,6.060474,7.993678,-0.214734,-0.016409,0.150527
2367414090.000,Miguel,recording,knock_twice_right,2,-0.040404,6.001814,7.983040,-0.169724,0.024541,0.143494
2367414100.000,Miguel,recording,knock_twice_right,2,-0.138907,6.003469,7.859488,-0.132474,0.068325,0.146171
2367414110.000,Miguel,recording,knock_twice_right,2,-0.157839,6.049971,7.788629,-0.108277,0.103465,0.157054
2367414120.000,Miguel,recording,knock_twice_right,2,-0.134455,6.118703,7.740893,-0.099179,0.113938,0.171582
2367414130.000,Miguel,recording,knock_twice_right,2,-0.067467,6.116195,7.653567,-0.109493,0.098643,0.182961
2367414140.000,Miguel,recording,knock_twice_right,2,0.031891,6.121495,7.622928,-0.132323,0.067534,0.183392
2367414150.000,Miguel,recording,knock_twice_right,2,0.137313,6.085623,7.700157,-0.155636,0.035111,0.171290
2367414160.000,Miguel,recording,knock_twice_right,2,0.157732,6.032047,7.780328,-0.170586,0.012790,0.154005
2367414170.000,Miguel,recording,knock_twice_right,2,0.095417,6.007603,7.886362,-0.170432,0.003576,0.139284
2367414180.000,Miguel,recording,knock_twice_right,2,0.009942,5.983486,8.005569,-0.155294,0.002785,0.132972
2367414190.000,Miguel,recording,knock_twice_right,2,-0.039179,5.975192,8.033564,-0.129600,0.005621,0.136503
2367414200.000,Miguel,recording,knock_twice_right,2,-0.035285,5.944651,7.977980,-0.100974,0.014548,0.143121
2367414210.000,Miguel,recording,knock_twice_right,2,0.013472,5.935038,7.855415,-0.077996,0.032466,0.147099
2367414220.000,Miguel,recording,knock_twice_right,2,0.098659,5.959391,7.761807,-0.063690,0.057779,0.146211
2367414230.000,Miguel,recording,knock_twice_right,2,0.147119,5.965058,7.697274,-0.058939,0.084657,0.142712
2367414240.000,Miguel,recording,knock_twice_right,2,0.144895,5.963870,7.681517,-0.062062,0.108249,0.138995
2367414250.000,Miguel,recording,knock_twice_right,2,0.133761,5.928631,7.741558,-0.069558,0.122929,0.133535
2367414260.000,Miguel,recording,knock_twice_right,2,0.147466,5.901226,7.872861,-0.075459,0.123485,0.126060
2367414270.000,Miguel,recording,knock_twice_right,2,0.137554,5.901801,7.993117,-0.073445,0.109022,0.117936
2367414280.000,Miguel,recording,knock_twice_right,2,0.118935,5.894650,8.037926,-0.065254,0.083032,0.111895
2367414290.000,Miguel,recording,knock_twice_right,2,0.104301,5.883254,8.000711,-0.056082,0.055413,0.108350
2367414300.000,Miguel,recording,knock_twice_right,2,0.086724,5.855150,7.906571,-0.051296,0.032353,0.105384
2367414310.000,Miguel,recording,knock_twice_right,2,0.118286,5.834562,7.785365,-0.052480,0.017392,0.102308
2367414320.000,Miguel,recording,knock_twice_right,2,0.186198,5.845602,7.712343,-0.057579,0.016373,0.098308
2367414330.000,Miguel,recording,knock_twice_right,2,0.224634,5.868674,7.719704,-0.062957,0.031787,0.094112
2367414340.000,Miguel,recording,knock_twice_right,2,0.232629,5.870736,7.772288,-0.064543,0.059133,0.089026
2367414350.000,Miguel,recording,knock_twice_right,2,0.197237,5.865749,7.854337,-0.060473,0.090273,0.084051
2367414360.000,Miguel,recording,knock_twice_right,2,0.173611,5.876008,7.945941,-0.050593,0.117353,0.082085
2367414370.000,Miguel,recording,knock_twice_right,2,0.189421,5.882620,7.957235,-0.039490,0.133870,0.081879
2367414380.000,Miguel,recording,knock_twice_right,2,0.215308,5.876349,7.939837,-0.033517,0.135783,0.080114
2367414390.000,Miguel,recording,knock_twice_right,2,0.207971,5.856282,7.912643,-0.035935,0.120760,0.072598
2367414400.000,Miguel,recording,knock_twice_right,2,0.169741,5.821312,7.934453,-0.042850,0.092708,0.061403
2367414410.000,Miguel,recording,knock_twice_right,2,0.117836,5.810878,7.953866,-0.048480,0.060623,0.053853
2367414420.000,Miguel,recording,knock_twice_right,2,0.071837,5.796705,7.970042,-0.051577,0.034548,0.052578
2367414430.000,Miguel,recording,knock_twice_right,2,0.065086,5.822035,7.986597,-0.049117,0.020306,0.054851
2367414440.000,Miguel,recording,knock_twice_right,2,0.102573,5.850708,7.979458,-0.038524,0.016017,0.058327
2367414450.000,Miguel,recording,knock_twice_right,2,0.154979,5.851104,7.930549,-0.024976,0.020491,0.064590
2367414460.000,Miguel,recording,knock_twice_right,2,0.211581,5.869933,7.845055,-0.015509,0.035014,0.072188
2367414470.000,Miguel,recording,knock_twice_right,2,0.231049,5.867505,7.802053,-0.012813,0.056211,0.076270
2367414480.000,Miguel,recording,knock_twice_right,2,0.219676,5.836908,7.828461,-0.015035,0.075093,0.075098
2367414490.000,Miguel,recording,knock_twice_right,2,0.177811,5.812772,7.930929,-0.017956,0.083035,0.070021
2367414500.000,Miguel,recording,knock_twice_right,2,0.116705,5.814715,8.031016,-0.018731,0.072905,0.065827
2367414510.000,Miguel,recording,knock_twice_right,2,0.046978,5.842577,8.043998,-0.019004,0.047891,0.068299
2367414520.000,Miguel,recording,knock_twice_right,2,0.044850,5.870105,8.047717,-0.020543,0.017117,0.077511
2367414530.000,Miguel,recording,knock_twice_right,2,0.124838,5.869779,8.035512,-0.023337,-0.014167,0.086885
2367414540.000,Miguel,recording,knock_twice_right,2,0.242547,5.835438,8.028295,-0.022924,-0.040040,0.089699
2367414550.000,Miguel,recording,knock_twice_right,2,0.340672,5.804510,7.998564,-0.017107,-0.050466,0.084656
2367414560.000,Miguel,recording,knock_twice_right,2,0.366391,5.781483,7.965060,-0.009017,-0.043326,0.074519
2367414570.000,Miguel,recording,knock_twice_right,2,0.329477,5.777173,7.957804,0.001381,-0.027540,0.064793
2367414580.000,Miguel,recording,knock_twice_right,2,0.279606,5.767525,7.925418,0.013462,-0.012794,0.058355
2367414590.000,Miguel,recording,knock_twice_right,2,0.243319,5.786333,7.868339,0.020770,-0.004680,0.055266
2367414600.000,Miguel,recording,knock_twice_right,2,0.246294,5.801228,7.821983,0.019283,-0.002418,0.055718
2367414610.000,Miguel,recording,knock_twice_right,2,0.285413,5.808228,7.791784,0.011596,-0.007081,0.055189
2367414620.000,Miguel,recording,knock_twice_right,2,0.347014,5.759190,7.801339,0.002082,-0.017884,0.050258
2367414630.000,Miguel,recording,knock_twice_right,2,0.406867,5.728511,7.840154,-0.005490,-0.029977,0.040601
2367414640.000,Miguel,recording,knock_twice_right,2,0.425584,5.696276,7.903841,-0.005981,-0.039008,0.025607
2367414650.000,Miguel,recording,knock_twice_right,2,0.406261,5.701536,7.945445,0.003033,-0.042428,0.007842
2367414660.000,Miguel,recording,knock_twice_right,2,0.322164,5.704494,7.929233,0.017369,-0.038260,-0.007576
2367414670.000,Miguel,recording,knock_twice_right,2,0.218440,5.746350,7.873903,0.033060,-0.026823,-0.015677
2367414680.000,Miguel,recording,knock_twice_right,2,0.162761,5.783935,7.785853,0.045768,-0.012062,-0.016189
2367414690.000,Miguel,recording,knock_twice_right,2,0.124370,5.810132,7.703893,0.049416,0.002884,-0.010918
2367414700.000,Miguel,recording,knock_twice_right,2,0.109128,5.821408,7.649517,0.042043,0.014626,-0.003977
2367414710.000,Miguel,recording,knock_twice_right,2,0.137994,5.855618,7.657559,0.028123,0.016097,-0.000460
2367414720.000,Miguel,recording,knock_twice_right,2,0.156642,5.879633,7.723508,0.013721,0.005655,-0.000144
2367414730.000,Miguel,recording,knock_twice_right,2,0.146696,5.911489,7.776809,0.002520,-0.011424,-0.000140
2367414740.000,Miguel,recording,knock_twice_right,2,0.118058,5.906938,7.820561,-0.004183,-0.029001,0.001300
2367414750.000,Miguel,recording,knock_twice_right,2,0.118526,5.894804,7.851939,-0.005336,-0.040500,0.004341
2367414760.000,Miguel,recording,knock_twice_right,2,0.140214,5.863703,7.847496,-0.001891,-0.042616,0.008685
2367414770.000,Miguel,recording,knock_twice_right,2,0.152082,5.845677,7.838145,0.002443,-0.034539,0.011281
2367414780.000,Miguel,recording,knock_twice_right,2,0.160767,5.842970,7.840460,0.006472,-0.020613,0.010093
2367414790.000,Miguel,recording,knock_twice_right,2,0.157202,5.836494,7.872965,0.011764,-0.008838,0.008527
2367414800.000,Miguel,recording,knock_twice_right,2,0.144590,5.868606,7.902346,0.018006,-0.002131,0.007516
2367414810.000,Miguel,recording,knock_twice_right,2,0.124624,5.899187,7.905856,0.024932,-0.000998,0.006220
2367414820.000,Miguel,recording,knock_twice_right,2,0.105697,5.928875,7.857495,0.031305,-0.004748,0.006476
2367414830.000,Miguel,recording,knock_twice_right,2,0.140323,5.938532,7.787299,0.034185,-0.010981,0.009548
2367414840.000,Miguel,recording,knock_twice_right,2,0.160743,5.914946,7.716618,0.030739,-0.017388,0.011345
2367414850.000,Miguel,recording,knock_twice_right,2,0.193667,5.919017,7.665309,0.022553,-0.022626,0.009214
2367414860.000,Miguel,recording,knock_twice_right,2,0.187682,5.915987,7.662634,0.014287,-0.024095,0.005200
2367414870.000,Miguel,recording,knock_twice_right,2,0.151199,5.882150,7.669447,0.006480,-0.020001,0.001270
2367414880.000,Miguel,recording,knock_twice_right,2,0.089597,5.898548,7.730806,0.000920,-0.014437,0.001518
2367414890.000,Miguel,recording,knock_twice_right,2,0.083559,5.927684,7.770775,0.001639,-0.009246,0.006704
2367414900.000,Miguel,recording,knock_twice_right,2,0.095922,5.943394,7.792990,0.007150,-0.004880,0.014769
2367414910.000,Miguel,recording,knock_twice_right,2,0.139885,5.935672,7.772993,0.013017,-0.001754,0.023187
2367414920.000,Miguel,recording,knock_twice_right,2,0.191125,5.918474,7.760564,0.017714,0.000194,0.029634
2367414930.000,Miguel,recording,knock_twice_right,2,0.248958,5.895076,7.725633,0.019250,0.001900,0.034525
2367414940.000,Miguel,recording,knock_twice_right,2,0.305445,5.881827,7.708432,0.016637,0.004696,0.034956
2367414950.000,Miguel,recording,knock_twice_right,2,0.320507,5.870491,7.699523,0.010936,0.006027,0.028611
2367414960.000,Miguel,recording,knock_twice_right,2,0.303510,5.861931,7.711184,0.004456,0.003104,0.021410
2367414970.000,Miguel,recording,knock_twice_right,2,0.256040,5.877018,7.702351,-0.003414,-0.003601,0.018102
2367414980.000,Miguel,recording,knock_twice_right,2,0.235553,5.877107,7.719042,-0.012863,-0.011145,0.019070
2367414990.000,Miguel,recording,knock_twice_right,2,0.248528,5.872008,7.764102,-0.020701,-0.018081,0.021979
2367415000.000,Miguel,recording,knock_twice_right,2,0.298781,5.856289,7.809577,-0.022193,-0.021808,0.023387
2367415010.000,Miguel,recording,knock_twice_right,2,0.327524,5.813892,7.865526,-0.014803,-0.019617,0.023956
2367415020.000,Miguel,recording,knock_twice_right,2,0.349791,5.812075,7.874015,-0.002415,-0.011444,0.024190
2367415030.000,Miguel,recording,knock_twice_right,2,0.381492,5.791734,7.847948,0.010937,0.002348,0.021106
2367415040.000,Miguel,recording,knock_twice_right,2,0.425153,5.776958,7.800865,0.020535,0.017247,0.014058
2367415050.000,Miguel,recording,knock_twice_right,2,0.414395,5.779741,7.760676,0.024461,0.025808,0.004612
2367415060.000,Miguel,recording,knock_twice_right,2,0.408808,5.772174,7.732245,0.022286,0.024254,-0.005549
2367415070.000,Miguel,recording,knock_twice_right,2,0.378186,5.793383,7.697883,0.014098,0.014473,-0.014848
2367415080.000,Miguel,recording,knock_twice_right,2,0.374762,5.824713,7.676810,0.002624,0.002755,-0.023104
2367415090.000,Miguel,recording,knock_twice_right,2,0.344521,5.855571,7.715640,-0.007634,-0.005816,-0.029433
2367415100.000,Miguel,recording,knock_twice_right,2,0.302558,5.859882,7.752157,-0.012272,-0.007581,-0.031101
2367415110.000,Miguel,recording,knock_twice_right,2,0.240277,5.864798,7.797952,-0.009533,-0.000884,-0.027625
2367415120.000,Miguel,recording,knock_twice_right,2,-0.227816,5.911264,7.781623,0.002119,0.029383,-0.048100
2367415130.000,Miguel,recording,knock_twice_right,2,-1.285533,6.194926,7.574440,-0.005204,0.044745,-0.030720
2367415140.000,Miguel,recording,knock_twice_right,2,-0.563215,6.292094,7.555903,-0.009966,0.008246,0.039897
2367415150.000,Miguel,recording,knock_twice_right,2,1.015389,5.812440,7.823867,-0.002993,0.006543,0.054290
2367415160.000,Miguel,recording,knock_twice_right,2,0.330522,5.978942,7.613960,-0.017832,0.018695,0.006548
2367415170.000,Miguel,recording,knock_twice_right,2,0.405674,5.677776,7.681618,-0.035401,-0.001923,-0.034378
2367415180.000,Miguel,recording,knock_twice_right,2,0.098112,5.928149,7.798840,-0.039981,-0.000040,-0.028282
2367415190.000,Miguel,recording,knock_twice_right,2,0.299639,6.091003,8.023970,-0.026497,0.019534,0.005617
2367415200.000,Miguel,recording,knock_twice_right,2,0.299455,6.017887,8.084958,-0.004594,0.036628,0.043483
2367415210.000,Miguel,recording,knock_twice_right,2,0.126695,5.795544,8.022679,0.009447,0.049480,0.067217
2367415220.000,Miguel,recording,knock_twice_right,2,0.433519,5.605700,7.991595,0.015500,0.059530,0.064460
2367415230.000,Miguel,recording,knock_twice_right,2,0.604640,5.699047,7.976860,0.017104,0.060833,0.041889
2367415240.000,Miguel,recording,knock_twice_right,2,0.644733,5.762605,7.966710,0.012764,0.047190,0.010618
2367415250.000,Miguel,recording,knock_twice_right,2,0.499827,5.786440,7.981301,0.005625,0.021568,-0.018698
2367415260.000,Miguel,recording,knock_twice_right,2,0.307591,5.784124,8.024725,0.001987,-0.011954,-0.035751
2367415270.000,Miguel,recording,knock_twice_right,2,0.209653,5.834718,8.015417,0.005100,-0.042322,-0.033203
2367415280.000,Miguel,recording,knock_twice_right,2,0.154926,5.840730,7.978579,0.016908,-0.055743,-0.020854
2367415290.000,Miguel,recording,knock_twice_right,2,-0.737445,5.966963,7.748333,0.020630,-0.002485,-0.020940
2367415300.000,Miguel,recording,knock_twice_right,2,-1.676890,6.260115,7.334003,0.021946,0.042791,0.006791
2367415310.000,Miguel,recording,knock_twice_right,2,-0.280032,6.250368,7.360720,0.036659,0.042640,0.059419
2367415320.000,Miguel,recording,knock_twice_right,2,-0.290092,6.323336,7.343669,0.032959,0.059239,0.079480
2367415330.000,Miguel,recording,knock_twice_right,2,0.590895,6.109962,7.185728,0.004707,0.046863,0.071574
2367415340.000,Miguel,recording,knock_twice_right,2,0.540126,6.009400,7.398843,-0.031111,0.006380,0.054779
2367415350.000,Miguel,recording,knock_twice_right,2,0.845005,5.920722,7.636832,-0.061884,-0.026758,0.046252
2367415360.000,Miguel,recording,knock_twice_right,2,0.442715,5.972976,7.989741,-0.070784,-0.035985,0.056910
2367415370.000,Miguel,recording,knock_twice_right,2,0.051325,5.786599,8.181468,-0.059214,-0.017842,0.078732
2367415380.000,Miguel,recording,knock_twice_right,2,0.102729,5.489974,8.254433,-0.034933,0.017212,0.092563
2367415390.000,Miguel,recording,knock_twice_right,2,0.374729,5.517146,8.282662,-0.001710,0.056402,0.091863
2367415400.000,Miguel,recording,knock_twice_right,2,0.655561,5.657890,8.261154,0.032315,0.085692,0.077372
2367415410.000,Miguel,recording,knock_twice_right,2,0.698588,5.748743,8.182718,0.053924,0.088245,0.051437
2367415420.000,Miguel,recording,knock_twice_right,2,0.620522,5.750463,8.096694,0.056920,0.057385,0.020945
2367415430.000,Miguel,recording,knock_twice_right,2,0.464480,5.813266,8.026240,0.048882,0.004414,-0.003242
2367415440.000,Miguel,recording,knock_twice_right,2,0.341372,5.897383,7.966705,0.039325,-0.049505,-0.011423
2367415450.000,Miguel,recording,knock_twice_right,2,0.280403,5.945403,7.876846,0.030012,-0.085392,-0.002652
2367415460.000,Miguel,recording,knock_twice_right,2,0.282016,5.912552,7.775096,0.022007,-0.094657,0.014129
2367415470.000,Miguel,recording,knock_twice_right,2,0.357745,5.843403,7.751868,0.017252,-0.079044,0.029306
2367415480.000,Miguel,recording,knock_twice_right,2,0.464408,5.768024,7.757711,0.016941,-0.047549,0.035869
2367415490.000,Miguel,recording,knock_twice_right,2,0.536648,5.701861,7.807174,0.019298,-0.015525,0.029543
2367415500.000,Miguel,recording,knock_twice_right,2,0.557593,5.683353,7.899624,0.025957,0.005415,0.011107
2367415510.000,Miguel,recording,knock_twice_right,2,0.545707,5.702830,7.965625,0.039579,0.007582,-0.014525
2367415520.000,Miguel,recording,knock_twice_right,2,0.481455,5.748478,7.931425,0.054762,-0.004877,-0.038931
2367415530.000,Miguel,recording,knock_twice_right,2,0.377296,5.845042,7.825722,0.065205,-0.019789,-0.055801
2367415540.000,Miguel,recording,knock_twice_right,2,0.293492,5.928335,7.706613,0.069481,-0.031858,-0.063188
2367415550.000,Miguel,recording,knock_twice_right,2,0.221041,5.969768,7.598125,0.067141,-0.032911,-0.062428
2367415560.000,Miguel,recording,knock_twice_right,2,0.170191,5.977834,7.555651,0.060039,-0.022251,-0.056584
2367415570.000,Miguel,recording,knock_twice_right,2,0.144360,5.976677,7.571913,0.051991,-0.007955,-0.049968
2367415580.000,Miguel,recording,knock_twice_right,2,0.117102,5.974389,7.641987,0.046260,0.004440,-0.044038
2367415590.000,Miguel,recording,knock_twice_right,2,0.087450,5.969459,7.719565,0.046357,0.009732,-0.036430
2367415600.000,Miguel,recording,knock_twice_right,2,0.075999,5.968171,7.744944,0.049814,0.007245,-0.028552
2367415610.000,Miguel,recording,knock_twice_right,2,0.126327,5.987256,7.688513,0.052077,0.000601,-0.022054
2367415620.000,Miguel,recording,knock_twice_right,2,0.197373,5.997553,7.583119,0.051328,-0.006043,-0.018865
2367415630.000,Miguel,recording,knock_twice_right,2,0.244731,6.002633,7.480544,0.044207,-0.011378,-0.020142
2367415640.000,Miguel,recording,knock_twice_right,2,0.256413,5.985242,7.390185,0.027973,-0.017812,-0.024070
2367415650.000,Miguel,recording,knock_twice_right,2,0.230382,5.957550,7.381353,0.005743,-0.023686,-0.027423
2367415660.000,Miguel,recording,knock_twice_right,2,0.197005,5.943112,7.470573,-0.013574,-0.027803,-0.028338
2367415670.000,Miguel,recording,knock_twice_right,2,0.201824,5.931709,7.585860,-0.021675,-0.027863,-0.027789
2367415680.000,Miguel,recording,knock_twice_right,2,0.227030,5.909091,7.695595,-0.016546,-0.021378,-0.028341
2367415690.000,Miguel,recording,knock_twice_right,2,0.250251,5.906370,7.691271,-0.004717,-0.010921,-0.029820
2367415700.000,Miguel,recording,knock_twice_right,2,0.282446,5.941896,7.642922,0.005816,0.001207,-0.032252
2367415710.000,Miguel,recording,knock_twice_right,2,0.299159,5.975383,7.594346,0.010842,0.013475,-0.036589
2367415720.000,Miguel,recording,knock_twice_right,2,0.254854,5.980849,7.535698,0.006266,0.024849,-0.037766
2367415730.000,Miguel,recording,knock_twice_right,2,0.168653,6.008541,7.543885,-0.006309,0.033487,-0.034129
2367415740.000,Miguel,recording,knock_twice_right,2,0.110431,6.012943,7.643986,-0.017859,0.037021,-0.025906
2367415750.000,Miguel,recording,knock_twice_right,2,0.110634,6.002798,7.766185,-0.020749,0.036992,-0.014456
2367415760.000,Miguel,recording,knock_twice_right,2,0.182963,5.961981,7.817752,-0.017089,0.033384,-0.005351
2367415770.000,Miguel,recording,knock_twice_right,2,0.274289,5.913971,7.798128,-0.014595,0.022919,-0.002465
2367415780.000,Miguel,recording,knock_twice_right,2,0.346395,5.868031,7.728146,-0.017277,0.009183,-0.008329
2367415790.000,Miguel,recording,knock_twice_right,2,0.371369,5.871304,7.701773,-0.023921,0.000511,-0.020893
2367415800.000,Miguel,recording,knock_twice_right,2,0.343902,5.898219,7.752289,-0.028838,-0.001214,-0.033248
2367415810.000,Miguel,recording,knock_twice_right,2,0.268032,5.915794,7.799701,-0.028691,0.000274,-0.040019
2367415820.000,Miguel,recording,knock_twice_right,2,0.202502,5.912714,7.810759,-0.026098,0.000195,-0.039984
2367415830.000,Miguel,recording,knock_twice_right,2,0.184011,5.902454,7.792548,-0.025994,-0.002496,-0.035664
2367415840.000,Miguel,recording,knock_twice_right,2,0.184408,5.911401,7.773881,-0.029236,-0.004995,-0.030636
2367415850.000,Miguel,recording,knock_twice_right,2,0.222702,5.895616,7.786150,-0.031706,-0.008143,-0.027174
2367415860.000,Miguel,recording,knock_twice_right,2,0.280486,5.871338,7.842996,-0.029906,-0.011051,-0.025648
2367415870.000,Miguel,recording,knock_twice_right,2,0.341411,5.864840,7.857754,-0.022831,-0.011500,-0.026765
2367415880.000,Miguel,recording,knock_twice_right,2,0.397496,5.833517,7.823201,-0.014205,-0.011023,-0.030860
2367415890.000,Miguel,recording,knock_twice_right,2,0.395797,5.807210,7.754856,-0.009924,-0.010195,-0.038612
2367415900.000,Miguel,recording,knock_twice_right,2,0.384347,5.801994,7.723667,-0.011326,-0.009515,-0.048961
2367415910.000,Miguel,recording,knock_twice_right,2,0.363049,5.805146,7.700672,-0.017401,-0.007781,-0.057250
2367415920.000,Miguel,recording,knock_twice_right,2,0.377786,5.836397,7.752549,-0.022659,-0.002014,-0.062964
2367415930.000,Miguel,recording,knock_twice_right,2,0.366024,5.843034,7.859667,-0.020676,0.004528,-0.069518
2367415940.000,Miguel,recording,knock_twice_right,2,0.318040,5.846391,7.921995,-0.013979,0.005798,-0.077478
2367415950.000,Miguel,recording,knock_twice_right,3,0.250490,5.879143,7.915336,-0.007566,0.000108,-0.081450
2367415960.000,Miguel,recording,knock_twice_right,3,0.207672,5.901699,7.901122,-0.002924,-0.010301,-0.079049
2367415970.000,Miguel,recording,knock_twice_right,3,0.173301,5.921016,7.890956,-0.000310,-0.020415,-0.073653
2367415980.000,Miguel,recording,knock_twice_right,3,0.162348,5.923330,7.892675,-0.000057,-0.025592,-0.067041
2367415990.000,Miguel,recording,knock_twice_right,3,0.193496,5.887895,7.881003,-0.000036,-0.026308,-0.061667
2367416000.000,Miguel,recording,knock_twice_right,3,0.254257,5.860760,7.882087,0.003435,-0.022707,-0.063017
2367416010.000,Miguel,recording,knock_twice_right,3,0.280948,5.850021,7.933833,0.010085,-0.014540,-0.072008
2367416020.000,Miguel,recording,knock_twice_right,3,0.232945,5.873370,7.958387,0.018451,-0.005428,-0.084808
2367416030.000,Miguel,recording,knock_twice_right,3,0.144569,5.902959,7.993077,0.029558,0.000185,-0.094540
2367416040.000,Miguel,recording,knock_twice_right,3,0.026125,5.974201,8.002362,0.041110,-0.000555,-0.095953
2367416050.000,Miguel,recording,knock_twice_right,3,-0.063812,6.021835,7.937634,0.047837,-0.007795,-0.089326
2367416060.000,Miguel,recording,knock_twice_right,3,-0.063759,6.042052,7.854635,0.043758,-0.021192,-0.078177
2367416070.000,Miguel,recording,knock_twice_right,3,-0.021112,6.020744,7.847952,0.030769,-0.040554,-0.069458
2367416080.000,Miguel,recording,knock_twice_right,3,0.056178,5.992835,7.867231,0.017273,-0.062352,-0.066174
2367416090.000,Miguel,recording,knock_twice_right,3,0.121413,5.963195,7.895306,0.008805,-0.077017,-0.066034
2367416100.000,Miguel,recording,knock_twice_right,3,0.163434,5.952926,7.941575,0.008901,-0.078495,-0.070137
2367416110.000,Miguel,recording,knock_twice_right,3,0.155161,5.939623,8.007827,0.021715,-0.068529,-0.079130
2367416120.000,Miguel,recording,knock_twice_right,3,0.081679,5.932659,8.055019,0.046579,-0.050233,-0.088617
2367416130.000,Miguel,recording,knock_twice_right,3,0.008924,5.965851,8.008154,0.072861,-0.031453,-0.094402
2367416140.000,Miguel,recording,knock_twice_right,3,-0.035077,6.036853,7.921987,0.091824,-0.021437,-0.094875
2367416150.000,Miguel,recording,knock_twice_right,3,-0.067382,6.067985,7.822864,0.099882,-0.022424,-0.091694
2367416160.000,Miguel,recording,knock_twice_right,3,-0.093083,6.086491,7.729162,0.094754,-0.033138,-0.087213
2367416170.000,Miguel,recording,knock_twice_right,3,-0.106239,6.101272,7.655030,0.079168,-0.047088,-0.080786
2367416180.000,Miguel,recording,knock_twice_right,3,-0.125784,6.101735,7.648908,0.061543,-0.053840,-0.070847
2367416190.000,Miguel,recording,knock_twice_right,3,-0.129402,6.073914,7.716550,0.051134,-0.050832,-0.058922
2367416200.000,Miguel,recording,knock_twice_right,3,-0.126332,6.066253,7.818122,0.052173,-0.039828,-0.045901
2367416210.000,Miguel,recording,knock_twice_right,3,-0.114473,6.070892,7.865064,0.062640,-0.024092,-0.033258
2367416220.000,Miguel,recording,knock_twice_right,3,-0.084033,6.066538,7.871658,0.077318,-0.010077,-0.025182
2367416230.000,Miguel,recording,knock_twice_right,3,-0.048008,6.065253,7.834658,0.090248,-0.001451,-0.020813
2367416240.000,Miguel,recording,knock_twice_right,3,0.001189,6.059388,7.771330,0.097504,0.000527,-0.020409
2367416250.000,Miguel,recording,knock_twice_right,3,0.032917,6.058246,7.693889,0.096823,-0.003736,-0.023841
2367416260.000,Miguel,recording,knock_twice_right,3,0.020011,6.080427,7.636929,0.087818,-0.012275,-0.027577
2367416270.000,Miguel,recording,knock_twice_right,3,-0.015431,6.073896,7.644391,0.076163,-0.021831,-0.028706
2367416280.000,Miguel,recording,knock_twice_right,3,-0.011373,6.054799,7.718416,0.068727,-0.030568,-0.025646
2367416290.000,Miguel,recording,knock_twice_right,3,-0.019809,6.046730,7.789206,0.068122,-0.036826,-0.020611
2367416300.000,Miguel,recording,knock_twice_right,3,0.021191,6.013406,7.830420,0.073029,-0.041906,-0.016226
2367416310.000,Miguel,recording,knock_twice_right,3,0.078293,6.016095,7.800412,0.077796,-0.046786,-0.014538
2367416320.000,Miguel,recording,knock_twice_right,3,0.148608,6.007620,7.767448,0.079070,-0.053062,-0.017934
2367416330.000,Miguel,recording,knock_twice_right,3,0.205262,6.017573,7.731452,0.078351,-0.061482,-0.025756
2367416340.000,Miguel,recording,knock_twice_right,3,0.215522,6.048705,7.729924,0.078822,-0.068008,-0.036436
2367416350.000,Miguel,recording,knock_twice_right,3,0.213966,6.092277,7.770523,0.085747,-0.070042,-0.047488
2367416360.000,Miguel,recording,knock_twice_right,3,0.191485,6.118906,7.789325,0.101615,-0.067605,-0.055723
2367416370.000,Miguel,recording,knock_twice_right,3,0.154482,6.080453,7.774959,0.124245,-0.063724,-0.062836
2367416380.000,Miguel,recording,knock_twice_right,3,0.129823,6.070400,7.666884,0.145535,-0.059873,-0.065184
2367416390.000,Miguel,recording,knock_twice_right,3,0.099928,6.097845,7.474791,0.157204,-0.055233,-0.059413
2367416400.000,Miguel,recording,knock_twice_right,3,0.147819,6.103169,7.333732,0.156926,-0.044684,-0.053561
2367416410.000,Miguel,recording,knock_twice_right,3,0.158891,6.087723,7.238911,0.144489,-0.025750,-0.052932
2367416420.000,Miguel,recording,knock_twice_right,3,0.137751,6.101195,7.258148,0.129370,-0.000885,-0.052870
2367416430.000,Miguel,recording,knock_twice_right,3,0.130108,6.169325,7.317216,0.122973,0.028917,-0.048501
2367416440.000,Miguel,recording,knock_twice_right,3,0.148660,6.225843,7.338846,0.121002,0.061801,-0.041417
2367416450.000,Miguel,recording,knock_twice_right,3,0.201302,6.261579,7.308610,0.112453,0.085893,-0.037208
2367416460.000,Miguel,recording,knock_twice_right,3,0.226917,6.252258,7.312250,0.094078,0.086979,-0.041788
2367416470.000,Miguel,recording,knock_twice_right,3,0.165204,6.230261,7.357576,0.068817,0.061970,-0.051464
2367416480.000,Miguel,recording,knock_twice_right,3,0.069028,6.208153,7.428943,0.042285,0.020914,-0.057792
2367416490.000,Miguel,recording,knock_twice_right,3,-0.015351,6.204634,7.537603,0.023489,-0.020675,-0.057351
2367416500.000,Miguel,recording,knock_twice_right,3,-0.073648,6.189121,7.625755,0.018696,-0.050636,-0.049637
2367416510.000,Miguel,recording,knock_twice_right,3,-0.069676,6.152191,7.669779,0.027478,-0.062380,-0.036882
2367416520.000,Miguel,recording,knock_twice_right,3,-0.004586,6.145615,7.659483,0.046746,-0.055750,-0.026233
2367416530.000,Miguel,recording,knock_twice_right,3,0.087129,6.145538,7.593871,0.067797,-0.034966,-0.024960
2367416540.000,Miguel,recording,knock_twice_right,3,0.097489,6.185998,7.497465,0.081498,-0.010484,-0.030824
2367416550.000,Miguel,recording,knock_twice_right,3,0.051199,6.245781,7.419754,0.084268,0.007722,-0.035217
2367416560.000,Miguel,recording,knock_twice_right,3,-0.009393,6.319605,7.403206,0.076427,0.011452,-0.033091
2367416570.000,Miguel,recording,knock_twice_right,3,-0.057816,6.362725,7.453084,0.064630,0.001857,-0.023750
2367416580.000,Miguel,recording,knock_twice_right,3,-0.054621,6.349097,7.506486,0.055367,-0.011960,-0.009949
2367416590.000,Miguel,recording,knock_twice_right,3,-0.010641,6.310632,7.547861,0.051237,-0.024207,0.000545
2367416600.000,Miguel,recording,knock_twice_right,3,0.040407,6.275590,7.550905,0.051296,-0.029425,0.004035
2367416610.000,Miguel,recording,knock_twice_right,3,0.067714,6.257954,7.530755,0.053793,-0.026037,0.003892
2367416620.000,Miguel,recording,knock_twice_right,3,0.059485,6.238673,7.520210,0.055889,-0.016049,0.001970
2367416630.000,Miguel,recording,knock_twice_right,3,0.039507,6.240265,7.540942,0.057403,-0.007492,-0.001544
2367416640.000,Miguel,recording,knock_twice_right,3,0.037130,6.238541,7.588438,0.061827,-0.003367,-0.006120
2367416650.000,Miguel,recording,knock_twice_right,3,-0.003174,6.252161,7.595121,0.067738,-0.001375,-0.008253
2367416660.000,Miguel,recording,knock_twice_right,3,-0.005301,6.305552,7.623643,0.073663,-0.001989,-0.004767
2367416670.000,Miguel,recording,knock_twice_right,3,0.041403,6.367831,7.622106,0.078685,-0.002939,0.000204
2367416680.000,Miguel,recording,knock_twice_right,3,0.099179,6.377552,7.581624,0.080362,-0.002812,0.002227
2367416690.000,Miguel,recording,knock_twice_right,3,0.093787,6.365957,7.567804,0.078958,-0.003560,-0.001576
2367416700.000,Miguel,recording,knock_twice_right,3,0.047264,6.345303,7.599234,0.077332,-0.007132,-0.009053
2367416710.000,Miguel,recording,knock_twice_right,3,-0.026502,6.293903,7.662571,0.080074,-0.010907,-0.012598
2367416720.000,Miguel,recording,knock_twice_right,3,-0.066430,6.274534,7.745716,0.091339,-0.008872,-0.011152
2367416730.000,Miguel,recording,knock_twice_right,3,-0.082564,6.294066,7.778037,0.113597,0.003864,-0.007398
2367416740.000,Miguel,recording,knock_twice_right,3,-0.055556,6.316550,7.759818,0.142693,0.028036,-0.003007
2367416750.000,Miguel,recording,knock_twice_right,3,-0.018991,6.352140,7.679921,0.170393,0.053392,0.000163
2367416760.000,Miguel,recording,knock_twice_right,3,-0.002625,6.395417,7.562137,0.189618,0.070486,0.001266
2367416770.000,Miguel,recording,knock_twice_right,3,-0.027269,6.424989,7.476642,0.197194,0.078811,-0.000015
2367416780.000,Miguel,recording,knock_twice_right,3,-0.057631,6.461284,7.440660,0.195859,0.079096,-0.000140
2367416790.000,Miguel,recording,knock_twice_right,3,-0.084710,6.487901,7.394478,0.187691,0.075450,0.005345
2367416800.000,Miguel,recording,knock_twice_right,3,-0.057327,6.516338,7.386969,0.175607,0.064102,0.012723
2367416810.000,Miguel,recording,knock_twice_right,3,-0.020833,6.492058,7.420183,0.164446,0.043298,0.015846
2367416820.000,Miguel,recording,knock_twice_right,3,0.002391,6.442821,7.445186,0.156229,0.024457,0.013628
2367416830.000,Miguel,recording,knock_twice_right,3,0.030314,6.437514,7.460239,0.152875,0.009594,0.008943
2367416840.000,Miguel,recording,knock_twice_right,3,0.017842,6.440949,7.406293,0.153844,-0.007997,0.003817
2367416850.000,Miguel,recording,knock_twice_right,3,-0.026911,6.439647,7.333957,0.153012,-0.026013,-0.001411
2367416860.000,Miguel,recording,knock_twice_right,3,-0.077055,6.445533,7.274277,0.149648,-0.037422,-0.004664
2367416870.000,Miguel,recording,knock_twice_right,3,-0.098120,6.471510,7.253450,0.148884,-0.038887,-0.002891
2367416880.000,Miguel,recording,knock_twice_right,3,-0.084304,6.508782,7.251084,0.152120,-0.032798,0.004458
2367416890.000,Miguel,recording,knock_twice_right,3,-0.021869,6.520550,7.199188,0.156641,-0.023665,0.013829
2367416900.000,Miguel,recording,knock_twice_right,3,0.050879,6.553348,7.120510,0.158466,-0.015350,0.019615
2367416910.000,Miguel,recording,knock_twice_right,3,0.083352,6.575188,7.060555,0.153977,-0.012454,0.020375
2367416920.000,Miguel,recording,knock_twice_right,3,0.092300,6.588277,7.030576,0.143864,-0.015418,0.019076
2367416930.000,Miguel,recording,knock_twice_right,3,0.062853,6.583459,7.011738,0.129482,-0.022760,0.017547
2367416940.000,Miguel,recording,knock_twice_right,3,0.024182,6.580305,7.017822,0.112353,-0.030632,0.017994
2367416950.000,Miguel,recording,knock_twice_right,3,0.033727,6.559571,7.055152,0.098634,-0.036538,0.021181
2367416960.000,Miguel,recording,knock_twice_right,3,0.054343,6.554033,7.096150,0.091083,-0.039161,0.025049
2367416970.000,Miguel,recording,knock_twice_right,3,0.077141,6.516038,7.124258,0.090767,-0.034145,0.028575
2367416980.000,Miguel,recording,knock_twice_right,3,0.128634,6.504104,7.145349,0.096692,-0.024617,0.030467
2367416990.000,Miguel,recording,knock_twice_right,3,0.177027,6.488588,7.105800,0.104252,-0.018368,0.029238
2367417000.000,Miguel,recording,knock_twice_right,3,0.208146,6.516917,7.027095,0.108332,-0.015953,0.025371
2367417010.000,Miguel,recording,knock_twice_right,3,0.214735,6.548075,6.961541,0.104265,-0.015282,0.020902
2367417020.000,Miguel,recording,knock_twice_right,3,0.214932,6.581327,6.935448,0.093983,-0.017635,0.017679
2367417030.000,Miguel,recording,knock_twice_right,3,0.210178,6.593999,6.948541,0.081533,-0.020861,0.015404
2367417040.000,Miguel,recording,knock_twice_right,3,0.242944,6.608848,6.962895,0.072018,-0.022639,0.012373
2367417050.000,Miguel,recording,knock_twice_right,3,0.271578,6.601101,6.984784,0.067519,-0.021657,0.007475
2367417060.000,Miguel,recording,knock_twice_right,3,0.255077,6.567493,6.963538,0.064219,-0.018213,0.001407
2367417070.000,Miguel,recording,knock_twice_right,3,0.242762,6.558993,6.942194,0.060127,-0.017699,-0.004275
2367417080.000,Miguel,recording,knock_twice_right,3,0.215160,6.549452,6.923584,0.055636,-0.021358,-0.008889
2367417090.000,Miguel,recording,knock_twice_right,3,0.149535,6.551760,6.888012,0.049229,-0.023197,-0.010371
2367417100.000,Miguel,recording,knock_twice_right,3,0.143343,6.558803,6.870162,0.040426,-0.021336,-0.008026
2367417110.000,Miguel,recording,knock_twice_right,3,0.174524,6.580933,6.907328,0.031980,-0.018899,-0.005083
2367417120.000,Miguel,recording,knock_twice_right,3,0.229471,6.592913,6.960434,0.027279,-0.014871,-0.006034
2367417130.000,Miguel,recording,knock_twice_right,3,0.254446,6.626950,7.012789,0.028192,-0.008924,-0.013579
2367417140.000,Miguel,recording,knock_twice_right,3,0.214811,6.687718,7.037384,0.032579,-0.000369,-0.021903
2367417150.000,Miguel,recording,knock_twice_right,3,0.142271,6.722732,7.019291,0.036439,0.007114,-0.025720
2367417160.000,Miguel,recording,knock_twice_right,3,0.077064,6.741394,6.996516,0.039331,0.009331,-0.024950
2367417170.000,Miguel,recording,knock_twice_right,3,0.020588,6.732634,6.981417,0.040030,0.010996,-0.018649
2367417180.000,Miguel,recording,knock_twice_right,3,-0.014499,6.731358,6.953093,0.036219,0.011167,-0.008615
2367417190.000,Miguel,recording,knock_twice_right,3,-0.028456,6.714969,6.910979,0.026784,0.007428,0.002452
2367417200.000,Miguel,recording,knock_twice_right,3,-0.011706,6.705188,6.887122,0.010395,0.002961,0.013044
2367417210.000,Miguel,recording,knock_twice_right,3,0.043413,6.703076,6.924249,-0.007466,-0.001686,0.018725
2367417220.000,Miguel,recording,knock_twice_right,3,0.070324,6.705639,7.023876,-0.019716,-0.007290,0.017932
2367417230.000,Miguel,recording,knock_twice_right,3,0.050821,6.698511,7.132298,-0.025944,-0.009606,0.014142
2367417240.000,Miguel,recording,knock_twice_right,3,0.024040,6.708959,7.223775,-0.025097,-0.009358,0.012302
2367417250.000,Miguel,recording,knock_twice_right,3,0.029572,6.730479,7.286122,-0.015749,-0.008281,0.014452
2367417260.000,Miguel,recording,knock_twice_right,3,0.029632,6.714063,7.310826,-0.001042,-0.004876,0.017027
2367417270.000,Miguel,recording,knock_twice_right,3,0.025124,6.720174,7.285449,0.015418,0.000224,0.021098
2367417280.000,Miguel,recording,knock_twice_right,3,0.020881,6.712047,7.224949,0.028481,0.010146,0.027079
2367417290.000,Miguel,recording,knock_twice_right,3,0.057424,6.699844,7.130950,0.033434,0.022686,0.029592
2367417300.000,Miguel,recording,knock_twice_right,3,0.069625,6.680318,7.089405,0.029584,0.030230,0.025090
2367417310.000,Miguel,recording,knock_twice_right,3,0.037367,6.669274,7.108187,0.020837,0.027688,0.017258
2367417320.000,Miguel,recording,knock_twice_right,3,-0.028098,6.687095,7.180526,0.013196,0.017152,0.014438
2367417330.000,Miguel,recording,knock_twice_right,3,-0.050616,6.697801,7.251072,0.012950,0.004237,0.018863
2367417340.000,Miguel,recording,knock_twice_right,3,-0.001394,6.683995,7.305617,0.020948,-0.007796,0.025506
2367417350.000,Miguel,recording,knock_twice_right,3,0.063529,6.647632,7.272244,0.033318,-0.014985,0.028026
2367417360.000,Miguel,recording,knock_twice_right,3,0.120024,6.648902,7.178038,0.044600,-0.012577,0.024079
2367417370.000,Miguel,recording,knock_twice_right,3,0.167053,6.690939,7.073958,0.049997,-0.000984,0.016538
2367417380.000,Miguel,recording,knock_twice_right,3,0.152735,6.700398,7.007697,0.049893,0.015931,0.008911
2367417390.000,Miguel,recording,knock_twice_right,3,0.084441,6.695677,6.989895,0.045881,0.031950,0.004275
2367417400.000,Miguel,recording,knock_twice_right,3,0.038986,6.703304,7.026214,0.041313,0.038640,0.004021
2367417410.000,Miguel,recording,knock_twice_right,3,0.053390,6.734849,7.071584,0.039201,0.033790,0.007550
2367417420.000,Miguel,recording,knock_twice_right,3,0.085792,6.697775,7.055117,0.038931,0.023035,0.011613
2367417430.000,Miguel,recording,knock_twice_right,3,0.177832,6.680124,7.005262,0.038009,0.011255,0.012035
2367417440.000,Miguel,recording,knock_twice_right,3,0.262715,6.685444,6.939876,0.034072,0.000668,0.006878
2367417450.000,Miguel,recording,knock_twice_right,3,0.285559,6.701751,6.904098,0.028395,-0.001521,-0.002917
2367417460.000,Miguel,recording,knock_twice_right,3,0.221231,6.745198,6.909909,0.024294,0.006194,-0.011621
2367417470.000,Miguel,recording,knock_twice_right,3,0.129978,6.777799,6.995300,0.024811,0.018489,-0.012643
2367417480.000,Miguel,recording,knock_twice_right,3,0.051740,6.797717,7.078046,0.032180,0.031780,-0.004404
2367417490.000,Miguel,recording,knock_twice_right,3,0.024241,6.762994,7.082469,0.043321,0.042222,0.010968
2367417500.000,Miguel,recording,knock_twice_right,3,0.087978,6.736260,7.025074,0.050579,0.043970,0.025785
2367417510.000,Miguel,recording,knock_twice_right,3,0.269696,6.864778,6.934988,0.049381,0.034010,0.030775
2367417520.000,Miguel,recording,knock_twice_right,3,0.375500,6.958434,6.827470,0.037785,0.020619,0.028305
2367417530.000,Miguel,recording,knock_twice_right,3,0.252022,6.797293,6.751952,0.014161,0.013817,0.028927
2367417540.000,Miguel,recording,knock_twice_right,3,0.097356,6.541857,6.776652,-0.013554,0.010421,0.033133
2367417550.000,Miguel,recording,knock_twice_right,3,0.118855,6.528944,6.940967,-0.031571,0.003778,0.034022
2367417560.000,Miguel,recording,knock_twice_right,3,0.231427,6.653226,7.066584,-0.034459,0.000604,0.034565
2367417570.000,Miguel,recording,knock_twice_right,3,0.234381,6.595454,7.085076,-0.029108,0.006827,0.040031
2367417580.000,Miguel,recording,knock_twice_right,3,0.258939,6.422803,7.006536,-0.027247,0.014101,0.043021
2367417590.000,Miguel,recording,knock_twice_right,3,0.396500,6.439068,6.981318,-0.034078,0.015401,0.031528
2367417600.000,Miguel,recording,knock_twice_right,3,0.538093,6.581817,7.063725,-0.041606,0.016615,0.007191
2367417610.000,Miguel,recording,knock_twice_right,3,0.488535,6.640145,7.196318,-0.039822,0.026154,-0.019435
2367417620.000,Miguel,recording,knock_twice_right,3,0.295433,6.575995,7.342878,-0.028504,0.035492,-0.039762
2367417630.000,Miguel,recording,knock_twice_right,3,0.153402,6.591588,7.433891,-0.011403,0.032191,-0.053969
2367417640.000,Miguel,recording,knock_twice_right,3,0.074683,6.676480,7.460587,0.009033,0.021200,-0.065447
2367417650.000,Miguel,recording,knock_twice_right,3,-0.042569,6.766107,7.412229,0.029477,0.009243,-0.070294
2367417660.000,Miguel,recording,knock_twice_right,3,-0.147305,6.840662,7.314666,0.044301,-0.003435,-0.064718
2367417670.000,Miguel,recording,knock_twice_right,3,-0.200809,6.914231,7.179255,0.052585,-0.017359,-0.049624
2367417680.000,Miguel,recording,knock_twice_right,3,-0.222169,6.938512,7.058879,0.054080,-0.030144,-0.028194
2367417690.000,Miguel,recording,knock_twice_right,3,-0.189856,6.932471,6.923610,0.047570,-0.035348,-0.004304
2367417700.000,Miguel,recording,knock_twice_right,3,-0.080845,6.904912,6.875706,0.037341,-0.030754,0.015654
2367417710.000,Miguel,recording,knock_twice_right,3,-0.018505,6.828254,6.879623,0.028497,-0.019026,0.027194
2367417720.000,Miguel,recording,knock_twice_right,3,-0.001455,6.716786,6.911719,0.021628,-0.005890,0.033585
2367417730.000,Miguel,recording,knock_twice_right,3,0.023424,6.671211,6.921326,0.015390,0.002157,0.040354
2367417740.000,Miguel,recording,knock_twice_right,3,0.113510,6.695237,6.903917,0.009097,0.003016,0.045805
2367417750.000,Miguel,recording,knock_twice_right,3,0.210644,6.690589,6.872736,-0.001009,-0.001472,0.045052
2367417760.000,Miguel,recording,knock_twice_right,3,0.285862,6.651882,6.868623,-0.015029,-0.007497,0.036356
2367417770.000,Miguel,recording,knock_twice_right,3,0.345626,6.646284,6.915242,-0.028241,-0.012313,0.019355
2367417780.000,Miguel,recording,knock_twice_right,3,0.331123,6.697242,7.030230,-0.035096,-0.010116,-0.001157
2367417790.000,Miguel,recording,knock_twice_right,3,0.220205,6.740453,7.144196,-0.031896,0.003298,-0.016425
2367417800.000,Miguel,recording,knock_twice_right,3,0.100842,6.775268,7.220384,-0.020490,0.023467,-0.020861
2367417810.000,Miguel,recording,knock_twice_right,3,0.034131,6.781207,7.263888,-0.003407,0.041017,-0.015221
2367417820.000,Miguel,recording,knock_twice_right,3,0.002387,6.769215,7.269119,0.013557,0.048332,-0.005900
2367417830.000,Miguel,recording,knock_twice_right,3,0.015765,6.763908,7.199379,0.025033,0.041993,0.001060
2367417840.000,Miguel,recording,knock_twice_right,3,0.041217,6.791571,7.089204,0.025425,0.023247,0.004997
2367417850.000,Miguel,recording,knock_twice_right,3,0.036611,6.805143,7.017097,0.013017,-0.001676,0.006969
2367417860.000,Miguel,recording,knock_twice_right,3,0.032519,6.779789,7.006404,-0.002090,-0.028030,0.007809
2367417870.000,Miguel,recording,knock_twice_right,3,0.060186,6.734248,7.054689,-0.008773,-0.048203,0.008431
2367417880.000,Miguel,recording,knock_twice_right,3,0.067290,6.727025,7.068311,-0.003655,-0.051670,0.010161
2367417890.000,Miguel,recording,knock_twice_right,3,0.087895,6.747361,7.026518,0.007796,-0.038692,0.013305
2367417900.000,Miguel,recording,knock_twice_right,3,0.093619,6.736300,6.956854,0.017016,-0.019133,0.017992
2367417910.000,Miguel,recording,knock_twice_right,3,0.098919,6.746550,6.870599,0.017064,0.001000,0.023065
2367417920.000,Miguel,recording,knock_twice_right,3,0.136557,6.747792,6.806845,0.006878,0.014824,0.025699
2367417930.000,Miguel,recording,knock_twice_right,3,0.158033,6.749657,6.841063,-0.010007,0.015679,0.024478
2367417940.000,Miguel,recording,knock_twice_right,3,0.144201,6.735225,6.921183,-0.028097,0.005997,0.022029
2367417950.000,Miguel,recording,knock_twice_right,3,0.114203,6.709747,7.032982,-0.040428,-0.009485,0.020010
2367417960.000,Miguel,recording,knock_twice_right,3,0.118710,6.696059,7.146056,-0.042632,-0.024877,0.017382
2367417970.000,Miguel,recording,knock_twice_right,3,0.175474,6.659246,7.189170,-0.034284,-0.032750,0.011224
2367417980.000,Miguel,recording,knock_twice_right,3,0.206640,6.628978,7.193344,-0.019647,-0.028812,0.000480
2367417990.000,Miguel,recording,knock_twice_right,3,0.175452,6.670152,7.128093,-0.004355,-0.016707,-0.009520
2367418000.000,Miguel,recording,knock_twice_right,3,0.136206,6.710197,7.047765,0.006954,-0.001343,-0.014347
2367418010.000,Miguel,recording,knock_twice_right,3,0.089011,6.759768,6.984407,0.010814,0.014452,-0.014010
2367418020.000,Miguel,recording,knock_twice_right,3,0.027863,6.799586,6.971533,0.007933,0.025436,-0.008460
2367418030.000,Miguel,recording,knock_twice_right,3,-0.017528,6.809507,6.972414,0.000880,0.026783,0.000916
2367418040.000,Miguel,recording,knock_twice_right,3,-0.022463,6.796488,7.004706,-0.007685,0.018335,0.010826
2367418050.000,Miguel,recording,knock_twice_right,3,-0.009190,6.780807,7.013342,-0.016568,0.005709,0.018839
2367418060.000,Miguel,recording,knock_twice_right,3,0.031834,6.763400,7.001415,-0.026716,-0.007112,0.023573
2367418070.000,Miguel,recording,knock_twice_right,3,0.092497,6.747476,7.027308,-0.037474,-0.015285,0.025609
2367418080.000,Miguel,recording,knock_twice_right,3,0.124180,6.746415,7.086140,-0.045304,-0.013904,0.025569
2367418090.000,Miguel,recording,knock_twice_right,3,0.127203,6.760593,7.176793,-0.044994,-0.006827,0.024896
2367418100.000,Miguel,recording,knock_twice_right,3,0.115532,6.741318,7.267364,-0.034114,-0.000216,0.027171
2367418110.000,Miguel,recording,knock_twice_right,3,0.135547,6.711018,7.316237,-0.015713,0.004793,0.032965
2367418120.000,Miguel,recording,knock_twice_right,3,0.200739,6.677734,7.238627,0.002782,0.007584,0.034595
2367418130.000,Miguel,recording,knock_twice_right,3,0.251336,6.640397,7.110950,0.011508,0.005883,0.029644
2367418140.000,Miguel,recording,knock_twice_right,3,0.265773,6.628767,7.035504,0.007560,0.001470,0.020771
2367418150.000,Miguel,recording,knock_twice_right,3,0.286439,6.649499,7.012406,-0.002232,-0.003235,0.009928
2367418160.000,Miguel,recording,knock_twice_right,3,0.298976,6.683875,7.087752,-0.009230,-0.006269,0.000851
2367418170.000,Miguel,recording,knock_twice_right,3,0.274800,6.694263,7.121485,-0.009679,-0.004399,-0.006371
2367418180.000,Miguel,recording,knock_twice_right,3,0.238636,6.678595,7.144097,-0.005575,0.002414,-0.011057
2367418190.000,Miguel,recording,knock_twice_right,3,0.215229,6.676629,7.158920,0.002234,0.009495,-0.012807
2367418200.000,Miguel,recording,knock_twice_right,3,0.197256,6.672215,7.168715,0.010270,0.012998,-0.013780
2367418210.000,Miguel,recording,knock_twice_right,3,0.172051,6.670363,7.159494,0.017995,0.014176,-0.013634
2367418220.000,Miguel,recording,knock_twice_right,3,0.147565,6.673786,7.101179,0.024988,0.012596,-0.012063
2367418230.000,Miguel,recording,knock_twice_right,3,0.159826,6.693480,7.024367,0.027280,0.006560,-0.010146
2367418240.000,Miguel,recording,knock_twice_right,3,0.202191,6.705200,6.952740,0.022927,-0.000694,-0.009248
2367418250.000,Miguel,recording,knock_twice_right,3,0.226581,6.715350,6.901642,0.013736,-0.005786,-0.011483
2367418260.000,Miguel,recording,knock_twice_right,3,0.238752,6.714221,6.888651,0.005018,-0.009170,-0.015243
2367418270.000,Miguel,recording,knock_twice_right,3,0.236638,6.694486,6.902776,-0.003238,-0.010370,-0.018463
2367418280.000,Miguel,recording,knock_twice_right,3,0.265100,6.698881,6.937506,0.000503,0.016059,-0.060960
2367418290.000,Miguel,recording,knock_twice_right,3,-0.096481,6.877035,6.846483,0.004441,0.096657,-0.124815
2367418300.000,Miguel,recording,knock_twice_right,3,-0.864346,6.856046,6.511912,0.001295,0.120298,-0.101221
2367418310.000,Miguel,recording,knock_twice_right,3,-0.576848,6.591757,6.739666,-0.000126,0.086292,-0.023981
2367418320.000,Miguel,recording,knock_twice_right,3,-0.069009,7.163916,6.982638,-0.019495,0.056451,0.011466
2367418330.000,Miguel,recording,knock_twice_right,3,-0.028006,6.795880,6.939026,-0.055110,-0.013767,0.029196
2367418340.000,Miguel,recording,knock_twice_right,3,-0.092071,6.774595,7.110362,-0.088188,-0.080809,0.068843
2367418350.000,Miguel,recording,knock_twice_right,3,0.193018,6.752466,7.326560,-0.093602,-0.090614,0.108450
2367418360.000,Miguel,recording,knock_twice_right,3,0.571493,6.669599,7.488598,-0.067159,-0.042712,0.109083
2367418370.000,Miguel,recording,knock_twice_right,3,0.674723,6.444551,7.433041,-0.033040,0.023286,0.073069
2367418380.000,Miguel,recording,knock_twice_right,3,0.633115,6.382068,7.426164,0.000672,0.080889,0.026877
2367418390.000,Miguel,recording,knock_twice_right,3,0.512843,6.513526,7.452584,0.031649,0.115768,-0.011555
2367418400.000,Miguel,recording,knock_twice_right,3,0.288196,6.634137,7.385645,0.047434,0.107348,-0.033965
2367418410.000,Miguel,recording,knock_twice_right,3,0.050060,6.711700,7.256857,0.043014,0.054647,-0.036622
2367418420.000,Miguel,recording,knock_twice_right,3,-0.009068,6.738912,7.155776,0.025181,-0.016797,-0.024647
2367418430.000,Miguel,recording,knock_twice_right,3,0.083552,6.784723,7.106016,0.015970,-0.041096,-0.052167
2367418440.000,Miguel,recording,knock_twice_right,3,-0.080080,6.932338,6.988650,0.014760,0.027034,-0.104610
2367418450.000,Miguel,recording,knock_twice_right,3,-0.707408,6.951084,6.699845,0.024931,0.097402,-0.090989
2367418460.000,Miguel,recording,knock_twice_right,3,-0.710071,6.749460,6.819901,0.051418,0.139136,-0.028435
2367418470.000,Miguel,recording,knock_twice_right,3,-0.317795,7.122624,6.957276,0.061847,0.153548,0.014922
2367418480.000,Miguel,recording,knock_twice_right,3,-0.110329,6.819692,6.854362,0.042152,0.092589,0.036655
2367418490.000,Miguel,recording,knock_twice_right,3,-0.125681,6.777211,6.851378,0.000467,-0.005090,0.067462
2367418500.000,Miguel,recording,knock_twice_right,3,-0.062597,6.852568,6.962272,-0.047150,-0.095508,0.110615
2367418510.000,Miguel,recording,knock_twice_right,3,0.003873,6.893063,7.128284,-0.085264,-0.152578,0.139183
2367418520.000,Miguel,recording,knock_twice_right,3,0.201805,6.623842,7.275872,-0.103990,-0.156475,0.134807
2367418530.000,Miguel,recording,knock_twice_right,3,0.456797,6.372579,7.430960,-0.092978,-0.113644,0.109510
2367418540.000,Miguel,recording,knock_twice_right,3,0.575314,6.433724,7.634375,-0.049480,-0.046918,0.076389
2367418550.000,Miguel,recording,knock_twice_right,3,0.594076,6.550221,7.681319,0.009803,0.017643,0.042191
2367418560.000,Miguel,recording,knock_twice_right,3,0.448666,6.651365,7.569009,0.061147,0.050716,0.015289
2367418570.000,Miguel,recording,knock_twice_right,3,0.265425,6.692716,7.305235,0.088263,0.043704,0.001848
2367418580.000,Miguel,recording,knock_twice_right,3,0.187294,6.728695,7.059767,0.086662,0.012353,0.001172
2367418590.000,Miguel,recording,knock_twice_right,3,0.228112,6.765139,6.899266,0.065440,-0.024239,0.005969
2367418600.000,Miguel,recording,knock_twice_right,3,0.224586,6.719082,6.825601,0.037673,-0.049767,0.009795
2367418610.000,Miguel,recording,knock_twice_right,3,0.213154,6.642172,6.863409,0.012061,-0.056040,0.012632
2367418620.000,Miguel,recording,knock_twice_right,3,0.222979,6.600408,6.959106,-0.003277,-0.044546,0.014190
2367418630.000,Miguel,recording,knock_twice_right,3,0.279454,6.591374,7.079955,-0.003782,-0.025614,0.011961
2367418640.000,Miguel,recording,knock_twice_right,3,0.328901,6.612767,7.135475,0.007524,-0.011508,0.004423
2367418650.000,Miguel,recording,knock_twice_right,3,0.344096,6.646116,7.104890,0.019505,-0.005011,-0.008176
2367418660.000,Miguel,recording,knock_twice_right,3,0.307145,6.677378,7.012927,0.025257,-0.004936,-0.022811
2367418670.000,Miguel,recording,knock_twice_right,3,0.230632,6.711322,6.989416,0.023868,-0.010923,-0.035052
2367418680.000,Miguel,recording,knock_twice_right,3,0.122732,6.730403,7.043238,0.021511,-0.019974,-0.043718
2367418690.000,Miguel,recording,knock_twice_right,3,0.006435,6.714080,7.070576,0.025916,-0.027964,-0.045810
2367418700.000,Miguel,recording,knock_twice_right,3,-0.050482,6.719568,7.003859,0.033405,-0.030398,-0.037238
2367418710.000,Miguel,recording,knock_twice_right,3,-0.048488,6.722025,6.894877,0.037521,-0.024644,-0.024514
2367418720.000,Miguel,recording,knock_twice_right,3,-0.027424,6.750326,6.775101,0.030275,-0.013005,-0.013364
2367418730.000,Miguel,recording,knock_twice_right,3,0.001979,6.811544,6.769708,0.011770,-0.001997,-0.004881
2367418740.000,Miguel,recording,knock_twice_right,3,0.051180,6.878246,6.834905,-0.006074,0.002116,0.001760
2367418750.000,Miguel,recording,knock_twice_right,3,0.123786,6.886581,6.921036,-0.016768,0.001401,0.007916
2367418760.000,Miguel,recording,knock_twice_right,3,0.143455,6.882471,6.953114,-0.021928,-0.000818,0.009853
2367418770.000,Miguel,recording,knock_twice_right,3,0.130991,6.845980,6.968081,-0.026685,-0.002754,0.008241
2367418780.000,Miguel,recording,knock_twice_right,3,0.067083,6.762726,7.063593,-0.028574,-0.003618,0.006514
2367418790.000,Miguel,recording,knock_twice_right,3,0.039596,6.686899,7.162041,-0.021499,-0.004274,0.006882
2367418800.000,Miguel,recording,knock_twice_right,3,0.065139,6.644056,7.141943,-0.008655,-0.002250,0.008576
2367418810.000,Miguel,recording,knock_twice_right,3,0.112492,6.651675,7.078648,0.002310,0.003985,0.007096
2367418820.000,Miguel,recording,knock_twice_right,3,0.130297,6.685104,7.045707,0.007817,0.011334,0.002517
2367418830.000,Miguel,recording,knock_twice_right,3,0.113811,6.712464,7.045199,0.008670,0.016177,0.000033
2367418840.000,Miguel,recording,knock_twice_right,3,0.128024,6.760546,7.037266,0.006854,0.019426,0.000722
2367418850.000,Miguel,recording,knock_twice_right,3,0.136987,6.834922,7.040686,0.004478,0.022022,0.001442
2367418860.000,Miguel,recording,knock_twice_right,3,0.132617,6.868273,7.037576,0.000774,0.024906,0.002348
2367418870.000,Miguel,recording,knock_twice_right,3,0.115118,6.839225,7.072126,-0.002968,0.028556,0.004505
2367418880.000,Miguel,recording,knock_twice_right,3,0.097889,6.794794,7.125969,-0.002945,0.031410,0.007269
2367418890.000,Miguel,recording,knock_twice_right,3,0.091268,6.747685,7.155940,-0.000756,0.029500,0.011455
2367418900.000,Miguel,recording,knock_twice_right,3,0.121000,6.673834,7.142530,0.000305,0.019758,0.016021
2367418910.000,Miguel,recording,knock_twice_right,3,0.140392,6.619148,7.137539,-0.000400,0.005165,0.016086
2367418920.000,Miguel,recording,knock_twice_right,3,0.151917,6.599667,7.115958,-0.001670,-0.008307,0.011884
2367418930.000,Miguel,recording,knock_twice_right,3,0.186515,6.611989,7.099695,0.000027,-0.017004,0.007776
2367418940.000,Miguel,recording,knock_twice_right,3,0.231446,6.662944,7.084852,0.004989,-0.020784,0.004477
2367418950.000,Miguel,recording,knock_twice_right,3,0.284746,6.708490,7.044985,0.009985,-0.019435,-0.000159
2367418960.000,Miguel,recording,knock_twice_right,3,0.269816,6.748168,7.007309,0.012257,-0.012266,-0.006107
2367418970.000,Miguel,recording,knock_twice_right,3,0.245597,6.766897,6.995511,0.012890,-0.001534,-0.010021
2367418980.000,Miguel,recording,knock_twice_right,4,0.239618,6.758426,7.014332,0.012245,0.008696,-0.011724
2367418990.000,Miguel,recording,knock_twice_right,4,0.226524,6.746839,7.021704,0.009304,0.015352,-0.013578
2367419000.000,Miguel,recording,knock_twice_right,4,0.201058,6.709223,7.039104,0.004404,0.014779,-0.015303
2367419010.000,Miguel,recording,knock_twice_right,4,0.169967,6.679094,7.049122,-0.002225,0.006139,-0.018404
2367419020.000,Miguel,recording,knock_twice_right,4,0.140152,6.671770,7.074479,-0.007653,-0.005915,-0.022193
2367419030.000,Miguel,recording,knock_twice_right,4,0.134675,6.680442,7.063362,-0.010641,-0.016173,-0.024801
2367419040.000,Miguel,recording,knock_twice_right,4,0.106859,6.741474,7.050643,-0.013656,-0.018152,-0.025954
2367419050.000,Miguel,recording,knock_twice_right,4,0.072464,6.810582,7.066929,-0.016197,-0.010917,-0.025257
2367419060.000,Miguel,recording,knock_twice_right,4,0.047241,6.852650,7.150791,-0.013288,-0.000907,-0.021987
2367419070.000,Miguel,recording,knock_twice_right,4,0.023842,6.871632,7.253143,-0.003920,0.006632,-0.014019
2367419080.000,Miguel,recording,knock_twice_right,4,0.026022,6.860133,7.261791,0.008104,0.007083,-0.004986
2367419090.000,Miguel,recording,knock_twice_right,4,0.024344,6.820391,7.213893,0.016883,-0.001950,0.002316
2367419100.000,Miguel,recording,knock_twice_right,4,0.050579,6.751352,7.144912,0.018424,-0.019469,0.007328
2367419110.000,Miguel,recording,knock_twice_right,4,0.098642,6.718905,7.071387,0.016246,-0.038778,0.008371
2367419120.000,Miguel,recording,knock_twice_right,4,0.148605,6.703470,7.005717,0.011067,-0.051693,0.006959
2367419130.000,Miguel,recording,knock_twice_right,4,0.163453,6.696693,6.981137,0.003384,-0.052694,0.002747
2367419140.000,Miguel,recording,knock_twice_right,4,0.139208,6.693295,7.008020,-0.000203,-0.041115,-0.002152
2367419150.000,Miguel,recording,knock_twice_right,4,0.115085,6.708261,7.050102,0.004390,-0.022898,-0.002981
2367419160.000,Miguel,recording,knock_twice_right,4,0.119904,6.731579,7.051620,0.012606,-0.005098,-0.000861
2367419170.000,Miguel,recording,knock_twice_right,4,0.181643,6.737631,7.016031,0.019073,0.007324,-0.000951
2367419180.000,Miguel,recording,knock_twice_right,4,0.228613,6.741314,6.987947,0.021087,0.012770,-0.007166
2367419190.000,Miguel,recording,knock_twice_right,4,0.226444,6.726896,6.987747,0.018057,0.012969,-0.017182
2367419200.000,Miguel,recording,knock_twice_right,4,0.190217,6.740757,6.979932,0.011579,0.007658,-0.024507
2367419210.000,Miguel,recording,knock_twice_right,4,0.129074,6.767272,6.985027,0.002698,-0.001894,-0.027433
2367419220.000,Miguel,recording,knock_twice_right,4,0.064445,6.761438,7.047889,-0.004027,-0.009326,-0.026287
2367419230.000,Miguel,recording,knock_twice_right,4,0.020856,6.739123,7.145134,-0.004125,-0.012617,-0.020694
2367419240.000,Miguel,recording,knock_twice_right,4,0.029972,6.727107,7.176424,0.002744,-0.013663,-0.013621
2367419250.000,Miguel,recording,knock_twice_right,4,0.066057,6.725468,7.156557,0.013954,-0.012041,-0.008335
2367419260.000,Miguel,recording,knock_twice_right,4,0.119738,6.746762,7.104260,0.023573,-0.008016,-0.005988
2367419270.000,Miguel,recording,knock_twice_right,4,0.163506,6.746824,7.045625,0.028746,-0.004928,-0.007635
2367419280.000,Miguel,recording,knock_twice_right,4,0.184510,6.763991,6.967427,0.029499,-0.002982,-0.011431
2367419290.000,Miguel,recording,knock_twice_right,4,0.166475,6.771452,6.910102,0.024750,-0.000989,-0.016145
2367419300.000,Miguel,recording,knock_twice_right,4,0.102996,6.776795,6.875457,0.010801,-0.002084,-0.018608
2367419310.000,Miguel,recording,knock_twice_right,4,0.015443,6.775144,6.919070,-0.007194,-0.007924,-0.013568
2367419320.000,Miguel,recording,knock_twice_right,4,-0.017160,6.765763,7.026220,-0.017298,-0.017434,-0.001992
2367419330.000,Miguel,recording,knock_twice_right,4,0.053219,6.743052,7.127600,-0.015491,-0.027979,0.009593
2367419340.000,Miguel,recording,knock_twice_right,4,0.169895,6.742488,7.157782,-0.006395,-0.033121,0.014861
2367419350.000,Miguel,recording,knock_twice_right,4,0.282890,6.743253,7.108954,0.001771,-0.030040,0.010649
2367419360.000,Miguel,recording,knock_twice_right,4,0.330338,6.736906,7.039030,0.006889,-0.021072,-0.001749
2367419370.000,Miguel,recording,knock_twice_right,4,0.288018,6.749396,7.018779,0.009390,-0.009823,-0.016117
2367419380.000,Miguel,recording,knock_twice_right,4,0.179627,6.800218,7.011815,0.009566,-0.001718,-0.025039
2367419390.000,Miguel,recording,knock_twice_right,4,0.069631,6.811196,6.988747,0.008973,0.003573,-0.023681
2367419400.000,Miguel,recording,knock_twice_right,4,-0.013553,6.835545,7.013695,0.006664,0.008778,-0.014841
2367419410.000,Miguel,recording,knock_twice_right,4,-0.048783,6.825227,7.059759,0.003228,0.010862,-0.003592
2367419420.000,Miguel,recording,knock_twice_right,4,-0.036219,6.815255,7.112361,0.002197,0.007639,0.008542
2367419430.000,Miguel,recording,knock_twice_right,4,0.010687,6.797335,7.164678,0.003552,-0.001256,0.017879
2367419440.000,Miguel,recording,knock_twice_right,4,0.081217,6.804960,7.131726,0.005713,-0.014786,0.020015
2367419450.000,Miguel,recording,knock_twice_right,4,0.159959,6.806692,7.101703,0.006443,-0.029528,0.016639
2367419460.000,Miguel,recording,knock_twice_right,4,0.201916,6.808570,7.057882,0.006700,-0.040636,0.011138
2367419470.000,Miguel,recording,knock_twice_right,4,0.207008,6.779740,6.997354,0.006528,-0.041795,0.004796
2367419480.000,Miguel,recording,knock_twice_right,4,0.191068,6.754512,6.998765,0.006430,-0.030657,-0.000427
2367419490.000,Miguel,recording,knock_twice_right,4,0.171112,6.727925,7.016695,0.011300,-0.011199,-0.003638
2367419500.000,Miguel,recording,knock_twice_right,4,0.122362,6.705986,7.034940,0.021836,0.011276,-0.004164
2367419510.000,Miguel,recording,knock_twice_right,4,0.099930,6.721165,7.018283,0.032065,0.030607,-0.001694
2367419520.000,Miguel,recording,knock_twice_right,4,0.104221,6.739181,6.983275,0.037570,0.037558,0.002148
2367419530.000,Miguel,recording,knock_twice_right,4,0.109033,6.750207,6.931801,0.036141,0.030117,0.004525
2367419540.000,Miguel,recording,knock_twice_right,4,0.127738,6.759043,6.857692,0.024218,0.015176,0.004393
2367419550.000,Miguel,recording,knock_twice_right,4,0.149737,6.785356,6.865982,0.005058,-0.004050,0.001629
2367419560.000,Miguel,recording,knock_twice_right,4,0.159833,6.783173,6.921183,-0.013770,-0.025134,-0.002331
2367419570.000,Miguel,recording,knock_twice_right,4,0.159725,6.788088,6.989382,-0.025527,-0.038874,-0.005629
2367419580.000,Miguel,recording,knock_twice_right,4,0.125599,6.794958,7.037217,-0.027706,-0.039344,-0.006235
2367419590.000,Miguel,recording,knock_twice_right,4,0.121744,6.784193,7.073867,-0.020817,-0.026015,-0.002924
2367419600.000,Miguel,recording,knock_twice_right,4,0.106088,6.762932,7.103979,-0.007191,-0.003789,0.002771
2367419610.000,Miguel,recording,knock_twice_right,4,0.141090,6.741720,7.116536,0.008225,0.017653,0.008060
2367419620.000,Miguel,recording,knock_twice_right,4,0.192446,6.752967,7.087932,0.022562,0.030588,0.010163
2367419630.000,Miguel,recording,knock_twice_right,4,0.226417,6.760159,7.015323,0.028759,0.030633,0.008684
2367419640.000,Miguel,recording,knock_twice_right,4,0.222365,6.747046,6.963383,0.023732,0.020038,0.003530
2367419650.000,Miguel,recording,knock_twice_right,4,0.182481,6.760144,6.953382,0.014643,0.005260,-0.001262
2367419660.000,Miguel,recording,knock_twice_right,4,0.157585,6.757442,6.947895,0.006311,-0.009723,-0.003433
2367419670.000,Miguel,recording,knock_twice_right,4,0.162638,6.757957,6.926949,-0.001768,-0.019453,-0.004315
2367419680.000,Miguel,recording,knock_twice_right,4,0.151496,6.766072,6.907428,-0.013269,-0.017318,-0.003517
2367419690.000,Miguel,recording,knock_twice_right,4,0.137344,6.776998,6.983380,-0.023582,-0.008641,-0.002207
2367419700.000,Miguel,recording,knock_twice_right,4,0.166393,6.771677,7.135574,-0.021572,0.000172,-0.000735
2367419710.000,Miguel,recording,knock_twice_right,4,0.198215,6.768978,7.205346,-0.008295,0.007080,0.000221
2367419720.000,Miguel,recording,knock_twice_right,4,0.238671,6.773819,7.171495,0.006857,0.008124,-0.001366
2367419730.000,Miguel,recording,knock_twice_right,4,0.244824,6.770092,7.074724,0.016704,0.004618,-0.005100
2367419740.000,Miguel,recording,knock_twice_right,4,0.194259,6.760170,6.981805,0.015202,0.000248,-0.011217
2367419750.000,Miguel,recording,knock_twice_right,4,0.161178,6.763418,6.955269,0.006837,-0.005527,-0.018158
2367419760.000,Miguel,recording,knock_twice_right,4,0.152181,6.781752,6.991797,0.001022,-0.011122,-0.020776
2367419770.000,Miguel,recording,knock_twice_right,4,0.146620,6.780922,7.036082,0.000527,-0.012788,-0.018323
2367419780.000,Miguel,recording,knock_twice_right,4,0.113709,6.770272,7.026480,0.003114,-0.007893,-0.015555
2367419790.000,Miguel,recording,knock_twice_right,4,0.065299,6.772011,7.008519,0.004406,0.000656,-0.012845
2367419800.000,Miguel,recording,knock_twice_right,4,0.065356,6.788125,7.029257,0.005222,0.005570,-0.007854
2367419810.000,Miguel,recording,knock_twice_right,4,0.117837,6.798356,7.041272,0.007607,0.004464,-0.003452
2367419820.000,Miguel,recording,knock_twice_right,4,0.162863,6.817610,7.020675,0.010777,-0.000597,-0.001474
2367419830.000,Miguel,recording,knock_twice_right,4,0.152465,6.802323,6.976939,0.011400,-0.007107,-0.001838
2367419840.000,Miguel,recording,knock_twice_right,4,0.155391,6.761995,6.911074,0.006939,-0.013898,-0.003532
2367419850.000,Miguel,recording,knock_twice_right,4,0.183734,6.748952,6.875703,0.000659,-0.018450,-0.005793
2367419860.000,Miguel,recording,knock_twice_right,4,0.232506,6.755708,6.868205,-0.004003,-0.018975,-0.010032
2367419870.000,Miguel,recording,knock_twice_right,4,0.226748,6.738405,6.859104,-0.006348,-0.013569,-0.015807
2367419880.000,Miguel,recording,knock_twice_right,4,0.132739,6.734360,6.839921,-0.011660,-0.000184,-0.019372
2367419890.000,Miguel,recording,knock_twice_right,4,0.043215,6.765903,6.855248,-0.022028,0.014635,-0.017142
2367419900.000,Miguel,recording,knock_twice_right,4,0.029197,6.794979,6.964402,-0.028706,0.021143,-0.010100
2367419910.000,Miguel,recording,knock_twice_right,4,0.070934,6.793679,7.067288,-0.028099,0.017115,-0.003529
2367419920.000,Miguel,recording,knock_twice_right,4,0.097909,6.769285,7.086160,-0.025229,0.005046,-0.001433
2367419930.000,Miguel,recording,knock_twice_right,4,0.112330,6.757826,7.045106,-0.026447,-0.010300,-0.002683
2367419940.000,Miguel,recording,knock_twice_right,4,0.081875,6.745190,6.996537,-0.034417,-0.021473,-0.004825
2367419950.000,Miguel,recording,knock_twice_right,4,0.054510,6.758884,7.056675,-0.041497,-0.026101,-0.004961
2367419960.000,Miguel,recording,knock_twice_right,4,0.059913,6.787681,7.153147,-0.040625,-0.025067,-0.000879
2367419970.000,Miguel,recording,knock_twice_right,4,0.092805,6.782157,7.222098,-0.031234,-0.016290,0.005474
2367419980.000,Miguel,recording,knock_twice_right,4,0.139852,6.786760,7.279363,-0.014459,-0.002146,0.008740
2367419990.000,Miguel,recording,knock_twice_right,4,0.174361,6.786183,7.283432,0.005611,0.010860,0.007501
2367420000.000,Miguel,recording,knock_twice_right,4,0.151214,6.798678,7.213167,0.022120,0.019342,0.005894
2367420010.000,Miguel,recording,knock_twice_right,4,0.094998,6.822076,7.130614,0.028064,0.020435,0.005728
2367420020.000,Miguel,recording,knock_twice_right,4,0.071805,6.846410,7.080093,0.023111,0.009647,0.006876
2367420030.000,Miguel,recording,knock_twice_right,4,0.051225,6.801631,7.065420,0.014081,-0.011059,0.010915
2367420040.000,Miguel,recording,knock_twice_right,4,0.104850,6.744505,7.026179,0.007207,-0.030437,0.016648
2367420050.000,Miguel,recording,knock_twice_right,4,0.190962,6.694193,6.991297,0.003020,-0.040071,0.017299
2367420060.000,Miguel,recording,knock_twice_right,4,0.250401,6.664092,6.970986,0.001217,-0.037128,0.011301
2367420070.000,Miguel,recording,knock_twice_right,4,0.287174,6.671735,6.957731,0.002217,-0.024303,0.001077
2367420080.000,Miguel,recording,knock_twice_right,4,0.311236,6.696499,6.966041,0.005663,-0.006803,-0.011257
2367420090.000,Miguel,recording,knock_twice_right,4,0.264518,6.753863,6.990694,0.011102,0.011467,-0.022170
2367420100.000,Miguel,recording,knock_twice_right,4,0.154890,6.809117,7.014377,0.016257,0.025907,-0.027950
2367420110.000,Miguel,recording,knock_twice_right,4,0.070208,6.859069,7.019552,0.020619,0.031181,-0.023743
2367420120.000,Miguel,recording,knock_twice_right,4,0.037390,6.885151,6.987004,0.021427,0.026854,-0.011581
2367420130.000,Miguel,recording,knock_twice_right,4,0.042039,6.864805,6.915421,0.014703,0.019884,0.001486
2367420140.000,Miguel,recording,knock_twice_right,4,0.060549,6.811075,6.911047,0.002652,0.013162,0.011506
2367420150.000,Miguel,recording,knock_twice_right,4,0.094796,6.744502,6.970330,-0.008804,0.005757,0.016831
2367420160.000,Miguel,recording,knock_twice_right,4,0.166285,6.697661,7.032814,-0.014586,-0.001969,0.017628
2367420170.000,Miguel,recording,knock_twice_right,4,0.246152,6.678639,7.041997,-0.015251,-0.007543,0.012338
2367420180.000,Miguel,recording,knock_twice_right,4,0.269367,6.665648,7.049540,-0.013049,-0.009417,0.001569
2367420190.000,Miguel,recording,knock_twice_right,4,0.230248,6.663122,7.061422,-0.009632,-0.010123,-0.010181
2367420200.000,Miguel,recording,knock_twice_right,4,0.144377,6.700564,7.095724,-0.005436,-0.010127,-0.015871
2367420210.000,Miguel,recording,knock_twice_right,4,0.094180,6.781264,7.092889,-0.000873,-0.009227,-0.011856
2367420220.000,Miguel,recording,knock_twice_right,4,0.120943,6.815267,7.071498,0.003509,-0.009657,-0.003262
2367420230.000,Miguel,recording,knock_twice_right,4,0.181887,6.804641,7.049068,0.006385,-0.010200,0.002811
2367420240.000,Miguel,recording,knock_twice_right,4,0.196428,6.758797,7.009017,0.006759,-0.008998,0.004034
2367420250.000,Miguel,recording,knock_twice_right,4,0.211740,6.728027,6.997964,0.005109,-0.007221,0.002662
2367420260.000,Miguel,recording,knock_twice_right,4,0.259050,6.740531,7.003940,0.004269,-0.005517,-0.002091
2367420270.000,Miguel,recording,knock_twice_right,4,0.280559,6.746143,7.018930,0.005949,-0.004176,-0.010461
2367420280.000,Miguel,recording,knock_twice_right,4,0.237690,6.746184,6.987821,0.006540,-0.002420,-0.018479
2367420290.000,Miguel,recording,knock_twice_right,4,0.152778,6.771510,6.977854,0.002694,0.001857,-0.024423
2367420300.000,Miguel,recording,knock_twice_right,4,0.071615,6.803616,6.985262,-0.004713,0.004217,-0.026201
2367420310.000,Miguel,recording,knock_twice_right,4,0.045054,6.840687,7.038792,-0.009979,0.000305,-0.023074
2367420320.000,Miguel,recording,knock_twice_right,4,0.043991,6.842248,7.081646,-0.010546,-0.006082,-0.017404
2367420330.000,Miguel,recording,knock_twice_right,4,0.088986,6.827224,7.064222,-0.008592,-0.012837,-0.010692
2367420340.000,Miguel,recording,knock_twice_right,4,0.100965,6.782580,7.023355,-0.006734,-0.017961,-0.006141
2367420350.000,Miguel,recording,knock_twice_right,4,0.098966,6.749776,7.001596,-0.006484,-0.019082,-0.004146
2367420360.000,Miguel,recording,knock_twice_right,4,0.092067,6.729451,6.983307,-0.006427,-0.015085,-0.001598
2367420370.000,Miguel,recording,knock_twice_right,4,0.106481,6.747370,6.956481,-0.004968,-0.006702,0.001595
2367420380.000,Miguel,recording,knock_twice_right,4,0.134086,6.752358,6.966831,-0.002212,0.001611,0.003099
2367420390.000,Miguel,recording,knock_twice_right,4,0.143831,6.755784,6.942421,0.000234,0.005694,0.002828
2367420400.000,Miguel,recording,knock_twice_right,4,0.119272,6.762038,6.912322,-0.002122,0.005940,0.000618
2367420410.000,Miguel,recording,knock_twice_right,4,0.108568,6.798840,6.925256,-0.010911,0.003008,-0.002188
2367420420.000,Miguel,recording,knock_twice_right,4,0.116642,6.817723,6.963404,-0.020680,-0.001897,-0.004345
2367420430.000,Miguel,recording,knock_twice_right,4,0.136627,6.820495,6.990591,-0.027179,-0.004224,-0.004744
2367420440.000,Miguel,recording,knock_twice_right,4,0.144166,6.792521,7.007741,-0.030593,-0.002863,-0.003981
2367420450.000,Miguel,recording,knock_twice_right,4,0.120858,6.766269,7.020571,-0.032600,0.004265,-0.003014
2367420460.000,Miguel,recording,knock_twice_right,4,0.073926,6.741273,7.090241,-0.033479,0.014099,-0.000246
2367420470.000,Miguel,recording,knock_twice_right,4,0.036886,6.735180,7.222745,-0.027469,0.017243,0.004829
2367420480.000,Miguel,recording,knock_twice_right,4,0.053271,6.724869,7.292093,-0.012873,0.012033,0.010724
2367420490.000,Miguel,recording,knock_twice_right,4,0.135944,6.728507,7.253788,0.003362,0.001815,0.012566
2367420500.000,Miguel,recording,knock_twice_right,4,0.209992,6.754638,7.153544,0.014868,-0.008813,0.007748
2367420510.000,Miguel,recording,knock_twice_right,4,0.226984,6.765967,7.048404,0.017314,-0.014821,-0.003098
2367420520.000,Miguel,recording,knock_twice_right,4,0.164194,6.757597,6.984980,0.012289,-0.013898,-0.012620
2367420530.000,Miguel,recording,knock_twice_right,4,0.095321,6.780111,6.978604,0.009146,-0.008302,-0.014284
2367420540.000,Miguel,recording,knock_twice_right,4,0.079648,6.816233,6.988029,0.009541,-0.000654,-0.008080
2367420550.000,Miguel,recording,knock_twice_right,4,0.068485,6.803637,6.980162,0.010447,0.008107,0.001114
2367420560.000,Miguel,recording,knock_twice_right,4,0.091975,6.770658,6.960237,0.009997,0.015901,0.006875
2367420570.000,Miguel,recording,knock_twice_right,4,0.037964,6.725701,6.972279,0.005679,0.020591,0.009921
2367420580.000,Miguel,recording,knock_twice_right,4,0.010972,6.707830,7.006883,0.000955,0.018547,0.014395
2367420590.000,Miguel,recording,knock_twice_right,4,0.070924,6.731242,7.061229,-0.000609,0.011274,0.019116
2367420600.000,Miguel,recording,knock_twice_right,4,0.162478,6.766641,7.056079,-0.001499,0.004281,0.018953
2367420610.000,Miguel,recording,knock_twice_right,4,0.187759,6.784056,7.030277,-0.005056,0.000279,0.013770
2367420620.000,Miguel,recording,knock_twice_right,4,0.161172,6.794722,7.037150,-0.011420,-0.004624,0.009462
2367420630.000,Miguel,recording,knock_twice_right,4,0.137777,6.782613,7.074877,-0.016178,-0.012687,0.008999
2367420640.000,Miguel,recording,knock_twice_right,4,0.143236,6.788855,7.116599,-0.015668,-0.018248,0.012123
2367420650.000,Miguel,recording,knock_twice_right,4,0.139087,6.772354,7.123996,-0.013491,-0.017189,0.016871
2367420660.000,Miguel,recording,knock_twice_right,4,0.170678,6.761158,7.138699,-0.009254,-0.011823,0.018814
2367420670.000,Miguel,recording,knock_twice_right,4,0.187868,6.709712,7.148121,-0.000041,-0.005156,0.017259
2367420680.000,Miguel,recording,knock_twice_right,4,0.207911,6.678833,7.122906,0.010458,0.004556,0.013810
2367420690.000,Miguel,recording,knock_twice_right,4,0.224916,6.704124,7.085429,0.017021,0.016059,0.011014
2367420700.000,Miguel,recording,knock_twice_right,4,0.215514,6.711949,7.055973,0.018980,0.025142,0.009187
2367420710.000,Miguel,recording,knock_twice_right,4,0.190525,6.746913,7.075209,0.018552,0.028026,0.005795
2367420720.000,Miguel,recording,knock_twice_right,4,0.197526,6.754904,7.099213,0.018548,0.021874,0.002140
2367420730.000,Miguel,recording,knock_twice_right,4,0.186269,6.762828,7.065398,0.017721,0.010020,-0.000374
2367420740.000,Miguel,recording,knock_twice_right,4,0.163546,6.764836,7.041038,0.010642,0.000082,-0.003230
2367420750.000,Miguel,recording,knock_twice_right,4,0.098217,6.773653,7.092108,0.002533,-0.005514,-0.004257
2367420760.000,Miguel,recording,knock_twice_right,4,0.091706,6.784104,7.186244,0.005448,-0.008478,-0.001466
2367420770.000,Miguel,recording,knock_twice_right,4,0.105256,6.787735,7.202172,0.019977,-0.008293,0.002841
2367420780.000,Miguel,recording,knock_twice_right,4,0.142242,6.788767,7.117334,0.037170,-0.005201,0.006601
2367420790.000,Miguel,recording,knock_twice_right,4,0.189676,6.782802,6.970245,0.046540,-0.000780,0.007119
2367420800.000,Miguel,recording,knock_twice_right,4,0.211220,6.757010,6.851836,0.043554,0.002429,0.004916
2367420810.000,Miguel,recording,knock_twice_right,4,0.205164,6.738498,6.785659,0.032741,0.001233,0.001786
2367420820.000,Miguel,recording,knock_twice_right,4,0.226135,6.719449,6.758487,0.018830,-0.002946,-0.002543
2367420830.000,Miguel,recording,knock_twice_right,4,0.212550,6.734175,6.747912,0.004869,-0.005827,-0.006321
2367420840.000,Miguel,recording,knock_twice_right,4,0.168201,6.751568,6.799473,-0.007861,-0.002171,-0.008871
2367420850.000,Miguel,recording,knock_twice_right,4,0.053038,6.788600,6.870373,-0.019696,0.008147,-0.008260
2367420860.000,Miguel,recording,knock_twice_right,4,0.000731,6.803519,6.973451,-0.025063,0.016286,-0.001198
2367420870.000,Miguel,recording,knock_twice_right,4,0.035821,6.824069,7.048292,-0.021179,0.016723,0.010363
2367420880.000,Miguel,recording,knock_twice_right,4,0.124700,6.840297,7.064716,-0.014135,0.011970,0.020732
2367420890.000,Miguel,recording,knock_twice_right,4,0.208056,6.815815,7.054045,-0.009369,0.004133,0.024532
2367420900.000,Miguel,recording,knock_twice_right,4,0.239025,6.746747,7.023104,-0.008733,-0.001869,0.021092
2367420910.000,Miguel,recording,knock_twice_right,4,0.242926,6.688224,7.021581,-0.010644,-0.002212,0.012869
2367420920.000,Miguel,recording,knock_twice_right,4,0.247639,6.687230,7.044400,-0.011605,0.001607,0.003161
2367420930.000,Miguel,recording,knock_twice_right,4,0.229064,6.723535,7.087263,-0.008510,0.006400,-0.006216
2367420940.000,Miguel,recording,knock_twice_right,4,0.144957,6.752282,7.092985,-0.004335,0.009477,-0.012228
2367420950.000,Miguel,recording,knock_twice_right,4,0.075490,6.788184,7.062027,-0.003851,0.008506,-0.011075
2367420960.000,Miguel,recording,knock_twice_right,4,0.068608,6.819516,7.057737,-0.006958,0.002686,-0.005633
2367420970.000,Miguel,recording,knock_twice_right,4,0.074647,6.838332,7.058504,-0.012856,-0.002745,-0.000688
2367420980.000,Miguel,recording,knock_twice_right,4,0.069037,6.822499,7.109624,-0.017111,-0.006360,0.004710
2367420990.000,Miguel,recording,knock_twice_right,4,0.104775,6.807376,7.190155,-0.014047,-0.010535,0.010091
2367421000.000,Miguel,recording,knock_twice_right,4,0.158912,6.802790,7.195516,-0.005709,-0.013337,0.011389
2367421010.000,Miguel,recording,knock_twice_right,4,0.157555,6.771299,7.170173,0.003197,-0.012826,0.008637
2367421020.000,Miguel,recording,knock_twice_right,4,0.127572,6.752619,7.122581,0.011332,-0.012742,0.006347
2367421030.000,Miguel,recording,knock_twice_right,4,0.112729,6.753374,7.053329,0.018196,-0.012165,0.006497
2367421040.000,Miguel,recording,knock_twice_right,4,0.154179,6.768650,6.990894,0.020985,-0.008691,0.007535
2367421050.000,Miguel,recording,knock_twice_right,4,0.176935,6.797119,6.948990,0.018630,-0.003229,0.007163
2367421060.000,Miguel,recording,knock_twice_right,4,0.175053,6.805589,6.921661,0.015038,0.003367,0.006641
2367421070.000,Miguel,recording,knock_twice_right,4,0.165277,6.793459,6.935807,0.012492,0.007301,0.009300
2367421080.000,Miguel,recording,knock_twice_right,4,0.183310,6.777812,6.931527,0.010800,0.006954,0.012089
2367421090.000,Miguel,recording,knock_twice_right,4,0.215930,6.739340,6.915568,0.007754,0.004032,0.012210
2367421100.000,Miguel,recording,knock_twice_right,4,0.251235,6.696515,6.867013,0.001091,-0.001427,0.010121
2367421110.000,Miguel,recording,knock_twice_right,4,0.279248,6.671211,6.858537,-0.008449,-0.004605,0.005038
2367421120.000,Miguel,recording,knock_twice_right,4,0.305734,6.663162,6.903246,-0.017822,-0.003637,-0.003165
2367421130.000,Miguel,recording,knock_twice_right,4,0.328493,6.669493,6.961701,-0.023258,-0.002454,-0.012253
2367421140.000,Miguel,recording,knock_twice_right,4,0.332112,6.672938,7.068638,-0.021526,-0.000773,-0.021623
2367421150.000,Miguel,recording,knock_twice_right,4,0.313602,6.690680,7.109389,-0.012358,0.002314,-0.028806
2367421160.000,Miguel,recording,knock_twice_right,4,0.184204,6.770824,7.058211,0.001367,0.035603,-0.115291
2367421170.000,Miguel,recording,knock_twice_right,4,-0.306639,6.884230,6.831489,-0.010404,0.059588,-0.181819
2367421180.000,Miguel,recording,knock_twice_right,4,-0.754301,6.868622,6.695546,-0.027852,0.014221,-0.107825
2367421190.000,Miguel,recording,knock_twice_right,4,-0.234090,7.049135,7.102983,-0.025549,-0.013674,-0.027778
2367421200.000,Miguel,recording,knock_twice_right,4,0.128168,7.237079,7.067511,-0.027713,-0.008938,0.000101
2367421210.000,Miguel,recording,knock_twice_right,4,-0.020363,6.879236,7.089845,-0.032148,-0.019965,0.027179
2367421220.000,Miguel,recording,knock_twice_right,4,-0.065146,6.818780,7.147058,-0.030198,-0.015083,0.086260
2367421230.000,Miguel,recording,knock_twice_right,4,0.231118,6.889587,7.339695,-0.010237,0.021120,0.142913
2367421240.000,Miguel,recording,knock_twice_right,4,0.555942,6.727610,7.340554,0.020416,0.071009,0.154112
2367421250.000,Miguel,recording,knock_twice_right,4,0.720432,6.378195,7.200414,0.039718,0.102060,0.114251
2367421260.000,Miguel,recording,knock_twice_right,4,0.758198,6.267308,7.136828,0.043401,0.102687,0.052728
2367421270.000,Miguel,recording,knock_twice_right,4,0.657354,6.438046,7.137996,0.036099,0.076919,-0.003269
2367421280.000,Miguel,recording,knock_twice_right,4,0.420502,6.614130,7.155487,0.021357,0.025392,-0.042429
2367421290.000,Miguel,recording,knock_twice_right,4,0.141069,6.686792,7.139796,0.005968,-0.037279,-0.055598
2367421300.000,Miguel,recording,knock_twice_right,4,0.068430,6.745050,7.130180,-0.003062,-0.083346,-0.043514
2367421310.000,Miguel,recording,knock_twice_right,4,0.049853,6.878278,7.043528,0.002594,-0.047563,-0.088808
2367421320.000,Miguel,recording,knock_twice_right,4,-0.377965,7.076068,6.763795,0.009524,0.020699,-0.133083
2367421330.000,Miguel,recording,knock_twice_right,4,-0.920362,7.118945,6.621151,0.019348,0.064802,-0.085944
2367421340.000,Miguel,recording,knock_twice_right,4,-0.795309,7.332064,6.834903,0.040437,0.124900,-0.014362
2367421350.000,Miguel,recording,knock_twice_right,4,-0.538919,7.201082,6.700986,0.055162,0.159486,0.052846
2367421360.000,Miguel,recording,knock_twice_right,4,-0.295835,6.954301,6.721175,0.051750,0.146090,0.106420
2367421370.000,Miguel,recording,knock_twice_right,4,0.082623,6.713551,6.733805,0.028928,0.104531,0.139609
2367421380.000,Miguel,recording,knock_twice_right,4,0.349096,6.721715,6.894011,-0.010284,0.033927,0.152510
2367421390.000,Miguel,recording,knock_twice_right,4,0.334616,6.702744,7.043419,-0.063796,-0.056672,0.147805
2367421400.000,Miguel,recording,knock_twice_right,4,0.415996,6.561190,7.252392,-0.108741,-0.127436,0.124167
2367421410.000,Miguel,recording,knock_twice_right,4,0.637233,6.417836,7.554342,-0.113825,-0.149018,0.086904
2367421420.000,Miguel,recording,knock_twice_right,4,0.731462,6.474913,7.718605,-0.076055,-0.120754,0.047693
2367421430.000,Miguel,recording,knock_twice_right,4,0.696674,6.588504,7.696844,-0.014941,-0.058806,0.016449
2367421440.000,Miguel,recording,knock_twice_right,4,0.566557,6.682637,7.578519,0.047910,0.008299,-0.002976
2367421450.000,Miguel,recording,knock_twice_right,4,0.383485,6.759554,7.343734,0.092803,0.054959,-0.007622
2367421460.000,Miguel,recording,knock_twice_right,4,0.237231,6.805754,7.109741,0.109381,0.068179,0.002375
2367421470.000,Miguel,recording,knock_twice_right,4,0.205865,6.818257,6.932739,0.097918,0.048322,0.018507
2367421480.000,Miguel,recording,knock_twice_right,4,0.292525,6.758754,6.839123,0.070200,0.007328,0.028963
2367421490.000,Miguel,recording,knock_twice_right,4,0.410392,6.679357,6.827441,0.039900,-0.038462,0.028578
2367421500.000,Miguel,recording,knock_twice_right,4,0.492876,6.626093,6.825182,0.013572,-0.073682,0.016681
2367421510.000,Miguel,recording,knock_twice_right,4,0.515206,6.616961,6.833423,-0.002898,-0.088159,-0.002769
2367421520.000,Miguel,recording,knock_twice_right,4,0.459134,6.653945,6.875257,-0.007708,-0.078908,-0.022919
2367421530.000,Miguel,recording,knock_twice_right,4,0.394800,6.696371,6.904365,-0.003967,-0.051500,-0.037625
2367421540.000,Miguel,recording,knock_twice_right,4,0.323169,6.753394,6.917006,0.005279,-0.019209,-0.044684
2367421550.000,Miguel,recording,knock_twice_right,4,0.247045,6.768808,6.930199,0.016069,0.008389,-0.048196
2367421560.000,Miguel,recording,knock_twice_right,4,0.185022,6.766340,6.927902,0.023650,0.025406,-0.049971
2367421570.000,Miguel,recording,knock_twice_right,4,0.084163,6.740519,6.925286,0.024660,0.028435,-0.051004
2367421580.000,Miguel,recording,knock_twice_right,4,0.007405,6.742659,6.957350,0.022538,0.018275,-0.049998
2367421590.000,Miguel,recording,knock_twice_right,4,-0.014907,6.782181,6.980789,0.021749,-0.001602,-0.045422
2367421600.000,Miguel,recording,knock_twice_right,4,0.002020,6.831857,6.915707,0.018864,-0.022618,-0.039703
2367421610.000,Miguel,recording,knock_twice_right,4,0.014428,6.879704,6.829806,0.010212,-0.035990,-0.034757
2367421620.000,Miguel,recording,knock_twice_right,4,-0.021124,6.914313,6.797547,-0.003494,-0.037437,-0.029055
2367421630.000,Miguel,recording,knock_twice_right,4,-0.065156,6.947603,6.844533,-0.016030,-0.029525,-0.019185
2367421640.000,Miguel,recording,knock_twice_right,4,-0.082092,6.938107,6.936728,-0.021674,-0.019492,-0.004686
2367421650.000,Miguel,recording,knock_twice_right,4,-0.036704,6.910564,6.988593,-0.021376,-0.009941,0.011369
2367421660.000,Miguel,recording,knock_twice_right,4,0.034102,6.888205,6.986655,-0.019280,-0.001838,0.021934
2367421670.000,Miguel,recording,knock_twice_right,4,0.087829,6.837691,7.003435,-0.018566,0.002652,0.024488
2367421680.000,Miguel,recording,knock_twice_right,4,0.119384,6.792757,7.063832,-0.017431,0.003114,0.021014
2367421690.000,Miguel,recording,knock_twice_right,4,0.153648,6.770260,7.100146,-0.013989,-0.000282,0.014862
2367421700.000,Miguel,recording,knock_twice_right,4,0.176964,6.798783,7.087712,-0.008854,-0.004303,0.009644
2367421710.000,Miguel,recording,knock_twice_right,4,0.203013,6.824692,7.052192,-0.003855,-0.005570,0.006161
2367421720.000,Miguel,recording,knock_twice_right,4,0.187685,6.819830,7.021455,-0.000992,-0.004008,0.004059
2367421730.000,Miguel,recording,knock_twice_right,4,0.138770,6.805629,7.031957,0.001647,-0.001459,0.003732
2367421740.000,Miguel,recording,knock_twice_right,4,0.107653,6.799704,7.060436,0.006617,0.001751,0.006244
2367421750.000,Miguel,recording,knock_twice_right,4,0.140885,6.787499,7.002623,0.011017,0.006438,0.010409
2367421760.000,Miguel,recording,knock_twice_right,4,0.177336,6.775701,6.943226,0.009525,0.010072,0.011488
2367421770.000,Miguel,recording,knock_twice_right,4,0.212424,6.769995,6.922247,0.003103,0.011694,0.008388
2367421780.000,Miguel,recording,knock_twice_right,4,0.203955,6.766591,6.972701,-0.001163,0.013207,0.004197
2367421790.000,Miguel,recording,knock_twice_right,4,0.175125,6.762324,7.044906,0.000450,0.017380,0.001969
2367421800.000,Miguel,recording,knock_twice_right,4,0.157229,6.776387,7.054812,0.004610,0.021715,0.002773
2367421810.000,Miguel,recording,knock_twice_right,4,0.132026,6.798245,7.018642,0.008620,0.021375,0.005852
2367421820.000,Miguel,recording,knock_twice_right,4,0.139568,6.803764,6.956236,0.006971,0.016097,0.010540
2367421830.000,Miguel,recording,knock_twice_right,4,0.175054,6.796184,6.937117,-0.002980,0.005995,0.014749
2367421840.000,Miguel,recording,knock_twice_right,4,0.236655,6.794440,6.945700,-0.015660,-0.009214,0.017528
2367421850.000,Miguel,recording,knock_twice_right,4,0.299279,6.764899,6.975676,-0.025580,-0.024452,0.016711
2367421860.000,Miguel,recording,knock_twice_right,4,0.346320,6.723535,7.008462,-0.030851,-0.032842,0.010987
2367421870.000,Miguel,recording,knock_twice_right,4,0.363267,6.699775,7.023728,-0.030187,-0.031174,0.003260
2367421880.000,Miguel,recording,knock_twice_right,4,0.365161,6.666133,7.056447,-0.023006,-0.019913,-0.005810
2367421890.000,Miguel,recording,knock_twice_right,4,0.327373,6.656470,7.070478,-0.010509,-0.002544,-0.015503
2367421900.000,Miguel,recording,knock_twice_right,4,0.252287,6.693654,7.087172,0.004630,0.016590,-0.021979
2367421910.000,Miguel,recording,knock_twice_right,4,0.190355,6.733681,7.046675,0.015703,0.032035,-0.023361
2367421920.000,Miguel,recording,knock_twice_right,4,0.154227,6.788275,7.032952,0.020004,0.038066,-0.019154
2367421930.000,Miguel,recording,knock_twice_right,4,0.155941,6.832174,7.001650,0.018509,0.032921,-0.014717
2367421940.000,Miguel,recording,knock_twice_right,4,0.159827,6.861730,6.949981,0.009517,0.019155,-0.012684
2367421950.000,Miguel,recording,knock_twice_right,4,0.161803,6.860922,6.942466,-0.004978,-0.000750,-0.011860
2367421960.000,Miguel,recording,knock_twice_right,4,0.158850,6.854490,6.962346,-0.019918,-0.022496,-0.012694
2367421970.000,Miguel,recording,knock_twice_right,4,0.138708,6.832518,7.010913,-0.029630,-0.037698,-0.012840
2367421980.000,Miguel,recording,knock_twice_right,4,0.138785,6.815454,7.047931,-0.029796,-0.038873,-0.011135
2367421990.000,Miguel,recording,knock_twice_right,4,0.146209,6.775044,7.078276,-0.020530,-0.026700,-0.009139
2367422000.000,Miguel,recording,knock_twice_right,4,0.111134,6.750786,7.086879,-0.006687,-0.008189,-0.006189
2367422010.000,Miguel,recording,knock_twice_right,5,0.106840,6.717732,7.059579,0.006719,0.011744,-0.001617
2367422020.000,Miguel,recording,knock_twice_right,5,0.141367,6.740709,6.998263,0.015991,0.027541,0.001385
2367422030.000,Miguel,recording,knock_twice_right,5,0.208813,6.779745,6.939251,0.015730,0.033422,0.001527
2367422040.000,Miguel,recording,knock_twice_right,5,0.226965,6.796785,6.908181,0.005388,0.029061,-0.003407
2367422050.000,Miguel,recording,knock_twice_right,5,0.185727,6.813063,6.898854,-0.011555,0.016263,-0.011948
2367422060.000,Miguel,recording,knock_twice_right,5,0.144124,6.826335,6.978170,-0.027348,-0.001738,-0.018301
2367422070.000,Miguel,recording,knock_twice_right,5,0.086541,6.845474,7.080092,-0.034782,-0.019991,-0.020222
2367422080.000,Miguel,recording,knock_twice_right,5,0.033332,6.833711,7.157342,-0.031186,-0.031785,-0.015729
2367422090.000,Miguel,recording,knock_twice_right,5,0.033641,6.817788,7.159464,-0.018413,-0.032277,-0.007343
2367422100.000,Miguel,recording,knock_twice_right,5,0.065790,6.798451,7.133259,-0.002121,-0.023666,-0.001066
2367422110.000,Miguel,recording,knock_twice_right,5,0.108803,6.770263,7.077897,0.012363,-0.008123,0.002560
2367422120.000,Miguel,recording,knock_twice_right,5,0.136932,6.745934,7.010939,0.021796,0.009634,0.004684
2367422130.000,Miguel,recording,knock_twice_right,5,0.148029,6.781265,6.973140,0.025316,0.022456,0.004740
2367422140.000,Miguel,recording,knock_twice_right,5,0.160886,6.813038,6.964419,0.023522,0.027794,0.003531
2367422150.000,Miguel,recording,knock_twice_right,5,0.137193,6.819916,6.955525,0.017003,0.024749,0.002925
2367422160.000,Miguel,recording,knock_twice_right,5,0.126883,6.816343,6.971601,0.006046,0.014345,0.002976
2367422170.000,Miguel,recording,knock_twice_right,5,0.134277,6.807441,6.994480,-0.006352,-0.001065,0.002441
2367422180.000,Miguel,recording,knock_twice_right,5,0.155129,6.801270,7.011337,-0.014372,-0.016686,0.002471
2367422190.000,Miguel,recording,knock_twice_right,5,0.185618,6.785424,7.017909,-0.017280,-0.025270,0.002782
2367422200.000,Miguel,recording,knock_twice_right,5,0.217395,6.770889,7.015292,-0.016673,-0.023105,0.001787
2367422210.000,Miguel,recording,knock_twice_right,5,0.223094,6.741371,7.025735,-0.010474,-0.013588,-0.001313
2367422220.000,Miguel,recording,knock_twice_right,5,0.226260,6.713256,7.036412,0.000656,-0.000908,-0.006289
2367422230.000,Miguel,recording,knock_twice_right,5,0.206779,6.715841,7.022880,0.013152,0.013687,-0.009502
2367422240.000,Miguel,recording,knock_twice_right,5,0.173350,6.736099,6.953253,0.020651,0.027651,-0.009149
2367422250.000,Miguel,recording,knock_twice_right,5,0.164959,6.774435,6.899899,0.018938,0.036011,-0.007110
2367422260.000,Miguel,recording,knock_twice_right,5,0.139164,6.800433,6.888640,0.010268,0.035262,-0.003811
2367422270.000,Miguel,recording,knock_twice_right,5,0.133765,6.779974,6.922463,-0.001443,0.026467,-0.000248
2367422280.000,Miguel,recording,knock_twice_right,5,0.164016,6.782204,6.967032,-0.013845,0.012610,0.001971
2367422290.000,Miguel,recording,knock_twice_right,5,0.193107,6.794037,7.037186,-0.023586,-0.003152,0.002067
2367422300.000,Miguel,recording,knock_twice_right,5,0.224570,6.803388,7.103805,-0.027053,-0.016782,-0.001442
2367422310.000,Miguel,recording,knock_twice_right,5,0.223304,6.785349,7.151903,-0.024914,-0.023776,-0.004337
2367422320.000,Miguel,recording,knock_twice_right,5,0.223740,6.736492,7.171162,-0.016781,-0.024392,-0.003022
2367422330.000,Miguel,recording,knock_twice_right,5,0.272049,6.699972,7.162720,-0.002417,-0.018931,-0.003120
2367422340.000,Miguel,recording,knock_twice_right,5,0.307409,6.683876,7.127198,0.011590,-0.007238,-0.009314
2367422350.000,Miguel,recording,knock_twice_right,5,0.272942,6.675378,7.036811,0.018819,0.006994,-0.018753
2367422360.000,Miguel,recording,knock_twice_right,5,0.188373,6.708773,6.987407,0.018382,0.018213,-0.026345
2367422370.000,Miguel,recording,knock_twice_right,5,0.129450,6.777326,6.991126,0.013542,0.020312,-0.028868
2367422380.000,Miguel,recording,knock_twice_right,5,0.111787,6.815076,7.029322,0.008278,0.011657,-0.026628
2367422390.000,Miguel,recording,knock_twice_right,5,0.118299,6.828072,7.039887,0.002112,-0.003407,-0.021962
2367422400.000,Miguel,recording,knock_twice_right,5,0.174174,6.802285,7.028847,-0.001290,-0.018032,-0.017429
2367422410.000,Miguel,recording,knock_twice_right,5,0.230621,6.755424,7.024675,-0.000722,-0.023808,-0.017116
2367422420.000,Miguel,recording,knock_twice_right,5,0.241722,6.739233,6.989246,-0.000294,-0.017701,-0.020608
2367422430.000,Miguel,recording,knock_twice_right,5,0.224997,6.724593,7.005204,-0.000134,-0.003161,-0.024956
2367422440.000,Miguel,recording,knock_twice_right,5,0.199992,6.710705,7.054214,0.002244,0.012154,-0.030138
2367422450.000,Miguel,recording,knock_twice_right,5,0.171227,6.721142,7.069885,0.008921,0.019164,-0.033696
2367422460.000,Miguel,recording,knock_twice_right,5,0.145250,6.762200,7.036702,0.015028,0.014491,-0.034381
2367422470.000,Miguel,recording,knock_twice_right,5,0.151423,6.776412,6.972855,0.013727,0.001207,-0.034290
2367422480.000,Miguel,recording,knock_twice_right,5,0.173938,6.796045,6.903907,0.005886,-0.013845,-0.033942
2367422490.000,Miguel,recording,knock_twice_right,5,0.146369,6.780729,6.873458,-0.006010,-0.021047,-0.033768
2367422500.000,Miguel,recording,knock_twice_right,5,0.119033,6.756317,6.920545,-0.015941,-0.016201,-0.033995
2367422510.000,Miguel,recording,knock_twice_right,5,0.080611,6.749078,7.020789,-0.017779,-0.005138,-0.031794
2367422520.000,Miguel,recording,knock_twice_right,5,0.071065,6.730705,7.121224,-0.011924,0.007358,-0.026058
2367422530.000,Miguel,recording,knock_twice_right,5,0.102304,6.730224,7.163416,-0.000314,0.016280,-0.020706
2367422540.000,Miguel,recording,knock_twice_right,5,0.164883,6.748824,7.158933,0.009557,0.015305,-0.020311
2367422550.000,Miguel,recording,knock_twice_right,5,0.231421,6.768197,7.137694,0.013981,0.004324,-0.026408
2367422560.000,Miguel,recording,knock_twice_right,5,0.280236,6.791771,7.102748,0.017510,-0.012912,-0.035520
2367422570.000,Miguel,recording,knock_twice_right,5,0.348191,6.852238,7.035874,0.021416,-0.029110,-0.044698
2367422580.000,Miguel,recording,knock_twice_right,5,0.369836,6.878750,6.940529,0.023218,-0.033270,-0.054964
2367422590.000,Miguel,recording,knock_twice_right,5,0.261068,6.862352,6.851025,0.021354,-0.023390,-0.064020
2367422600.000,Miguel,recording,knock_twice_right,5,0.091650,6.756216,6.805369,0.014567,-0.007063,-0.064641
2367422610.000,Miguel,recording,knock_twice_right,5,-0.045348,6.703491,6.847063,0.004914,0.008990,-0.055325
2367422620.000,Miguel,recording,knock_twice_right,5,-0.031705,6.725111,6.950811,-0.004503,0.017736,-0.042879
2367422630.000,Miguel,recording,knock_twice_right,5,0.066154,6.759849,7.037393,-0.013124,0.014208,-0.035358
2367422640.000,Miguel,recording,knock_twice_right,5,0.143035,6.769158,7.121311,-0.018766,-0.001464,-0.035039
2367422650.000,Miguel,recording,knock_twice_right,5,0.189477,6.766823,7.156977,-0.020639,-0.026736,-0.039221
2367422660.000,Miguel,recording,knock_twice_right,5,0.229287,6.788938,7.152371,-0.020194,-0.052810,-0.045342
2367422670.000,Miguel,recording,knock_twice_right,5,0.251701,6.798931,7.074100,-0.018462,-0.067612,-0.052535
2367422680.000,Miguel,recording,knock_twice_right,5,0.246155,6.804819,6.984308,-0.017045,-0.063201,-0.060197
2367422690.000,Miguel,recording,knock_twice_right,5,0.170414,6.770407,7.005484,-0.014387,-0.040754,-0.066023
2367422700.000,Miguel,recording,knock_twice_right,5,0.066797,6.699212,7.110829,-0.005600,-0.013913,-0.066593
2367422710.000,Miguel,recording,knock_twice_right,5,-0.016042,6.647778,7.166307,0.011365,0.003645,-0.063452
2367422720.000,Miguel,recording,knock_twice_right,5,-0.007560,6.665375,7.117181,0.029284,0.006947,-0.060445
2367422730.000,Miguel,recording,knock_twice_right,5,0.042434,6.730517,6.968212,0.034865,-0.002505,-0.059365
2367422740.000,Miguel,recording,knock_twice_right,5,0.086708,6.779360,6.823613,0.023309,-0.021487,-0.061847
2367422750.000,Miguel,recording,knock_twice_right,5,0.097098,6.814027,6.760205,-0.001129,-0.041197,-0.066303
2367422760.000,Miguel,recording,knock_twice_right,5,0.046751,6.833187,6.810546,-0.028975,-0.049052,-0.069855
2367422770.000,Miguel,recording,knock_twice_right,5,0.000194,6.886261,6.937142,-0.045832,-0.042600,-0.070273
2367422780.000,Miguel,recording,knock_twice_right,5,-0.088263,6.902142,7.126201,-0.044968,-0.024640,-0.065711
2367422790.000,Miguel,recording,knock_twice_right,5,-0.194797,6.864249,7.264629,-0.027690,-0.001852,-0.053028
2367422800.000,Miguel,recording,knock_twice_right,5,-0.220792,6.852270,7.338752,-0.001550,0.013647,-0.033613
2367422810.000,Miguel,recording,knock_twice_right,5,-0.167277,6.840407,7.304593,0.021421,0.013177,-0.015230
2367422820.000,Miguel,recording,knock_twice_right,5,-0.055580,6.829737,7.171493,0.033472,-0.003290,-0.004586
2367422830.000,Miguel,recording,knock_twice_right,5,0.088224,6.832399,7.020484,0.031890,-0.029343,-0.004088
2367422840.000,Miguel,recording,knock_twice_right,5,0.161936,6.823694,6.929689,0.020227,-0.055480,-0.012354
2367422850.000,Miguel,recording,knock_twice_right,5,0.171247,6.785507,6.917670,0.007012,-0.070858,-0.023693
2367422860.000,Miguel,recording,knock_twice_right,5,0.152898,6.761086,6.936633,0.000655,-0.068755,-0.032161
2367422870.000,Miguel,recording,knock_twice_right,5,0.113823,6.755749,6.961575,0.003820,-0.049455,-0.037053
2367422880.000,Miguel,recording,knock_twice_right,5,0.049213,6.762381,6.971723,0.012293,-0.022358,-0.039724
2367422890.000,Miguel,recording,knock_twice_right,5,-0.030828,6.797756,6.953014,0.019530,-0.002192,-0.037966
2367422900.000,Miguel,recording,knock_twice_right,5,-0.053497,6.829144,6.904570,0.021035,0.005822,-0.029471
2367422910.000,Miguel,recording,knock_twice_right,5,-0.009391,6.860939,6.847217,0.015122,0.006118,-0.019260
2367422920.000,Miguel,recording,knock_twice_right,5,0.061367,6.865381,6.830392,0.001717,0.001054,-0.011936
2367422930.000,Miguel,recording,knock_twice_right,5,0.102658,6.818167,6.886052,-0.012763,-0.008089,-0.008434
2367422940.000,Miguel,recording,knock_twice_right,5,0.166763,6.749919,6.966800,-0.021144,-0.015888,-0.007273
2367422950.000,Miguel,recording,knock_twice_right,5,0.244670,6.687048,7.011889,-0.024997,-0.018527,-0.010005
2367422960.000,Miguel,recording,knock_twice_right,5,0.335179,6.654329,7.029462,-0.024570,-0.018646,-0.019793
2367422970.000,Miguel,recording,knock_twice_right,5,0.336321,6.631759,7.043262,-0.019867,-0.016306,-0.034960
2367422980.000,Miguel,recording,knock_twice_right,5,0.269736,6.641640,7.063951,-0.013511,-0.008481,-0.052194
2367422990.000,Miguel,recording,knock_twice_right,5,0.173924,6.667044,7.071303,-0.005932,-0.000653,-0.065644
2367423000.000,Miguel,recording,knock_twice_right,5,0.098955,6.716718,7.067496,0.001028,0.001167,-0.071330
2367423010.000,Miguel,recording,knock_twice_right,5,0.054392,6.749463,7.046225,0.004772,-0.000837,-0.069560
2367423020.000,Miguel,recording,knock_twice_right,5,0.040429,6.774943,7.011709,0.004326,-0.005075,-0.064722
2367423030.000,Miguel,recording,knock_twice_right,5,0.059902,6.783567,7.007988,-0.000379,-0.011730,-0.060668
2367423040.000,Miguel,recording,knock_twice_right,5,0.061621,6.764764,7.029262,-0.008175,-0.017454,-0.060016
2367423050.000,Miguel,recording,knock_twice_right,5,0.045430,6.746866,7.054330,-0.015037,-0.019156,-0.063617
2367423060.000,Miguel,recording,knock_twice_right,5,0.017933,6.771428,7.095358,-0.017538,-0.019764,-0.068026
2367423070.000,Miguel,recording,knock_twice_right,5,-0.025318,6.802166,7.156577,-0.016196,-0.024063,-0.070926
2367423080.000,Miguel,recording,knock_twice_right,5,-0.064817,6.818649,7.168164,-0.012843,-0.033710,-0.070166
2367423090.000,Miguel,recording,knock_twice_right,5,-0.128112,6.842186,7.134938,-0.008631,-0.045255,-0.065038
2367423100.000,Miguel,recording,knock_twice_right,5,-0.143303,6.875403,7.079378,-0.005810,-0.052038,-0.056166
2367423110.000,Miguel,recording,knock_twice_right,5,-0.132137,6.884549,7.032909,-0.005441,-0.052617,-0.045035
2367423120.000,Miguel,recording,knock_twice_right,5,-0.079032,6.835747,7.050622,-0.004229,-0.047441,-0.035533
2367423130.000,Miguel,recording,knock_twice_right,5,-0.047230,6.774602,7.038855,-0.000169,-0.035886,-0.032415
2367423140.000,Miguel,recording,knock_twice_right,5,-0.044257,6.745549,7.036842,0.005853,-0.022559,-0.035591
2367423150.000,Miguel,recording,knock_twice_right,5,-0.077523,6.757769,7.025297,0.013023,-0.012958,-0.041338
2367423160.000,Miguel,recording,knock_twice_right,5,-0.124565,6.779931,7.029152,0.018348,-0.007273,-0.044618
2367423170.000,Miguel,recording,knock_twice_right,5,-0.173487,6.805539,6.997240,0.020427,-0.005417,-0.041387
2367423180.000,Miguel,recording,knock_twice_right,5,-0.193185,6.861963,6.958307,0.018051,-0.008470,-0.034144
2367423190.000,Miguel,recording,knock_twice_right,5,-0.170796,6.881492,6.939389,0.011024,-0.014102,-0.026075
2367423200.000,Miguel,recording,knock_twice_right,5,-0.112435,6.874368,6.929292,0.002711,-0.016766,-0.020342
2367423210.000,Miguel,recording,knock_twice_right,5,-0.081209,6.837649,6.951755,-0.003430,-0.015541,-0.018408
2367423220.000,Miguel,recording,knock_twice_right,5,-0.062140,6.804842,7.004005,-0.004103,-0.013381,-0.018817
2367423230.000,Miguel,recording,knock_twice_right,5,-0.055600,6.774147,7.044739,0.000982,-0.010348,-0.019683
2367423240.000,Miguel,recording,knock_twice_right,5,-0.046149,6.781834,7.026728,0.009316,-0.006906,-0.020653
2367423250.000,Miguel,recording,knock_twice_right,5,-0.037091,6.804395,6.953674,0.014401,-0.005320,-0.021102
2367423260.000,Miguel,recording,knock_twice_right,5,-0.020384,6.834657,6.878489,0.012818,-0.005249,-0.020416
2367423270.000,Miguel,recording,knock_twice_right,5,-0.013427,6.835572,6.819922,0.007199,-0.005269,-0.018911
2367423280.000,Miguel,recording,knock_twice_right,5,-0.020647,6.854217,6.815839,-0.001277,-0.002680,-0.016445
2367423290.000,Miguel,recording,knock_twice_right,5,-0.033532,6.841193,6.839777,-0.009315,0.002641,-0.012970
2367423300.000,Miguel,recording,knock_twice_right,5,-0.062914,6.835272,6.906856,-0.013533,0.009247,-0.008178
2367423310.000,Miguel,recording,knock_twice_right,5,-0.090759,6.830427,6.956939,-0.017616,0.014030,-0.003033
2367423320.000,Miguel,recording,knock_twice_right,5,-0.091766,6.825610,7.013345,-0.022661,0.010931,0.003652
2367423330.000,Miguel,recording,knock_twice_right,5,-0.046493,6.806778,7.072184,-0.025601,-0.002069,0.010524
2367423340.000,Miguel,recording,knock_twice_right,5,0.006717,6.787187,7.091289,-0.026263,-0.019379,0.013387
2367423350.000,Miguel,recording,knock_twice_right,5,0.060951,6.768264,7.096656,-0.024751,-0.032066,0.013356
2367423360.000,Miguel,recording,knock_twice_right,5,0.099743,6.751882,7.059041,-0.022227,-0.036497,0.010648
2367423370.000,Miguel,recording,knock_twice_right,5,0.104673,6.709196,7.017131,-0.019322,-0.030381,0.004678
2367423380.000,Miguel,recording,knock_twice_right,5,0.088028,6.691773,7.001550,-0.016822,-0.014457,-0.000771
2367423390.000,Miguel,recording,knock_twice_right,5,0.077618,6.707638,7.014511,-0.014825,0.004455,-0.003796
2367423400.000,Miguel,recording,knock_twice_right,5,0.073297,6.737907,7.055024,-0.011335,0.019552,-0.005679
2367423410.000,Miguel,recording,knock_twice_right,5,0.055834,6.745817,7.136881,-0.005914,0.026847,-0.006485
2367423420.000,Miguel,recording,knock_twice_right,5,0.037259,6.720739,7.175633,0.000679,0.025547,-0.005953
2367423430.000,Miguel,recording,knock_twice_right,5,0.057740,6.707716,7.173293,0.007779,0.018245,-0.007099
2367423440.000,Miguel,recording,knock_twice_right,5,0.083235,6.733188,7.145586,0.013926,0.010365,-0.012613
2367423450.000,Miguel,recording,knock_twice_right,5,0.090005,6.756722,7.074594,0.014962,0.005307,-0.020511
2367423460.000,Miguel,recording,knock_twice_right,5,0.044801,6.781336,7.034089,0.008870,0.002538,-0.026801
2367423470.000,Miguel,recording,knock_twice_right,5,-0.016392,6.802267,7.043340,0.000888,-0.000653,-0.031056
2367423480.000,Miguel,recording,knock_twice_right,5,-0.065479,6.817899,7.071839,-0.004540,-0.005898,-0.032342
2367423490.000,Miguel,recording,knock_twice_right,5,-0.106951,6.808149,7.080789,-0.008060,-0.012141,-0.027311
2367423500.000,Miguel,recording,knock_twice_right,5,-0.122321,6.805138,7.109303,-0.009606,-0.018204,-0.018113
2367423510.000,Miguel,recording,knock_twice_right,5,-0.106632,6.787940,7.143038,-0.006475,-0.022404,-0.009702
2367423520.000,Miguel,recording,knock_twice_right,5,-0.035937,6.768174,7.164155,0.002073,-0.023093,-0.004177
2367423530.000,Miguel,recording,knock_twice_right,5,0.033551,6.758341,7.142512,0.013717,-0.018056,-0.004950
2367423540.000,Miguel,recording,knock_twice_right,5,0.059976,6.765699,7.071620,0.023188,-0.008878,-0.013089
2367423550.000,Miguel,recording,knock_twice_right,5,0.028470,6.809575,7.002401,0.028281,-0.001365,-0.022858
2367423560.000,Miguel,recording,knock_twice_right,5,-0.046734,6.835249,6.935705,0.029571,0.001392,-0.028241
2367423570.000,Miguel,recording,knock_twice_right,5,-0.134155,6.851676,6.874325,0.024232,-0.002713,-0.026164
2367423580.000,Miguel,recording,knock_twice_right,5,-0.180858,6.851851,6.837859,0.012847,-0.013261,-0.016837
2367423590.000,Miguel,recording,knock_twice_right,5,-0.162135,6.826413,6.832427,-0.000366,-0.026406,-0.003612
2367423600.000,Miguel,recording,knock_twice_right,5,-0.092389,6.760337,6.842440,-0.012261,-0.036271,0.006876
2367423610.000,Miguel,recording,knock_twice_right,5,-0.000490,6.709345,6.858517,-0.021098,-0.038318,0.010690
2367423620.000,Miguel,recording,knock_twice_right,5,0.069129,6.693302,6.894114,-0.024999,-0.032564,0.006371
2367423630.000,Miguel,recording,knock_twice_right,5,0.073161,6.710384,6.954988,-0.023707,-0.017507,-0.004858
2367423640.000,Miguel,recording,knock_twice_right,5,0.043205,6.756798,7.012411,-0.017710,0.003025,-0.015169
2367423650.000,Miguel,recording,knock_twice_right,5,-0.007880,6.806722,7.087375,-0.007852,0.020133,-0.018948
2367423660.000,Miguel,recording,knock_twice_right,5,-0.065879,6.831764,7.085518,0.001124,0.028061,-0.016946
2367423670.000,Miguel,recording,knock_twice_right,5,-0.110584,6.869101,7.050332,0.003722,0.027555,-0.010309
2367423680.000,Miguel,recording,knock_twice_right,5,-0.137800,6.888267,7.031520,-0.001113,0.020642,-0.001327
2367423690.000,Miguel,recording,knock_twice_right,5,-0.147541,6.899238,7.042138,-0.009982,0.009737,0.009499
2367423700.000,Miguel,recording,knock_twice_right,5,-0.131932,6.839666,7.086735,-0.017931,-0.001454,0.021453
2367423710.000,Miguel,recording,knock_twice_right,5,-0.059532,6.781725,7.131005,-0.022377,-0.012641,0.028986
2367423720.000,Miguel,recording,knock_twice_right,5,0.032151,6.725797,7.161719,-0.021957,-0.022661,0.027888
2367423730.000,Miguel,recording,knock_twice_right,5,0.107693,6.678295,7.181939,-0.015203,-0.028065,0.019530
2367423740.000,Miguel,recording,knock_twice_right,5,0.114829,6.644603,7.153984,-0.004357,-0.025717,0.008786
2367423750.000,Miguel,recording,knock_twice_right,5,0.093210,6.655903,7.123313,0.008828,-0.015087,0.000356
2367423760.000,Miguel,recording,knock_twice_right,5,0.066136,6.721725,7.080345,0.023620,-0.000082,-0.005129
2367423770.000,Miguel,recording,knock_twice_right,5,0.022197,6.766970,7.028429,0.034769,0.012701,-0.006655
2367423780.000,Miguel,recording,knock_twice_right,5,-0.018137,6.780328,6.964135,0.038249,0.020181,-0.003732
2367423790.000,Miguel,recording,knock_twice_right,5,-0.039151,6.821609,6.924569,0.031449,0.019906,0.002093
2367423800.000,Miguel,recording,knock_twice_right,5,-0.013986,6.841539,6.891378,0.017229,0.012248,0.007478
2367423810.000,Miguel,recording,knock_twice_right,5,0.019070,6.825358,6.917536,0.002076,0.000393,0.009331
2367423820.000,Miguel,recording,knock_twice_right,5,0.041190,6.803220,6.973389,-0.011782,-0.012701,0.007717
2367423830.000,Miguel,recording,knock_twice_right,5,0.054186,6.770617,7.023050,-0.020368,-0.023064,0.003080
2367423840.000,Miguel,recording,knock_twice_right,5,0.069003,6.747247,7.068993,-0.020329,-0.027381,-0.001439
2367423850.000,Miguel,recording,knock_twice_right,5,0.079535,6.749584,7.080062,-0.013883,-0.023045,-0.005237
2367423860.000,Miguel,recording,knock_twice_right,5,0.058898,6.750593,7.055345,-0.006088,-0.012338,-0.008380
2367423870.000,Miguel,recording,knock_twice_right,5,0.031144,6.763739,7.043285,0.001256,0.000292,-0.008352
2367423880.000,Miguel,recording,knock_twice_right,5,0.009097,6.778028,7.034111,0.008072,0.011339,-0.006183
2367423890.000,Miguel,recording,knock_twice_right,5,-0.003635,6.787287,7.024557,0.013181,0.016010,-0.003092
2367423900.000,Miguel,recording,knock_twice_right,5,-0.006255,6.784155,6.994582,0.013708,0.013555,0.000355
2367423910.000,Miguel,recording,knock_twice_right,5,0.005169,6.779818,6.973643,0.008857,0.005512,0.002533
2367423920.000,Miguel,recording,knock_twice_right,5,0.042726,6.762571,6.971302,0.001217,-0.005307,0.001442
2367423930.000,Miguel,recording,knock_twice_right,5,0.087898,6.759351,6.970980,-0.005534,-0.014674,-0.003791
2367423940.000,Miguel,recording,knock_twice_right,5,0.081142,6.735758,6.993920,-0.007706,-0.018309,-0.011263
2367423950.000,Miguel,recording,knock_twice_right,5,0.039712,6.754842,7.019061,-0.005040,-0.014829,-0.017947
2367423960.000,Miguel,recording,knock_twice_right,5,-0.014781,6.772216,7.026530,0.000111,-0.006891,-0.020659
2367423970.000,Miguel,recording,knock_twice_right,5,-0.035139,6.814846,6.994361,0.004860,0.003255,-0.018554
2367423980.000,Miguel,recording,knock_twice_right,5,-0.046774,6.830251,6.969885,0.006725,0.012594,-0.014522
2367423990.000,Miguel,recording,knock_twice_right,5,-0.044885,6.829569,6.940706,0.003405,0.016519,-0.010015
2367424000.000,Miguel,recording,knock_twice_right,5,-0.038997,6.803210,6.936051,-0.005529,0.014345,-0.007364
2367424010.000,Miguel,recording,knock_twice_right,5,-0.046298,6.794800,6.961806,-0.016488,0.009642,-0.004773
2367424020.000,Miguel,recording,knock_twice_right,5,-0.075576,6.785533,7.030420,-0.023863,0.003364,-0.000702
2367424030.000,Miguel,recording,knock_twice_right,5,-0.059287,6.768166,7.098033,-0.023605,-0.004464,0.002065
2367424040.000,Miguel,recording,knock_twice_right,5,-0.023515,6.749860,7.127780,-0.016252,-0.012151,0.002702
2367424050.000,Miguel,recording,knock_twice_right,5,-0.008507,6.752116,7.105320,-0.006839,-0.017399,0.000597
2367424060.000,Miguel,recording,knock_twice_right,5,0.000664,6.758235,7.054864,0.000118,-0.018811,-0.001326
2367424070.000,Miguel,recording,knock_twice_right,5,-0.012260,6.751807,7.009442,0.004055,-0.018166,-0.000748
2367424080.000,Miguel,recording,knock_twice_right,5,-0.006323,6.747437,6.978599,0.005163,-0.016340,0.002789
2367424090.000,Miguel,recording,knock_twice_right,5,0.011060,6.754317,6.950759,0.001510,-0.011990,0.007120
2367424100.000,Miguel,recording,knock_twice_right,5,0.062139,6.759526,6.984539,-0.004379,-0.007017,0.008255
2367424110.000,Miguel,recording,knock_twice_right,5,0.052947,6.749998,7.015614,-0.010052,-0.003287,0.006039
2367424120.000,Miguel,recording,knock_twice_right,5,0.072983,6.747459,7.057479,-0.012907,-0.001338,0.003463
2367424130.000,Miguel,recording,knock_twice_right,5,0.112732,6.766465,7.104546,-0.012070,-0.003409,-0.000319
2367424140.000,Miguel,recording,knock_twice_right,5,0.129626,6.770089,7.122096,-0.008375,-0.007419,-0.005571
2367424150.000,Miguel,recording,knock_twice_right,5,0.113177,6.754399,7.123817,-0.001362,-0.009893,-0.010626
2367424160.000,Miguel,recording,knock_twice_right,5,0.093771,6.736656,7.088587,0.006573,-0.010376,-0.014358
2367424170.000,Miguel,recording,knock_twice_right,5,0.070071,6.707121,7.046965,0.012264,-0.008483,-0.016020
2367424180.000,Miguel,recording,knock_twice_right,5,0.057438,6.710326,7.003597,0.013891,-0.003495,-0.015824
2367424190.000,Miguel,recording,knock_twice_right,5,0.071490,6.721996,7.001621,0.013022,0.002367,-0.016819
2367424200.000,Miguel,recording,knock_twice_right,5,0.100202,6.750594,7.002786,0.009943,0.005661,-0.019646
2367424210.000,Miguel,recording,knock_twice_right,5,0.130400,6.761879,7.011358,0.005847,0.003870,-0.022455
2367424220.000,Miguel,recording,knock_twice_right,5,0.139764,6.764809,7.012034,0.002204,-0.002634,-0.026911
2367424230.000,Miguel,recording,knock_twice_right,5,0.160151,6.774921,7.017378,-0.000864,-0.010407,-0.032206
2367424240.000,Miguel,recording,knock_twice_right,5,0.155512,6.764039,7.030811,-0.002540,-0.014296,-0.037532
2367424250.000,Miguel,recording,knock_twice_right,5,0.114924,6.724462,7.007901,-0.004125,-0.013871,-0.042568
2367424260.000,Miguel,recording,knock_twice_right,5,-1.552589,6.910180,6.593863,-0.048504,0.055593,0.106076
2367424270.000,Miguel,recording,knock_twice_right,5,-3.537776,7.619526,6.260988,-0.062769,0.080938,0.332795
2367424280.000,Miguel,recording,knock_twice_right,5,0.733134,7.588031,7.298355,-0.023889,0.005108,0.332035
2367424290.000,Miguel,recording,knock_twice_right,5,2.330906,6.180991,6.927054,-0.032399,-0.014478,0.171556
2367424300.000,Miguel,recording,knock_twice_right,5,1.477811,6.037700,6.877605,-0.047982,-0.029677,-0.000640
2367424310.000,Miguel,recording,knock_twice_right,5,1.768409,6.237017,7.355231,-0.045372,-0.061841,-0.161956
2367424320.000,Miguel,recording,knock_twice_right,5,0.732869,6.522909,7.304170,-0.046595,-0.041942,-0.264391
2367424330.000,Miguel,recording,knock_twice_right,5,-0.511948,6.620166,7.338408,-0.032061,0.001455,-0.266249
2367424340.000,Miguel,recording,knock_twice_right,5,-0.663013,6.754044,7.646938,0.013415,0.043756,-0.178959
2367424350.000,Miguel,recording,knock_twice_right,5,-0.670386,6.856499,7.528810,0.069838,0.091591,-0.066895
2367424360.000,Miguel,recording,knock_twice_right,5,-0.051775,6.802494,7.324220,0.108403,0.118879,0.008129
2367424370.000,Miguel,recording,knock_twice_right,5,0.298122,6.700035,7.003934,0.111923,0.103862,0.019956
2367424380.000,Miguel,recording,knock_twice_right,5,0.500178,6.650851,6.805867,0.080334,0.057441,-0.015568
2367424390.000,Miguel,recording,knock_twice_right,5,0.409788,6.727106,6.800062,0.034203,-0.004530,-0.067093
2367424400.000,Miguel,recording,knock_twice_right,5,0.112588,6.876690,6.888452,-0.005555,-0.061443,-0.107916
2367424410.000,Miguel,recording,knock_twice_right,5,-0.443544,6.996832,6.938888,-0.029203,-0.092662,-0.115085
2367424420.000,Miguel,recording,knock_twice_right,5,-2.441770,7.337072,6.605452,-0.063638,-0.045437,0.053898
2367424430.000,Miguel,recording,knock_twice_right,5,-3.336735,7.919390,6.580958,-0.058784,-0.018362,0.283801
2367424440.000,Miguel,recording,knock_twice_right,5,0.771694,7.408654,7.324309,-0.021897,-0.033747,0.326770
2367424450.000,Miguel,recording,knock_twice_right,5,0.854256,6.309025,6.545525,-0.028166,-0.011197,0.236897
2367424460.000,Miguel,recording,knock_twice_right,5,1.767846,6.034860,6.986470,-0.047688,-0.018551,0.096188
2367424470.000,Miguel,recording,knock_twice_right,5,1.211569,6.311293,7.086744,-0.064503,-0.042115,-0.044644
2367424480.000,Miguel,recording,knock_twice_right,5,0.709905,6.545251,7.370269,-0.071451,-0.042721,-0.141225
2367424490.000,Miguel,recording,knock_twice_right,5,-0.307527,6.618653,7.508473,-0.048198,-0.032160,-0.159791
2367424500.000,Miguel,recording,knock_twice_right,5,-0.497663,6.734143,7.671055,0.006712,-0.008740,-0.111097
2367424510.000,Miguel,recording,knock_twice_right,5,-0.488236,6.874374,7.543035,0.070907,0.035705,-0.038611
2367424520.000,Miguel,recording,knock_twice_right,5,-0.154015,6.870705,7.227663,0.118715,0.076793,0.017224
2367424530.000,Miguel,recording,knock_twice_right,5,0.157710,6.805893,6.915791,0.129724,0.092750,0.032414
2367424540.000,Miguel,recording,knock_twice_right,5,0.287541,6.785224,6.657035,0.099148,0.080195,0.008524
2367424550.000,Miguel,recording,knock_twice_right,5,0.198014,6.834314,6.637637,0.043090,0.042723,-0.031904
2367424560.000,Miguel,recording,knock_twice_right,5,-0.107143,6.929075,6.800751,-0.009717,-0.006259,-0.059909
2367424570.000,Miguel,recording,knock_twice_right,5,-0.405426,7.007191,7.045757,-0.037096,-0.044368,-0.055931
2367424580.000,Miguel,recording,knock_twice_right,5,-0.555367,7.020311,7.186283,-0.033523,-0.055788,-0.019558
2367424590.000,Miguel,recording,knock_twice_right,5,-0.526887,6.974053,7.208598,-0.007564,-0.039104,0.032677
2367424600.000,Miguel,recording,knock_twice_right,5,-0.391076,6.882071,7.085308,0.023607,-0.004683,0.080806
2367424610.000,Miguel,recording,knock_twice_right,5,-0.161762,6.809055,6.926254,0.043503,0.031056,0.111525
2367424620.000,Miguel,recording,knock_twice_right,5,0.076846,6.766053,6.811575,0.042269,0.051698,0.119357
2367424630.000,Miguel,recording,knock_twice_right,5,0.223795,6.763208,6.780057,0.022646,0.048075,0.105860
2367424640.000,Miguel,recording,knock_twice_right,5,0.237310,6.747373,6.843339,-0.003479,0.024649,0.080083
2367424650.000,Miguel,recording,knock_twice_right,5,0.178722,6.727470,6.959477,-0.024296,-0.007020,0.055145
2367424660.000,Miguel,recording,knock_twice_right,5,0.116790,6.725497,7.041111,-0.031266,-0.031612,0.038332
2367424670.000,Miguel,recording,knock_twice_right,5,0.104495,6.735381,7.098952,-0.023756,-0.035581,0.029535
2367424680.000,Miguel,recording,knock_twice_right,5,0.084912,6.729596,7.079504,-0.006184,-0.017758,0.026116
2367424690.000,Miguel,recording,knock_twice_right,5,0.073321,6.718184,7.002544,0.012898,0.012896,0.025034
2367424700.000,Miguel,recording,knock_twice_right,5,0.075676,6.719356,6.905276,0.026272,0.044989,0.022320
2367424710.000,Miguel,recording,knock_twice_right,5,0.041241,6.733019,6.858586,0.030403,0.067766,0.018401
2367424720.000,Miguel,recording,knock_twice_right,5,-0.047802,6.779897,6.885965,0.026717,0.076048,0.018000
2367424730.000,Miguel,recording,knock_twice_right,5,-0.100174,6.821540,6.919872,0.018391,0.069714,0.022887
2367424740.000,Miguel,recording,knock_twice_right,5,-0.094476,6.860042,6.972804,0.007477,0.052387,0.031698
2367424750.000,Miguel,recording,knock_twice_right,5,-0.053940,6.892150,6.997873,-0.002794,0.031046,0.040778
2367424760.000,Miguel,recording,knock_twice_right,5,-0.006708,6.894727,6.996530,-0.012378,0.013948,0.046944
2367424770.000,Miguel,recording,knock_twice_right,5,0.044978,6.873253,7.009125,-0.020773,0.007480,0.049645
2367424780.000,Miguel,recording,knock_twice_right,5,0.098735,6.836323,7.060615,-0.025145,0.012469,0.051606
2367424790.000,Miguel,recording,knock_twice_right,5,0.117054,6.769371,7.130647,-0.022636,0.022994,0.052774
2367424800.000,Miguel,recording,knock_twice_right,5,0.135284,6.695967,7.202967,-0.012253,0.031746,0.051827
2367424810.000,Miguel,recording,knock_twice_right,5,0.165544,6.631708,7.221853,0.003480,0.035949,0.046407
2367424820.000,Miguel,recording,knock_twice_right,5,0.155796,6.623149,7.183381,0.018394,0.033358,0.035350
2367424830.000,Miguel,recording,knock_twice_right,5,0.144875,6.634869,7.145165,0.030636,0.024377,0.023142
2367424840.000,Miguel,recording,knock_twice_right,5,0.110867,6.694351,7.094914,0.041045,0.014545,0.012919
2367424850.000,Miguel,recording,knock_twice_right,5,0.087136,6.767944,6.985549,0.044864,0.007722,0.007473
2367424860.000,Miguel,recording,knock_twice_right,5,0.061821,6.834077,6.846492,0.039106,0.004151,0.007771
2367424870.000,Miguel,recording,knock_twice_right,5,0.043107,6.848816,6.771346,0.024818,0.003811,0.011594
2367424880.000,Miguel,recording,knock_twice_right,5,0.066524,6.841429,6.781072,0.006996,0.004924,0.016943
2367424890.000,Miguel,recording,knock_twice_right,5,0.107738,6.812696,6.846098,-0.008495,0.005202,0.021750
2367424900.000,Miguel,recording,knock_twice_right,5,0.141979,6.770568,6.919937,-0.018057,0.005282,0.021605
2367424910.000,Miguel,recording,knock_twice_right,5,0.142594,6.726910,6.992945,-0.020462,0.004169,0.017573
2367424920.000,Miguel,recording,knock_twice_right,5,0.111249,6.711213,7.043130,-0.016359,0.003315,0.013275
2367424930.000,Miguel,recording,knock_twice_right,5,0.059121,6.736291,7.066120,-0.005848,0.006700,0.009590
2367424940.000,Miguel,recording,knock_twice_right,5,0.049843,6.784175,7.052396,0.006687,0.013908,0.009365
2367424950.000,Miguel,recording,knock_twice_right,5,0.024995,6.814411,6.997367,0.014513,0.021974,0.012874
2367424960.000,Miguel,recording,knock_twice_right,5,-0.012311,6.835719,6.930680,0.014700,0.028283,0.017816
2367424970.000,Miguel,recording,knock_twice_right,5,-0.014007,6.835935,6.910247,0.007257,0.028494,0.024155
2367424980.000,Miguel,recording,knock_twice_right,5,0.049596,6.823462,6.927626,-0.003350,0.020248,0.030868
2367424990.000,Miguel,recording,knock_twice_right,5,0.127519,6.787956,6.965116,-0.010926,0.006895,0.033656
2367425000.000,Miguel,recording,knock_twice_right,5,0.185740,6.731343,6.957596,-0.015390,-0.005163,0.029846
2367425010.000,Miguel,recording,knock_twice_right,5,0.235969,6.683185,6.946745,-0.019341,-0.010606,0.020908
2367425020.000,Miguel,recording,knock_twice_right,5,0.252327,6.692858,6.965216,-0.020853,-0.005880,0.009122
2367425030.000,Miguel,recording,knock_twice_right,5,0.213072,6.702696,7.024532,-0.015365,0.007941,-0.001846
2367425040.000,Miguel,recording,knock_twice_right,5,0.135516,6.726972,7.072569,-0.006794,0.022131,-0.008274
2367425050.000,Miguel,recording,knock_twice_right,5,0.072045,6.752107,7.089292,-0.001611,0.028594,-0.009275
2367425060.000,Miguel,recording,knock_twice_right,6,0.037434,6.790140,7.066764,0.000587,0.024280,-0.007801
2367425070.000,Miguel,recording,knock_twice_right,6,0.051890,6.803813,7.035964,-0.000241,0.012344,-0.006159
2367425080.000,Miguel,recording,knock_twice_right,6,0.085460,6.839297,7.012942,-0.005944,-0.000604,-0.004262
2367425090.000,Miguel,recording,knock_twice_right,6,0.106707,6.833561,6.985530,-0.015396,-0.010871,-0.003382
2367425100.000,Miguel,recording,knock_twice_right,6,0.113882,6.818168,7.010532,-0.025056,-0.016028,-0.004180
2367425110.000,Miguel,recording,knock_twice_right,6,0.117456,6.793068,7.063168,-0.030903,-0.014137,-0.006065
2367425120.000,Miguel,recording,knock_twice_right,6,0.087489,6.773756,7.146612,-0.029365,-0.004318,-0.009269
2367425130.000,Miguel,recording,knock_twice_right,6,0.058671,6.775230,7.233327,-0.018836,0.010585,-0.012809
2367425140.000,Miguel,recording,knock_twice_right,6,-0.004369,6.771557,7.276987,-0.002107,0.020471,-0.013571
2367425150.000,Miguel,recording,knock_twice_right,6,-0.041710,6.787275,7.250232,0.013840,0.020427,-0.011487
2367425160.000,Miguel,recording,knock_twice_right,6,-0.044554,6.805947,7.209817,0.024553,0.011332,-0.007247
2367425170.000,Miguel,recording,knock_twice_right,6,-0.020184,6.823246,7.131426,0.029809,-0.006171,-0.003503
2367425180.000,Miguel,recording,knock_twice_right,6,0.009334,6.821535,7.065209,0.030563,-0.024599,-0.002970
2367425190.000,Miguel,recording,knock_twice_right,6,0.041950,6.811424,6.987780,0.028133,-0.036219,-0.003733
2367425200.000,Miguel,recording,knock_twice_right,6,0.071926,6.776776,6.901197,0.023718,-0.036325,-0.005564
2367425210.000,Miguel,recording,knock_twice_right,6,0.077020,6.774616,6.867444,0.018154,-0.026656,-0.010490
2367425220.000,Miguel,recording,knock_twice_right,6,0.070642,6.756120,6.883514,0.013267,-0.012907,-0.016906
2367425230.000,Miguel,recording,knock_twice_right,6,0.020413,6.759343,6.927251,0.013375,0.000712,-0.022218
2367425240.000,Miguel,recording,knock_twice_right,6,-0.014757,6.796653,6.928840,0.018555,0.012708,-0.023422
2367425250.000,Miguel,recording,knock_twice_right,6,-0.036279,6.833216,6.890449,0.023421,0.020145,-0.020630
2367425260.000,Miguel,recording,knock_twice_right,6,-0.054926,6.868494,6.841083,0.023008,0.019311,-0.016594
2367425270.000,Miguel,recording,knock_twice_right,6,-0.056291,6.871115,6.779416,0.014795,0.013105,-0.013275
2367425280.000,Miguel,recording,knock_twice_right,6,-0.064916,6.878234,6.750302,-0.001093,0.006616,-0.009773
2367425290.000,Miguel,recording,knock_twice_right,6,-0.075102,6.860124,6.805283,-0.019940,0.001053,-0.004968
2367425300.000,Miguel,recording,knock_twice_right,6,-0.095434,6.834452,6.925040,-0.032970,-0.003180,-0.001277
2367425310.000,Miguel,recording,knock_twice_right,6,-0.098755,6.791898,7.057161,-0.034928,-0.003318,0.003804
2367425320.000,Miguel,recording,knock_twice_right,6,-0.089784,6.777512,7.146142,-0.025257,0.000523,0.011980
2367425330.000,Miguel,recording,knock_twice_right,6,-0.038711,6.787531,7.147535,-0.009398,0.004167,0.018445
2367425340.000,Miguel,recording,knock_twice_right,6,0.025806,6.811552,7.085567,0.004700,0.005236,0.021019
2367425350.000,Miguel,recording,knock_twice_right,6,0.081123,6.820796,6.963734,0.009318,0.004171,0.020310
2367425360.000,Miguel,recording,knock_twice_right,6,0.111052,6.811435,6.878749,0.001783,0.002452,0.016103
2367425370.000,Miguel,recording,knock_twice_right,6,0.129838,6.798148,6.870498,-0.013982,0.001344,0.010865
2367425380.000,Miguel,recording,knock_twice_right,6,0.117618,6.765618,6.944005,-0.029574,-0.000838,0.006422
2367425390.000,Miguel,recording,knock_twice_right,6,0.096962,6.725584,7.073915,-0.036375,-0.005075,0.003850
2367425400.000,Miguel,recording,knock_twice_right,6,0.088763,6.691667,7.153116,-0.033041,-0.008548,0.002161
2367425410.000,Miguel,recording,knock_twice_right,6,0.094406,6.719843,7.188923,-0.023320,-0.008064,-0.000870
2367425420.000,Miguel,recording,knock_twice_right,6,0.116275,6.756930,7.187552,-0.010262,-0.005067,-0.004061
2367425430.000,Miguel,recording,knock_twice_right,6,0.106624,6.783614,7.152034,0.002160,-0.000162,-0.006663
2367425440.000,Miguel,recording,knock_twice_right,6,0.101794,6.796964,7.095891,0.008966,0.005618,-0.009275
2367425450.000,Miguel,recording,knock_twice_right,6,0.056315,6.802217,7.079240,0.011541,0.008875,-0.010486
2367425460.000,Miguel,recording,knock_twice_right,6,-0.024321,6.805277,7.085173,0.014895,0.009384,-0.007491
2367425470.000,Miguel,recording,knock_twice_right,6,-0.042776,6.801461,7.086309,0.019646,0.006625,-0.000492
2367425480.000,Miguel,recording,knock_twice_right,6,-0.004715,6.769304,7.048046,0.023604,0.001190,0.007206
2367425490.000,Miguel,recording,knock_twice_right,6,0.050202,6.735963,6.958255,0.021322,-0.004849,0.010460
2367425500.000,Miguel,recording,knock_twice_right,6,0.095922,6.732522,6.901628,0.011058,-0.011099,0.006541
2367425510.000,Miguel,recording,knock_twice_right,6,0.132870,6.732161,6.931208,-0.000285,-0.018596,-0.002154
2367425520.000,Miguel,recording,knock_twice_right,6,0.146402,6.738733,6.977093,-0.006932,-0.024094,-0.011229
2367425530.000,Miguel,recording,knock_twice_right,6,0.122619,6.782108,7.021734,-0.006589,-0.022173,-0.017987
2367425540.000,Miguel,recording,knock_twice_right,6,0.090206,6.810044,7.029086,-0.000098,-0.013481,-0.022405
2367425550.000,Miguel,recording,knock_twice_right,6,0.032913,6.822392,7.016627,0.009747,-0.003176,-0.023766
2367425560.000,Miguel,recording,knock_twice_right,6,0.001113,6.845967,6.981590,0.016974,0.005595,-0.021092
2367425570.000,Miguel,recording,knock_twice_right,6,-0.010337,6.838490,6.901314,0.016103,0.011867,-0.016234
2367425580.000,Miguel,recording,knock_twice_right,6,-0.034068,6.827747,6.877658,0.008150,0.012023,-0.013654
2367425590.000,Miguel,recording,knock_twice_right,6,-0.046088,6.814235,6.897538,-0.003838,0.004907,-0.014304
2367425600.000,Miguel,recording,knock_twice_right,6,-0.049408,6.824441,6.946396,-0.014959,-0.004968,-0.013870
2367425610.000,Miguel,recording,knock_twice_right,6,-0.040261,6.850241,7.007970,-0.019975,-0.013918,-0.011297
2367425620.000,Miguel,recording,knock_twice_right,6,-0.051888,6.853345,7.052905,-0.020287,-0.021425,-0.008299
2367425630.000,Miguel,recording,knock_twice_right,6,-0.058613,6.842306,7.053913,-0.019689,-0.023930,-0.004896
2367425640.000,Miguel,recording,knock_twice_right,6,-0.039039,6.850997,7.047727,-0.016197,-0.020249,-0.000162
2367425650.000,Miguel,recording,knock_twice_right,6,0.023031,6.832530,7.047991,-0.008703,-0.011086,0.003794
2367425660.000,Miguel,recording,knock_twice_right,6,0.054395,6.801175,7.041421,-0.000227,0.001665,0.004407
2367425670.000,Miguel,recording,knock_twice_right,6,0.039616,6.776156,7.025134,0.008596,0.013135,0.002242
2367425680.000,Miguel,recording,knock_twice_right,6,-0.011534,6.755421,7.031282,0.016389,0.021185,-0.000293
2367425690.000,Miguel,recording,knock_twice_right,6,-0.044146,6.778535,7.029054,0.021064,0.023001,-0.000298
2367425700.000,Miguel,recording,knock_twice_right,6,-0.049536,6.793111,6.982417,0.020473,0.017512,0.002391
2367425710.000,Miguel,recording,knock_twice_right,6,-0.011749,6.817644,6.966278,0.014501,0.007198,0.005178
2367425720.000,Miguel,recording,knock_twice_right,6,0.008500,6.824103,6.973858,0.005776,-0.006060,0.006738
2367425730.000,Miguel,recording,knock_twice_right,6,0.029513,6.822272,6.996699,-0.001753,-0.018879,0.006523
2367425740.000,Miguel,recording,knock_twice_right,6,0.062593,6.812526,7.020576,-0.005140,-0.027896,0.004910
2367425750.000,Miguel,recording,knock_twice_right,6,0.105187,6.809145,7.013713,-0.004785,-0.030398,0.002398
2367425760.000,Miguel,recording,knock_twice_right,6,0.101868,6.778821,7.036662,-0.001004,-0.025508,-0.001096
2367425770.000,Miguel,recording,knock_twice_right,6,0.068832,6.760943,7.040772,0.006900,-0.014604,-0.004179
2367425780.000,Miguel,recording,knock_twice_right,6,0.034046,6.759749,7.000676,0.014148,0.001286,-0.004977
2367425790.000,Miguel,recording,knock_twice_right,6,0.020092,6.795057,6.959304,0.015979,0.016549,-0.002948
2367425800.000,Miguel,recording,knock_twice_right,6,0.027124,6.799936,6.951511,0.013981,0.023481,-0.000183
2367425810.000,Miguel,recording,knock_twice_right,6,0.065557,6.779232,6.938150,0.010910,0.020225,0.001683
2367425820.000,Miguel,recording,knock_twice_right,6,0.102345,6.751597,6.905182,0.004842,0.008798,0.000186
2367425830.000,Miguel,recording,knock_twice_right,6,0.130274,6.776553,6.847773,-0.007570,-0.006831,-0.005833
2367425840.000,Miguel,recording,knock_twice_right,6,0.133118,6.821159,6.832072,-0.024487,-0.021632,-0.013678
2367425850.000,Miguel,recording,knock_twice_right,6,0.087285,6.828643,6.886372,-0.039032,-0.029516,-0.019048
2367425860.000,Miguel,recording,knock_twice_right,6,0.015879,6.817880,6.984122,-0.042676,-0.028493,-0.019094
2367425870.000,Miguel,recording,knock_twice_right,6,-0.016180,6.813409,7.067287,-0.035225,-0.022747,-0.014262
2367425880.000,Miguel,recording,knock_twice_right,6,-0.019312,6.810246,7.077836,-0.020979,-0.013617,-0.006675
2367425890.000,Miguel,recording,knock_twice_right,6,-0.005734,6.774908,7.031341,-0.006995,-0.003522,0.000343
2367425900.000,Miguel,recording,knock_twice_right,6,0.033773,6.735475,6.926143,-0.000376,0.006301,0.003532
2367425910.000,Miguel,recording,knock_twice_right,6,0.052041,6.731183,6.878606,-0.003124,0.015404,0.001355
2367425920.000,Miguel,recording,knock_twice_right,6,0.038409,6.760896,6.906045,-0.011400,0.018384,-0.004174
2367425930.000,Miguel,recording,knock_twice_right,6,-0.007013,6.781831,6.991714,-0.017407,0.014574,-0.009137
2367425940.000,Miguel,recording,knock_twice_right,6,-0.049601,6.800397,7.060095,-0.018002,0.007939,-0.011082
2367425950.000,Miguel,recording,knock_twice_right,6,-0.048177,6.845349,7.063151,-0.016621,0.002792,-0.008376
2367425960.000,Miguel,recording,knock_twice_right,6,-0.043697,6.894592,7.021947,-0.018524,0.001094,-0.003191
2367425970.000,Miguel,recording,knock_twice_right,6,-0.015448,6.912845,7.010879,-0.025330,0.001905,0.000986
2367425980.000,Miguel,recording,knock_twice_right,6,-0.004505,6.898389,7.045781,-0.032667,0.005539,0.003997
2367425990.000,Miguel,recording,knock_twice_right,6,-0.005475,6.852103,7.130267,-0.036034,0.010501,0.006784
2367426000.000,Miguel,recording,knock_twice_right,6,-0.023195,6.790737,7.233525,-0.033055,0.015115,0.009783
2367426010.000,Miguel,recording,knock_twice_right,6,-0.028881,6.735844,7.330277,-0.021326,0.016922,0.012306
2367426020.000,Miguel,recording,knock_twice_right,6,0.005923,6.696581,7.366786,-0.003490,0.013006,0.012002
2367426030.000,Miguel,recording,knock_twice_right,6,0.025757,6.704300,7.325800,0.014707,0.004337,0.007126
2367426040.000,Miguel,recording,knock_twice_right,6,0.048683,6.696873,7.237434,0.028224,-0.008463,0.000656
2367426050.000,Miguel,recording,knock_twice_right,6,0.049425,6.737205,7.126226,0.035062,-0.024020,-0.004932
2367426060.000,Miguel,recording,knock_twice_right,6,0.056567,6.777782,7.019427,0.036771,-0.037575,-0.009183
2367426070.000,Miguel,recording,knock_twice_right,6,0.058497,6.811238,6.926838,0.033601,-0.041940,-0.009338
2367426080.000,Miguel,recording,knock_twice_right,6,0.055886,6.825889,6.865277,0.027049,-0.032579,-0.004907
2367426090.000,Miguel,recording,knock_twice_right,6,0.068827,6.812564,6.845632,0.021616,-0.012139,-0.000393
2367426100.000,Miguel,recording,knock_twice_right,6,0.088715,6.778289,6.867577,0.020068,0.010309,0.001070
2367426110.000,Miguel,recording,knock_twice_right,6,0.072942,6.770319,6.891439,0.020958,0.028718,0.001329
2367426120.000,Miguel,recording,knock_twice_right,6,0.037471,6.766531,6.899574,0.021448,0.039840,0.002271
2367426130.000,Miguel,recording,knock_twice_right,6,0.055895,6.773968,6.882979,0.021085,0.040878,0.003316
2367426140.000,Miguel,recording,knock_twice_right,6,0.072968,6.769480,6.850664,0.017403,0.032866,0.002924
2367426150.000,Miguel,recording,knock_twice_right,6,0.082628,6.778568,6.828510,0.009522,0.021050,0.000097
2367426160.000,Miguel,recording,knock_twice_right,6,0.093640,6.799052,6.836921,-0.001179,0.010026,-0.005050
2367426170.000,Miguel,recording,knock_twice_right,6,0.086912,6.800515,6.869881,-0.012536,0.001867,-0.009527
2367426180.000,Miguel,recording,knock_twice_right,6,0.087811,6.816434,6.909214,-0.020911,-0.002026,-0.011239
2367426190.000,Miguel,recording,knock_twice_right,6,0.052509,6.816428,6.976133,-0.024324,-0.000754,-0.011330
2367426200.000,Miguel,recording,knock_twice_right,6,0.014591,6.777625,7.032443,-0.021360,0.006377,-0.010160
2367426210.000,Miguel,recording,knock_twice_right,6,-0.004665,6.748772,7.090511,-0.013679,0.014500,-0.007255
2367426220.000,Miguel,recording,knock_twice_right,6,0.004370,6.725302,7.119308,-0.003920,0.022268,-0.003561
2367426230.000,Miguel,recording,knock_twice_right,6,0.030619,6.731637,7.129034,0.005513,0.029280,-0.002127
2367426240.000,Miguel,recording,knock_twice_right,6,0.031532,6.747050,7.113184,0.010378,0.030422,-0.003879
2367426250.000,Miguel,recording,knock_twice_right,6,0.038766,6.768178,7.098353,0.009520,0.023470,-0.007983
2367426260.000,Miguel,recording,knock_twice_right,6,0.043297,6.783185,7.063123,0.004578,0.010437,-0.012260
2367426270.000,Miguel,recording,knock_twice_right,6,0.036918,6.796967,7.053712,-0.002739,-0.006416,-0.016536
2367426280.000,Miguel,recording,knock_twice_right,6,-0.005111,6.821194,7.062616,-0.011380,-0.022086,-0.020509
2367426290.000,Miguel,recording,knock_twice_right,6,-0.056864,6.843554,7.083309,-0.018269,-0.030328,-0.019704
2367426300.000,Miguel,recording,knock_twice_right,6,-0.080712,6.843542,7.122015,-0.019312,-0.028867,-0.013939
2367426310.000,Miguel,recording,knock_twice_right,6,-0.076556,6.825853,7.161493,-0.012320,-0.018282,-0.006769
2367426320.000,Miguel,recording,knock_twice_right,6,-0.055284,6.801470,7.181664,-0.000147,-0.003276,-0.001732
2367426330.000,Miguel,recording,knock_twice_right,6,-0.043077,6.793853,7.152650,0.011973,0.012114,0.000752
2367426340.000,Miguel,recording,knock_twice_right,6,-0.033732,6.771002,7.135084,0.022404,0.021176,0.001518
2367426350.000,Miguel,recording,knock_twice_right,6,-0.024285,6.799026,7.122662,0.029118,0.018688,0.000084
2367426360.000,Miguel,recording,knock_twice_right,6,-0.053949,6.817121,7.061997,0.031172,0.008114,-0.001539
2367426370.000,Miguel,recording,knock_twice_right,6,-0.075699,6.836331,6.984572,0.027298,-0.008257,-0.000540
2367426380.000,Miguel,recording,knock_twice_right,6,-0.073574,6.854128,6.910447,0.017192,-0.025212,0.001451
2367426390.000,Miguel,recording,knock_twice_right,6,-0.066619,6.859324,6.873394,0.005988,-0.035572,0.004421
2367426400.000,Miguel,recording,knock_twice_right,6,-0.073998,6.828955,6.932281,-0.001752,-0.036262,0.008995
2367426410.000,Miguel,recording,knock_twice_right,6,-0.033928,6.795335,6.982788,-0.001958,-0.027519,0.014331
2367426420.000,Miguel,recording,knock_twice_right,6,0.009419,6.781836,7.028125,0.008074,-0.013049,0.018829
2367426430.000,Miguel,recording,knock_twice_right,6,0.057025,6.758172,6.984098,0.022597,0.003585,0.018527
2367426440.000,Miguel,recording,knock_twice_right,6,0.087780,6.749648,6.910396,0.030829,0.017608,0.014148
2367426450.000,Miguel,recording,knock_twice_right,6,0.102294,6.755391,6.843375,0.029102,0.025638,0.009100
2367426460.000,Miguel,recording,knock_twice_right,6,0.089081,6.782076,6.817503,0.019547,0.027051,0.005044
2367426470.000,Miguel,recording,knock_twice_right,6,0.075686,6.796306,6.830567,0.005628,0.022229,0.002362
2367426480.000,Miguel,recording,knock_twice_right,6,0.017860,6.807599,6.876184,-0.007224,0.013435,0.000899
2367426490.000,Miguel,recording,knock_twice_right,6,0.000610,6.814432,6.950405,-0.015934,0.003765,0.002017
2367426500.000,Miguel,recording,knock_twice_right,6,0.039600,6.808997,6.981751,-0.020039,-0.005845,0.006399
2367426510.000,Miguel,recording,knock_twice_right,6,0.068739,6.799369,6.982849,-0.021742,-0.009672,0.009955
2367426520.000,Miguel,recording,knock_twice_right,6,0.087798,6.775657,7.004750,-0.023004,-0.005967,0.008662
2367426530.000,Miguel,recording,knock_twice_right,6,0.076259,6.763152,7.050794,-0.022421,-0.000246,0.004392
2367426540.000,Miguel,recording,knock_twice_right,6,0.057720,6.752444,7.123392,-0.016873,0.004754,0.002335
2367426550.000,Miguel,recording,knock_twice_right,6,0.064844,6.755323,7.156995,-0.006617,0.006701,0.004676
2367426560.000,Miguel,recording,knock_twice_right,6,0.086834,6.753943,7.143578,0.003726,0.005163,0.006503
2367426570.000,Miguel,recording,knock_twice_right,6,0.136005,6.750081,7.092120,0.009595,-0.000284,0.001805
2367426580.000,Miguel,recording,knock_twice_right,6,0.155252,6.744419,7.002140,0.009493,-0.006413,-0.007242
2367426590.000,Miguel,recording,knock_twice_right,6,0.107657,6.765543,6.965047,0.006036,-0.006897,-0.015592
2367426600.000,Miguel,recording,knock_twice_right,6,0.060202,6.792814,6.994629,0.001727,-0.003136,-0.020809
2367426610.000,Miguel,recording,knock_twice_right,6,0.014683,6.816658,7.057610,0.000050,0.001909,-0.022486
2367426620.000,Miguel,recording,knock_twice_right,6,-0.043978,6.804542,7.093960,0.003128,0.008015,-0.020219
2367426630.000,Miguel,recording,knock_twice_right,6,-0.065272,6.816693,7.113670,0.009065,0.010565,-0.014693
2367426640.000,Miguel,recording,knock_twice_right,6,-0.062599,6.833938,7.100763,0.015642,0.007809,-0.010033
2367426650.000,Miguel,recording,knock_twice_right,6,-0.056823,6.838473,7.059478,0.022417,0.002007,-0.006214
2367426660.000,Miguel,recording,knock_twice_right,6,-0.026562,6.839116,7.004468,0.026104,-0.005646,-0.003629
2367426670.000,Miguel,recording,knock_twice_right,6,0.004630,6.806212,6.937367,0.023031,-0.013848,-0.003949
2367426680.000,Miguel,recording,knock_twice_right,6,0.017138,6.812207,6.865456,0.014697,-0.019640,-0.007387
2367426690.000,Miguel,recording,knock_twice_right,6,0.003552,6.836856,6.866765,0.004049,-0.020154,-0.011966
2367426700.000,Miguel,recording,knock_twice_right,6,-0.023004,6.846527,6.893779,-0.004342,-0.016992,-0.012949
2367426710.000,Miguel,recording,knock_twice_right,6,-0.073166,6.850740,6.933919,-0.007505,-0.012242,-0.009757
2367426720.000,Miguel,recording,knock_twice_right,6,-0.092761,6.844047,6.964338,-0.006149,-0.006540,-0.003815
2367426730.000,Miguel,recording,knock_twice_right,6,-0.080866,6.841532,6.945128,-0.003621,-0.000715,0.003913
2367426740.000,Miguel,recording,knock_twice_right,6,-0.040383,6.827426,6.904463,-0.002428,0.003947,0.010681
2367426750.000,Miguel,recording,knock_twice_right,6,0.016894,6.806598,6.897751,-0.004258,0.006903,0.012871
2367426760.000,Miguel,recording,knock_twice_right,6,0.062791,6.772829,6.868296,-0.009262,0.008194,0.010206
2367426770.000,Miguel,recording,knock_twice_right,6,0.068995,6.771452,6.877748,-0.016292,0.007843,0.004464
2367426780.000,Miguel,recording,knock_twice_right,6,0.022415,6.779096,6.944946,-0.021900,0.006762,-0.000563
2367426790.000,Miguel,recording,knock_twice_right,6,-0.023927,6.771807,6.998359,-0.023525,0.006235,-0.000801
2367426800.000,Miguel,recording,knock_twice_right,6,-0.039867,6.772100,7.006987,-0.024383,0.006308,0.002445
2367426810.000,Miguel,recording,knock_twice_right,6,-0.012158,6.803888,7.032185,-0.025060,0.004927,0.006098
2367426820.000,Miguel,recording,knock_twice_right,6,0.048639,6.816033,7.055519,-0.023053,0.002193,0.008916
2367426830.000,Miguel,recording,knock_twice_right,6,0.081475,6.775836,7.060234,-0.019986,0.000899,0.009881
2367426840.000,Miguel,recording,knock_twice_right,6,0.099662,6.770117,7.072673,-0.016540,0.001826,0.007358
2367426850.000,Miguel,recording,knock_twice_right,6,0.100467,6.748607,7.100395,-0.010604,0.004654,0.002596
2367426860.000,Miguel,recording,knock_twice_right,6,0.096160,6.732465,7.105771,-0.004619,0.007159,-0.003111
2367426870.000,Miguel,recording,knock_twice_right,6,0.072432,6.736242,7.088726,-0.001592,0.009156,-0.009800
2367426880.000,Miguel,recording,knock_twice_right,6,0.040653,6.784389,7.092906,-0.002369,0.009192,-0.014924
2367426890.000,Miguel,recording,knock_twice_right,6,-0.009799,6.812721,7.151288,-0.002861,0.003616,-0.016908
2367426900.000,Miguel,recording,knock_twice_right,6,-0.049053,6.808440,7.177390,-0.000195,-0.006360,-0.013646
2367426910.000,Miguel,recording,knock_twice_right,6,-0.045568,6.818315,7.150106,0.004929,-0.017155,-0.006443
2367426920.000,Miguel,recording,knock_twice_right,6,0.003934,6.823014,7.087748,0.009949,-0.024140,-0.000983
2367426930.000,Miguel,recording,knock_twice_right,6,0.062877,6.794639,6.986247,0.010799,-0.026871,0.000818
2367426940.000,Miguel,recording,knock_twice_right,6,0.114470,6.755772,6.930452,0.006665,-0.026798,-0.002224
2367426950.000,Miguel,recording,knock_twice_right,6,0.095969,6.746231,6.896326,-0.001760,-0.026965,-0.008446
2367426960.000,Miguel,recording,knock_twice_right,6,0.064446,6.737875,6.906880,-0.011562,-0.030229,-0.014585
2367426970.000,Miguel,recording,knock_twice_right,6,0.014542,6.742118,6.947775,-0.019252,-0.033292,-0.017943
2367426980.000,Miguel,recording,knock_twice_right,6,-0.022917,6.768323,6.997451,-0.019496,-0.033529,-0.016765
2367426990.000,Miguel,recording,knock_twice_right,6,-0.042916,6.783736,7.020413,-0.011785,-0.030905,-0.011708
2367427000.000,Miguel,recording,knock_twice_right,6,-0.026598,6.803261,7.027468,-0.001025,-0.024973,-0.005213
2367427010.000,Miguel,recording,knock_twice_right,6,-0.006233,6.803484,6.997001,0.009186,-0.016361,-0.000183
2367427020.000,Miguel,recording,knock_twice_right,6,0.041741,6.788027,6.937182,0.015552,-0.005659,0.003489
2367427030.000,Miguel,recording,knock_twice_right,6,0.119334,6.792121,6.890441,0.016857,0.007949,0.003963
2367427040.000,Miguel,recording,knock_twice_right,6,0.146700,6.753359,6.897275,0.016402,0.019792,-0.001425
2367427050.000,Miguel,recording,knock_twice_right,6,0.119945,6.710040,6.880577,0.013811,0.025982,-0.011066
2367427060.000,Miguel,recording,knock_twice_right,6,0.072459,6.704621,6.895945,0.006767,0.026267,-0.018523
2367427070.000,Miguel,recording,knock_twice_right,6,0.064589,6.732254,6.920144,-0.001532,0.020093,-0.020664
2367427080.000,Miguel,recording,knock_twice_right,6,0.100934,6.750811,6.943890,-0.010853,0.011535,-0.019973
2367427090.000,Miguel,recording,knock_twice_right,6,0.145065,6.782523,6.981394,-0.020372,0.003784,-0.021016
2367427100.000,Miguel,recording,knock_twice_right,6,-0.460278,6.871476,6.955690,-0.029054,0.020827,-0.012596
2367427110.000,Miguel,recording,knock_twice_right,6,-2.063295,7.330258,6.811654,-0.031822,0.037444,0.073173
2367427120.000,Miguel,recording,knock_twice_right,6,-1.201494,7.588461,6.995973,-0.015203,0.005300,0.150556
2367427130.000,Miguel,recording,knock_twice_right,6,1.120259,6.794848,7.078251,-0.015217,0.007111,0.138102
2367427140.000,Miguel,recording,knock_twice_right,6,-0.213077,6.792115,6.679453,-0.038833,0.022828,0.096628
2367427150.000,Miguel,recording,knock_twice_right,6,1.056520,6.467845,7.094482,-0.050239,-0.005388,0.033428
2367427160.000,Miguel,recording,knock_twice_right,6,0.882788,6.565091,7.261231,-0.051102,-0.005700,-0.030946
2367427170.000,Miguel,recording,knock_twice_right,6,0.592209,6.479710,7.479957,-0.034633,0.023526,-0.068143
2367427180.000,Miguel,recording,knock_twice_right,6,0.104608,6.421006,7.598991,-0.000107,0.047830,-0.068958
2367427190.000,Miguel,recording,knock_twice_right,6,-0.035066,6.483452,7.543840,0.038045,0.063531,-0.045644
2367427200.000,Miguel,recording,knock_twice_right,6,0.288945,6.614850,7.412668,0.069146,0.071246,-0.022262
2367427210.000,Miguel,recording,knock_twice_right,6,0.514243,6.683158,7.172887,0.082476,0.064050,-0.021499
2367427220.000,Miguel,recording,knock_twice_right,6,0.626685,6.676883,6.985485,0.070206,0.038489,-0.046376
2367427230.000,Miguel,recording,knock_twice_right,6,0.501310,6.729849,6.908200,0.040754,-0.001938,-0.082430
2367427240.000,Miguel,recording,knock_twice_right,6,0.304736,6.805221,6.968587,0.012505,-0.042079,-0.110275
2367427250.000,Miguel,recording,knock_twice_right,6,-0.055323,6.894243,7.041278,-0.001147,-0.065259,-0.116249
2367427260.000,Miguel,recording,knock_twice_right,6,-1.717010,7.188805,6.862832,-0.012863,-0.015872,-0.023236
2367427270.000,Miguel,recording,knock_twice_right,6,-3.143134,7.752604,6.693185,-0.001144,-0.000186,0.136921
2367427280.000,Miguel,recording,knock_twice_right,6,-0.630088,7.456458,6.903767,0.021972,-0.027946,0.238551
2367427290.000,Miguel,recording,knock_twice_right,6,-0.457359,6.882105,6.308268,0.008342,0.003098,0.252800
2367427300.000,Miguel,recording,knock_twice_right,6,0.866898,6.553985,6.334628,-0.023741,0.008337,0.185348
2367427310.000,Miguel,recording,knock_twice_right,6,0.978215,6.511910,6.509816,-0.057823,-0.012844,0.070454
2367427320.000,Miguel,recording,knock_twice_right,6,1.442670,6.513788,6.849577,-0.078626,-0.016575,-0.040960
2367427330.000,Miguel,recording,knock_twice_right,6,0.740894,6.667067,7.216171,-0.067604,-0.011381,-0.099641
2367427340.000,Miguel,recording,knock_twice_right,6,0.035774,6.592995,7.442828,-0.035280,-0.001201,-0.093624
2367427350.000,Miguel,recording,knock_twice_right,6,-0.345904,6.497937,7.415890,-0.003247,0.022423,-0.052509
2367427360.000,Miguel,recording,knock_twice_right,6,-0.088194,6.573598,7.317128,0.021699,0.049946,-0.008202
2367427370.000,Miguel,recording,knock_twice_right,6,0.280886,6.715131,7.255102,0.038000,0.068998,0.017533
2367427380.000,Miguel,recording,knock_twice_right,6,0.499999,6.695740,7.179018,0.039912,0.070976,0.007987
2367427390.000,Miguel,recording,knock_twice_right,6,0.490551,6.672780,7.148582,0.028359,0.050661,-0.029290
2367427400.000,Miguel,recording,knock_twice_right,6,0.268015,6.770429,7.163609,0.011882,0.016515,-0.065846
2367427410.000,Miguel,recording,knock_twice_right,6,-0.003584,6.915318,7.243721,0.002157,-0.016629,-0.078962
2367427420.000,Miguel,recording,knock_twice_right,6,-0.212352,7.010218,7.296790,0.005825,-0.037459,-0.062583
2367427430.000,Miguel,recording,knock_twice_right,6,-0.290480,7.012467,7.248089,0.017296,-0.042423,-0.024750
2367427440.000,Miguel,recording,knock_twice_right,6,-0.233036,6.924643,7.136402,0.028014,-0.034251,0.017886
2367427450.000,Miguel,recording,knock_twice_right,6,-0.047561,6.812408,7.010804,0.033140,-0.021051,0.049355
2367427460.000,Miguel,recording,knock_twice_right,6,0.181803,6.702985,6.924241,0.028315,-0.014286,0.058622
2367427470.000,Miguel,recording,knock_twice_right,6,0.334500,6.605535,6.916673,0.014438,-0.019863,0.042878
2367427480.000,Miguel,recording,knock_twice_right,6,0.359752,6.588430,6.978408,0.003985,-0.036491,0.012758
2367427490.000,Miguel,recording,knock_twice_right,6,0.287005,6.626882,7.046460,0.003158,-0.054623,-0.018562
2367427500.000,Miguel,recording,knock_twice_right,6,0.197255,6.683822,7.052491,0.012130,-0.063791,-0.043287
2367427510.000,Miguel,recording,knock_twice_right,6,0.107919,6.758336,6.998377,0.028749,-0.058941,-0.057206
2367427520.000,Miguel,recording,knock_twice_right,6,0.006484,6.806579,6.904155,0.045881,-0.038814,-0.060820
2367427530.000,Miguel,recording,knock_twice_right,6,-0.096158,6.851225,6.782629,0.057454,-0.010234,-0.055135
2367427540.000,Miguel,recording,knock_twice_right,6,-0.128788,6.897546,6.668261,0.057886,0.015817,-0.042649
2367427550.000,Miguel,recording,knock_twice_right,6,-0.112435,6.903380,6.616858,0.047798,0.032512,-0.029740
2367427560.000,Miguel,recording,knock_twice_right,6,-0.119102,6.881172,6.574603,0.028042,0.035425,-0.021542
2367427570.000,Miguel,recording,knock_twice_right,6,-0.152974,6.875643,6.629092,0.000751,0.028406,-0.017422
2367427580.000,Miguel,recording,knock_twice_right,6,-0.183911,6.892132,6.732612,-0.025318,0.018173,-0.012787
2367427590.000,Miguel,recording,knock_twice_right,6,-0.187901,6.903394,6.849214,-0.044087,0.006183,-0.006603
2367427600.000,Miguel,recording,knock_twice_right,6,-0.156313,6.900368,6.958185,-0.051778,-0.003693,0.000323
2367427610.000,Miguel,recording,knock_twice_right,6,-0.109304,6.867225,7.034227,-0.047050,-0.004935,0.007575
2367427620.000,Miguel,recording,knock_twice_right,6,-0.084692,6.815414,7.095710,-0.035149,0.002653,0.012039
2367427630.000,Miguel,recording,knock_twice_right,6,-0.102127,6.782775,7.070924,-0.023390,0.014560,0.013975
2367427640.000,Miguel,recording,knock_twice_right,6,-0.088004,6.800660,7.063254,-0.015166,0.026507,0.017366
2367427650.000,Miguel,recording,knock_twice_right,6,-0.049648,6.819236,7.083769,-0.011545,0.031072,0.021293
2367427660.000,Miguel,recording,knock_twice_right,6,0.002418,6.819221,7.084236,-0.013833,0.025338,0.021944
2367427670.000,Miguel,recording,knock_twice_right,6,0.027992,6.813548,7.083428,-0.022334,0.013063,0.017193
2367427680.000,Miguel,recording,knock_twice_right,6,0.019722,6.826725,7.160244,-0.031662,0.000014,0.010471
2367427690.000,Miguel,recording,knock_twice_right,6,-0.022547,6.836071,7.285501,-0.030447,-0.008565,0.007625
2367427700.000,Miguel,recording,knock_twice_right,6,-0.033969,6.822008,7.384467,-0.013538,-0.011729,0.009672
2367427710.000,Miguel,recording,knock_twice_right,6,-0.003383,6.810148,7.386399,0.013288,-0.008614,0.014564
2367427720.000,Miguel,recording,knock_twice_right,6,0.031463,6.787973,7.263179,0.038918,-0.000616,0.017471
2367427730.000,Miguel,recording,knock_twice_right,6,0.051650,6.777797,7.081514,0.052867,0.007283,0.014947
2367427740.000,Miguel,recording,knock_twice_right,6,0.066689,6.772938,6.964923,0.053836,0.011731,0.009819
2367427750.000,Miguel,recording,knock_twice_right,6,0.038949,6.791196,6.918025,0.047126,0.009295,0.007390
2367427760.000,Miguel,recording,knock_twice_right,6,0.050022,6.776057,6.906183,0.037415,0.000102,0.008711
2367427770.000,Miguel,recording,knock_twice_right,6,0.065084,6.778703,6.898865,0.027979,-0.009270,0.010320
2367427780.000,Miguel,recording,knock_twice_right,6,0.103115,6.778219,6.875982,0.020796,-0.016721,0.009047
2367427790.000,Miguel,recording,knock_twice_right,6,0.102275,6.780784,6.868588,0.017013,-0.021201,0.005737
2367427800.000,Miguel,recording,knock_twice_right,6,0.069341,6.793014,6.841381,0.013410,-0.019940,0.002983
2367427810.000,Miguel,recording,knock_twice_right,6,0.062096,6.819291,6.835606,0.006552,-0.015379,0.002054
2367427820.000,Miguel,recording,knock_twice_right,6,0.065481,6.825292,6.845052,0.001826,-0.009714,0.001702
2367427830.000,Miguel,recording,knock_twice_right,6,0.078631,6.806448,6.869410,0.002376,-0.003332,0.001851
2367427840.000,Miguel,recording,knock_twice_right,6,0.077122,6.781732,6.854560,0.002845,0.005666,0.002507
2367427850.000,Miguel,recording,knock_twice_right,6,0.077682,6.756903,6.893721,0.001585,0.013940,0.000807
2367427860.000,Miguel,recording,knock_twice_right,6,0.053840,6.745158,6.960633,0.001818,0.015361,-0.003528
2367427870.000,Miguel,recording,knock_twice_right,6,0.007372,6.742912,6.961645,0.002570,0.012550,-0.005892
2367427880.000,Miguel,recording,knock_twice_right,6,-0.009250,6.784977,6.944255,0.000893,0.008801,-0.004874
2367427890.000,Miguel,recording,knock_twice_right,6,0.005114,6.816646,6.925916,-0.003424,0.003014,-0.004269
2367427900.000,Miguel,recording,knock_twice_right,6,0.010786,6.812600,6.939627,-0.009545,-0.001708,-0.005471
2367427910.000,Miguel,recording,knock_twice_right,6,0.032635,6.806698,6.946839,-0.016754,-0.003246,-0.006656
2367427920.000,Miguel,recording,knock_twice_right,6,0.033859,6.820275,6.963693,-0.022115,-0.003255,-0.007490
2367427930.000,Miguel,recording,knock_twice_right,6,0.026784,6.832655,7.001094,-0.023893,-0.000880,-0.007861
2367427940.000,Miguel,recording,knock_twice_right,6,-0.010718,6.825394,7.059073,-0.021681,0.003750,-0.006562
2367427950.000,Miguel,recording,knock_twice_right,6,-0.011264,6.816201,7.105045,-0.014432,0.008855,-0.002427
2367427960.000,Miguel,recording,knock_twice_right,6,-0.014642,6.815530,7.101777,-0.006593,0.010900,0.003025
2367427970.000,Miguel,recording,knock_twice_right,6,-0.013778,6.808282,7.104049,-0.003008,0.008521,0.004994
2367427980.000,Miguel,recording,knock_twice_right,6,-0.025837,6.816154,7.101254,-0.003859,0.003509,0.003420
2367427990.000,Miguel,recording,knock_twice_right,6,-0.039348,6.823104,7.125268,-0.004713,-0.004348,0.003152
2367428000.000,Miguel,recording,knock_twice_right,6,-0.030071,6.845892,7.179991,-0.001328,-0.012974,0.004533
2367428010.000,Miguel,recording,knock_twice_right,6,-0.017856,6.844318,7.194813,0.006455,-0.018674,0.006099
2367428020.000,Miguel,recording,knock_twice_right,6,-0.008215,6.830640,7.121813,0.015390,-0.018841,0.006247
2367428030.000,Miguel,recording,knock_twice_right,6,0.021928,6.831716,7.051138,0.022109,-0.014353,0.004793
2367428040.000,Miguel,recording,knock_twice_right,6,0.025553,6.847364,7.017843,0.028555,-0.008093,0.003205
2367428050.000,Miguel,recording,knock_twice_right,6,0.016203,6.841613,7.005640,0.033220,-0.000266,0.002480
2367428060.000,Miguel,recording,knock_twice_right,6,-0.011436,6.837214,6.963906,0.034413,0.007421,0.002762
2367428070.000,Miguel,recording,knock_twice_right,6,-0.008759,6.838545,6.914177,0.034248,0.011214,0.002936
2367428080.000,Miguel,recording,knock_twice_right,6,-0.003317,6.837200,6.862403,0.031236,0.010462,0.002422
2367428090.000,Miguel,recording,knock_twice_right,7,-0.014060,6.833785,6.845194,0.025398,0.007345,0.001590
2367428100.000,Miguel,recording,knock_twice_right,7,-0.036649,6.839366,6.847322,0.018588,0.001504,0.000911
2367428110.000,Miguel,recording,knock_twice_right,7,-0.036197,6.840172,6.836950,0.011104,-0.002699,0.001175
2367428120.000,Miguel,recording,knock_twice_right,7,-0.027963,6.858168,6.863651,0.003900,-0.003677,0.002500
2367428130.000,Miguel,recording,knock_twice_right,7,-0.017677,6.861972,6.908562,0.000053,-0.002840,0.004873
2367428140.000,Miguel,recording,knock_twice_right,7,-0.047570,6.858548,6.936446,0.001019,0.002215,0.008325
2367428150.000,Miguel,recording,knock_twice_right,7,-0.055039,6.858152,6.940222,0.003101,0.008459,0.013115
2367428160.000,Miguel,recording,knock_twice_right,7,-0.050687,6.848963,6.936834,0.003217,0.013082,0.019107
2367428170.000,Miguel,recording,knock_twice_right,7,-0.044898,6.841456,6.939244,0.000589,0.015695,0.024207
2367428180.000,Miguel,recording,knock_twice_right,7,-0.045742,6.824673,6.947816,-0.005343,0.013342,0.028240
2367428190.000,Miguel,recording,knock_twice_right,7,-0.014359,6.807879,6.982921,-0.011941,0.005704,0.032057
2367428200.000,Miguel,recording,knock_twice_right,7,0.043331,6.804650,7.016685,-0.015838,-0.004615,0.033799
2367428210.000,Miguel,recording,knock_twice_right,7,0.104340,6.773894,7.034699,-0.015761,-0.013765,0.032186
2367428220.000,Miguel,recording,knock_twice_right,7,0.162923,6.766480,7.039310,-0.012687,-0.016728,0.026414
2367428230.000,Miguel,recording,knock_twice_right,7,0.186859,6.775273,7.067499,-0.006829,-0.011477,0.017250
2367428240.000,Miguel,recording,knock_twice_right,7,0.153716,6.789390,7.066465,0.002013,-0.000952,0.009759
2367428250.000,Miguel,recording,knock_twice_right,7,0.123369,6.795665,7.058068,0.011378,0.010119,0.007866
2367428260.000,Miguel,recording,knock_twice_right,7,0.127671,6.798314,7.030411,0.017969,0.016325,0.009828
2367428270.000,Miguel,recording,knock_twice_right,7,0.140400,6.781272,6.989799,0.020579,0.013769,0.009411
2367428280.000,Miguel,recording,knock_twice_right,7,0.146919,6.751982,6.929231,0.016996,0.006743,0.005357
2367428290.000,Miguel,recording,knock_twice_right,7,0.144259,6.743078,6.917784,0.007296,-0.000926,-0.000381
2367428300.000,Miguel,recording,knock_twice_right,7,0.134577,6.755816,6.956172,-0.002258,-0.008223,-0.008276
2367428310.000,Miguel,recording,knock_twice_right,7,0.099222,6.772715,6.991448,-0.004877,-0.010958,-0.015430
2367428320.000,Miguel,recording,knock_twice_right,7,0.072269,6.798755,7.022271,-0.000567,-0.009410,-0.018660
2367428330.000,Miguel,recording,knock_twice_right,7,0.049811,6.827074,7.027963,0.005983,-0.005652,-0.018534
2367428340.000,Miguel,recording,knock_twice_right,7,0.057207,6.857293,6.984217,0.011646,0.000177,-0.016901
2367428350.000,Miguel,recording,knock_twice_right,7,0.048017,6.874075,6.928726,0.014191,0.005238,-0.015236
2367428360.000,Miguel,recording,knock_twice_right,7,0.032265,6.894788,6.914648,0.014366,0.008949,-0.012459
2367428370.000,Miguel,recording,knock_twice_right,7,0.043907,6.900180,6.877433,0.010878,0.010897,-0.007964
2367428380.000,Miguel,recording,knock_twice_right,7,0.027589,6.874992,6.863915,0.001333,0.009977,-0.004105
2367428390.000,Miguel,recording,knock_twice_right,7,0.012924,6.819664,6.900245,-0.009025,0.005097,-0.001789
2367428400.000,Miguel,recording,knock_twice_right,7,0.021743,6.774715,6.929189,-0.015524,-0.003335,-0.001382
2367428410.000,Miguel,recording,knock_twice_right,7,0.072444,6.728552,6.988446,-0.018022,-0.010511,-0.004160
2367428420.000,Miguel,recording,knock_twice_right,7,0.110410,6.728709,7.028273,-0.014974,-0.014890,-0.010764
2367428430.000,Miguel,recording,knock_twice_right,7,0.068024,6.742658,7.052892,-0.007003,-0.014741,-0.019132
2367428440.000,Miguel,recording,knock_twice_right,7,0.020681,6.785536,7.048701,0.003182,-0.009579,-0.025041
2367428450.000,Miguel,recording,knock_twice_right,7,-0.027436,6.848015,7.025349,0.011661,-0.000956,-0.024158
2367428460.000,Miguel,recording,knock_twice_right,7,-0.058208,6.881330,6.962061,0.015747,0.008010,-0.017701
2367428470.000,Miguel,recording,knock_twice_right,7,-0.051068,6.901511,6.967510,0.016857,0.010377,-0.011061
2367428480.000,Miguel,recording,knock_twice_right,7,-0.024604,6.888811,6.953857,0.014947,0.005967,-0.006605
2367428490.000,Miguel,recording,knock_twice_right,7,0.004577,6.875562,6.928658,0.010496,-0.001773,-0.006680
2367428500.000,Miguel,recording,knock_twice_right,7,0.022526,6.876638,6.898183,0.006044,-0.010646,-0.009790
2367428510.000,Miguel,recording,knock_twice_right,7,-0.001424,6.864851,6.852229,0.000843,-0.015011,-0.012469
2367428520.000,Miguel,recording,knock_twice_right,7,-0.028269,6.867214,6.830531,-0.006187,-0.013055,-0.012513
2367428530.000,Miguel,recording,knock_twice_right,7,-0.048153,6.862798,6.829730,-0.014672,-0.007009,-0.009826
2367428540.000,Miguel,recording,knock_twice_right,7,-0.080723,6.874732,6.875782,-0.023229,-0.000063,-0.005313
2367428550.000,Miguel,recording,knock_twice_right,7,-0.120908,6.883806,6.960058,-0.027720,0.005161,0.001426
2367428560.000,Miguel,recording,knock_twice_right,7,-0.113343,6.892647,7.066134,-0.023811,0.007488,0.010386
2367428570.000,Miguel,recording,knock_twice_right,7,-0.057871,6.875336,7.104604,-0.013013,0.007550,0.018604
2367428580.000,Miguel,recording,knock_twice_right,7,0.008497,6.838946,7.074237,-0.002050,0.006644,0.021748
2367428590.000,Miguel,recording,knock_twice_right,7,0.044968,6.811362,7.033249,0.002927,0.004452,0.018344
2367428600.000,Miguel,recording,knock_twice_right,7,0.060842,6.805737,7.013149,0.002643,0.001956,0.011040
2367428610.000,Miguel,recording,knock_twice_right,7,0.037434,6.818369,7.011770,0.001752,-0.000333,0.005541
2367428620.000,Miguel,recording,knock_twice_right,7,0.006884,6.820876,7.034220,0.001899,-0.003114,0.004569
2367428630.000,Miguel,recording,knock_twice_right,7,-0.014394,6.812837,7.036149,0.005198,-0.004119,0.006327
2367428640.000,Miguel,recording,knock_twice_right,7,0.006265,6.792097,7.041219,0.012614,-0.001311,0.008379
2367428650.000,Miguel,recording,knock_twice_right,7,0.045071,6.791540,7.025591,0.021947,0.003574,0.008168
2367428660.000,Miguel,recording,knock_twice_right,7,0.087763,6.799485,6.942767,0.028018,0.008202,0.005959
2367428670.000,Miguel,recording,knock_twice_right,7,0.121523,6.835725,6.864452,0.026007,0.010874,0.003137
2367428680.000,Miguel,recording,knock_twice_right,7,0.135451,6.856308,6.795845,0.014937,0.011147,-0.000477
2367428690.000,Miguel,recording,knock_twice_right,7,0.112693,6.855666,6.802092,-0.002013,0.009730,-0.005630
2367428700.000,Miguel,recording,knock_twice_right,7,0.058668,6.841108,6.857217,-0.017209,0.007281,-0.009784
2367428710.000,Miguel,recording,knock_twice_right,7,-0.005805,6.831911,6.963089,-0.024638,0.004974,-0.008444
2367428720.000,Miguel,recording,knock_twice_right,7,-0.060865,6.800316,7.086578,-0.021349,0.003647,-0.002694
2367428730.000,Miguel,recording,knock_twice_right,7,-0.049507,6.802140,7.162806,-0.010171,0.002200,0.005286
2367428740.000,Miguel,recording,knock_twice_right,7,0.022536,6.807213,7.126773,0.002428,0.001245,0.011038
2367428750.000,Miguel,recording,knock_twice_right,7,0.101112,6.796387,7.075954,0.012285,0.001121,0.010095
2367428760.000,Miguel,recording,knock_twice_right,7,0.135840,6.778317,7.017926,0.016943,-0.000034,0.003602
2367428770.000,Miguel,recording,knock_twice_right,7,0.135350,6.813327,6.955955,0.016561,-0.002938,-0.005040
2367428780.000,Miguel,recording,knock_twice_right,7,0.095941,6.851455,6.939763,0.013583,-0.006072,-0.012253
2367428790.000,Miguel,recording,knock_twice_right,7,0.055717,6.847545,6.891764,0.010694,-0.007791,-0.014605
2367428800.000,Miguel,recording,knock_twice_right,7,0.025037,6.818262,6.864629,0.007656,-0.006772,-0.011727
2367428810.000,Miguel,recording,knock_twice_right,7,0.007669,6.804511,6.862674,0.004810,-0.004476,-0.007036
2367428820.000,Miguel,recording,knock_twice_right,7,0.023023,6.808596,6.854537,0.001487,-0.000774,-0.004538
2367428830.000,Miguel,recording,knock_twice_right,7,0.063052,6.820259,6.856393,-0.004360,0.002393,-0.006105
2367428840.000,Miguel,recording,knock_twice_right,7,0.081597,6.827201,6.875025,-0.010034,0.003820,-0.010151
2367428850.000,Miguel,recording,knock_twice_right,7,0.066349,6.831457,6.909647,-0.012042,0.005862,-0.014696
2367428860.000,Miguel,recording,knock_twice_right,7,0.018648,6.834900,6.952521,-0.011927,0.007974,-0.017078
2367428870.000,Miguel,recording,knock_twice_right,7,-0.014091,6.859383,6.984264,-0.010656,0.008359,-0.015758
2367428880.000,Miguel,recording,knock_twice_right,7,-0.024405,6.863322,6.982168,-0.007424,0.007594,-0.012407
2367428890.000,Miguel,recording,knock_twice_right,7,-0.028849,6.866268,6.954764,-0.006163,0.008082,-0.010514
2367428900.000,Miguel,recording,knock_twice_right,7,-0.047359,6.868328,6.946131,-0.008856,0.007190,-0.010303
2367428910.000,Miguel,recording,knock_twice_right,7,-0.066395,6.857338,6.953343,-0.013124,0.003841,-0.008810
2367428920.000,Miguel,recording,knock_twice_right,7,-0.085932,6.862056,6.976480,-0.016578,-0.001542,-0.004613
2367428930.000,Miguel,recording,knock_twice_right,7,-0.068323,6.848364,6.995144,-0.016380,-0.007844,0.001739
2367428940.000,Miguel,recording,knock_twice_right,7,-0.019983,6.817362,6.990119,-0.012674,-0.011895,0.007323
2367428950.000,Miguel,recording,knock_twice_right,7,0.014968,6.818793,6.939597,-0.007670,-0.009323,0.007816
2367428960.000,Miguel,recording,knock_twice_right,7,0.053393,6.805124,6.938829,-0.005052,0.002807,0.004941
2367428970.000,Miguel,recording,knock_twice_right,7,0.039284,6.814884,6.951229,-0.003669,0.021737,0.002343
2367428980.000,Miguel,recording,knock_twice_right,7,0.027937,6.817833,6.979452,-0.001338,0.037297,0.000051
2367428990.000,Miguel,recording,knock_twice_right,7,0.003157,6.844624,7.001672,-0.001966,0.041050,-0.001003
2367429000.000,Miguel,recording,knock_twice_right,7,-0.015008,6.846966,7.012999,-0.007591,0.031875,-0.002297
2367429010.000,Miguel,recording,knock_twice_right,7,-0.038533,6.861134,7.050117,-0.016141,0.012450,-0.004056
2367429020.000,Miguel,recording,knock_twice_right,7,-0.054134,6.865226,7.097076,-0.023050,-0.008661,-0.002863
2367429030.000,Miguel,recording,knock_twice_right,7,-0.060667,6.846759,7.157585,-0.022351,-0.023837,0.000986
2367429040.000,Miguel,recording,knock_twice_right,7,-0.029855,6.837053,7.176054,-0.013632,-0.029636,0.006891
2367429050.000,Miguel,recording,knock_twice_right,7,0.005826,6.819683,7.142746,-0.000981,-0.023259,0.011973
2367429060.000,Miguel,recording,knock_twice_right,7,0.075549,6.803111,7.099731,0.012753,-0.010021,0.011081
2367429070.000,Miguel,recording,knock_twice_right,7,0.110094,6.784718,7.047372,0.023121,0.000872,0.006947
2367429080.000,Miguel,recording,knock_twice_right,7,0.114163,6.787253,6.997678,0.027417,0.006304,0.002071
2367429090.000,Miguel,recording,knock_twice_right,7,0.073351,6.806257,6.922716,0.024791,0.004817,-0.003347
2367429100.000,Miguel,recording,knock_twice_right,7,0.023493,6.821052,6.898288,0.016095,-0.000458,-0.007307
2367429110.000,Miguel,recording,knock_twice_right,7,0.005992,6.828756,6.898103,0.004675,-0.005322,-0.006732
2367429120.000,Miguel,recording,knock_twice_right,7,0.004483,6.835159,6.950687,-0.002360,-0.008091,-0.003675
2367429130.000,Miguel,recording,knock_twice_right,7,0.016651,6.819256,6.997311,-0.001332,-0.007236,-0.001341
2367429140.000,Miguel,recording,knock_twice_right,7,0.021347,6.798339,7.023165,0.004921,-0.003828,-0.000033
2367429150.000,Miguel,recording,knock_twice_right,7,0.040986,6.804251,7.009477,0.013475,0.001000,-0.000602
2367429160.000,Miguel,recording,knock_twice_right,7,0.052522,6.810950,6.987064,0.021802,0.006147,-0.002678
2367429170.000,Miguel,recording,knock_twice_right,7,0.049918,6.814280,6.917441,0.025008,0.007939,-0.005709
2367429180.000,Miguel,recording,knock_twice_right,7,0.041776,6.831796,6.842904,0.019897,0.006001,-0.010031
2367429190.000,Miguel,recording,knock_twice_right,7,0.014375,6.860899,6.805720,0.010293,0.002374,-0.013488
2367429200.000,Miguel,recording,knock_twice_right,7,-0.021866,6.870622,6.815366,0.000265,-0.000483,-0.013883
2367429210.000,Miguel,recording,knock_twice_right,7,-0.063174,6.865913,6.867575,-0.006924,-0.000875,-0.009879
2367429220.000,Miguel,recording,knock_twice_right,7,-0.070105,6.853060,6.896071,-0.009504,0.002196,-0.002381
2367429230.000,Miguel,recording,knock_twice_right,7,-0.048229,6.835151,6.913010,-0.009639,0.007787,0.002589
2367429240.000,Miguel,recording,knock_twice_right,7,-0.016188,6.824150,6.959270,-0.009906,0.010735,0.005335
2367429250.000,Miguel,recording,knock_twice_right,7,0.002601,6.827738,6.989500,-0.010027,0.007619,0.007085
2367429260.000,Miguel,recording,knock_twice_right,7,0.033385,6.822230,6.994883,-0.008357,-0.001546,0.005835
2367429270.000,Miguel,recording,knock_twice_right,7,0.051709,6.829717,6.985389,-0.007515,-0.012334,0.001949
2367429280.000,Miguel,recording,knock_twice_right,7,0.054920,6.841102,6.958792,-0.009771,-0.017884,-0.002504
2367429290.000,Miguel,recording,knock_twice_right,7,0.044300,6.847700,6.958492,-0.011790,-0.015862,-0.005726
2367429300.000,Miguel,recording,knock_twice_right,7,0.009720,6.832555,6.995527,-0.011540,-0.006828,-0.005107
2367429310.000,Miguel,recording,knock_twice_right,7,-0.036380,6.823290,7.046011,-0.008448,0.005923,-0.000629
2367429320.000,Miguel,recording,knock_twice_right,7,-0.045899,6.812796,7.078205,-0.002875,0.016802,0.004730
2367429330.000,Miguel,recording,knock_twice_right,7,-0.023191,6.822681,7.090076,0.002646,0.020528,0.010093
2367429340.000,Miguel,recording,knock_twice_right,7,0.035511,6.833968,7.087255,0.006321,0.015574,0.012557
2367429350.000,Miguel,recording,knock_twice_right,7,0.098714,6.827783,7.049321,0.007926,0.006910,0.009783
2367429360.000,Miguel,recording,knock_twice_right,7,0.117571,6.814788,7.005134,0.006831,-0.001786,0.002828
2367429370.000,Miguel,recording,knock_twice_right,7,0.123678,6.812760,6.985920,0.004497,-0.008366,-0.005986
2367429380.000,Miguel,recording,knock_twice_right,7,0.101598,6.817409,6.971368,0.004262,-0.009829,-0.013853
2367429390.000,Miguel,recording,knock_twice_right,7,0.058569,6.809734,6.970633,0.006273,-0.006827,-0.019413
2367429400.000,Miguel,recording,knock_twice_right,7,0.013733,6.811559,6.986687,0.009000,-0.003251,-0.021285
2367429410.000,Miguel,recording,knock_twice_right,7,-0.035104,6.822129,6.972685,0.011136,-0.001047,-0.019097
2367429420.000,Miguel,recording,knock_twice_right,7,-0.068056,6.831080,6.924023,0.009775,0.001062,-0.014471
2367429430.000,Miguel,recording,knock_twice_right,7,-0.064875,6.835337,6.921279,0.004389,0.001159,-0.008519
2367429440.000,Miguel,recording,knock_twice_right,7,-0.038135,6.841707,6.957505,-0.001687,-0.001471,-0.004301
2367429450.000,Miguel,recording,knock_twice_right,7,-0.022039,6.851550,6.999172,-0.003031,-0.002782,-0.003322
2367429460.000,Miguel,recording,knock_twice_right,7,-0.006487,6.883222,7.033403,0.000875,-0.001872,-0.003008
2367429470.000,Miguel,recording,knock_twice_right,7,-0.029984,6.892969,7.057778,0.008355,-0.000501,-0.001433
2367429480.000,Miguel,recording,knock_twice_right,7,-0.051751,6.887018,7.042529,0.019144,-0.001024,0.001939
2367429490.000,Miguel,recording,knock_twice_right,7,-0.050647,6.872368,6.946028,0.025636,-0.005384,0.006440
2367429500.000,Miguel,recording,knock_twice_right,7,-0.007789,6.862141,6.852891,0.022627,-0.010430,0.008535
2367429510.000,Miguel,recording,knock_twice_right,7,0.015818,6.825564,6.790027,0.011624,-0.012167,0.007365
2367429520.000,Miguel,recording,knock_twice_right,7,0.033135,6.784763,6.796026,-0.003233,-0.011376,0.004973
2367429530.000,Miguel,recording,knock_twice_right,7,0.047983,6.751035,6.878699,-0.014785,-0.008318,0.000943
2367429540.000,Miguel,recording,knock_twice_right,7,0.076355,6.751970,6.972580,-0.017884,-0.003936,-0.005579
2367429550.000,Miguel,recording,knock_twice_right,7,0.083318,6.772999,7.038828,-0.011446,0.000981,-0.013563
2367429560.000,Miguel,recording,knock_twice_right,7,0.029787,6.810385,7.048389,-0.000637,0.005858,-0.020174
2367429570.000,Miguel,recording,knock_twice_right,7,-0.037897,6.860497,6.982790,0.007061,0.008360,-0.023403
2367429580.000,Miguel,recording,knock_twice_right,7,-0.081963,6.923719,6.931684,0.010718,0.008552,-0.021570
2367429590.000,Miguel,recording,knock_twice_right,7,-0.103125,6.951597,6.872596,0.008181,0.007673,-0.014744
2367429600.000,Miguel,recording,knock_twice_right,7,-0.110214,6.972487,6.828536,-0.003317,0.008392,-0.005087
2367429610.000,Miguel,recording,knock_twice_right,7,-0.104925,6.957950,6.877440,-0.017313,0.011679,0.006358
2367429620.000,Miguel,recording,knock_twice_right,7,-0.066137,6.889041,6.985908,-0.025520,0.013876,0.016860
2367429630.000,Miguel,recording,knock_twice_right,7,-0.044749,6.813929,7.085537,-0.025251,0.012211,0.023345
2367429640.000,Miguel,recording,knock_twice_right,7,0.003887,6.764115,7.135117,-0.019027,0.007821,0.024706
2367429650.000,Miguel,recording,knock_twice_right,7,0.035629,6.762979,7.137635,-0.009879,0.000240,0.021362
2367429660.000,Miguel,recording,knock_twice_right,7,0.067266,6.755868,7.094206,-0.001274,-0.009997,0.015900
2367429670.000,Miguel,recording,knock_twice_right,7,0.083870,6.773545,7.041211,0.005790,-0.018245,0.009576
2367429680.000,Miguel,recording,knock_twice_right,7,0.075177,6.795292,6.981777,0.010416,-0.019895,0.005203
2367429690.000,Miguel,recording,knock_twice_right,7,0.064900,6.800902,6.924671,0.011266,-0.014611,0.003877
2367429700.000,Miguel,recording,knock_twice_right,7,0.064605,6.804822,6.903531,0.011805,-0.005565,0.003388
2367429710.000,Miguel,recording,knock_twice_right,7,0.062252,6.808928,6.921372,0.012330,0.004188,0.002615
2367429720.000,Miguel,recording,knock_twice_right,7,0.066461,6.829155,6.942831,0.013158,0.011837,0.000789
2367429730.000,Miguel,recording,knock_twice_right,7,0.072146,6.848061,6.931597,0.013837,0.014956,-0.001802
2367429740.000,Miguel,recording,knock_twice_right,7,0.058245,6.863403,6.932372,0.010375,0.012434,-0.003879
2367429750.000,Miguel,recording,knock_twice_right,7,0.048978,6.869630,6.923112,0.004872,0.006154,-0.005968
2367429760.000,Miguel,recording,knock_twice_right,7,0.019798,6.865569,6.949237,0.000545,-0.001465,-0.007503
2367429770.000,Miguel,recording,knock_twice_right,7,-0.009138,6.849503,6.953013,-0.004829,-0.009036,-0.007595
2367429780.000,Miguel,recording,knock_twice_right,7,0.001787,6.858470,6.959940,-0.008199,-0.012499,-0.006137
2367429790.000,Miguel,recording,knock_twice_right,7,-0.014427,6.858736,6.968029,-0.007346,-0.010136,-0.003094
2367429800.000,Miguel,recording,knock_twice_right,7,-0.022068,6.841112,6.990988,-0.003022,-0.005371,-0.000493
2367429810.000,Miguel,recording,knock_twice_right,7,-0.037384,6.830282,6.984467,0.001090,0.001215,0.001528
2367429820.000,Miguel,recording,knock_twice_right,7,-0.008554,6.855170,6.990183,0.000919,0.005442,0.004172
2367429830.000,Miguel,recording,knock_twice_right,7,0.006556,6.849366,6.977564,-0.000758,0.002947,0.006269
2367429840.000,Miguel,recording,knock_twice_right,7,0.024110,6.823406,6.967357,-0.002155,-0.004828,0.006041
2367429850.000,Miguel,recording,knock_twice_right,7,0.057821,6.817312,6.959350,-0.005099,-0.012903,0.002662
2367429860.000,Miguel,recording,knock_twice_right,7,0.090788,6.799470,6.964579,-0.008812,-0.016601,-0.004184
2367429870.000,Miguel,recording,knock_twice_right,7,0.080956,6.775444,6.981111,-0.007641,-0.015486,-0.012665
2367429880.000,Miguel,recording,knock_twice_right,7,0.029713,6.774951,6.986521,-0.002564,-0.010466,-0.020343
2367429890.000,Miguel,recording,knock_twice_right,7,-0.040187,6.800320,6.993618,0.003645,-0.003974,-0.023537
2367429900.000,Miguel,recording,knock_twice_right,7,-0.102790,6.852544,6.996081,0.010280,0.001904,-0.017567
2367429910.000,Miguel,recording,knock_twice_right,7,-0.102038,6.893186,6.947086,0.014468,0.006021,-0.006382
2367429920.000,Miguel,recording,knock_twice_right,7,-0.048089,6.915012,6.878499,0.011666,0.007536,0.002361
2367429930.000,Miguel,recording,knock_twice_right,7,-0.006159,6.897549,6.859278,0.001130,0.006685,0.005662
2367429940.000,Miguel,recording,knock_twice_right,7,0.007728,6.877247,6.893786,-0.011481,0.004758,0.003485
2367429950.000,Miguel,recording,knock_twice_right,7,0.003780,6.875167,6.973569,-0.019904,0.000944,0.000274
2367429960.000,Miguel,recording,knock_twice_right,7,-0.013467,6.851671,7.056892,-0.021553,-0.002587,-0.001519
2367429970.000,Miguel,recording,knock_twice_right,7,-0.031342,6.821206,7.096458,-0.016541,-0.003312,-0.000827
2367429980.000,Miguel,recording,knock_twice_right,7,-0.029554,6.807071,7.118275,-0.005329,-0.004406,0.002176
2367429990.000,Miguel,recording,knock_twice_right,7,-0.011598,6.793263,7.098912,0.008399,-0.005798,0.004218
2367430000.000,Miguel,recording,knock_twice_right,7,0.005721,6.785897,7.036423,0.018519,-0.006157,0.004813
2367430010.000,Miguel,recording,knock_twice_right,7,0.026359,6.821520,6.974090,0.021833,-0.007426,0.004452
2367430020.000,Miguel,recording,knock_twice_right,7,0.068712,6.841694,6.923129,0.020478,-0.010082,0.003392
2367430030.000,Miguel,recording,knock_twice_right,7,0.075242,6.860946,6.871670,0.015344,-0.011050,-0.000283
2367430040.000,Miguel,recording,knock_twice_right,7,0.047402,6.859631,6.831789,0.007932,-0.009679,-0.005840
2367430050.000,Miguel,recording,knock_twice_right,7,0.006479,6.879357,6.844660,-0.000140,-0.009547,-0.007294
2367430060.000,Miguel,recording,knock_twice_right,7,-0.003701,6.877981,6.900939,-0.006449,-0.008108,-0.003145
2367430070.000,Miguel,recording,knock_twice_right,7,0.013950,6.829784,6.948120,-0.007811,-0.004778,0.001832
2367430080.000,Miguel,recording,knock_twice_right,7,0.054829,6.797222,6.930899,-0.007953,-0.001159,0.003563
2367430090.000,Miguel,recording,knock_twice_right,7,0.066053,6.789301,6.952551,-0.008550,0.001639,0.002467
2367430100.000,Miguel,recording,knock_twice_right,7,0.074227,6.791732,6.977109,-0.007981,0.002027,0.000709
2367430110.000,Miguel,recording,knock_twice_right,7,0.071688,6.804533,7.007328,-0.006229,0.001227,-0.000385
2367430120.000,Miguel,recording,knock_twice_right,7,0.084374,6.820768,7.010562,-0.003355,-0.000895,-0.001143
2367430130.000,Miguel,recording,knock_twice_right,7,0.080833,6.833042,6.987357,-0.000852,-0.002505,-0.002643
2367430140.000,Miguel,recording,knock_twice_right,7,0.083579,6.841647,7.006260,0.001129,-0.000892,-0.005957
2367430150.000,Miguel,recording,knock_twice_right,7,0.078598,6.833765,6.998193,0.003178,0.001122,-0.009286
2367430160.000,Miguel,recording,knock_twice_right,7,0.059676,6.818087,6.991902,0.005846,0.001467,-0.011083
2367430170.000,Miguel,recording,knock_twice_right,7,0.033088,6.826840,6.960510,0.007673,0.001547,-0.012997
2367430180.000,Miguel,recording,knock_twice_right,7,0.007895,6.828018,6.936423,0.007020,0.000722,-0.013879
2367430190.000,Miguel,recording,knock_twice_right,7,-0.008032,6.828181,6.911734,0.004612,-0.000538,-0.012218
2367430200.000,Miguel,recording,knock_twice_right,7,-0.012325,6.831967,6.915869,-0.001182,-0.001141,-0.009630
2367430210.000,Miguel,recording,knock_twice_right,7,0.024720,6.822281,6.925501,-0.008872,-0.002258,-0.006097
2367430220.000,Miguel,recording,knock_twice_right,7,0.089133,6.815809,6.977999,-0.013895,-0.004531,-0.004451
2367430230.000,Miguel,recording,knock_twice_right,7,0.108775,6.805015,7.020183,-0.012615,-0.006185,-0.008694
2367430240.000,Miguel,recording,knock_twice_right,7,0.107078,6.803733,7.047164,-0.005698,-0.005471,-0.014338
2367430250.000,Miguel,recording,knock_twice_right,7,0.089629,6.804009,7.044819,0.002293,-0.002147,-0.018975
2367430260.000,Miguel,recording,knock_twice_right,7,-0.034277,6.799892,7.036777,0.010307,0.001188,-0.024521
2367430270.000,Miguel,recording,knock_twice_right,7,-1.238438,7.017080,6.927737,0.007316,0.024972,0.019445
2367430280.000,Miguel,recording,knock_twice_right,7,-1.796850,7.457772,6.746399,0.009236,0.010381,0.096841
2367430290.000,Miguel,recording,knock_twice_right,7,1.194516,7.188664,6.746345,0.014415,-0.019646,0.110554
2367430300.000,Miguel,recording,knock_twice_right,7,0.753555,6.685485,6.645662,-0.007372,0.011246,0.055342
2367430310.000,Miguel,recording,knock_twice_right,7,0.871932,6.483852,6.690966,-0.028020,0.021587,-0.015297
2367430320.000,Miguel,recording,knock_twice_right,7,0.221491,6.476468,7.090798,-0.031802,0.012771,-0.056920
2367430330.000,Miguel,recording,knock_twice_right,7,0.208537,6.560896,7.177113,-0.022430,0.028581,-0.061394
2367430340.000,Miguel,recording,knock_twice_right,7,0.021997,6.715569,7.299138,0.003727,0.040949,-0.048105
2367430350.000,Miguel,recording,knock_twice_right,7,0.092434,6.674710,7.214269,0.029641,0.042596,-0.035654
2367430360.000,Miguel,recording,knock_twice_right,7,0.157468,6.688985,7.058977,0.043713,0.042336,-0.033812
2367430370.000,Miguel,recording,knock_twice_right,7,0.260665,6.798992,6.939543,0.043012,0.035815,-0.040917
2367430380.000,Miguel,recording,knock_twice_right,7,0.258351,6.911161,6.830235,0.026202,0.017551,-0.052607
2367430390.000,Miguel,recording,knock_twice_right,7,0.091048,6.970078,6.835765,-0.000874,-0.011201,-0.063307
2367430400.000,Miguel,recording,knock_twice_right,7,-0.103997,6.964876,6.924842,-0.025182,-0.040931,-0.063793
2367430410.000,Miguel,recording,knock_twice_right,7,-1.338032,7.141169,6.896938,-0.047132,-0.017215,-0.014730
2367430420.000,Miguel,recording,knock_twice_right,7,-2.925067,7.636543,6.816580,-0.054473,-0.031623,0.105410
2367430430.000,Miguel,recording,knock_twice_right,7,-1.096359,7.653965,6.971230,-0.044776,-0.084522,0.214846
2367430440.000,Miguel,recording,knock_twice_right,7,-0.029174,7.016150,6.581338,-0.048080,-0.038420,0.232893
2367430450.000,Miguel,recording,knock_twice_right,7,0.935976,6.711439,6.428378,-0.053377,0.024767,0.164800
2367430460.000,Miguel,recording,knock_twice_right,7,1.093138,6.534174,6.698209,-0.048597,0.054845,0.060170
2367430470.000,Miguel,recording,knock_twice_right,7,1.157325,6.564397,7.025652,-0.037310,0.083058,-0.024394
2367430480.000,Miguel,recording,knock_twice_right,7,0.314424,6.688065,7.425200,-0.013711,0.083563,-0.057167
2367430490.000,Miguel,recording,knock_twice_right,7,-0.142971,6.580767,7.539598,0.010282,0.053137,-0.041144
2367430500.000,Miguel,recording,knock_twice_right,7,-0.307595,6.494212,7.377374,0.023816,0.022723,-0.002492
2367430510.000,Miguel,recording,knock_twice_right,7,0.118926,6.567513,7.262284,0.029844,0.004027,0.027803
2367430520.000,Miguel,recording,knock_twice_right,7,0.539324,6.711195,7.194087,0.030891,-0.000538,0.028489
2367430530.000,Miguel,recording,knock_twice_right,7,0.677708,6.774491,7.155240,0.028290,0.001370,-0.002439
2367430540.000,Miguel,recording,knock_twice_right,7,0.486171,6.828287,7.151353,0.024066,0.001299,-0.044109
2367430550.000,Miguel,recording,knock_twice_right,7,0.101192,6.940774,7.164028,0.021799,-0.004019,-0.065222
2367430560.000,Miguel,recording,knock_twice_right,7,-0.163714,7.037886,7.171473,0.025478,-0.011587,-0.051126
2367430570.000,Miguel,recording,knock_twice_right,7,-0.280538,7.042183,7.126968,0.032611,-0.017416,-0.012353
2367430580.000,Miguel,recording,knock_twice_right,7,-0.248335,6.921267,7.062010,0.037133,-0.019425,0.031695
2367430590.000,Miguel,recording,knock_twice_right,7,-0.047536,6.776269,6.990640,0.038513,-0.019613,0.063523
2367430600.000,Miguel,recording,knock_twice_right,7,0.219915,6.648697,6.935407,0.038143,-0.023119,0.071468
2367430610.000,Miguel,recording,knock_twice_right,7,0.436597,6.593800,6.875537,0.034167,-0.031499,0.053619
2367430620.000,Miguel,recording,knock_twice_right,7,0.488048,6.600450,6.832260,0.024965,-0.045076,0.019018
2367430630.000,Miguel,recording,knock_twice_right,7,0.422953,6.662147,6.837692,0.014481,-0.060722,-0.018198
2367430640.000,Miguel,recording,knock_twice_right,7,0.295372,6.759510,6.843190,0.009087,-0.069674,-0.047120
2367430650.000,Miguel,recording,knock_twice_right,7,0.159904,6.847112,6.835514,0.010017,-0.063640,-0.062288
2367430660.000,Miguel,recording,knock_twice_right,7,0.044291,6.898819,6.806980,0.016761,-0.040333,-0.066642
2367430670.000,Miguel,recording,knock_twice_right,7,-0.062368,6.901496,6.768136,0.025265,-0.007332,-0.063607
2367430680.000,Miguel,recording,knock_twice_right,7,-0.162684,6.880737,6.758173,0.030082,0.024264,-0.055292
2367430690.000,Miguel,recording,knock_twice_right,7,-0.180750,6.888054,6.760654,0.031240,0.044389,-0.045525
2367430700.000,Miguel,recording,knock_twice_right,7,-0.180428,6.919906,6.759611,0.027873,0.047333,-0.036959
2367430710.000,Miguel,recording,knock_twice_right,7,-0.203036,6.965343,6.751794,0.016621,0.034983,-0.030222
2367430720.000,Miguel,recording,knock_twice_right,7,-0.233631,7.003355,6.746911,-0.001537,0.014318,-0.023163
2367430730.000,Miguel,recording,knock_twice_right,7,-0.237938,7.020125,6.783253,-0.020216,-0.007552,-0.012973
2367430740.000,Miguel,recording,knock_twice_right,7,-0.238867,7.029327,6.812616,-0.037148,-0.025955,0.001912
2367430750.000,Miguel,recording,knock_twice_right,7,-0.217479,7.009637,6.860376,-0.050867,-0.034219,0.019600
2367430760.000,Miguel,recording,knock_twice_right,7,-0.153231,6.961371,6.941423,-0.056726,-0.029768,0.036164
2367430770.000,Miguel,recording,knock_twice_right,7,-0.059640,6.878345,7.047174,-0.051851,-0.013649,0.046864
2367430780.000,Miguel,recording,knock_twice_right,7,0.031530,6.833348,7.136962,-0.037341,0.010042,0.050052
2367430790.000,Miguel,recording,knock_twice_right,7,0.127182,6.816240,7.193552,-0.018789,0.029523,0.045436
2367430800.000,Miguel,recording,knock_twice_right,7,0.152754,6.787233,7.214736,-0.000371,0.035341,0.034649
2367430810.000,Miguel,recording,knock_twice_right,7,0.156415,6.792282,7.187977,0.014697,0.029059,0.021966
2367430820.000,Miguel,recording,knock_twice_right,7,0.139312,6.817492,7.087216,0.023450,0.017048,0.010914
2367430830.000,Miguel,recording,knock_twice_right,7,0.095395,6.829049,6.980071,0.024889,0.005003,0.004196
2367430840.000,Miguel,recording,knock_twice_right,7,0.052281,6.819123,6.919558,0.019490,-0.001616,0.000739
2367430850.000,Miguel,recording,knock_twice_right,7,0.030011,6.809170,6.913498,0.011250,-0.002401,-0.001000
2367430860.000,Miguel,recording,knock_twice_right,7,0.022449,6.808140,6.941269,0.007120,-0.001083,-0.002030
2367430870.000,Miguel,recording,knock_twice_right,7,0.011823,6.832452,6.980078,0.007430,-0.000128,-0.002192
2367430880.000,Miguel,recording,knock_twice_right,7,0.031965,6.863891,6.953925,0.009183,-0.000868,0.000072
2367430890.000,Miguel,recording,knock_twice_right,7,0.058854,6.895028,6.909349,0.011192,-0.001278,0.003525
2367430900.000,Miguel,recording,knock_twice_right,7,0.065693,6.908949,6.841444,0.010962,0.000274,0.006013
2367430910.000,Miguel,recording,knock_twice_right,7,0.058288,6.900974,6.786914,0.005265,0.001938,0.008836
2367430920.000,Miguel,recording,knock_twice_right,7,0.064728,6.889128,6.770398,-0.004191,0.003564,0.013025
2367430930.000,Miguel,recording,knock_twice_right,7,0.095796,6.855053,6.786898,-0.013292,0.008353,0.017608
2367430940.000,Miguel,recording,knock_twice_right,7,0.138914,6.797108,6.861169,-0.018863,0.015015,0.019130
2367430950.000,Miguel,recording,knock_twice_right,7,0.168286,6.723580,6.923324,-0.018648,0.018400,0.015939
2367430960.000,Miguel,recording,knock_twice_right,7,0.177591,6.701074,6.976394,-0.015726,0.016627,0.008507
2367430970.000,Miguel,recording,knock_twice_right,7,0.184239,6.705288,6.995286,-0.012282,0.010701,-0.003115
2367430980.000,Miguel,recording,knock_twice_right,7,0.180757,6.722724,6.978550,-0.008952,0.003219,-0.015824
2367430990.000,Miguel,recording,knock_twice_right,7,0.116769,6.772769,6.967917,-0.007443,-0.002838,-0.025721
2367431000.000,Miguel,recording,knock_twice_right,7,0.043760,6.829036,6.972342,-0.007394,-0.006995,-0.030974
2367431010.000,Miguel,recording,knock_twice_right,7,-0.018619,6.864297,6.984807,-0.008312,-0.009409,-0.030598
2367431020.000,Miguel,recording,knock_twice_right,7,-0.039681,6.887811,7.006764,-0.008747,-0.008128,-0.024993
2367431030.000,Miguel,recording,knock_twice_right,7,-0.029637,6.893119,7.035241,-0.005757,-0.004204,-0.017899
2367431040.000,Miguel,recording,knock_twice_right,7,-0.009795,6.885740,7.005696,-0.002506,0.001995,-0.012307
2367431050.000,Miguel,recording,knock_twice_right,7,-0.004128,6.898747,6.999451,-0.000731,0.009263,-0.009820
2367431060.000,Miguel,recording,knock_twice_right,7,-0.012901,6.888930,7.011145,0.000574,0.013205,-0.009378
2367431070.000,Miguel,recording,knock_twice_right,7,-0.028344,6.885918,7.006785,0.000585,0.011094,-0.008683
2367431080.000,Miguel,recording,knock_twice_right,7,-0.062322,6.886926,6.971303,-0.001183,0.004397,-0.007183
2367431090.000,Miguel,recording,knock_twice_right,7,-0.058404,6.909536,6.933171,-0.006701,-0.006621,-0.003869
2367431100.000,Miguel,recording,knock_twice_right,7,-0.041837,6.898277,6.923522,-0.015138,-0.019056,0.000308
2367431110.000,Miguel,recording,knock_twice_right,7,-0.020492,6.868811,6.950060,-0.021142,-0.025943,0.003126
2367431120.000,Miguel,recording,knock_twice_right,8,-0.019662,6.858140,6.990149,-0.022024,-0.025086,0.006085
2367431130.000,Miguel,recording,knock_twice_right,8,0.004604,6.842347,7.043912,-0.015873,-0.016004,0.008014
2367431140.000,Miguel,recording,knock_twice_right,8,0.037011,6.830205,7.044587,-0.003522,-0.002296,0.007129
2367431150.000,Miguel,recording,knock_twice_right,8,0.062789,6.811052,7.009875,0.008398,0.010492,0.003996
2367431160.000,Miguel,recording,knock_twice_right,8,0.064504,6.812289,6.963729,0.015546,0.018014,-0.001255
2367431170.000,Miguel,recording,knock_twice_right,8,0.030380,6.837868,6.946293,0.016013,0.017758,-0.006636
2367431180.000,Miguel,recording,knock_twice_right,8,0.001893,6.847355,6.914403,0.011639,0.011556,-0.009373
2367431190.000,Miguel,recording,knock_twice_right,8,-0.022851,6.861191,6.899220,0.006555,0.003592,-0.009646
2367431200.000,Miguel,recording,knock_twice_right,8,-0.044133,6.856843,6.893507,0.002209,-0.004137,-0.007653
2367431210.000,Miguel,recording,knock_twice_right,8,-0.033662,6.866790,6.878716,-0.002052,-0.009100,-0.004640
2367431220.000,Miguel,recording,knock_twice_right,8,-0.019092,6.881259,6.857279,-0.007749,-0.008375,-0.002350
2367431230.000,Miguel,recording,knock_twice_right,8,-0.023627,6.886414,6.855248,-0.015625,-0.004339,-0.000773
2367431240.000,Miguel,recording,knock_twice_right,8,-0.017008,6.881176,6.918689,-0.022777,0.000786,0.000490
2367431250.000,Miguel,recording,knock_twice_right,8,-0.036377,6.868307,6.986428,-0.025145,0.008097,0.002512
2367431260.000,Miguel,recording,knock_twice_right,8,-0.035355,6.828282,7.071599,-0.021102,0.013540,0.004623
2367431270.000,Miguel,recording,knock_twice_right,8,-0.022319,6.820642,7.141817,-0.013233,0.014492,0.006735
2367431280.000,Miguel,recording,knock_twice_right,8,-0.009893,6.812453,7.153668,-0.003706,0.013595,0.006560
2367431290.000,Miguel,recording,knock_twice_right,8,-0.005446,6.821961,7.132245,0.005018,0.011670,0.004641
2367431300.000,Miguel,recording,knock_twice_right,8,0.007156,6.845363,7.097445,0.012442,0.008160,0.002549
2367431310.000,Miguel,recording,knock_twice_right,8,0.015184,6.866282,7.056758,0.017804,0.001858,-0.000713
2367431320.000,Miguel,recording,knock_twice_right,8,-0.004849,6.877017,7.018946,0.020174,-0.005439,-0.002834
2367431330.000,Miguel,recording,knock_twice_right,8,-0.018624,6.893589,6.963376,0.020558,-0.012580,-0.002298
2367431340.000,Miguel,recording,knock_twice_right,8,-0.017047,6.905566,6.904095,0.018643,-0.019302,0.000053
2367431350.000,Miguel,recording,knock_twice_right,8,-0.010759,6.894037,6.865870,0.014196,-0.022356,0.003220
2367431360.000,Miguel,recording,knock_twice_right,8,0.004121,6.858018,6.845098,0.008321,-0.019546,0.007296
2367431370.000,Miguel,recording,knock_twice_right,8,0.023626,6.838239,6.843764,0.002974,-0.011097,0.010939
2367431380.000,Miguel,recording,knock_twice_right,8,0.035073,6.826703,6.866395,0.000276,0.000779,0.011991
2367431390.000,Miguel,recording,knock_twice_right,8,0.031557,6.815500,6.931575,0.001173,0.014414,0.011213
2367431400.000,Miguel,recording,knock_twice_right,8,0.027269,6.836504,6.966869,0.004328,0.025626,0.009057
2367431410.000,Miguel,recording,knock_twice_right,8,0.015980,6.845557,6.991968,0.008445,0.029489,0.007443
2367431420.000,Miguel,recording,knock_twice_right,8,-0.002569,6.872314,6.995531,0.011227,0.026624,0.008752
2367431430.000,Miguel,recording,knock_twice_right,8,-0.005990,6.879247,6.974286,0.010714,0.018694,0.012370
2367431440.000,Miguel,recording,knock_twice_right,8,0.030341,6.867222,6.962454,0.007161,0.009679,0.016127
2367431450.000,Miguel,recording,knock_twice_right,8,0.070112,6.865564,6.949426,0.002524,0.002922,0.016393
2367431460.000,Miguel,recording,knock_twice_right,8,0.109046,6.854398,6.953650,-0.001341,-0.000617,0.013191
2367431470.000,Miguel,recording,knock_twice_right,8,0.125801,6.810405,6.939738,-0.003081,-0.001258,0.008421
2367431480.000,Miguel,recording,knock_twice_right,8,0.119956,6.780550,6.958932,-0.002924,-0.000012,0.001551
2367431490.000,Miguel,recording,knock_twice_right,8,0.109002,6.777861,6.962486,-0.001330,0.001800,-0.004541
2367431500.000,Miguel,recording,knock_twice_right,8,0.098199,6.802221,6.955229,0.001180,0.004369,-0.008434
2367431510.000,Miguel,recording,knock_twice_right,8,0.052118,6.805173,6.960815,0.002356,0.009339,-0.010135
2367431520.000,Miguel,recording,knock_twice_right,8,-0.005976,6.838690,7.014667,0.002827,0.012284,-0.009671
2367431530.000,Miguel,recording,knock_twice_right,8,-0.047293,6.843040,7.071021,0.006492,0.010643,-0.006195
2367431540.000,Miguel,recording,knock_twice_right,8,-0.028058,6.871409,7.062556,0.012645,0.006810,0.000707
2367431550.000,Miguel,recording,knock_twice_right,8,0.024830,6.885117,7.013872,0.016711,0.001518,0.006890
2367431560.000,Miguel,recording,knock_twice_right,8,0.093902,6.894658,6.959313,0.017018,-0.006419,0.009079
2367431570.000,Miguel,recording,knock_twice_right,8,0.136545,6.855825,6.910707,0.014986,-0.014219,0.006450
2367431580.000,Miguel,recording,knock_twice_right,8,0.164263,6.830669,6.881221,0.011075,-0.018052,-0.001559
2367431590.000,Miguel,recording,knock_twice_right,8,0.137427,6.828831,6.858335,0.006049,-0.018471,-0.012678
2367431600.000,Miguel,recording,knock_twice_right,8,0.078012,6.836433,6.847914,0.002550,-0.014501,-0.019595
2367431610.000,Miguel,recording,knock_twice_right,8,0.007222,6.839897,6.870062,0.001597,-0.007886,-0.021116
2367431620.000,Miguel,recording,knock_twice_right,8,-0.024029,6.845188,6.901271,0.003870,-0.002452,-0.017272
2367431630.000,Miguel,recording,knock_twice_right,8,-0.023199,6.828327,6.897372,0.008497,0.001974,-0.009813
2367431640.000,Miguel,recording,knock_twice_right,8,0.021606,6.817243,6.852555,0.010420,0.003394,-0.006573
2367431650.000,Miguel,recording,knock_twice_right,8,0.076459,6.816405,6.786178,0.007409,0.002179,-0.009326
2367431660.000,Miguel,recording,knock_twice_right,8,0.098707,6.850504,6.762522,0.001204,0.001244,-0.016012
2367431670.000,Miguel,recording,knock_twice_right,8,0.065174,6.878102,6.756000,-0.007220,0.001409,-0.021827
2367431680.000,Miguel,recording,knock_twice_right,8,-0.009781,6.896838,6.782408,-0.015777,0.004709,-0.024416
2367431690.000,Miguel,recording,knock_twice_right,8,-0.088461,6.898180,6.814921,-0.023737,0.011261,-0.023458
2367431700.000,Miguel,recording,knock_twice_right,8,-0.138137,6.899239,6.880064,-0.030812,0.020164,-0.016221
2367431710.000,Miguel,recording,knock_twice_right,8,-0.160702,6.881242,6.977644,-0.034597,0.024892,-0.005158
2367431720.000,Miguel,recording,knock_twice_right,8,-0.140575,6.870499,7.068387,-0.033866,0.019355,0.005228
2367431730.000,Miguel,recording,knock_twice_right,8,-0.077716,6.829063,7.129153,-0.030174,0.007158,0.010521
2367431740.000,Miguel,recording,knock_twice_right,8,-0.013943,6.800419,7.147084,-0.024345,-0.007596,0.009822
2367431750.000,Miguel,recording,knock_twice_right,8,0.047580,6.783954,7.124920,-0.017253,-0.019067,0.005228
2367431760.000,Miguel,recording,knock_twice_right,8,0.061854,6.800822,7.075453,-0.010222,-0.018370,-0.002778
2367431770.000,Miguel,recording,knock_twice_right,8,0.033690,6.843450,7.048451,-0.002663,-0.007428,-0.010045
2367431780.000,Miguel,recording,knock_twice_right,8,-0.027892,6.872396,7.037808,0.005123,0.007471,-0.010998
2367431790.000,Miguel,recording,knock_twice_right,8,-0.091173,6.904087,7.043051,0.009279,0.021360,-0.005690
2367431800.000,Miguel,recording,knock_twice_right,8,-0.111192,6.904096,7.050172,0.007840,0.025329,0.002458
2367431810.000,Miguel,recording,knock_twice_right,8,-0.092829,6.884150,7.096080,0.005521,0.016328,0.010339
2367431820.000,Miguel,recording,knock_twice_right,8,-0.054924,6.843823,7.129495,0.005307,-0.001293,0.014769
2367431830.000,Miguel,recording,knock_twice_right,8,0.024511,6.821416,7.099670,0.008184,-0.019202,0.013483
2367431840.000,Miguel,recording,knock_twice_right,8,0.077247,6.837055,7.047828,0.012237,-0.025912,0.006586
2367431850.000,Miguel,recording,knock_twice_right,8,0.035523,6.813915,6.988671,0.014407,-0.018682,-0.000795
2367431860.000,Miguel,recording,knock_twice_right,8,-0.001014,6.797452,7.012580,0.019658,-0.004146,-0.005059
2367431870.000,Miguel,recording,knock_twice_right,8,-0.007107,6.855215,7.056325,0.031445,0.014022,-0.008015
2367431880.000,Miguel,recording,knock_twice_right,8,-0.053443,6.891366,7.040061,0.043738,0.029960,-0.008463
2367431890.000,Miguel,recording,knock_twice_right,8,-0.111547,6.925891,6.959335,0.049357,0.032236,-0.002502
2367431900.000,Miguel,recording,knock_twice_right,8,-0.106796,6.924558,6.882654,0.046147,0.020843,0.009430
2367431910.000,Miguel,recording,knock_twice_right,8,-0.044849,6.889028,6.813266,0.033919,0.005289,0.018307
2367431920.000,Miguel,recording,knock_twice_right,8,0.042298,6.884055,6.782260,0.015560,-0.009150,0.018736
2367431930.000,Miguel,recording,knock_twice_right,8,0.076856,6.877335,6.825985,0.000020,-0.017722,0.013961
2367431940.000,Miguel,recording,knock_twice_right,8,0.050706,6.859515,6.905390,-0.002600,-0.015326,0.007546
2367431950.000,Miguel,recording,knock_twice_right,8,-0.024535,6.857338,6.983233,0.007703,-0.003675,0.004856
2367431960.000,Miguel,recording,knock_twice_right,8,-0.054832,6.854830,6.989669,0.022153,0.009789,0.008418
2367431970.000,Miguel,recording,knock_twice_right,8,-0.045402,6.856122,6.907007,0.032934,0.019465,0.014630
2367431980.000,Miguel,recording,knock_twice_right,8,0.008402,6.855080,6.816649,0.033935,0.019958,0.018125
2367431990.000,Miguel,recording,knock_twice_right,8,0.055771,6.824074,6.753834,0.023585,0.010849,0.018156
2367432000.000,Miguel,recording,knock_twice_right,8,0.084169,6.812682,6.749015,0.008006,-0.002342,0.014856
2367432010.000,Miguel,recording,knock_twice_right,8,0.087005,6.817960,6.788229,-0.004190,-0.013707,0.008016
2367432020.000,Miguel,recording,knock_twice_right,8,0.042247,6.846190,6.846560,-0.008733,-0.017665,0.002157
2367432030.000,Miguel,recording,knock_twice_right,8,0.027478,6.845594,6.888040,-0.005876,-0.012505,-0.000451
2367432040.000,Miguel,recording,knock_twice_right,8,-0.005251,6.873765,6.896131,0.000315,-0.000271,-0.002101
2367432050.000,Miguel,recording,knock_twice_right,8,-0.029442,6.927208,6.894519,0.006164,0.014251,-0.002250
2367432060.000,Miguel,recording,knock_twice_right,8,-0.055840,6.951712,6.874855,0.009096,0.025587,0.000627
2367432070.000,Miguel,recording,knock_twice_right,8,-0.066168,6.965600,6.851402,0.007129,0.031213,0.006694
2367432080.000,Miguel,recording,knock_twice_right,8,-0.096425,6.942689,6.836715,-0.001178,0.028637,0.013638
2367432090.000,Miguel,recording,knock_twice_right,8,-0.090884,6.937369,6.844395,-0.015048,0.019615,0.019149
2367432100.000,Miguel,recording,knock_twice_right,8,-0.068650,6.918950,6.889284,-0.028834,0.010052,0.023326
2367432110.000,Miguel,recording,knock_twice_right,8,-0.057771,6.881048,6.975784,-0.036541,0.002790,0.026641
2367432120.000,Miguel,recording,knock_twice_right,8,-0.047789,6.859766,7.094454,-0.033463,-0.000120,0.028992
2367432130.000,Miguel,recording,knock_twice_right,8,-0.021569,6.815039,7.180112,-0.019759,0.000436,0.030605
2367432140.000,Miguel,recording,knock_twice_right,8,0.043423,6.799698,7.161366,0.000189,0.003129,0.030447
2367432150.000,Miguel,recording,knock_twice_right,8,0.073566,6.807272,7.071871,0.018485,0.007046,0.026823
2367432160.000,Miguel,recording,knock_twice_right,8,0.080238,6.817661,6.948515,0.025902,0.009174,0.019842
2367432170.000,Miguel,recording,knock_twice_right,8,0.045860,6.854393,6.869192,0.021021,0.007738,0.013621
2367432180.000,Miguel,recording,knock_twice_right,8,0.008188,6.870029,6.856757,0.009364,0.003771,0.014594
2367432190.000,Miguel,recording,knock_twice_right,8,0.023422,6.889232,6.874761,-0.002835,-0.000433,0.020247
2367432200.000,Miguel,recording,knock_twice_right,8,0.059653,6.875874,6.949899,-0.009294,-0.001201,0.025885
2367432210.000,Miguel,recording,knock_twice_right,8,0.083554,6.832546,7.009463,-0.007073,0.002039,0.030176
2367432220.000,Miguel,recording,knock_twice_right,8,0.131431,6.820974,7.041255,0.000324,0.007728,0.030638
2367432230.000,Miguel,recording,knock_twice_right,8,0.172106,6.796851,7.028574,0.009692,0.014185,0.025787
2367432240.000,Miguel,recording,knock_twice_right,8,0.209232,6.797787,6.986774,0.018661,0.020327,0.016707
2367432250.000,Miguel,recording,knock_twice_right,8,0.188748,6.818051,6.953585,0.023310,0.023701,0.006611
2367432260.000,Miguel,recording,knock_twice_right,8,0.104362,6.834143,6.908403,0.020341,0.020781,-0.000029
2367432270.000,Miguel,recording,knock_twice_right,8,0.047839,6.873081,6.886783,0.009994,0.012847,-0.000894
2367432280.000,Miguel,recording,knock_twice_right,8,0.026290,6.891630,6.898609,-0.001638,0.002090,0.002673
2367432290.000,Miguel,recording,knock_twice_right,8,0.050586,6.884233,6.971834,-0.007559,-0.009848,0.005640
2367432300.000,Miguel,recording,knock_twice_right,8,0.103080,6.857901,7.026811,-0.006844,-0.019970,0.005786
2367432310.000,Miguel,recording,knock_twice_right,8,0.122654,6.829999,7.032393,-0.002212,-0.025681,0.004882
2367432320.000,Miguel,recording,knock_twice_right,8,0.172727,6.811721,6.975681,0.004071,-0.025792,0.001825
2367432330.000,Miguel,recording,knock_twice_right,8,0.199930,6.806836,6.904789,0.008445,-0.020996,-0.004843
2367432340.000,Miguel,recording,knock_twice_right,8,0.189279,6.817351,6.877055,0.009788,-0.012549,-0.014111
2367432350.000,Miguel,recording,knock_twice_right,8,0.169353,6.812330,6.843456,0.012597,-0.003645,-0.023940
2367432360.000,Miguel,recording,knock_twice_right,8,0.118565,6.816471,6.818908,0.015676,0.002731,-0.030747
2367432370.000,Miguel,recording,knock_twice_right,8,0.066339,6.836596,6.761201,0.015935,0.005245,-0.033165
2367432380.000,Miguel,recording,knock_twice_right,8,0.007733,6.882134,6.728349,0.011314,0.003941,-0.032648
2367432390.000,Miguel,recording,knock_twice_right,8,-0.057005,6.920489,6.709020,0.001488,0.002622,-0.028540
2367432400.000,Miguel,recording,knock_twice_right,8,-0.077704,6.939734,6.747237,-0.010421,0.002897,-0.020446
2367432410.000,Miguel,recording,knock_twice_right,8,-0.057397,6.953333,6.802928,-0.022865,0.004243,-0.011393
2367432420.000,Miguel,recording,knock_twice_right,8,-0.031318,6.952522,6.870142,-0.034928,0.003452,-0.006088
2367432430.000,Miguel,recording,knock_twice_right,8,-0.004657,6.926315,6.967215,-0.043020,-0.002772,-0.005832
2367432440.000,Miguel,recording,knock_twice_right,8,-0.007917,6.901313,7.058701,-0.042805,-0.011920,-0.007654
2367432450.000,Miguel,recording,knock_twice_right,8,-0.015177,6.883843,7.131780,-0.033691,-0.018798,-0.007979
2367432460.000,Miguel,recording,knock_twice_right,8,-0.034025,6.855446,7.142781,-0.017035,-0.020971,-0.008058
2367432470.000,Miguel,recording,knock_twice_right,8,-0.055182,6.845217,7.098249,-0.000203,-0.017137,-0.007504
2367432480.000,Miguel,recording,knock_twice_right,8,-0.046818,6.838901,7.010203,0.011230,-0.007930,-0.005502
2367432490.000,Miguel,recording,knock_twice_right,8,-0.074194,6.883955,6.931778,0.016529,0.002250,-0.003069
2367432500.000,Miguel,recording,knock_twice_right,8,-0.061674,6.896235,6.903996,0.014947,0.007504,0.000336
2367432510.000,Miguel,recording,knock_twice_right,8,-0.045302,6.906334,6.912529,0.007298,0.005652,0.003395
2367432520.000,Miguel,recording,knock_twice_right,8,-0.020477,6.901981,6.912198,-0.003635,-0.003557,0.006222
2367432530.000,Miguel,recording,knock_twice_right,8,0.001203,6.906990,6.945701,-0.013655,-0.018756,0.008073
2367432540.000,Miguel,recording,knock_twice_right,8,0.033866,6.891655,6.993923,-0.017333,-0.032288,0.006861
2367432550.000,Miguel,recording,knock_twice_right,8,0.071827,6.875823,7.023847,-0.012956,-0.036348,0.003875
2367432560.000,Miguel,recording,knock_twice_right,8,0.083351,6.844407,7.021203,-0.002266,-0.028846,0.000143
2367432570.000,Miguel,recording,knock_twice_right,8,0.064414,6.824825,6.977497,0.011801,-0.013984,-0.003900
2367432580.000,Miguel,recording,knock_twice_right,8,0.050940,6.837305,6.925982,0.022693,0.004037,-0.006927
2367432590.000,Miguel,recording,knock_twice_right,8,0.011489,6.860701,6.868756,0.024923,0.018744,-0.007093
2367432600.000,Miguel,recording,knock_twice_right,8,-0.018019,6.890364,6.853077,0.019817,0.023003,-0.003888
2367432610.000,Miguel,recording,knock_twice_right,8,-0.041338,6.889558,6.874215,0.012574,0.016727,0.001170
2367432620.000,Miguel,recording,knock_twice_right,8,-0.031565,6.895274,6.861201,0.003417,0.004486,0.006723
2367432630.000,Miguel,recording,knock_twice_right,8,0.018583,6.875627,6.887171,-0.007183,-0.009403,0.010725
2367432640.000,Miguel,recording,knock_twice_right,8,0.090994,6.861371,6.903239,-0.015260,-0.020139,0.009881
2367432650.000,Miguel,recording,knock_twice_right,8,0.129277,6.845083,6.922767,-0.017404,-0.024324,0.005840
2367432660.000,Miguel,recording,knock_twice_right,8,0.167483,6.831278,6.939294,-0.015542,-0.021924,0.000683
2367432670.000,Miguel,recording,knock_twice_right,8,0.157670,6.813808,6.917729,-0.012513,-0.013650,-0.005432
2367432680.000,Miguel,recording,knock_twice_right,8,0.122820,6.804750,6.904258,-0.008495,-0.002410,-0.010589
2367432690.000,Miguel,recording,knock_twice_right,8,0.062529,6.819149,6.920135,-0.004313,0.008305,-0.014067
2367432700.000,Miguel,recording,knock_twice_right,8,0.001426,6.845321,6.948772,-0.001244,0.015786,-0.013851
2367432710.000,Miguel,recording,knock_twice_right,8,-0.025559,6.870217,6.973438,-0.000163,0.016165,-0.008401
2367432720.000,Miguel,recording,knock_twice_right,8,0.009920,6.869643,6.969634,-0.001207,0.010564,-0.002230
2367432730.000,Miguel,recording,knock_twice_right,8,0.064779,6.878943,6.952255,-0.004651,0.003161,-0.001423
2367432740.000,Miguel,recording,knock_twice_right,8,0.079878,6.873212,6.967629,-0.008059,-0.006631,-0.005330
2367432750.000,Miguel,recording,knock_twice_right,8,0.078353,6.876293,6.988403,-0.009302,-0.016121,-0.009895
2367432760.000,Miguel,recording,knock_twice_right,8,0.045552,6.863223,6.987089,-0.010077,-0.022157,-0.013142
2367432770.000,Miguel,recording,knock_twice_right,8,0.028920,6.874259,6.986645,-0.007822,-0.023916,-0.013420
2367432780.000,Miguel,recording,knock_twice_right,8,0.024803,6.859974,6.975852,-0.002908,-0.021651,-0.011119
2367432790.000,Miguel,recording,knock_twice_right,8,0.017652,6.842085,6.954113,-0.000272,-0.014973,-0.007071
2367432800.000,Miguel,recording,knock_twice_right,8,0.049626,6.838425,6.927873,0.000522,-0.004532,-0.003138
2367432810.000,Miguel,recording,knock_twice_right,8,0.080189,6.844060,6.946828,0.000544,0.003549,-0.003370
2367432820.000,Miguel,recording,knock_twice_right,8,0.125586,6.818209,6.980993,0.000525,0.006845,-0.005963
2367432830.000,Miguel,recording,knock_twice_right,8,0.154317,6.808346,7.018708,0.002826,0.004991,-0.011569
2367432840.000,Miguel,recording,knock_twice_right,8,0.142972,6.819940,7.037455,0.006859,-0.001261,-0.021766
2367432850.000,Miguel,recording,knock_twice_right,8,0.066520,6.817023,7.021119,0.011382,-0.009779,-0.032105
2367432860.000,Miguel,recording,knock_twice_right,8,0.012436,6.845427,6.983181,0.016337,-0.017495,-0.035656
2367432870.000,Miguel,recording,knock_twice_right,8,-0.027496,6.899301,6.921289,0.019793,-0.020117,-0.029473
2367432880.000,Miguel,recording,knock_twice_right,8,-0.015403,6.914394,6.840753,0.019560,-0.015613,-0.021945
2367432890.000,Miguel,recording,knock_twice_right,8,-0.018366,6.915651,6.792029,0.014108,-0.007781,-0.017889
2367432900.000,Miguel,recording,knock_twice_right,8,-0.019019,6.906148,6.782686,0.006194,-0.003809,-0.014457
2367432910.000,Miguel,recording,knock_twice_right,8,-0.012159,6.895331,6.817342,-0.002400,-0.003604,-0.011741
2367432920.000,Miguel,recording,knock_twice_right,8,-0.015970,6.880072,6.885309,-0.011263,-0.006539,-0.010528
2367432930.000,Miguel,recording,knock_twice_right,8,-0.012148,6.870009,6.964144,-0.016197,-0.013219,-0.009462
2367432940.000,Miguel,recording,knock_twice_right,8,-0.001647,6.847830,7.021112,-0.014806,-0.020170,-0.008973
2367432950.000,Miguel,recording,knock_twice_right,8,0.035652,6.840484,7.023811,-0.008135,-0.024206,-0.010807
2367432960.000,Miguel,recording,knock_twice_right,8,0.063649,6.840632,7.003552,-0.000280,-0.022459,-0.014336
2367432970.000,Miguel,recording,knock_twice_right,8,0.068884,6.873852,6.948796,0.005357,-0.016226,-0.017745
2367432980.000,Miguel,recording,knock_twice_right,8,0.068071,6.884549,6.924885,0.008418,-0.010316,-0.021307
2367432990.000,Miguel,recording,knock_twice_right,8,0.033159,6.878835,6.892233,0.010016,-0.004757,-0.024693
2367433000.000,Miguel,recording,knock_twice_right,8,0.004643,6.887098,6.862417,0.009533,0.000648,-0.025647
2367433010.000,Miguel,recording,knock_twice_right,8,-0.031504,6.896992,6.869996,0.006343,0.003690,-0.024525
2367433020.000,Miguel,recording,knock_twice_right,8,-0.057242,6.898175,6.890728,0.001595,0.002680,-0.023074
2367433030.000,Miguel,recording,knock_twice_right,8,-0.094471,6.909662,6.897704,-0.003514,-0.002280,-0.020377
2367433040.000,Miguel,recording,knock_twice_right,8,-0.104797,6.912025,6.901712,-0.008742,-0.008159,-0.014768
2367433050.000,Miguel,recording,knock_twice_right,8,-0.092392,6.911254,6.939003,-0.012874,-0.012894,-0.008328
2367433060.000,Miguel,recording,knock_twice_right,8,-0.059179,6.909607,6.969749,-0.012700,-0.015585,-0.003323
2367433070.000,Miguel,recording,knock_twice_right,8,-0.021434,6.880680,6.992131,-0.007233,-0.013844,-0.001108
2367433080.000,Miguel,recording,knock_twice_right,8,0.006251,6.867328,6.969356,-0.000213,-0.007958,-0.001950
2367433090.000,Miguel,recording,knock_twice_right,8,0.032660,6.847511,6.925766,0.006236,-0.000767,-0.004185
2367433100.000,Miguel,recording,knock_twice_right,8,0.016866,6.870955,6.888352,0.011169,0.005999,-0.008139
2367433110.000,Miguel,recording,knock_twice_right,8,-0.009900,6.909962,6.858363,0.010772,0.012271,-0.010593
2367433120.000,Miguel,recording,knock_twice_right,8,-0.063146,6.932656,6.839620,0.004287,0.015975,-0.008467
2367433130.000,Miguel,recording,knock_twice_right,8,-0.093839,6.936411,6.843135,-0.004967,0.013804,-0.000948
2367433140.000,Miguel,recording,knock_twice_right,8,-0.102637,6.925259,6.864984,-0.013339,0.006495,0.011074
2367433150.000,Miguel,recording,knock_twice_right,8,-0.046998,6.906322,6.904842,-0.018846,-0.000485,0.019916
2367433160.000,Miguel,recording,knock_twice_right,8,0.042173,6.849269,6.949811,-0.021541,-0.003639,0.021493
2367433170.000,Miguel,recording,knock_twice_right,8,0.103794,6.774016,6.982484,-0.021507,-0.003779,0.015848
2367433180.000,Miguel,recording,knock_twice_right,8,0.129433,6.736809,7.035838,-0.015601,-0.002283,0.004611
2367433190.000,Miguel,recording,knock_twice_right,8,0.131634,6.767416,7.078823,-0.003709,-0.000388,-0.008234
2367433200.000,Miguel,recording,knock_twice_right,8,0.090644,6.809740,7.053433,0.009754,0.002795,-0.018211
2367433210.000,Miguel,recording,knock_twice_right,8,0.019960,6.868627,6.944873,0.019414,0.007197,-0.021774
2367433220.000,Miguel,recording,knock_twice_right,8,-0.052386,6.920128,6.824852,0.019906,0.010693,-0.018796
2367433230.000,Miguel,recording,knock_twice_right,8,-0.042983,6.965047,6.767172,0.011372,0.011970,-0.010249
2367433240.000,Miguel,recording,knock_twice_right,8,-0.012740,6.964367,6.745416,-0.002102,0.011884,-0.002091
2367433250.000,Miguel,recording,knock_twice_right,8,0.023827,6.930485,6.782973,-0.016536,0.013819,0.002168
2367433260.000,Miguel,recording,knock_twice_right,8,0.014643,6.874045,6.864498,-0.030094,0.019418,0.005118
2367433270.000,Miguel,recording,knock_twice_right,8,0.018740,6.806821,6.963836,-0.039139,0.023272,0.005838
2367433280.000,Miguel,recording,knock_twice_right,8,0.027885,6.759239,7.096876,-0.037593,0.018303,0.003771
2367433290.000,Miguel,recording,knock_twice_right,8,0.042356,6.756563,7.183322,-0.025760,0.007858,-0.000452
2367433300.000,Miguel,recording,knock_twice_right,8,0.068530,6.764378,7.186581,-0.010130,-0.004614,-0.005361
2367433310.000,Miguel,recording,knock_twice_right,8,0.119862,6.784302,7.136981,0.004347,-0.017025,-0.011661
2367433320.000,Miguel,recording,knock_twice_right,8,0.144110,6.804765,7.026583,0.013801,-0.022685,-0.020099
2367433330.000,Miguel,recording,knock_twice_right,8,-0.059506,6.845066,6.923679,0.018490,-0.020374,-0.027218
2367433340.000,Miguel,recording,knock_twice_right,8,-1.642930,7.199894,6.640246,0.001948,0.041998,0.007167
2367433350.000,Miguel,recording,knock_twice_right,8,-2.127749,7.506668,6.473100,-0.013414,0.022083,0.082449
2367433360.000,Miguel,recording,knock_twice_right,8,1.500032,6.795776,6.817765,-0.020594,-0.041278,0.103933
2367433370.000,Miguel,recording,knock_twice_right,8,0.483635,6.930698,6.637288,-0.044355,-0.003751,0.044546
2367433380.000,Miguel,recording,knock_twice_right,8,1.047069,6.787466,6.954409,-0.053626,-0.003646,-0.016081
2367433390.000,Miguel,recording,knock_twice_right,8,-0.093349,6.878603,7.238934,-0.038385,0.000209,-0.014626
2367433400.000,Miguel,recording,knock_twice_right,8,0.019978,6.691187,7.322454,-0.006758,0.060429,0.024152
2367433410.000,Miguel,recording,knock_twice_right,8,0.199651,6.569825,7.359974,0.032270,0.104441,0.046962
2367433420.000,Miguel,recording,knock_twice_right,8,0.492817,6.534499,7.201112,0.056151,0.112651,0.039823
2367433430.000,Miguel,recording,knock_twice_right,8,0.708039,6.531757,7.100907,0.057441,0.101119,0.006468
2367433440.000,Miguel,recording,knock_twice_right,8,0.634669,6.623773,7.110720,0.044706,0.060448,-0.039236
2367433450.000,Miguel,recording,knock_twice_right,8,0.443695,6.695596,7.075288,0.025078,-0.004670,-0.080209
2367433460.000,Miguel,recording,knock_twice_right,8,0.137409,6.827770,7.046806,0.006902,-0.064264,-0.102742
2367433470.000,Miguel,recording,knock_twice_right,8,-0.046283,6.955754,7.034797,-0.001291,-0.095777,-0.096370
2367433480.000,Miguel,recording,knock_twice_right,8,-0.302742,7.036313,6.945454,0.000256,-0.094004,-0.066877
2367433490.000,Miguel,recording,knock_twice_right,8,-1.560383,7.262622,6.613722,-0.005575,0.002066,-0.003115
2367433500.000,Miguel,recording,knock_twice_right,8,-2.329479,7.572105,6.285563,-0.003376,0.070015,0.093876
2367433510.000,Miguel,recording,knock_twice_right,8,0.215931,7.173871,6.527844,0.007797,0.086514,0.160557
2367433520.000,Miguel,recording,knock_twice_right,8,0.287911,6.991940,6.306788,-0.000318,0.134268,0.141636
2367433530.000,Miguel,recording,knock_twice_right,8,1.148827,6.598807,6.598604,-0.021940,0.095098,0.065333
2367433540.000,Miguel,recording,knock_twice_right,8,0.416653,6.612526,6.861818,-0.054559,-0.014463,0.007002
2367433550.000,Miguel,recording,knock_twice_right,8,0.122519,6.640552,7.183163,-0.087223,-0.113074,-0.005949
2367433560.000,Miguel,recording,knock_twice_right,8,-0.048557,6.600217,7.431573,-0.100380,-0.163220,-0.001393
2367433570.000,Miguel,recording,knock_twice_right,8,0.115927,6.540920,7.496553,-0.085903,-0.154079,-0.000476
2367433580.000,Miguel,recording,knock_twice_right,8,0.347987,6.651404,7.573318,-0.040630,-0.087459,-0.005761
2367433590.000,Miguel,recording,knock_twice_right,8,0.475865,6.765479,7.604016,0.026929,0.015718,-0.019121
2367433600.000,Miguel,recording,knock_twice_right,8,0.395382,6.867349,7.483102,0.088387,0.101473,-0.038543
2367433610.000,Miguel,recording,knock_twice_right,8,0.083448,6.957790,7.234604,0.117001,0.123602,-0.054300
2367433620.000,Miguel,recording,knock_twice_right,8,-0.148022,7.041291,7.031650,0.108201,0.081971,-0.056100
2367433630.000,Miguel,recording,knock_twice_right,8,-0.271451,7.079386,6.903880,0.075554,0.005008,-0.040173
2367433640.000,Miguel,recording,knock_twice_right,8,-0.267498,7.028576,6.860403,0.037798,-0.074770,-0.013702
2367433650.000,Miguel,recording,knock_twice_right,8,-0.202831,6.904926,6.830893,0.009425,-0.127123,0.010317
2367433660.000,Miguel,recording,knock_twice_right,8,-0.069307,6.786257,6.832071,-0.001946,-0.133988,0.025785
2367433670.000,Miguel,recording,knock_twice_right,8,0.040531,6.736092,6.862306,0.002758,-0.100046,0.031927
2367433680.000,Miguel,recording,knock_twice_right,8,0.120389,6.728975,6.882089,0.018247,-0.047428,0.029753
2367433690.000,Miguel,recording,knock_twice_right,8,0.158927,6.779180,6.887164,0.036999,-0.001374,0.020639
2367433700.000,Miguel,recording,knock_twice_right,8,0.178986,6.833425,6.829370,0.051445,0.022526,0.007818
2367433710.000,Miguel,recording,knock_twice_right,8,0.154896,6.884812,6.754455,0.056124,0.023565,-0.005673
2367433720.000,Miguel,recording,knock_twice_right,8,0.081868,6.900324,6.674063,0.048033,0.008142,-0.018783
2367433730.000,Miguel,recording,knock_twice_right,8,-0.004856,6.897045,6.606130,0.030250,-0.011652,-0.028242
2367433740.000,Miguel,recording,knock_twice_right,8,-0.082471,6.895242,6.584774,0.009329,-0.024000,-0.030958
2367433750.000,Miguel,recording,knock_twice_right,8,-0.149623,6.907808,6.609384,-0.008976,-0.024688,-0.025860
2367433760.000,Miguel,recording,knock_twice_right,8,-0.184999,6.926901,6.690415,-0.021283,-0.014715,-0.014551
2367433770.000,Miguel,recording,knock_twice_right,8,-0.155695,6.957281,6.775399,-0.025786,-0.000240,-0.001354
2367433780.000,Miguel,recording,knock_twice_right,8,-0.109618,6.940582,6.851265,-0.023216,0.013772,0.008775
2367433790.000,Miguel,recording,knock_twice_right,8,-0.078728,6.927493,6.909612,-0.016843,0.025062,0.014141
2367433800.000,Miguel,recording,knock_twice_right,8,-0.053318,6.917595,6.938516,-0.010911,0.029234,0.016699
2367433810.000,Miguel,recording,knock_twice_right,8,-0.032177,6.930357,6.938883,-0.007957,0.028827,0.018622
2367433820.000,Miguel,recording,knock_twice_right,8,-0.035152,6.923477,6.930878,-0.008164,0.027612,0.020363
2367433830.000,Miguel,recording,knock_twice_right,8,-0.042795,6.928617,6.954907,-0.010985,0.023845,0.021723
2367433840.000,Miguel,recording,knock_twice_right,8,-0.048733,6.904594,6.981924,-0.014102,0.018265,0.025224
2367433850.000,Miguel,recording,knock_twice_right,8,-0.010621,6.888425,7.004294,-0.016986,0.011901,0.030091
2367433860.000,Miguel,recording,knock_twice_right,8,0.064870,6.886569,7.033102,-0.018857,0.005781,0.032651
2367433870.000,Miguel,recording,knock_twice_right,8,0.140261,6.866213,7.087843,-0.016496,-0.000741,0.030257
2367433880.000,Miguel,recording,knock_twice_right,8,0.198275,6.830735,7.100385,-0.011198,-0.007512,0.020857
2367433890.000,Miguel,recording,knock_twice_right,8,0.222300,6.802007,7.107661,-0.003746,-0.010607,0.006763
2367433900.000,Miguel,recording,knock_twice_right,8,0.176635,6.806316,7.089476,0.007239,-0.010998,-0.006202
2367433910.000,Miguel,recording,knock_twice_right,8,0.075443,6.827617,7.047975,0.019331,-0.007911,-0.012363
2367433920.000,Miguel,recording,knock_twice_right,8,-0.018208,6.853846,6.993790,0.028650,-0.000591,-0.009678
2367433930.000,Miguel,recording,knock_twice_right,8,-0.051045,6.873489,6.917543,0.033374,0.006401,-0.002050
2367433940.000,Miguel,recording,knock_twice_right,8,-0.015851,6.897931,6.862382,0.031003,0.009844,0.005369
2367433950.000,Miguel,recording,knock_twice_right,8,0.039187,6.900943,6.827587,0.022710,0.008394,0.009888
2367433960.000,Miguel,recording,knock_twice_right,8,0.071031,6.903537,6.828992,0.014075,0.003185,0.010389
2367433970.000,Miguel,recording,knock_twice_right,8,0.058743,6.897252,6.848005,0.006940,-0.005096,0.009011
2367433980.000,Miguel,recording,knock_twice_right,8,0.048812,6.885878,6.856744,0.002307,-0.014495,0.008324
2367433990.000,Miguel,recording,knock_twice_right,8,0.068162,6.857155,6.824584,-0.000269,-0.020550,0.009488
2367434000.000,Miguel,recording,knock_twice_right,8,0.102188,6.846989,6.788713,-0.003685,-0.021735,0.010383
2367434010.000,Miguel,recording,knock_twice_right,8,0.097816,6.807544,6.739406,-0.009352,-0.017450,0.009031
2367434020.000,Miguel,recording,knock_twice_right,8,0.114153,6.788602,6.752165,-0.016064,-0.010080,0.006023
2367434030.000,Miguel,recording,knock_twice_right,8,0.104037,6.770441,6.801937,-0.022358,-0.002854,0.002258
2367434040.000,Miguel,recording,knock_twice_right,8,0.083609,6.784649,6.886997,-0.026655,0.004480,-0.001772
2367434050.000,Miguel,recording,knock_twice_right,8,0.066626,6.815406,6.990980,-0.025641,0.009558,-0.005662
2367434060.000,Miguel,recording,knock_twice_right,8,0.047980,6.837340,7.058930,-0.017729,0.010637,-0.007138
2367434070.000,Miguel,recording,knock_twice_right,8,0.034955,6.873692,7.071044,-0.006911,0.009819,-0.006268
2367434080.000,Miguel,recording,knock_twice_right,8,0.037240,6.891907,7.027535,0.001289,0.008220,-0.004627
2367434090.000,Miguel,recording,knock_twice_right,8,0.037652,6.910195,6.979965,0.005217,0.006594,-0.004422
2367434100.000,Miguel,recording,knock_twice_right,8,0.034736,6.900796,6.969942,0.005099,0.003819,-0.005551
2367434110.000,Miguel,recording,knock_twice_right,8,0.025216,6.909309,6.964698,0.002871,-0.002099,-0.004679
2367434120.000,Miguel,recording,knock_twice_right,8,0.010807,6.908947,6.976642,-0.000224,-0.010725,-0.001872
2367434130.000,Miguel,recording,knock_twice_right,8,0.011639,6.891799,6.982971,-0.002839,-0.018806,0.000616
2367434140.000,Miguel,recording,knock_twice_right,8,0.025442,6.880381,6.974678,-0.004573,-0.024499,0.001460
2367434150.000,Miguel,recording,knock_twice_right,8,0.052565,6.849296,6.973753,-0.003897,-0.026125,0.000623
2367434160.000,Miguel,recording,knock_twice_right,9,0.079778,6.833183,6.997880,0.000831,-0.020060,-0.001842
2367434170.000,Miguel,recording,knock_twice_right,9,0.073028,6.825836,6.964382,0.006629,-0.008302,-0.006793
2367434180.000,Miguel,recording,knock_twice_right,9,0.033365,6.845270,6.964459,0.012781,0.004491,-0.012039
2367434190.000,Miguel,recording,knock_twice_right,9,-0.010225,6.874032,6.978269,0.018208,0.012667,-0.015022
2367434200.000,Miguel,recording,knock_twice_right,9,-0.047164,6.923501,6.947533,0.021232,0.011590,-0.013975
2367434210.000,Miguel,recording,knock_twice_right,9,-0.071711,6.958148,6.923228,0.021643,0.001182,-0.009285
2367434220.000,Miguel,recording,knock_twice_right,9,-0.064476,6.991488,6.893737,0.019709,-0.015474,-0.004405
2367434230.000,Miguel,recording,knock_twice_right,9,-0.040088,6.998481,6.838196,0.016716,-0.029976,0.000113
2367434240.000,Miguel,recording,knock_twice_right,9,0.016462,6.963800,6.758628,0.011549,-0.034753,0.005062
2367434250.000,Miguel,recording,knock_twice_right,9,0.068354,6.922792,6.704556,0.003601,-0.030748,0.008215
2367434260.000,Miguel,recording,knock_twice_right,9,0.102678,6.880360,6.696494,-0.004744,-0.020789,0.006674
2367434270.000,Miguel,recording,knock_twice_right,9,0.099181,6.850721,6.714869,-0.012322,-0.008497,0.002320
2367434280.000,Miguel,recording,knock_twice_right,9,0.051438,6.842878,6.733882,-0.018931,0.002669,-0.000333
2367434290.000,Miguel,recording,knock_twice_right,9,-0.006729,6.836788,6.784106,-0.025107,0.013222,0.000546
2367434300.000,Miguel,recording,knock_twice_right,9,-0.016408,6.851463,6.856786,-0.029060,0.023521,0.006003
2367434310.000,Miguel,recording,knock_twice_right,9,0.014772,6.866561,6.950916,-0.027887,0.030235,0.012137
2367434320.000,Miguel,recording,knock_twice_right,9,0.054903,6.879996,6.995322,-0.025112,0.030258,0.014668
2367434330.000,Miguel,recording,knock_twice_right,9,0.043078,6.891694,7.007559,-0.023800,0.023927,0.015668
2367434340.000,Miguel,recording,knock_twice_right,9,0.038045,6.896234,7.020573,-0.022694,0.012991,0.017246
2367434350.000,Miguel,recording,knock_twice_right,9,0.027197,6.875274,7.053481,-0.020155,0.002912,0.019142
2367434360.000,Miguel,recording,knock_twice_right,9,0.039889,6.841067,7.098683,-0.014895,-0.000466,0.021174
2367434370.000,Miguel,recording,knock_twice_right,9,0.042147,6.824971,7.096878,-0.008342,0.000549,0.022401
2367434380.000,Miguel,recording,knock_twice_right,9,0.043975,6.801171,7.072066,-0.001820,0.002342,0.021186
2367434390.000,Miguel,recording,knock_twice_right,9,0.092781,6.805375,7.050079,0.003443,0.003759,0.018796
2367434400.000,Miguel,recording,knock_twice_right,9,0.139870,6.830932,7.043368,0.006385,0.002068,0.015358
2367434410.000,Miguel,recording,knock_twice_right,9,0.175677,6.824923,7.000059,0.005895,-0.001999,0.009114
2367434420.000,Miguel,recording,knock_twice_right,9,0.188325,6.816808,6.951848,0.001208,-0.005970,-0.000481
2367434430.000,Miguel,recording,knock_twice_right,9,0.174959,6.801056,6.940180,-0.003980,-0.006908,-0.012231
2367434440.000,Miguel,recording,knock_twice_right,9,0.130039,6.817398,6.982521,-0.005487,-0.003734,-0.022600
2367434450.000,Miguel,recording,knock_twice_right,9,0.103923,6.849213,7.037174,-0.001108,0.002478,-0.031308
2367434460.000,Miguel,recording,knock_twice_right,9,0.073464,6.869490,7.075948,0.010351,0.010935,-0.038407
2367434470.000,Miguel,recording,knock_twice_right,9,0.023750,6.879984,7.084154,0.027449,0.018343,-0.042173
2367434480.000,Miguel,recording,knock_twice_right,9,-0.053225,6.906888,7.008248,0.040657,0.021113,-0.043759
2367434490.000,Miguel,recording,knock_twice_right,9,-0.093338,6.963508,6.895621,0.043346,0.018416,-0.042087
2367434500.000,Miguel,recording,knock_twice_right,9,-0.132133,7.003773,6.790610,0.035754,0.011484,-0.036278
2367434510.000,Miguel,recording,knock_twice_right,9,-0.153706,7.032096,6.758508,0.019168,0.001791,-0.026232
2367434520.000,Miguel,recording,knock_twice_right,9,-0.161487,7.008436,6.777663,0.000861,-0.008203,-0.012519
2367434530.000,Miguel,recording,knock_twice_right,9,-0.157262,6.980348,6.836004,-0.011890,-0.017708,0.002551
2367434540.000,Miguel,recording,knock_twice_right,9,-0.125727,6.902858,6.887275,-0.015154,-0.024625,0.014104
2367434550.000,Miguel,recording,knock_twice_right,9,-0.069336,6.850591,6.910583,-0.009618,-0.024498,0.020098
2367434560.000,Miguel,recording,knock_twice_right,9,-0.006863,6.823342,6.897118,0.001605,-0.016055,0.022623
2367434570.000,Miguel,recording,knock_twice_right,9,0.021921,6.801340,6.853840,0.013600,-0.001761,0.022779
2367434580.000,Miguel,recording,knock_twice_right,9,0.046334,6.826484,6.775763,0.021692,0.013644,0.023912
2367434590.000,Miguel,recording,knock_twice_right,9,0.062805,6.844319,6.733718,0.020309,0.025638,0.025359
2367434600.000,Miguel,recording,knock_twice_right,9,0.071255,6.867559,6.730984,0.008307,0.029511,0.025146
2367434610.000,Miguel,recording,knock_twice_right,9,0.138669,6.862569,6.760517,-0.007693,0.022004,0.023548
2367434620.000,Miguel,recording,knock_twice_right,9,0.170675,6.860232,6.819314,-0.022362,0.008293,0.018416
2367434630.000,Miguel,recording,knock_twice_right,9,0.171451,6.874998,6.905422,-0.031015,-0.003386,0.010156
2367434640.000,Miguel,recording,knock_twice_right,9,0.173193,6.873439,6.988908,-0.032127,-0.007464,0.001927
2367434650.000,Miguel,recording,knock_twice_right,9,0.142627,6.888448,6.994349,-0.028297,-0.003224,-0.003830
2367434660.000,Miguel,recording,knock_twice_right,9,0.111082,6.902232,6.998421,-0.022314,0.005090,-0.007236
2367434670.000,Miguel,recording,knock_twice_right,9,0.063492,6.895372,7.017102,-0.016027,0.015102,-0.007825
2367434680.000,Miguel,recording,knock_twice_right,9,0.021883,6.883322,7.038806,-0.010270,0.021757,-0.004240
2367434690.000,Miguel,recording,knock_twice_right,9,0.027774,6.880180,7.056789,-0.004770,0.020897,0.000440
2367434700.000,Miguel,recording,knock_twice_right,9,0.048127,6.857838,7.052035,-0.001689,0.014406,0.004068
2367434710.000,Miguel,recording,knock_twice_right,9,0.080330,6.852796,7.029025,-0.001816,0.005460,0.004811
2367434720.000,Miguel,recording,knock_twice_right,9,0.109057,6.838716,7.018825,-0.002010,-0.005347,0.002134
2367434730.000,Miguel,recording,knock_twice_right,9,0.125605,6.821469,6.989711,-0.001801,-0.015572,-0.001793
2367434740.000,Miguel,recording,knock_twice_right,9,0.121736,6.817096,6.954882,-0.003715,-0.020485,-0.006255
2367434750.000,Miguel,recording,knock_twice_right,9,0.108743,6.844428,6.947784,-0.005827,-0.021368,-0.010038
2367434760.000,Miguel,recording,knock_twice_right,9,0.101738,6.836762,6.971309,-0.004485,-0.020168,-0.013180
2367434770.000,Miguel,recording,knock_twice_right,9,0.088477,6.809801,6.970676,0.000595,-0.017240,-0.015166
2367434780.000,Miguel,recording,knock_twice_right,9,0.056769,6.793230,6.932154,0.006244,-0.012937,-0.016603
2367434790.000,Miguel,recording,knock_twice_right,9,0.039942,6.790231,6.897182,0.010573,-0.010056,-0.019567
2367434800.000,Miguel,recording,knock_twice_right,9,0.032373,6.805196,6.845453,0.013932,-0.006788,-0.023585
2367434810.000,Miguel,recording,knock_twice_right,9,0.023879,6.843181,6.798581,0.011968,-0.000370,-0.026615
2367434820.000,Miguel,recording,knock_twice_right,9,0.014926,6.892665,6.784377,0.005943,0.006460,-0.029403
2367434830.000,Miguel,recording,knock_twice_right,9,-0.016418,6.925863,6.804744,-0.001002,0.012471,-0.031523
2367434840.000,Miguel,recording,knock_twice_right,9,-0.081218,6.951691,6.850885,-0.008544,0.015190,-0.029585
2367434850.000,Miguel,recording,knock_twice_right,9,-0.152882,6.954101,6.933716,-0.012299,0.013987,-0.022164
2367434860.000,Miguel,recording,knock_twice_right,9,-0.163837,6.953102,6.979322,-0.011241,0.010964,-0.011332
2367434870.000,Miguel,recording,knock_twice_right,9,-0.141151,6.951390,7.003232,-0.008559,0.006637,-0.002215
2367434880.000,Miguel,recording,knock_twice_right,9,-0.113200,6.935737,6.989527,-0.005543,0.001421,0.002132
2367434890.000,Miguel,recording,knock_twice_right,9,-0.071544,6.894296,6.976747,-0.001851,-0.004155,0.003069
2367434900.000,Miguel,recording,knock_twice_right,9,-0.043142,6.894822,6.953516,0.001598,-0.009038,0.001925
2367434910.000,Miguel,recording,knock_twice_right,9,-0.031809,6.891287,6.927163,0.005179,-0.010370,0.000184
2367434920.000,Miguel,recording,knock_twice_right,9,-0.044570,6.901790,6.889327,0.007687,-0.006777,0.000515
2367434930.000,Miguel,recording,knock_twice_right,9,-0.050347,6.917312,6.843353,0.005906,0.002275,0.003357
2367434940.000,Miguel,recording,knock_twice_right,9,-0.061076,6.922775,6.859335,0.000304,0.012394,0.008522
2367434950.000,Miguel,recording,knock_twice_right,9,-0.038169,6.923343,6.909909,-0.006460,0.017341,0.014136
2367434960.000,Miguel,recording,knock_twice_right,9,-0.003171,6.915407,6.948361,-0.011319,0.015333,0.016143
2367434970.000,Miguel,recording,knock_twice_right,9,0.015294,6.908724,6.992837,-0.012287,0.009230,0.015165
2367434980.000,Miguel,recording,knock_twice_right,9,0.018706,6.893671,7.017044,-0.010277,0.003111,0.013751
2367434990.000,Miguel,recording,knock_twice_right,9,0.008813,6.879912,7.001611,-0.007498,0.000058,0.013663
2367435000.000,Miguel,recording,knock_twice_right,9,0.021876,6.877105,6.997114,-0.003327,0.000209,0.015425
2367435010.000,Miguel,recording,knock_twice_right,9,0.039403,6.859227,7.021845,0.002677,0.002435,0.017457
2367435020.000,Miguel,recording,knock_twice_right,9,0.062248,6.840025,7.012365,0.011557,0.005258,0.017804
2367435030.000,Miguel,recording,knock_twice_right,9,0.104927,6.826420,6.951317,0.018910,0.006281,0.015869
2367435040.000,Miguel,recording,knock_twice_right,9,0.135542,6.837690,6.886166,0.018441,0.006673,0.011437
2367435050.000,Miguel,recording,knock_twice_right,9,0.118213,6.836075,6.861376,0.012123,0.005967,0.006986
2367435060.000,Miguel,recording,knock_twice_right,9,0.105658,6.830608,6.860453,0.003239,0.003565,0.004680
2367435070.000,Miguel,recording,knock_twice_right,9,0.078812,6.846919,6.880638,-0.005229,0.001832,0.003144
2367435080.000,Miguel,recording,knock_twice_right,9,0.084007,6.849042,6.921125,-0.010235,0.001069,0.001884
2367435090.000,Miguel,recording,knock_twice_right,9,0.081404,6.838525,6.941566,-0.009494,0.000756,0.001317
2367435100.000,Miguel,recording,knock_twice_right,9,0.088402,6.821217,6.964997,-0.005168,0.003531,0.001658
2367435110.000,Miguel,recording,knock_twice_right,9,0.111519,6.803077,6.949978,-0.000449,0.010423,0.000414
2367435120.000,Miguel,recording,knock_twice_right,9,0.116534,6.802054,6.945784,0.002842,0.016611,-0.003397
2367435130.000,Miguel,recording,knock_twice_right,9,0.092588,6.814448,6.976563,0.004882,0.018241,-0.008420
2367435140.000,Miguel,recording,knock_twice_right,9,0.040812,6.827885,6.994427,0.005748,0.015337,-0.011631
2367435150.000,Miguel,recording,knock_twice_right,9,0.010680,6.856059,7.041164,0.006979,0.006603,-0.013021
2367435160.000,Miguel,recording,knock_twice_right,9,-0.001287,6.881295,7.046996,0.008717,-0.005699,-0.013573
2367435170.000,Miguel,recording,knock_twice_right,9,0.003585,6.888489,7.009167,0.009234,-0.015501,-0.013805
2367435180.000,Miguel,recording,knock_twice_right,9,0.023900,6.901280,6.985990,0.010579,-0.022170,-0.014766
2367435190.000,Miguel,recording,knock_twice_right,9,0.032246,6.898098,6.934410,0.012969,-0.025393,-0.015812
2367435200.000,Miguel,recording,knock_twice_right,9,0.012256,6.899945,6.898262,0.014392,-0.022105,-0.014845
2367435210.000,Miguel,recording,knock_twice_right,9,-0.017059,6.895739,6.836352,0.015287,-0.013115,-0.012302
2367435220.000,Miguel,recording,knock_twice_right,9,-0.023881,6.910987,6.796442,0.013648,-0.002712,-0.008768
2367435230.000,Miguel,recording,knock_twice_right,9,-0.021975,6.897128,6.766491,0.007016,0.006402,-0.003636
2367435240.000,Miguel,recording,knock_twice_right,9,-0.003393,6.884299,6.784814,-0.000821,0.011953,-0.002107
2367435250.000,Miguel,recording,knock_twice_right,9,-0.010384,6.863783,6.829509,-0.007624,0.012616,-0.005317
2367435260.000,Miguel,recording,knock_twice_right,9,-0.038688,6.872650,6.885285,-0.012999,0.010414,-0.008994
2367435270.000,Miguel,recording,knock_twice_right,9,-0.058365,6.896816,6.950850,-0.014239,0.006692,-0.009526
2367435280.000,Miguel,recording,knock_twice_right,9,-0.058564,6.897106,7.006416,-0.010586,0.003796,-0.006445
2367435290.000,Miguel,recording,knock_twice_right,9,-0.051885,6.909069,7.011578,-0.004696,0.001929,-0.002595
2367435300.000,Miguel,recording,knock_twice_right,9,-0.062048,6.924184,6.985270,0.000960,-0.000315,0.000322
2367435310.000,Miguel,recording,knock_twice_right,9,-0.047559,6.908064,6.955657,0.004693,-0.001370,0.002205
2367435320.000,Miguel,recording,knock_twice_right,9,-0.039444,6.900493,6.942826,0.008046,-0.000345,0.003891
2367435330.000,Miguel,recording,knock_twice_right,9,-0.035051,6.893055,6.906659,0.010148,0.001051,0.004368
2367435340.000,Miguel,recording,knock_twice_right,9,-0.042734,6.915325,6.875578,0.007293,0.004879,0.003663
2367435350.000,Miguel,recording,knock_twice_right,9,-0.069402,6.924256,6.892915,0.003482,0.009328,0.003883
2367435360.000,Miguel,recording,knock_twice_right,9,-0.074795,6.919046,6.938888,0.003159,0.010520,0.007491
2367435370.000,Miguel,recording,knock_twice_right,9,-0.056368,6.922997,6.947354,0.004326,0.009763,0.012744
2367435380.000,Miguel,recording,knock_twice_right,9,-0.040958,6.895625,6.939635,0.004609,0.007912,0.016073
2367435390.000,Miguel,recording,knock_twice_right,9,-0.025117,6.873778,6.947151,0.004993,0.005287,0.017504
2367435400.000,Miguel,recording,knock_twice_right,9,-0.011255,6.858595,6.956063,0.006034,0.002327,0.018378
2367435410.000,Miguel,recording,knock_twice_right,9,0.010336,6.857977,6.986355,0.006830,0.000670,0.018176
2367435420.000,Miguel,recording,knock_twice_right,9,-0.008131,6.869753,6.978387,0.008621,0.000253,0.016600
2367435430.000,Miguel,recording,knock_twice_right,9,-0.019974,6.885287,6.951085,0.011801,0.000978,0.016986
2367435440.000,Miguel,recording,knock_twice_right,9,-0.020475,6.890130,6.908829,0.014172,0.002518,0.020137
2367435450.000,Miguel,recording,knock_twice_right,9,0.020915,6.899019,6.900267,0.014940,0.004396,0.023714
2367435460.000,Miguel,recording,knock_twice_right,9,0.070307,6.899882,6.887654,0.014353,0.005563,0.024479
2367435470.000,Miguel,recording,knock_twice_right,9,0.086216,6.885470,6.892751,0.011720,0.005783,0.022411
2367435480.000,Miguel,recording,knock_twice_right,9,0.099077,6.855550,6.877100,0.007535,0.004100,0.020187
2367435490.000,Miguel,recording,knock_twice_right,9,0.090168,6.849601,6.881492,0.002968,0.000363,0.018322
2367435500.000,Miguel,recording,knock_twice_right,9,0.080797,6.847328,6.895332,-0.000839,-0.004298,0.015451
2367435510.000,Miguel,recording,knock_twice_right,9,0.065795,6.827390,6.888582,-0.002847,-0.009636,0.011780
2367435520.000,Miguel,recording,knock_twice_right,9,0.059244,6.821959,6.878092,-0.003402,-0.013270,0.010651
2367435530.000,Miguel,recording,knock_twice_right,9,0.104642,6.837173,6.867291,-0.003310,-0.014840,0.011408
2367435540.000,Miguel,recording,knock_twice_right,9,0.170506,6.841337,6.852834,-0.004978,-0.013183,0.009214
2367435550.000,Miguel,recording,knock_twice_right,9,0.193661,6.836074,6.847109,-0.007274,-0.006208,0.003170
2367435560.000,Miguel,recording,knock_twice_right,9,0.159281,6.855452,6.881676,-0.007470,0.006999,-0.004064
2367435570.000,Miguel,recording,knock_twice_right,9,0.101314,6.883151,6.957022,-0.004288,0.022526,-0.009714
2367435580.000,Miguel,recording,knock_twice_right,9,0.041724,6.907250,7.021879,0.000752,0.032876,-0.010207
2367435590.000,Miguel,recording,knock_twice_right,9,-0.021876,6.944065,7.052078,0.004289,0.035365,-0.005317
2367435600.000,Miguel,recording,knock_twice_right,9,-0.026041,6.988276,7.054531,0.005836,0.029537,0.000583
2367435610.000,Miguel,recording,knock_twice_right,9,-0.022839,6.970219,7.062870,0.004433,0.016150,0.006487
2367435620.000,Miguel,recording,knock_twice_right,9,0.002226,6.922199,7.076703,0.002231,-0.000072,0.011507
2367435630.000,Miguel,recording,knock_twice_right,9,0.039190,6.866683,7.073413,0.002074,-0.015104,0.013760
2367435640.000,Miguel,recording,knock_twice_right,9,0.073325,6.812024,7.070562,0.007290,-0.024797,0.011193
2367435650.000,Miguel,recording,knock_twice_right,9,0.106757,6.796903,7.032202,0.019440,-0.026401,0.003476
2367435660.000,Miguel,recording,knock_twice_right,9,0.102113,6.791944,6.953699,0.032197,-0.019889,-0.005139
2367435670.000,Miguel,recording,knock_twice_right,9,0.073449,6.817262,6.848565,0.040909,-0.008493,-0.012580
2367435680.000,Miguel,recording,knock_twice_right,9,0.025860,6.863941,6.756783,0.043288,0.001785,-0.017080
2367435690.000,Miguel,recording,knock_twice_right,9,-0.009303,6.908692,6.708638,0.038036,0.008152,-0.015837
2367435700.000,Miguel,recording,knock_twice_right,9,-0.019691,6.925466,6.681636,0.027836,0.010911,-0.010414
2367435710.000,Miguel,recording,knock_twice_right,9,-0.019751,6.930215,6.730732,0.014891,0.010878,-0.004606
2367435720.000,Miguel,recording,knock_twice_right,9,-0.004992,6.935887,6.765567,0.000804,0.010168,-0.001944
2367435730.000,Miguel,recording,knock_twice_right,9,0.013839,6.945902,6.847869,-0.009435,0.007803,-0.001729
2367435740.000,Miguel,recording,knock_twice_right,9,0.009067,6.934723,6.932511,-0.009895,0.003482,-0.001440
2367435750.000,Miguel,recording,knock_twice_right,9,-0.008436,6.924000,6.979495,-0.002777,0.000005,-0.000422
2367435760.000,Miguel,recording,knock_twice_right,9,-0.016805,6.911164,6.941139,0.003627,-0.003286,0.001219
2367435770.000,Miguel,recording,knock_twice_right,9,-0.017277,6.918675,6.903979,0.005929,-0.005655,0.002273
2367435780.000,Miguel,recording,knock_twice_right,9,-0.017452,6.928927,6.898235,0.004796,-0.006694,0.003603
2367435790.000,Miguel,recording,knock_twice_right,9,-0.009250,6.928406,6.894060,0.001831,-0.008867,0.005956
2367435800.000,Miguel,recording,knock_twice_right,9,-0.000020,6.926958,6.882399,-0.001307,-0.011921,0.009391
2367435810.000,Miguel,recording,knock_twice_right,9,0.018691,6.900465,6.882739,-0.003905,-0.013062,0.012453
2367435820.000,Miguel,recording,knock_twice_right,9,0.067003,6.878881,6.904334,-0.005062,-0.014374,0.013537
2367435830.000,Miguel,recording,knock_twice_right,9,0.083614,6.869837,6.893354,-0.003518,-0.014406,0.012494
2367435840.000,Miguel,recording,knock_twice_right,9,0.106566,6.865996,6.872024,-0.000394,-0.009730,0.010217
2367435850.000,Miguel,recording,knock_twice_right,9,0.127716,6.877282,6.850133,0.000214,-0.002491,0.007396
2367435860.000,Miguel,recording,knock_twice_right,9,0.107712,6.874426,6.846335,-0.000763,0.006096,0.002902
2367435870.000,Miguel,recording,knock_twice_right,9,0.081857,6.853676,6.893129,-0.000392,0.012964,-0.002092
2367435880.000,Miguel,recording,knock_twice_right,9,0.053860,6.846287,6.948369,0.000978,0.013127,-0.006415
2367435890.000,Miguel,recording,knock_twice_right,9,0.033683,6.871482,6.945144,0.003082,0.008021,-0.010098
2367435900.000,Miguel,recording,knock_twice_right,9,-0.001935,6.910472,6.903743,0.004943,0.002009,-0.011186
2367435910.000,Miguel,recording,knock_twice_right,9,-0.034444,6.946624,6.828315,0.002602,-0.001026,-0.007516
2367435920.000,Miguel,recording,knock_twice_right,9,-0.036848,6.974087,6.803902,-0.004406,-0.001129,-0.000186
2367435930.000,Miguel,recording,knock_twice_right,9,-0.010014,6.952353,6.824294,-0.012718,-0.000493,0.006498
2367435940.000,Miguel,recording,knock_twice_right,9,0.017597,6.928172,6.885981,-0.020601,0.000379,0.009498
2367435950.000,Miguel,recording,knock_twice_right,9,0.045717,6.893683,6.982078,-0.023017,0.000806,0.008410
2367435960.000,Miguel,recording,knock_twice_right,9,0.055801,6.856246,7.074715,-0.015215,0.000102,0.005732
2367435970.000,Miguel,recording,knock_twice_right,9,0.053231,6.820205,7.086727,-0.001151,0.000323,0.002444
2367435980.000,Miguel,recording,knock_twice_right,9,0.040529,6.830444,7.029908,0.013326,0.002476,-0.001961
2367435990.000,Miguel,recording,knock_twice_right,9,0.017373,6.857568,6.948992,0.024261,0.004413,-0.005761
2367436000.000,Miguel,recording,knock_twice_right,9,0.003105,6.888195,6.865164,0.026797,0.004989,-0.006889
2367436010.000,Miguel,recording,knock_twice_right,9,-0.002430,6.928103,6.793298,0.022423,0.003747,-0.004981
2367436020.000,Miguel,recording,knock_twice_right,9,-0.017334,6.972209,6.760565,0.013214,0.001088,-0.001682
2367436030.000,Miguel,recording,knock_twice_right,9,-0.043466,6.984220,6.781872,0.001312,-0.002471,0.002458
2367436040.000,Miguel,recording,knock_twice_right,9,-0.041923,6.962620,6.826477,-0.007954,-0.006165,0.007575
2367436050.000,Miguel,recording,knock_twice_right,9,-0.013974,6.940627,6.875728,-0.013522,-0.008138,0.011385
2367436060.000,Miguel,recording,knock_twice_right,9,0.006594,6.923318,6.928752,-0.015066,-0.008402,0.013069
2367436070.000,Miguel,recording,knock_twice_right,9,0.008743,6.898722,6.953608,-0.012720,-0.008157,0.013754
2367436080.000,Miguel,recording,knock_twice_right,9,0.023263,6.896388,6.945309,-0.009187,-0.007462,0.013166
2367436090.000,Miguel,recording,knock_twice_right,9,0.055314,6.884037,6.927781,-0.005510,-0.007688,0.011412
2367436100.000,Miguel,recording,knock_twice_right,9,0.073790,6.878609,6.910309,-0.003538,-0.010737,0.010554
2367436110.000,Miguel,recording,knock_twice_right,9,0.078767,6.871803,6.875208,-0.004153,-0.012532,0.010218
2367436120.000,Miguel,recording,knock_twice_right,9,0.099793,6.884008,6.886992,-0.005119,-0.008657,0.008913
2367436130.000,Miguel,recording,knock_twice_right,9,0.111724,6.878189,6.903785,-0.004977,-0.002038,0.007997
2367436140.000,Miguel,recording,knock_twice_right,9,0.111205,6.880828,6.941784,-0.001982,0.005122,0.005557
2367436150.000,Miguel,recording,knock_twice_right,9,0.084960,6.876842,6.962503,0.002383,0.011305,0.000352
2367436160.000,Miguel,recording,knock_twice_right,9,0.066366,6.890377,6.961073,0.006164,0.012344,-0.003878
2367436170.000,Miguel,recording,knock_twice_right,9,0.048404,6.905898,6.930728,0.006699,0.007115,-0.004879
2367436180.000,Miguel,recording,knock_twice_right,9,0.037829,6.910715,6.875441,0.002482,-0.002147,-0.003772
2367436190.000,Miguel,recording,knock_twice_right,9,0.035646,6.908308,6.861538,-0.003678,-0.012608,-0.002898
2367436200.000,Miguel,recording,knock_twice_right,9,0.035694,6.892593,6.870102,-0.007420,-0.019152,-0.001356
2367436210.000,Miguel,recording,knock_twice_right,9,0.048567,6.873566,6.874928,-0.006995,-0.017927,0.001385
2367436220.000,Miguel,recording,knock_twice_right,9,0.095796,6.855533,6.882597,-0.002883,-0.008956,0.004134
2367436230.000,Miguel,recording,knock_twice_right,9,0.137208,6.841760,6.891657,0.002876,0.006113,0.005099
2367436240.000,Miguel,recording,knock_twice_right,9,0.171719,6.825307,6.906880,0.007590,0.020466,0.002288
2367436250.000,Miguel,recording,knock_twice_right,9,0.184428,6.830701,6.923300,0.010279,0.026681,-0.003764
2367436260.000,Miguel,recording,knock_twice_right,9,0.180175,6.848210,6.909938,0.009402,0.024837,-0.011857
2367436270.000,Miguel,recording,knock_twice_right,9,0.170341,6.881482,6.914085,0.005673,0.016184,-0.020256
2367436280.000,Miguel,recording,knock_twice_right,9,0.129672,6.887038,6.916607,0.002143,0.003291,-0.027565
2367436290.000,Miguel,recording,knock_twice_right,9,0.077874,6.888266,6.906405,0.000827,-0.007940,-0.030872
2367436300.000,Miguel,recording,knock_twice_right,9,0.055058,6.888136,6.876236,0.000045,-0.012992,-0.030480
2367436310.000,Miguel,recording,knock_twice_right,9,0.048470,6.904272,6.832891,-0.002320,-0.012458,-0.028998
2367436320.000,Miguel,recording,knock_twice_right,9,0.049781,6.898138,6.808286,-0.006081,-0.008809,-0.027125
2367436330.000,Miguel,recording,knock_twice_right,9,-0.009955,6.875035,6.816484,-0.010163,-0.001830,-0.023671
2367436340.000,Miguel,recording,knock_twice_right,9,-0.796006,7.004849,6.642397,-0.022164,0.078681,-0.015647
2367436350.000,Miguel,recording,knock_twice_right,9,-1.412065,7.324305,6.516231,-0.027676,0.090758,0.031560
2367436360.000,Miguel,recording,knock_twice_right,9,0.452160,7.126835,6.965361,-0.022086,0.007838,0.077292
2367436370.000,Miguel,recording,knock_twice_right,9,0.667228,6.796549,6.985979,-0.032683,-0.003932,0.052865
2367436380.000,Miguel,recording,knock_twice_right,9,0.688184,6.768228,6.981326,-0.046062,-0.023339,0.002378
2367436390.000,Miguel,recording,knock_twice_right,9,0.038834,6.707877,7.144728,-0.047290,-0.048745,-0.022090
2367436400.000,Miguel,recording,knock_twice_right,9,0.200118,6.668035,7.242687,-0.033179,-0.025263,-0.021690
2367436410.000,Miguel,recording,knock_twice_right,9,0.249439,6.817093,7.383500,0.002188,0.014118,-0.021165
2367436420.000,Miguel,recording,knock_twice_right,9,0.269472,6.793227,7.283636,0.037111,0.039525,-0.028524
2367436430.000,Miguel,recording,knock_twice_right,9,0.151097,6.780739,7.137001,0.056442,0.048191,-0.039433
2367436440.000,Miguel,recording,knock_twice_right,9,0.103651,6.855911,7.056272,0.062886,0.037622,-0.049740
2367436450.000,Miguel,recording,knock_twice_right,9,0.013588,6.989519,6.909321,0.054368,0.007194,-0.054115
2367436460.000,Miguel,recording,knock_twice_right,9,-0.086746,7.047464,6.805489,0.033399,-0.033490,-0.048936
2367436470.000,Miguel,recording,knock_twice_right,9,-0.140653,7.011004,6.747545,0.012671,-0.066021,-0.035193
2367436480.000,Miguel,recording,knock_twice_right,9,-0.683789,7.059140,6.579768,-0.006278,-0.020949,-0.023972
2367436490.000,Miguel,recording,knock_twice_right,9,-1.254324,7.302903,6.387159,-0.016025,0.014984,0.018311
2367436500.000,Miguel,recording,knock_twice_right,9,-0.340100,7.303774,6.615296,-0.012583,0.006152,0.078252
2367436510.000,Miguel,recording,knock_twice_right,9,-0.108217,6.995527,6.630375,-0.013383,0.040786,0.090076
2367436520.000,Miguel,recording,knock_twice_right,9,0.374145,6.838012,6.648989,-0.018033,0.049633,0.065055
2367436530.000,Miguel,recording,knock_twice_right,9,0.318408,6.736486,6.815180,-0.024908,0.020882,0.040132
2367436540.000,Miguel,recording,knock_twice_right,9,0.281884,6.798025,6.973092,-0.036228,-0.006980,0.029463
2367436550.000,Miguel,recording,knock_twice_right,9,0.067062,6.798035,7.160322,-0.044774,-0.029097,0.026037
2367436560.000,Miguel,recording,knock_twice_right,9,0.109550,6.684022,7.207018,-0.043899,-0.040408,0.022982
2367436570.000,Miguel,recording,knock_twice_right,9,0.216744,6.731566,7.277372,-0.024902,-0.032418,0.017239
2367436580.000,Miguel,recording,knock_twice_right,9,0.306250,6.801462,7.297924,0.007028,-0.002586,0.006696
2367436590.000,Miguel,recording,knock_twice_right,9,0.232455,6.876614,7.194448,0.036847,0.029252,-0.004649
2367436600.000,Miguel,recording,knock_twice_right,9,0.083380,6.919162,7.025920,0.051778,0.038302,-0.009568
2367436610.000,Miguel,recording,knock_twice_right,9,-0.011409,6.955698,6.899091,0.047002,0.023551,-0.006333
2367436620.000,Miguel,recording,knock_twice_right,9,-0.014337,7.011412,6.808558,0.029303,-0.002285,0.004118
2367436630.000,Miguel,recording,knock_twice_right,9,0.046796,6.997571,6.785926,0.008896,-0.028075,0.015534
2367436640.000,Miguel,recording,knock_twice_right,9,0.107374,6.904850,6.837570,-0.005987,-0.042414,0.021338
2367436650.000,Miguel,recording,knock_twice_right,9,0.160399,6.795810,6.883990,-0.011092,-0.042137,0.019991
2367436660.000,Miguel,recording,knock_twice_right,9,0.179347,6.769082,6.953973,-0.006972,-0.030161,0.013319
2367436670.000,Miguel,recording,knock_twice_right,9,0.181776,6.775242,6.959018,0.003048,-0.014990,0.004297
2367436680.000,Miguel,recording,knock_twice_right,9,0.163530,6.783942,6.947239,0.013921,-0.005082,-0.004230
2367436690.000,Miguel,recording,knock_twice_right,9,0.137715,6.807730,6.900401,0.019489,-0.001079,-0.011575
2367436700.000,Miguel,recording,knock_twice_right,9,0.115863,6.841698,6.873995,0.019786,-0.002352,-0.019218
2367436710.000,Miguel,recording,knock_twice_right,9,0.091222,6.865541,6.838635,0.017104,-0.004591,-0.027074
2367436720.000,Miguel,recording,knock_twice_right,9,0.036184,6.911744,6.828962,0.013758,-0.004766,-0.033841
2367436730.000,Miguel,recording,knock_twice_right,9,-0.025507,6.962406,6.837522,0.012499,-0.005340,-0.036015
2367436740.000,Miguel,recording,knock_twice_right,9,-0.095859,7.003895,6.829960,0.012297,-0.006496,-0.032789
2367436750.000,Miguel,recording,knock_twice_right,9,-0.140699,7.041903,6.782075,0.010224,-0.005878,-0.022711
2367436760.000,Miguel,recording,knock_twice_right,9,-0.145346,7.089372,6.724419,0.003991,-0.003509,-0.006562
2367436770.000,Miguel,recording,knock_twice_right,9,-0.129684,7.063718,6.685287,-0.006811,-0.000325,0.008553
2367436780.000,Miguel,recording,knock_twice_right,9,-0.085898,7.003535,6.717315,-0.020894,0.002874,0.018859
2367436790.000,Miguel,recording,knock_twice_right,9,-0.043106,6.931498,6.806960,-0.032074,0.006068,0.023381
2367436800.000,Miguel,recording,knock_twice_right,9,-0.020898,6.873233,6.942640,-0.034154,0.009853,0.023767
2367436810.000,Miguel,recording,knock_twice_right,9,-0.000775,6.839577,7.038644,-0.026649,0.012750,0.022636
2367436820.000,Miguel,recording,knock_twice_right,9,-0.000864,6.840414,7.078134,-0.012441,0.014616,0.020917
2367436830.000,Miguel,recording,knock_twice_right,9,0.011399,6.855529,7.030507,0.000932,0.013982,0.019538
2367436840.000,Miguel,recording,knock_twice_right,9,0.075354,6.881545,6.963641,0.008438,0.010121,0.016595
2367436850.000,Miguel,recording,knock_twice_right,9,0.096074,6.909747,6.921435,0.008736,0.005920,0.013170
2367436860.000,Miguel,recording,knock_twice_right,9,0.119513,6.914355,6.897713,0.003097,0.002561,0.009571
2367436870.000,Miguel,recording,knock_twice_right,9,0.122926,6.913775,6.911830,-0.001718,-0.001823,0.005894
2367436880.000,Miguel,recording,knock_twice_right,9,0.094422,6.890529,6.950933,-0.003279,-0.005605,0.004210
2367436890.000,Miguel,recording,knock_twice_right,9,0.091331,6.895053,6.956767,-0.002139,-0.003550,0.003524
2367436900.000,Miguel,recording,knock_twice_right,9,0.079176,6.881953,6.941231,0.002821,0.001656,0.002082
2367436910.000,Miguel,recording,knock_twice_right,9,0.086553,6.880061,6.916795,0.008125,0.007053,0.001395
2367436920.000,Miguel,recording,knock_twice_right,9,0.088112,6.875265,6.900915,0.009385,0.011535,0.001408
2367436930.000,Miguel,recording,knock_twice_right,9,0.073002,6.898353,6.884339,0.006326,0.012959,0.001430
2367436940.000,Miguel,recording,knock_twice_right,9,0.055198,6.917520,6.892795,0.001881,0.010321,0.002311
2367436950.000,Miguel,recording,knock_twice_right,9,0.051421,6.918471,6.915231,-0.001633,0.004026,0.005062
2367436960.000,Miguel,recording,knock_twice_right,9,0.049736,6.907244,6.921088,-0.003775,-0.003595,0.009575
2367436970.000,Miguel,recording,knock_twice_right,9,0.075845,6.883475,6.918289,-0.005559,-0.010589,0.013724
2367436980.000,Miguel,recording,knock_twice_right,9,0.133932,6.864595,6.888263,-0.006954,-0.014912,0.015890
2367436990.000,Miguel,recording,knock_twice_right,9,0.195749,6.842095,6.879522,-0.007580,-0.015334,0.013051
2367437000.000,Miguel,recording,knock_twice_right,9,0.207900,6.818431,6.897682,-0.006092,-0.011616,0.006044
2367437010.000,Miguel,recording,knock_twice_right,9,0.223173,6.795357,6.939504,-0.000419,-0.003967,-0.002791
2367437020.000,Miguel,recording,knock_twice_right,9,0.211406,6.809267,6.950865,0.007539,0.006311,-0.012961
2367437030.000,Miguel,recording,knock_twice_right,9,0.179867,6.823923,6.927009,0.015016,0.015154,-0.021994
2367437040.000,Miguel,recording,knock_twice_right,9,0.125368,6.841654,6.906556,0.019268,0.017386,-0.029249
2367437050.000,Miguel,recording,knock_twice_right,9,0.056367,6.878320,6.867799,0.017617,0.011191,-0.033939
2367437060.000,Miguel,recording,knock_twice_right,9,-0.009400,6.917876,6.830785,0.009393,-0.001493,-0.034825
2367437070.000,Miguel,recording,knock_twice_right,9,-0.039558,6.954973,6.828321,0.000198,-0.015617,-0.033640
2367437080.000,Miguel,recording,knock_twice_right,9,-0.071444,6.966490,6.854201,-0.006061,-0.023284,-0.028683
2367437090.000,Miguel,recording,knock_twice_right,9,-0.079161,6.977165,6.881051,-0.008785,-0.019559,-0.019045
2367437100.000,Miguel,recording,knock_twice_right,9,-0.050309,6.977151,6.887556,-0.007869,-0.007571,-0.008961
2367437110.000,Miguel,recording,knock_twice_right,9,-0.018718,6.954094,6.904753,-0.005000,0.005994,-0.004054
2367437120.000,Miguel,recording,knock_twice_right,9,-0.033780,6.939101,6.938425,-0.002749,0.015421,-0.003203
2367437130.000,Miguel,recording,knock_twice_right,9,-0.075521,6.916928,6.959326,-0.002054,0.017522,-0.003815
2367437140.000,Miguel,recording,knock_twice_right,9,-0.083371,6.905946,7.011400,-0.000632,0.011249,-0.002995
2367437150.000,Miguel,recording,knock_twice_right,9,-0.065855,6.896598,7.008762,0.002932,-0.000017,0.000315
2367437160.000,Miguel,recording,knock_twice_right,9,-0.034100,6.893374,6.982975,0.008699,-0.011708,0.002226
2367437170.000,Miguel,recording,knock_twice_right,9,0.008009,6.915706,6.921273,0.012860,-0.021675,0.002166
2367437180.000,Miguel,recording,knock_twice_right,9,0.019578,6.933653,6.877353,0.012091,-0.026447,0.000052
2367437190.000,Miguel,recording,knock_twice_right,10,-0.003884,6.951497,6.841319,0.008920,-0.023210,-0.000715
2367437200.000,Miguel,recording,knock_twice_right,10,-0.016782,6.965156,6.833969,0.007408,-0.013607,0.001887
2367437210.000,Miguel,recording,knock_twice_right,10,-0.012448,6.959341,6.835047,0.007647,-0.002333,0.007550
2367437220.000,Miguel,recording,knock_twice_right,10,0.007034,6.930305,6.849189,0.008703,0.008343,0.012267
2367437230.000,Miguel,recording,knock_twice_right,10,0.021938,6.912272,6.833018,0.008333,0.015789,0.012654
2367437240.000,Miguel,recording,knock_twice_right,10,0.046603,6.893265,6.817661,0.004932,0.017620,0.010623
2367437250.000,Miguel,recording,knock_twice_right,10,0.032422,6.896225,6.804739,-0.001643,0.015926,0.008166
2367437260.000,Miguel,recording,knock_twice_right,10,0.020129,6.907915,6.845485,-0.008836,0.012706,0.007031
2367437270.000,Miguel,recording,knock_twice_right,10,0.003187,6.909465,6.902185,-0.011841,0.006846,0.008018
2367437280.000,Miguel,recording,knock_twice_right,10,0.000314,6.913943,6.955466,-0.011868,0.000323,0.010850
2367437290.000,Miguel,recording,knock_twice_right,10,0.032344,6.917278,6.937557,-0.012650,-0.004432,0.014538
2367437300.000,Miguel,recording,knock_twice_right,10,0.084213,6.900005,6.925723,-0.013619,-0.007088,0.016548
2367437310.000,Miguel,recording,knock_twice_right,10,0.096357,6.874690,6.948004,-0.012342,-0.006208,0.015935
2367437320.000,Miguel,recording,knock_twice_right,10,0.085909,6.857656,6.980156,-0.007900,-0.002767,0.014986
2367437330.000,Miguel,recording,knock_twice_right,10,0.100633,6.870997,6.979185,-0.000566,-0.000238,0.013386
2367437340.000,Miguel,recording,knock_twice_right,10,0.125644,6.872242,6.960250,0.006386,0.000861,0.011184
2367437350.000,Miguel,recording,knock_twice_right,10,0.157074,6.862412,6.910317,0.009810,0.002462,0.007542
2367437360.000,Miguel,recording,knock_twice_right,10,0.166042,6.865151,6.847692,0.008631,0.004375,0.002365
2367437370.000,Miguel,recording,knock_twice_right,10,0.149185,6.866561,6.845510,0.004438,0.005273,-0.003517
2367437380.000,Miguel,recording,knock_twice_right,10,0.131112,6.874760,6.876994,0.000693,0.003310,-0.008843
2367437390.000,Miguel,recording,knock_twice_right,10,0.110474,6.884975,6.916750,-0.001279,-0.000282,-0.012403
2367437400.000,Miguel,recording,knock_twice_right,10,0.061131,6.890224,6.922578,-0.002103,-0.002272,-0.013088
2367437410.000,Miguel,recording,knock_twice_right,10,0.051653,6.914125,6.911376,-0.002436,-0.002538,-0.010982
2367437420.000,Miguel,recording,knock_twice_right,10,0.044563,6.932870,6.931881,-0.001709,-0.001717,-0.008468
2367437430.000,Miguel,recording,knock_twice_right,10,0.011006,6.914537,6.975836,-0.000473,0.001270,-0.004994
2367437440.000,Miguel,recording,knock_twice_right,10,-0.019465,6.924786,6.994982,0.003855,0.002447,-0.002216
2367437450.000,Miguel,recording,knock_twice_right,10,-0.013178,6.909313,6.983620,0.011757,0.000308,0.000169
2367437460.000,Miguel,recording,knock_twice_right,10,-0.012155,6.918912,6.959075,0.019544,-0.000503,0.003277
2367437470.000,Miguel,recording,knock_twice_right,10,0.004668,6.910041,6.903072,0.023951,0.000897,0.005878
2367437480.000,Miguel,recording,knock_twice_right,10,0.029777,6.939315,6.829614,0.022360,0.002805,0.008490
2367437490.000,Miguel,recording,knock_twice_right,10,0.042593,6.958494,6.796157,0.014172,0.003383,0.010548
2367437500.000,Miguel,recording,knock_twice_right,10,0.047442,6.954599,6.795070,0.000935,0.000143,0.011756
2367437510.000,Miguel,recording,knock_twice_right,10,0.053905,6.929309,6.843348,-0.011099,-0.008152,0.012570
2367437520.000,Miguel,recording,knock_twice_right,10,0.077558,6.898053,6.930041,-0.017388,-0.017631,0.012348
2367437530.000,Miguel,recording,knock_twice_right,10,0.140260,6.862435,6.977740,-0.015969,-0.023723,0.009028
2367437540.000,Miguel,recording,knock_twice_right,10,0.173838,6.797833,7.022138,-0.006073,-0.023184,0.000460
2367437550.000,Miguel,recording,knock_twice_right,10,0.157422,6.791811,7.000240,0.008312,-0.015160,-0.010034
2367437560.000,Miguel,recording,knock_twice_right,10,0.116140,6.811335,6.944086,0.022851,-0.003096,-0.016618
2367437570.000,Miguel,recording,knock_twice_right,10,0.079046,6.867959,6.878413,0.032383,0.008030,-0.019458
2367437580.000,Miguel,recording,knock_twice_right,10,0.065941,6.923044,6.817060,0.034791,0.016245,-0.019750
2367437590.000,Miguel,recording,knock_twice_right,10,0.034934,6.956336,6.770730,0.030400,0.020462,-0.019789
2367437600.000,Miguel,recording,knock_twice_right,10,-0.003780,6.967642,6.745609,0.019463,0.018756,-0.018945
2367437610.000,Miguel,recording,knock_twice_right,10,-0.016851,6.973286,6.753957,0.006701,0.011104,-0.016485
2367437620.000,Miguel,recording,knock_twice_right,10,-0.048026,6.977878,6.805177,-0.005525,0.000154,-0.014444
2367437630.000,Miguel,recording,knock_twice_right,10,-0.062266,6.974592,6.872098,-0.015436,-0.012186,-0.010919
2367437640.000,Miguel,recording,knock_twice_right,10,-0.086729,6.963328,6.930847,-0.016969,-0.021353,-0.005782
2367437650.000,Miguel,recording,knock_twice_right,10,-0.077683,6.960106,6.963642,-0.010095,-0.023663,0.000656
2367437660.000,Miguel,recording,knock_twice_right,10,-0.032854,6.976246,6.935693,-0.000297,-0.017506,0.006257
2367437670.000,Miguel,recording,knock_twice_right,10,-0.010555,6.965083,6.871008,0.007465,-0.004825,0.007903
2367437680.000,Miguel,recording,knock_twice_right,10,-0.015345,6.955795,6.821729,0.010337,0.008147,0.007052
2367437690.000,Miguel,recording,knock_twice_right,10,-0.027767,6.975668,6.778537,0.006816,0.016077,0.008307
2367437700.000,Miguel,recording,knock_twice_right,10,-0.035168,7.001724,6.766194,-0.003119,0.016607,0.013323
2367437710.000,Miguel,recording,knock_twice_right,10,-0.029324,6.989729,6.811087,-0.013975,0.011353,0.019511
2367437720.000,Miguel,recording,knock_twice_right,10,-0.019291,6.955956,6.863304,-0.021268,0.002079,0.025265
2367437730.000,Miguel,recording,knock_twice_right,10,0.011486,6.909542,6.925483,-0.022715,-0.005745,0.030477
2367437740.000,Miguel,recording,knock_twice_right,10,0.074326,6.885657,6.952268,-0.018509,-0.006660,0.034859
2367437750.000,Miguel,recording,knock_twice_right,10,0.134510,6.868366,6.945784,-0.014071,-0.002159,0.036548
2367437760.000,Miguel,recording,knock_twice_right,10,0.181928,6.860244,6.949130,-0.008872,0.005850,0.033439
2367437770.000,Miguel,recording,knock_twice_right,10,0.209689,6.853935,6.948217,-0.003283,0.016008,0.028076
2367437780.000,Miguel,recording,knock_twice_right,10,0.229385,6.839403,6.952576,-0.001003,0.023337,0.022654
2367437790.000,Miguel,recording,knock_twice_right,10,0.235315,6.830737,6.976620,0.000170,0.022793,0.015852
2367437800.000,Miguel,recording,knock_twice_right,10,0.246198,6.808562,7.014606,0.002133,0.015286,0.008060
2367437810.000,Miguel,recording,knock_twice_right,10,0.220732,6.789760,7.033844,0.006525,0.005526,0.000700
2367437820.000,Miguel,recording,knock_twice_right,10,0.205936,6.802963,7.014729,0.014714,-0.002165,-0.005509
2367437830.000,Miguel,recording,knock_twice_right,10,0.186540,6.824664,6.953756,0.023216,-0.003272,-0.013233
2367437840.000,Miguel,recording,knock_twice_right,10,0.133364,6.891969,6.874793,0.026535,0.001081,-0.019714
2367437850.000,Miguel,recording,knock_twice_right,10,0.045359,6.922930,6.786062,0.023495,0.004746,-0.017991
2367437860.000,Miguel,recording,knock_twice_right,10,0.015932,6.934111,6.775556,0.017231,0.004916,-0.009917
2367437870.000,Miguel,recording,knock_twice_right,10,0.081613,6.928620,6.777554,0.007027,0.000235,-0.002242
2367437880.000,Miguel,recording,knock_twice_right,10,0.157180,6.891115,6.765751,-0.004138,-0.007580,-0.001094
2367437890.000,Miguel,recording,knock_twice_right,10,0.220504,6.837405,6.811140,-0.010995,-0.014747,-0.008642
2367437900.000,Miguel,recording,knock_twice_right,10,0.202606,6.809747,6.850092,-0.013088,-0.017388,-0.020818
2367437910.000,Miguel,recording,knock_twice_right,10,0.163129,6.818531,6.896250,-0.010959,-0.012347,-0.032902
2367437920.000,Miguel,recording,knock_twice_right,10,0.094912,6.866685,6.938749,-0.005491,-0.003665,-0.042738
2367437930.000,Miguel,recording,knock_twice_right,10,0.029735,6.928914,6.958282,0.002890,0.003593,-0.047144
2367437940.000,Miguel,recording,knock_twice_right,10,-0.052365,6.971147,6.920274,0.011464,0.006268,-0.046034
2367437950.000,Miguel,recording,knock_twice_right,10,-0.104983,7.025480,6.836043,0.015956,0.004699,-0.040705
2367437960.000,Miguel,recording,knock_twice_right,10,-0.130525,7.059471,6.767083,0.013215,0.002667,-0.031163
2367437970.000,Miguel,recording,knock_twice_right,10,-0.126466,7.080162,6.721569,0.002428,0.003455,-0.019413
2367437980.000,Miguel,recording,knock_twice_right,10,-0.105448,7.074333,6.726152,-0.015531,0.006549,-0.008483
2367437990.000,Miguel,recording,knock_twice_right,10,-0.130429,7.056158,6.807769,-0.033828,0.008039,0.000212
2367438000.000,Miguel,recording,knock_twice_right,10,-0.132399,7.006124,6.960388,-0.043915,0.006056,0.006714
2367438010.000,Miguel,recording,knock_twice_right,10,-0.111603,6.940129,7.111793,-0.042107,0.000092,0.011912
2367438020.000,Miguel,recording,knock_twice_right,10,-0.067454,6.892798,7.186692,-0.029830,-0.009135,0.014818
2367438030.000,Miguel,recording,knock_twice_right,10,-0.038784,6.880195,7.157778,-0.012258,-0.016663,0.012582
2367438040.000,Miguel,recording,knock_twice_right,10,-0.012903,6.902175,7.080645,0.004615,-0.018286,0.009607
2367438050.000,Miguel,recording,knock_twice_right,10,-0.013045,6.919819,7.000790,0.018062,-0.014733,0.009115
2367438060.000,Miguel,recording,knock_twice_right,10,-0.030023,6.953710,6.908520,0.027239,-0.008003,0.012179
2367438070.000,Miguel,recording,knock_twice_right,10,-0.020712,6.954830,6.814223,0.030408,0.000369,0.017754
2367438080.000,Miguel,recording,knock_twice_right,10,0.020919,6.949983,6.770723,0.026697,0.007734,0.021277
2367438090.000,Miguel,recording,knock_twice_right,10,0.069454,6.944918,6.782647,0.020117,0.011045,0.021619
2367438100.000,Miguel,recording,knock_twice_right,10,0.073662,6.923805,6.827891,0.014991,0.009214,0.021081
2367438110.000,Miguel,recording,knock_twice_right,10,0.074753,6.923239,6.872457,0.013006,0.004706,0.021671
2367438120.000,Miguel,recording,knock_twice_right,10,0.062519,6.906670,6.879567,0.012511,-0.000022,0.022865
2367438130.000,Miguel,recording,knock_twice_right,10,0.061740,6.908502,6.846930,0.010592,-0.002770,0.023720
2367438140.000,Miguel,recording,knock_twice_right,10,0.088239,6.907176,6.829427,0.007925,-0.002793,0.024380
2367438150.000,Miguel,recording,knock_twice_right,10,0.131058,6.898302,6.841417,0.005234,-0.002407,0.025826
2367438160.000,Miguel,recording,knock_twice_right,10,0.188998,6.890970,6.836427,0.004002,-0.001350,0.025377
2367438170.000,Miguel,recording,knock_twice_right,10,0.228877,6.886669,6.817930,0.003222,0.000582,0.021327
2367438180.000,Miguel,recording,knock_twice_right,10,0.261452,6.866712,6.807463,0.002296,0.003245,0.013830
2367438190.000,Miguel,recording,knock_twice_right,10,0.262477,6.860347,6.836227,0.001865,0.006799,0.001313
2367438200.000,Miguel,recording,knock_twice_right,10,0.188799,6.890703,6.823429,0.001401,0.010190,-0.011238
2367438210.000,Miguel,recording,knock_twice_right,10,0.058742,6.911270,6.813573,-0.002844,0.009129,-0.013486
2367438220.000,Miguel,recording,knock_twice_right,10,0.008699,6.921257,6.824761,-0.009577,0.004992,-0.006273
2367438230.000,Miguel,recording,knock_twice_right,10,0.038472,6.906568,6.874196,-0.013612,0.000676,0.001401
2367438240.000,Miguel,recording,knock_twice_right,10,0.080527,6.883355,6.910898,-0.015335,-0.004739,0.005768
2367438250.000,Miguel,recording,knock_twice_right,10,0.141333,6.868387,6.932646,-0.014584,-0.010750,0.004733
2367438260.000,Miguel,recording,knock_twice_right,10,0.192328,6.850419,6.923468,-0.010394,-0.014088,-0.003739
2367438270.000,Miguel,recording,knock_twice_right,10,0.182143,6.855852,6.915632,-0.004869,-0.012028,-0.015712
2367438280.000,Miguel,recording,knock_twice_right,10,0.140558,6.902020,6.880362,-0.001440,-0.006251,-0.025645
2367438290.000,Miguel,recording,knock_twice_right,10,0.046074,6.947296,6.859553,-0.000546,0.002013,-0.029785
2367438300.000,Miguel,recording,knock_twice_right,10,-0.038934,6.987602,6.853398,-0.002535,0.011949,-0.025676
2367438310.000,Miguel,recording,knock_twice_right,10,-0.064112,6.986781,6.931114,-0.006464,0.019445,-0.016238
2367438320.000,Miguel,recording,knock_twice_right,10,-0.029292,6.963248,7.001696,-0.007734,0.017847,-0.006232
2367438330.000,Miguel,recording,knock_twice_right,10,0.011846,6.934454,7.029012,-0.005309,0.007491,-0.001092
2367438340.000,Miguel,recording,knock_twice_right,10,0.042457,6.913172,7.003042,-0.003192,-0.004791,-0.001258
2367438350.000,Miguel,recording,knock_twice_right,10,0.053553,6.912934,6.982212,-0.002540,-0.015648,-0.004715
2367438360.000,Miguel,recording,knock_twice_right,10,0.031160,6.921473,6.970550,-0.001440,-0.021711,-0.010463
2367438370.000,Miguel,recording,knock_twice_right,10,0.015379,6.922186,6.967422,0.001678,-0.019657,-0.013743
2367438380.000,Miguel,recording,knock_twice_right,10,-0.009283,6.936167,6.948040,0.006944,-0.011750,-0.012526
2367438390.000,Miguel,recording,knock_twice_right,10,-0.012480,6.936454,6.942370,0.013780,-0.003005,-0.008042
2367438400.000,Miguel,recording,knock_twice_right,10,-0.011505,6.947615,6.891204,0.019849,0.002448,-0.001248
2367438410.000,Miguel,recording,knock_twice_right,10,-0.001800,6.958035,6.818275,0.020271,0.006238,0.004821
2367438420.000,Miguel,recording,knock_twice_right,10,0.019937,6.946487,6.785581,0.013291,0.007632,0.007274
2367438430.000,Miguel,recording,knock_twice_right,10,0.044918,6.937946,6.785985,0.002004,0.002967,0.006509
2367438440.000,Miguel,recording,knock_twice_right,10,0.059819,6.933376,6.839638,-0.009076,-0.004313,0.004888
2367438450.000,Miguel,recording,knock_twice_right,10,0.074246,6.919259,6.880026,-0.013822,-0.010920,0.002669
2367438460.000,Miguel,recording,knock_twice_right,10,0.081448,6.922260,6.918132,-0.011981,-0.015049,-0.000080
2367438470.000,Miguel,recording,knock_twice_right,10,0.058133,6.900939,6.906432,-0.007128,-0.012210,-0.001370
2367438480.000,Miguel,recording,knock_twice_right,10,0.029991,6.892151,6.889773,-0.000482,-0.002246,-0.000155
2367438490.000,Miguel,recording,knock_twice_right,10,0.045329,6.902743,6.883850,0.006388,0.010376,0.002508
2367438500.000,Miguel,recording,knock_twice_right,10,0.059875,6.918288,6.893321,0.012704,0.019988,0.005794
2367438510.000,Miguel,recording,knock_twice_right,10,0.059711,6.931003,6.885185,0.015868,0.021937,0.009064
2367438520.000,Miguel,recording,knock_twice_right,10,0.064782,6.942561,6.848062,0.012543,0.014416,0.011992
2367438530.000,Miguel,recording,knock_twice_right,10,0.102374,6.930284,6.810080,0.002959,-0.001520,0.013322
2367438540.000,Miguel,recording,knock_twice_right,10,0.129528,6.912047,6.800966,-0.009737,-0.018953,0.010096
2367438550.000,Miguel,recording,knock_twice_right,10,0.146783,6.887169,6.831880,-0.020559,-0.029838,0.005266
2367438560.000,Miguel,recording,knock_twice_right,10,0.133258,6.870422,6.875149,-0.023401,-0.028462,0.002422
2367438570.000,Miguel,recording,knock_twice_right,10,0.119066,6.884638,6.942293,-0.015120,-0.014905,0.001512
2367438580.000,Miguel,recording,knock_twice_right,10,0.121130,6.883319,6.976632,-0.001075,0.003586,0.002024
2367438590.000,Miguel,recording,knock_twice_right,10,0.123375,6.876063,6.971866,0.010741,0.021172,0.002317
2367438600.000,Miguel,recording,knock_twice_right,10,0.133788,6.884664,6.938946,0.018347,0.032039,0.000996
2367438610.000,Miguel,recording,knock_twice_right,10,0.151079,6.889494,6.906302,0.019914,0.029494,-0.001974
2367438620.000,Miguel,recording,knock_twice_right,10,0.157875,6.906431,6.874244,0.015492,0.014791,-0.007735
2367438630.000,Miguel,recording,knock_twice_right,10,0.152496,6.913515,6.868330,0.008892,-0.003651,-0.015114
2367438640.000,Miguel,recording,knock_twice_right,10,0.116115,6.910616,6.859633,-0.000534,-0.018843,-0.020844
2367438650.000,Miguel,recording,knock_twice_right,10,0.070473,6.928745,6.848071,-0.009291,-0.025350,-0.023965
2367438660.000,Miguel,recording,knock_twice_right,10,0.032003,6.944908,6.896429,-0.011809,-0.023928,-0.024144
2367438670.000,Miguel,recording,knock_twice_right,10,0.005775,6.940874,6.930369,-0.007496,-0.018637,-0.021787
2367438680.000,Miguel,recording,knock_twice_right,10,-0.007944,6.932365,6.945671,0.002236,-0.011165,-0.017447
2367438690.000,Miguel,recording,knock_twice_right,10,0.013248,6.915192,6.891221,0.011804,-0.004496,-0.013360
2367438700.000,Miguel,recording,knock_twice_right,10,0.044676,6.926601,6.830035,0.016439,0.000517,-0.010638
2367438710.000,Miguel,recording,knock_twice_right,10,0.039562,6.928182,6.776385,0.014887,0.003324,-0.010324
2367438720.000,Miguel,recording,knock_twice_right,10,0.021282,6.933461,6.732340,0.006414,0.003655,-0.012010
2367438730.000,Miguel,recording,knock_twice_right,10,-0.000526,6.955926,6.721670,-0.007250,0.002834,-0.012565
2367438740.000,Miguel,recording,knock_twice_right,10,-0.029392,6.978377,6.793064,-0.019480,-0.000153,-0.010442
2367438750.000,Miguel,recording,knock_twice_right,10,-0.061175,6.982072,6.887323,-0.026710,-0.005664,-0.005912
2367438760.000,Miguel,recording,knock_twice_right,10,-0.047262,6.952978,7.002558,-0.026640,-0.011181,-0.000286
2367438770.000,Miguel,recording,knock_twice_right,10,-0.007571,6.939530,7.041652,-0.017068,-0.012233,0.004061
2367438780.000,Miguel,recording,knock_twice_right,10,0.045380,6.927916,7.047782,-0.003069,-0.007618,0.003680
2367438790.000,Miguel,recording,knock_twice_right,10,0.073457,6.918300,7.003595,0.011277,0.001060,-0.000433
2367438800.000,Miguel,recording,knock_twice_right,10,0.046986,6.915030,6.941846,0.022457,0.010962,-0.004768
2367438810.000,Miguel,recording,knock_twice_right,10,-0.003410,6.922719,6.882663,0.026568,0.017251,-0.005307
2367438820.000,Miguel,recording,knock_twice_right,10,-0.040872,6.945790,6.856539,0.024398,0.016215,-0.001630
2367438830.000,Miguel,recording,knock_twice_right,10,-0.025152,6.946848,6.844028,0.019120,0.009087,0.002514
2367438840.000,Miguel,recording,knock_twice_right,10,0.020151,6.940745,6.830768,0.011974,-0.000155,0.005853
2367438850.000,Miguel,recording,knock_twice_right,10,0.049682,6.943308,6.828254,0.002568,-0.009673,0.005039
2367438860.000,Miguel,recording,knock_twice_right,10,0.071228,6.954802,6.833639,-0.005561,-0.014885,0.001310
2367438870.000,Miguel,recording,knock_twice_right,10,0.064188,6.969982,6.885460,-0.008054,-0.012459,0.000658
2367438880.000,Miguel,recording,knock_twice_right,10,0.033661,6.969968,6.908021,-0.005502,-0.006123,0.003395
2367438890.000,Miguel,recording,knock_twice_right,10,0.006312,6.936903,6.930512,0.001335,0.000925,0.008525
2367438900.000,Miguel,recording,knock_twice_right,10,0.027479,6.917172,6.920768,0.007806,0.007931,0.013848
2367438910.000,Miguel,recording,knock_twice_right,10,0.085675,6.875693,6.908692,0.010166,0.011428,0.014550
2367438920.000,Miguel,recording,knock_twice_right,10,0.101341,6.871420,6.897176,0.010492,0.008815,0.010336
2367438930.000,Miguel,recording,knock_twice_right,10,0.111676,6.873842,6.901548,0.010267,0.002476,0.005055
2367438940.000,Miguel,recording,knock_twice_right,10,0.105864,6.897096,6.906987,0.011316,-0.004876,0.001442
2367438950.000,Miguel,recording,knock_twice_right,10,0.100572,6.939868,6.868055,0.012134,-0.012613,-0.000399
2367438960.000,Miguel,recording,knock_twice_right,10,0.090647,6.957424,6.826760,0.009034,-0.017902,-0.001181
2367438970.000,Miguel,recording,knock_twice_right,10,0.063342,6.947890,6.805401,0.002236,-0.018470,-0.000072
2367438980.000,Miguel,recording,knock_twice_right,10,0.028397,6.954872,6.819265,-0.001845,-0.015365,0.004273
2367438990.000,Miguel,recording,knock_twice_right,10,0.021988,6.925997,6.851146,-0.000709,-0.010618,0.011312
2367439000.000,Miguel,recording,knock_twice_right,10,0.054796,6.883658,6.866010,0.004045,-0.005797,0.016942
2367439010.000,Miguel,recording,knock_twice_right,10,0.121200,6.850864,6.835350,0.009553,-0.000436,0.016250
2367439020.000,Miguel,recording,knock_twice_right,10,0.171441,6.842105,6.812561,0.011793,0.006094,0.009029
2367439030.000,Miguel,recording,knock_twice_right,10,0.164792,6.861625,6.770349,0.009205,0.011431,-0.002304
2367439040.000,Miguel,recording,knock_twice_right,10,0.123315,6.896787,6.756061,0.003501,0.014395,-0.013419
2367439050.000,Miguel,recording,knock_twice_right,10,0.023522,6.958389,6.807646,-0.003842,0.014210,-0.018760
2367439060.000,Miguel,recording,knock_twice_right,10,-0.039170,7.016776,6.876689,-0.011008,0.009663,-0.016046
2367439070.000,Miguel,recording,knock_twice_right,10,-0.080888,7.031152,6.913010,-0.015140,0.004229,-0.006118
2367439080.000,Miguel,recording,knock_twice_right,10,-0.067519,7.018431,6.933608,-0.016039,0.001739,0.006197
2367439090.000,Miguel,recording,knock_twice_right,10,0.008537,6.987598,6.943815,-0.015452,0.002161,0.014231
2367439100.000,Miguel,recording,knock_twice_right,10,0.080194,6.944161,6.945156,-0.014562,0.004199,0.014518
2367439110.000,Miguel,recording,knock_twice_right,10,0.098267,6.872883,6.985453,-0.011240,0.008091,0.008282
2367439120.000,Miguel,recording,knock_twice_right,10,0.065172,6.869651,7.026970,-0.003556,0.010796,-0.000009
2367439130.000,Miguel,recording,knock_twice_right,10,0.008453,6.868978,7.061292,0.007051,0.009094,-0.004441
2367439140.000,Miguel,recording,knock_twice_right,10,0.000722,6.884160,7.054523,0.021262,0.004665,-0.003983
2367439150.000,Miguel,recording,knock_twice_right,10,-0.020095,6.919936,6.947635,0.035416,-0.000329,-0.001271
2367439160.000,Miguel,recording,knock_twice_right,10,-0.009854,6.953663,6.799379,0.039254,-0.004668,0.002344
2367439170.000,Miguel,recording,knock_twice_right,10,0.030696,6.993307,6.709178,0.031041,-0.009790,0.006329
2367439180.000,Miguel,recording,knock_twice_right,10,0.084915,6.985509,6.678387,0.016992,-0.016224,0.009625
2367439190.000,Miguel,recording,knock_twice_right,10,0.123468,6.960486,6.706342,0.001985,-0.020369,0.010519
2367439200.000,Miguel,recording,knock_twice_right,10,0.145786,6.949697,6.746918,-0.009214,-0.019836,0.008226
2367439210.000,Miguel,recording,knock_twice_right,10,0.152093,6.915157,6.801525,-0.013017,-0.015376,0.004445
2367439220.000,Miguel,recording,knock_twice_right,10,0.150619,6.902404,6.825164,-0.009828,-0.007683,0.001513
2367439230.000,Miguel,recording,knock_twice_right,10,0.135004,6.887519,6.838412,-0.002048,0.003149,-0.001203
2367439240.000,Miguel,recording,knock_twice_right,10,0.084558,6.883686,6.820192,0.005434,0.015181,-0.004197
2367439250.000,Miguel,recording,knock_twice_right,10,0.062759,6.901002,6.814514,0.009974,0.023600,-0.004115
2367439260.000,Miguel,recording,knock_twice_right,10,0.038470,6.953383,6.798899,0.009037,0.024693,0.000361
2367439270.000,Miguel,recording,knock_twice_right,10,0.058511,6.996144,6.758571,0.000028,0.018543,0.006349
2367439280.000,Miguel,recording,knock_twice_right,10,0.103026,6.994232,6.777495,-0.013082,0.007647,0.009130
2367439290.000,Miguel,recording,knock_twice_right,10,0.138454,6.945535,6.827528,-0.024424,-0.005018,0.007371
2367439300.000,Miguel,recording,knock_twice_right,10,0.158891,6.915837,6.888782,-0.030093,-0.015766,0.004360
2367439310.000,Miguel,recording,knock_twice_right,10,0.165622,6.879397,6.936271,-0.026960,-0.021751,0.001223
2367439320.000,Miguel,recording,knock_twice_right,10,0.192278,6.853267,6.922426,-0.018543,-0.018812,-0.002798
2367439330.000,Miguel,recording,knock_twice_right,10,0.180839,6.840716,6.909920,-0.010159,-0.006988,-0.007859
2367439340.000,Miguel,recording,knock_twice_right,10,0.167429,6.846786,6.912690,-0.002600,0.006842,-0.013407
2367439350.000,Miguel,recording,knock_twice_right,10,0.154161,6.857579,6.929315,0.004568,0.018709,-0.017105
2367439360.000,Miguel,recording,knock_twice_right,10,-0.243425,6.891887,6.883526,0.011594,0.042553,-0.045319
2367439370.000,Miguel,recording,knock_twice_right,10,-1.218876,7.200582,6.674794,0.001213,0.069846,-0.036969
2367439380.000,Miguel,recording,knock_twice_right,10,-0.992683,7.501816,6.565775,-0.001358,0.049158,0.039296
2367439390.000,Miguel,recording,knock_twice_right,10,0.165165,7.209966,6.747702,0.001601,0.048685,0.083774
2367439400.000,Miguel,recording,knock_twice_right,10,0.056806,7.213617,6.546474,-0.014458,0.082175,0.071863
2367439410.000,Miguel,recording,knock_twice_right,10,0.311130,6.873020,6.795170,-0.027545,0.065828,0.054948
2367439420.000,Miguel,recording,knock_twice_right,10,0.300167,6.826356,7.022071,-0.038520,0.025516,0.060517
2367439430.000,Miguel,recording,knock_twice_right,10,0.397403,6.676232,7.318379,-0.043169,-0.008150,0.057638
2367439440.000,Miguel,recording,knock_twice_right,10,0.591753,6.495177,7.337413,-0.037515,-0.037069,0.031316
2367439450.000,Miguel,recording,knock_twice_right,10,0.554818,6.491991,7.306107,-0.022974,-0.052414,-0.001301
2367439460.000,Miguel,recording,knock_twice_right,10,0.611582,6.596687,7.300258,0.005105,-0.033132,-0.031426
2367439470.000,Miguel,recording,knock_twice_right,10,0.511346,6.761842,7.242864,0.040162,0.007406,-0.054893
2367439480.000,Miguel,recording,knock_twice_right,10,0.339722,6.877680,7.066659,0.067993,0.035664,-0.066213
2367439490.000,Miguel,recording,knock_twice_right,10,0.148149,6.952426,6.901932,0.079797,0.038742,-0.064243
2367439500.000,Miguel,recording,knock_twice_right,10,0.083086,7.029472,6.759080,0.073553,0.020635,-0.052423
2367439510.000,Miguel,recording,knock_twice_right,10,0.013757,7.032975,6.631554,0.052659,-0.010402,-0.036255
2367439520.000,Miguel,recording,knock_twice_right,10,-0.843795,7.139454,6.412545,0.009312,0.006466,-0.033640
2367439530.000,Miguel,recording,knock_twice_right,10,-1.854044,7.434922,6.272445,-0.038840,-0.032358,0.006878
2367439540.000,Miguel,recording,knock_twice_right,10,-0.670492,7.407788,6.532463,-0.066741,-0.107263,0.091214
2367439550.000,Miguel,recording,knock_twice_right,10,-0.267752,7.257365,6.602045,-0.077174,-0.072188,0.125633
2367439560.000,Miguel,recording,knock_twice_right,10,0.766761,6.897296,6.642108,-0.066544,-0.018780,0.097198
2367439570.000,Miguel,recording,knock_twice_right,10,0.560574,6.743831,6.817158,-0.044091,0.021258,0.058343
2367439580.000,Miguel,recording,knock_twice_right,10,0.659614,6.695583,6.990957,-0.018675,0.065855,0.045022
2367439590.000,Miguel,recording,knock_twice_right,10,0.437885,6.802160,7.184003,0.004291,0.084446,0.049861
2367439600.000,Miguel,recording,knock_twice_right,10,0.314638,6.638212,7.171808,0.012352,0.067828,0.046070
2367439610.000,Miguel,recording,knock_twice_right,10,0.380725,6.510258,7.136449,0.010517,0.041242,0.021086
2367439620.000,Miguel,recording,knock_twice_right,10,0.455046,6.630277,7.160626,0.009306,0.020414,-0.011410
2367439630.000,Miguel,recording,knock_twice_right,10,0.433603,6.852135,7.135338,0.010271,0.003936,-0.035759
2367439640.000,Miguel,recording,knock_twice_right,10,0.234924,7.003078,7.121557,0.011375,-0.014127,-0.047952
2367439650.000,Miguel,recording,knock_twice_right,10,0.074141,7.053104,7.079243,0.011003,-0.029391,-0.045817
2367439660.000,Miguel,recording,knock_twice_right,10,-0.024100,7.074696,7.056552,0.011057,-0.035669,-0.028378
2367439670.000,Miguel,recording,knock_twice_right,10,0.036381,7.064849,7.036071,0.016023,-0.033538,-0.005380
2367439680.000,Miguel,recording,knock_twice_right,10,0.115133,6.980098,7.021408,0.025734,-0.026473,0.010218
2367439690.000,Miguel,recording,knock_twice_right,10,0.160461,6.847544,6.929846,0.033809,-0.019308,0.014121
2367439700.000,Miguel,recording,knock_twice_right,10,0.200029,6.775786,6.823026,0.035686,-0.016903,0.010542
2367439710.000,Miguel,recording,knock_twice_right,10,0.214052,6.780715,6.780299,0.029928,-0.021215,0.003125
2367439720.000,Miguel,recording,knock_twice_right,10,0.212440,6.785860,6.736048,0.020053,-0.031843,-0.007884
2367439730.000,Miguel,recording,knock_twice_right,10,0.187962,6.828717,6.736694,0.009620,-0.045314,-0.019433
2367439740.000,Miguel,recording,knock_twice_right,10,0.172312,6.893488,6.756248,0.000237,-0.052729,-0.028478
2367439750.000,Miguel,recording,knock_twice_right,10,0.163647,6.934962,6.791221,-0.002284,-0.047754,-0.035677
2367439760.000,Miguel,recording,knock_twice_right,10,0.154720,6.948327,6.820489,0.004065,-0.032263,-0.042952
2367439770.000,Miguel,recording,knock_twice_right,10,0.066740,6.959151,6.817454,0.015134,-0.010904,-0.050615
2367439780.000,Miguel,recording,knock_twice_right,10,-0.026833,6.980000,6.778079,0.023815,0.008289,-0.055002
2367439790.000,Miguel,recording,knock_twice_right,10,-0.127075,7.013724,6.755772,0.026793,0.018114,-0.053106
2367439800.000,Miguel,recording,knock_twice_right,10,-0.185872,7.046629,6.731803,0.023306,0.019043,-0.044474
2367439810.000,Miguel,recording,knock_twice_right,10,-0.229937,7.076085,6.699129,0.014238,0.011319,-0.030735
2367439820.000,Miguel,recording,knock_twice_right,10,-0.227157,7.073269,6.679438,0.001782,-0.001781,-0.014422
2367439830.000,Miguel,recording,knock_twice_right,10,-0.174802,7.080257,6.699248,-0.010669,-0.013740,0.000330
2367439840.000,Miguel,recording,knock_twice_right,10,-0.118614,7.059759,6.744990,-0.018651,-0.020887,0.010748
2367439850.000,Miguel,recording,knock_twice_right,10,-0.057706,7.028210,6.766921,-0.021828,-0.019611,0.018225
2367439860.000,Miguel,recording,knock_twice_right,10,-0.025337,7.005333,6.769400,-0.022813,-0.010600,0.023277
2367439870.000,Miguel,recording,knock_twice_right,10,-0.001245,6.996183,6.792445,-0.025488,0.000746,0.026354
2367439880.000,Miguel,recording,knock_twice_right,10,0.022660,6.957275,6.839903,-0.027373,0.010041,0.027686
2367439890.000,Miguel,recording,knock_twice_right,10,0.061925,6.928818,6.896058,-0.026165,0.014194,0.027946
2367439900.000,Miguel,recording,knock_twice_right,10,0.116332,6.895510,6.917029,-0.024633,0.013288,0.025993
2367439910.000,Miguel,recording,knock_twice_right,10,0.154277,6.895763,6.937775,-0.023625,0.009212,0.019817
2367439920.000,Miguel,recording,knock_twice_right,10,0.156270,6.890883,6.969463,-0.020602,0.004627,0.011609
2367439930.000,Miguel,recording,knock_twice_right,10,0.132557,6.899159,7.011908,-0.012466,0.003681,0.006063
2367439940.000,Miguel,recording,knock_twice_right,10,0.112234,6.918601,7.002423,-0.002775,0.006589,0.004229
2367439950.000,Miguel,recording,knock_twice_right,10,0.093521,6.943890,6.974590,0.006025,0.011241,0.004118
2367439960.000,Miguel,recording,knock_twice_right,10,0.090020,6.949604,6.936769,0.011168,0.016023,0.004407
2367439970.000,Miguel,recording,knock_twice_right,10,0.085316,6.943546,6.906043,0.011635,0.016775,0.005712
2367439980.000,Miguel,recording,knock_twice_right,10,0.089178,6.929710,6.899403,0.010794,0.009132,0.007796
2367439990.000,Miguel,recording,knock_twice_right,10,0.118250,6.907893,6.878648,0.009213,-0.002491,0.009639
2367440000.000,Miguel,recording,knock_twice_right,10,0.159513,6.893566,6.842676,0.006150,-0.013133,0.009887
2367440010.000,Miguel,recording,knock_twice_right,10,0.173315,6.875352,6.813870,0.001229,-0.020843,0.008489
2367440020.000,Miguel,recording,knock_twice_right,10,0.191300,6.878064,6.802642,-0.003978,-0.021068,0.007800
2367440030.000,Miguel,recording,knock_twice_right,10,0.222923,6.859698,6.826098,-0.005487,-0.014203,0.006070
2367440040.000,Miguel,recording,knock_twice_right,10,0.266618,6.848199,6.858596,-0.002275,-0.003009,0.001183
2367440050.000,Miguel,recording,knock_twice_right,10,0.246524,6.852629,6.852619,0.001977,0.008319,-0.005789
2367440060.000,Miguel,recording,knock_twice_right,10,0.201710,6.866278,6.834061,0.003650,0.014081,-0.012240
2367440070.000,Miguel,recording,knock_twice_right,10,0.154902,6.882697,6.825920,0.000844,0.012426,-0.015734
2367440080.000,Miguel,recording,knock_twice_right,10,0.124862,6.915245,6.847363,-0.005229,0.005023,-0.017492
2367440090.000,Miguel,recording,knock_twice_right,10,0.142179,6.918974,6.868027,-0.011596,-0.005215,-0.019691
2367440100.000,Miguel,recording,knock_twice_right,10,0.119763,6.928917,6.884478,-0.015968,-0.015478,-0.023893
2367440110.000,Miguel,recording,knock_twice_right,10,0.093831,6.934987,6.877789,-0.018158,-0.021325,-0.029073
2367440120.000,Miguel,recording,knock_twice_right,10,0.040348,6.959863,6.919027,-0.016183,-0.018887,-0.030905
2367440130.000,Miguel,recording,knock_twice_right,10,0.000020,6.967166,6.937294,-0.010487,-0.011667,-0.026667
2367440140.000,Miguel,recording,knock_twice_right,10,-0.041687,6.953061,6.948329,-0.003699,-0.003291,-0.019008
2367440150.000,Miguel,recording,knock_twice_right,10,-0.066699,6.963521,6.952499,0.002600,0.006052,-0.011340
2367440160.000,Miguel,recording,knock_twice_right,10,-0.038127,6.961766,6.957231,0.007490,0.010951,-0.003791
2367440170.000,Miguel,recording,knock_twice_right,10,-0.004246,6.976067,6.931053,0.010527,0.007490,0.001654
2367440180.000,Miguel,recording,knock_twice_right,10,0.053384,6.959988,6.879267,0.008370,-0.002488,0.003486
2367440190.000,Miguel,recording,knock_twice_right,10,0.069945,6.987134,6.836016,0.001978,-0.015985,0.000143
2367440200.000,Miguel,recording,knock_twice_right,10,0.028073,6.990784,6.847573,-0.005142,-0.026030,-0.004780
2367440210.000,Miguel,recording,knock_twice_right,10,-0.018417,6.993957,6.878180,-0.008988,-0.029018,-0.004753
2367440220.000,Miguel,recording,knock_twice_right,11,-0.030817,6.996516,6.933775,-0.005399,-0.026914,0.000660
2367440230.000,Miguel,recording,knock_twice_right,11,-0.030248,6.973856,6.909169,0.004327,-0.019700,0.008252
2367440240.000,Miguel,recording,knock_twice_right,11,0.013908,6.948190,6.839448,0.012187,-0.008969,0.014690
2367440250.000,Miguel,recording,knock_twice_right,11,0.051098,6.927124,6.766128,0.012780,0.000957,0.017858
2367440260.000,Miguel,recording,knock_twice_right,11,0.097421,6.916821,6.754307,0.007563,0.007473,0.015717
2367440270.000,Miguel,recording,knock_twice_right,11,0.099989,6.934846,6.802497,0.000898,0.010888,0.009310
2367440280.000,Miguel,recording,knock_twice_right,11,0.047182,6.926913,6.880003,-0.001299,0.010897,0.003915
2367440290.000,Miguel,recording,knock_twice_right,11,0.009390,6.931785,6.952235,0.002213,0.006124,0.002386
2367440300.000,Miguel,recording,knock_twice_right,11,0.002522,6.949953,6.939424,0.007505,0.000029,0.003853
2367440310.000,Miguel,recording,knock_twice_right,11,0.019487,6.990289,6.857189,0.010565,-0.003383,0.006667
2367440320.000,Miguel,recording,knock_twice_right,11,0.054642,7.012444,6.771130,0.007526,-0.003376,0.009150
2367440330.000,Miguel,recording,knock_twice_right,11,0.073493,7.002272,6.751572,-0.001042,0.000791,0.011146
2367440340.000,Miguel,recording,knock_twice_right,11,0.084403,6.987306,6.787231,-0.010368,0.007773,0.013468
2367440350.000,Miguel,recording,knock_twice_right,11,0.070693,6.947831,6.883149,-0.017245,0.011640,0.015425
2367440360.000,Miguel,recording,knock_twice_right,11,0.041137,6.892527,6.990939,-0.018554,0.009508,0.016577
2367440370.000,Miguel,recording,knock_twice_right,11,0.052412,6.864590,7.064891,-0.011987,0.001946,0.018235
2367440380.000,Miguel,recording,knock_twice_right,11,0.103475,6.841025,7.078169,0.001428,-0.007201,0.019881
2367440390.000,Miguel,recording,knock_twice_right,11,0.187356,6.842045,7.017650,0.016208,-0.010854,0.016293
2367440400.000,Miguel,recording,knock_twice_right,11,0.229809,6.854564,6.900768,0.025305,-0.008527,0.005766
2367440410.000,Miguel,recording,knock_twice_right,11,0.211148,6.895779,6.812608,0.028933,-0.002902,-0.004504
2367440420.000,Miguel,recording,knock_twice_right,11,0.138862,6.921951,6.786676,0.030670,0.005555,-0.008588
2367440430.000,Miguel,recording,knock_twice_right,11,0.083176,6.946657,6.777853,0.031125,0.013287,-0.006149
2367440440.000,Miguel,recording,knock_twice_right,11,0.076894,6.959939,6.755904,0.027508,0.015623,-0.001022
2367440450.000,Miguel,recording,knock_twice_right,11,0.108464,6.956396,6.718491,0.018476,0.012132,0.003406
2367440460.000,Miguel,recording,knock_twice_right,11,0.157359,6.944710,6.701375,0.005447,0.006554,0.004825
2367440470.000,Miguel,recording,knock_twice_right,11,0.175201,6.943235,6.706467,-0.008432,0.000493,0.001308
2367440480.000,Miguel,recording,knock_twice_right,11,0.178177,6.925038,6.759302,-0.019721,-0.004910,-0.003084
2367440490.000,Miguel,recording,knock_twice_right,11,0.165718,6.913372,6.860039,-0.025636,-0.006477,-0.006270
2367440500.000,Miguel,recording,knock_twice_right,11,0.127449,6.926353,6.912903,-0.023486,-0.002694,-0.009406
2367440510.000,Miguel,recording,knock_twice_right,11,0.060042,6.951443,6.962869,-0.014677,0.005000,-0.009109
2367440520.000,Miguel,recording,knock_twice_right,11,0.041154,6.957857,6.960007,-0.003755,0.013012,-0.004501
2367440530.000,Miguel,recording,knock_twice_right,11,0.039022,6.955054,6.923966,0.005343,0.017537,0.000665
2367440540.000,Miguel,recording,knock_twice_right,11,0.072325,6.936732,6.892705,0.009129,0.016275,0.003018
2367440550.000,Miguel,recording,knock_twice_right,11,0.103536,6.936442,6.867721,0.007744,0.008531,0.002538
2367440560.000,Miguel,recording,knock_twice_right,11,0.124111,6.934982,6.851129,0.005194,-0.003916,0.000208
2367440570.000,Miguel,recording,knock_twice_right,11,0.115313,6.934760,6.813873,0.001105,-0.015561,-0.003246
2367440580.000,Miguel,recording,knock_twice_right,11,0.109306,6.929814,6.786862,-0.005726,-0.019678,-0.005158
2367440590.000,Miguel,recording,knock_twice_right,11,0.106775,6.938799,6.769625,-0.012155,-0.014306,-0.004810
2367440600.000,Miguel,recording,knock_twice_right,11,0.106053,6.945083,6.836005,-0.015919,-0.005409,-0.005133
2367440610.000,Miguel,recording,knock_twice_right,11,0.097729,6.912158,6.910761,-0.014647,0.001353,-0.007340
2367440620.000,Miguel,recording,knock_twice_right,11,0.079689,6.911660,6.944938,-0.006636,0.003198,-0.009587
2367440630.000,Miguel,recording,knock_twice_right,11,0.074337,6.939707,6.907639,0.001903,-0.000490,-0.011181
2367440640.000,Miguel,recording,knock_twice_right,11,0.064385,6.974657,6.833469,0.005512,-0.003540,-0.011022
2367440650.000,Miguel,recording,knock_twice_right,11,0.040616,6.975254,6.757078,0.002627,-0.001133,-0.007973
2367440660.000,Miguel,recording,knock_twice_right,11,0.030581,6.965332,6.750546,-0.005576,0.006242,-0.003587
2367440670.000,Miguel,recording,knock_twice_right,11,0.036443,6.950252,6.808431,-0.013017,0.014442,-0.000109
2367440680.000,Miguel,recording,knock_twice_right,11,0.042465,6.920197,6.915155,-0.013743,0.019929,0.001742
2367440690.000,Miguel,recording,knock_twice_right,11,0.035575,6.921240,7.014939,-0.006286,0.022335,0.001645
2367440700.000,Miguel,recording,knock_twice_right,11,0.036983,6.912219,7.028227,0.004647,0.019253,0.001239
2367440710.000,Miguel,recording,knock_twice_right,11,0.063381,6.935087,6.981049,0.012077,0.010991,-0.000954
2367440720.000,Miguel,recording,knock_twice_right,11,0.060254,6.953113,6.916292,0.013295,-0.001651,-0.003774
2367440730.000,Miguel,recording,knock_twice_right,11,0.033685,6.971013,6.875465,0.010122,-0.017419,-0.004206
2367440740.000,Miguel,recording,knock_twice_right,11,0.019690,6.972257,6.867780,0.005637,-0.030819,-0.002289
2367440750.000,Miguel,recording,knock_twice_right,11,0.044202,6.976359,6.856608,0.003542,-0.034800,0.003005
2367440760.000,Miguel,recording,knock_twice_right,11,0.087974,6.962695,6.829649,0.004137,-0.026988,0.007583
2367440770.000,Miguel,recording,knock_twice_right,11,0.136994,6.939594,6.801569,0.005374,-0.012834,0.007319
2367440780.000,Miguel,recording,knock_twice_right,11,0.125024,6.913354,6.779438,0.006824,0.001346,0.003535
2367440790.000,Miguel,recording,knock_twice_right,11,0.097978,6.905943,6.794840,0.007490,0.011869,0.000508
2367440800.000,Miguel,recording,knock_twice_right,11,0.049604,6.912242,6.814838,0.008339,0.017105,-0.000234
2367440810.000,Miguel,recording,knock_twice_right,11,0.024717,6.931950,6.800689,0.008460,0.016674,0.002391
2367440820.000,Miguel,recording,knock_twice_right,11,0.051750,6.948216,6.773264,0.007314,0.012217,0.005754
2367440830.000,Miguel,recording,knock_twice_right,11,0.079394,6.977241,6.747745,0.002123,0.006571,0.007318
2367440840.000,Miguel,recording,knock_twice_right,11,0.082650,6.995690,6.721754,-0.008784,0.001630,0.008522
2367440850.000,Miguel,recording,knock_twice_right,11,0.099075,6.983674,6.754339,-0.020068,-0.002312,0.009070
2367440860.000,Miguel,recording,knock_twice_right,11,0.148878,6.958395,6.791728,-0.026387,-0.004650,0.009287
2367440870.000,Miguel,recording,knock_twice_right,11,0.176347,6.889477,6.834721,-0.027901,-0.004787,0.007927
2367440880.000,Miguel,recording,knock_twice_right,11,0.196764,6.851254,6.850850,-0.028986,-0.005918,0.002621
2367440890.000,Miguel,recording,knock_twice_right,11,0.187302,6.844425,6.888612,-0.028613,-0.007077,-0.006312
2367440900.000,Miguel,recording,knock_twice_right,11,0.139435,6.862594,6.914919,-0.024334,-0.004407,-0.014585
2367440910.000,Miguel,recording,knock_twice_right,11,0.112283,6.891133,6.931295,-0.014991,0.003314,-0.017159
2367440920.000,Miguel,recording,knock_twice_right,11,0.093553,6.911031,6.922435,-0.001572,0.014262,-0.014341
2367440930.000,Miguel,recording,knock_twice_right,11,0.092258,6.926701,6.880970,0.009335,0.023725,-0.010550
2367440940.000,Miguel,recording,knock_twice_right,11,0.126623,6.933647,6.812775,0.013330,0.029429,-0.008501
2367440950.000,Miguel,recording,knock_twice_right,11,0.137177,6.948321,6.754116,0.008513,0.028697,-0.009078
2367440960.000,Miguel,recording,knock_twice_right,11,0.131205,6.930568,6.724545,-0.002396,0.021745,-0.012344
2367440970.000,Miguel,recording,knock_twice_right,11,0.098122,6.922652,6.738451,-0.013105,0.013987,-0.016825
2367440980.000,Miguel,recording,knock_twice_right,11,0.019074,6.925792,6.766337,-0.023751,0.009001,-0.018920
2367440990.000,Miguel,recording,knock_twice_right,11,-0.010376,6.936240,6.816199,-0.032959,0.007117,-0.016294
2367441000.000,Miguel,recording,knock_twice_right,11,0.007399,6.942017,6.909556,-0.036230,0.006086,-0.011146
2367441010.000,Miguel,recording,knock_twice_right,11,0.038251,6.925245,6.943693,-0.032270,0.005076,-0.007565
2367441020.000,Miguel,recording,knock_twice_right,11,0.076782,6.916577,6.931318,-0.024116,0.004304,-0.007150
2367441030.000,Miguel,recording,knock_twice_right,11,0.117818,6.923221,6.911423,-0.015330,0.003681,-0.008817
2367441040.000,Miguel,recording,knock_twice_right,11,0.119420,6.914243,6.849047,-0.009266,0.007740,-0.011977
2367441050.000,Miguel,recording,knock_twice_right,11,0.058728,6.917284,6.802142,-0.009227,0.017022,-0.014331
2367441060.000,Miguel,recording,knock_twice_right,11,0.002883,6.955412,6.821068,-0.012626,0.024937,-0.012490
2367441070.000,Miguel,recording,knock_twice_right,11,-0.017412,6.952036,6.825701,-0.016323,0.029040,-0.007124
2367441080.000,Miguel,recording,knock_twice_right,11,-0.006818,6.936407,6.810769,-0.022645,0.028461,-0.001949
2367441090.000,Miguel,recording,knock_twice_right,11,0.034084,6.925943,6.845837,-0.030263,0.021072,-0.001343
2367441100.000,Miguel,recording,knock_twice_right,11,0.047564,6.918470,6.891580,-0.036682,0.010489,-0.005292
2367441110.000,Miguel,recording,knock_twice_right,11,0.015630,6.917163,6.942293,-0.042168,0.002946,-0.009013
2367441120.000,Miguel,recording,knock_twice_right,11,-0.020270,6.916370,7.004001,-0.042029,-0.000348,-0.009816
2367441130.000,Miguel,recording,knock_twice_right,11,-0.034067,6.904032,7.068731,-0.033052,0.000606,-0.007750
2367441140.000,Miguel,recording,knock_twice_right,11,-0.036790,6.891437,7.087253,-0.018485,0.006408,-0.002073
2367441150.000,Miguel,recording,knock_twice_right,11,0.006186,6.909603,7.035466,-0.004114,0.012718,0.004697
2367441160.000,Miguel,recording,knock_twice_right,11,0.079551,6.938460,6.966208,0.003562,0.010976,0.009269
2367441170.000,Miguel,recording,knock_twice_right,11,0.153537,6.916613,6.869371,0.002459,0.002326,0.009234
2367441180.000,Miguel,recording,knock_twice_right,11,0.188494,6.875609,6.787884,-0.005020,-0.006202,0.002978
2367441190.000,Miguel,recording,knock_twice_right,11,0.179627,6.854899,6.780155,-0.015620,-0.009502,-0.007058
2367441200.000,Miguel,recording,knock_twice_right,11,0.127319,6.836390,6.812544,-0.024907,-0.005869,-0.015551
2367441210.000,Miguel,recording,knock_twice_right,11,0.058877,6.826915,6.867661,-0.028792,0.000961,-0.018760
2367441220.000,Miguel,recording,knock_twice_right,11,0.048562,6.809353,6.927501,-0.028901,0.005631,-0.017710
2367441230.000,Miguel,recording,knock_twice_right,11,0.051633,6.807675,6.944597,-0.027942,0.004485,-0.013883
2367441240.000,Miguel,recording,knock_twice_right,11,0.084410,6.812668,6.952841,-0.025457,-0.002322,-0.011753
2367441250.000,Miguel,recording,knock_twice_right,11,0.136653,6.848784,6.954836,-0.022807,-0.009424,-0.014899
2367441260.000,Miguel,recording,knock_twice_right,11,0.149778,6.907740,6.936919,-0.023048,-0.009187,-0.019439
2367441270.000,Miguel,recording,knock_twice_right,11,0.106670,6.945417,6.945909,-0.025297,-0.002986,-0.019539
2367441280.000,Miguel,recording,knock_twice_right,11,0.075622,6.972342,7.009842,-0.025819,0.004978,-0.016491
2367441290.000,Miguel,recording,knock_twice_right,11,0.045403,6.928912,7.104145,-0.022522,0.012131,-0.016726
2367441300.000,Miguel,recording,knock_twice_right,11,-0.019724,6.881005,7.185483,-0.013903,0.014786,-0.020163
2367441310.000,Miguel,recording,knock_twice_right,11,-0.083800,6.872621,7.218237,-0.002541,0.011473,-0.021560
2367441320.000,Miguel,recording,knock_twice_right,11,-0.127000,6.886354,7.200259,0.008231,0.001351,-0.019501
2367441330.000,Miguel,recording,knock_twice_right,11,-0.123657,6.914739,7.150663,0.019186,-0.013649,-0.014954
2367441340.000,Miguel,recording,knock_twice_right,11,-0.070877,6.956281,7.059482,0.027382,-0.029651,-0.009327
2367441350.000,Miguel,recording,knock_twice_right,11,-0.037068,6.986458,6.907242,0.028127,-0.040159,-0.002948
2367441360.000,Miguel,recording,knock_twice_right,11,-0.013985,6.991264,6.813712,0.023242,-0.037512,0.002292
2367441370.000,Miguel,recording,knock_twice_right,11,0.037331,6.974576,6.795968,0.017917,-0.024480,0.004354
2367441380.000,Miguel,recording,knock_twice_right,11,0.060836,6.945919,6.809085,0.016639,-0.007742,0.004295
2367441390.000,Miguel,recording,knock_twice_right,11,0.049284,6.935156,6.827977,0.018834,0.009273,0.004196
2367441400.000,Miguel,recording,knock_twice_right,11,-0.009158,6.920911,6.847091,0.021408,0.022244,0.005884
2367441410.000,Miguel,recording,knock_twice_right,11,-0.035689,6.938115,6.852173,0.020265,0.024819,0.009045
2367441420.000,Miguel,recording,knock_twice_right,11,-0.035810,6.961049,6.834414,0.012945,0.016611,0.013142
2367441430.000,Miguel,recording,knock_twice_right,11,-0.025072,6.959174,6.824330,0.002421,0.003200,0.019104
2367441440.000,Miguel,recording,knock_twice_right,11,0.028430,6.926237,6.848711,-0.008555,-0.011182,0.024782
2367441450.000,Miguel,recording,knock_twice_right,11,0.115073,6.903269,6.894552,-0.015330,-0.021842,0.024759
2367441460.000,Miguel,recording,knock_twice_right,11,0.145887,6.913325,6.941684,-0.014474,-0.021332,0.019309
2367441470.000,Miguel,recording,knock_twice_right,11,0.128472,6.875039,6.954284,-0.008302,-0.008222,0.013730
2367441480.000,Miguel,recording,knock_twice_right,11,0.084767,6.820029,6.930125,0.000486,0.010668,0.010322
2367441490.000,Miguel,recording,knock_twice_right,11,0.095671,6.753299,6.925755,0.008355,0.028758,0.005096
2367441500.000,Miguel,recording,knock_twice_right,11,0.089693,6.735830,6.912627,0.011325,0.041602,-0.007479
2367441510.000,Miguel,recording,knock_twice_right,11,0.058224,6.783355,6.941311,0.011041,0.043198,-0.021923
2367441520.000,Miguel,recording,knock_twice_right,11,-0.021422,6.843197,6.987755,0.011651,0.029881,-0.030883
2367441530.000,Miguel,recording,knock_twice_right,11,-0.058254,6.900496,6.966594,0.011983,0.007023,-0.035316
2367441540.000,Miguel,recording,knock_twice_right,11,-0.066388,6.988105,6.874812,0.008650,-0.016175,-0.038040
2367441550.000,Miguel,recording,knock_twice_right,11,-0.055478,7.059091,6.777733,0.000043,-0.031677,-0.038082
2367441560.000,Miguel,recording,knock_twice_right,11,-0.098571,7.049249,6.722091,-0.009590,-0.032661,-0.033940
2367441570.000,Miguel,recording,knock_twice_right,11,-0.127264,7.003424,6.767293,-0.012849,-0.020965,-0.026671
2367441580.000,Miguel,recording,knock_twice_right,11,-0.096195,6.952258,6.835985,-0.006565,-0.005298,-0.018317
2367441590.000,Miguel,recording,knock_twice_right,11,-0.043251,6.930189,6.863242,0.007671,0.009758,-0.012446
2367441600.000,Miguel,recording,knock_twice_right,11,-0.022618,6.891648,6.761521,0.020256,0.020367,-0.010454
2367441610.000,Miguel,recording,knock_twice_right,11,-0.065579,6.862974,6.625860,0.019822,0.022135,-0.010858
2367441620.000,Miguel,recording,knock_twice_right,11,-0.110842,6.881367,6.541738,0.003777,0.014495,-0.009965
2367441630.000,Miguel,recording,knock_twice_right,11,-0.133204,6.922303,6.551170,-0.024095,0.001395,-0.002267
2367441640.000,Miguel,recording,knock_twice_right,11,-0.088788,6.921508,6.589210,-0.055791,-0.011427,0.011350
2367441650.000,Miguel,recording,knock_twice_right,11,0.025407,6.877450,6.722861,-0.082230,-0.016670,0.022701
2367441660.000,Miguel,recording,knock_twice_right,11,0.146680,6.855313,6.975093,-0.094654,-0.010368,0.024016
2367441670.000,Miguel,recording,knock_twice_right,11,0.167606,6.820332,7.264770,-0.083583,0.005083,0.015544
2367441680.000,Miguel,recording,knock_twice_right,11,0.070453,6.841208,7.465525,-0.052710,0.025517,0.005795
2367441690.000,Miguel,recording,knock_twice_right,11,-0.075661,6.882009,7.548454,-0.014168,0.038775,0.003935
2367441700.000,Miguel,recording,knock_twice_right,11,-0.170394,6.941490,7.525362,0.023344,0.030634,0.012091
2367441710.000,Miguel,recording,knock_twice_right,11,-0.163137,7.014138,7.326368,0.050830,0.007550,0.025462
2367441720.000,Miguel,recording,knock_twice_right,11,-0.096450,7.078664,7.034733,0.061805,-0.015096,0.038401
2367441730.000,Miguel,recording,knock_twice_right,11,0.018690,7.155757,6.822493,0.054898,-0.028271,0.045140
2367441740.000,Miguel,recording,knock_twice_right,11,0.131468,7.237006,6.718350,0.036587,-0.021757,0.045930
2367441750.000,Miguel,recording,knock_twice_right,11,0.120956,7.228015,6.736844,0.016252,0.005429,0.048385
2367441760.000,Miguel,recording,knock_twice_right,11,0.016315,7.034292,6.863562,0.003153,0.037149,0.059145
2367441770.000,Miguel,recording,knock_twice_right,11,-0.001084,6.791629,7.025375,0.002687,0.055211,0.072486
2367441780.000,Miguel,recording,knock_twice_right,11,0.171541,6.667619,7.104696,0.013661,0.053053,0.077216
2367441790.000,Miguel,recording,knock_twice_right,11,0.369358,6.598214,7.055456,0.029532,0.036816,0.067439
2367441800.000,Miguel,recording,knock_twice_right,11,0.476693,6.499667,6.928889,0.040694,0.019338,0.043616
2367441810.000,Miguel,recording,knock_twice_right,11,0.429742,6.456322,6.783035,0.041255,0.010485,0.011651
2367441820.000,Miguel,recording,knock_twice_right,11,0.282920,6.521481,6.678681,0.032398,0.012303,-0.015643
2367441830.000,Miguel,recording,knock_twice_right,11,0.155168,6.680628,6.703009,0.021932,0.021054,-0.025309
2367441840.000,Miguel,recording,knock_twice_right,11,0.084984,6.844937,6.725977,0.013357,0.031093,-0.018297
2367441850.000,Miguel,recording,knock_twice_right,11,0.097386,6.976223,6.743849,0.004611,0.039471,-0.005792
2367441860.000,Miguel,recording,knock_twice_right,11,0.171363,7.066719,6.785444,-0.006327,0.040048,0.002387
2367441870.000,Miguel,recording,knock_twice_right,11,0.206290,7.065117,6.864497,-0.018645,0.031883,0.004204
2367441880.000,Miguel,recording,knock_twice_right,11,0.185662,7.056192,6.955345,-0.029825,0.020312,0.002760
2367441890.000,Miguel,recording,knock_twice_right,11,0.158509,7.029620,7.093816,-0.032560,0.005649,0.001403
2367441900.000,Miguel,recording,knock_twice_right,11,0.094052,6.930341,7.249856,-0.021900,-0.010680,0.001675
2367441910.000,Miguel,recording,knock_twice_right,11,0.018557,6.783098,7.304931,-0.000314,-0.028338,0.002734
2367441920.000,Miguel,recording,knock_twice_right,11,0.011694,6.681010,7.239493,0.023829,-0.046857,0.002955
2367441930.000,Miguel,recording,knock_twice_right,11,0.053780,6.660784,7.049981,0.041297,-0.062583,-0.002470
2367441940.000,Miguel,recording,knock_twice_right,11,0.112268,6.689860,6.863751,0.048705,-0.072242,-0.015296
2367441950.000,Miguel,recording,knock_twice_right,11,0.129125,6.736626,6.696999,0.045895,-0.076989,-0.031278
2367441960.000,Miguel,recording,knock_twice_right,11,0.109361,6.814313,6.573591,0.034683,-0.076665,-0.045334
2367441970.000,Miguel,recording,knock_twice_right,11,0.051718,6.904501,6.538447,0.019710,-0.066785,-0.053115
2367441980.000,Miguel,recording,knock_twice_right,11,-0.028636,6.967540,6.551808,0.008693,-0.045691,-0.053242
2367441990.000,Miguel,recording,knock_twice_right,11,-0.102230,6.983454,6.630654,0.003836,-0.019713,-0.046913
2367442000.000,Miguel,recording,knock_twice_right,11,-0.136907,6.984474,6.677993,0.001283,0.003857,-0.036553
2367442010.000,Miguel,recording,knock_twice_right,11,-0.137103,6.995258,6.698518,-0.004131,0.022042,-0.024160
2367442020.000,Miguel,recording,knock_twice_right,11,-0.104633,7.000567,6.741946,-0.013674,0.030995,-0.014665
2367442030.000,Miguel,recording,knock_twice_right,11,-0.089074,6.991363,6.811706,-0.025713,0.028943,-0.011046
2367442040.000,Miguel,recording,knock_twice_right,11,-0.092918,6.993646,6.964311,-0.035933,0.018891,-0.012225
2367442050.000,Miguel,recording,knock_twice_right,11,-0.118516,7.005894,7.108915,-0.037334,0.005059,-0.014675
2367442060.000,Miguel,recording,knock_twice_right,11,-0.160260,7.011647,7.196223,-0.028942,-0.008326,-0.011498
2367442070.000,Miguel,recording,knock_twice_right,11,-0.166406,7.035312,7.204243,-0.014034,-0.015279,-0.001418
2367442080.000,Miguel,recording,knock_twice_right,11,-0.129220,7.045832,7.148539,0.003985,-0.013270,0.010958
2367442090.000,Miguel,recording,knock_twice_right,11,-0.079369,7.024431,7.051195,0.018995,-0.005362,0.022466
2367442100.000,Miguel,recording,knock_twice_right,11,-0.029862,6.983116,6.942337,0.026001,0.004822,0.031449
2367442110.000,Miguel,recording,knock_twice_right,11,0.039605,6.939534,6.853641,0.024530,0.011862,0.035446
2367442120.000,Miguel,recording,knock_twice_right,11,0.118244,6.894860,6.804102,0.017759,0.012635,0.033602
2367442130.000,Miguel,recording,knock_twice_right,11,0.149055,6.857963,6.816836,0.009257,0.008976,0.027617
2367442140.000,Miguel,recording,knock_twice_right,11,0.136677,6.871823,6.859482,0.003018,0.004818,0.020675
2367442150.000,Miguel,recording,knock_twice_right,11,0.129352,6.900991,6.918339,0.001138,0.001766,0.016619
2367442160.000,Miguel,recording,knock_twice_right,11,0.127368,6.915813,6.968191,0.003907,-0.002175,0.015758
2367442170.000,Miguel,recording,knock_twice_right,11,0.119969,6.894668,6.978322,0.011431,-0.005168,0.014333
2367442180.000,Miguel,recording,knock_twice_right,11,0.131609,6.890107,6.936408,0.019674,-0.006210,0.013344
2367442190.000,Miguel,recording,knock_twice_right,11,0.152233,6.885381,6.874671,0.025485,-0.007482,0.014080
2367442200.000,Miguel,recording,knock_twice_right,11,0.176055,6.888009,6.798713,0.026880,-0.008072,0.013323
2367442210.000,Miguel,recording,knock_twice_right,11,0.199792,6.860511,6.720711,0.022424,-0.008020,0.009729
2367442220.000,Miguel,recording,knock_twice_right,11,0.171371,6.844071,6.686498,0.013790,-0.007116,0.005090
2367442230.000,Miguel,recording,knock_twice_right,11,0.127540,6.846197,6.668405,0.002756,-0.004347,0.001785
2367442240.000,Miguel,recording,knock_twice_right,11,0.116118,6.854283,6.702275,-0.007555,-0.000696,0.000623
2367442250.000,Miguel,recording,knock_twice_right,11,0.131721,6.858972,6.756172,-0.015704,0.002718,0.000461
2367442260.000,Miguel,recording,knock_twice_right,11,0.146688,6.851894,6.821759,-0.022528,0.004569,-0.001305
2367442270.000,Miguel,recording,knock_twice_right,11,0.161440,6.858499,6.894873,-0.025873,0.003033,-0.005080
2367442280.000,Miguel,recording,knock_twice_right,11,0.151433,6.859037,6.979843,-0.024672,-0.001838,-0.009760
2367442290.000,Miguel,recording,knock_twice_right,11,0.145591,6.867953,6.993746,-0.020174,-0.006506,-0.015994
2367442300.000,Miguel,recording,knock_twice_right,11,0.130459,6.895294,6.987853,-0.012227,-0.008621,-0.022365
2367442310.000,Miguel,recording,knock_twice_right,11,0.087295,6.932055,6.952390,-0.003829,-0.008619,-0.026433
2367442320.000,Miguel,recording,knock_twice_right,11,0.027180,6.956311,6.940955,0.000282,-0.006798,-0.026740
2367442330.000,Miguel,recording,knock_twice_right,11,-0.015189,6.974121,6.927484,0.001121,-0.003594,-0.022405
2367442340.000,Miguel,recording,knock_twice_right,11,-0.008180,6.961212,6.928399,0.000802,-0.001205,-0.014461
2367442350.000,Miguel,recording,knock_twice_right,11,0.003994,6.930509,6.935984,-0.000511,-0.001316,-0.006927
2367442360.000,Miguel,recording,knock_twice_right,11,0.040408,6.882994,6.931136,-0.002611,-0.003487,-0.005261
2367442370.000,Miguel,recording,knock_twice_right,11,0.059133,6.848049,6.934963,-0.005335,-0.006289,-0.008204
2367442380.000,Miguel,recording,knock_twice_right,11,0.076933,6.842582,6.943558,-0.007758,-0.009038,-0.015214
2367442390.000,Miguel,recording,knock_twice_right,11,0.065885,6.866253,6.970894,-0.006536,-0.011155,-0.024944
2367442400.000,Miguel,recording,knock_twice_right,11,0.016728,6.895526,6.979649,-0.001193,-0.011231,-0.031791
2367442410.000,Miguel,recording,knock_twice_right,11,-0.026783,6.962119,6.951879,0.004849,-0.008856,-0.032197
2367442420.000,Miguel,recording,knock_twice_right,11,-0.054152,7.009916,6.925507,0.007645,-0.005665,-0.025756
2367442430.000,Miguel,recording,knock_twice_right,11,-0.074152,7.009743,6.904802,0.008190,-0.003314,-0.016773
2367442440.000,Miguel,recording,knock_twice_right,11,-0.075933,6.992703,6.907695,0.008940,-0.002852,-0.007658
2367442450.000,Miguel,recording,knock_twice_right,11,-0.045473,6.963306,6.884111,0.009310,-0.005322,0.001101
2367442460.000,Miguel,recording,knock_twice_right,11,0.009022,6.942404,6.881171,0.010905,-0.008588,0.004807
2367442470.000,Miguel,recording,knock_twice_right,11,0.044891,6.913761,6.848899,0.012839,-0.009522,0.002536
2367442480.000,Miguel,recording,knock_twice_right,11,0.038208,6.894700,6.796207,0.012571,-0.008399,-0.001038
2367442490.000,Miguel,recording,knock_twice_right,11,0.025545,6.895202,6.754990,0.008886,-0.007523,-0.003279
2367442500.000,Miguel,recording,knock_twice_right,11,0.004084,6.903687,6.739013,0.002732,-0.005406,-0.002800
2367442510.000,Miguel,recording,knock_twice_right,11,-0.002910,6.914204,6.767106,-0.004485,-0.002069,0.000682
2367442520.000,Miguel,recording,knock_twice_right,11,0.040982,6.915256,6.821961,-0.009558,0.001498,0.004721
2367442530.000,Miguel,recording,knock_twice_right,11,0.115993,6.911928,6.874379,-0.008895,0.006035,0.005413
2367442540.000,Miguel,recording,knock_twice_right,11,0.186470,6.906672,6.907163,-0.003456,0.008438,0.001832
2367442550.000,Miguel,recording,knock_twice_right,11,0.217306,6.900287,6.866004,0.001814,0.007135,-0.004863
2367442560.000,Miguel,recording,knock_twice_right,11,0.214068,6.984347,6.857211,0.037445,0.075786,-0.117070
2367442570.000,Miguel,recording,knock_twice_right,11,-0.399333,7.174475,6.495461,0.021733,0.124842,-0.222463
2367442580.000,Miguel,recording,knock_twice_right,11,-1.558408,7.086674,6.039988,-0.048117,0.037417,-0.148451
2367442590.000,Miguel,recording,knock_twice_right,11,-1.002543,7.048912,6.890932,-0.079774,-0.039907,-0.026535
2367442600.000,Miguel,recording,knock_twice_right,11,-0.278428,7.332161,7.020295,-0.086674,-0.060992,0.043475
2367442610.000,Miguel,recording,knock_twice_right,11,-0.106144,7.008447,7.226103,-0.067840,-0.067780,0.096876
2367442620.000,Miguel,recording,knock_twice_right,11,-0.033116,6.989567,7.111684,-0.032210,-0.028269,0.182959
2367442630.000,Miguel,recording,knock_twice_right,11,0.389341,6.992687,7.277602,0.015884,0.059610,0.246254
2367442640.000,Miguel,recording,knock_twice_right,11,0.976092,6.659077,7.147472,0.049311,0.140936,0.219702
2367442650.000,Miguel,recording,knock_twice_right,11,1.123395,6.393727,7.015402,0.049179,0.163183,0.124396
2367442660.000,Miguel,recording,knock_twice_right,11,0.969774,6.394837,7.078845,0.032451,0.130718,0.022796
2367442670.000,Miguel,recording,knock_twice_right,11,0.634524,6.627982,7.192582,0.014123,0.064665,-0.046166
2367442680.000,Miguel,recording,knock_twice_right,11,0.209757,6.802795,7.240855,-0.002926,-0.024545,-0.073123
2367442690.000,Miguel,recording,knock_twice_right,11,-0.097267,6.841478,7.199045,-0.012693,-0.102300,-0.058662
2367442700.000,Miguel,recording,knock_twice_right,11,-0.053811,6.865221,7.143250,-0.008468,-0.131471,-0.018080
2367442710.000,Miguel,recording,knock_twice_right,11,0.251991,6.888168,7.049736,0.007019,-0.111007,0.020194
2367442720.000,Miguel,recording,knock_twice_right,11,0.626665,6.828832,6.951059,0.026369,-0.065065,0.026504
2367442730.000,Miguel,recording,knock_twice_right,11,0.817186,6.760700,6.955158,0.070035,0.039207,-0.074284
2367442740.000,Miguel,recording,knock_twice_right,11,0.308201,6.920175,6.788867,0.107476,0.213546,-0.203924
2367442750.000,Miguel,recording,knock_twice_right,11,-1.045136,7.020384,6.238684,0.140706,0.298788,-0.173715
2367442760.000,Miguel,recording,knock_twice_right,11,-1.141081,6.960875,6.436220,0.171353,0.264623,-0.050512
2367442770.000,Miguel,recording,knock_twice_right,11,-0.440206,7.394076,6.342056,0.127708,0.161689,0.022331
2367442780.000,Miguel,recording,knock_twice_right,11,-0.401990,7.049473,6.090183,0.015038,-0.041603,0.051165
2367442790.000,Miguel,recording,knock_twice_right,11,-0.362475,7.006638,6.163853,-0.121145,-0.253817,0.084993
2367442800.000,Miguel,recording,knock_twice_right,11,0.026025,6.873212,6.675519,-0.215908,-0.353939,0.107162
2367442810.000,Miguel,recording,knock_twice_right,11,0.564648,6.817177,7.254469,-0.229345,-0.318636,0.080910
2367442820.000,Miguel,recording,knock_twice_right,11,0.675049,6.831186,7.623546,-0.166892,-0.193176,0.024141
2367442830.000,Miguel,recording,knock_twice_right,11,0.422452,6.854732,7.759271,-0.053358,-0.025020,-0.018187
2367442840.000,Miguel,recording,knock_twice_right,11,0.061976,7.003858,7.679033,0.065419,0.127017,-0.024102
2367442850.000,Miguel,recording,knock_twice_right,11,-0.178519,7.111924,7.328811,0.143147,0.201139,-0.002791
2367442860.000,Miguel,recording,knock_twice_right,11,-0.233661,7.093758,6.871203,0.155248,0.178610,0.027595
2367442870.000,Miguel,recording,knock_twice_right,11,-0.105536,6.978043,6.543499,0.106121,0.087349,0.052757
2367442880.000,Miguel,recording,knock_twice_right,11,0.139678,6.852348,6.462858,0.025561,-0.026825,0.059954
2367442890.000,Miguel,recording,knock_twice_right,11,0.386351,6.738766,6.622174,-0.048187,-0.122798,0.041986
2367442900.000,Miguel,recording,knock_twice_right,11,0.461144,6.640525,6.901176,-0.087556,-0.167531,0.004450
2367442910.000,Miguel,recording,knock_twice_right,11,0.363208,6.657760,7.140062,-0.082461,-0.150915,-0.032778
2367442920.000,Miguel,recording,knock_twice_right,11,0.208398,6.774496,7.272483,-0.038480,-0.091795,-0.054048
2367442930.000,Miguel,recording,knock_twice_right,11,0.080870,6.902761,7.253732,0.024976,-0.016083,-0.057902
2367442940.000,Miguel,recording,knock_twice_right,11,-0.025603,6.988948,7.054864,0.080966,0.051992,-0.050027
2367442950.000,Miguel,recording,knock_twice_right,11,-0.083703,7.035673,6.809727,0.107322,0.087357,-0.038766
2367442960.000,Miguel,recording,knock_twice_right,11,-0.096796,7.070771,6.630230,0.099364,0.077876,-0.028321
2367442970.000,Miguel,recording,knock_twice_right,11,-0.116616,7.072220,6.531397,0.068089,0.035936,-0.020418
2367442980.000,Miguel,recording,knock_twice_right,11,-0.160385,7.047495,6.538250,0.028084,-0.015914,-0.014882
2367442990.000,Miguel,recording,knock_twice_right,11,-0.196901,7.032300,6.621303,-0.005512,-0.059573,-0.007238
2367443000.000,Miguel,recording,knock_twice_right,11,-0.187203,7.017429,6.727223,-0.024311,-0.080593,0.004437
2367443010.000,Miguel,recording,knock_twice_right,11,-0.137526,7.015796,6.800136,-0.027681,-0.072513,0.018030
2367443020.000,Miguel,recording,knock_twice_right,11,-0.045293,7.003342,6.844814,-0.018229,-0.043102,0.029511
2367443030.000,Miguel,recording,knock_twice_right,11,0.046693,6.972200,6.868206,-0.001294,-0.007776,0.032918
2367443040.000,Miguel,recording,knock_twice_right,11,0.082440,6.942797,6.848850,0.014518,0.021826,0.029818
2367443050.000,Miguel,recording,knock_twice_right,11,0.100063,6.917499,6.821335,0.023697,0.036828,0.023229
2367443060.000,Miguel,recording,knock_twice_right,11,0.088367,6.927165,6.779092,0.024737,0.035292,0.014611
2367443070.000,Miguel,recording,knock_twice_right,11,0.034514,6.949304,6.775678,0.017651,0.025276,0.007991
2367443080.000,Miguel,recording,knock_twice_right,11,-0.013199,6.960503,6.775002,0.007454,0.014325,0.005070
2367443090.000,Miguel,recording,knock_twice_right,11,-0.033205,6.974005,6.794081,-0.001047,0.008159,0.005316
2367443100.000,Miguel,recording,knock_twice_right,11,-0.009093,7.004764,6.827387,-0.004847,0.010462,0.007293
2367443110.000,Miguel,recording,knock_twice_right,11,0.022887,7.017148,6.867902,-0.004955,0.017336,0.009693
2367443120.000,Miguel,recording,knock_twice_right,11,0.037087,7.011024,6.895597,-0.003708,0.022659,0.011959
2367443130.000,Miguel,recording,knock_twice_right,11,0.039403,6.985589,6.911033,-0.001357,0.023858,0.014434
2367443140.000,Miguel,recording,knock_twice_right,11,0.050633,6.979024,6.901147,0.000607,0.020203,0.017026
2367443150.000,Miguel,recording,knock_twice_right,11,0.075207,6.945492,6.893179,0.001200,0.013706,0.018203
2367443160.000,Miguel,recording,knock_twice_right,11,0.089693,6.921394,6.877868,0.002279,0.007178,0.016660
2367443170.000,Miguel,recording,knock_twice_right,11,0.115822,6.916049,6.863910,0.004548,0.001883,0.014704
2367443180.000,Miguel,recording,knock_twice_right,11,0.135405,6.902141,6.833639,0.006202,-0.000182,0.014667
2367443190.000,Miguel,recording,knock_twice_right,11,0.132100,6.895651,6.783172,0.005184,0.000148,0.014726
2367443200.000,Miguel,recording,knock_twice_right,11,0.140863,6.886013,6.756543,0.002888,0.000096,0.013883
2367443210.000,Miguel,recording,knock_twice_right,11,0.157584,6.872050,6.760050,0.001217,-0.000217,0.015485
2367443220.000,Miguel,recording,knock_twice_right,11,0.169320,6.866398,6.758395,-0.000085,0.000171,0.018628
2367443230.000,Miguel,recording,knock_twice_right,11,0.206099,6.850166,6.745909,-0.002127,0.000113,0.018102
2367443240.000,Miguel,recording,knock_twice_right,11,0.245338,6.831051,6.715604,-0.005966,-0.001366,0.012784
2367443250.000,Miguel,recording,knock_twice_right,12,0.289662,6.825461,6.668538,-0.013592,-0.001533,0.003814
2367443260.000,Miguel,recording,knock_twice_right,12,0.303673,6.848430,6.686176,-0.024733,0.003053,-0.006765
2367443270.000,Miguel,recording,knock_twice_right,12,0.263484,6.874491,6.768902,-0.035173,0.009981,-0.017448
2367443280.000,Miguel,recording,knock_twice_right,12,0.176028,6.898550,6.893046,-0.038727,0.015262,-0.024068
2367443290.000,Miguel,recording,knock_twice_right,12,0.075908,6.907055,7.020623,-0.031698,0.019320,-0.024016
2367443300.000,Miguel,recording,knock_twice_right,12,0.025460,6.929467,7.063961,-0.019375,0.022866,-0.019406
2367443310.000,Miguel,recording,knock_twice_right,12,0.050866,6.948941,7.067927,-0.006636,0.024759,-0.015104
2367443320.000,Miguel,recording,knock_twice_right,12,0.077274,6.955728,7.059194,0.003802,0.022092,-0.014604
2367443330.000,Miguel,recording,knock_twice_right,12,0.092306,6.933410,7.002523,0.006451,0.012287,-0.018589
2367443340.000,Miguel,recording,knock_twice_right,12,0.095581,6.939554,6.952627,0.001274,-0.003729,-0.025494
2367443350.000,Miguel,recording,knock_twice_right,12,0.055824,6.968521,6.945554,-0.006586,-0.023711,-0.033097
2367443360.000,Miguel,recording,knock_twice_right,12,0.014305,6.986569,6.953221,-0.011706,-0.041082,-0.038039
2367443370.000,Miguel,recording,knock_twice_right,12,-0.023244,6.966511,6.947659,-0.011617,-0.049472,-0.036417
2367443380.000,Miguel,recording,knock_twice_right,12,-0.071426,6.962487,6.949494,-0.006455,-0.046878,-0.030205
2367443390.000,Miguel,recording,knock_twice_right,12,-0.098877,6.959081,6.942281,0.002456,-0.032240,-0.023161
2367443400.000,Miguel,recording,knock_twice_right,12,-0.096403,6.961617,6.906719,0.013894,-0.011211,-0.016155
2367443410.000,Miguel,recording,knock_twice_right,12,-0.070733,6.972511,6.847147,0.022673,0.006119,-0.010068
2367443420.000,Miguel,recording,knock_twice_right,12,-0.062086,6.983996,6.788013,0.022524,0.015887,-0.007326
2367443430.000,Miguel,recording,knock_twice_right,12,-0.089860,6.995581,6.762706,0.015153,0.015419,-0.006785
2367443440.000,Miguel,recording,knock_twice_right,12,-0.097305,7.014950,6.794066,0.004285,0.005265,-0.005459
2367443450.000,Miguel,recording,knock_twice_right,12,-0.099363,7.027971,6.846994,-0.005412,-0.009550,-0.001935
2367443460.000,Miguel,recording,knock_twice_right,12,-0.085615,7.017852,6.890713,-0.009491,-0.023725,0.002646
2367443470.000,Miguel,recording,knock_twice_right,12,-0.040242,6.988884,6.873688,-0.008528,-0.031302,0.005931
2367443480.000,Miguel,recording,knock_twice_right,12,-0.005553,6.972564,6.839919,-0.006158,-0.029009,0.007091
2367443490.000,Miguel,recording,knock_twice_right,12,0.017246,6.969150,6.818084,-0.003297,-0.018320,0.005798
2367443500.000,Miguel,recording,knock_twice_right,12,0.034181,6.958831,6.837790,0.001183,-0.005021,0.004537
2367443510.000,Miguel,recording,knock_twice_right,12,0.005331,6.955233,6.875787,0.009086,0.009508,0.004257
2367443520.000,Miguel,recording,knock_twice_right,12,-0.034214,6.955012,6.869110,0.016890,0.025157,0.005041
2367443530.000,Miguel,recording,knock_twice_right,12,-0.051084,6.949719,6.864211,0.019843,0.036678,0.008328
2367443540.000,Miguel,recording,knock_twice_right,12,-0.050278,6.953292,6.871254,0.019270,0.037148,0.012540
2367443550.000,Miguel,recording,knock_twice_right,12,-0.009709,6.935856,6.858277,0.016560,0.026504,0.016800
2367443560.000,Miguel,recording,knock_twice_right,12,0.039721,6.919550,6.800975,0.010626,0.010520,0.019043
2367443570.000,Miguel,recording,knock_twice_right,12,0.096772,6.886172,6.763746,0.000559,-0.007069,0.017665
2367443580.000,Miguel,recording,knock_twice_right,12,0.152837,6.911679,6.767966,-0.009396,-0.020656,0.012550
2367443590.000,Miguel,recording,knock_twice_right,12,0.208389,6.916957,6.805277,-0.014225,-0.024099,0.005156
2367443600.000,Miguel,recording,knock_twice_right,12,0.217097,6.946702,6.809013,-0.013903,-0.014846,-0.000884
2367443610.000,Miguel,recording,knock_twice_right,12,0.174047,6.967368,6.831200,-0.011538,0.004613,-0.005040
2367443620.000,Miguel,recording,knock_twice_right,12,0.114908,6.979681,6.861202,-0.008946,0.027752,-0.005695
2367443630.000,Miguel,recording,knock_twice_right,12,0.044528,6.953894,6.936866,-0.006009,0.047135,-0.002975
2367443640.000,Miguel,recording,knock_twice_right,12,0.027769,6.918739,7.000817,-0.002929,0.053207,0.000987
2367443650.000,Miguel,recording,knock_twice_right,12,0.014636,6.858022,7.051966,-0.000080,0.040984,0.003709
2367443660.000,Miguel,recording,knock_twice_right,12,0.047632,6.829001,7.067964,0.005834,0.015603,0.002584
2367443670.000,Miguel,recording,knock_twice_right,12,0.113475,6.830351,7.012783,0.014460,-0.015844,-0.001249
2367443680.000,Miguel,recording,knock_twice_right,12,0.182608,6.864668,6.880540,0.021966,-0.043430,-0.008016
2367443690.000,Miguel,recording,knock_twice_right,12,0.240254,6.919134,6.693303,0.025623,-0.054984,-0.017015
2367443700.000,Miguel,recording,knock_twice_right,12,0.262622,6.988904,6.513138,0.021647,-0.046878,-0.026979
2367443710.000,Miguel,recording,knock_twice_right,12,0.169260,7.019332,6.414510,0.008834,-0.021595,-0.034760
2367443720.000,Miguel,recording,knock_twice_right,12,0.051706,7.019756,6.444013,-0.009205,0.011697,-0.034740
2367443730.000,Miguel,recording,knock_twice_right,12,-0.054667,6.996759,6.581280,-0.026325,0.041066,-0.026029
2367443740.000,Miguel,recording,knock_twice_right,12,-0.087243,6.975479,6.762499,-0.037840,0.058044,-0.013325
2367443750.000,Miguel,recording,knock_twice_right,12,-0.082943,6.960020,6.949660,-0.041706,0.055762,-0.002769
2367443760.000,Miguel,recording,knock_twice_right,12,-0.039423,6.933800,7.070327,-0.038265,0.036035,0.004830
2367443770.000,Miguel,recording,knock_twice_right,12,0.008710,6.926484,7.083636,-0.029483,0.008132,0.007332
2367443780.000,Miguel,recording,knock_twice_right,12,0.040289,6.959282,7.062076,-0.020060,-0.017300,0.004803
2367443790.000,Miguel,recording,knock_twice_right,12,0.047639,6.959165,7.000392,-0.014295,-0.031113,0.001709
2367443800.000,Miguel,recording,knock_twice_right,12,0.049755,6.954679,6.958976,-0.010387,-0.030873,-0.001414
2367443810.000,Miguel,recording,knock_twice_right,12,0.069036,6.937966,6.979620,-0.003738,-0.020679,-0.003434
2367443820.000,Miguel,recording,knock_twice_right,12,0.078900,6.920591,6.960847,0.005188,-0.007844,-0.004315
2367443830.000,Miguel,recording,knock_twice_right,12,0.078695,6.885367,6.913169,0.010797,0.001544,-0.005532
2367443840.000,Miguel,recording,knock_twice_right,12,0.080801,6.852062,6.889005,0.011192,0.005118,-0.009587
2367443850.000,Miguel,recording,knock_twice_right,12,0.105821,6.849314,6.877511,0.010596,0.002178,-0.017048
2367443860.000,Miguel,recording,knock_twice_right,12,0.130289,6.872036,6.873502,0.009710,-0.003743,-0.025501
2367443870.000,Miguel,recording,knock_twice_right,12,0.086323,6.948631,6.852321,0.007284,-0.009152,-0.034306
2367443880.000,Miguel,recording,knock_twice_right,12,0.003098,7.020734,6.834451,0.004366,-0.011886,-0.040659
2367443890.000,Miguel,recording,knock_twice_right,12,-0.102492,7.051961,6.824855,0.001576,-0.009553,-0.040277
2367443900.000,Miguel,recording,knock_twice_right,12,-0.153260,7.055061,6.846432,0.000305,-0.004235,-0.030857
2367443910.000,Miguel,recording,knock_twice_right,12,-0.178897,7.030339,6.855830,-0.000190,0.001459,-0.016091
2367443920.000,Miguel,recording,knock_twice_right,12,-0.183211,6.999524,6.872934,-0.001266,0.004944,-0.002489
2367443930.000,Miguel,recording,knock_twice_right,12,-0.154384,6.968943,6.927212,-0.000338,0.002692,0.008553
2367443940.000,Miguel,recording,knock_twice_right,12,-0.104895,6.958185,6.934055,0.003625,-0.003184,0.015808
2367443950.000,Miguel,recording,knock_twice_right,12,-0.066067,6.964916,6.896758,0.007577,-0.008897,0.019267
2367443960.000,Miguel,recording,knock_twice_right,12,-0.031511,6.954059,6.834730,0.006483,-0.014090,0.021273
2367443970.000,Miguel,recording,knock_twice_right,12,0.032365,6.955581,6.794586,0.001732,-0.018471,0.021577
2367443980.000,Miguel,recording,knock_twice_right,12,0.090094,6.947345,6.820536,-0.001713,-0.017553,0.019911
2367443990.000,Miguel,recording,knock_twice_right,12,0.108056,6.923403,6.845691,-0.000918,-0.011119,0.015312
2367444000.000,Miguel,recording,knock_twice_right,12,0.085715,6.901666,6.886606,0.004521,-0.003634,0.007885
2367444010.000,Miguel,recording,knock_twice_right,12,0.017957,6.908209,6.907114,0.011821,0.002675,0.003229
2367444020.000,Miguel,recording,knock_twice_right,12,-0.051928,6.935382,6.870749,0.016937,0.006392,0.004701
2367444030.000,Miguel,recording,knock_twice_right,12,-0.066521,6.954055,6.801997,0.016005,0.005949,0.009954
2367444040.000,Miguel,recording,knock_twice_right,12,-0.043035,6.959911,6.737527,0.007535,0.000397,0.016256
2367444050.000,Miguel,recording,knock_twice_right,12,0.010664,6.946637,6.717222,-0.006740,-0.005813,0.019732
2367444060.000,Miguel,recording,knock_twice_right,12,0.072875,6.938291,6.752064,-0.020721,-0.009518,0.020049
2367444070.000,Miguel,recording,knock_twice_right,12,0.150367,6.943191,6.827839,-0.026779,-0.010528,0.016888
2367444080.000,Miguel,recording,knock_twice_right,12,0.186764,6.911887,6.917775,-0.024013,-0.006261,0.009530
2367444090.000,Miguel,recording,knock_twice_right,12,0.134571,6.879807,6.943048,-0.015180,0.005137,0.001960
2367444100.000,Miguel,recording,knock_twice_right,12,0.045598,6.876133,6.967324,-0.004549,0.017848,-0.001472
2367444110.000,Miguel,recording,knock_twice_right,12,0.033033,6.890086,7.013224,0.005243,0.023109,-0.000273
2367444120.000,Miguel,recording,knock_twice_right,12,0.037876,6.892747,7.011311,0.014036,0.019415,0.001875
2367444130.000,Miguel,recording,knock_twice_right,12,0.043567,6.883253,6.976041,0.019451,0.010439,0.002028
2367444140.000,Miguel,recording,knock_twice_right,12,0.054742,6.881115,6.906920,0.019192,-0.003077,-0.000870
2367444150.000,Miguel,recording,knock_twice_right,12,0.085771,6.900826,6.834946,0.014220,-0.018697,-0.005500
2367444160.000,Miguel,recording,knock_twice_right,12,0.083668,6.947581,6.777803,0.006559,-0.027918,-0.008842
2367444170.000,Miguel,recording,knock_twice_right,12,0.078151,6.962772,6.757865,-0.002224,-0.028097,-0.010006
2367444180.000,Miguel,recording,knock_twice_right,12,0.063794,6.961945,6.778102,-0.007716,-0.023202,-0.009017
2367444190.000,Miguel,recording,knock_twice_right,12,0.070512,6.928097,6.802794,-0.008934,-0.015004,-0.006168
2367444200.000,Miguel,recording,knock_twice_right,12,0.100508,6.925735,6.839526,-0.005856,-0.005931,-0.003342
2367444210.000,Miguel,recording,knock_twice_right,12,0.113468,6.928366,6.848154,-0.003121,-0.000897,-0.002067
2367444220.000,Miguel,recording,knock_twice_right,12,0.100301,6.907219,6.822788,-0.006255,-0.001657,-0.000389
2367444230.000,Miguel,recording,knock_twice_right,12,0.094072,6.874443,6.834532,-0.011679,-0.005121,0.001547
2367444240.000,Miguel,recording,knock_twice_right,12,0.138692,6.854569,6.916483,-0.014226,-0.007379,-0.001312
2367444250.000,Miguel,recording,knock_twice_right,12,0.127426,6.846314,6.976754,-0.012082,-0.008341,-0.008304
2367444260.000,Miguel,recording,knock_twice_right,12,0.098514,6.848358,6.990169,-0.006304,-0.011627,-0.014259
2367444270.000,Miguel,recording,knock_twice_right,12,0.088174,6.861696,6.967496,0.002537,-0.019596,-0.015771
2367444280.000,Miguel,recording,knock_twice_right,12,0.112123,6.912043,6.911067,0.008432,-0.028629,-0.015113
2367444290.000,Miguel,recording,knock_twice_right,12,0.141205,6.955282,6.824401,0.006359,-0.035963,-0.015333
2367444300.000,Miguel,recording,knock_twice_right,12,0.181431,6.981295,6.770113,0.000481,-0.040674,-0.017773
2367444310.000,Miguel,recording,knock_twice_right,12,0.211807,6.971780,6.806704,-0.005232,-0.040139,-0.023031
2367444320.000,Miguel,recording,knock_twice_right,12,0.154661,6.944479,6.852338,-0.007530,-0.033883,-0.028433
2367444330.000,Miguel,recording,knock_twice_right,12,0.065032,6.943317,6.884559,-0.005250,-0.024747,-0.030612
2367444340.000,Miguel,recording,knock_twice_right,12,-0.031731,6.957434,6.908859,0.001433,-0.016128,-0.027140
2367444350.000,Miguel,recording,knock_twice_right,12,-0.067152,6.975339,6.907576,0.008724,-0.009623,-0.018669
2367444360.000,Miguel,recording,knock_twice_right,12,-0.057150,6.998999,6.861727,0.012056,-0.006151,-0.009418
2367444370.000,Miguel,recording,knock_twice_right,12,-0.032635,7.016459,6.827350,0.010802,-0.006138,-0.001412
2367444380.000,Miguel,recording,knock_twice_right,12,-0.000952,7.035426,6.812629,0.004860,-0.008863,0.005646
2367444390.000,Miguel,recording,knock_twice_right,12,0.028496,7.028995,6.823010,-0.002643,-0.014547,0.009717
2367444400.000,Miguel,recording,knock_twice_right,12,0.069692,7.002018,6.841144,-0.010189,-0.022752,0.010004
2367444410.000,Miguel,recording,knock_twice_right,12,0.095965,6.977002,6.820372,-0.017377,-0.029502,0.007091
2367444420.000,Miguel,recording,knock_twice_right,12,0.108960,6.948907,6.859715,-0.023541,-0.031638,0.003035
2367444430.000,Miguel,recording,knock_twice_right,12,0.128521,6.915684,6.917887,-0.024882,-0.028664,-0.000558
2367444440.000,Miguel,recording,knock_twice_right,12,0.147891,6.874570,6.940552,-0.019793,-0.021040,-0.005956
2367444450.000,Miguel,recording,knock_twice_right,12,0.170897,6.857632,6.945156,-0.011438,-0.011301,-0.014274
2367444460.000,Miguel,recording,knock_twice_right,12,0.151826,6.863291,6.947179,-0.001138,-0.002157,-0.025130
2367444470.000,Miguel,recording,knock_twice_right,12,0.065758,6.893354,6.927873,0.008533,0.006887,-0.034533
2367444480.000,Miguel,recording,knock_twice_right,12,-0.028644,6.938896,6.902308,0.014950,0.015944,-0.037019
2367444490.000,Miguel,recording,knock_twice_right,12,-0.080940,6.986759,6.898245,0.018326,0.019501,-0.033242
2367444500.000,Miguel,recording,knock_twice_right,12,-0.112532,7.005810,6.862057,0.018892,0.015680,-0.026070
2367444510.000,Miguel,recording,knock_twice_right,12,-0.120147,6.997019,6.808733,0.012380,0.008447,-0.018347
2367444520.000,Miguel,recording,knock_twice_right,12,-0.116201,7.007464,6.788618,-0.000979,-0.000448,-0.011621
2367444530.000,Miguel,recording,knock_twice_right,12,-0.090957,6.991703,6.853560,-0.013708,-0.012094,-0.006860
2367444540.000,Miguel,recording,knock_twice_right,12,-0.077062,6.985068,6.933970,-0.018891,-0.022156,-0.002734
2367444550.000,Miguel,recording,knock_twice_right,12,-0.083298,6.973150,6.948830,-0.015750,-0.025800,0.001143
2367444560.000,Miguel,recording,knock_twice_right,12,-0.074340,6.959194,6.963219,-0.007625,-0.023739,0.005224
2367444570.000,Miguel,recording,knock_twice_right,12,-0.038474,6.957188,6.928661,0.002603,-0.016219,0.009981
2367444580.000,Miguel,recording,knock_twice_right,12,0.010222,6.932659,6.843789,0.011116,-0.005637,0.012767
2367444590.000,Miguel,recording,knock_twice_right,12,0.065778,6.922424,6.763814,0.013479,0.003041,0.012506
2367444600.000,Miguel,recording,knock_twice_right,12,0.069921,6.914140,6.727172,0.008530,0.009253,0.009951
2367444610.000,Miguel,recording,knock_twice_right,12,0.018911,6.921832,6.792538,0.001635,0.014298,0.008986
2367444620.000,Miguel,recording,knock_twice_right,12,-0.001610,6.920789,6.896832,0.000168,0.014249,0.010358
2367444630.000,Miguel,recording,knock_twice_right,12,0.032193,6.912468,6.931849,0.002917,0.009394,0.011369
2367444640.000,Miguel,recording,knock_twice_right,12,0.089407,6.927129,6.900918,0.005479,0.001790,0.010362
2367444650.000,Miguel,recording,knock_twice_right,12,0.136931,6.963686,6.862420,0.005194,-0.006109,0.006633
2367444660.000,Miguel,recording,knock_twice_right,12,0.122569,6.978268,6.860577,0.001471,-0.009730,0.000784
2367444670.000,Miguel,recording,knock_twice_right,12,0.062083,6.992643,6.862686,-0.001216,-0.010624,-0.002247
2367444680.000,Miguel,recording,knock_twice_right,12,0.032145,7.000696,6.859422,-0.000376,-0.009770,0.000224
2367444690.000,Miguel,recording,knock_twice_right,12,0.040312,6.988443,6.837354,0.001304,-0.007304,0.006787
2367444700.000,Miguel,recording,knock_twice_right,12,0.048118,6.953189,6.764647,-0.000502,-0.003504,0.013410
2367444710.000,Miguel,recording,knock_twice_right,12,0.064118,6.911192,6.764559,-0.004950,0.001157,0.017576
2367444720.000,Miguel,recording,knock_twice_right,12,0.114486,6.892301,6.836533,-0.007356,0.003616,0.019954
2367444730.000,Miguel,recording,knock_twice_right,12,0.158538,6.874765,6.863857,-0.006341,0.003773,0.018382
2367444740.000,Miguel,recording,knock_twice_right,12,0.194003,6.885818,6.874943,-0.004584,0.002315,0.012881
2367444750.000,Miguel,recording,knock_twice_right,12,0.164855,6.896715,6.880162,-0.005504,-0.001864,0.005004
2367444760.000,Miguel,recording,knock_twice_right,12,0.136595,6.905398,6.912004,-0.006034,-0.005912,-0.001556
2367444770.000,Miguel,recording,knock_twice_right,12,0.139811,6.897335,6.926231,-0.003355,-0.007751,-0.002462
2367444780.000,Miguel,recording,knock_twice_right,12,0.143111,6.909130,6.907535,-0.000277,-0.008209,-0.000625
2367444790.000,Miguel,recording,knock_twice_right,12,0.149502,6.923221,6.873517,0.001134,-0.007215,-0.002005
2367444800.000,Miguel,recording,knock_twice_right,12,0.146577,6.930089,6.845425,-0.000296,-0.003811,-0.004817
2367444810.000,Miguel,recording,knock_twice_right,12,0.114091,6.944686,6.877859,-0.000788,0.001289,-0.005557
2367444820.000,Miguel,recording,knock_twice_right,12,0.059253,6.933398,6.926204,0.003369,0.004558,-0.004067
2367444830.000,Miguel,recording,knock_twice_right,12,0.057543,6.919602,6.919512,0.010085,0.004529,-0.002440
2367444840.000,Miguel,recording,knock_twice_right,12,0.078044,6.920191,6.853187,0.013814,0.003512,-0.003135
2367444850.000,Miguel,recording,knock_twice_right,12,0.060557,6.923301,6.801437,0.011048,0.003021,-0.004714
2367444860.000,Miguel,recording,knock_twice_right,12,0.032439,6.922863,6.763560,0.002598,0.001082,-0.006627
2367444870.000,Miguel,recording,knock_twice_right,12,0.036678,6.911812,6.783319,-0.007249,-0.003602,-0.008948
2367444880.000,Miguel,recording,knock_twice_right,12,0.036952,6.920828,6.849592,-0.014109,-0.008763,-0.011768
2367444890.000,Miguel,recording,knock_twice_right,12,0.006350,6.944222,6.913087,-0.016244,-0.011117,-0.014806
2367444900.000,Miguel,recording,knock_twice_right,12,-0.015425,6.955516,6.951982,-0.011256,-0.012364,-0.015910
2367444910.000,Miguel,recording,knock_twice_right,12,-0.002467,6.969230,6.934488,-0.001464,-0.011454,-0.015172
2367444920.000,Miguel,recording,knock_twice_right,12,-0.002594,6.996344,6.883465,0.006633,-0.007189,-0.013034
2367444930.000,Miguel,recording,knock_twice_right,12,-0.016809,6.997218,6.808600,0.009966,-0.003097,-0.009120
2367444940.000,Miguel,recording,knock_twice_right,12,-0.041519,7.005696,6.755691,0.008403,0.000488,-0.004078
2367444950.000,Miguel,recording,knock_twice_right,12,-0.041069,6.993496,6.732370,0.001730,0.004127,0.002013
2367444960.000,Miguel,recording,knock_twice_right,12,-0.015062,6.980480,6.756025,-0.008156,0.008399,0.008015
2367444970.000,Miguel,recording,knock_twice_right,12,0.002430,6.949462,6.838244,-0.016841,0.010664,0.012499
2367444980.000,Miguel,recording,knock_twice_right,12,0.004627,6.888873,6.921500,-0.019301,0.007848,0.014478
2367444990.000,Miguel,recording,knock_twice_right,12,0.025325,6.854319,6.976075,-0.013816,0.003769,0.013539
2367445000.000,Miguel,recording,knock_twice_right,12,0.050109,6.871246,6.978857,-0.004633,-0.000433,0.010977
2367445010.000,Miguel,recording,knock_twice_right,12,0.084249,6.899983,6.955778,0.003724,-0.004383,0.007729
2367445020.000,Miguel,recording,knock_twice_right,12,0.096896,6.934778,6.893051,0.008077,-0.005032,0.004766
2367445030.000,Miguel,recording,knock_twice_right,12,0.081506,6.973572,6.868688,0.008732,-0.006053,0.004009
2367445040.000,Miguel,recording,knock_twice_right,12,0.075857,6.966918,6.847092,0.008042,-0.007407,0.006073
2367445050.000,Miguel,recording,knock_twice_right,12,0.080801,6.966798,6.833314,0.006809,-0.005444,0.009432
2367445060.000,Miguel,recording,knock_twice_right,12,0.100985,6.940575,6.818161,0.005071,-0.000936,0.012456
2367445070.000,Miguel,recording,knock_twice_right,12,0.130696,6.924942,6.844936,0.001948,0.004672,0.012962
2367445080.000,Miguel,recording,knock_twice_right,12,0.147842,6.915457,6.869114,-0.001555,0.009594,0.010187
2367445090.000,Miguel,recording,knock_twice_right,12,0.132292,6.928890,6.901018,-0.002586,0.010656,0.005613
2367445100.000,Miguel,recording,knock_twice_right,12,0.086255,6.936954,6.927945,-0.001789,0.006351,0.002884
2367445110.000,Miguel,recording,knock_twice_right,12,0.093417,6.942870,6.923945,-0.000783,-0.001884,0.005485
2367445120.000,Miguel,recording,knock_twice_right,12,0.126482,6.938395,6.900006,0.000517,-0.008981,0.010939
2367445130.000,Miguel,recording,knock_twice_right,12,0.191058,6.923359,6.857843,0.001140,-0.010716,0.012646
2367445140.000,Miguel,recording,knock_twice_right,12,0.233499,6.886196,6.868796,0.000819,-0.008103,0.008073
2367445150.000,Miguel,recording,knock_twice_right,12,0.250522,6.855846,6.860077,0.001201,-0.002705,-0.000622
2367445160.000,Miguel,recording,knock_twice_right,12,0.210975,6.852405,6.879561,0.003446,0.002451,-0.010813
2367445170.000,Miguel,recording,knock_twice_right,12,0.153177,6.847705,6.865307,0.006574,0.005086,-0.019288
2367445180.000,Miguel,recording,knock_twice_right,12,0.112207,6.882051,6.842742,0.008313,0.006759,-0.023070
2367445190.000,Miguel,recording,knock_twice_right,12,0.072871,6.927543,6.810579,0.006161,0.006926,-0.022297
2367445200.000,Miguel,recording,knock_twice_right,12,0.039773,6.958121,6.820007,0.000963,0.003747,-0.018891
2367445210.000,Miguel,recording,knock_twice_right,12,0.039520,6.953248,6.850672,-0.003524,-0.005051,-0.015502
2367445220.000,Miguel,recording,knock_twice_right,12,0.054587,6.958117,6.862048,-0.005251,-0.016239,-0.012805
2367445230.000,Miguel,recording,knock_twice_right,12,0.052111,6.932317,6.821805,-0.006511,-0.022580,-0.011592
2367445240.000,Miguel,recording,knock_twice_right,12,0.042986,6.926511,6.788587,-0.009685,-0.023249,-0.012557
2367445250.000,Miguel,recording,knock_twice_right,12,0.051378,6.919222,6.801685,-0.012364,-0.018404,-0.013069
2367445260.000,Miguel,recording,knock_twice_right,12,0.056934,6.915155,6.844767,-0.010665,-0.009341,-0.012708
2367445270.000,Miguel,recording,knock_twice_right,12,0.076164,6.909918,6.854457,-0.005964,0.001010,-0.013087
2367445280.000,Miguel,recording,knock_twice_right,12,0.090177,6.903499,6.848398,-0.002256,0.011575,-0.014164
2367445290.000,Miguel,recording,knock_twice_right,12,0.065197,6.907866,6.859181,-0.000899,0.020457,-0.014963
2367445300.000,Miguel,recording,knock_twice_right,12,0.054426,6.916718,6.900828,-0.000371,0.024147,-0.015315
2367445310.000,Miguel,recording,knock_twice_right,12,0.044741,6.923346,6.910024,0.000404,0.020132,-0.016333
2367445320.000,Miguel,recording,knock_twice_right,12,0.051720,6.925676,6.905463,-0.001224,0.008738,-0.020005
2367445330.000,Miguel,recording,knock_twice_right,12,0.059295,6.936572,6.888582,-0.006128,-0.006564,-0.025546
2367445340.000,Miguel,recording,knock_twice_right,12,0.052099,6.940309,6.878282,-0.011104,-0.021799,-0.029877
2367445350.000,Miguel,recording,knock_twice_right,12,0.027184,6.960533,6.885429,-0.012495,-0.031052,-0.031221
2367445360.000,Miguel,recording,knock_twice_right,12,-0.030147,6.975314,6.909630,-0.008362,-0.029816,-0.030272
2367445370.000,Miguel,recording,knock_twice_right,12,-0.027473,6.976342,6.908119,0.000099,-0.020169,-0.025412
2367445380.000,Miguel,recording,knock_twice_right,12,-0.022340,6.978043,6.892918,0.009617,-0.006191,-0.016389
2367445390.000,Miguel,recording,knock_twice_right,12,-0.249508,6.974277,6.785606,0.016608,0.009863,-0.005753
2367445400.000,Miguel,recording,knock_twice_right,12,-1.772685,7.214500,6.471306,0.000033,0.043027,0.127835
2367445410.000,Miguel,recording,knock_twice_right,12,-1.869429,7.689576,6.566978,0.002462,0.020993,0.250960
2367445420.000,Miguel,recording,knock_twice_right,12,1.858079,7.196579,7.049812,0.004171,-0.014277,0.193226
2367445430.000,Miguel,recording,knock_twice_right,12,0.548427,6.443385,6.190416,-0.031013,-0.006439,0.096332
2367445440.000,Miguel,recording,knock_twice_right,12,1.146761,6.573699,6.885375,-0.051496,-0.023290,0.001690
2367445450.000,Miguel,recording,knock_twice_right,12,0.847556,6.852092,7.041260,-0.053459,-0.024380,-0.089381
2367445460.000,Miguel,recording,knock_twice_right,12,0.604984,6.824711,7.271850,-0.040063,0.021866,-0.140657
2367445470.000,Miguel,recording,knock_twice_right,12,0.057553,6.642106,7.294158,-0.001562,0.086246,-0.133812
2367445480.000,Miguel,recording,knock_twice_right,12,-0.064924,6.629318,7.546592,0.062710,0.140539,-0.091963
2367445490.000,Miguel,recording,knock_twice_right,12,0.152757,6.795338,7.459031,0.126018,0.176711,-0.054247
2367445500.000,Miguel,recording,knock_twice_right,12,0.408813,6.863258,7.192922,0.161459,0.175742,-0.043095
2367445510.000,Miguel,recording,knock_twice_right,12,0.521041,6.842344,6.843602,0.155392,0.131592,-0.058733
2367445520.000,Miguel,recording,knock_twice_right,12,0.470560,6.849464,6.631962,0.115696,0.062328,-0.092356
2367445530.000,Miguel,recording,knock_twice_right,12,0.352915,6.940744,6.628405,0.063638,-0.005750,-0.128907
2367445540.000,Miguel,recording,knock_twice_right,12,0.154024,7.041864,6.812823,0.024999,-0.050607,-0.147108
2367445550.000,Miguel,recording,knock_twice_right,12,0.024509,7.004464,7.014799,0.020382,-0.067816,-0.144527
2367445560.000,Miguel,recording,knock_twice_right,12,-0.014676,6.870319,6.938206,0.033805,-0.052641,-0.133867
2367445570.000,Miguel,recording,knock_twice_right,12,-0.120756,6.917218,6.728211,0.040867,-0.012347,-0.120068
2367445580.000,Miguel,recording,knock_twice_right,12,-1.628093,7.229136,6.492292,0.020340,0.048033,0.023980
2367445590.000,Miguel,recording,knock_twice_right,12,-3.057407,7.793147,6.437074,0.021403,0.038202,0.228530
2367445600.000,Miguel,recording,knock_twice_right,12,-0.315637,7.750270,6.777989,0.028393,-0.021619,0.291902
2367445610.000,Miguel,recording,knock_twice_right,12,0.087075,6.837808,5.981767,-0.016526,-0.056239,0.260090
2367445620.000,Miguel,recording,knock_twice_right,12,0.468591,6.730967,6.233011,-0.069038,-0.109899,0.187489
2367445630.000,Miguel,recording,knock_twice_right,12,0.714361,6.878375,6.369792,-0.105857,-0.145136,0.086135
2367445640.000,Miguel,recording,knock_twice_right,12,0.909157,6.953812,6.717816,-0.123164,-0.127994,-0.020212
2367445650.000,Miguel,recording,knock_twice_right,12,0.574357,6.899297,6.798768,-0.119040,-0.074089,-0.099841
2367445660.000,Miguel,recording,knock_twice_right,12,0.388844,6.753609,6.980495,-0.091456,-0.002454,-0.132484
2367445670.000,Miguel,recording,knock_twice_right,12,-0.110555,6.621516,7.084881,-0.046427,0.068489,-0.112861
2367445680.000,Miguel,recording,knock_twice_right,12,-0.272365,6.741624,7.188462,0.001950,0.115546,-0.060526
2367445690.000,Miguel,recording,knock_twice_right,12,-0.089016,6.933094,7.089529,0.035699,0.127961,-0.014618
2367445700.000,Miguel,recording,knock_twice_right,12,0.135730,6.925254,6.891419,0.039214,0.108270,0.002194
2367445710.000,Miguel,recording,knock_twice_right,12,0.240597,6.886970,6.769026,0.014743,0.066245,-0.011229
2367445720.000,Miguel,recording,knock_twice_right,12,0.189226,6.958355,6.834734,-0.020028,0.019043,-0.040518
2367445730.000,Miguel,recording,knock_twice_right,12,0.014347,7.098468,7.023634,-0.043775,-0.017094,-0.063111
2367445740.000,Miguel,recording,knock_twice_right,12,-0.234613,7.191520,7.207611,-0.043996,-0.033420,-0.058947
2367445750.000,Miguel,recording,knock_twice_right,12,-0.394851,7.186878,7.269707,-0.024654,-0.031702,-0.026449
2367445760.000,Miguel,recording,knock_twice_right,12,-0.408091,7.132006,7.201329,0.001087,-0.021280,0.019247
2367445770.000,Miguel,recording,knock_twice_right,12,-0.260761,7.031537,7.083345,0.020279,-0.010436,0.060242
2367445780.000,Miguel,recording,knock_twice_right,12,-0.040136,6.929734,6.987627,0.027590,-0.007803,0.082199
2367445790.000,Miguel,recording,knock_twice_right,12,0.162955,6.865470,6.905659,0.024679,-0.017638,0.082779
2367445800.000,Miguel,recording,knock_twice_right,12,0.299415,6.827190,6.835764,0.016322,-0.035934,0.066894
2367445810.000,Miguel,recording,knock_twice_right,12,0.347666,6.800415,6.815814,0.007687,-0.052107,0.043416
2367445820.000,Miguel,recording,knock_twice_right,12,0.335742,6.808567,6.829910,0.004613,-0.056192,0.017958
2367445830.000,Miguel,recording,knock_twice_right,12,0.256387,6.831408,6.823444,0.009803,-0.045139,-0.002959
2367445840.000,Miguel,recording,knock_twice_right,12,0.192351,6.857384,6.809353,0.020020,-0.021286,-0.015791
2367445850.000,Miguel,recording,knock_twice_right,12,0.112165,6.885791,6.782698,0.031798,0.008017,-0.023651
2367445860.000,Miguel,recording,knock_twice_right,12,0.056596,6.928952,6.743699,0.040998,0.032574,-0.028211
2367445870.000,Miguel,recording,knock_twice_right,12,0.001922,6.956241,6.692190,0.041892,0.041836,-0.030474
2367445880.000,Miguel,recording,knock_twice_right,12,-0.037546,6.993298,6.671723,0.034166,0.033880,-0.029673
2367445890.000,Miguel,recording,knock_twice_right,12,-0.089940,7.030059,6.661312,0.020474,0.014830,-0.025154
2367445900.000,Miguel,recording,knock_twice_right,12,-0.119642,7.059785,6.654048,0.004447,-0.006972,-0.017441
2367445910.000,Miguel,recording,knock_twice_right,12,-0.138314,7.051137,6.671692,-0.009575,-0.021350,-0.006571
2367445920.000,Miguel,recording,knock_twice_right,12,-0.134948,7.035961,6.722054,-0.019656,-0.021826,0.007459
2367445930.000,Miguel,recording,knock_twice_right,12,-0.094150,7.029866,6.757096,-0.024102,-0.010795,0.020649
2367445940.000,Miguel,recording,knock_twice_right,12,-0.028283,6.979323,6.835451,-0.022164,0.004792,0.030094
2367445950.000,Miguel,recording,knock_twice_right,12,0.026795,6.943697,6.887957,-0.016392,0.019574,0.034263
2367445960.000,Miguel,recording,knock_twice_right,12,0.070158,6.937212,6.901999,-0.011021,0.027728,0.031905
2367445970.000,Miguel,recording,knock_twice_right,12,0.100420,6.931029,6.912559,-0.008306,0.025403,0.025951
2367445980.000,Miguel,recording,knock_twice_right,12,0.104610,6.939538,6.933601,-0.006595,0.016690,0.019066
2367445990.000,Miguel,recording,knock_twice_right,12,0.072832,6.921878,6.926141,-0.005562,0.007858,0.012119
2367446000.000,Miguel,recording,knock_twice_right,12,0.052647,6.918523,6.938804,-0.004537,0.001237,0.007219
2367446010.000,Miguel,recording,knock_twice_right,12,0.035898,6.918106,6.955460,0.000554,-0.001684,0.005065
2367446020.000,Miguel,recording,knock_twice_right,12,0.040933,6.912571,6.918221,0.009120,0.001168,0.004185
2367446030.000,Miguel,recording,knock_twice_right,12,0.039365,6.939021,6.852324,0.015474,0.007029,0.002392
2367446040.000,Miguel,recording,knock_twice_right,12,0.049116,6.974342,6.796314,0.017123,0.011553,-0.000484
2367446050.000,Miguel,recording,knock_twice_right,12,0.061116,6.982972,6.778396,0.016811,0.013264,-0.003004
2367446060.000,Miguel,recording,knock_twice_right,12,0.043424,7.006118,6.767302,0.014870,0.011036,-0.004427
2367446070.000,Miguel,recording,knock_twice_right,12,-0.008569,7.002183,6.713134,0.010171,0.005816,-0.004458
2367446080.000,Miguel,recording,knock_twice_right,12,-0.014344,6.999442,6.694937,0.001266,-0.001278,-0.001237
2367446090.000,Miguel,recording,knock_twice_right,12,-0.028460,6.977468,6.720655,-0.008450,-0.007785,0.005566
2367446100.000,Miguel,recording,knock_twice_right,12,-0.028422,6.940864,6.744482,-0.014081,-0.007542,0.013149
2367446110.000,Miguel,recording,knock_twice_right,12,0.000909,6.900643,6.768980,-0.016760,0.002092,0.017210
2367446120.000,Miguel,recording,knock_twice_right,12,0.044780,6.897370,6.811183,-0.018164,0.015535,0.015732
2367446130.000,Miguel,recording,knock_twice_right,12,0.035890,6.916692,6.886902,-0.017026,0.026999,0.010803
2367446140.000,Miguel,recording,knock_twice_right,12,0.028141,6.948424,6.962603,-0.013522,0.031573,0.004946
2367446150.000,Miguel,recording,knock_twice_right,12,0.014821,6.995875,7.009951,-0.008063,0.025860,0.001093
2367446160.000,Miguel,recording,knock_twice_right,12,-0.001047,7.017892,7.022607,-0.002603,0.012723,-0.000286
2367446170.000,Miguel,recording,knock_twice_right,12,-0.024590,7.052866,6.976881,-0.000692,-0.001908,-0.000240
2367446180.000,Miguel,recording,knock_twice_right,12,-0.031737,7.045562,6.932638,-0.002285,-0.011536,0.002411
2367446190.000,Miguel,recording,knock_twice_right,12,-0.033793,7.014158,6.896530,-0.004011,-0.011377,0.006922
2367446200.000,Miguel,recording,knock_twice_right,12,-0.002996,6.957964,6.899935,-0.003067,-0.004561,0.009919
2367446210.000,Miguel,recording,knock_twice_right,12,0.021003,6.912840,6.903450,0.002390,0.003987,0.008319
2367446220.000,Miguel,recording,knock_twice_right,12,-0.006436,6.891418,6.901529,0.010843,0.010836,0.004809
2367446230.000,Miguel,recording,knock_twice_right,12,-0.027567,6.911123,6.850614,0.019439,0.013604,0.003432
2367446240.000,Miguel,recording,knock_twice_right,12,-0.024126,6.932667,6.764486,0.026539,0.013262,0.004341
2367446250.000,Miguel,recording,knock_twice_right,12,-0.016989,6.949779,6.660848,0.028562,0.011533,0.006576
2367446260.000,Miguel,recording,knock_twice_right,12,-0.009253,6.963476,6.582485,0.024664,0.012435,0.007348
2367446270.000,Miguel,recording,knock_twice_right,12,0.004100,6.966729,6.509830,0.016284,0.019039,0.006777
2367446280.000,Miguel,recording,knock_twice_right,12,-0.011962,6.960438,6.515915,0.005637,0.032699,0.007615
2367446290.000,Miguel,recording,knock_twice_right,12,-0.042301,6.975594,6.567264,-0.003905,0.049037,0.010383
2367446300.000,Miguel,recording,knock_twice_right,13,-0.054563,6.998572,6.650259,-0.009668,0.060640,0.015762
2367446310.000,Miguel,recording,knock_twice_right,13,-0.029615,7.009049,6.695173,-0.012442,0.064278,0.021508
2367446320.000,Miguel,recording,knock_twice_right,13,0.004718,7.024968,6.698551,-0.016203,0.058113,0.025589
2367446330.000,Miguel,recording,knock_twice_right,13,0.023541,7.007820,6.658109,-0.027210,0.043343,0.029116
2367446340.000,Miguel,recording,knock_twice_right,13,0.062224,6.981386,6.634311,-0.048446,0.025288,0.030704
2367446350.000,Miguel,recording,knock_twice_right,13,0.071558,6.952323,6.746877,-0.073007,0.010578,0.028168
2367446360.000,Miguel,recording,knock_twice_right,13,0.029624,6.895239,6.966975,-0.088964,0.003136,0.024535
2367446370.000,Miguel,recording,knock_twice_right,13,-0.018076,6.864036,7.155073,-0.088651,0.001175,0.024001
2367446380.000,Miguel,recording,knock_twice_right,13,0.001868,6.874567,7.277591,-0.072244,0.003670,0.025916
2367446390.000,Miguel,recording,knock_twice_right,13,0.035545,6.903968,7.305276,-0.049377,0.010769,0.027740
2367446400.000,Miguel,recording,knock_twice_right,13,0.075378,6.926220,7.290346,-0.027449,0.016498,0.027411
2367446410.000,Miguel,recording,knock_twice_right,13,0.122394,6.908745,7.258689,-0.007088,0.016149,0.023705
2367446420.000,Miguel,recording,knock_twice_right,13,0.144451,6.908369,7.219199,0.010533,0.011981,0.016382
2367446430.000,Miguel,recording,knock_twice_right,13,0.124201,6.926485,7.151554,0.022816,0.007049,0.007396
2367446440.000,Miguel,recording,knock_twice_right,13,0.089629,6.937242,7.060338,0.030234,0.001020,0.000636
2367446450.000,Miguel,recording,knock_twice_right,13,0.045157,6.913128,6.984138,0.035460,-0.006114,-0.002039
2367446460.000,Miguel,recording,knock_twice_right,13,0.006922,6.886124,6.902664,0.036907,-0.012876,-0.003401
2367446470.000,Miguel,recording,knock_twice_right,13,-0.009709,6.900710,6.807787,0.032796,-0.017101,-0.003988
2367446480.000,Miguel,recording,knock_twice_right,13,-0.003285,6.939568,6.737354,0.024911,-0.016620,-0.004511
2367446490.000,Miguel,recording,knock_twice_right,13,0.012821,6.989134,6.757325,0.018565,-0.012452,-0.005611
2367446500.000,Miguel,recording,knock_twice_right,13,-0.004710,7.018042,6.788673,0.016608,-0.006369,-0.005563
2367446510.000,Miguel,recording,knock_twice_right,13,-0.039867,7.013393,6.829310,0.018219,0.000805,-0.002896
2367446520.000,Miguel,recording,knock_twice_right,13,-0.041829,7.008823,6.851885,0.022840,0.008753,0.001888
2367446530.000,Miguel,recording,knock_twice_right,13,-0.035919,6.993935,6.844275,0.028813,0.016461,0.005886
2367446540.000,Miguel,recording,knock_twice_right,13,-0.030716,6.976950,6.795245,0.032472,0.020830,0.006821
2367446550.000,Miguel,recording,knock_twice_right,13,-0.047391,6.965730,6.751463,0.031145,0.018069,0.005661
2367446560.000,Miguel,recording,knock_twice_right,13,-0.096045,6.960544,6.719404,0.023977,0.008719,0.006510
2367446570.000,Miguel,recording,knock_twice_right,13,-0.113925,6.966096,6.668505,0.011214,-0.004184,0.011330
2367446580.000,Miguel,recording,knock_twice_right,13,-0.094625,6.970308,6.675623,-0.002607,-0.016562,0.016864
2367446590.000,Miguel,recording,knock_twice_right,13,-0.050863,6.970607,6.700316,-0.012724,-0.025076,0.022016
2367446600.000,Miguel,recording,knock_twice_right,13,-0.015719,6.968573,6.765962,-0.015734,-0.027072,0.026650
2367446610.000,Miguel,recording,knock_twice_right,13,0.033141,6.968303,6.786157,-0.012497,-0.018766,0.030777
2367446620.000,Miguel,recording,knock_twice_right,13,0.097682,6.941890,6.781737,-0.007593,-0.002419,0.032942
2367446630.000,Miguel,recording,knock_twice_right,13,0.169903,6.915740,6.796287,-0.002408,0.016610,0.029207
2367446640.000,Miguel,recording,knock_twice_right,13,0.200882,6.877383,6.792815,0.000810,0.033779,0.019752
2367446650.000,Miguel,recording,knock_twice_right,13,0.156462,6.871761,6.798825,0.001336,0.043854,0.006830
2367446660.000,Miguel,recording,knock_twice_right,13,0.046582,6.876165,6.822298,-0.001117,0.043830,-0.003230
2367446670.000,Miguel,recording,knock_twice_right,13,-0.052385,6.915804,6.864858,-0.005821,0.035025,-0.006256
2367446680.000,Miguel,recording,knock_twice_right,13,-0.111367,6.975449,6.896041,-0.010660,0.021146,-0.002140
2367446690.000,Miguel,recording,knock_twice_right,13,-0.133954,6.996164,6.900228,-0.016342,0.004199,0.010103
2367446700.000,Miguel,recording,knock_twice_right,13,-0.058667,7.016156,6.944998,-0.019831,-0.011442,0.025563
2367446710.000,Miguel,recording,knock_twice_right,13,0.053531,6.980887,6.966359,-0.017580,-0.016786,0.037080
2367446720.000,Miguel,recording,knock_twice_right,13,0.177694,6.946057,6.980397,-0.011112,-0.009833,0.039548
2367446730.000,Miguel,recording,knock_twice_right,13,0.249424,6.887286,6.976011,-0.002211,0.003054,0.031646
2367446740.000,Miguel,recording,knock_twice_right,13,0.249129,6.866905,6.979579,0.007122,0.015221,0.018373
2367446750.000,Miguel,recording,knock_twice_right,13,0.171303,6.873943,6.965482,0.015454,0.022756,0.006353
2367446760.000,Miguel,recording,knock_twice_right,13,0.073177,6.908809,6.922455,0.019790,0.020794,0.001505
2367446770.000,Miguel,recording,knock_twice_right,13,0.021146,6.944430,6.893936,0.017277,0.007672,0.003918
2367446780.000,Miguel,recording,knock_twice_right,13,0.026304,6.952183,6.875232,0.009773,-0.010601,0.009352
2367446790.000,Miguel,recording,knock_twice_right,13,0.101307,6.939648,6.859897,0.002986,-0.026652,0.013376
2367446800.000,Miguel,recording,knock_twice_right,13,0.182357,6.926015,6.863391,-0.000053,-0.034742,0.011670
2367446810.000,Miguel,recording,knock_twice_right,13,0.217336,6.905170,6.871399,0.000424,-0.033186,0.004880
2367446820.000,Miguel,recording,knock_twice_right,13,0.222201,6.894924,6.881714,0.005414,-0.024880,-0.004471
2367446830.000,Miguel,recording,knock_twice_right,13,0.183984,6.911335,6.854158,0.012788,-0.013904,-0.013458
2367446840.000,Miguel,recording,knock_twice_right,13,0.110107,6.924335,6.794463,0.018842,-0.003294,-0.018988
2367446850.000,Miguel,recording,knock_twice_right,13,0.032796,6.934775,6.745203,0.021257,0.005267,-0.019058
2367446860.000,Miguel,recording,knock_twice_right,13,-0.002400,6.948044,6.717134,0.018443,0.008224,-0.013667
2367446870.000,Miguel,recording,knock_twice_right,13,-0.004795,6.959579,6.709596,0.012908,0.005600,-0.007245
2367446880.000,Miguel,recording,knock_twice_right,13,0.034091,6.939779,6.673330,0.005087,0.000448,-0.004863
2367446890.000,Miguel,recording,knock_twice_right,13,0.048266,6.938790,6.673572,-0.006090,-0.005485,-0.007989
2367446900.000,Miguel,recording,knock_twice_right,13,0.035064,6.978706,6.734010,-0.016821,-0.009648,-0.012816
2367446910.000,Miguel,recording,knock_twice_right,13,0.021569,6.983984,6.799558,-0.022848,-0.010607,-0.016236
2367446920.000,Miguel,recording,knock_twice_right,13,-0.019512,6.981071,6.855415,-0.022518,-0.009193,-0.016287
2367446930.000,Miguel,recording,knock_twice_right,13,-0.059707,6.977355,6.877325,-0.018064,-0.006148,-0.012125
2367446940.000,Miguel,recording,knock_twice_right,13,-0.084192,6.983016,6.909177,-0.011538,-0.000637,-0.005142
2367446950.000,Miguel,recording,knock_twice_right,13,-0.052014,6.965429,6.901865,-0.004150,0.003697,0.001314
2367446960.000,Miguel,recording,knock_twice_right,13,-0.001206,6.960251,6.860046,-0.000759,0.005904,0.004536
2367446970.000,Miguel,recording,knock_twice_right,13,0.054355,6.966213,6.815028,-0.002841,0.006250,0.003839
2367446980.000,Miguel,recording,knock_twice_right,13,0.049954,6.956404,6.807596,-0.006316,0.003451,-0.000949
2367446990.000,Miguel,recording,knock_twice_right,13,0.022105,6.963488,6.830082,-0.008518,-0.000820,-0.006480
2367447000.000,Miguel,recording,knock_twice_right,13,-0.017587,6.989952,6.854927,-0.009187,-0.002834,-0.008162
2367447010.000,Miguel,recording,knock_twice_right,13,-0.047667,6.976547,6.863852,-0.010000,-0.001337,-0.004131
2367447020.000,Miguel,recording,knock_twice_right,13,-0.051641,6.976150,6.889630,-0.011254,0.000908,0.002836
2367447030.000,Miguel,recording,knock_twice_right,13,-0.017959,6.982251,6.947023,-0.010978,0.002827,0.007564
2367447040.000,Miguel,recording,knock_twice_right,13,0.031910,6.967532,6.981357,-0.006738,0.003688,0.008757
2367447050.000,Miguel,recording,knock_twice_right,13,0.038266,6.964068,6.995726,0.001418,0.002873,0.006849
2367447060.000,Miguel,recording,knock_twice_right,13,0.024446,6.978331,6.963350,0.009053,0.001289,0.004413
2367447070.000,Miguel,recording,knock_twice_right,13,0.005700,6.966403,6.927549,0.013077,-0.000319,0.003583
2367447080.000,Miguel,recording,knock_twice_right,13,0.009500,6.979677,6.860991,0.014202,-0.003364,0.004421
2367447090.000,Miguel,recording,knock_twice_right,13,0.014826,6.969681,6.791883,0.011990,-0.008587,0.006326
2367447100.000,Miguel,recording,knock_twice_right,13,0.041787,6.956360,6.743789,0.005369,-0.013358,0.007804
2367447110.000,Miguel,recording,knock_twice_right,13,0.048001,6.930913,6.727455,-0.001582,-0.015512,0.008451
2367447120.000,Miguel,recording,knock_twice_right,13,0.072860,6.913442,6.736827,-0.005906,-0.012635,0.008148
2367447130.000,Miguel,recording,knock_twice_right,13,0.083956,6.920070,6.741886,-0.007783,-0.005049,0.008548
2367447140.000,Miguel,recording,knock_twice_right,13,0.075093,6.923340,6.798507,-0.007092,0.005230,0.008475
2367447150.000,Miguel,recording,knock_twice_right,13,0.078039,6.950548,6.840751,-0.004362,0.016678,0.007841
2367447160.000,Miguel,recording,knock_twice_right,13,0.078667,6.958961,6.877935,-0.000169,0.024265,0.008104
2367447170.000,Miguel,recording,knock_twice_right,13,0.062098,6.972472,6.883259,0.002383,0.024679,0.008261
2367447180.000,Miguel,recording,knock_twice_right,13,0.073402,6.966144,6.885268,0.002327,0.018505,0.008625
2367447190.000,Miguel,recording,knock_twice_right,13,0.053637,6.960471,6.875706,0.001041,0.008779,0.009376
2367447200.000,Miguel,recording,knock_twice_right,13,0.053770,6.921156,6.874145,-0.001601,-0.002133,0.009442
2367447210.000,Miguel,recording,knock_twice_right,13,0.051522,6.874151,6.867118,-0.004599,-0.008891,0.008291
2367447220.000,Miguel,recording,knock_twice_right,13,0.075160,6.882311,6.897103,-0.004532,-0.009201,0.005979
2367447230.000,Miguel,recording,knock_twice_right,13,0.097635,6.907644,6.906760,-0.001769,-0.005902,0.002851
2367447240.000,Miguel,recording,knock_twice_right,13,0.076893,6.927010,6.906907,0.003039,-0.001381,-0.001191
2367447250.000,Miguel,recording,knock_twice_right,13,0.062693,6.944306,6.895905,0.009084,0.000700,-0.005693
2367447260.000,Miguel,recording,knock_twice_right,13,0.067209,6.983171,6.832808,0.010447,-0.000456,-0.008904
2367447270.000,Miguel,recording,knock_twice_right,13,0.073738,7.002292,6.785992,0.005951,-0.002846,-0.010042
2367447280.000,Miguel,recording,knock_twice_right,13,0.085564,7.040527,6.758856,-0.003262,-0.002527,-0.010187
2367447290.000,Miguel,recording,knock_twice_right,13,0.043984,7.022916,6.809422,-0.013725,0.000032,-0.009921
2367447300.000,Miguel,recording,knock_twice_right,13,-0.022278,6.999340,6.896460,-0.017950,0.003604,-0.006618
2367447310.000,Miguel,recording,knock_twice_right,13,-0.059729,6.959509,6.992972,-0.014131,0.007875,0.000798
2367447320.000,Miguel,recording,knock_twice_right,13,-0.063820,6.915664,7.055688,-0.004559,0.009837,0.009556
2367447330.000,Miguel,recording,knock_twice_right,13,-0.014560,6.892815,7.070621,0.008979,0.007761,0.014167
2367447340.000,Miguel,recording,knock_twice_right,13,0.054388,6.871099,7.029645,0.023988,0.001721,0.011755
2367447350.000,Miguel,recording,knock_twice_right,13,0.097730,6.883633,6.954730,0.034657,-0.008391,0.005186
2367447360.000,Miguel,recording,knock_twice_right,13,0.104011,6.926541,6.834956,0.037324,-0.019534,-0.002588
2367447370.000,Miguel,recording,knock_twice_right,13,0.093085,6.969357,6.696652,0.032149,-0.026693,-0.007915
2367447380.000,Miguel,recording,knock_twice_right,13,0.064765,6.990031,6.617593,0.021666,-0.027758,-0.008790
2367447390.000,Miguel,recording,knock_twice_right,13,0.022372,7.014670,6.583180,0.008024,-0.021071,-0.005250
2367447400.000,Miguel,recording,knock_twice_right,13,0.007568,7.001616,6.628071,-0.004382,-0.009038,0.001714
2367447410.000,Miguel,recording,knock_twice_right,13,-0.004175,6.958724,6.736237,-0.010288,0.003295,0.009661
2367447420.000,Miguel,recording,knock_twice_right,13,0.051536,6.921136,6.838655,-0.010398,0.011524,0.015929
2367447430.000,Miguel,recording,knock_twice_right,13,0.118798,6.918284,6.878818,-0.007633,0.013670,0.016105
2367447440.000,Miguel,recording,knock_twice_right,13,0.152886,6.925453,6.900075,-0.005400,0.010080,0.009007
2367447450.000,Miguel,recording,knock_twice_right,13,0.156493,6.939765,6.919314,-0.002676,0.003295,-0.001442
2367447460.000,Miguel,recording,knock_twice_right,13,0.121701,6.956343,6.910361,0.000019,-0.002780,-0.010110
2367447470.000,Miguel,recording,knock_twice_right,13,0.067741,6.999066,6.898125,0.001827,-0.006111,-0.014547
2367447480.000,Miguel,recording,knock_twice_right,13,0.009110,7.028274,6.900562,0.003491,-0.004627,-0.012937
2367447490.000,Miguel,recording,knock_twice_right,13,-0.005067,7.008299,6.910498,0.006269,0.000569,-0.006762
2367447500.000,Miguel,recording,knock_twice_right,13,0.020979,6.997973,6.890548,0.011627,0.005395,-0.000585
2367447510.000,Miguel,recording,knock_twice_right,13,0.073999,6.964615,6.837802,0.015341,0.005842,0.003352
2367447520.000,Miguel,recording,knock_twice_right,13,0.105912,6.919404,6.783837,0.013208,0.002105,0.003042
2367447530.000,Miguel,recording,knock_twice_right,13,0.127461,6.919987,6.757659,0.007069,-0.004378,-0.002452
2367447540.000,Miguel,recording,knock_twice_right,13,0.112545,6.944065,6.763235,0.000083,-0.009177,-0.009218
2367447550.000,Miguel,recording,knock_twice_right,13,0.067736,6.958055,6.806321,-0.004568,-0.008397,-0.014077
2367447560.000,Miguel,recording,knock_twice_right,13,0.030785,6.949788,6.867126,-0.003708,-0.006947,-0.015940
2367447570.000,Miguel,recording,knock_twice_right,13,0.021506,6.939554,6.877678,0.000930,-0.007432,-0.014635
2367447580.000,Miguel,recording,knock_twice_right,13,0.013634,6.946652,6.861684,0.006093,-0.008895,-0.011609
2367447590.000,Miguel,recording,knock_twice_right,13,0.025106,6.979775,6.836713,0.008175,-0.011038,-0.008722
2367447600.000,Miguel,recording,knock_twice_right,13,0.039006,6.998903,6.801325,0.007542,-0.010887,-0.006260
2367447610.000,Miguel,recording,knock_twice_right,13,0.046711,7.009215,6.779305,0.005999,-0.007834,-0.003115
2367447620.000,Miguel,recording,knock_twice_right,13,0.050542,6.971386,6.764387,0.003530,-0.003144,-0.001086
2367447630.000,Miguel,recording,knock_twice_right,13,0.029033,6.959474,6.779601,-0.000506,0.003096,-0.001069
2367447640.000,Miguel,recording,knock_twice_right,13,0.040429,6.938823,6.834825,-0.002134,0.006876,-0.003736
2367447650.000,Miguel,recording,knock_twice_right,13,0.046812,6.941117,6.872848,0.000403,0.005302,-0.008249
2367447660.000,Miguel,recording,knock_twice_right,13,0.024397,6.945682,6.846679,0.002597,0.000910,-0.011534
2367447670.000,Miguel,recording,knock_twice_right,13,-0.002872,6.960701,6.818608,0.002695,-0.002914,-0.013845
2367447680.000,Miguel,recording,knock_twice_right,13,-0.027895,6.977345,6.814093,0.001217,-0.005500,-0.014288
2367447690.000,Miguel,recording,knock_twice_right,13,-0.052829,7.003796,6.831633,-0.001237,-0.007498,-0.011226
2367447700.000,Miguel,recording,knock_twice_right,13,-0.061120,7.011297,6.866918,-0.000953,-0.008110,-0.005938
2367447710.000,Miguel,recording,knock_twice_right,13,-0.047118,6.996703,6.909625,0.002163,-0.006312,0.000308
2367447720.000,Miguel,recording,knock_twice_right,13,-0.030860,7.008970,6.870945,0.005722,-0.002498,0.004931
2367447730.000,Miguel,recording,knock_twice_right,13,-0.003757,7.009436,6.841698,0.009091,0.000746,0.007560
2367447740.000,Miguel,recording,knock_twice_right,13,0.030994,7.009757,6.803360,0.009756,0.001060,0.008678
2367447750.000,Miguel,recording,knock_twice_right,13,0.054135,7.003436,6.755314,0.006769,-0.000358,0.007386
2367447760.000,Miguel,recording,knock_twice_right,13,0.060884,6.993209,6.742595,-0.000207,-0.002807,0.005550
2367447770.000,Miguel,recording,knock_twice_right,13,0.041872,6.971111,6.745583,-0.007904,-0.005114,0.004130
2367447780.000,Miguel,recording,knock_twice_right,13,0.030589,6.955291,6.789610,-0.011718,-0.005002,0.003199
2367447790.000,Miguel,recording,knock_twice_right,13,0.022092,6.953348,6.838023,-0.010409,-0.003407,0.005107
2367447800.000,Miguel,recording,knock_twice_right,13,0.051988,6.951244,6.856081,-0.006137,-0.001473,0.009286
2367447810.000,Miguel,recording,knock_twice_right,13,0.079232,6.940792,6.863359,-0.001186,0.001425,0.012146
2367447820.000,Miguel,recording,knock_twice_right,13,0.096720,6.928254,6.858951,0.002222,0.005689,0.011943
2367447830.000,Miguel,recording,knock_twice_right,13,0.114014,6.922534,6.855859,0.003151,0.008279,0.008545
2367447840.000,Miguel,recording,knock_twice_right,13,0.110891,6.938016,6.882188,0.004922,0.007939,0.002529
2367447850.000,Miguel,recording,knock_twice_right,13,0.077357,6.968843,6.889365,0.008373,0.005922,-0.002614
2367447860.000,Miguel,recording,knock_twice_right,13,0.044391,6.998177,6.851180,0.011760,0.001185,-0.003197
2367447870.000,Miguel,recording,knock_twice_right,13,0.030587,7.029714,6.769367,0.010971,-0.006268,0.000482
2367447880.000,Miguel,recording,knock_twice_right,13,0.060777,7.028173,6.709397,0.005533,-0.012972,0.006369
2367447890.000,Miguel,recording,knock_twice_right,13,0.081095,7.010274,6.698268,-0.002903,-0.014837,0.011738
2367447900.000,Miguel,recording,knock_twice_right,13,0.125927,6.950212,6.726529,-0.010634,-0.011440,0.014741
2367447910.000,Miguel,recording,knock_twice_right,13,0.167632,6.887003,6.758332,-0.014121,-0.004482,0.014000
2367447920.000,Miguel,recording,knock_twice_right,13,0.199686,6.857472,6.794948,-0.017851,0.005464,0.008298
2367447930.000,Miguel,recording,knock_twice_right,13,0.188150,6.851585,6.882629,-0.020743,0.012442,-0.000546
2367447940.000,Miguel,recording,knock_twice_right,13,0.132010,6.883414,6.947655,-0.018548,0.012027,-0.008473
2367447950.000,Miguel,recording,knock_twice_right,13,0.098111,6.915552,6.985482,-0.013577,0.007493,-0.012630
2367447960.000,Miguel,recording,knock_twice_right,13,0.086511,6.940930,7.003720,-0.007754,-0.001949,-0.012631
2367447970.000,Miguel,recording,knock_twice_right,13,0.121351,6.963226,6.981013,-0.001008,-0.013681,-0.011610
2367447980.000,Miguel,recording,knock_twice_right,13,0.158806,6.966153,6.939415,0.005560,-0.021138,-0.013134
2367447990.000,Miguel,recording,knock_twice_right,13,0.175507,6.965615,6.881261,0.011737,-0.023216,-0.017407
2367448000.000,Miguel,recording,knock_twice_right,13,0.156326,6.953257,6.822075,0.015994,-0.019323,-0.022934
2367448010.000,Miguel,recording,knock_twice_right,13,0.095620,6.949782,6.766441,0.015537,-0.012110,-0.026379
2367448020.000,Miguel,recording,knock_twice_right,13,0.012844,6.955214,6.736568,0.011098,-0.003777,-0.026411
2367448030.000,Miguel,recording,knock_twice_right,13,-0.054995,6.965636,6.744720,0.004287,0.001789,-0.021944
2367448040.000,Miguel,recording,knock_twice_right,13,-0.078507,6.990297,6.791832,-0.002936,0.000443,-0.013958
2367448050.000,Miguel,recording,knock_twice_right,13,-0.055050,6.992634,6.807970,-0.008276,-0.005333,-0.006997
2367448060.000,Miguel,recording,knock_twice_right,13,-0.012172,7.003810,6.809105,-0.013810,-0.011332,-0.003576
2367448070.000,Miguel,recording,knock_twice_right,13,0.037345,7.012212,6.836084,-0.018098,-0.014056,-0.004180
2367448080.000,Miguel,recording,knock_twice_right,13,0.070881,7.003516,6.862944,-0.017105,-0.012277,-0.008368
2367448090.000,Miguel,recording,knock_twice_right,13,0.061195,6.974709,6.885592,-0.011241,-0.006946,-0.013893
2367448100.000,Miguel,recording,knock_twice_right,13,0.005490,6.976962,6.871309,-0.002577,0.001376,-0.017322
2367448110.000,Miguel,recording,knock_twice_right,13,-0.057244,6.980325,6.830152,0.004340,0.008491,-0.017353
2367448120.000,Miguel,recording,knock_twice_right,13,-0.078113,6.976721,6.794488,0.005400,0.009939,-0.013765
2367448130.000,Miguel,recording,knock_twice_right,13,-0.078435,7.009503,6.787204,0.001896,0.006900,-0.007938
2367448140.000,Miguel,recording,knock_twice_right,13,-0.047545,7.003360,6.811400,-0.003034,0.001882,-0.002590
2367448150.000,Miguel,recording,knock_twice_right,13,-0.033932,6.993608,6.848696,-0.005055,-0.002501,0.000667
2367448160.000,Miguel,recording,knock_twice_right,13,-0.008710,6.997333,6.871360,-0.002962,-0.004174,0.001501
2367448170.000,Miguel,recording,knock_twice_right,13,-0.004870,6.996358,6.866732,0.001032,-0.002519,0.001218
2367448180.000,Miguel,recording,knock_twice_right,13,-0.006071,7.002041,6.859914,0.004369,0.001530,0.000755
2367448190.000,Miguel,recording,knock_twice_right,13,-0.045690,7.006323,6.838681,0.005858,0.005211,0.002267
2367448200.000,Miguel,recording,knock_twice_right,13,-0.057127,7.009787,6.780342,0.004738,0.005131,0.007685
2367448210.000,Miguel,recording,knock_twice_right,13,-0.053083,7.012318,6.744363,-0.001068,0.001179,0.015220
2367448220.000,Miguel,recording,knock_twice_right,13,-0.007030,6.978475,6.749913,-0.008832,-0.005096,0.021334
2367448230.000,Miguel,recording,knock_twice_right,13,0.049405,6.936064,6.781304,-0.014468,-0.009491,0.024073
2367448240.000,Miguel,recording,knock_twice_right,13,0.108910,6.923320,6.803240,-0.017513,-0.009684,0.022870
2367448250.000,Miguel,recording,knock_twice_right,13,0.160625,6.905101,6.859172,-0.016503,-0.006135,0.018408
2367448260.000,Miguel,recording,knock_twice_right,13,0.184625,6.887041,6.897131,-0.010376,0.001688,0.013646
2367448270.000,Miguel,recording,knock_twice_right,13,0.169421,6.902440,6.914753,-0.002759,0.011504,0.008290
2367448280.000,Miguel,recording,knock_twice_right,13,0.134409,6.912032,6.908725,0.004508,0.018080,0.002640
2367448290.000,Miguel,recording,knock_twice_right,13,0.115810,6.947201,6.870120,0.006953,0.017758,-0.000234
2367448300.000,Miguel,recording,knock_twice_right,13,0.114585,6.948815,6.842150,0.003235,0.010693,-0.002005
2367448310.000,Miguel,recording,knock_twice_right,13,0.109261,6.939040,6.853031,-0.002733,-0.000580,-0.003938
2367448320.000,Miguel,recording,knock_twice_right,13,0.111879,6.929679,6.881985,-0.006988,-0.011099,-0.005988
2367448330.000,Miguel,recording,knock_twice_right,13,0.132529,6.940051,6.887247,-0.006243,-0.015859,-0.008384
2367448340.000,Miguel,recording,knock_twice_right,13,0.148915,6.944639,6.879483,-0.002530,-0.013176,-0.010346
2367448350.000,Miguel,recording,knock_twice_right,13,0.137532,6.940573,6.840216,0.001574,-0.005287,-0.011802
2367448360.000,Miguel,recording,knock_twice_right,13,0.150549,6.934163,6.822035,0.005198,0.001950,-0.013040
2367448370.000,Miguel,recording,knock_twice_right,13,0.158209,6.891318,6.823172,0.010599,0.005810,-0.015605
2367448380.000,Miguel,recording,knock_twice_right,13,0.157086,6.883482,6.775257,0.013704,0.007708,-0.018580
2367448390.000,Miguel,recording,knock_twice_right,13,0.115144,6.883140,6.708873,0.009532,0.009677,-0.020239
2367448400.000,Miguel,recording,knock_twice_right,13,0.087571,6.924855,6.714864,-0.000162,0.009140,-0.021807
2367448410.000,Miguel,recording,knock_twice_right,13,0.077472,6.960814,6.775858,-0.010303,0.005606,-0.022514
2367448420.000,Miguel,recording,knock_twice_right,13,0.062589,6.985029,6.833868,-0.016669,0.000124,-0.020217
2367448430.000,Miguel,recording,knock_twice_right,13,0.068139,6.989931,6.872012,-0.018549,-0.007081,-0.017299
2367448440.000,Miguel,recording,knock_twice_right,13,0.121751,6.979606,6.894021,-0.015765,-0.015644,-0.015373
2367448450.000,Miguel,recording,knock_twice_right,13,0.187867,6.950737,6.860918,-0.010557,-0.024223,-0.015987
2367448460.000,Miguel,recording,knock_twice_right,13,0.216696,6.914699,6.794048,-0.006939,-0.028155,-0.020119
2367448470.000,Miguel,recording,knock_twice_right,13,0.225046,6.858777,6.708773,-0.009400,-0.028305,-0.024759
2367448480.000,Miguel,recording,knock_twice_right,13,0.214212,6.785953,6.669243,-0.017423,-0.027940,-0.028029
2367448490.000,Miguel,recording,knock_twice_right,13,-0.642645,6.825613,6.620550,-0.031134,-0.010990,0.000587
2367448500.000,Miguel,recording,knock_twice_right,13,-2.207439,7.343026,6.579839,-0.036753,-0.006020,0.104352
2367448510.000,Miguel,recording,knock_twice_right,13,-0.255985,7.640630,6.862128,-0.021311,-0.039320,0.157658
2367448520.000,Miguel,recording,knock_twice_right,13,1.534573,6.842076,6.832830,-0.025858,-0.027731,0.100093
2367448530.000,Miguel,recording,knock_twice_right,13,0.367614,6.777958,6.490798,-0.046763,0.005879,0.009228
2367448540.000,Miguel,recording,knock_twice_right,13,1.239144,6.805554,6.882121,-0.050847,0.013005,-0.090783
2367448550.000,Miguel,recording,knock_twice_right,13,0.543820,6.908791,6.967520,-0.049644,0.041401,-0.153828
2367448560.000,Miguel,recording,knock_twice_right,13,-0.201167,6.785181,7.160513,-0.039393,0.071564,-0.148671
2367448570.000,Miguel,recording,knock_twice_right,13,-0.422750,6.866192,7.298856,-0.015841,0.075784,-0.085765
2367448580.000,Miguel,recording,knock_twice_right,13,-0.339526,6.856636,7.310182,0.009880,0.062459,-0.014674
2367448590.000,Miguel,recording,knock_twice_right,13,0.209161,6.769642,7.206920,0.026882,0.038104,0.020539
2367448600.000,Miguel,recording,knock_twice_right,13,0.529208,6.701680,7.050878,0.029950,0.004871,0.006183
2367448610.000,Miguel,recording,knock_twice_right,13,0.692114,6.731829,6.945666,0.017780,-0.027377,-0.044202
2367448620.000,Miguel,recording,knock_twice_right,13,0.476354,6.887664,6.952305,0.003538,-0.050156,-0.102404
2367448630.000,Miguel,recording,knock_twice_right,13,-0.731991,7.128155,6.999777,0.001059,-0.053800,-0.123983
2367448640.000,Miguel,recording,knock_twice_right,13,-3.291675,7.829826,6.914234,0.012264,-0.044867,0.016919
2367448650.000,Miguel,recording,knock_twice_right,13,-2.971103,8.378799,6.999456,0.043937,-0.067525,0.224426
2367448660.000,Miguel,recording,knock_twice_right,13,0.060792,7.465821,6.707490,0.050546,-0.065644,0.311533
2367448670.000,Miguel,recording,knock_twice_right,13,0.148023,6.911568,6.025420,0.013109,-0.038764,0.281899
2367448680.000,Miguel,recording,knock_twice_right,13,1.821773,6.527636,6.371154,-0.032323,-0.053304,0.154649
2367448690.000,Miguel,recording,knock_twice_right,13,1.802422,6.671286,6.573877,-0.072045,-0.053081,-0.004007
2367448700.000,Miguel,recording,knock_twice_right,13,1.106253,6.773452,6.987979,-0.078367,-0.019531,-0.106378
2367448710.000,Miguel,recording,knock_twice_right,13,0.181662,6.764713,7.306987,-0.042876,0.025449,-0.112816
2367448720.000,Miguel,recording,knock_twice_right,13,-0.416602,6.608544,7.390449,0.013997,0.070940,-0.057880
2367448730.000,Miguel,recording,knock_twice_right,13,-0.104448,6.621224,7.251282,0.069353,0.102113,0.005565
2367448740.000,Miguel,recording,knock_twice_right,13,0.324985,6.769029,6.988884,0.102590,0.112578,0.039611
2367448750.000,Miguel,recording,knock_twice_right,13,0.743752,6.774578,6.715513,0.101834,0.100050,0.027893
2367448760.000,Miguel,recording,knock_twice_right,13,0.769401,6.763730,6.561209,0.070073,0.063372,-0.020302
2367448770.000,Miguel,recording,knock_twice_right,13,0.538442,6.853924,6.566627,0.021990,0.014746,-0.074642
2367448780.000,Miguel,recording,knock_twice_right,13,0.135880,7.030300,6.711747,-0.019322,-0.025783,-0.100743
2367448790.000,Miguel,recording,knock_twice_right,13,-0.198919,7.144991,6.881572,-0.036700,-0.044223,-0.083988
2367448800.000,Miguel,recording,knock_twice_right,13,-0.313980,7.141835,6.989149,-0.031518,-0.038746,-0.034751
2367448810.000,Miguel,recording,knock_twice_right,13,-0.239969,7.046101,7.016613,-0.014713,-0.017395,0.021596
2367448820.000,Miguel,recording,knock_twice_right,13,-0.008845,6.932546,6.975045,0.001737,0.006520,0.061709
2367448830.000,Miguel,recording,knock_twice_right,13,0.270363,6.823418,6.924284,0.009790,0.016929,0.074122
2367448840.000,Miguel,recording,knock_twice_right,13,0.481146,6.750640,6.887926,0.009075,0.007799,0.058156
2367448850.000,Miguel,recording,knock_twice_right,13,0.525102,6.730808,6.876486,0.002333,-0.017364,0.023469
2367448860.000,Miguel,recording,knock_twice_right,13,0.448936,6.778980,6.901825,-0.003837,-0.047966,-0.012711
2367448870.000,Miguel,recording,knock_twice_right,13,0.330682,6.840793,6.898534,-0.004602,-0.066457,-0.039057
2367448880.000,Miguel,recording,knock_twice_right,13,0.226204,6.919968,6.879548,0.000188,-0.062810,-0.053870
2367448890.000,Miguel,recording,knock_twice_right,13,0.152021,6.956103,6.879446,0.009519,-0.041763,-0.061346
2367448900.000,Miguel,recording,knock_twice_right,13,0.074063,6.948752,6.864796,0.020902,-0.012697,-0.065954
2367448910.000,Miguel,recording,knock_twice_right,13,-0.016075,6.949612,6.867177,0.032534,0.016733,-0.069393
2367448920.000,Miguel,recording,knock_twice_right,13,-0.093476,6.969069,6.852408,0.041601,0.035381,-0.071512
2367448930.000,Miguel,recording,knock_twice_right,13,-0.167455,7.038060,6.823150,0.047091,0.037677,-0.070689
2367448940.000,Miguel,recording,knock_twice_right,13,-0.247113,7.096592,6.770431,0.046566,0.025631,-0.064123
2367448950.000,Miguel,recording,knock_twice_right,13,-0.316706,7.142075,6.685668,0.037107,0.005428,-0.051345
2367448960.000,Miguel,recording,knock_twice_right,13,-0.316253,7.165054,6.605236,0.019429,-0.015058,-0.034289
2367448970.000,Miguel,recording,knock_twice_right,13,-0.285164,7.178558,6.565922,-0.001076,-0.027886,-0.014200
2367448980.000,Miguel,recording,knock_twice_right,13,-0.249158,7.136053,6.579981,-0.018928,-0.029382,0.005205
2367448990.000,Miguel,recording,knock_twice_right,13,-0.191248,7.086575,6.646851,-0.029853,-0.020072,0.021264
2367449000.000,Miguel,recording,knock_twice_right,13,-0.143190,7.009241,6.759558,-0.030238,-0.003833,0.033090
2367449010.000,Miguel,recording,knock_twice_right,13,-0.085121,6.959091,6.851821,-0.022471,0.012781,0.039760
2367449020.000,Miguel,recording,knock_twice_right,13,-0.017119,6.934506,6.890360,-0.012554,0.024982,0.039723
2367449030.000,Miguel,recording,knock_twice_right,13,0.021408,6.939670,6.867758,-0.006802,0.029808,0.034810
2367449040.000,Miguel,recording,knock_twice_right,13,0.014567,6.953176,6.865143,-0.005506,0.026801,0.029217
2367449050.000,Miguel,recording,knock_twice_right,13,0.024919,6.969314,6.875752,-0.005380,0.018755,0.025196
2367449060.000,Miguel,recording,knock_twice_right,13,0.053256,6.974382,6.889010,-0.004480,0.011155,0.023432
2367449070.000,Miguel,recording,knock_twice_right,13,0.081816,6.981873,6.905117,-0.003471,0.007998,0.021557
2367449080.000,Miguel,recording,knock_twice_right,13,0.071780,6.994804,6.872463,-0.003866,0.009638,0.018376
2367449090.000,Miguel,recording,knock_twice_right,13,0.038986,6.973382,6.869542,-0.005844,0.013167,0.015413
2367449100.000,Miguel,recording,knock_twice_right,13,0.038754,6.969449,6.912016,-0.007668,0.016000,0.015535
2367449110.000,Miguel,recording,knock_twice_right,13,0.056672,6.972280,6.960646,-0.006188,0.016967,0.016864
2367449120.000,Miguel,recording,knock_twice_right,13,0.089995,6.960718,6.961132,-0.002761,0.015307,0.017222
2367449130.000,Miguel,recording,knock_twice_right,13,0.084150,6.943270,6.965292,0.000305,0.012719,0.016188
2367449140.000,Miguel,recording,knock_twice_right,13,0.063034,6.947768,7.004067,0.005436,0.010338,0.014797
2367449150.000,Miguel,recording,knock_twice_right,13,0.065159,6.960234,7.001357,0.013365,0.007246,0.017333
2367449160.000,Miguel,recording,knock_twice_right,13,0.099661,6.977310,6.972500,0.022013,0.004359,0.020965
2367449170.000,Miguel,recording,knock_twice_right,13,0.136032,6.947544,6.892460,0.028306,0.001896,0.021499
2367449180.000,Miguel,recording,knock_twice_right,13,0.175841,6.918740,6.804126,0.030494,0.000782,0.017842
2367449190.000,Miguel,recording,knock_twice_right,13,0.201018,6.911722,6.770309,0.029305,-0.001093,0.011685
2367449200.000,Miguel,recording,knock_twice_right,13,0.189903,6.914925,6.749580,0.027775,-0.005190,0.006468
2367449210.000,Miguel,recording,knock_twice_right,13,0.190738,6.907240,6.674995,0.025631,-0.010027,0.003544
2367449220.000,Miguel,recording,knock_twice_right,13,0.194032,6.918314,6.613289,0.019707,-0.015442,0.000006
2367449230.000,Miguel,recording,knock_twice_right,13,0.184562,6.912487,6.548444,0.011346,-0.018522,-0.006853
2367449240.000,Miguel,recording,knock_twice_right,13,0.152037,6.894805,6.551916,0.000235,-0.014333,-0.012442
2367449250.000,Miguel,recording,knock_twice_right,13,0.088649,6.910883,6.579309,-0.013636,-0.003742,-0.013186
2367449260.000,Miguel,recording,knock_twice_right,13,0.057729,6.922556,6.632356,-0.023549,0.007104,-0.009566
2367449270.000,Miguel,recording,knock_twice_right,13,0.060441,6.929929,6.704693,-0.027322,0.015526,-0.005155
2367449280.000,Miguel,recording,knock_twice_right,13,0.053559,6.927452,6.742920,-0.029385,0.020148,-0.003407
2367449290.000,Miguel,recording,knock_twice_right,13,0.052011,6.932241,6.792052,-0.031147,0.018045,-0.004161
2367449300.000,Miguel,recording,knock_twice_right,13,0.063957,6.956151,6.870127,-0.031933,0.010752,-0.005185
2367449310.000,Miguel,recording,knock_twice_right,13,0.078396,6.964146,6.901628,-0.031096,0.004909,-0.006518
2367449320.000,Miguel,recording,knock_twice_right,13,0.079714,6.971524,6.927807,-0.028632,0.001747,-0.008599
2367449330.000,Miguel,recording,knock_twice_right,14,0.083766,6.981691,6.953198,-0.024257,0.000701,-0.009850
2367449340.000,Miguel,recording,knock_twice_right,14,0.043348,6.989216,6.981093,-0.019591,0.003187,-0.008669
2367449350.000,Miguel,recording,knock_twice_right,14,0.039506,6.975034,7.004940,-0.014562,0.006491,-0.006282
2367449360.000,Miguel,recording,knock_twice_right,14,0.059009,6.987203,7.021693,-0.008205,0.008307,-0.006601
2367449370.000,Miguel,recording,knock_twice_right,14,0.078040,6.982897,6.987959,-0.002641,0.007344,-0.008601
2367449380.000,Miguel,recording,knock_twice_right,14,0.069955,6.970509,6.951509,0.001000,0.003022,-0.012457
2367449390.000,Miguel,recording,knock_twice_right,14,0.049718,6.964464,6.931504,0.003466,-0.002529,-0.016903
2367449400.000,Miguel,recording,knock_twice_right,14,0.008692,6.961036,6.915358,0.006575,-0.006264,-0.018654
2367449410.000,Miguel,recording,knock_twice_right,14,-0.018751,6.969560,6.900001,0.009768,-0.004995,-0.017612
2367449420.000,Miguel,recording,knock_twice_right,14,-0.044655,6.974060,6.871081,0.013234,0.000968,-0.014132
2367449430.000,Miguel,recording,knock_twice_right,14,-0.016920,6.986060,6.828165,0.016005,0.008793,-0.010721
2367449440.000,Miguel,recording,knock_twice_right,14,0.000769,7.014432,6.806094,0.015208,0.015904,-0.008886
2367449450.000,Miguel,recording,knock_twice_right,14,0.007624,7.012732,6.808544,0.012956,0.020555,-0.009560
2367449460.000,Miguel,recording,knock_twice_right,14,-0.017799,7.007900,6.829277,0.011015,0.022590,-0.011121
2367449470.000,Miguel,recording,knock_twice_right,14,-0.039672,7.009444,6.857458,0.010152,0.019064,-0.010986
2367449480.000,Miguel,recording,knock_twice_right,14,-0.038540,7.003542,6.851363,0.009512,0.010301,-0.009410
2367449490.000,Miguel,recording,knock_twice_right,14,-0.035707,6.984625,6.807632,0.007765,-0.001120,-0.006901
2367449500.000,Miguel,recording,knock_twice_right,14,-0.001970,6.967643,6.742199,0.005771,-0.012792,-0.005150
2367449510.000,Miguel,recording,knock_twice_right,14,0.025481,6.963826,6.689778,0.002261,-0.018712,-0.004961
2367449520.000,Miguel,recording,knock_twice_right,14,0.046839,6.927072,6.631949,-0.001995,-0.016541,-0.007243
2367449530.000,Miguel,recording,knock_twice_right,14,0.030534,6.928225,6.605147,-0.006866,-0.007427,-0.009547
2367449540.000,Miguel,recording,knock_twice_right,14,0.007865,6.933861,6.636639,-0.014026,0.007393,-0.009435
2367449550.000,Miguel,recording,knock_twice_right,14,-0.026563,6.942495,6.705887,-0.019712,0.022186,-0.006673
2367449560.000,Miguel,recording,knock_twice_right,14,-0.041167,6.953879,6.793670,-0.020784,0.030378,-0.001562
2367449570.000,Miguel,recording,knock_twice_right,14,-0.025474,6.939955,6.840455,-0.017625,0.028056,0.003456
2367449580.000,Miguel,recording,knock_twice_right,14,0.014230,6.939464,6.848135,-0.013989,0.017328,0.007760
2367449590.000,Miguel,recording,knock_twice_right,14,0.058280,6.922045,6.795494,-0.014643,0.006042,0.008260
2367449600.000,Miguel,recording,knock_twice_right,14,0.088392,6.912837,6.748905,-0.022070,-0.002851,0.004275
2367449610.000,Miguel,recording,knock_twice_right,14,0.103410,6.920398,6.737115,-0.031792,-0.005369,-0.001159
2367449620.000,Miguel,recording,knock_twice_right,14,0.104829,6.914970,6.800731,-0.037177,0.000943,-0.007172
2367449630.000,Miguel,recording,knock_twice_right,14,0.084498,6.933620,6.897828,-0.036267,0.011418,-0.011085
2367449640.000,Miguel,recording,knock_twice_right,14,0.037406,6.937104,6.953885,-0.029238,0.017775,-0.010773
2367449650.000,Miguel,recording,knock_twice_right,14,0.022516,6.923486,6.966567,-0.020307,0.016163,-0.007566
2367449660.000,Miguel,recording,knock_twice_right,14,0.028314,6.925598,6.929467,-0.012400,0.009909,-0.004832
2367449670.000,Miguel,recording,knock_twice_right,14,0.059803,6.923690,6.892017,-0.007684,0.002543,-0.004192
2367449680.000,Miguel,recording,knock_twice_right,14,0.085303,6.904314,6.827910,-0.007969,-0.002861,-0.006600
2367449690.000,Miguel,recording,knock_twice_right,14,0.085650,6.887177,6.799732,-0.012634,-0.002355,-0.012149
2367449700.000,Miguel,recording,knock_twice_right,14,0.047547,6.897807,6.815365,-0.019275,0.003887,-0.018856
2367449710.000,Miguel,recording,knock_twice_right,14,-0.008756,6.926429,6.875461,-0.023826,0.010431,-0.021952
2367449720.000,Miguel,recording,knock_twice_right,14,-0.054080,6.980348,6.954498,-0.022911,0.014272,-0.019161
2367449730.000,Miguel,recording,knock_twice_right,14,-0.063971,7.004936,6.990264,-0.018221,0.013038,-0.012456
2367449740.000,Miguel,recording,knock_twice_right,14,-0.026344,7.019725,6.981559,-0.013341,0.006470,-0.004913
2367449750.000,Miguel,recording,knock_twice_right,14,0.022615,7.017706,6.942190,-0.010247,-0.002193,-0.001446
2367449760.000,Miguel,recording,knock_twice_right,14,0.066287,6.999572,6.897363,-0.010369,-0.009136,-0.002338
2367449770.000,Miguel,recording,knock_twice_right,14,0.047997,6.970262,6.865629,-0.013712,-0.010200,-0.004362
2367449780.000,Miguel,recording,knock_twice_right,14,0.019528,6.921843,6.879542,-0.017981,-0.006103,-0.005609
2367449790.000,Miguel,recording,knock_twice_right,14,0.019906,6.883795,6.920655,-0.018503,-0.000304,-0.006715
2367449800.000,Miguel,recording,knock_twice_right,14,0.013386,6.857249,6.972481,-0.012218,0.005885,-0.008102
2367449810.000,Miguel,recording,knock_twice_right,14,0.005849,6.835093,6.960457,-0.004174,0.009012,-0.009596
2367449820.000,Miguel,recording,knock_twice_right,14,0.030262,6.868841,6.937290,0.002426,0.006548,-0.012024
2367449830.000,Miguel,recording,knock_twice_right,14,0.049450,6.894951,6.910172,0.009731,0.001728,-0.014905
2367449840.000,Miguel,recording,knock_twice_right,14,0.068616,6.930285,6.828410,0.011933,-0.002273,-0.017692
2367449850.000,Miguel,recording,knock_twice_right,14,0.049208,6.937197,6.749204,0.003475,-0.003192,-0.019827
2367449860.000,Miguel,recording,knock_twice_right,14,0.018651,6.964818,6.756029,-0.011783,0.000543,-0.021632
2367449870.000,Miguel,recording,knock_twice_right,14,-0.030509,6.983460,6.854176,-0.025660,0.006487,-0.021302
2367449880.000,Miguel,recording,knock_twice_right,14,-0.071374,6.982731,6.991654,-0.030758,0.010149,-0.017580
2367449890.000,Miguel,recording,knock_twice_right,14,-0.101842,6.980449,7.096775,-0.025203,0.008246,-0.011408
2367449900.000,Miguel,recording,knock_twice_right,14,-0.096528,6.971688,7.153139,-0.013005,0.000515,-0.004461
2367449910.000,Miguel,recording,knock_twice_right,14,-0.069544,6.950359,7.113039,0.000598,-0.011048,-0.000117
2367449920.000,Miguel,recording,knock_twice_right,14,-0.022181,6.946022,7.038470,0.011483,-0.022548,0.001762
2367449930.000,Miguel,recording,knock_twice_right,14,0.017426,6.946650,6.941968,0.017491,-0.029506,0.001087
2367449940.000,Miguel,recording,knock_twice_right,14,0.024735,6.944367,6.881181,0.020038,-0.028168,-0.003065
2367449950.000,Miguel,recording,knock_twice_right,14,0.000509,6.949945,6.860439,0.021668,-0.021439,-0.007996
2367449960.000,Miguel,recording,knock_twice_right,14,-0.013821,6.954301,6.840261,0.022663,-0.014987,-0.009116
2367449970.000,Miguel,recording,knock_twice_right,14,-0.012290,6.941596,6.809722,0.021366,-0.011493,-0.006862
2367449980.000,Miguel,recording,knock_twice_right,14,-0.023458,6.929652,6.767260,0.016907,-0.011478,-0.004555
2367449990.000,Miguel,recording,knock_twice_right,14,-0.020236,6.917716,6.750292,0.009555,-0.015068,-0.004363
2367450000.000,Miguel,recording,knock_twice_right,14,-0.000887,6.928659,6.757599,0.000875,-0.019439,-0.006394
2367450010.000,Miguel,recording,knock_twice_right,14,0.022756,6.935186,6.773820,-0.006017,-0.020017,-0.009154
2367450020.000,Miguel,recording,knock_twice_right,14,0.004933,6.941489,6.846131,-0.006196,-0.016646,-0.012732
2367450030.000,Miguel,recording,knock_twice_right,14,-0.044330,6.920392,6.896276,0.000347,-0.009764,-0.014988
2367450040.000,Miguel,recording,knock_twice_right,14,-0.067869,6.919153,6.880382,0.010536,0.000735,-0.012784
2367450050.000,Miguel,recording,knock_twice_right,14,-0.060630,6.939277,6.827633,0.020241,0.010883,-0.008697
2367450060.000,Miguel,recording,knock_twice_right,14,-0.028429,6.955456,6.741615,0.022312,0.016062,-0.006472
2367450070.000,Miguel,recording,knock_twice_right,14,-0.018415,6.970215,6.659699,0.015440,0.015915,-0.006413
2367450080.000,Miguel,recording,knock_twice_right,14,-0.020794,6.968725,6.666294,0.001832,0.012459,-0.006759
2367450090.000,Miguel,recording,knock_twice_right,14,-0.029061,6.958465,6.737961,-0.013298,0.007878,-0.006358
2367450100.000,Miguel,recording,knock_twice_right,14,-0.046531,6.941936,6.816808,-0.024311,0.003138,-0.005551
2367450110.000,Miguel,recording,knock_twice_right,14,-0.065405,6.926240,6.902313,-0.029152,0.000390,-0.004889
2367450120.000,Miguel,recording,knock_twice_right,14,-0.072619,6.920767,6.980194,-0.026219,-0.001041,-0.003140
2367450130.000,Miguel,recording,knock_twice_right,14,-0.048537,6.913346,7.005124,-0.015892,-0.001664,0.000293
2367450140.000,Miguel,recording,knock_twice_right,14,-0.008032,6.907693,6.984952,-0.003382,0.001823,0.002224
2367450150.000,Miguel,recording,knock_twice_right,14,0.040788,6.917016,6.941044,0.005865,0.010829,-0.000137
2367450160.000,Miguel,recording,knock_twice_right,14,0.053326,6.933017,6.916188,0.011684,0.020067,-0.006011
2367450170.000,Miguel,recording,knock_twice_right,14,0.045508,6.960552,6.911167,0.016513,0.024277,-0.012588
2367450180.000,Miguel,recording,knock_twice_right,14,-0.000699,6.961372,6.907292,0.019279,0.021362,-0.015909
2367450190.000,Miguel,recording,knock_twice_right,14,-0.029185,6.972080,6.876544,0.018424,0.010496,-0.014962
2367450200.000,Miguel,recording,knock_twice_right,14,-0.069909,6.978392,6.822797,0.014712,-0.005166,-0.010328
2367450210.000,Miguel,recording,knock_twice_right,14,-0.068121,6.967338,6.776743,0.008001,-0.020310,-0.004013
2367450220.000,Miguel,recording,knock_twice_right,14,-0.049615,6.946119,6.769087,0.000766,-0.029487,0.001228
2367450230.000,Miguel,recording,knock_twice_right,14,-0.046348,6.928704,6.791916,-0.003681,-0.029108,0.005304
2367450240.000,Miguel,recording,knock_twice_right,14,-0.019221,6.917856,6.800621,-0.003008,-0.021908,0.008276
2367450250.000,Miguel,recording,knock_twice_right,14,0.016192,6.929799,6.801637,0.000667,-0.013151,0.010180
2367450260.000,Miguel,recording,knock_twice_right,14,0.050335,6.937686,6.806743,0.002178,-0.007101,0.008973
2367450270.000,Miguel,recording,knock_twice_right,14,0.049246,6.964365,6.783938,0.000735,-0.006471,0.005987
2367450280.000,Miguel,recording,knock_twice_right,14,0.038933,6.973036,6.743811,-0.004939,-0.008712,0.003406
2367450290.000,Miguel,recording,knock_twice_right,14,0.027582,6.973498,6.748416,-0.012897,-0.008679,0.001963
2367450300.000,Miguel,recording,knock_twice_right,14,-0.009404,6.956748,6.765503,-0.020087,-0.004803,0.002218
2367450310.000,Miguel,recording,knock_twice_right,14,-0.061345,6.917532,6.828680,-0.023912,0.002889,0.003851
2367450320.000,Miguel,recording,knock_twice_right,14,-0.072274,6.877015,6.903408,-0.023504,0.010884,0.006667
2367450330.000,Miguel,recording,knock_twice_right,14,-0.047310,6.871462,6.959241,-0.019970,0.014256,0.008862
2367450340.000,Miguel,recording,knock_twice_right,14,-0.034062,6.900466,6.987386,-0.013896,0.013864,0.008097
2367450350.000,Miguel,recording,knock_twice_right,14,-0.031820,6.920305,6.976928,-0.009004,0.010655,0.004157
2367450360.000,Miguel,recording,knock_twice_right,14,-0.036531,6.955644,6.970292,-0.007981,0.006194,0.000239
2367450370.000,Miguel,recording,knock_twice_right,14,-0.082244,6.981320,7.012186,-0.007684,0.003525,-0.001558
2367450380.000,Miguel,recording,knock_twice_right,14,-0.102429,6.983032,7.073121,-0.003505,0.002980,0.000881
2367450390.000,Miguel,recording,knock_twice_right,14,-0.111857,6.971735,7.109319,0.004040,0.002518,0.007945
2367450400.000,Miguel,recording,knock_twice_right,14,-0.100690,6.950844,7.087773,0.013697,0.003742,0.014838
2367450410.000,Miguel,recording,knock_twice_right,14,-0.090178,6.933383,7.025729,0.022804,0.007263,0.018242
2367450420.000,Miguel,recording,knock_twice_right,14,-0.080177,6.939489,6.975465,0.027527,0.008678,0.021091
2367450430.000,Miguel,recording,knock_twice_right,14,-0.047160,6.941797,6.945654,0.028050,0.006620,0.024126
2367450440.000,Miguel,recording,knock_twice_right,14,-0.025187,6.954259,6.965807,0.026978,0.003241,0.024366
2367450450.000,Miguel,recording,knock_twice_right,14,0.000288,6.958255,6.981317,0.028157,-0.001528,0.022910
2367450460.000,Miguel,recording,knock_twice_right,14,0.018839,6.962466,6.995573,0.033439,-0.007230,0.022473
2367450470.000,Miguel,recording,knock_twice_right,14,0.027082,6.946307,6.925512,0.038309,-0.011024,0.022029
2367450480.000,Miguel,recording,knock_twice_right,14,0.058046,6.960363,6.866917,0.038775,-0.013246,0.019513
2367450490.000,Miguel,recording,knock_twice_right,14,0.079868,6.959450,6.821285,0.035631,-0.015660,0.015960
2367450500.000,Miguel,recording,knock_twice_right,14,0.089155,6.935524,6.780347,0.031745,-0.016760,0.012569
2367450510.000,Miguel,recording,knock_twice_right,14,0.079205,6.921242,6.724514,0.028793,-0.014620,0.009585
2367450520.000,Miguel,recording,knock_twice_right,14,0.074576,6.924183,6.700913,0.025755,-0.010611,0.007083
2367450530.000,Miguel,recording,knock_twice_right,14,0.060733,6.946513,6.681235,0.021758,-0.004378,0.006829
2367450540.000,Miguel,recording,knock_twice_right,14,0.022890,6.957726,6.681566,0.016986,0.005770,0.008535
2367450550.000,Miguel,recording,knock_twice_right,14,-0.004584,6.981809,6.713664,0.011608,0.016932,0.011410
2367450560.000,Miguel,recording,knock_twice_right,14,0.026831,6.974029,6.781107,0.007971,0.021182,0.015081
2367450570.000,Miguel,recording,knock_twice_right,14,0.099036,6.965129,6.840417,0.007248,0.015904,0.016785
2367450580.000,Miguel,recording,knock_twice_right,14,0.146995,6.930537,6.872962,0.008775,0.005591,0.014306
2367450590.000,Miguel,recording,knock_twice_right,14,0.151183,6.903907,6.864745,0.012436,-0.005923,0.008087
2367450600.000,Miguel,recording,knock_twice_right,14,0.146817,6.904736,6.816517,0.015061,-0.015273,0.001623
2367450610.000,Miguel,recording,knock_twice_right,14,0.160421,6.944391,6.740459,0.014184,-0.018294,-0.004770
2367450620.000,Miguel,recording,knock_twice_right,14,0.159893,6.976850,6.701536,0.011335,-0.014215,-0.010007
2367450630.000,Miguel,recording,knock_twice_right,14,0.119143,6.976978,6.678475,0.007069,-0.008610,-0.011492
2367450640.000,Miguel,recording,knock_twice_right,14,0.071816,6.960972,6.674811,0.000738,-0.003400,-0.011141
2367450650.000,Miguel,recording,knock_twice_right,14,0.028872,6.965727,6.721025,-0.006572,0.002406,-0.008606
2367450660.000,Miguel,recording,knock_twice_right,14,0.036840,6.966712,6.802483,-0.011668,0.006255,-0.004476
2367450670.000,Miguel,recording,knock_twice_right,14,0.042396,6.939629,6.847732,-0.011886,0.005603,-0.002232
2367450680.000,Miguel,recording,knock_twice_right,14,0.058708,6.903308,6.853847,-0.007455,0.002829,-0.003323
2367450690.000,Miguel,recording,knock_twice_right,14,0.083348,6.888619,6.837829,-0.002654,-0.000247,-0.009163
2367450700.000,Miguel,recording,knock_twice_right,14,0.095658,6.902507,6.831925,-0.000748,-0.003097,-0.017506
2367450710.000,Miguel,recording,knock_twice_right,14,0.051688,6.917275,6.797609,-0.001442,-0.003813,-0.024585
2367450720.000,Miguel,recording,knock_twice_right,14,-0.002379,6.950017,6.784794,-0.003885,-0.004049,-0.030365
2367450730.000,Miguel,recording,knock_twice_right,14,-0.061140,6.979793,6.789895,-0.006788,-0.004738,-0.032375
2367450740.000,Miguel,recording,knock_twice_right,14,-0.116809,7.042305,6.776384,-0.010168,-0.004768,-0.025320
2367450750.000,Miguel,recording,knock_twice_right,14,-0.135654,7.071059,6.765156,-0.014036,-0.002446,-0.011629
2367450760.000,Miguel,recording,knock_twice_right,14,-0.127635,7.068540,6.785378,-0.018713,0.003315,0.003538
2367450770.000,Miguel,recording,knock_twice_right,14,-0.068459,7.033742,6.834088,-0.022038,0.009563,0.015435
2367450780.000,Miguel,recording,knock_twice_right,14,0.000610,6.957161,6.905474,-0.021186,0.013302,0.019844
2367450790.000,Miguel,recording,knock_twice_right,14,0.064021,6.890264,6.958685,-0.017438,0.012877,0.016945
2367450800.000,Miguel,recording,knock_twice_right,14,0.094633,6.852619,6.981282,-0.013315,0.008174,0.005793
2367450810.000,Miguel,recording,knock_twice_right,14,0.075152,6.854546,7.007741,-0.007659,0.000666,-0.008568
2367450820.000,Miguel,recording,knock_twice_right,14,-0.007943,6.862680,6.976972,-0.000969,-0.007770,-0.017259
2367450830.000,Miguel,recording,knock_twice_right,14,-0.053937,6.911269,6.937934,0.004124,-0.011664,-0.018390
2367450840.000,Miguel,recording,knock_twice_right,14,-0.087726,6.954713,6.896488,0.007560,-0.009205,-0.012818
2367450850.000,Miguel,recording,knock_twice_right,14,-0.072042,6.990679,6.875001,0.010507,-0.004060,-0.004533
2367450860.000,Miguel,recording,knock_twice_right,14,-0.032637,7.014680,6.865065,0.012990,0.002400,0.002798
2367450870.000,Miguel,recording,knock_twice_right,14,0.017908,7.015257,6.853295,0.012379,0.005988,0.006969
2367450880.000,Miguel,recording,knock_twice_right,14,0.056919,7.004724,6.845483,0.008211,0.002588,0.004705
2367450890.000,Miguel,recording,knock_twice_right,14,0.064752,6.974748,6.839545,0.001824,-0.003569,-0.001784
2367450900.000,Miguel,recording,knock_twice_right,14,0.059168,6.952299,6.878704,-0.002308,-0.009378,-0.008369
2367450910.000,Miguel,recording,knock_twice_right,14,0.038898,6.947445,6.921450,-0.001788,-0.014019,-0.014835
2367450920.000,Miguel,recording,knock_twice_right,14,-0.004700,6.933506,6.950645,0.002671,-0.013504,-0.019822
2367450930.000,Miguel,recording,knock_twice_right,14,-0.048301,6.948998,6.956017,0.011498,-0.009008,-0.020868
2367450940.000,Miguel,recording,knock_twice_right,14,-0.077931,6.969105,6.935115,0.022071,-0.004479,-0.016561
2367450950.000,Miguel,recording,knock_twice_right,14,-0.092808,7.013045,6.876516,0.029844,0.000440,-0.006871
2367450960.000,Miguel,recording,knock_twice_right,14,-0.080859,7.037302,6.786592,0.032120,0.002710,0.003524
2367450970.000,Miguel,recording,knock_twice_right,14,-0.026976,7.033177,6.712954,0.028609,0.000193,0.009451
2367450980.000,Miguel,recording,knock_twice_right,14,0.023052,7.007220,6.640740,0.018105,-0.004626,0.011097
2367450990.000,Miguel,recording,knock_twice_right,14,0.032758,6.985695,6.613246,0.002911,-0.010385,0.009094
2367451000.000,Miguel,recording,knock_twice_right,14,0.025756,6.985905,6.658625,-0.011699,-0.016518,0.004856
2367451010.000,Miguel,recording,knock_twice_right,14,-0.008375,6.993842,6.737169,-0.022094,-0.019321,0.001975
2367451020.000,Miguel,recording,knock_twice_right,14,-0.061862,6.972706,6.833567,-0.025812,-0.016124,0.004192
2367451030.000,Miguel,recording,knock_twice_right,14,-0.089798,6.955292,6.906728,-0.020015,-0.010392,0.011771
2367451040.000,Miguel,recording,knock_twice_right,14,-0.051514,6.953517,6.964022,-0.006876,-0.006234,0.018904
2367451050.000,Miguel,recording,knock_twice_right,14,0.044501,6.941779,6.916095,0.006332,-0.003245,0.021846
2367451060.000,Miguel,recording,knock_twice_right,14,0.130273,6.949265,6.826926,0.014087,-0.000779,0.018671
2367451070.000,Miguel,recording,knock_twice_right,14,0.180306,6.941659,6.758098,0.014216,0.000607,0.009758
2367451080.000,Miguel,recording,knock_twice_right,14,0.155533,6.961603,6.718575,0.008480,0.002650,-0.000015
2367451090.000,Miguel,recording,knock_twice_right,14,0.097152,6.968127,6.729358,-0.000996,0.005929,-0.006226
2367451100.000,Miguel,recording,knock_twice_right,14,0.043173,6.965579,6.750244,-0.009794,0.010083,-0.008638
2367451110.000,Miguel,recording,knock_twice_right,14,-0.002595,6.954156,6.822778,-0.014938,0.013459,-0.007567
2367451120.000,Miguel,recording,knock_twice_right,14,-0.046889,6.953144,6.906348,-0.017132,0.014663,-0.004622
2367451130.000,Miguel,recording,knock_twice_right,14,-0.070417,6.965410,6.987644,-0.015713,0.012829,-0.001197
2367451140.000,Miguel,recording,knock_twice_right,14,-0.057211,6.980192,7.034081,-0.008565,0.006945,0.002115
2367451150.000,Miguel,recording,knock_twice_right,14,-0.006863,6.977963,7.043679,0.002150,-0.001668,0.003910
2367451160.000,Miguel,recording,knock_twice_right,14,0.023636,6.961933,6.997355,0.012954,-0.008597,0.004369
2367451170.000,Miguel,recording,knock_twice_right,14,0.043873,6.960590,6.896879,0.020190,-0.012553,0.003375
2367451180.000,Miguel,recording,knock_twice_right,14,0.064751,6.956207,6.812769,0.021329,-0.011920,0.001714
2367451190.000,Miguel,recording,knock_twice_right,14,0.095740,6.946097,6.745832,0.018998,-0.006541,-0.000796
2367451200.000,Miguel,recording,knock_twice_right,14,0.116491,6.932623,6.706495,0.016077,-0.001020,-0.005441
2367451210.000,Miguel,recording,knock_twice_right,14,0.086903,6.922790,6.695183,0.013000,0.004670,-0.011124
2367451220.000,Miguel,recording,knock_twice_right,14,0.029405,6.922567,6.698391,0.008983,0.010457,-0.014916
2367451230.000,Miguel,recording,knock_twice_right,14,-0.003154,6.953731,6.705652,0.004514,0.014269,-0.015395
2367451240.000,Miguel,recording,knock_twice_right,14,-0.022539,6.982920,6.702904,-0.002740,0.013902,-0.013189
2367451250.000,Miguel,recording,knock_twice_right,14,-0.032116,7.000462,6.739092,-0.013107,0.009219,-0.008012
2367451260.000,Miguel,recording,knock_twice_right,14,0.005030,6.989612,6.811861,-0.021433,0.001137,-0.004103
2367451270.000,Miguel,recording,knock_twice_right,14,0.038330,6.958437,6.885260,-0.023696,-0.005560,-0.003819
2367451280.000,Miguel,recording,knock_twice_right,14,0.047479,6.936012,6.936391,-0.019284,-0.005661,-0.005565
2367451290.000,Miguel,recording,knock_twice_right,14,0.048748,6.926789,6.961152,-0.009784,-0.001382,-0.008763
2367451300.000,Miguel,recording,knock_twice_right,14,0.031613,6.925167,6.955741,0.001376,0.003882,-0.011135
2367451310.000,Miguel,recording,knock_twice_right,14,0.025461,6.951245,6.887715,0.008861,0.007766,-0.011023
2367451320.000,Miguel,recording,knock_twice_right,14,0.024915,6.965295,6.827258,0.010371,0.007745,-0.009141
2367451330.000,Miguel,recording,knock_twice_right,14,0.024011,6.971830,6.775821,0.007368,0.004980,-0.007916
2367451340.000,Miguel,recording,knock_twice_right,14,0.044211,6.975321,6.768678,0.002929,0.001884,-0.007403
2367451350.000,Miguel,recording,knock_twice_right,14,0.079372,6.950545,6.794647,-0.002313,-0.001543,-0.007765
2367451360.000,Miguel,recording,knock_twice_right,14,0.106492,6.926094,6.811240,-0.007043,-0.005446,-0.010856
2367451370.000,Miguel,recording,knock_twice_right,14,0.122334,6.907625,6.816924,-0.009194,-0.006672,-0.017595
2367451380.000,Miguel,recording,knock_twice_right,14,0.110149,6.908512,6.848808,-0.008619,-0.003924,-0.023703
2367451390.000,Miguel,recording,knock_twice_right,14,0.065177,6.914557,6.866101,-0.004778,-0.000227,-0.027310
2367451400.000,Miguel,recording,knock_twice_right,14,-0.575315,6.962990,6.787473,-0.006368,0.017980,-0.022509
2367451410.000,Miguel,recording,knock_twice_right,14,-1.230784,7.298621,6.706437,-0.009359,-0.008366,0.020795
2367451420.000,Miguel,recording,knock_twice_right,14,0.181031,7.419364,6.818932,-0.008449,-0.061646,0.064705
2367451430.000,Miguel,recording,knock_twice_right,14,0.514793,6.886251,6.768433,-0.023774,-0.055414,0.055732
2367451440.000,Miguel,recording,knock_twice_right,14,0.566763,6.752060,6.722935,-0.039561,-0.021943,0.015879
2367451450.000,Miguel,recording,knock_twice_right,14,0.569198,6.678303,6.951785,-0.028515,0.027191,-0.024789
2367451460.000,Miguel,recording,knock_twice_right,14,0.420995,6.788595,7.133169,0.003670,0.086952,-0.048224
2367451470.000,Miguel,recording,knock_twice_right,14,0.109013,6.840852,7.182127,0.041128,0.116368,-0.051271
2367451480.000,Miguel,recording,knock_twice_right,14,0.039806,6.834081,7.020816,0.061279,0.098719,-0.042620
2367451490.000,Miguel,recording,knock_twice_right,14,0.017198,6.825359,6.815106,0.052982,0.049761,-0.037101
2367451500.000,Miguel,recording,knock_twice_right,14,0.137872,6.872840,6.702238,0.023186,-0.008999,-0.042266
2367451510.000,Miguel,recording,knock_twice_right,14,0.166812,6.934305,6.689983,-0.012590,-0.059873,-0.053444
2367451520.000,Miguel,recording,knock_twice_right,14,0.110676,6.962777,6.792515,-0.037224,-0.088808,-0.062798
2367451530.000,Miguel,recording,knock_twice_right,14,0.049444,6.995060,6.943449,-0.039312,-0.087841,-0.066411
2367451540.000,Miguel,recording,knock_twice_right,14,-0.129551,7.032449,7.026709,-0.020566,-0.060794,-0.062610
2367451550.000,Miguel,recording,knock_twice_right,14,-1.352141,7.258061,6.846101,-0.006009,0.006030,-0.016922
2367451560.000,Miguel,recording,knock_twice_right,14,-2.307814,7.697829,6.590300,0.007318,0.025992,0.076787
2367451570.000,Miguel,recording,knock_twice_right,14,-0.207161,7.547470,6.621296,0.017128,0.006397,0.144287
2367451580.000,Miguel,recording,knock_twice_right,14,-0.146057,7.066219,6.341213,-0.003662,0.021147,0.128751
2367451590.000,Miguel,recording,knock_twice_right,14,0.825094,6.799570,6.445030,-0.034675,0.012966,0.054959
2367451600.000,Miguel,recording,knock_twice_right,14,0.454227,6.810385,6.715433,-0.054362,-0.001977,-0.012077
2367451610.000,Miguel,recording,knock_twice_right,14,0.394817,6.871748,7.027241,-0.054177,-0.002048,-0.034433
2367451620.000,Miguel,recording,knock_twice_right,14,-0.136795,6.960491,7.274239,-0.029602,-0.003760,-0.011283
2367451630.000,Miguel,recording,knock_twice_right,14,-0.190345,6.847307,7.287333,0.002520,-0.000905,0.027899
2367451640.000,Miguel,recording,knock_twice_right,14,0.029387,6.730364,7.127949,0.027544,0.017361,0.048626
2367451650.000,Miguel,recording,knock_twice_right,14,0.401204,6.781730,7.002416,0.040969,0.039634,0.039340
2367451660.000,Miguel,recording,knock_twice_right,14,0.549099,6.889898,6.910717,0.040571,0.051068,0.007899
2367451670.000,Miguel,recording,knock_twice_right,14,0.324552,6.940956,6.896917,0.030317,0.042539,-0.026067
2367451680.000,Miguel,recording,knock_twice_right,14,0.022800,6.996525,6.942138,0.017462,0.014990,-0.043056
2367451690.000,Miguel,recording,knock_twice_right,14,-0.190759,7.071840,6.997323,0.010343,-0.018823,-0.033044
2367451700.000,Miguel,recording,knock_twice_right,14,-0.236711,7.091558,7.015614,0.011694,-0.043137,-0.002827
2367451710.000,Miguel,recording,knock_twice_right,14,-0.145935,7.031041,6.968787,0.019000,-0.048058,0.027890
2367451720.000,Miguel,recording,knock_twice_right,14,0.004318,6.946147,6.856713,0.026016,-0.037375,0.048253
2367451730.000,Miguel,recording,knock_twice_right,14,0.177359,6.878606,6.752576,0.027750,-0.022669,0.054519
2367451740.000,Miguel,recording,knock_twice_right,14,0.325333,6.847242,6.721898,0.025713,-0.011789,0.043814
2367451750.000,Miguel,recording,knock_twice_right,14,0.353596,6.831793,6.718020,0.020320,-0.008142,0.021785
2367451760.000,Miguel,recording,knock_twice_right,14,0.267944,6.834760,6.704290,0.013672,-0.013421,-0.001117
2367451770.000,Miguel,recording,knock_twice_right,14,0.172050,6.865252,6.719211,0.008582,-0.021955,-0.017940
2367451780.000,Miguel,recording,knock_twice_right,14,0.118319,6.900534,6.720141,0.006601,-0.026543,-0.026803
2367451790.000,Miguel,recording,knock_twice_right,14,0.094260,6.937284,6.711534,0.006985,-0.023538,-0.030847
2367451800.000,Miguel,recording,knock_twice_right,14,0.058398,6.945789,6.679576,0.007529,-0.014068,-0.033377
2367451810.000,Miguel,recording,knock_twice_right,14,0.002755,6.967711,6.657071,0.007495,-0.002260,-0.035355
2367451820.000,Miguel,recording,knock_twice_right,14,-0.049626,7.019327,6.653593,0.005713,0.008977,-0.035374
2367451830.000,Miguel,recording,knock_twice_right,14,-0.102670,7.066543,6.662081,0.000785,0.014950,-0.031251
2367451840.000,Miguel,recording,knock_twice_right,14,-0.155040,7.085936,6.704790,-0.007070,0.012837,-0.023424
2367451850.000,Miguel,recording,knock_twice_right,14,-0.182778,7.089262,6.763070,-0.013953,0.004894,-0.011612
2367451860.000,Miguel,recording,knock_twice_right,14,-0.168465,7.082768,6.783932,-0.017335,-0.004717,0.002597
2367451870.000,Miguel,recording,knock_twice_right,14,-0.117154,7.055349,6.779468,-0.018456,-0.008283,0.014678
2367451880.000,Miguel,recording,knock_twice_right,14,-0.055853,7.006176,6.783067,-0.019175,-0.002426,0.021830
2367451890.000,Miguel,recording,knock_twice_right,14,-0.015326,6.958330,6.817948,-0.020065,0.008686,0.023736
2367451900.000,Miguel,recording,knock_twice_right,14,0.025934,6.930770,6.875209,-0.019613,0.017727,0.021524
2367451910.000,Miguel,recording,knock_twice_right,14,0.034864,6.918057,6.950898,-0.017039,0.021168,0.016306
2367451920.000,Miguel,recording,knock_twice_right,14,0.015635,6.923353,6.999326,-0.012026,0.019624,0.010635
2367451930.000,Miguel,recording,knock_twice_right,14,0.014892,6.952644,6.989369,-0.004713,0.012073,0.007168
2367451940.000,Miguel,recording,knock_twice_right,14,0.026398,7.001903,6.955077,0.002152,0.002906,0.004224
2367451950.000,Miguel,recording,knock_twice_right,14,0.039614,7.041725,6.901739,0.004706,-0.004491,0.000030
2367451960.000,Miguel,recording,knock_twice_right,14,0.027904,7.067457,6.848990,0.003080,-0.006360,-0.003977
2367451970.000,Miguel,recording,knock_twice_right,14,0.001839,7.068203,6.839303,0.000180,0.000513,-0.004935
2367451980.000,Miguel,recording,knock_twice_right,14,-0.018209,7.043290,6.877626,-0.000901,0.011242,-0.001474
2367451990.000,Miguel,recording,knock_twice_right,14,-0.049964,6.983352,6.937235,0.002716,0.020608,0.004589
2367452000.000,Miguel,recording,knock_twice_right,14,-0.072991,6.929720,6.971890,0.009179,0.024530,0.011222
2367452010.000,Miguel,recording,knock_twice_right,14,-0.041342,6.900411,6.964073,0.015719,0.019158,0.016002
2367452020.000,Miguel,recording,knock_twice_right,14,0.018471,6.887526,6.913349,0.019273,0.005912,0.015797
2367452030.000,Miguel,recording,knock_twice_right,14,0.063737,6.907168,6.862015,0.019612,-0.009084,0.010882
2367452040.000,Miguel,recording,knock_twice_right,14,0.097825,6.927624,6.779213,0.019058,-0.020616,0.005272
2367452050.000,Miguel,recording,knock_twice_right,14,0.088799,6.944703,6.714353,0.017056,-0.023122,0.001825
2367452060.000,Miguel,recording,knock_twice_right,14,0.058320,6.965502,6.683689,0.013471,-0.016102,0.001505
2367452070.000,Miguel,recording,knock_twice_right,14,0.056393,6.962017,6.672011,0.010329,-0.006172,0.004363
2367452080.000,Miguel,recording,knock_twice_right,14,0.050026,6.955792,6.643678,0.006329,0.003359,0.008111
2367452090.000,Miguel,recording,knock_twice_right,14,0.062775,6.947155,6.651684,-0.000745,0.009718,0.010429
2367452100.000,Miguel,recording,knock_twice_right,14,0.092918,6.943916,6.682048,-0.008429,0.010467,0.009972
2367452110.000,Miguel,recording,knock_twice_right,14,0.114894,6.930870,6.752498,-0.012833,0.008842,0.005612
2367452120.000,Miguel,recording,knock_twice_right,14,0.107972,6.926912,6.819129,-0.013545,0.007748,-0.000282
2367452130.000,Miguel,recording,knock_twice_right,14,0.080404,6.936680,6.850282,-0.012859,0.008430,-0.005918
2367452140.000,Miguel,recording,knock_twice_right,14,0.042298,6.954337,6.874490,-0.013657,0.009091,-0.009634
2367452150.000,Miguel,recording,knock_twice_right,14,0.011195,7.003352,6.879775,-0.015527,0.007658,-0.010091
2367452160.000,Miguel,recording,knock_twice_right,14,0.011404,6.999670,6.893019,-0.015563,0.005476,-0.008730
2367452170.000,Miguel,recording,knock_twice_right,14,0.020280,7.002226,6.917946,-0.014336,0.003577,-0.006893
2367452180.000,Miguel,recording,knock_twice_right,14,0.024246,6.989743,6.927494,-0.012577,0.001278,-0.006033
2367452190.000,Miguel,recording,knock_twice_right,14,0.024907,6.968661,6.929618,-0.010028,-0.001796,-0.007424
2367452200.000,Miguel,recording,knock_twice_right,14,0.012268,6.965663,6.917298,-0.007090,-0.004970,-0.009012
2367452210.000,Miguel,recording,knock_twice_right,14,-0.011160,6.987031,6.919557,-0.003708,-0.007858,-0.008586
2367452220.000,Miguel,recording,knock_twice_right,14,-0.029071,6.990469,6.945737,0.000145,-0.007731,-0.005992
2367452230.000,Miguel,recording,knock_twice_right,14,-0.041702,6.970585,6.958126,0.007139,-0.004946,-0.002114
2367452240.000,Miguel,recording,knock_twice_right,14,-0.024519,6.949390,6.941378,0.017120,-0.004151,0.000842
2367452250.000,Miguel,recording,knock_twice_right,14,0.007261,6.942126,6.864802,0.024389,-0.005605,0.000698
2367452260.000,Miguel,recording,knock_twice_right,14,0.038605,6.955249,6.764568,0.025567,-0.008397,-0.004086
2367452270.000,Miguel,recording,knock_twice_right,14,0.033435,7.004594,6.696215,0.020361,-0.011150,-0.010805
2367452280.000,Miguel,recording,knock_twice_right,14,-0.008083,7.033375,6.646625,0.009646,-0.010100,-0.014226
2367452290.000,Miguel,recording,knock_twice_right,14,-0.073404,7.042684,6.673378,-0.003540,-0.004530,-0.011896
2367452300.000,Miguel,recording,knock_twice_right,14,-0.110486,7.035675,6.750523,-0.013119,0.001053,-0.005103
2367452310.000,Miguel,recording,knock_twice_right,14,-0.112333,7.003832,6.830911,-0.014740,0.003309,0.003348
2367452320.000,Miguel,recording,knock_twice_right,14,-0.092013,6.983655,6.861184,-0.009669,0.003329,0.010175
2367452330.000,Miguel,recording,knock_twice_right,14,-0.059140,6.969270,6.848060,-0.003921,0.002677,0.012924
2367452340.000,Miguel,recording,knock_twice_right,14,-0.032805,6.970217,6.802651,-0.002447,0.001786,0.011990
2367452350.000,Miguel,recording,knock_twice_right,14,-0.035266,6.972655,6.802054,-0.004835,0.001375,0.009695
2367452360.000,Miguel,recording,knock_twice_right,14,-0.048348,6.984701,6.819750,-0.007236,0.001200,0.009463
2367452370.000,Miguel,recording,knock_twice_right,15,-0.062666,6.998889,6.873152,-0.007451,-0.000300,0.011474
2367452380.000,Miguel,recording,knock_twice_right,15,-0.039290,6.999682,6.890001,-0.005438,-0.002499,0.014505
2367452390.000,Miguel,recording,knock_twice_right,15,0.017486,6.990890,6.879229,-0.002407,-0.002064,0.017948
2367452400.000,Miguel,recording,knock_twice_right,15,0.033060,6.986110,6.872614,-0.000132,0.001975,0.020110
2367452410.000,Miguel,recording,knock_twice_right,15,0.047864,6.967758,6.905868,0.003474,0.005121,0.018442
2367452420.000,Miguel,recording,knock_twice_right,15,0.072517,6.957938,6.895436,0.009528,0.004784,0.015203
2367452430.000,Miguel,recording,knock_twice_right,15,0.093801,6.953392,6.844567,0.015266,0.003611,0.011373
2367452440.000,Miguel,recording,knock_twice_right,15,0.081145,6.951944,6.786448,0.016718,0.003636,0.006986
2367452450.000,Miguel,recording,knock_twice_right,15,0.083190,6.930541,6.728364,0.013450,0.004287,0.004104
2367452460.000,Miguel,recording,knock_twice_right,15,0.088327,6.930623,6.701671,0.008009,0.006041,0.001988
2367452470.000,Miguel,recording,knock_twice_right,15,0.081965,6.942795,6.720145,0.000552,0.011233,0.001048
2367452480.000,Miguel,recording,knock_twice_right,15,0.079107,6.965312,6.760009,-0.006691,0.015755,0.001233
2367452490.000,Miguel,recording,knock_twice_right,15,0.082760,6.971016,6.799190,-0.011437,0.016047,0.003383
2367452500.000,Miguel,recording,knock_twice_right,15,0.094041,6.971226,6.848004,-0.013495,0.011674,0.005033
2367452510.000,Miguel,recording,knock_twice_right,15,0.086825,6.956306,6.884347,-0.014048,0.004287,0.002864
2367452520.000,Miguel,recording,knock_twice_right,15,0.089466,6.938072,6.895910,-0.015124,-0.004379,-0.001169
2367452530.000,Miguel,recording,knock_twice_right,15,0.091007,6.936751,6.896296,-0.013892,-0.012437,-0.005100
2367452540.000,Miguel,recording,knock_twice_right,15,0.088495,6.930136,6.906813,-0.008318,-0.014642,-0.008034
2367452550.000,Miguel,recording,knock_twice_right,15,0.092836,6.933414,6.902625,-0.000975,-0.009618,-0.009344
2367452560.000,Miguel,recording,knock_twice_right,15,0.076218,6.923431,6.880056,0.006463,0.000737,-0.009586
2367452570.000,Miguel,recording,knock_twice_right,15,0.056586,6.926734,6.830865,0.011036,0.011746,-0.009951
2367452580.000,Miguel,recording,knock_twice_right,15,0.055236,6.934411,6.821807,0.011845,0.017660,-0.010991
2367452590.000,Miguel,recording,knock_twice_right,15,0.058718,6.961526,6.808747,0.009743,0.016965,-0.012938
2367452600.000,Miguel,recording,knock_twice_right,15,0.052320,6.996497,6.816598,0.004926,0.010016,-0.015314
2367452610.000,Miguel,recording,knock_twice_right,15,0.038679,6.997193,6.839618,-0.000837,-0.001466,-0.017562
2367452620.000,Miguel,recording,knock_twice_right,15,0.014265,6.990555,6.861926,-0.003501,-0.014981,-0.019157
2367452630.000,Miguel,recording,knock_twice_right,15,-0.001985,6.985404,6.866291,-0.003140,-0.024698,-0.018998
2367452640.000,Miguel,recording,knock_twice_right,15,-0.004198,6.990740,6.849858,-0.002002,-0.026073,-0.017405
2367452650.000,Miguel,recording,knock_twice_right,15,-0.012002,6.970861,6.837017,0.000848,-0.020595,-0.015758
2367452660.000,Miguel,recording,knock_twice_right,15,0.000659,6.964100,6.837995,0.004250,-0.011758,-0.013558
2367452670.000,Miguel,recording,knock_twice_right,15,-0.018680,6.970014,6.820681,0.006968,-0.003848,-0.010507
2367452680.000,Miguel,recording,knock_twice_right,15,-0.007899,6.959745,6.790418,0.007607,0.002595,-0.008502
2367452690.000,Miguel,recording,knock_twice_right,15,0.026025,6.970972,6.781793,0.005502,0.005491,-0.010246
2367452700.000,Miguel,recording,knock_twice_right,15,0.027753,6.984153,6.796772,0.002987,0.002333,-0.014657
2367452710.000,Miguel,recording,knock_twice_right,15,-0.021378,6.982476,6.829978,0.000968,-0.003092,-0.017635
2367452720.000,Miguel,recording,knock_twice_right,15,-0.060384,6.985133,6.845072,0.000067,-0.008837,-0.017201
2367452730.000,Miguel,recording,knock_twice_right,15,-0.072142,7.002522,6.825138,0.000847,-0.012038,-0.013094
2367452740.000,Miguel,recording,knock_twice_right,15,-0.070365,7.010007,6.799534,0.001565,-0.009649,-0.007910
2367452750.000,Miguel,recording,knock_twice_right,15,-0.068600,6.999271,6.787498,0.002742,-0.004850,-0.003185
2367452760.000,Miguel,recording,knock_twice_right,15,-0.049051,6.983155,6.779402,0.003309,-0.001139,-0.000762
2367452770.000,Miguel,recording,knock_twice_right,15,-0.012432,6.989959,6.771998,0.001225,0.000777,-0.001487
2367452780.000,Miguel,recording,knock_twice_right,15,0.006012,6.982787,6.772172,-0.002136,0.001309,-0.004257
2367452790.000,Miguel,recording,knock_twice_right,15,0.004630,6.991706,6.787105,-0.003721,0.000912,-0.007909
2367452800.000,Miguel,recording,knock_twice_right,15,-0.032141,6.988775,6.826715,-0.004943,0.000121,-0.009612
2367452810.000,Miguel,recording,knock_twice_right,15,-0.063653,6.987294,6.826434,-0.006931,0.000036,-0.007692
2367452820.000,Miguel,recording,knock_twice_right,15,-0.070318,6.991616,6.809762,-0.007008,0.001474,-0.003779
2367452830.000,Miguel,recording,knock_twice_right,15,-0.085034,6.991833,6.822712,-0.006391,0.004788,0.000943
2367452840.000,Miguel,recording,knock_twice_right,15,-0.089821,6.992879,6.866019,-0.004928,0.006966,0.007772
2367452850.000,Miguel,recording,knock_twice_right,15,-0.065544,6.980322,6.882556,-0.001905,0.006163,0.013285
2367452860.000,Miguel,recording,knock_twice_right,15,0.003897,6.994563,6.860025,-0.000761,0.003947,0.015159
2367452870.000,Miguel,recording,knock_twice_right,15,0.050968,6.981851,6.838740,-0.004646,-0.002020,0.012411
2367452880.000,Miguel,recording,knock_twice_right,15,0.058283,6.972258,6.850416,-0.008655,-0.008960,0.006343
2367452890.000,Miguel,recording,knock_twice_right,15,0.051745,6.965395,6.862926,-0.007294,-0.011274,0.000279
2367452900.000,Miguel,recording,knock_twice_right,15,0.025173,6.983348,6.880569,-0.001814,-0.009257,-0.002769
2367452910.000,Miguel,recording,knock_twice_right,15,0.006267,6.986358,6.875358,0.005437,-0.004981,-0.000284
2367452920.000,Miguel,recording,knock_twice_right,15,-0.010373,6.977503,6.815581,0.010278,-0.000082,0.005402
2367452930.000,Miguel,recording,knock_twice_right,15,-0.003942,6.952185,6.747150,0.008905,0.005081,0.010425
2367452940.000,Miguel,recording,knock_twice_right,15,0.029066,6.964122,6.708594,0.001372,0.008314,0.013253
2367452950.000,Miguel,recording,knock_twice_right,15,0.063445,6.947313,6.756254,-0.008065,0.007098,0.013890
2367452960.000,Miguel,recording,knock_twice_right,15,0.087717,6.926271,6.836519,-0.013312,0.002327,0.012361
2367452970.000,Miguel,recording,knock_twice_right,15,0.110247,6.914165,6.909295,-0.012343,-0.002575,0.008971
2367452980.000,Miguel,recording,knock_twice_right,15,0.097974,6.939238,6.939241,-0.007324,-0.003944,0.004469
2367452990.000,Miguel,recording,knock_twice_right,15,0.091695,6.959361,6.945946,-0.000273,-0.002689,0.000071
2367453000.000,Miguel,recording,knock_twice_right,15,0.081272,6.981019,6.930667,0.008231,-0.001158,-0.003383
2367453010.000,Miguel,recording,knock_twice_right,15,0.054853,6.965871,6.905565,0.015925,0.000697,-0.004928
2367453020.000,Miguel,recording,knock_twice_right,15,0.028363,6.962232,6.852314,0.019122,0.000104,-0.003813
2367453030.000,Miguel,recording,knock_twice_right,15,0.038363,6.961208,6.796440,0.016637,-0.005450,-0.002053
2367453040.000,Miguel,recording,knock_twice_right,15,0.047912,6.938192,6.745099,0.010360,-0.013115,-0.001806
2367453050.000,Miguel,recording,knock_twice_right,15,0.070003,6.909781,6.732143,0.003588,-0.018120,-0.003205
2367453060.000,Miguel,recording,knock_twice_right,15,0.087815,6.883455,6.735018,-0.000930,-0.017111,-0.008242
2367453070.000,Miguel,recording,knock_twice_right,15,0.085239,6.914684,6.757071,-0.003482,-0.010346,-0.015312
2367453080.000,Miguel,recording,knock_twice_right,15,0.050992,6.954030,6.760384,-0.005745,-0.000688,-0.021226
2367453090.000,Miguel,recording,knock_twice_right,15,-0.017696,7.007966,6.818789,-0.006478,0.007016,-0.024734
2367453100.000,Miguel,recording,knock_twice_right,15,-0.069726,7.047158,6.856450,-0.004145,0.009004,-0.023348
2367453110.000,Miguel,recording,knock_twice_right,15,-0.098900,7.070862,6.866849,-0.000073,0.005626,-0.016448
2367453120.000,Miguel,recording,knock_twice_right,15,-0.114923,7.070173,6.821447,0.000103,0.000429,-0.006716
2367453130.000,Miguel,recording,knock_twice_right,15,-0.090423,7.070818,6.791506,-0.004870,-0.004031,0.002433
2367453140.000,Miguel,recording,knock_twice_right,15,-0.027315,7.033856,6.817894,-0.010824,-0.006621,0.006872
2367453150.000,Miguel,recording,knock_twice_right,15,-0.004886,6.966848,6.872228,-0.012990,-0.005113,0.004954
2367453160.000,Miguel,recording,knock_twice_right,15,0.011330,6.929491,6.924543,-0.008026,-0.001951,0.001517
2367453170.000,Miguel,recording,knock_twice_right,15,-0.000810,6.918525,6.952171,0.003460,-0.000172,-0.001529
2367453180.000,Miguel,recording,knock_twice_right,15,-0.018206,6.923119,6.894892,0.016780,0.000573,-0.003475
2367453190.000,Miguel,recording,knock_twice_right,15,-0.022126,6.920678,6.822203,0.025806,0.000868,-0.005197
2367453200.000,Miguel,recording,knock_twice_right,15,-0.032057,6.944648,6.712735,0.026561,0.001002,-0.007995
2367453210.000,Miguel,recording,knock_twice_right,15,-0.059203,6.980907,6.643899,0.019928,0.000181,-0.007886
2367453220.000,Miguel,recording,knock_twice_right,15,-0.063494,7.033732,6.616777,0.008799,-0.002534,-0.003073
2367453230.000,Miguel,recording,knock_twice_right,15,-0.065146,7.031782,6.648444,-0.004812,-0.005877,0.004496
2367453240.000,Miguel,recording,knock_twice_right,15,-0.022907,7.018140,6.692214,-0.016315,-0.009439,0.011529
2367453250.000,Miguel,recording,knock_twice_right,15,0.034854,6.994074,6.723649,-0.025528,-0.012233,0.015582
2367453260.000,Miguel,recording,knock_twice_right,15,0.091215,6.976958,6.736491,-0.034280,-0.009152,0.014701
2367453270.000,Miguel,recording,knock_twice_right,15,0.100831,6.990660,6.780844,-0.040576,0.000586,0.008323
2367453280.000,Miguel,recording,knock_twice_right,15,0.072509,7.000610,6.905827,-0.038431,0.010803,0.001737
2367453290.000,Miguel,recording,knock_twice_right,15,-0.001467,6.985944,7.007700,-0.026131,0.016616,0.000755
2367453300.000,Miguel,recording,knock_twice_right,15,-0.040555,6.997972,6.996276,-0.009406,0.017645,0.006904
2367453310.000,Miguel,recording,knock_twice_right,15,-0.012897,6.984740,6.939966,0.001249,0.015028,0.014905
2367453320.000,Miguel,recording,knock_twice_right,15,0.059818,6.975984,6.886979,0.002382,0.010530,0.017169
2367453330.000,Miguel,recording,knock_twice_right,15,0.138659,6.953885,6.842507,-0.002372,0.005791,0.012453
2367453340.000,Miguel,recording,knock_twice_right,15,0.160229,6.970814,6.853533,-0.007943,0.001891,0.003101
2367453350.000,Miguel,recording,knock_twice_right,15,0.107214,6.985259,6.927365,-0.009340,-0.000124,-0.005677
2367453360.000,Miguel,recording,knock_twice_right,15,0.037923,6.966493,6.979737,-0.005188,0.001032,-0.010515
2367453370.000,Miguel,recording,knock_twice_right,15,-0.009959,6.970186,7.009243,0.005018,0.004302,-0.009660
2367453380.000,Miguel,recording,knock_twice_right,15,0.004416,6.982127,6.984573,0.015703,0.005869,-0.005006
2367453390.000,Miguel,recording,knock_twice_right,15,0.002413,6.962391,6.897484,0.022019,0.003316,-0.001872
2367453400.000,Miguel,recording,knock_twice_right,15,0.015909,6.934799,6.830695,0.023282,-0.003484,-0.001095
2367453410.000,Miguel,recording,knock_twice_right,15,0.025207,6.917684,6.770218,0.020778,-0.013695,-0.001415
2367453420.000,Miguel,recording,knock_twice_right,15,0.037783,6.913221,6.692384,0.016593,-0.022249,-0.001305
2367453430.000,Miguel,recording,knock_twice_right,15,0.065418,6.916661,6.641362,0.009995,-0.022040,-0.000092
2367453440.000,Miguel,recording,knock_twice_right,15,0.091184,6.925848,6.631562,0.002852,-0.011450,-0.000334
2367453450.000,Miguel,recording,knock_twice_right,15,0.118316,6.937841,6.645393,-0.003025,0.005053,-0.003133
2367453460.000,Miguel,recording,knock_twice_right,15,0.121220,6.948711,6.685518,-0.009409,0.020035,-0.007687
2367453470.000,Miguel,recording,knock_twice_right,15,0.089871,6.963861,6.759352,-0.016696,0.027368,-0.012718
2367453480.000,Miguel,recording,knock_twice_right,15,0.021903,6.988876,6.835330,-0.022670,0.024903,-0.015621
2367453490.000,Miguel,recording,knock_twice_right,15,-0.014827,6.974378,6.887669,-0.024168,0.013865,-0.015976
2367453500.000,Miguel,recording,knock_twice_right,15,-0.028603,6.970912,6.909624,-0.022085,0.000408,-0.015460
2367453510.000,Miguel,recording,knock_twice_right,15,-0.034087,6.951214,6.903983,-0.017521,-0.008408,-0.015491
2367453520.000,Miguel,recording,knock_twice_right,15,-0.031909,6.943011,6.895411,-0.010134,-0.009926,-0.015243
2367453530.000,Miguel,recording,knock_twice_right,15,-0.046059,6.940380,6.883743,-0.002603,-0.005699,-0.013668
2367453540.000,Miguel,recording,knock_twice_right,15,-0.038445,6.944871,6.848077,0.002841,0.003937,-0.011735
2367453550.000,Miguel,recording,knock_twice_right,15,-0.026328,6.977924,6.822453,0.004081,0.012889,-0.011140
2367453560.000,Miguel,recording,knock_twice_right,15,-0.029377,6.984355,6.837933,0.001308,0.013759,-0.012364
2367453570.000,Miguel,recording,knock_twice_right,15,-0.056295,6.998578,6.867677,-0.001543,0.009197,-0.014734
2367453580.000,Miguel,recording,knock_twice_right,15,-0.070623,6.999757,6.906418,-0.001972,0.003726,-0.016139
2367453590.000,Miguel,recording,knock_twice_right,15,-0.106186,7.016228,6.908135,0.000217,-0.001086,-0.014138
2367453600.000,Miguel,recording,knock_twice_right,15,-0.134341,7.002022,6.879375,0.003649,-0.005289,-0.008173
2367453610.000,Miguel,recording,knock_twice_right,15,-0.125691,7.018418,6.831878,0.005256,-0.007764,-0.000673
2367453620.000,Miguel,recording,knock_twice_right,15,-0.092961,7.005365,6.812973,0.004464,-0.008247,0.004826
2367453630.000,Miguel,recording,knock_twice_right,15,-0.049777,7.011407,6.803515,0.001982,-0.008097,0.007829
2367453640.000,Miguel,recording,knock_twice_right,15,-0.015189,6.988707,6.824661,-0.000636,-0.005986,0.008815
2367453650.000,Miguel,recording,knock_twice_right,15,-0.007748,6.968582,6.847895,0.000456,-0.000598,0.008612
2367453660.000,Miguel,recording,knock_twice_right,15,0.001086,6.949758,6.858874,0.004877,0.005155,0.008763
2367453670.000,Miguel,recording,knock_twice_right,15,-0.002428,6.939510,6.861767,0.009908,0.010674,0.009435
2367453680.000,Miguel,recording,knock_twice_right,15,-0.025982,6.960162,6.834427,0.012507,0.015804,0.012069
2367453690.000,Miguel,recording,knock_twice_right,15,-0.018267,6.970356,6.805067,0.009556,0.017255,0.017117
2367453700.000,Miguel,recording,knock_twice_right,15,0.036380,6.964790,6.827468,0.004215,0.014007,0.018933
2367453710.000,Miguel,recording,knock_twice_right,15,0.064068,6.942048,6.840540,-0.001458,0.008010,0.016725
2367453720.000,Miguel,recording,knock_twice_right,15,0.072429,6.931458,6.857747,-0.008413,-0.000315,0.013249
2367453730.000,Miguel,recording,knock_twice_right,15,0.064527,6.928693,6.895047,-0.011931,-0.007104,0.009306
2367453740.000,Miguel,recording,knock_twice_right,15,0.083948,6.932781,6.942345,-0.009626,-0.009261,0.005757
2367453750.000,Miguel,recording,knock_twice_right,15,0.090891,6.929381,6.982569,-0.001107,-0.006881,0.002137
2367453760.000,Miguel,recording,knock_twice_right,15,0.103458,6.934244,6.993332,0.013699,-0.000138,-0.001255
2367453770.000,Miguel,recording,knock_twice_right,15,0.091750,6.918634,6.939399,0.029671,0.008897,-0.003951
2367453780.000,Miguel,recording,knock_twice_right,15,0.076378,6.933597,6.862514,0.039889,0.017153,-0.005435
2367453790.000,Miguel,recording,knock_twice_right,15,0.073342,6.936949,6.783168,0.040269,0.020012,-0.008380
2367453800.000,Miguel,recording,knock_twice_right,15,0.073036,6.971468,6.750989,0.032810,0.015894,-0.014428
2367453810.000,Miguel,recording,knock_twice_right,15,0.036066,6.984108,6.754372,0.024200,0.007375,-0.020490
2367453820.000,Miguel,recording,knock_twice_right,15,-0.027457,7.015685,6.761973,0.016199,-0.000707,-0.024114
2367453830.000,Miguel,recording,knock_twice_right,15,-0.081617,7.035240,6.760062,0.009393,-0.005808,-0.023648
2367453840.000,Miguel,recording,knock_twice_right,15,-0.094874,7.053872,6.771777,0.006337,-0.008596,-0.019518
2367453850.000,Miguel,recording,knock_twice_right,15,-0.115205,7.027623,6.784929,0.005085,-0.008062,-0.013438
2367453860.000,Miguel,recording,knock_twice_right,15,-0.111847,7.020669,6.775961,0.005439,-0.004492,-0.007415
2367453870.000,Miguel,recording,knock_twice_right,15,-0.124076,7.017308,6.794226,0.008279,-0.000174,-0.001491
2367453880.000,Miguel,recording,knock_twice_right,15,-0.096843,7.014216,6.796708,0.012852,0.004733,0.004090
2367453890.000,Miguel,recording,knock_twice_right,15,-0.073752,6.985088,6.773297,0.017884,0.011897,0.009528
2367453900.000,Miguel,recording,knock_twice_right,15,-0.033417,6.980872,6.764151,0.021075,0.019614,0.012286
2367453910.000,Miguel,recording,knock_twice_right,15,-0.008507,6.994472,6.737324,0.021296,0.023717,0.010546
2367453920.000,Miguel,recording,knock_twice_right,15,-0.016575,6.986116,6.700600,0.016064,0.024865,0.007553
2367453930.000,Miguel,recording,knock_twice_right,15,-0.041154,7.006928,6.694374,0.006519,0.022398,0.003842
2367453940.000,Miguel,recording,knock_twice_right,15,-0.081635,7.021944,6.735719,-0.003185,0.013611,0.002694
2367453950.000,Miguel,recording,knock_twice_right,15,-0.113239,7.026491,6.769929,-0.009929,0.002978,0.006040
2367453960.000,Miguel,recording,knock_twice_right,15,-0.101610,7.016191,6.798281,-0.011144,-0.004239,0.012365
2367453970.000,Miguel,recording,knock_twice_right,15,-0.037515,6.989788,6.784249,-0.010917,-0.005361,0.018256
2367453980.000,Miguel,recording,knock_twice_right,15,0.027119,6.970541,6.779431,-0.012202,-0.000997,0.019768
2367453990.000,Miguel,recording,knock_twice_right,15,0.058611,6.972023,6.783168,-0.014609,0.007834,0.015928
2367454000.000,Miguel,recording,knock_twice_right,15,0.059214,7.017533,6.833629,-0.017472,0.017527,0.009924
2367454010.000,Miguel,recording,knock_twice_right,15,0.033138,7.035217,6.925984,-0.015333,0.019958,0.007409
2367454020.000,Miguel,recording,knock_twice_right,15,0.002861,7.002749,6.985394,-0.006336,0.013246,0.010744
2367454030.000,Miguel,recording,knock_twice_right,15,0.011965,6.984302,6.959604,0.003821,0.000578,0.015383
2367454040.000,Miguel,recording,knock_twice_right,15,0.052197,6.960654,6.885910,0.008483,-0.012644,0.017249
2367454050.000,Miguel,recording,knock_twice_right,15,0.099373,6.933140,6.793519,0.006913,-0.019862,0.015960
2367454060.000,Miguel,recording,knock_twice_right,15,0.139692,6.903453,6.728279,0.001908,-0.019429,0.012072
2367454070.000,Miguel,recording,knock_twice_right,15,0.156185,6.898235,6.724404,-0.005698,-0.013438,0.005285
2367454080.000,Miguel,recording,knock_twice_right,15,0.140491,6.897517,6.782028,-0.010430,-0.004999,-0.002548
2367454090.000,Miguel,recording,knock_twice_right,15,0.103101,6.898769,6.861400,-0.007829,0.001224,-0.007896
2367454100.000,Miguel,recording,knock_twice_right,15,0.073470,6.921043,6.866004,-0.001433,0.002256,-0.010804
2367454110.000,Miguel,recording,knock_twice_right,15,0.056336,6.978273,6.787416,0.001894,-0.000366,-0.011174
2367454120.000,Miguel,recording,knock_twice_right,15,0.076086,7.011368,6.722570,-0.003354,-0.002290,-0.011252
2367454130.000,Miguel,recording,knock_twice_right,15,0.086075,7.028602,6.725346,-0.014202,-0.003115,-0.011577
2367454140.000,Miguel,recording,knock_twice_right,15,0.072606,7.006172,6.794893,-0.023416,-0.003752,-0.012310
2367454150.000,Miguel,recording,knock_twice_right,15,0.039967,6.974972,6.862264,-0.027243,-0.002877,-0.013526
2367454160.000,Miguel,recording,knock_twice_right,15,-0.004380,6.943461,6.944346,-0.024726,-0.001545,-0.012943
2367454170.000,Miguel,recording,knock_twice_right,15,-0.005681,6.920593,6.994600,-0.015515,-0.002071,-0.010866
2367454180.000,Miguel,recording,knock_twice_right,15,0.010737,6.905358,6.994153,-0.002959,-0.004144,-0.011305
2367454190.000,Miguel,recording,knock_twice_right,15,0.035778,6.908453,6.955480,0.007789,-0.006583,-0.017694
2367454200.000,Miguel,recording,knock_twice_right,15,0.027871,6.920710,6.899752,0.014654,-0.009444,-0.026045
2367454210.000,Miguel,recording,knock_twice_right,15,-0.013490,6.949900,6.850094,0.017616,-0.011062,-0.031377
2367454220.000,Miguel,recording,knock_twice_right,15,-0.046297,6.993912,6.806518,0.018253,-0.010004,-0.033383
2367454230.000,Miguel,recording,knock_twice_right,15,-0.070685,7.028545,6.765230,0.018179,-0.007673,-0.032728
2367454240.000,Miguel,recording,knock_twice_right,15,-0.107463,7.041963,6.739285,0.017241,-0.004256,-0.030304
2367454250.000,Miguel,recording,knock_twice_right,15,-0.126908,7.046036,6.716995,0.013607,-0.001212,-0.025964
2367454260.000,Miguel,recording,knock_twice_right,15,-0.154939,7.064523,6.705425,0.006918,0.000431,-0.018983
2367454270.000,Miguel,recording,knock_twice_right,15,-0.166740,7.062915,6.713918,-0.001148,-0.000593,-0.009903
2367454280.000,Miguel,recording,knock_twice_right,15,-0.148306,7.069012,6.729185,-0.009524,-0.005495,0.000082
2367454290.000,Miguel,recording,knock_twice_right,15,-0.099669,7.054732,6.750612,-0.016240,-0.009916,0.009016
2367454300.000,Miguel,recording,knock_twice_right,15,-0.042508,7.019300,6.795649,-0.019253,-0.010744,0.014218
2367454310.000,Miguel,recording,knock_twice_right,15,-0.010655,6.993550,6.834998,-0.016999,-0.008372,0.013251
2367454320.000,Miguel,recording,knock_twice_right,15,-0.016107,6.974541,6.882621,-0.010552,-0.001675,0.009687
2367454330.000,Miguel,recording,knock_twice_right,15,-0.020153,6.984080,6.882758,-0.001972,0.007025,0.006222
2367454340.000,Miguel,recording,knock_twice_right,15,-0.036069,6.998668,6.856450,0.006356,0.013107,0.003504
2367454350.000,Miguel,recording,knock_twice_right,15,-0.072579,7.007654,6.806862,0.009562,0.013452,0.003153
2367454360.000,Miguel,recording,knock_twice_right,15,-0.068666,7.004707,6.758066,0.006769,0.008178,0.006276
2367454370.000,Miguel,recording,knock_twice_right,15,-0.063730,7.007879,6.730703,0.000640,0.000357,0.011887
2367454380.000,Miguel,recording,knock_twice_right,15,-0.036620,7.005434,6.729889,-0.007762,-0.006198,0.016852
2367454390.000,Miguel,recording,knock_twice_right,15,0.004350,6.997866,6.768453,-0.016317,-0.007968,0.021403
2367454400.000,Miguel,recording,knock_twice_right,15,0.023931,6.988168,6.796246,-0.020504,-0.004835,0.024036
2367454410.000,Miguel,recording,knock_twice_right,15,0.057243,6.957258,6.846129,-0.019063,0.000531,0.023427
2367454420.000,Miguel,recording,knock_twice_right,15,0.091629,6.935161,6.915173,-0.013273,0.005088,0.020426
2367454430.000,Miguel,recording,knock_twice_right,15,0.131849,6.911767,6.927713,-0.003516,0.007717,0.014914
2367454440.000,Miguel,recording,knock_twice_right,15,0.166948,6.905086,6.862550,0.005405,0.009411,0.007958
2367454450.000,Miguel,recording,knock_twice_right,15,0.164182,6.920556,6.804200,0.007711,0.011018,0.000681
2367454460.000,Miguel,recording,knock_twice_right,15,0.161029,6.945549,6.772512,0.004434,0.012623,-0.006675
2367454470.000,Miguel,recording,knock_twice_right,15,0.138572,6.942445,6.795076,-0.001877,0.012774,-0.012652
2367454480.000,Miguel,recording,knock_twice_right,15,0.105056,6.920554,6.844915,-0.006312,0.011049,-0.016196
2367454490.000,Miguel,recording,knock_twice_right,15,0.106680,6.902526,6.902399,-0.006235,0.007005,-0.018875
2367454500.000,Miguel,recording,knock_twice_right,15,0.077303,6.886629,6.945616,-0.003126,0.001901,-0.022084
2367454510.000,Miguel,recording,knock_twice_right,15,-0.800759,7.002900,6.730108,-0.007674,0.086281,-0.045272
2367454520.000,Miguel,recording,knock_twice_right,15,-1.639335,7.371148,6.373971,-0.002551,0.142441,-0.010719
2367454530.000,Miguel,recording,knock_twice_right,15,0.085303,7.417399,6.523032,0.025366,0.118854,0.060754
2367454540.000,Miguel,recording,knock_twice_right,15,-0.063012,7.004286,6.577763,0.024275,0.127453,0.047285
2367454550.000,Miguel,recording,knock_twice_right,15,0.236966,6.805853,6.434884,-0.012768,0.082118,-0.005893
2367454560.000,Miguel,recording,knock_twice_right,15,-0.290760,6.871147,6.704858,-0.053640,-0.004314,-0.021100
2367454570.000,Miguel,recording,knock_twice_right,15,0.059290,7.003255,6.959066,-0.079282,-0.064089,0.004307
2367454580.000,Miguel,recording,knock_twice_right,15,0.145954,7.086277,7.321306,-0.075606,-0.093895,0.033071
2367454590.000,Miguel,recording,knock_twice_right,15,0.319054,6.943513,7.408009,-0.051946,-0.094522,0.051409
2367454600.000,Miguel,recording,knock_twice_right,15,0.343807,6.836558,7.368498,-0.015818,-0.055802,0.054433
2367454610.000,Miguel,recording,knock_twice_right,15,0.545841,6.772563,7.295021,0.025105,0.007346,0.037293
2367454620.000,Miguel,recording,knock_twice_right,15,0.645231,6.811804,7.133484,0.056398,0.055295,0.005261
2367454630.000,Miguel,recording,knock_twice_right,15,0.453465,6.860265,7.009953,0.068551,0.064350,-0.026993
2367454640.000,Miguel,recording,knock_twice_right,15,0.216168,6.859664,6.907731,0.061194,0.034824,-0.046590
2367454650.000,Miguel,recording,knock_twice_right,15,-0.001463,6.888119,6.833375,0.042052,-0.020018,-0.047784
2367454660.000,Miguel,recording,knock_twice_right,15,-0.039528,6.916900,6.789645,0.021021,-0.075506,-0.037214
2367454670.000,Miguel,recording,knock_twice_right,15,0.017060,6.902150,6.779240,0.006747,-0.106274,-0.024146
2367454680.000,Miguel,recording,knock_twice_right,15,0.107857,6.886568,6.774348,0.003700,-0.103979,-0.015507
2367454690.000,Miguel,recording,knock_twice_right,15,0.184908,6.900442,6.752684,0.009410,-0.078510,-0.016081
2367454700.000,Miguel,recording,knock_twice_right,15,-0.300529,6.933347,6.624046,0.024483,0.005683,-0.060969
2367454710.000,Miguel,recording,knock_twice_right,15,-1.272731,7.243803,6.205603,0.029987,0.112446,-0.068248
2367454720.000,Miguel,recording,knock_twice_right,15,-0.879097,7.756036,6.068335,0.045383,0.163965,0.010835
2367454730.000,Miguel,recording,knock_twice_right,15,-0.483093,7.511314,6.205192,0.056335,0.193513,0.069492
2367454740.000,Miguel,recording,knock_twice_right,15,-0.346960,7.193368,5.980294,0.020324,0.175362,0.072275
2367454750.000,Miguel,recording,knock_twice_right,15,-0.202898,6.809756,6.190479,-0.047495,0.076934,0.051072
2367454760.000,Miguel,recording,knock_twice_right,15,0.127064,6.851233,6.451714,-0.117801,-0.030178,0.036835
2367454770.000,Miguel,recording,knock_twice_right,15,0.236989,6.878700,6.983474,-0.152506,-0.099130,0.028082
2367454780.000,Miguel,recording,knock_twice_right,15,0.300625,6.857147,7.411769,-0.146347,-0.125259,0.025162
2367454790.000,Miguel,recording,knock_twice_right,15,0.087824,6.827809,7.639907,-0.107838,-0.104905,0.034169
2367454800.000,Miguel,recording,knock_twice_right,15,0.173721,6.836676,7.713210,-0.049413,-0.044073,0.044254
2367454810.000,Miguel,recording,knock_twice_right,15,0.353235,6.914901,7.627317,0.009777,0.027444,0.037872
2367454820.000,Miguel,recording,knock_twice_right,15,0.461661,6.937225,7.457187,0.053267,0.071406,0.016343
2367454830.000,Miguel,recording,knock_twice_right,15,0.313667,6.967961,7.292076,0.072480,0.075562,-0.005906
2367454840.000,Miguel,recording,knock_twice_right,15,0.096153,6.958522,7.195283,0.072204,0.042654,-0.018368
2367454850.000,Miguel,recording,knock_twice_right,15,-0.070446,6.956638,7.117313,0.061526,-0.016857,-0.016988
2367454860.000,Miguel,recording,knock_twice_right,15,-0.146576,6.935056,6.982086,0.047595,-0.077417,-0.002525
2367454870.000,Miguel,recording,knock_twice_right,15,-0.059662,6.898276,6.879481,0.037086,-0.115456,0.016703
2367454880.000,Miguel,recording,knock_twice_right,15,0.133258,6.856430,6.791041,0.033019,-0.122343,0.029712
2367454890.000,Miguel,recording,knock_twice_right,15,0.357111,6.811842,6.680571,0.033444,-0.101127,0.026691
2367454900.000,Miguel,recording,knock_twice_right,15,0.478618,6.811010,6.597668,0.035813,-0.065220,0.005868
2367454910.000,Miguel,recording,knock_twice_right,15,0.468690,6.819830,6.585534,0.039861,-0.030953,-0.024832
2367454920.000,Miguel,recording,knock_twice_right,15,0.304247,6.879569,6.562641,0.042355,-0.007905,-0.052527
2367454930.000,Miguel,recording,knock_twice_right,15,0.111851,6.925482,6.544134,0.041688,0.000132,-0.068477
2367454940.000,Miguel,recording,knock_twice_right,15,-0.044043,6.953604,6.535502,0.038075,-0.002836,-0.073564
2367454950.000,Miguel,recording,knock_twice_right,15,-0.171294,6.998809,6.524732,0.031115,-0.007205,-0.069981
2367454960.000,Miguel,recording,knock_twice_right,15,-0.228450,7.037419,6.515894,0.021138,-0.008934,-0.059627
2367454970.000,Miguel,recording,knock_twice_right,15,-0.249356,7.075483,6.538964,0.010111,-0.007875,-0.045105
2367454980.000,Miguel,recording,knock_twice_right,15,-0.228869,7.126590,6.556127,-0.000430,-0.004393,-0.031372
2367454990.000,Miguel,recording,knock_twice_right,15,-0.217313,7.144167,6.595704,-0.011015,-0.000982,-0.020523
2367455000.000,Miguel,recording,knock_twice_right,15,-0.200800,7.163478,6.643232,-0.021066,0.000837,-0.011352
2367455010.000,Miguel,recording,knock_twice_right,15,-0.191849,7.143993,6.714727,-0.028524,0.003056,-0.003175
2367455020.000,Miguel,recording,knock_twice_right,15,-0.198195,7.128988,6.802648,-0.032967,0.007564,0.004860
2367455030.000,Miguel,recording,knock_twice_right,15,-0.211290,7.096110,6.874184,-0.032871,0.010293,0.014008
2367455040.000,Miguel,recording,knock_twice_right,15,-0.182115,7.066489,6.939382,-0.028017,0.010299,0.023450
2367455050.000,Miguel,recording,knock_twice_right,15,-0.149082,7.029232,6.944439,-0.022427,0.011655,0.030079
2367455060.000,Miguel,recording,knock_twice_right,15,-0.110700,7.025672,6.951435,-0.018710,0.010598,0.033571
2367455070.000,Miguel,recording,knock_twice_right,15,-0.073652,7.023603,6.987051,-0.014783,0.005372,0.035329
2367455080.000,Miguel,recording,knock_twice_right,15,-0.025975,7.013412,7.017892,-0.008343,-0.000916,0.034921
2367455090.000,Miguel,recording,knock_twice_right,15,0.019668,7.003798,7.023611,0.001634,-0.005846,0.032329
2367455100.000,Miguel,recording,knock_twice_right,15,0.048646,6.997194,6.982235,0.012986,-0.007464,0.027028
2367455110.000,Miguel,recording,knock_twice_right,15,0.067589,6.979291,6.921797,0.021684,-0.007191,0.020440
2367455120.000,Miguel,recording,knock_twice_right,15,0.088895,6.976019,6.838818,0.027845,-0.004693,0.015946
2367455130.000,Miguel,recording,knock_twice_right,15,0.099904,6.980505,6.747353,0.030567,0.000569,0.014275
2367455140.000,Miguel,recording,knock_twice_right,15,0.076455,6.965300,6.684795,0.028212,0.005683,0.014203
2367455150.000,Miguel,recording,knock_twice_right,15,0.049743,6.937019,6.655843,0.020574,0.009163,0.014799
2367455160.000,Miguel,recording,knock_twice_right,15,0.080137,6.933734,6.659836,0.009935,0.009826,0.015668
2367455170.000,Miguel,recording,knock_twice_right,15,0.108758,6.920977,6.688583,0.001220,0.007111,0.014352
2367455180.000,Miguel,recording,knock_twice_right,15,0.128194,6.914131,6.727939,-0.005554,0.003437,0.011618
2367455190.000,Miguel,recording,knock_twice_right,15,0.135353,6.925822,6.751076,-0.010026,0.000006,0.008309
2367455200.000,Miguel,recording,knock_twice_right,15,0.130918,6.933328,6.759807,-0.011408,-0.003286,0.004463
2367455210.000,Miguel,recording,knock_twice_right,15,0.118042,6.919618,6.750406,-0.011038,-0.004792,0.001514
2367455220.000,Miguel,recording,knock_twice_right,15,0.121915,6.907728,6.750549,-0.009077,-0.003081,-0.000053
2367455230.000,Miguel,recording,knock_twice_right,15,0.179329,6.906122,6.751919,-0.007830,0.001275,-0.003900
2367455240.000,Miguel,recording,knock_twice_right,15,0.207939,6.927520,6.761197,-0.005845,0.007990,-0.011261
2367455250.000,Miguel,recording,knock_twice_right,15,0.158900,6.932000,6.764732,-0.003466,0.012887,-0.018811
2367455260.000,Miguel,recording,knock_twice_right,15,0.068347,6.953493,6.799620,-0.002656,0.012434,-0.024560
2367455270.000,Miguel,recording,knock_twice_right,15,0.012605,6.980572,6.810303,-0.005815,0.007688,-0.025092
2367455280.000,Miguel,recording,knock_twice_right,15,-0.016587,7.001964,6.835066,-0.012921,-0.000415,-0.020780
2367455290.000,Miguel,recording,knock_twice_right,15,-0.019446,7.005692,6.856428,-0.020068,-0.008297,-0.016324
2367455300.000,Miguel,recording,knock_twice_right,15,-0.009140,6.988486,6.894730,-0.023031,-0.010728,-0.015744
2367455310.000,Miguel,recording,knock_twice_right,15,-0.018811,6.971605,6.955694,-0.019010,-0.007837,-0.018236
2367455320.000,Miguel,recording,knock_twice_right,15,-0.038160,6.969524,7.012678,-0.009092,-0.001705,-0.021520
2367455330.000,Miguel,recording,knock_twice_right,15,-0.063134,6.985761,7.024619,0.004892,0.002940,-0.022743
2367455340.000,Miguel,recording,knock_twice_right,15,-0.096400,7.012974,6.947222,0.017221,0.001525,-0.020334
2367455350.000,Miguel,recording,knock_twice_right,15,-0.077972,7.062824,6.804208,0.021613,-0.003979,-0.015613
2367455360.000,Miguel,recording,knock_twice_right,15,-0.050903,7.097278,6.689453,0.015493,-0.009825,-0.012212
2367455370.000,Miguel,recording,knock_twice_right,15,-0.042084,7.093287,6.638394,-0.000126,-0.013657,-0.011298
2367455380.000,Miguel,recording,knock_twice_right,15,-0.058501,7.072073,6.695384,-0.015444,-0.013003,-0.008378
2367455390.000,Miguel,recording,knock_twice_right,16,-0.097899,7.020638,6.808065,-0.021517,-0.005592,-0.003495
2367455400.000,Miguel,recording,knock_twice_right,16,-0.117026,6.975972,6.918409,-0.018423,0.005567,0.002285
2367455410.000,Miguel,recording,knock_twice_right,16,-0.113365,6.951085,6.978870,-0.007402,0.013691,0.008420
2367455420.000,Miguel,recording,knock_twice_right,16,-0.091839,6.931443,6.983920,0.008320,0.014666,0.011239
2367455430.000,Miguel,recording,knock_twice_right,16,-0.062755,6.938057,6.926567,0.021757,0.008172,0.010362
2367455440.000,Miguel,recording,knock_twice_right,16,-0.026655,6.962614,6.805569,0.026046,-0.002595,0.008376
2367455450.000,Miguel,recording,knock_twice_right,16,-0.012281,6.994390,6.701877,0.021268,-0.013440,0.006268
2367455460.000,Miguel,recording,knock_twice_right,16,-0.011159,7.015992,6.660051,0.012665,-0.020711,0.005883
2367455470.000,Miguel,recording,knock_twice_right,16,0.010689,7.013615,6.667774,0.005429,-0.020110,0.008679
2367455480.000,Miguel,recording,knock_twice_right,16,0.007358,7.013970,6.668949,0.001333,-0.012294,0.012678
2367455490.000,Miguel,recording,knock_twice_right,16,0.025377,7.003548,6.692850,-0.000411,-0.000380,0.015994
2367455500.000,Miguel,recording,knock_twice_right,16,0.068085,6.977738,6.699989,-0.001405,0.013038,0.018345
2367455510.000,Miguel,recording,knock_twice_right,16,0.106908,6.949617,6.703971,-0.003578,0.023254,0.016201
2367455520.000,Miguel,recording,knock_twice_right,16,0.115326,6.931533,6.736396,-0.006648,0.027204,0.007513
2367455530.000,Miguel,recording,knock_twice_right,16,0.073025,6.936105,6.776388,-0.010109,0.026737,-0.001898
2367455540.000,Miguel,recording,knock_twice_right,16,0.021295,6.976587,6.801202,-0.014592,0.022031,-0.005630
2367455550.000,Miguel,recording,knock_twice_right,16,0.005946,7.009601,6.844566,-0.019564,0.013053,-0.003916
2367455560.000,Miguel,recording,knock_twice_right,16,0.023804,7.041629,6.883605,-0.021855,0.003299,-0.000057
2367455570.000,Miguel,recording,knock_twice_right,16,0.050104,7.025814,6.913873,-0.020187,-0.004621,0.003525
2367455580.000,Miguel,recording,knock_twice_right,16,0.074590,6.986874,6.937292,-0.016677,-0.007302,0.003982
2367455590.000,Miguel,recording,knock_twice_right,16,0.088776,6.966836,6.948821,-0.012981,-0.005137,0.002046
2367455600.000,Miguel,recording,knock_twice_right,16,0.075465,6.947766,6.968657,-0.007522,-0.002235,-0.000659
2367455610.000,Miguel,recording,knock_twice_right,16,0.055303,6.933560,6.952134,-0.001486,-0.000311,-0.003081
2367455620.000,Miguel,recording,knock_twice_right,16,0.049194,6.938585,6.941016,0.003292,-0.001212,-0.006191
2367455630.000,Miguel,recording,knock_twice_right,16,0.062792,6.962093,6.902653,0.007440,-0.004331,-0.010247
2367455640.000,Miguel,recording,knock_twice_right,16,0.033672,6.964794,6.865431,0.010199,-0.007006,-0.013009
2367455650.000,Miguel,recording,knock_twice_right,16,-0.003553,6.946437,6.838197,0.012546,-0.009065,-0.013629
2367455660.000,Miguel,recording,knock_twice_right,16,-0.012089,6.967385,6.787246,0.015059,-0.009697,-0.014401
2367455670.000,Miguel,recording,knock_twice_right,16,0.007230,6.987205,6.728626,0.016791,-0.008764,-0.016803
2367455680.000,Miguel,recording,knock_twice_right,16,-0.002350,7.011693,6.657639,0.014371,-0.005972,-0.017960
2367455690.000,Miguel,recording,knock_twice_right,16,-0.050357,7.042904,6.612643,0.006158,-0.000000,-0.016400
2367455700.000,Miguel,recording,knock_twice_right,16,-0.083385,7.060524,6.606105,-0.007652,0.005449,-0.012411
2367455710.000,Miguel,recording,knock_twice_right,16,-0.110801,7.054788,6.690979,-0.022265,0.006171,-0.007311
2367455720.000,Miguel,recording,knock_twice_right,16,-0.101084,7.037244,6.813718,-0.030688,0.004005,-0.002911
2367455730.000,Miguel,recording,knock_twice_right,16,-0.090295,7.016150,6.917513,-0.030227,0.001742,-0.000357
2367455740.000,Miguel,recording,knock_twice_right,16,-0.076170,7.001736,6.998975,-0.021282,-0.001581,0.001874
2367455750.000,Miguel,recording,knock_twice_right,16,-0.059056,6.989262,7.007188,-0.007920,-0.005161,0.002603
2367455760.000,Miguel,recording,knock_twice_right,16,-0.064124,6.979580,6.964109,0.004405,-0.005943,0.000846
2367455770.000,Miguel,recording,knock_twice_right,16,-0.079416,6.987098,6.909738,0.014894,-0.003876,-0.000039
2367455780.000,Miguel,recording,knock_twice_right,16,-0.071802,7.012024,6.825623,0.021069,-0.001364,0.001606
2367455790.000,Miguel,recording,knock_twice_right,16,-0.086074,7.036199,6.777948,0.021107,0.001790,0.005648
2367455800.000,Miguel,recording,knock_twice_right,16,-0.100675,7.039147,6.744729,0.015677,0.003259,0.012208
2367455810.000,Miguel,recording,knock_twice_right,16,-0.070638,7.030020,6.733385,0.006054,0.000394,0.019348
2367455820.000,Miguel,recording,knock_twice_right,16,-0.022879,7.013980,6.743023,-0.003113,-0.006562,0.023499
2367455830.000,Miguel,recording,knock_twice_right,16,0.029045,7.000273,6.774077,-0.011614,-0.015696,0.024112
2367455840.000,Miguel,recording,knock_twice_right,16,0.067886,6.975707,6.813397,-0.016623,-0.020521,0.022219
2367455850.000,Miguel,recording,knock_twice_right,16,0.104181,6.966237,6.851805,-0.013851,-0.017614,0.018670
2367455860.000,Miguel,recording,knock_twice_right,16,0.126405,6.926414,6.879644,-0.003311,-0.008183,0.015259
2367455870.000,Miguel,recording,knock_twice_right,16,0.116267,6.893700,6.849602,0.009891,0.005332,0.011969
2367455880.000,Miguel,recording,knock_twice_right,16,0.091113,6.911232,6.769770,0.018608,0.020900,0.009023
2367455890.000,Miguel,recording,knock_twice_right,16,0.049285,6.948729,6.741355,0.019783,0.032420,0.006540
2367455900.000,Miguel,recording,knock_twice_right,16,0.048183,6.975464,6.742211,0.013959,0.029707,0.005712
2367455910.000,Miguel,recording,knock_twice_right,16,0.044011,6.980766,6.731847,0.002069,0.012857,0.007126
2367455920.000,Miguel,recording,knock_twice_right,16,0.052656,6.981061,6.751583,-0.013409,-0.011281,0.006717
2367455930.000,Miguel,recording,knock_twice_right,16,0.097066,6.982153,6.794421,-0.026691,-0.035578,0.002973
2367455940.000,Miguel,recording,knock_twice_right,16,0.137637,6.964865,6.849742,-0.031783,-0.048965,-0.001458
2367455950.000,Miguel,recording,knock_twice_right,16,0.155765,6.945151,6.887394,-0.026552,-0.045958,-0.006118
2367455960.000,Miguel,recording,knock_twice_right,16,0.140848,6.921763,6.861637,-0.014208,-0.028606,-0.011131
2367455970.000,Miguel,recording,knock_twice_right,16,0.128754,6.893353,6.833581,-0.000812,-0.003659,-0.015760
2367455980.000,Miguel,recording,knock_twice_right,16,0.098658,6.898056,6.799340,0.009381,0.020133,-0.020158
2367455990.000,Miguel,recording,knock_twice_right,16,0.038213,6.923270,6.792630,0.013040,0.035561,-0.021884
2367456000.000,Miguel,recording,knock_twice_right,16,-0.037196,6.978251,6.796506,0.009526,0.036776,-0.019082
2367456010.000,Miguel,recording,knock_twice_right,16,-0.067083,6.969283,6.828386,0.002449,0.024318,-0.012706
2367456020.000,Miguel,recording,knock_twice_right,16,-0.042470,7.002203,6.849290,-0.005811,0.005973,-0.005320
2367456030.000,Miguel,recording,knock_twice_right,16,0.012596,7.008661,6.864560,-0.015417,-0.012136,-0.002216
2367456040.000,Miguel,recording,knock_twice_right,16,0.053276,7.003881,6.881264,-0.023331,-0.025305,-0.004740
2367456050.000,Miguel,recording,knock_twice_right,16,0.061385,7.005149,6.899490,-0.026283,-0.030529,-0.010732
2367456060.000,Miguel,recording,knock_twice_right,16,0.040769,7.006539,6.952380,-0.023392,-0.028559,-0.015623
2367456070.000,Miguel,recording,knock_twice_right,16,-0.000359,7.002230,7.002850,-0.012875,-0.021596,-0.017509
2367456080.000,Miguel,recording,knock_twice_right,16,-0.039947,6.970707,7.012440,0.003780,-0.012456,-0.017373
2367456090.000,Miguel,recording,knock_twice_right,16,-0.046142,6.951955,6.967484,0.021736,-0.004737,-0.014646
2367456100.000,Miguel,recording,knock_twice_right,16,-0.041671,6.955117,6.871357,0.034313,-0.001271,-0.010401
2367456110.000,Miguel,recording,knock_twice_right,16,-0.039653,6.994084,6.767316,0.037516,-0.001316,-0.007253
2367456120.000,Miguel,recording,knock_twice_right,16,-0.017709,7.001492,6.671589,0.031960,-0.004926,-0.005576
2367456130.000,Miguel,recording,knock_twice_right,16,-0.003145,7.010524,6.629897,0.019841,-0.009907,-0.004006
2367456140.000,Miguel,recording,knock_twice_right,16,0.024177,7.025728,6.626166,0.005668,-0.013083,-0.004434
2367456150.000,Miguel,recording,knock_twice_right,16,0.012242,7.029695,6.659479,-0.007221,-0.014454,-0.006740
2367456160.000,Miguel,recording,knock_twice_right,16,-0.003323,7.012230,6.715425,-0.016221,-0.014444,-0.009313
2367456170.000,Miguel,recording,knock_twice_right,16,-0.012803,6.993431,6.760164,-0.019026,-0.013506,-0.009625
2367456180.000,Miguel,recording,knock_twice_right,16,-0.010627,6.976897,6.791816,-0.016594,-0.010447,-0.008227
2367456190.000,Miguel,recording,knock_twice_right,16,-0.038732,6.969797,6.831782,-0.011525,-0.004915,-0.008674
2367456200.000,Miguel,recording,knock_twice_right,16,-0.073667,6.970220,6.826592,-0.005934,0.002027,-0.006952
2367456210.000,Miguel,recording,knock_twice_right,16,-0.083592,7.013835,6.797044,-0.001641,0.009014,-0.000857
2367456220.000,Miguel,recording,knock_twice_right,16,-0.077334,7.039387,6.765912,-0.000028,0.015100,0.006434
2367456230.000,Miguel,recording,knock_twice_right,16,-0.037250,7.037617,6.774401,-0.001112,0.016675,0.012392
2367456240.000,Miguel,recording,knock_twice_right,16,-0.008062,7.005577,6.772649,-0.005187,0.012295,0.014480
2367456250.000,Miguel,recording,knock_twice_right,16,0.011190,6.992158,6.775471,-0.010923,0.006881,0.012099
2367456260.000,Miguel,recording,knock_twice_right,16,0.033820,6.995036,6.802605,-0.015924,0.000075,0.007663
2367456270.000,Miguel,recording,knock_twice_right,16,0.045063,6.970590,6.810506,-0.019902,-0.007734,0.003536
2367456280.000,Miguel,recording,knock_twice_right,16,0.029689,6.955375,6.829505,-0.023123,-0.010458,0.000508
2367456290.000,Miguel,recording,knock_twice_right,16,0.029639,6.959123,6.856311,-0.022540,-0.006873,-0.001961
2367456300.000,Miguel,recording,knock_twice_right,16,0.018746,6.951029,6.886879,-0.017793,0.000780,-0.004531
2367456310.000,Miguel,recording,knock_twice_right,16,-0.001548,6.950715,6.928496,-0.010538,0.010803,-0.003964
2367456320.000,Miguel,recording,knock_twice_right,16,-0.011622,6.962945,6.945382,-0.001359,0.020086,-0.001270
2367456330.000,Miguel,recording,knock_twice_right,16,0.009708,6.970626,6.958582,0.008682,0.023991,-0.000246
2367456340.000,Miguel,recording,knock_twice_right,16,0.035779,6.965460,6.927601,0.016485,0.019193,-0.001022
2367456350.000,Miguel,recording,knock_twice_right,16,0.029259,6.962524,6.832068,0.016770,0.007982,-0.003450
2367456360.000,Miguel,recording,knock_twice_right,16,0.028147,6.960875,6.742793,0.009078,-0.004290,-0.006080
2367456370.000,Miguel,recording,knock_twice_right,16,0.018372,6.973248,6.722316,-0.002256,-0.014854,-0.007276
2367456380.000,Miguel,recording,knock_twice_right,16,0.009651,6.993759,6.728888,-0.010728,-0.019019,-0.006326
2367456390.000,Miguel,recording,knock_twice_right,16,-0.023763,7.008585,6.745840,-0.015348,-0.014012,-0.002329
2367456400.000,Miguel,recording,knock_twice_right,16,-0.060759,6.997936,6.783548,-0.018170,-0.004716,0.005383
2367456410.000,Miguel,recording,knock_twice_right,16,-0.013075,6.982728,6.846825,-0.016797,0.003430,0.013971
2367456420.000,Miguel,recording,knock_twice_right,16,0.091857,6.955868,6.868667,-0.010798,0.007955,0.017622
2367456430.000,Miguel,recording,knock_twice_right,16,0.151699,6.902259,6.867693,-0.003819,0.007860,0.013301
2367456440.000,Miguel,recording,knock_twice_right,16,0.176317,6.852161,6.818188,0.000817,0.005021,0.003206
2367456450.000,Miguel,recording,knock_twice_right,16,0.148861,6.847471,6.803361,0.001970,0.002190,-0.008840
2367456460.000,Miguel,recording,knock_twice_right,16,0.100130,6.866532,6.796621,0.000059,0.002067,-0.020191
2367456470.000,Miguel,recording,knock_twice_right,16,0.048636,6.922759,6.814475,-0.002665,0.003276,-0.026493
2367456480.000,Miguel,recording,knock_twice_right,16,-0.002931,6.977383,6.836682,-0.005088,0.002714,-0.027431
2367456490.000,Miguel,recording,knock_twice_right,16,-0.062499,7.027692,6.845892,-0.008199,0.000926,-0.022450
2367456500.000,Miguel,recording,knock_twice_right,16,-0.068243,7.073941,6.833153,-0.013134,-0.002222,-0.012141
2367456510.000,Miguel,recording,knock_twice_right,16,-0.039474,7.086379,6.850337,-0.019206,-0.004303,-0.003756
2367456520.000,Miguel,recording,knock_twice_right,16,0.000990,7.072256,6.919710,-0.022313,-0.001446,0.000542
2367456530.000,Miguel,recording,knock_twice_right,16,0.014344,7.015240,7.004523,-0.019847,0.004683,0.001192
2367456540.000,Miguel,recording,knock_twice_right,16,-0.004255,6.966215,7.051504,-0.011269,0.009040,-0.000665
2367456550.000,Miguel,recording,knock_twice_right,16,-0.033683,6.933087,7.069979,0.001534,0.008926,-0.001605
2367456560.000,Miguel,recording,knock_twice_right,16,-0.051994,6.926002,7.042099,0.013333,0.004071,-0.000252
2367456570.000,Miguel,recording,knock_twice_right,16,-0.027864,6.905873,6.968437,0.020116,-0.006124,0.000437
2367456580.000,Miguel,recording,knock_twice_right,16,0.010937,6.899738,6.897302,0.022710,-0.018513,-0.000711
2367456590.000,Miguel,recording,knock_twice_right,16,0.047472,6.913211,6.828404,0.024034,-0.025402,-0.003907
2367456600.000,Miguel,recording,knock_twice_right,16,0.057838,6.918638,6.783464,0.024026,-0.024832,-0.009210
2367456610.000,Miguel,recording,knock_twice_right,16,0.053263,6.940591,6.740117,0.022817,-0.018800,-0.014609
2367456620.000,Miguel,recording,knock_twice_right,16,0.022583,6.978605,6.725223,0.022211,-0.008311,-0.018516
2367456630.000,Miguel,recording,knock_twice_right,16,-0.030409,7.005255,6.743206,0.021670,0.002978,-0.018496
2367456640.000,Miguel,recording,knock_twice_right,16,-0.069346,7.031915,6.761444,0.020857,0.010195,-0.014292
2367456650.000,Miguel,recording,knock_twice_right,16,-0.083775,7.053420,6.788577,0.019316,0.010705,-0.008154
2367456660.000,Miguel,recording,knock_twice_right,16,-0.072198,7.028520,6.792079,0.016847,0.004319,-0.002974
2367456670.000,Miguel,recording,knock_twice_right,16,-0.035274,7.009681,6.775748,0.012779,-0.007234,0.000202
2367456680.000,Miguel,recording,knock_twice_right,16,-0.006442,6.992544,6.747837,0.007982,-0.017623,0.000134
2367456690.000,Miguel,recording,knock_twice_right,16,0.007987,6.984228,6.739730,0.002858,-0.021729,-0.002038
2367456700.000,Miguel,recording,knock_twice_right,16,-0.017106,6.996808,6.751308,-0.002643,-0.019580,-0.001658
2367456710.000,Miguel,recording,knock_twice_right,16,-0.028878,7.005936,6.768155,-0.005473,-0.012864,0.000633
2367456720.000,Miguel,recording,knock_twice_right,16,-0.005551,7.001256,6.774756,-0.007529,-0.005298,0.003188
2367456730.000,Miguel,recording,knock_twice_right,16,0.016283,6.998506,6.833735,-0.011039,0.001640,0.005242
2367456740.000,Miguel,recording,knock_twice_right,16,0.039714,6.994955,6.912705,-0.010977,0.004199,0.004419
2367456750.000,Miguel,recording,knock_twice_right,16,0.079337,6.963212,6.970753,-0.004707,0.000287,0.001898
2367456760.000,Miguel,recording,knock_twice_right,16,0.104466,6.938826,6.961893,0.005314,-0.005220,-0.001890
2367456770.000,Miguel,recording,knock_twice_right,16,0.110154,6.947933,6.934930,0.016392,-0.009222,-0.008594
2367456780.000,Miguel,recording,knock_twice_right,16,0.076329,6.951376,6.885049,0.025838,-0.008683,-0.015832
2367456790.000,Miguel,recording,knock_twice_right,16,0.001755,6.965152,6.813589,0.031221,-0.003328,-0.020295
2367456800.000,Miguel,recording,knock_twice_right,16,-0.048508,7.002808,6.737847,0.033242,0.002752,-0.019336
2367456810.000,Miguel,recording,knock_twice_right,16,-0.065938,7.035920,6.667865,0.033164,0.006702,-0.014051
2367456820.000,Miguel,recording,knock_twice_right,16,-0.032130,7.048783,6.585437,0.027851,0.006984,-0.007998
2367456830.000,Miguel,recording,knock_twice_right,16,0.010407,7.042147,6.512501,0.016525,0.005510,-0.004929
2367456840.000,Miguel,recording,knock_twice_right,16,0.039893,7.018862,6.471940,0.001031,0.005935,-0.006550
2367456850.000,Miguel,recording,knock_twice_right,16,0.054127,6.976304,6.472453,-0.014032,0.008529,-0.010941
2367456860.000,Miguel,recording,knock_twice_right,16,0.011111,6.945613,6.493861,-0.025779,0.012104,-0.015645
2367456870.000,Miguel,recording,knock_twice_right,16,-0.030057,6.922459,6.549185,-0.033918,0.016375,-0.017815
2367456880.000,Miguel,recording,knock_twice_right,16,-0.064600,6.923414,6.604667,-0.036046,0.021535,-0.016378
2367456890.000,Miguel,recording,knock_twice_right,16,-0.095502,6.932611,6.645565,-0.034742,0.030001,-0.011243
2367456900.000,Miguel,recording,knock_twice_right,16,-0.107879,6.947862,6.678315,-0.035489,0.040937,-0.004694
2367456910.000,Miguel,recording,knock_twice_right,16,-0.109967,6.963292,6.732326,-0.040255,0.047483,0.001780
2367456920.000,Miguel,recording,knock_twice_right,16,-0.076129,6.985744,6.825076,-0.046344,0.045934,0.006191
2367456930.000,Miguel,recording,knock_twice_right,16,-0.015177,7.012003,6.933064,-0.050620,0.035079,0.006097
2367456940.000,Miguel,recording,knock_twice_right,16,0.027965,7.029616,6.980572,-0.052786,0.018194,0.003850
2367456950.000,Miguel,recording,knock_twice_right,16,0.016081,7.027278,7.037661,-0.051370,0.002730,0.000722
2367456960.000,Miguel,recording,knock_twice_right,16,-0.033678,7.002595,7.051341,-0.046540,-0.005379,-0.000426
2367456970.000,Miguel,recording,knock_twice_right,16,-0.078985,6.988656,7.071325,-0.040147,-0.005045,0.002580
2367456980.000,Miguel,recording,knock_twice_right,16,-0.100540,6.976628,7.106335,-0.033429,-0.000511,0.007883
2367456990.000,Miguel,recording,knock_twice_right,16,-0.093916,6.983829,7.150526,-0.024566,0.004292,0.014147
2367457000.000,Miguel,recording,knock_twice_right,16,-0.073918,6.961483,7.166286,-0.012613,0.005910,0.019635
2367457010.000,Miguel,recording,knock_twice_right,16,-0.025260,6.947213,7.160578,-0.000971,0.002472,0.022983
2367457020.000,Miguel,recording,knock_twice_right,16,0.026072,6.941741,7.106156,0.007212,-0.005928,0.021249
2367457030.000,Miguel,recording,knock_twice_right,16,0.078671,6.962668,7.043867,0.011389,-0.015174,0.014174
2367457040.000,Miguel,recording,knock_twice_right,16,0.073464,6.976886,7.011465,0.012559,-0.021437,0.005820
2367457050.000,Miguel,recording,knock_twice_right,16,0.022816,6.974142,6.969677,0.014427,-0.023586,-0.000610
2367457060.000,Miguel,recording,knock_twice_right,16,-0.039192,6.979908,6.963649,0.019660,-0.020075,-0.002606
2367457070.000,Miguel,recording,knock_twice_right,16,-0.074263,6.961005,6.935346,0.026536,-0.013919,-0.000454
2367457080.000,Miguel,recording,knock_twice_right,16,-0.057719,6.940430,6.878896,0.032319,-0.009277,0.002410
2367457090.000,Miguel,recording,knock_twice_right,16,-0.017581,6.936053,6.814641,0.034921,-0.008086,0.003740
2367457100.000,Miguel,recording,knock_twice_right,16,0.018533,6.956584,6.777154,0.033949,-0.008843,0.001969
2367457110.000,Miguel,recording,knock_twice_right,16,-0.007361,6.961453,6.716808,0.029621,-0.008391,-0.001272
2367457120.000,Miguel,recording,knock_twice_right,16,-0.040761,6.967956,6.728613,0.025764,-0.006104,-0.001937
2367457130.000,Miguel,recording,knock_twice_right,16,-0.059076,6.975759,6.746763,0.024903,-0.002957,0.000762
2367457140.000,Miguel,recording,knock_twice_right,16,-0.072139,6.975337,6.732164,0.025509,0.002237,0.005586
2367457150.000,Miguel,recording,knock_twice_right,16,-0.051137,6.975499,6.694659,0.025537,0.008764,0.011345
2367457160.000,Miguel,recording,knock_twice_right,16,-0.033707,6.965864,6.677917,0.022064,0.012646,0.015735
2367457170.000,Miguel,recording,knock_twice_right,16,0.004233,6.953908,6.667964,0.016278,0.011719,0.017115
2367457180.000,Miguel,recording,knock_twice_right,16,0.028652,6.950930,6.648100,0.010949,0.006474,0.015018
2367457190.000,Miguel,recording,knock_twice_right,16,0.059986,6.950136,6.618905,0.003919,-0.001000,0.010740
2367457200.000,Miguel,recording,knock_twice_right,16,0.070127,6.965355,6.584265,-0.003976,-0.006518,0.006098
2367457210.000,Miguel,recording,knock_twice_right,16,0.049932,6.962099,6.578501,-0.011678,-0.006052,0.002237
2367457220.000,Miguel,recording,knock_twice_right,16,0.039541,6.941408,6.600805,-0.019805,-0.002131,0.000225
2367457230.000,Miguel,recording,knock_twice_right,16,0.040743,6.941306,6.651479,-0.025559,0.002953,-0.000602
2367457240.000,Miguel,recording,knock_twice_right,16,0.053822,6.926392,6.670159,-0.026934,0.010805,-0.000663
2367457250.000,Miguel,recording,knock_twice_right,16,0.066444,6.928687,6.711058,-0.025642,0.021447,-0.001239
2367457260.000,Miguel,recording,knock_twice_right,16,0.044758,6.918648,6.727386,-0.023230,0.031920,-0.003258
2367457270.000,Miguel,recording,knock_twice_right,16,0.027648,6.924277,6.772545,-0.022093,0.038983,-0.004813
2367457280.000,Miguel,recording,knock_twice_right,16,-0.012236,6.965067,6.825322,-0.024231,0.042363,-0.005499
2367457290.000,Miguel,recording,knock_twice_right,16,-0.065067,7.004370,6.849061,-0.028800,0.041454,-0.005502
2367457300.000,Miguel,recording,knock_twice_right,16,-0.094864,7.029030,6.906223,-0.035324,0.035094,-0.001996
2367457310.000,Miguel,recording,knock_twice_right,16,-0.092337,7.045833,6.990621,-0.042424,0.022434,0.003489
2367457320.000,Miguel,recording,knock_twice_right,16,-0.062132,7.041536,7.070480,-0.046268,0.004250,0.007800
2367457330.000,Miguel,recording,knock_twice_right,16,-0.020912,7.025965,7.115616,-0.042680,-0.013206,0.011173
2367457340.000,Miguel,recording,knock_twice_right,16,0.014560,6.988763,7.093857,-0.034377,-0.023152,0.011801
2367457350.000,Miguel,recording,knock_twice_right,16,0.061590,6.959478,7.074210,-0.024631,-0.021610,0.008795
2367457360.000,Miguel,recording,knock_twice_right,16,0.061589,6.944343,7.080130,-0.012325,-0.011772,0.003816
2367457370.000,Miguel,recording,knock_twice_right,16,0.008404,6.928754,7.067229,0.000606,-0.000050,-0.001123
2367457380.000,Miguel,recording,knock_twice_right,16,-0.032694,6.930290,7.070900,0.012902,0.011720,-0.002207
2367457390.000,Miguel,recording,knock_twice_right,16,-0.044068,6.951109,7.050825,0.023698,0.016224,0.000609
2367457400.000,Miguel,recording,knock_twice_right,16,-0.024321,6.956403,6.975015,0.030876,0.009590,0.004375
2367457410.000,Miguel,recording,knock_twice_right,16,-0.011316,6.952635,6.871494,0.031419,-0.002239,0.005255
2367457420.000,Miguel,recording,knock_twice_right,16,0.038075,6.968667,6.800570,0.023293,-0.014777,0.002348
2367457430.000,Miguel,recording,knock_twice_right,16,0.060652,6.996422,6.781199,0.012604,-0.022818,-0.003168
2367457440.000,Miguel,recording,knock_twice_right,16,0.010759,7.004751,6.806652,0.006769,-0.022850,-0.008381
2367457450.000,Miguel,recording,knock_twice_right,16,-0.054794,6.981545,6.846085,0.007501,-0.019356,-0.008142
2367457460.000,Miguel,recording,knock_twice_right,16,-0.084422,6.959743,6.850921,0.014166,-0.015332,-0.003764
2367457470.000,Miguel,recording,knock_twice_right,16,-0.067432,6.954116,6.821595,0.021481,-0.009428,0.001557
2367457480.000,Miguel,recording,knock_twice_right,16,-0.054814,6.939786,6.748008,0.022512,-0.005497,0.005765
2367457490.000,Miguel,recording,knock_twice_right,16,-0.049713,6.915770,6.671896,0.015194,-0.004656,0.009371
2367457500.000,Miguel,recording,knock_twice_right,16,-0.020349,6.921088,6.669781,0.002576,-0.004688,0.011572
2367457510.000,Miguel,recording,knock_twice_right,16,0.037508,6.945985,6.706920,-0.008575,-0.005878,0.010195
2367457520.000,Miguel,recording,knock_twice_right,16,0.062768,6.943968,6.772168,-0.012437,-0.005891,0.006247
2367457530.000,Miguel,recording,knock_twice_right,16,0.053824,6.946517,6.838379,-0.008133,-0.003819,0.002334
2367457540.000,Miguel,recording,knock_twice_right,16,0.038199,6.974568,6.844429,-0.001206,0.000367,0.000552
2367457550.000,Miguel,recording,knock_twice_right,16,0.026831,6.995417,6.782101,0.002299,0.006713,0.000403
2367457560.000,Miguel,recording,knock_twice_right,16,0.008390,6.999078,6.735288,-0.000281,0.012282,0.000401
2367457570.000,Miguel,recording,knock_twice_right,16,-0.007419,6.984436,6.763612,-0.009224,0.015379,0.001265
2367457580.000,Miguel,recording,knock_twice_right,16,-0.014208,6.950781,6.826610,-0.019900,0.013798,0.003135
2367457590.000,Miguel,recording,knock_twice_right,16,0.004065,6.913086,6.929097,-0.026289,0.007970,0.004034
2367457600.000,Miguel,recording,knock_twice_right,16,0.015373,6.882101,7.040105,-0.024680,-0.001486,0.004118
2367457610.000,Miguel,recording,knock_twice_right,16,0.052019,6.878596,7.105307,-0.013215,-0.010857,0.002664
2367457620.000,Miguel,recording,knock_twice_right,16,0.104159,6.890363,7.100344,0.005407,-0.015415,-0.001211
2367457630.000,Miguel,recording,knock_twice_right,16,-0.041695,6.962360,7.017505,0.061606,0.081874,-0.077122
2367457640.000,Miguel,recording,knock_twice_right,16,-0.766899,7.214026,6.598805,0.094890,0.201115,-0.123759
2367457650.000,Miguel,recording,knock_twice_right,16,-1.106280,7.222884,6.176438,0.084412,0.161264,-0.040323
2367457660.000,Miguel,recording,knock_twice_right,16,-0.284047,7.042177,6.567696,0.061422,0.081123,0.033715
2367457670.000,Miguel,recording,knock_twice_right,16,-0.020144,7.520548,6.510777,0.001688,0.007596,0.051336
2367457680.000,Miguel,recording,knock_twice_right,16,-0.192850,7.169484,6.580754,-0.062664,-0.106578,0.079962
2367457690.000,Miguel,recording,knock_twice_right,16,-0.187843,7.006614,6.728610,-0.103391,-0.164806,0.132455
2367457700.000,Miguel,recording,knock_twice_right,16,0.370516,6.759243,7.107281,-0.101345,-0.119785,0.143774
2367457710.000,Miguel,recording,knock_twice_right,16,0.874278,6.616848,7.283666,-0.063429,-0.029201,0.100577
2367457720.000,Miguel,recording,knock_twice_right,16,0.769597,6.602708,7.342101,-0.009188,0.057359,0.040268
2367457730.000,Miguel,recording,knock_twice_right,16,0.580748,6.634035,7.364532,0.049669,0.118559,-0.011783
2367457740.000,Miguel,recording,knock_twice_right,16,0.218205,6.824216,7.261342,0.093757,0.131894,-0.043274
2367457750.000,Miguel,recording,knock_twice_right,16,-0.103808,7.002162,6.984673,0.104021,0.086052,-0.046706
2367457760.000,Miguel,recording,knock_twice_right,16,-0.220654,7.084291,6.689710,0.081031,0.007288,-0.023175
2367457770.000,Miguel,recording,knock_twice_right,16,-0.100353,7.101866,6.531729,0.039777,-0.059906,0.008823
2367457780.000,Miguel,recording,knock_twice_right,16,0.120035,7.065003,6.507992,-0.002851,-0.093480,0.029783
2367457790.000,Miguel,recording,knock_twice_right,16,0.307728,6.962422,6.595133,-0.034166,-0.093007,0.032506
2367457800.000,Miguel,recording,knock_twice_right,16,0.332993,6.872356,6.782181,-0.038751,-0.055631,0.009608
2367457810.000,Miguel,recording,knock_twice_right,16,-0.261762,7.070162,6.765388,-0.011434,0.089216,-0.035382
2367457820.000,Miguel,recording,knock_twice_right,16,-0.930328,7.238337,6.490268,0.040155,0.196465,-0.015991
2367457830.000,Miguel,recording,knock_twice_right,16,-0.298496,6.879382,6.620591,0.086317,0.194332,0.052295
2367457840.000,Miguel,recording,knock_twice_right,16,-0.083233,7.225788,6.595065,0.086835,0.177390,0.059546
2367457850.000,Miguel,recording,knock_twice_right,16,0.046559,6.853528,6.277712,0.040370,0.084993,0.031800
2367457860.000,Miguel,recording,knock_twice_right,16,-0.179781,6.878608,6.245759,-0.032645,-0.042744,0.026581
2367457870.000,Miguel,recording,knock_twice_right,16,-0.070691,6.941350,6.499696,-0.105409,-0.139583,0.040296
2367457880.000,Miguel,recording,knock_twice_right,16,0.101643,7.005146,6.904758,-0.151867,-0.187053,0.042917
2367457890.000,Miguel,recording,knock_twice_right,16,0.171990,6.897579,7.210210,-0.159830,-0.172673,0.031431
2367457900.000,Miguel,recording,knock_twice_right,16,0.226757,6.868905,7.457978,-0.122645,-0.103547,0.021606
2367457910.000,Miguel,recording,knock_twice_right,16,0.220428,6.971991,7.618691,-0.051264,-0.007459,0.018102
2367457920.000,Miguel,recording,knock_twice_right,16,0.191488,7.037130,7.569314,0.024512,0.076707,0.017615
2367457930.000,Miguel,recording,knock_twice_right,16,0.087284,7.008628,7.398603,0.075679,0.110229,0.018952
2367457940.000,Miguel,recording,knock_twice_right,16,0.027218,6.941457,7.189404,0.092523,0.085302,0.022227
2367457950.000,Miguel,recording,knock_twice_right,16,0.053349,6.919131,6.996143,0.080657,0.023362,0.023794
2367457960.000,Miguel,recording,knock_twice_right,16,0.145167,6.883216,6.862516,0.053337,-0.045859,0.017787
2367457970.000,Miguel,recording,knock_twice_right,16,0.180623,6.852518,6.818311,0.026721,-0.095014,0.005474
2367457980.000,Miguel,recording,knock_twice_right,16,0.176259,6.868081,6.834203,0.012336,-0.109100,-0.005564
2367457990.000,Miguel,recording,knock_twice_right,16,0.169276,6.910675,6.872856,0.016675,-0.092165,-0.011128
2367458000.000,Miguel,recording,knock_twice_right,16,0.193713,6.955786,6.844292,0.034731,-0.057526,-0.013153
2367458010.000,Miguel,recording,knock_twice_right,16,0.192174,6.987994,6.748274,0.053304,-0.020255,-0.015682
2367458020.000,Miguel,recording,knock_twice_right,16,0.150607,6.996471,6.635528,0.062931,0.006064,-0.020345
2367458030.000,Miguel,recording,knock_twice_right,16,0.083510,6.989305,6.552334,0.059720,0.015030,-0.025165
2367458040.000,Miguel,recording,knock_twice_right,16,-0.010322,6.973946,6.518496,0.045895,0.008316,-0.027648
2367458050.000,Miguel,recording,knock_twice_right,16,-0.083981,6.970436,6.535339,0.029056,-0.005452,-0.026959
2367458060.000,Miguel,recording,knock_twice_right,16,-0.115912,7.004190,6.541912,0.014916,-0.016899,-0.021889
2367458070.000,Miguel,recording,knock_twice_right,16,-0.119882,7.020881,6.531882,0.001633,-0.022011,-0.013038
2367458080.000,Miguel,recording,knock_twice_right,16,-0.098295,7.062195,6.565902,-0.011613,-0.020042,-0.004226
2367458090.000,Miguel,recording,knock_twice_right,16,-0.055131,7.052224,6.607435,-0.021438,-0.012503,0.002666
2367458100.000,Miguel,recording,knock_twice_right,16,0.008232,7.058682,6.664995,-0.026073,-0.004814,0.005164
2367458110.000,Miguel,recording,knock_twice_right,16,0.029569,7.061530,6.744342,-0.025961,0.001281,0.003230
2367458120.000,Miguel,recording,knock_twice_right,16,0.001989,7.044783,6.810869,-0.022544,0.007185,0.000734
2367458130.000,Miguel,recording,knock_twice_right,16,-0.059699,7.033703,6.856528,-0.015663,0.012189,0.000747
2367458140.000,Miguel,recording,knock_twice_right,16,-0.065598,7.018339,6.882276,-0.006588,0.014152,0.004318
2367458150.000,Miguel,recording,knock_twice_right,16,-0.061990,7.010504,6.855088,-0.000647,0.013191,0.009568
2367458160.000,Miguel,recording,knock_twice_right,16,-0.033778,7.000122,6.826429,-0.002685,0.012354,0.013168
2367458170.000,Miguel,recording,knock_twice_right,16,0.008778,6.997813,6.819064,-0.008863,0.012271,0.014176
2367458180.000,Miguel,recording,knock_twice_right,16,0.058738,6.985056,6.866417,-0.012398,0.010815,0.012499
2367458190.000,Miguel,recording,knock_twice_right,16,0.062427,6.981075,6.905938,-0.013311,0.009802,0.010181
2367458200.000,Miguel,recording,knock_twice_right,16,0.043047,6.972948,6.948746,-0.012762,0.010521,0.009408
2367458210.000,Miguel,recording,knock_twice_right,16,0.032113,6.968106,7.004510,-0.007541,0.009475,0.008539
2367458220.000,Miguel,recording,knock_twice_right,16,0.048188,6.970309,7.008073,0.003101,0.007470,0.008129
2367458230.000,Miguel,recording,knock_twice_right,16,0.065286,6.968855,6.966853,0.012810,0.005073,0.008242
2367458240.000,Miguel,recording,knock_twice_right,16,0.059872,6.975073,6.892362,0.016620,-0.001223,0.006592
2367458250.000,Miguel,recording,knock_twice_right,16,0.050221,6.955968,6.852038,0.016367,-0.009472,0.004601
2367458260.000,Miguel,recording,knock_twice_right,16,0.052284,6.950459,6.822349,0.015248,-0.017355,0.004833
2367458270.000,Miguel,recording,knock_twice_right,16,0.084286,6.948144,6.798222,0.012975,-0.026423,0.006484
2367458280.000,Miguel,recording,knock_twice_right,16,0.126096,6.947878,6.750760,0.009290,-0.033220,0.004985
2367458290.000,Miguel,recording,knock_twice_right,16,0.151189,6.939327,6.723304,0.007548,-0.032461,0.000677
2367458300.000,Miguel,recording,knock_twice_right,16,0.144047,6.928854,6.702342,0.008297,-0.025737,-0.003685
2367458310.000,Miguel,recording,knock_twice_right,16,0.141143,6.945554,6.666580,0.009017,-0.016370,-0.007407
2367458320.000,Miguel,recording,knock_twice_right,16,0.142791,6.950651,6.631516,0.007013,-0.005062,-0.010241
2367458330.000,Miguel,recording,knock_twice_right,16,0.122485,6.968508,6.606540,-0.000643,0.005940,-0.013526
2367458340.000,Miguel,recording,knock_twice_right,16,0.087775,6.980389,6.639380,-0.011304,0.012967,-0.016204
2367458350.000,Miguel,recording,knock_twice_right,16,0.058944,6.975466,6.723042,-0.018885,0.015733,-0.017399
2367458360.000,Miguel,recording,knock_twice_right,16,0.046275,6.977855,6.823277,-0.021926,0.016255,-0.017888
2367458370.000,Miguel,recording,knock_twice_right,16,0.046532,6.962204,6.902657,-0.020821,0.012654,-0.019827
2367458380.000,Miguel,recording,knock_twice_right,16,0.020358,6.963354,6.933936,-0.014959,0.005926,-0.023951
2367458390.000,Miguel,recording,knock_twice_right,16,-0.015780,6.985528,6.943648,-0.007750,-0.000432,-0.027654
2367458400.000,Miguel,recording,knock_twice_right,16,-0.055350,7.019810,6.933088,-0.000103,-0.005037,-0.027592
2367458410.000,Miguel,recording,knock_twice_right,16,-0.074046,7.061155,6.891753,0.008040,-0.007953,-0.022778
2367458420.000,Miguel,recording,knock_twice_right,16,-0.094505,7.080246,6.816374,0.011205,-0.008058,-0.015768
2367458430.000,Miguel,recording,knock_twice_right,16,-0.110816,7.100568,6.744079,0.006651,-0.007406,-0.008147
2367458440.000,Miguel,recording,knock_twice_right,17,-0.116938,7.099914,6.758383,-0.001798,-0.011153,-0.000325
2367458450.000,Miguel,recording,knock_twice_right,17,-0.096353,7.068978,6.774460,-0.010126,-0.016794,0.007591
2367458460.000,Miguel,recording,knock_twice_right,17,-0.035702,7.042381,6.788648,-0.015650,-0.020013,0.014396
2367458470.000,Miguel,recording,knock_twice_right,17,0.035465,7.003315,6.801917,-0.016316,-0.019352,0.016589
2367458480.000,Miguel,recording,knock_twice_right,17,0.097368,6.944035,6.815175,-0.012387,-0.013416,0.012772
2367458490.000,Miguel,recording,knock_twice_right,17,0.111679,6.914116,6.827248,-0.006077,-0.001815,0.004718
2367458500.000,Miguel,recording,knock_twice_right,17,0.077857,6.909233,6.818979,0.000048,0.013812,-0.004588
2367458510.000,Miguel,recording,knock_twice_right,17,0.007356,6.944406,6.830576,0.005164,0.026598,-0.011484
2367458520.000,Miguel,recording,knock_twice_right,17,-0.056536,6.994132,6.836181,0.007744,0.028829,-0.013082
2367458530.000,Miguel,recording,knock_twice_right,17,-0.117678,7.042989,6.831045,0.007078,0.020175,-0.007245
2367458540.000,Miguel,recording,knock_twice_right,17,-0.121209,7.062391,6.798211,0.004344,0.002791,0.004092
2367458550.000,Miguel,recording,knock_twice_right,17,-0.057176,7.048733,6.791021,0.000408,-0.014429,0.014385
2367458560.000,Miguel,recording,knock_twice_right,17,0.035289,7.033958,6.787124,-0.004312,-0.022549,0.018451
2367458570.000,Miguel,recording,knock_twice_right,17,0.089946,7.026957,6.782066,-0.007943,-0.019531,0.016010
2367458580.000,Miguel,recording,knock_twice_right,17,0.087786,6.995680,6.826623,-0.007534,-0.009332,0.011747
2367458590.000,Miguel,recording,knock_twice_right,17,0.068557,6.978010,6.863849,-0.001969,0.002811,0.008885
2367458600.000,Miguel,recording,knock_twice_right,17,0.057708,6.946208,6.848725,0.005953,0.011883,0.008497
2367458610.000,Miguel,recording,knock_twice_right,17,0.052242,6.926002,6.815325,0.010533,0.014745,0.009585
2367458620.000,Miguel,recording,knock_twice_right,17,0.073033,6.909716,6.776085,0.009580,0.011454,0.008679
2367458630.000,Miguel,recording,knock_twice_right,17,0.096493,6.911726,6.742307,0.003447,0.003076,0.005869
2367458640.000,Miguel,recording,knock_twice_right,17,0.127528,6.929771,6.721268,-0.006489,-0.004697,0.001335
2367458650.000,Miguel,recording,knock_twice_right,17,0.119852,6.945959,6.784415,-0.015503,-0.009642,-0.005709
2367458660.000,Miguel,recording,knock_twice_right,17,0.085724,6.968755,6.828541,-0.019863,-0.011795,-0.011051
2367458670.000,Miguel,recording,knock_twice_right,17,0.063734,6.989655,6.866345,-0.017619,-0.010357,-0.013403
2367458680.000,Miguel,recording,knock_twice_right,17,0.066544,7.019877,6.892806,-0.010844,-0.006373,-0.013787
2367458690.000,Miguel,recording,knock_twice_right,17,0.046324,7.032287,6.867027,-0.004680,-0.001864,-0.013886
2367458700.000,Miguel,recording,knock_twice_right,17,0.017627,7.051543,6.842855,-0.001629,0.003378,-0.013637
2367458710.000,Miguel,recording,knock_twice_right,17,-0.021464,7.043957,6.823353,-0.002659,0.009563,-0.009760
2367458720.000,Miguel,recording,knock_twice_right,17,-0.047489,7.024382,6.851461,-0.005909,0.015317,-0.002915
2367458730.000,Miguel,recording,knock_twice_right,17,-0.047795,6.986114,6.924912,-0.006884,0.018498,0.003483
2367458740.000,Miguel,recording,knock_twice_right,17,-0.031712,6.942975,6.971100,-0.002885,0.014651,0.006093
2367458750.000,Miguel,recording,knock_twice_right,17,-0.007265,6.919908,6.972189,0.003739,0.004507,0.005404
2367458760.000,Miguel,recording,knock_twice_right,17,0.010035,6.929150,6.929759,0.009188,-0.009020,0.001486
2367458770.000,Miguel,recording,knock_twice_right,17,0.021236,6.963985,6.873906,0.012768,-0.022552,-0.004750
2367458780.000,Miguel,recording,knock_twice_right,17,0.012488,6.992624,6.792478,0.013471,-0.028145,-0.009718
2367458790.000,Miguel,recording,knock_twice_right,17,-0.033449,7.025512,6.748835,0.011654,-0.023149,-0.009611
2367458800.000,Miguel,recording,knock_twice_right,17,-0.044202,7.023324,6.754519,0.011005,-0.012932,-0.004144
2367458810.000,Miguel,recording,knock_twice_right,17,-0.011725,7.003146,6.771754,0.013087,-0.002880,0.002588
2367458820.000,Miguel,recording,knock_twice_right,17,0.038450,6.981371,6.771323,0.016176,0.006592,0.005414
2367458830.000,Miguel,recording,knock_twice_right,17,0.035418,6.977287,6.737481,0.016745,0.014370,0.002486
2367458840.000,Miguel,recording,knock_twice_right,17,0.012820,6.996270,6.711958,0.012567,0.015825,-0.001367
2367458850.000,Miguel,recording,knock_twice_right,17,-0.024533,7.027452,6.709643,0.004395,0.011039,-0.001997
2367458860.000,Miguel,recording,knock_twice_right,17,-0.056590,7.043578,6.699529,-0.005256,0.004262,0.001589
2367458870.000,Miguel,recording,knock_twice_right,17,-0.055278,7.043099,6.727264,-0.013477,-0.002042,0.008908
2367458880.000,Miguel,recording,knock_twice_right,17,-0.014874,7.035508,6.775311,-0.016601,-0.006068,0.014984
2367458890.000,Miguel,recording,knock_twice_right,17,0.029823,7.020972,6.829991,-0.013467,-0.004917,0.017112
2367458900.000,Miguel,recording,knock_twice_right,17,0.052093,6.991710,6.831257,-0.007755,0.001870,0.016782
2367458910.000,Miguel,recording,knock_twice_right,17,0.085912,6.991816,6.847456,-0.001872,0.010106,0.014499
2367458920.000,Miguel,recording,knock_twice_right,17,0.088851,6.962058,6.867239,0.002523,0.016512,0.010217
2367458930.000,Miguel,recording,knock_twice_right,17,0.056225,6.942584,6.854149,0.003328,0.019065,0.006438
2367458940.000,Miguel,recording,knock_twice_right,17,0.056369,6.937724,6.851723,-0.000485,0.014006,0.005039
2367458950.000,Miguel,recording,knock_twice_right,17,0.054966,6.977617,6.853247,-0.005891,0.003581,0.004779
2367458960.000,Miguel,recording,knock_twice_right,17,0.068762,7.000251,6.872853,-0.010431,-0.007420,0.004125
2367458970.000,Miguel,recording,knock_twice_right,17,0.078221,6.968390,6.904524,-0.011011,-0.015938,0.002931
2367458980.000,Miguel,recording,knock_twice_right,17,0.105044,6.941236,6.908147,-0.005338,-0.020295,0.000077
2367458990.000,Miguel,recording,knock_twice_right,17,0.095096,6.942359,6.901779,0.004137,-0.020390,-0.004188
2367459000.000,Miguel,recording,knock_twice_right,17,0.072709,6.963026,6.849347,0.013528,-0.013908,-0.008217
2367459010.000,Miguel,recording,knock_twice_right,17,0.076271,6.994767,6.808520,0.020404,-0.002300,-0.010631
2367459020.000,Miguel,recording,knock_twice_right,17,0.031641,7.009873,6.779506,0.021697,0.010685,-0.009062
2367459030.000,Miguel,recording,knock_twice_right,17,-0.017464,7.014868,6.749966,0.016296,0.020144,-0.004424
2367459040.000,Miguel,recording,knock_twice_right,17,-0.013512,7.031044,6.751186,0.007193,0.020845,0.002142
2367459050.000,Miguel,recording,knock_twice_right,17,0.037206,6.992570,6.798017,-0.001414,0.013868,0.007230
2367459060.000,Miguel,recording,knock_twice_right,17,0.078102,6.949340,6.849600,-0.006191,0.001716,0.006589
2367459070.000,Miguel,recording,knock_twice_right,17,0.094979,6.917857,6.877385,-0.005315,-0.010945,-0.000559
2367459080.000,Miguel,recording,knock_twice_right,17,0.086323,6.922623,6.861815,0.001947,-0.016165,-0.010734
2367459090.000,Miguel,recording,knock_twice_right,17,0.055377,6.960391,6.811405,0.010132,-0.012165,-0.018674
2367459100.000,Miguel,recording,knock_twice_right,17,-0.012279,6.998054,6.751930,0.015042,-0.003033,-0.021607
2367459110.000,Miguel,recording,knock_twice_right,17,-0.081994,7.039502,6.742674,0.016868,0.006497,-0.016972
2367459120.000,Miguel,recording,knock_twice_right,17,-0.086533,7.051198,6.755764,0.014985,0.013180,-0.008197
2367459130.000,Miguel,recording,knock_twice_right,17,-0.078918,7.067563,6.773388,0.010499,0.013798,-0.000303
2367459140.000,Miguel,recording,knock_twice_right,17,-0.050394,7.059576,6.798761,0.004893,0.006898,0.006154
2367459150.000,Miguel,recording,knock_twice_right,17,-0.018273,7.023552,6.822563,-0.000877,-0.004336,0.009627
2367459160.000,Miguel,recording,knock_twice_right,17,0.001555,7.001580,6.847684,-0.004671,-0.016291,0.009656
2367459170.000,Miguel,recording,knock_twice_right,17,0.018631,7.003413,6.834279,-0.005166,-0.024940,0.007508
2367459180.000,Miguel,recording,knock_twice_right,17,0.041323,7.016624,6.800284,-0.003824,-0.026151,0.005570
2367459190.000,Miguel,recording,knock_twice_right,17,0.049048,7.014406,6.769713,-0.002565,-0.019466,0.004419
2367459200.000,Miguel,recording,knock_twice_right,17,0.028228,7.031232,6.748231,-0.001997,-0.007720,0.004504
2367459210.000,Miguel,recording,knock_twice_right,17,0.000269,7.032925,6.756962,-0.004945,0.005322,0.006615
2367459220.000,Miguel,recording,knock_twice_right,17,-0.003495,6.999708,6.833715,-0.007601,0.016257,0.010548
2367459230.000,Miguel,recording,knock_twice_right,17,0.026863,6.975592,6.931025,-0.005021,0.022018,0.015592
2367459240.000,Miguel,recording,knock_twice_right,17,0.072190,6.949088,6.968758,0.002431,0.018944,0.017077
2367459250.000,Miguel,recording,knock_twice_right,17,0.126612,6.918132,6.972684,0.013547,0.007365,0.012105
2367459260.000,Miguel,recording,knock_twice_right,17,0.160730,6.917419,6.911100,0.023954,-0.008359,0.003502
2367459270.000,Miguel,recording,knock_twice_right,17,0.196384,6.940748,6.787362,0.028960,-0.022336,-0.006325
2367459280.000,Miguel,recording,knock_twice_right,17,0.170021,6.988170,6.635039,0.026109,-0.029792,-0.015471
2367459290.000,Miguel,recording,knock_twice_right,17,0.103891,7.019939,6.522387,0.013517,-0.028898,-0.019046
2367459300.000,Miguel,recording,knock_twice_right,17,0.048988,7.022810,6.494716,-0.004750,-0.018609,-0.016121
2367459310.000,Miguel,recording,knock_twice_right,17,0.043952,7.006030,6.553369,-0.020821,-0.001418,-0.010761
2367459320.000,Miguel,recording,knock_twice_right,17,0.063783,6.983512,6.710483,-0.030367,0.017387,-0.007371
2367459330.000,Miguel,recording,knock_twice_right,17,0.033184,6.969858,6.883618,-0.030128,0.032675,-0.007359
2367459340.000,Miguel,recording,knock_twice_right,17,-0.004029,6.949205,7.017301,-0.019804,0.042116,-0.008070
2367459350.000,Miguel,recording,knock_twice_right,17,-0.041747,6.936170,7.067142,-0.005147,0.041570,-0.009556
2367459360.000,Miguel,recording,knock_twice_right,17,-0.060852,6.951179,7.069337,0.008325,0.027908,-0.012885
2367459370.000,Miguel,recording,knock_twice_right,17,-0.067979,6.980048,7.009665,0.019628,0.005833,-0.016791
2367459380.000,Miguel,recording,knock_twice_right,17,-0.049588,6.999623,6.917990,0.027884,-0.014382,-0.019456
2367459390.000,Miguel,recording,knock_twice_right,17,-0.052862,7.046029,6.795215,0.032103,-0.026979,-0.018599
2367459400.000,Miguel,recording,knock_twice_right,17,-0.053487,7.062753,6.671110,0.032444,-0.030392,-0.013144
2367459410.000,Miguel,recording,knock_twice_right,17,-0.011680,7.063042,6.575447,0.028096,-0.022346,-0.005842
2367459420.000,Miguel,recording,knock_twice_right,17,0.043497,7.054436,6.509174,0.017273,-0.006367,0.000714
2367459430.000,Miguel,recording,knock_twice_right,17,0.101861,7.034394,6.525830,0.000505,0.011607,0.003095
2367459440.000,Miguel,recording,knock_twice_right,17,0.106641,7.010819,6.654359,-0.014886,0.025086,-0.000590
2367459450.000,Miguel,recording,knock_twice_right,17,0.039827,6.998940,6.820694,-0.021278,0.029026,-0.005132
2367459460.000,Miguel,recording,knock_twice_right,17,-0.042562,6.979437,6.939536,-0.017462,0.023226,-0.005771
2367459470.000,Miguel,recording,knock_twice_right,17,-0.113704,6.996855,6.988727,-0.008387,0.009496,-0.000406
2367459480.000,Miguel,recording,knock_twice_right,17,-0.113251,7.027545,6.962298,0.001139,-0.007172,0.008930
2367459490.000,Miguel,recording,knock_twice_right,17,-0.043326,7.032937,6.909161,0.009549,-0.020963,0.019125
2367459500.000,Miguel,recording,knock_twice_right,17,0.063717,7.046897,6.805174,0.013619,-0.025981,0.024957
2367459510.000,Miguel,recording,knock_twice_right,17,0.152390,7.068944,6.685960,0.011849,-0.020676,0.024549
2367459520.000,Miguel,recording,knock_twice_right,17,0.200937,7.064352,6.661149,0.005598,-0.011220,0.020936
2367459530.000,Miguel,recording,knock_twice_right,17,0.209489,7.032402,6.677164,-0.002040,-0.000968,0.015991
2367459540.000,Miguel,recording,knock_twice_right,17,0.182535,6.982167,6.719632,-0.009036,0.009218,0.010212
2367459550.000,Miguel,recording,knock_twice_right,17,0.174717,6.928100,6.790869,-0.013358,0.014436,0.004077
2367459560.000,Miguel,recording,knock_twice_right,17,0.160266,6.898516,6.833833,-0.013493,0.011701,-0.002484
2367459570.000,Miguel,recording,knock_twice_right,17,0.116088,6.875797,6.884682,-0.009924,0.004363,-0.009545
2367459580.000,Miguel,recording,knock_twice_right,17,0.097968,6.902583,6.891785,-0.003523,-0.002902,-0.015977
2367459590.000,Miguel,recording,knock_twice_right,17,0.099869,6.939703,6.870774,0.003829,-0.007650,-0.022075
2367459600.000,Miguel,recording,knock_twice_right,17,0.072733,6.985668,6.817736,0.008672,-0.007405,-0.025415
2367459610.000,Miguel,recording,knock_twice_right,17,0.030164,7.001055,6.778425,0.010481,-0.003047,-0.025962
2367459620.000,Miguel,recording,knock_twice_right,17,-0.024822,6.973687,6.745432,0.009172,0.003711,-0.024949
2367459630.000,Miguel,recording,knock_twice_right,17,-0.027652,7.003204,6.729061,0.004404,0.010642,-0.022407
2367459640.000,Miguel,recording,knock_twice_right,17,0.003505,7.039344,6.764348,-0.002225,0.016707,-0.021767
2367459650.000,Miguel,recording,knock_twice_right,17,0.000958,7.047245,6.823944,-0.005623,0.020311,-0.024160
2367459660.000,Miguel,recording,knock_twice_right,17,-0.065747,7.042274,6.914082,-0.003563,0.016070,-0.025086
2367459670.000,Miguel,recording,knock_twice_right,17,-0.110425,7.035110,6.949669,0.002789,0.005134,-0.021680
2367459680.000,Miguel,recording,knock_twice_right,17,-0.106609,7.048593,6.923353,0.009315,-0.009340,-0.014455
2367459690.000,Miguel,recording,knock_twice_right,17,-0.086003,7.040950,6.814869,0.011140,-0.022745,-0.008114
2367459700.000,Miguel,recording,knock_twice_right,17,-0.064305,6.989289,6.719466,0.008891,-0.031406,-0.007576
2367459710.000,Miguel,recording,knock_twice_right,17,-0.024811,6.970426,6.664164,0.003941,-0.032864,-0.011045
2367459720.000,Miguel,recording,knock_twice_right,17,-0.024258,6.991951,6.670908,0.000150,-0.026874,-0.015088
2367459730.000,Miguel,recording,knock_twice_right,17,-0.053712,7.002365,6.715430,0.000483,-0.017205,-0.016660
2367459740.000,Miguel,recording,knock_twice_right,17,-0.084598,6.998507,6.735009,0.004858,-0.007177,-0.014374
2367459750.000,Miguel,recording,knock_twice_right,17,-0.067099,7.022765,6.710736,0.009043,0.001739,-0.010877
2367459760.000,Miguel,recording,knock_twice_right,17,-0.030630,7.065024,6.658082,0.007167,0.009818,-0.008370
2367459770.000,Miguel,recording,knock_twice_right,17,-0.018246,7.087908,6.620224,-0.002023,0.015494,-0.009575
2367459780.000,Miguel,recording,knock_twice_right,17,-0.052840,7.107745,6.652205,-0.016052,0.019742,-0.012023
2367459790.000,Miguel,recording,knock_twice_right,17,-0.119239,7.116749,6.738953,-0.028711,0.022200,-0.009420
2367459800.000,Miguel,recording,knock_twice_right,17,-0.157650,7.095808,6.869413,-0.033835,0.020362,0.000079
2367459810.000,Miguel,recording,knock_twice_right,17,-0.154995,7.050803,6.972109,-0.029811,0.015011,0.013350
2367459820.000,Miguel,recording,knock_twice_right,17,-0.114922,6.988936,7.024277,-0.019511,0.007807,0.025056
2367459830.000,Miguel,recording,knock_twice_right,17,-0.037285,6.937921,7.007670,-0.008212,0.000123,0.030900
2367459840.000,Miguel,recording,knock_twice_right,17,0.069361,6.915898,6.976152,0.002733,-0.006296,0.029859
2367459850.000,Miguel,recording,knock_twice_right,17,0.159580,6.918837,6.925762,0.013514,-0.008295,0.021600
2367459860.000,Miguel,recording,knock_twice_right,17,0.156864,6.937362,6.873060,0.021596,-0.005568,0.010319
2367459870.000,Miguel,recording,knock_twice_right,17,0.080917,6.971844,6.808675,0.024316,-0.001820,0.002463
2367459880.000,Miguel,recording,knock_twice_right,17,0.014113,7.020289,6.738951,0.021882,0.001921,0.001625
2367459890.000,Miguel,recording,knock_twice_right,17,0.009324,7.052128,6.706986,0.015070,0.004217,0.007602
2367459900.000,Miguel,recording,knock_twice_right,17,0.058275,7.040542,6.708026,0.005434,0.003471,0.015218
2367459910.000,Miguel,recording,knock_twice_right,17,0.102544,7.019217,6.735959,-0.004539,0.000684,0.019895
2367459920.000,Miguel,recording,knock_twice_right,17,0.148537,6.969256,6.786279,-0.010269,-0.002954,0.019016
2367459930.000,Miguel,recording,knock_twice_right,17,0.181362,6.923452,6.848088,-0.008670,-0.005518,0.013177
2367459940.000,Miguel,recording,knock_twice_right,17,0.191003,6.912141,6.859482,-0.001846,-0.004334,0.003108
2367459950.000,Miguel,recording,knock_twice_right,17,0.138456,6.921010,6.819843,0.005477,-0.001904,-0.007136
2367459960.000,Miguel,recording,knock_twice_right,17,0.079501,6.970484,6.801733,0.010872,-0.002780,-0.011815
2367459970.000,Miguel,recording,knock_twice_right,17,0.053060,6.994093,6.773930,0.014971,-0.005054,-0.011413
2367459980.000,Miguel,recording,knock_twice_right,17,0.074575,7.005433,6.718919,0.015946,-0.008164,-0.008434
2367459990.000,Miguel,recording,knock_twice_right,17,0.109360,7.006913,6.633243,0.011336,-0.011932,-0.006969
2367460000.000,Miguel,recording,knock_twice_right,17,0.139091,6.995430,6.568254,-0.000796,-0.012796,-0.010729
2367460010.000,Miguel,recording,knock_twice_right,17,0.108989,6.979020,6.570763,-0.015604,-0.010479,-0.015832
2367460020.000,Miguel,recording,knock_twice_right,17,0.069344,6.979101,6.644729,-0.026214,-0.007272,-0.020216
2367460030.000,Miguel,recording,knock_twice_right,17,0.014692,6.961649,6.746585,-0.031451,-0.003753,-0.024799
2367460040.000,Miguel,recording,knock_twice_right,17,-0.027019,6.964122,6.802982,-0.031037,-0.000130,-0.026896
2367460050.000,Miguel,recording,knock_twice_right,17,-0.064653,6.969955,6.860859,-0.027748,0.001822,-0.026877
2367460060.000,Miguel,recording,knock_twice_right,17,-0.091078,7.010348,6.909962,-0.020642,0.000917,-0.025358
2367460070.000,Miguel,recording,knock_twice_right,17,-0.074743,7.029638,6.934818,-0.008570,-0.002490,-0.022853
2367460080.000,Miguel,recording,knock_twice_right,17,-0.063386,7.058224,6.885997,0.002616,-0.005879,-0.020238
2367460090.000,Miguel,recording,knock_twice_right,17,-0.074030,7.097387,6.790617,0.006517,-0.006561,-0.017317
2367460100.000,Miguel,recording,knock_twice_right,17,-0.087270,7.127670,6.701099,0.000505,-0.003287,-0.014223
2367460110.000,Miguel,recording,knock_twice_right,17,-0.120339,7.106211,6.698237,-0.011903,0.002692,-0.008750
2367460120.000,Miguel,recording,knock_twice_right,17,-0.131941,7.096486,6.780782,-0.023283,0.006681,-0.000949
2367460130.000,Miguel,recording,knock_twice_right,17,-0.121056,7.039990,6.896791,-0.027551,0.006967,0.007300
2367460140.000,Miguel,recording,knock_twice_right,17,-0.090880,6.986750,6.976132,-0.025457,0.004933,0.013702
2367460150.000,Miguel,recording,knock_twice_right,17,-0.050575,6.947414,7.027874,-0.018762,-0.000114,0.013937
2367460160.000,Miguel,recording,knock_twice_right,17,-0.011856,6.942270,7.013962,-0.009166,-0.008042,0.008298
2367460170.000,Miguel,recording,knock_twice_right,17,0.010547,6.963962,6.980412,0.000788,-0.015251,0.000876
2367460180.000,Miguel,recording,knock_twice_right,17,-0.009223,6.993818,6.919739,0.011713,-0.017335,-0.005736
2367460190.000,Miguel,recording,knock_twice_right,17,-0.054201,7.025540,6.826472,0.021079,-0.012306,-0.008138
2367460200.000,Miguel,recording,knock_twice_right,17,-0.109072,7.048805,6.741251,0.024138,-0.002207,-0.003287
2367460210.000,Miguel,recording,knock_twice_right,17,-0.098543,7.061544,6.712488,0.020062,0.008651,0.005855
2367460220.000,Miguel,recording,knock_twice_right,17,-0.071275,7.048161,6.724835,0.012730,0.014218,0.015684
2367460230.000,Miguel,recording,knock_twice_right,17,-0.027811,7.022191,6.743829,0.005219,0.011029,0.022219
2367460240.000,Miguel,recording,knock_twice_right,17,0.017656,6.998017,6.750296,-0.002525,0.003168,0.022742
2367460250.000,Miguel,recording,knock_twice_right,17,0.052614,6.986877,6.780131,-0.010132,-0.004621,0.019560
2367460260.000,Miguel,recording,knock_twice_right,17,0.079181,6.982452,6.814410,-0.014462,-0.009332,0.015671
2367460270.000,Miguel,recording,knock_twice_right,17,0.084699,6.986462,6.821051,-0.014001,-0.009032,0.012431
2367460280.000,Miguel,recording,knock_twice_right,17,0.092857,6.958907,6.836595,-0.009546,-0.004078,0.010390
2367460290.000,Miguel,recording,knock_twice_right,17,0.076842,6.947894,6.847123,-0.001582,0.005580,0.010084
2367460300.000,Miguel,recording,knock_twice_right,17,0.070413,6.946801,6.830630,0.006801,0.016241,0.010598
2367460310.000,Miguel,recording,knock_twice_right,17,0.074239,6.943391,6.815568,0.011790,0.021728,0.010854
2367460320.000,Miguel,recording,knock_twice_right,17,0.081965,6.944164,6.794532,0.011335,0.019382,0.010682
2367460330.000,Miguel,recording,knock_twice_right,17,0.093531,6.956898,6.809888,0.006860,0.009903,0.008841
2367460340.000,Miguel,recording,knock_twice_right,17,0.101518,6.992668,6.812997,0.002060,-0.002487,0.005045
2367460350.000,Miguel,recording,knock_twice_right,17,0.145877,6.991969,6.825668,-0.000980,-0.013745,0.001498
2367460360.000,Miguel,recording,knock_twice_right,17,0.140217,6.979816,6.811778,-0.001430,-0.019411,-0.002409
2367460370.000,Miguel,recording,knock_twice_right,17,0.098419,6.961039,6.801555,-0.000377,-0.016566,-0.007105
2367460380.000,Miguel,recording,knock_twice_right,17,0.069008,6.964046,6.804127,0.002167,-0.008559,-0.010431
2367460390.000,Miguel,recording,knock_twice_right,17,0.041287,6.966740,6.824370,0.006277,0.002204,-0.010155
2367460400.000,Miguel,recording,knock_twice_right,17,0.032771,6.966890,6.848810,0.010822,0.011839,-0.007579
2367460410.000,Miguel,recording,knock_twice_right,17,0.040394,6.974534,6.818793,0.014067,0.013020,-0.005157
2367460420.000,Miguel,recording,knock_twice_right,17,0.060870,6.978088,6.787269,0.013754,0.006259,-0.005516
2367460430.000,Miguel,recording,knock_twice_right,17,0.067593,6.981071,6.741060,0.009719,-0.004628,-0.009837
2367460440.000,Miguel,recording,knock_twice_right,17,0.031722,7.006671,6.715634,0.002223,-0.014954,-0.014289
2367460450.000,Miguel,recording,knock_twice_right,17,-0.000947,7.008921,6.718095,-0.005353,-0.020514,-0.015732
2367460460.000,Miguel,recording,knock_twice_right,17,-0.041181,7.033387,6.749906,-0.009680,-0.020816,-0.013655
2367460470.000,Miguel,recording,knock_twice_right,17,-0.059033,7.044547,6.799497,-0.008915,-0.015559,-0.008531
2367460480.000,Miguel,recording,knock_twice_right,17,-0.050815,7.023737,6.818685,-0.003457,-0.007452,-0.002308
2367460490.000,Miguel,recording,knock_twice_right,17,-0.009313,6.992870,6.816475,0.002677,0.000969,0.000267
2367460500.000,Miguel,recording,knock_twice_right,17,0.046762,6.982670,6.791539,0.006648,0.007720,-0.001881
2367460510.000,Miguel,recording,knock_twice_right,17,0.047964,6.981424,6.766401,0.006916,0.010144,-0.008251
2367460520.000,Miguel,recording,knock_twice_right,17,0.030636,6.993746,6.766568,0.004593,0.007325,-0.015370
2367460530.000,Miguel,recording,knock_twice_right,17,-0.012006,6.988910,6.793539,0.002558,0.000351,-0.019504
2367460540.000,Miguel,recording,knock_twice_right,17,-0.058066,7.028363,6.778048,0.001656,-0.007042,-0.018660
2367460550.000,Miguel,recording,knock_twice_right,17,-0.094698,7.050891,6.740824,-0.000139,-0.010412,-0.013164
2367460560.000,Miguel,recording,knock_twice_right,17,-0.106038,7.055755,6.728611,-0.004198,-0.007738,-0.006147
2367460570.000,Miguel,recording,knock_twice_right,17,-0.077378,7.074806,6.718102,-0.008441,-0.002817,0.001438
2367460580.000,Miguel,recording,knock_twice_right,17,-0.032084,7.051879,6.725479,-0.011547,0.002086,0.007514
2367460590.000,Miguel,recording,knock_twice_right,17,0.020655,7.017290,6.755033,-0.012630,0.005774,0.010809
2367460600.000,Miguel,recording,knock_twice_right,17,0.035316,6.964227,6.805409,-0.011587,0.005962,0.010186
2367460610.000,Miguel,recording,knock_twice_right,17,0.050282,6.945622,6.817887,-0.009885,0.006207,0.007147
2367460620.000,Miguel,recording,knock_twice_right,17,0.067339,6.934211,6.830807,-0.007628,0.007190,0.003934
2367460630.000,Miguel,recording,knock_twice_right,17,0.082002,6.940093,6.820230,-0.004845,0.007678,-0.000412
2367460640.000,Miguel,recording,knock_twice_right,17,0.091571,6.948071,6.815970,-0.003264,0.008162,-0.004191
2367460650.000,Miguel,recording,knock_twice_right,17,0.084551,6.965739,6.821836,-0.004341,0.006364,-0.005590
2367460660.000,Miguel,recording,knock_twice_right,17,0.103137,6.982872,6.867896,-0.006369,0.002550,-0.007864
2367460670.000,Miguel,recording,knock_twice_right,17,-0.077828,7.129545,6.832972,0.003066,0.093285,-0.098604
2367460680.000,Miguel,recording,knock_twice_right,17,-0.764327,7.203219,6.483423,0.010740,0.153998,-0.149243
2367460690.000,Miguel,recording,knock_twice_right,17,-1.002862,6.973972,6.430237,0.010099,0.088447,-0.070286
2367460700.000,Miguel,recording,knock_twice_right,17,-0.464286,7.538255,6.909838,0.000805,0.038919,-0.015698
2367460710.000,Miguel,recording,knock_twice_right,17,-0.423759,7.356934,6.612743,-0.021718,-0.019567,0.024502
2367460720.000,Miguel,recording,knock_twice_right,17,-0.487376,7.222064,6.701328,-0.044664,-0.081465,0.104282
2367460730.000,Miguel,recording,knock_twice_right,17,-0.121446,7.132927,6.752006,-0.055985,-0.087569,0.204889
2367460740.000,Miguel,recording,knock_twice_right,17,0.442256,7.052710,7.031853,-0.048818,-0.040303,0.245770
2367460750.000,Miguel,recording,knock_twice_right,17,0.887338,6.561980,7.111368,-0.035851,0.024055,0.196232
2367460760.000,Miguel,recording,knock_twice_right,17,0.978491,6.329494,7.177456,-0.017031,0.071347,0.106440
2367460770.000,Miguel,recording,knock_twice_right,17,0.848831,6.493336,7.364412,0.012603,0.090154,0.023304
2367460780.000,Miguel,recording,knock_twice_right,17,0.506959,6.763934,7.343897,0.041039,0.071602,-0.033339
2367460790.000,Miguel,recording,knock_twice_right,17,0.069394,6.934292,7.150466,0.053064,0.016563,-0.052938
2367460800.000,Miguel,recording,knock_twice_right,17,-0.107604,7.013231,6.889940,0.045729,-0.046400,-0.032392
2367460810.000,Miguel,recording,knock_twice_right,17,0.095571,7.082174,6.711900,0.027467,-0.082592,0.005705
2367460820.000,Miguel,recording,knock_twice_right,17,0.434977,7.048758,6.649788,0.009204,-0.082954,0.025732
2367460830.000,Miguel,recording,knock_twice_right,17,0.672759,6.900410,6.722341,0.001459,-0.057144,0.008617
2367460840.000,Miguel,recording,knock_twice_right,17,0.560699,6.822456,6.801431,0.013987,0.057979,-0.114890
2367460850.000,Miguel,recording,knock_twice_right,17,-0.247743,6.862337,6.533756,0.037571,0.144280,-0.205118
2367460860.000,Miguel,recording,knock_twice_right,17,-0.981305,6.913732,6.425024,0.061462,0.109562,-0.145066
2367460870.000,Miguel,recording,knock_twice_right,17,-0.751591,7.473450,6.760638,0.068001,0.060178,-0.067276
2367460880.000,Miguel,recording,knock_twice_right,17,-0.723575,7.344389,6.325106,0.042801,-0.019514,0.003704
2367460890.000,Miguel,recording,knock_twice_right,17,-0.603958,7.206337,6.281580,-0.003789,-0.107768,0.090191
2367460900.000,Miguel,recording,knock_twice_right,17,-0.079603,7.084390,6.381441,-0.048693,-0.137340,0.156985
2367460910.000,Miguel,recording,knock_twice_right,17,0.493397,7.033772,6.695901,-0.068196,-0.099197,0.159990
2367460920.000,Miguel,recording,knock_twice_right,17,0.693334,6.810401,6.882773,-0.061899,-0.025676,0.107607
2367460930.000,Miguel,recording,knock_twice_right,17,0.589443,6.676527,7.048290,-0.036631,0.045266,0.041689
2367460940.000,Miguel,recording,knock_twice_right,17,0.314952,6.821755,7.220853,-0.000116,0.091053,-0.003818
2367460950.000,Miguel,recording,knock_twice_right,17,0.028853,7.017687,7.169468,0.030570,0.093582,-0.017943
2367460960.000,Miguel,recording,knock_twice_right,17,-0.177671,7.092444,6.972474,0.038816,0.051376,-0.005806
2367460970.000,Miguel,recording,knock_twice_right,17,-0.139918,7.082409,6.760984,0.022582,-0.007753,0.019218
2367460980.000,Miguel,recording,knock_twice_right,17,0.061430,7.069149,6.703018,-0.006583,-0.051524,0.040922
2367460990.000,Miguel,recording,knock_twice_right,17,0.343956,7.022313,6.777705,-0.029898,-0.066482,0.043732
2367461000.000,Miguel,recording,knock_twice_right,17,0.493237,6.927415,6.943011,-0.031880,-0.053951,0.024573
2367461010.000,Miguel,recording,knock_twice_right,17,0.452065,6.863212,7.047587,-0.014570,-0.023766,-0.006419
2367461020.000,Miguel,recording,knock_twice_right,17,0.295327,6.882371,7.057340,0.011399,0.007711,-0.034869
2367461030.000,Miguel,recording,knock_twice_right,17,0.101989,6.933165,7.005881,0.036865,0.024693,-0.051203
2367461040.000,Miguel,recording,knock_twice_right,17,-0.054241,6.967020,6.886694,0.050759,0.023463,-0.054689
2367461050.000,Miguel,recording,knock_twice_right,17,-0.118578,7.013621,6.748367,0.050269,0.008600,-0.050302
2367461060.000,Miguel,recording,knock_twice_right,17,-0.126413,7.027447,6.654611,0.039940,-0.012567,-0.042510
2367461070.000,Miguel,recording,knock_twice_right,17,-0.126179,7.022927,6.614999,0.025608,-0.030836,-0.035951
2367461080.000,Miguel,recording,knock_twice_right,17,-0.145298,7.021496,6.624738,0.015747,-0.040496,-0.030983
2367461090.000,Miguel,recording,knock_twice_right,17,-0.170335,7.061030,6.655294,0.015197,-0.037900,-0.022711
2367461100.000,Miguel,recording,knock_twice_right,17,-0.166809,7.074376,6.614310,0.020528,-0.025250,-0.010398
2367461110.000,Miguel,recording,knock_twice_right,17,-0.116618,7.096388,6.528591,0.024628,-0.010129,0.001728
2367461120.000,Miguel,recording,knock_twice_right,17,-0.058317,7.096243,6.426153,0.019474,0.003767,0.011295
2367461130.000,Miguel,recording,knock_twice_right,17,-0.019435,7.075738,6.336907,0.001430,0.015268,0.016715
2367461140.000,Miguel,recording,knock_twice_right,17,0.026172,7.036675,6.371549,-0.025535,0.023330,0.016436
2367461150.000,Miguel,recording,knock_twice_right,17,0.049350,7.007939,6.520641,-0.053216,0.026571,0.011158
2367461160.000,Miguel,recording,knock_twice_right,17,0.004959,6.962242,6.771283,-0.071350,0.022379,0.004797
2367461170.000,Miguel,recording,knock_twice_right,17,-0.034042,6.947383,6.970020,-0.072590,0.014091,0.000709
2367461180.000,Miguel,recording,knock_twice_right,17,-0.014597,6.948213,7.090666,-0.059170,0.004958,-0.001327
2367461190.000,Miguel,recording,knock_twice_right,17,0.037888,6.952772,7.134457,-0.036598,-0.002687,-0.003930
2367461200.000,Miguel,recording,knock_twice_right,17,0.078614,6.966543,7.098750,-0.011202,-0.007570,-0.010342
2367461210.000,Miguel,recording,knock_twice_right,17,0.078684,6.999873,6.992506,0.009426,-0.007655,-0.019798
2367461220.000,Miguel,recording,knock_twice_right,17,0.021454,7.065976,6.884813,0.021543,-0.001151,-0.026833
2367461230.000,Miguel,recording,knock_twice_right,17,-0.059795,7.114252,6.816528,0.025296,0.006397,-0.025019
2367461240.000,Miguel,recording,knock_twice_right,17,-0.127769,7.121961,6.745333,0.022929,0.009592,-0.013992
2367461250.000,Miguel,recording,knock_twice_right,17,-0.119145,7.099727,6.707460,0.016133,0.008547,0.000925
2367461260.000,Miguel,recording,knock_twice_right,17,-0.035641,7.046097,6.686433,0.006499,0.005600,0.014224
2367461270.000,Miguel,recording,knock_twice_right,17,0.053837,6.975147,6.664199,-0.004641,0.002446,0.019641
2367461280.000,Miguel,recording,knock_twice_right,17,0.127773,6.914360,6.681696,-0.014987,-0.000713,0.015159
2367461290.000,Miguel,recording,knock_twice_right,17,0.139275,6.877787,6.720921,-0.021412,-0.002448,0.006350
2367461300.000,Miguel,recording,knock_twice_right,17,0.138725,6.874533,6.801084,-0.020146,-0.001448,-0.000395
2367461310.000,Miguel,recording,knock_twice_right,17,0.199260,6.884475,6.859747,-0.009719,0.001119,-0.003677
2367461320.000,Miguel,recording,knock_twice_right,17,0.250646,6.892409,6.772825,0.002334,0.002943,-0.009092
2367461330.000,Miguel,recording,knock_twice_right,17,0.282786,6.901862,6.634190,0.005846,0.001138,-0.019766
2367461340.000,Miguel,recording,knock_twice_right,17,0.287774,6.900561,6.533827,-0.003297,-0.005036,-0.031205
2367461350.000,Miguel,recording,knock_twice_right,17,0.289223,6.879789,6.520410,-0.020129,-0.013804,-0.040498
2367461360.000,Miguel,recording,knock_twice_right,17,0.294651,6.871435,6.561018,-0.035597,-0.019353,-0.050150
2367461370.000,Miguel,recording,knock_twice_right,17,0.302920,6.842025,6.590541,-0.045770,-0.015954,-0.063244
2367461380.000,Miguel,recording,knock_twice_right,17,0.260966,6.826700,6.606851,-0.053091,-0.005370,-0.080949
2367461390.000,Miguel,recording,knock_twice_right,17,0.151342,6.868994,6.655042,-0.063280,0.001163,-0.099320
2367461400.000,Miguel,recording,knock_twice_right,17,-0.011372,6.943501,6.732928,-0.079333,-0.006144,-0.109753
2367461410.000,Miguel,recording,knock_twice_right,17,-0.130006,7.006152,6.858987,-0.095001,-0.026255,-0.108408
2367461420.000,Miguel,recording,knock_twice_right,17,-0.198580,7.079903,7.046103,-0.100960,-0.052111,-0.095466
2367461430.000,Miguel,recording,knock_twice_right,17,-0.218363,7.128378,7.125013,-0.094319,-0.074238,-0.072922
2367461440.000,Miguel,recording,knock_twice_right,17,-0.188008,7.122424,7.131358,-0.077201,-0.079547,-0.044053
2367461450.000,Miguel,recording,knock_twice_right,17,-0.064723,7.075698,7.051581,-0.058009,-0.056120,-0.019636
2367461460.000,Miguel,recording,knock_twice_right,17,0.019715,7.061271,7.059399,-0.041664,-0.012757,-0.008993
2367461470.000,Miguel,recording,knock_twice_right,17,0.046098,7.030266,7.137779,-0.023911,0.025678,-0.010745
2367461480.000,Miguel,recording,knock_twice_right,18,0.003439,6.994557,7.210223,-0.005045,0.042970,-0.019837
2367461490.000,Miguel,recording,knock_twice_right,18,-0.079485,6.970560,7.197929,0.006794,0.032381,-0.026276
2367461500.000,Miguel,recording,knock_twice_right,18,-0.148720,6.948297,7.115121,0.008435,-0.001008,-0.028502
2367461510.000,Miguel,recording,knock_twice_right,18,-0.160106,6.914162,7.056875,0.003863,-0.040835,-0.030497
2367461520.000,Miguel,recording,knock_twice_right,18,-0.160800,6.893888,7.030194,-0.001615,-0.071937,-0.031433
2367461530.000,Miguel,recording,knock_twice_right,18,-0.126949,6.895035,6.992198,-0.000382,-0.085762,-0.030064
2367461540.000,Miguel,recording,knock_twice_right,18,-0.034768,6.909728,6.971746,0.010582,-0.080687,-0.026750
2367461550.000,Miguel,recording,knock_twice_right,18,0.056682,6.905668,6.880582,0.024059,-0.062028,-0.026907
2367461560.000,Miguel,recording,knock_twice_right,18,0.138423,6.899233,6.730807,0.034061,-0.040575,-0.033488
2367461570.000,Miguel,recording,knock_twice_right,18,0.188034,6.897655,6.580277,0.033832,-0.024628,-0.044560
2367461580.000,Miguel,recording,knock_twice_right,18,0.160810,6.904944,6.494443,0.020897,-0.014109,-0.059606
2367461590.000,Miguel,recording,knock_twice_right,18,0.067710,6.938764,6.520228,0.000038,-0.010082,-0.074727
2367461600.000,Miguel,recording,knock_twice_right,18,-0.056265,6.949214,6.586337,-0.021926,-0.017754,-0.081620
2367461610.000,Miguel,recording,knock_twice_right,18,-0.133253,6.968039,6.682525,-0.037171,-0.031563,-0.078362
2367461620.000,Miguel,recording,knock_twice_right,18,-0.139717,6.966352,6.740594,-0.043866,-0.041539,-0.066935
2367461630.000,Miguel,recording,knock_twice_right,18,-0.117437,6.946961,6.752954,-0.044558,-0.045924,-0.053305
2367461640.000,Miguel,recording,knock_twice_right,18,-0.059300,6.950781,6.741589,-0.040898,-0.043949,-0.046442
2367461650.000,Miguel,recording,knock_twice_right,18,-0.027133,6.948372,6.706869,-0.037907,-0.035871,-0.045616
2367461660.000,Miguel,recording,knock_twice_right,18,-0.013991,6.970998,6.705778,-0.033986,-0.022679,-0.046627
2367461670.000,Miguel,recording,knock_twice_right,18,-0.002982,6.986167,6.713424,-0.024631,0.000865,-0.048018
2367461680.000,Miguel,recording,knock_twice_right,18,-0.037366,6.966121,6.729077,-0.012325,0.041530,-0.047497
2367461690.000,Miguel,recording,knock_twice_right,18,-0.052072,6.953095,6.759233,0.000318,0.089421,-0.044000
2367461700.000,Miguel,recording,knock_twice_right,18,-0.053243,6.988940,6.788456,0.005248,0.115002,-0.038233
2367461710.000,Miguel,recording,knock_twice_right,18,-0.074432,6.945938,6.746793,-0.009012,0.097976,-0.034952
2367461720.000,Miguel,recording,knock_twice_right,18,-0.129827,6.912674,6.741959,-0.043483,0.044251,-0.038183
2367461730.000,Miguel,recording,knock_twice_right,18,-0.145115,6.889186,6.822670,-0.082556,-0.021843,-0.044259
2367461740.000,Miguel,recording,knock_twice_right,18,-0.132306,6.943698,6.971325,-0.108911,-0.073827,-0.047120
2367461750.000,Miguel,recording,knock_twice_right,18,-0.128038,6.986324,7.110862,-0.113755,-0.095786,-0.045974
2367461760.000,Miguel,recording,knock_twice_right,18,-0.115138,7.014652,7.246390,-0.094305,-0.081193,-0.044443
2367461770.000,Miguel,recording,knock_twice_right,18,-0.142246,6.993375,7.301033,-0.056429,-0.036968,-0.040252
2367461780.000,Miguel,recording,knock_twice_right,18,-0.181437,6.972244,7.286355,-0.013856,0.014690,-0.033037
2367461790.000,Miguel,recording,knock_twice_right,18,-0.203369,6.986514,7.239701,0.022470,0.054990,-0.027885
2367461800.000,Miguel,recording,knock_twice_right,18,-0.268325,6.973824,7.156855,0.045452,0.073179,-0.025041
2367461810.000,Miguel,recording,knock_twice_right,18,-0.324109,6.964212,7.054536,0.050783,0.064133,-0.020373
2367461820.000,Miguel,recording,knock_twice_right,18,-0.323568,6.940640,6.978182,0.043284,0.036686,-0.014098
2367461830.000,Miguel,recording,knock_twice_right,18,-0.266632,6.946133,6.953592,0.030416,0.004663,-0.011179
2367461840.000,Miguel,recording,knock_twice_right,18,-0.233064,6.929976,6.946922,0.017423,-0.022798,-0.012016
2367461850.000,Miguel,recording,knock_twice_right,18,-0.230423,6.923294,6.957365,0.009173,-0.038318,-0.013696
2367461860.000,Miguel,recording,knock_twice_right,18,-0.184160,6.975577,6.991141,0.009077,-0.041179,-0.015056
2367461870.000,Miguel,recording,knock_twice_right,18,-0.148273,7.010836,6.988382,0.018610,-0.033894,-0.015966
2367461880.000,Miguel,recording,knock_twice_right,18,-0.153125,7.049197,6.940468,0.031151,-0.018327,-0.016359
2367461890.000,Miguel,recording,knock_twice_right,18,-0.205291,7.053068,6.862109,0.039862,-0.000798,-0.015365
2367461900.000,Miguel,recording,knock_twice_right,18,-0.262734,7.062048,6.789776,0.041073,0.012178,-0.010219
2367461910.000,Miguel,recording,knock_twice_right,18,-0.294319,7.043620,6.790396,0.035539,0.015884,-0.000194
2367461920.000,Miguel,recording,knock_twice_right,18,-0.292489,6.988565,6.812705,0.030440,0.011138,0.013249
2367461930.000,Miguel,recording,knock_twice_right,18,-0.256671,6.953085,6.827542,0.028437,0.002862,0.025592
2367461940.000,Miguel,recording,knock_twice_right,18,-0.179563,6.930835,6.809563,0.028244,-0.004201,0.032900
2367461950.000,Miguel,recording,knock_twice_right,18,-0.119251,6.926496,6.794506,0.029359,-0.005917,0.035458
2367461960.000,Miguel,recording,knock_twice_right,18,-0.060867,6.916071,6.737823,0.031956,-0.003303,0.035000
2367461970.000,Miguel,recording,knock_twice_right,18,-0.026820,6.948630,6.671977,0.031736,0.001503,0.032079
2367461980.000,Miguel,recording,knock_twice_right,18,-0.025715,6.965507,6.628195,0.025459,0.009851,0.027180
2367461990.000,Miguel,recording,knock_twice_right,18,-0.059448,6.996222,6.649129,0.014527,0.021034,0.023718
2367462000.000,Miguel,recording,knock_twice_right,18,-0.075657,7.001110,6.724793,0.006191,0.030002,0.023648
2367462010.000,Miguel,recording,knock_twice_right,18,-0.078798,6.983519,6.820233,0.004812,0.031983,0.027217
2367462020.000,Miguel,recording,knock_twice_right,18,-0.057658,6.960594,6.856358,0.005339,0.027971,0.032450
2367462030.000,Miguel,recording,knock_twice_right,18,-0.027428,6.918090,6.850233,0.003602,0.020430,0.036353
2367462040.000,Miguel,recording,knock_twice_right,18,0.026116,6.874510,6.821603,-0.000159,0.011636,0.034319
2367462050.000,Miguel,recording,knock_twice_right,18,0.082309,6.851448,6.811862,-0.003415,0.006142,0.026205
2367462060.000,Miguel,recording,knock_twice_right,18,0.101556,6.865101,6.818673,-0.005442,0.005803,0.016479
2367462070.000,Miguel,recording,knock_twice_right,18,0.093521,6.900665,6.845716,-0.006610,0.009602,0.007645
2367462080.000,Miguel,recording,knock_twice_right,18,0.066775,6.905547,6.870952,-0.003936,0.018151,0.001635
2367462090.000,Miguel,recording,knock_twice_right,18,0.052911,6.909131,6.911885,0.001770,0.026865,-0.002430
2367462100.000,Miguel,recording,knock_twice_right,18,0.025804,6.903337,6.918671,0.005643,0.028521,-0.005668
2367462110.000,Miguel,recording,knock_twice_right,18,0.007289,6.914385,6.887313,0.005312,0.022322,-0.007693
2367462120.000,Miguel,recording,knock_twice_right,18,-0.007711,6.921127,6.899943,0.000089,0.012552,-0.008861
2367462130.000,Miguel,recording,knock_twice_right,18,-0.010404,6.921385,6.916805,-0.004525,0.004196,-0.010233
2367462140.000,Miguel,recording,knock_twice_right,18,-0.067384,6.913394,6.937274,-0.003977,0.001334,-0.011149
2367462150.000,Miguel,recording,knock_twice_right,18,-0.113540,6.888644,6.963148,0.001385,0.001966,-0.010695
2367462160.000,Miguel,recording,knock_twice_right,18,-0.106883,6.900811,6.946292,0.010086,0.001530,-0.009271
2367462170.000,Miguel,recording,knock_twice_right,18,-0.076410,6.939483,6.887020,0.017075,0.000124,-0.010601
2367462180.000,Miguel,recording,knock_twice_right,18,-0.063780,6.956415,6.795608,0.018749,-0.002287,-0.014508
2367462190.000,Miguel,recording,knock_twice_right,18,-0.088978,6.967713,6.740362,0.013221,-0.007773,-0.018131
2367462200.000,Miguel,recording,knock_twice_right,18,-0.126434,6.955346,6.704914,0.001737,-0.013868,-0.020637
2367462210.000,Miguel,recording,knock_twice_right,18,-0.116503,6.918063,6.727806,-0.008925,-0.016380,-0.020855
2367462220.000,Miguel,recording,knock_twice_right,18,-0.093897,6.920087,6.749621,-0.016924,-0.015940,-0.020873
2367462230.000,Miguel,recording,knock_twice_right,18,-0.085133,6.930268,6.811157,-0.022484,-0.010702,-0.024632
2367462240.000,Miguel,recording,knock_twice_right,18,-0.112682,6.931813,6.915799,-0.021766,-0.001465,-0.030556
2367462250.000,Miguel,recording,knock_twice_right,18,-0.134054,6.934387,6.994624,-0.011921,0.008947,-0.035081
2367462260.000,Miguel,recording,knock_twice_right,18,-0.182853,6.956945,7.032119,0.003329,0.018669,-0.037654
2367462270.000,Miguel,recording,knock_twice_right,18,-0.242335,6.980066,7.016820,0.018298,0.026546,-0.037888
2367462280.000,Miguel,recording,knock_twice_right,18,-0.324388,7.013955,6.976152,0.029446,0.029783,-0.032694
2367462290.000,Miguel,recording,knock_twice_right,18,-0.364844,7.048004,6.949865,0.034381,0.026150,-0.020562
2367462300.000,Miguel,recording,knock_twice_right,18,-0.364279,7.079000,6.896643,0.033790,0.016138,-0.006943
2367462310.000,Miguel,recording,knock_twice_right,18,-0.307827,7.086626,6.819257,0.027226,0.000336,0.005367
2367462320.000,Miguel,recording,knock_twice_right,18,-0.247293,7.091767,6.750405,0.014177,-0.014334,0.015278
2367462330.000,Miguel,recording,knock_twice_right,18,-0.185819,7.085459,6.750660,-0.000698,-0.023274,0.020569
2367462340.000,Miguel,recording,knock_twice_right,18,-0.128575,7.058124,6.818733,-0.010158,-0.026267,0.021650
2367462350.000,Miguel,recording,knock_twice_right,18,-0.096254,7.017279,6.880347,-0.010189,-0.023055,0.021408
2367462360.000,Miguel,recording,knock_twice_right,18,-0.089279,6.991460,6.903838,-0.004638,-0.015578,0.020677
2367462370.000,Miguel,recording,knock_twice_right,18,-0.086999,6.981943,6.892347,0.002436,-0.007375,0.019173
2367462380.000,Miguel,recording,knock_twice_right,18,-0.089918,6.966482,6.896428,0.009465,-0.001296,0.019617
2367462390.000,Miguel,recording,knock_twice_right,18,-0.101456,6.940787,6.894084,0.016145,0.003403,0.020182
2367462400.000,Miguel,recording,knock_twice_right,18,-0.067039,6.938152,6.884176,0.022651,0.006650,0.019285
2367462410.000,Miguel,recording,knock_twice_right,18,-0.020787,6.943182,6.847668,0.026777,0.007215,0.016208
2367462420.000,Miguel,recording,knock_twice_right,18,-0.010064,6.926135,6.790159,0.029136,0.006795,0.010098
2367462430.000,Miguel,recording,knock_twice_right,18,-0.041674,6.918966,6.729726,0.027834,0.006850,0.004000
2367462440.000,Miguel,recording,knock_twice_right,18,-0.068485,6.929258,6.706025,0.021014,0.006619,0.000948
2367462450.000,Miguel,recording,knock_twice_right,18,-0.101670,6.964950,6.700005,0.012200,0.004471,0.000540
2367462460.000,Miguel,recording,knock_twice_right,18,-0.103040,6.964793,6.717109,0.002895,-0.000041,0.001611
2367462470.000,Miguel,recording,knock_twice_right,18,-0.109089,6.975529,6.722298,-0.006843,-0.004514,0.005036
2367462480.000,Miguel,recording,knock_twice_right,18,-0.104557,6.954505,6.777249,-0.013338,-0.006838,0.009306
2367462490.000,Miguel,recording,knock_twice_right,18,-0.067352,6.925702,6.822449,-0.014721,-0.006952,0.013011
2367462500.000,Miguel,recording,knock_twice_right,18,-0.043025,6.914557,6.836716,-0.012546,-0.002853,0.013813
2367462510.000,Miguel,recording,knock_twice_right,18,-0.025660,6.918557,6.850214,-0.009989,0.004653,0.011459
2367462520.000,Miguel,recording,knock_twice_right,18,-0.039415,6.914118,6.876025,-0.006784,0.010247,0.007946
2367462530.000,Miguel,recording,knock_twice_right,18,-0.048959,6.905511,6.906972,-0.002113,0.011546,0.003711
2367462540.000,Miguel,recording,knock_twice_right,18,-0.073581,6.903214,6.913383,0.002383,0.010233,-0.000263
2367462550.000,Miguel,recording,knock_twice_right,18,-0.096275,6.924384,6.940219,0.007315,0.008091,-0.003520
2367462560.000,Miguel,recording,knock_twice_right,18,-0.127950,6.949697,6.966467,0.012769,0.005364,-0.004107
2367462570.000,Miguel,recording,knock_twice_right,18,-0.147535,6.965504,6.945710,0.017595,0.001198,-0.001082
2367462580.000,Miguel,recording,knock_twice_right,18,-0.136941,6.994756,6.902582,0.018330,-0.003639,0.002443
2367462590.000,Miguel,recording,knock_twice_right,18,-0.113390,7.011885,6.880387,0.015019,-0.009342,0.003492
2367462600.000,Miguel,recording,knock_twice_right,18,-0.083009,6.982282,6.877316,0.010172,-0.017485,0.001546
2367462610.000,Miguel,recording,knock_twice_right,18,-0.076820,6.939259,6.854981,0.005311,-0.025925,-0.002620
2367462620.000,Miguel,recording,knock_twice_right,18,-0.085703,6.920335,6.871418,0.002794,-0.031239,-0.008086
2367462630.000,Miguel,recording,knock_twice_right,18,-0.093805,6.938268,6.889864,0.004647,-0.031213,-0.011782
2367462640.000,Miguel,recording,knock_twice_right,18,-0.121712,6.939759,6.900801,0.011438,-0.027222,-0.012525
2367462650.000,Miguel,recording,knock_twice_right,18,-0.141367,6.966356,6.868535,0.019078,-0.020353,-0.012454
2367462660.000,Miguel,recording,knock_twice_right,18,-0.155953,7.005555,6.841184,0.024024,-0.011026,-0.011821
2367462670.000,Miguel,recording,knock_twice_right,18,-0.165801,7.037766,6.827840,0.027615,-0.003783,-0.009493
2367462680.000,Miguel,recording,knock_twice_right,18,-0.175644,7.063641,6.829598,0.031250,0.000276,-0.004888
2367462690.000,Miguel,recording,knock_twice_right,18,-0.173349,7.061376,6.804184,0.033187,0.001729,-0.000104
2367462700.000,Miguel,recording,knock_twice_right,18,-0.161995,7.052647,6.752327,0.031113,-0.000006,0.003239
2367462710.000,Miguel,recording,knock_twice_right,18,-0.148663,7.035022,6.703256,0.025089,-0.002957,0.005283
2367462720.000,Miguel,recording,knock_twice_right,18,-0.133612,7.008746,6.701091,0.017281,-0.007225,0.006469
2367462730.000,Miguel,recording,knock_twice_right,18,-0.138715,6.974776,6.705059,0.010172,-0.010966,0.008417
2367462740.000,Miguel,recording,knock_twice_right,18,-0.130834,6.991613,6.701285,0.004657,-0.011787,0.010778
2367462750.000,Miguel,recording,knock_twice_right,18,-0.118997,7.007063,6.718823,0.001328,-0.010298,0.011874
2367462760.000,Miguel,recording,knock_twice_right,18,-0.126682,7.022882,6.777838,0.000761,-0.007519,0.014066
2367462770.000,Miguel,recording,knock_twice_right,18,-0.107643,7.021786,6.811270,0.003212,-0.004752,0.017138
2367462780.000,Miguel,recording,knock_twice_right,18,-0.085889,7.026204,6.796006,0.005885,-0.001178,0.019144
2367462790.000,Miguel,recording,knock_twice_right,18,-0.059785,7.002165,6.782313,0.005373,0.002501,0.018280
2367462800.000,Miguel,recording,knock_twice_right,18,-0.050184,6.993214,6.779447,0.003563,0.002746,0.015468
2367462810.000,Miguel,recording,knock_twice_right,18,-0.057126,6.978779,6.793025,0.004139,-0.001609,0.014963
2367462820.000,Miguel,recording,knock_twice_right,18,-0.063697,6.979018,6.761254,0.006541,-0.006980,0.015132
2367462830.000,Miguel,recording,knock_twice_right,18,-0.052863,7.002737,6.715340,0.004516,-0.008570,0.014078
2367462840.000,Miguel,recording,knock_twice_right,18,-0.053886,7.016477,6.679964,-0.004100,-0.005684,0.014124
2367462850.000,Miguel,recording,knock_twice_right,18,-0.076896,7.013351,6.706799,-0.014096,-0.003316,0.014473
2367462860.000,Miguel,recording,knock_twice_right,18,-0.092336,6.962497,6.808697,-0.019849,-0.004883,0.014360
2367462870.000,Miguel,recording,knock_twice_right,18,-0.114003,6.955059,6.859428,-0.019403,-0.010097,0.014858
2367462880.000,Miguel,recording,knock_twice_right,18,-0.114836,6.960731,6.867655,-0.015771,-0.016364,0.015705
2367462890.000,Miguel,recording,knock_twice_right,18,-0.082068,6.944332,6.874639,-0.009946,-0.018398,0.016673
2367462900.000,Miguel,recording,knock_twice_right,18,-0.061213,6.939098,6.873548,-0.001719,-0.012779,0.016547
2367462910.000,Miguel,recording,knock_twice_right,18,-0.048540,6.950835,6.857641,0.007031,-0.000675,0.015281
2367462920.000,Miguel,recording,knock_twice_right,18,-0.060294,6.982847,6.825744,0.012788,0.012329,0.014080
2367462930.000,Miguel,recording,knock_twice_right,18,-0.063260,7.030313,6.803326,0.012112,0.019738,0.013836
2367462940.000,Miguel,recording,knock_twice_right,18,-0.054739,7.030379,6.812771,0.007498,0.016510,0.015774
2367462950.000,Miguel,recording,knock_twice_right,18,-0.044071,6.991672,6.822914,0.002929,0.004793,0.017919
2367462960.000,Miguel,recording,knock_twice_right,18,-0.051657,6.991382,6.819565,-0.000282,-0.009248,0.016580
2367462970.000,Miguel,recording,knock_twice_right,18,-0.059812,6.982784,6.817056,-0.004011,-0.020655,0.013787
2367462980.000,Miguel,recording,knock_twice_right,18,-0.085439,6.979462,6.811940,-0.008342,-0.025747,0.013048
2367462990.000,Miguel,recording,knock_twice_right,18,-0.082034,6.969872,6.821108,-0.009189,-0.024640,0.013674
2367463000.000,Miguel,recording,knock_twice_right,18,-0.052755,6.963056,6.832511,-0.006530,-0.017533,0.014583
2367463010.000,Miguel,recording,knock_twice_right,18,-0.041172,6.949560,6.891319,0.001728,-0.005382,0.010663
2367463020.000,Miguel,recording,knock_twice_right,18,-0.093063,6.970713,6.908424,0.013542,0.006129,0.004333
2367463030.000,Miguel,recording,knock_twice_right,18,-0.173678,7.048543,6.820730,0.020520,0.010476,0.006857
2367463040.000,Miguel,recording,knock_twice_right,18,-0.172379,7.100605,6.735881,0.019435,0.009267,0.018795
2367463050.000,Miguel,recording,knock_twice_right,18,-0.139478,7.119086,6.715990,0.012842,0.007945,0.030399
2367463060.000,Miguel,recording,knock_twice_right,18,-0.124924,7.081329,6.715076,0.003553,0.008796,0.037376
2367463070.000,Miguel,recording,knock_twice_right,18,-0.137445,7.043955,6.751586,-0.007700,0.011874,0.043283
2367463080.000,Miguel,recording,knock_twice_right,18,-0.084723,7.004011,6.871506,-0.014078,0.015106,0.047962
2367463090.000,Miguel,recording,knock_twice_right,18,-0.034812,6.967301,6.997360,-0.009840,0.016000,0.046587
2367463100.000,Miguel,recording,knock_twice_right,18,-0.048834,6.942252,7.028677,0.001466,0.012843,0.041661
2367463110.000,Miguel,recording,knock_twice_right,18,-0.062975,6.949639,6.983073,0.014118,0.006600,0.037547
2367463120.000,Miguel,recording,knock_twice_right,18,-0.002269,6.974132,6.945360,0.025722,0.002778,0.031374
2367463130.000,Miguel,recording,knock_twice_right,18,-0.003118,6.986905,6.864008,0.032123,0.003454,0.024140
2367463140.000,Miguel,recording,knock_twice_right,18,-0.034393,6.996463,6.785148,0.032524,0.003943,0.019050
2367463150.000,Miguel,recording,knock_twice_right,18,-0.033752,6.996093,6.795483,0.032484,0.005307,0.016529
2367463160.000,Miguel,recording,knock_twice_right,18,-0.010014,6.999510,6.808717,0.034192,0.010577,0.013746
2367463170.000,Miguel,recording,knock_twice_right,18,-0.051504,7.011010,6.762632,0.035052,0.017204,0.011878
2367463180.000,Miguel,recording,knock_twice_right,18,-0.095151,7.057392,6.720289,0.033085,0.021141,0.012800
2367463190.000,Miguel,recording,knock_twice_right,18,-0.096137,7.105162,6.757900,0.029765,0.019068,0.014209
2367463200.000,Miguel,recording,knock_twice_right,18,-0.124093,7.121286,6.745998,0.025881,0.010359,0.019766
2367463210.000,Miguel,recording,knock_twice_right,18,-0.139436,7.100498,6.692203,0.019172,-0.001099,0.030577
2367463220.000,Miguel,recording,knock_twice_right,18,-0.111696,7.106353,6.694860,0.010785,-0.008729,0.041499
2367463230.000,Miguel,recording,knock_twice_right,18,-0.041684,7.068242,6.732561,0.005161,-0.009737,0.050535
2367463240.000,Miguel,recording,knock_twice_right,18,0.029568,7.009820,6.797915,0.005608,-0.005025,0.055147
2367463250.000,Miguel,recording,knock_twice_right,18,0.068067,6.978563,6.837255,0.013285,0.005420,0.051600
2367463260.000,Miguel,recording,knock_twice_right,18,0.061604,6.981768,6.791257,0.021991,0.017081,0.044143
2367463270.000,Miguel,recording,knock_twice_right,18,0.039793,6.980367,6.719370,0.025970,0.022142,0.038873
2367463280.000,Miguel,recording,knock_twice_right,18,0.043993,6.975972,6.679673,0.024716,0.019844,0.036867
2367463290.000,Miguel,recording,knock_twice_right,18,0.047618,6.947328,6.624345,0.017859,0.012724,0.035491
2367463300.000,Miguel,recording,knock_twice_right,18,0.091042,6.944305,6.590724,0.007858,0.005539,0.031700
2367463310.000,Miguel,recording,knock_twice_right,18,0.155924,6.947318,6.594498,-0.001140,0.003420,0.024952
2367463320.000,Miguel,recording,knock_twice_right,18,0.166607,6.967562,6.653052,-0.006074,0.009613,0.015970
2367463330.000,Miguel,recording,knock_twice_right,18,0.115090,6.952583,6.743346,-0.005274,0.019995,0.007734
2367463340.000,Miguel,recording,knock_twice_right,18,0.050665,6.970054,6.782165,-0.000065,0.027480,0.002270
2367463350.000,Miguel,recording,knock_twice_right,18,0.001993,7.006436,6.785832,0.005374,0.029314,0.001625
2367463360.000,Miguel,recording,knock_twice_right,18,0.001098,7.043933,6.768398,0.008436,0.025892,0.005571
2367463370.000,Miguel,recording,knock_twice_right,18,0.018347,7.058060,6.721786,0.007123,0.016886,0.011882
2367463380.000,Miguel,recording,knock_twice_right,18,0.060985,7.039661,6.685930,0.002312,0.005922,0.016888
2367463390.000,Miguel,recording,knock_twice_right,18,0.113933,7.036877,6.698448,-0.002608,0.001138,0.015345
2367463400.000,Miguel,recording,knock_twice_right,18,0.107348,7.029296,6.702879,-0.008040,0.002384,0.010034
2367463410.000,Miguel,recording,knock_twice_right,18,0.074926,7.023774,6.718424,-0.012273,0.005793,0.008045
2367463420.000,Miguel,recording,knock_twice_right,18,0.033905,7.033264,6.760412,-0.014442,0.007994,0.010769
2367463430.000,Miguel,recording,knock_twice_right,18,0.017324,7.011061,6.788748,-0.015648,0.006921,0.016243
2367463440.000,Miguel,recording,knock_twice_right,18,0.055755,6.979838,6.804027,-0.015007,0.004280,0.019710
2367463450.000,Miguel,recording,knock_twice_right,18,0.097732,6.951660,6.793504,-0.014636,0.000995,0.018593
2367463460.000,Miguel,recording,knock_twice_right,18,0.123929,6.940889,6.785656,-0.016511,-0.002834,0.015012
2367463470.000,Miguel,recording,knock_twice_right,18,0.158691,6.937605,6.779319,-0.018620,-0.005174,0.009531
2367463480.000,Miguel,recording,knock_twice_right,18,0.153214,6.945848,6.780866,-0.019869,-0.004751,0.002614
2367463490.000,Miguel,recording,knock_twice_right,18,0.124240,6.949238,6.800175,-0.019823,-0.001257,-0.004052
2367463500.000,Miguel,recording,knock_twice_right,18,0.084101,6.941259,6.836809,-0.016579,0.004206,-0.007950
2367463510.000,Miguel,recording,knock_twice_right,18,0.026762,6.948773,6.886742,-0.010048,0.009666,-0.007312
2367463520.000,Miguel,recording,knock_twice_right,18,0.042783,6.973189,6.893174,-0.002313,0.013881,-0.003660
2367463530.000,Miguel,recording,knock_twice_right,18,0.097685,6.979516,6.865312,0.002979,0.015472,-0.003318
2367463540.000,Miguel,recording,knock_twice_right,18,0.130624,6.976999,6.819719,0.003275,0.013491,-0.011423
2367463550.000,Miguel,recording,knock_twice_right,18,0.090918,6.989066,6.818800,-0.000238,0.009845,-0.023838
2367463560.000,Miguel,recording,knock_twice_right,18,-0.000512,7.031724,6.812144,-0.006043,0.005804,-0.033429
2367463570.000,Miguel,recording,knock_twice_right,18,-0.096641,7.055469,6.855667,-0.012541,0.000778,-0.036223
2367463580.000,Miguel,recording,knock_twice_right,18,-0.155247,7.075019,6.932840,-0.015520,-0.006175,-0.031451
2367463590.000,Miguel,recording,knock_twice_right,18,-0.155535,7.060900,6.975600,-0.011825,-0.015215,-0.023482
2367463600.000,Miguel,recording,knock_twice_right,18,-0.111325,7.034337,6.971350,-0.000929,-0.021744,-0.017421
2367463610.000,Miguel,recording,knock_twice_right,18,-0.060951,7.033824,6.909108,0.013017,-0.021423,-0.015603
2367463620.000,Miguel,recording,knock_twice_right,18,-0.053171,7.044659,6.809266,0.024105,-0.018979,-0.018999
2367463630.000,Miguel,recording,knock_twice_right,18,-0.082314,7.065229,6.700416,0.030495,-0.015788,-0.023926
2367463640.000,Miguel,recording,knock_twice_right,18,-0.126842,7.081364,6.623712,0.030629,-0.009951,-0.025067
2367463650.000,Miguel,recording,knock_twice_right,18,-0.151671,7.078505,6.567769,0.024663,-0.003718,-0.020799
2367463660.000,Miguel,recording,knock_twice_right,18,-0.163227,7.058850,6.560307,0.017069,0.003170,-0.012855
2367463670.000,Miguel,recording,knock_twice_right,18,-0.154386,7.033592,6.572648,0.010955,0.011844,-0.005049
2367463680.000,Miguel,recording,knock_twice_right,18,-0.122843,7.016086,6.596310,0.004762,0.018196,-0.000065
2367463690.000,Miguel,recording,knock_twice_right,18,-0.060365,6.990924,6.610180,-0.002395,0.016935,0.001227
2367463700.000,Miguel,recording,knock_twice_right,18,-0.016397,6.984502,6.610376,-0.011796,0.010569,-0.002065
2367463710.000,Miguel,recording,knock_twice_right,18,-0.008696,6.983252,6.634528,-0.023395,0.003125,-0.008098
2367463720.000,Miguel,recording,knock_twice_right,18,-0.008361,7.005369,6.716207,-0.031098,-0.004028,-0.011516
2367463730.000,Miguel,recording,knock_twice_right,18,-0.148117,7.023185,6.742828,-0.020567,0.035766,-0.065604
2367463740.000,Miguel,recording,knock_twice_right,18,-0.653504,7.155228,6.581113,-0.019052,0.079054,-0.094163
2367463750.000,Miguel,recording,knock_twice_right,18,-0.782527,7.242767,6.466887,-0.021997,0.052519,-0.028735
2367463760.000,Miguel,recording,knock_twice_right,18,-0.123112,7.103949,6.812537,-0.016242,0.037783,0.019121
2367463770.000,Miguel,recording,knock_twice_right,18,-0.057151,7.330718,6.731336,-0.023942,0.029779,0.028322
2367463780.000,Miguel,recording,knock_twice_right,18,-0.246119,7.139108,6.807963,-0.038768,-0.010668,0.054447
2367463790.000,Miguel,recording,knock_twice_right,18,-0.196518,7.138924,6.866041,-0.047507,-0.016342,0.107706
2367463800.000,Miguel,recording,knock_twice_right,18,0.125960,7.052071,7.073156,-0.037635,0.023974,0.139739
2367463810.000,Miguel,recording,knock_twice_right,18,0.475664,6.813077,7.102272,-0.022534,0.065003,0.126494
2367463820.000,Miguel,recording,knock_twice_right,18,0.518783,6.668307,7.125419,-0.012606,0.085047,0.088563
2367463830.000,Miguel,recording,knock_twice_right,18,0.540279,6.682592,7.230618,-0.002222,0.080332,0.047519
2367463840.000,Miguel,recording,knock_twice_right,18,0.406782,6.804614,7.243061,0.006300,0.044246,0.013687
2367463850.000,Miguel,recording,knock_twice_right,18,0.219546,6.855447,7.154531,0.008966,-0.013353,-0.007225
2367463860.000,Miguel,recording,knock_twice_right,18,0.105880,6.905986,7.072362,0.011688,-0.062715,-0.012226
2367463870.000,Miguel,recording,knock_twice_right,18,0.178889,6.959707,6.973457,0.018732,-0.081951,-0.006072
2367463880.000,Miguel,recording,knock_twice_right,18,0.355912,6.990069,6.859666,0.027047,-0.069572,-0.001131
2367463890.000,Miguel,recording,knock_twice_right,18,0.459995,6.959451,6.764445,0.035794,-0.039274,-0.006761
2367463900.000,Miguel,recording,knock_twice_right,18,0.430028,6.879834,6.728404,0.045292,-0.007451,-0.023367
2367463910.000,Miguel,recording,knock_twice_right,18,-0.127275,7.008949,6.586353,0.058055,0.088045,-0.097883
2367463920.000,Miguel,recording,knock_twice_right,18,-1.019657,7.292703,6.289638,0.057358,0.136637,-0.115196
2367463930.000,Miguel,recording,knock_twice_right,18,-0.687549,7.209741,6.295259,0.048096,0.074509,-0.025075
2367463940.000,Miguel,recording,knock_twice_right,18,-0.272167,7.261376,6.536773,0.031688,0.040551,0.018011
2367463950.000,Miguel,recording,knock_twice_right,18,0.077874,7.066007,6.355732,-0.002948,-0.001421,0.004398
2367463960.000,Miguel,recording,knock_twice_right,18,-0.152252,6.925071,6.478259,-0.043805,-0.065903,-0.003678
2367463970.000,Miguel,recording,knock_twice_right,18,0.005851,6.944732,6.621228,-0.072208,-0.090164,0.013297
2367463980.000,Miguel,recording,knock_twice_right,18,0.104405,7.054584,6.972373,-0.071341,-0.078378,0.026978
2367463990.000,Miguel,recording,knock_twice_right,18,0.084852,6.953966,7.068118,-0.050968,-0.046489,0.030961
2367464000.000,Miguel,recording,knock_twice_right,18,0.047441,6.895878,7.101321,-0.016079,0.010985,0.030664
2367464010.000,Miguel,recording,knock_twice_right,18,0.190229,6.895759,7.104621,0.023515,0.069491,0.021722
2367464020.000,Miguel,recording,knock_twice_right,18,0.213462,6.975992,6.999434,0.048111,0.095876,0.005719
2367464030.000,Miguel,recording,knock_twice_right,18,0.097742,7.054288,6.875080,0.046842,0.079982,-0.009359
2367464040.000,Miguel,recording,knock_twice_right,18,-0.049209,7.064071,6.814546,0.025584,0.032327,-0.014465
2367464050.000,Miguel,recording,knock_twice_right,18,-0.142104,7.079634,6.845275,-0.000462,-0.024442,-0.007414
2367464060.000,Miguel,recording,knock_twice_right,18,-0.099581,7.057364,6.874170,-0.019732,-0.067996,0.004648
2367464070.000,Miguel,recording,knock_twice_right,18,0.008825,6.979731,6.923826,-0.023612,-0.083262,0.011206
2367464080.000,Miguel,recording,knock_twice_right,18,0.115868,6.894170,6.934552,-0.011464,-0.069736,0.008161
2367464090.000,Miguel,recording,knock_twice_right,18,0.145867,6.861440,6.900706,0.008264,-0.039601,-0.002845
2367464100.000,Miguel,recording,knock_twice_right,18,0.146340,6.890064,6.859477,0.028834,-0.007609,-0.018869
2367464110.000,Miguel,recording,knock_twice_right,18,0.089648,6.960571,6.777649,0.044601,0.013947,-0.034765
2367464120.000,Miguel,recording,knock_twice_right,18,-0.016041,7.018038,6.685040,0.048987,0.021334,-0.044312
2367464130.000,Miguel,recording,knock_twice_right,18,-0.130890,7.074799,6.616558,0.041867,0.016639,-0.045528
2367464140.000,Miguel,recording,knock_twice_right,18,-0.209532,7.128406,6.628604,0.030940,0.005369,-0.039382
2367464150.000,Miguel,recording,knock_twice_right,18,-0.226319,7.165839,6.632844,0.020056,-0.004910,-0.026760
2367464160.000,Miguel,recording,knock_twice_right,18,-0.217649,7.178965,6.617429,0.009888,-0.009549,-0.010913
2367464170.000,Miguel,recording,knock_twice_right,18,-0.197330,7.169049,6.607469,0.000086,-0.007098,0.003068
2367464180.000,Miguel,recording,knock_twice_right,18,-0.168395,7.113675,6.627158,-0.009592,-0.001949,0.013418
2367464190.000,Miguel,recording,knock_twice_right,18,-0.155182,7.025794,6.673050,-0.017198,0.002496,0.020607
2367464200.000,Miguel,recording,knock_twice_right,18,-0.149425,6.976342,6.705959,-0.020586,0.005085,0.023779
2367464210.000,Miguel,recording,knock_twice_right,18,-0.130379,6.977905,6.746266,-0.016458,0.004745,0.023616
2367464220.000,Miguel,recording,knock_twice_right,18,-0.093504,6.980666,6.761378,-0.007918,0.004183,0.022844
2367464230.000,Miguel,recording,knock_twice_right,18,-0.071109,6.974336,6.726420,-0.001257,0.006231,0.022185
2367464240.000,Miguel,recording,knock_twice_right,18,-0.035135,6.997344,6.671310,0.001379,0.011044,0.021603
2367464250.000,Miguel,recording,knock_twice_right,18,0.009412,7.024514,6.631499,0.000132,0.019126,0.021043
2367464260.000,Miguel,recording,knock_twice_right,18,0.062271,7.036324,6.638691,-0.005501,0.028733,0.019349
2367464270.000,Miguel,recording,knock_twice_right,18,0.066136,7.038742,6.689250,-0.014319,0.036344,0.015345
2367464280.000,Miguel,recording,knock_twice_right,18,0.046590,7.040516,6.738272,-0.022803,0.040612,0.010531
2367464290.000,Miguel,recording,knock_twice_right,18,0.028706,7.027237,6.830832,-0.026644,0.041553,0.006861
2367464300.000,Miguel,recording,knock_twice_right,18,0.003872,7.012576,6.934802,-0.024740,0.039258,0.005235
2367464310.000,Miguel,recording,knock_twice_right,18,-0.010819,6.987757,6.996223,-0.018447,0.030856,0.005434
2367464320.000,Miguel,recording,knock_twice_right,18,0.001529,6.988733,7.020650,-0.008184,0.016947,0.006182
2367464330.000,Miguel,recording,knock_twice_right,18,0.020512,6.984784,6.957659,0.000987,0.003734,0.005385
2367464340.000,Miguel,recording,knock_twice_right,18,0.035024,6.987020,6.888908,0.005407,-0.005136,0.000893
2367464350.000,Miguel,recording,knock_twice_right,18,0.021504,7.018286,6.818446,0.006941,-0.009013,-0.003877
2367464360.000,Miguel,recording,knock_twice_right,18,-0.013346,7.032804,6.762944,0.006683,-0.008567,-0.003764
2367464370.000,Miguel,recording,knock_twice_right,18,-0.048094,7.031514,6.745945,0.005051,-0.005014,0.000824
2367464380.000,Miguel,recording,knock_twice_right,18,-0.046476,7.020947,6.719909,0.002506,-0.001545,0.007715
2367464390.000,Miguel,recording,knock_twice_right,18,0.004641,6.997241,6.684650,-0.001839,0.000007,0.012977
2367464400.000,Miguel,recording,knock_twice_right,18,0.049806,6.966729,6.687582,-0.009124,0.000650,0.013276
2367464410.000,Miguel,recording,knock_twice_right,18,0.076770,6.972260,6.729227,-0.016024,0.000618,0.008579
2367464420.000,Miguel,recording,knock_twice_right,18,0.075833,6.960134,6.783270,-0.018869,-0.000556,0.000188
2367464430.000,Miguel,recording,knock_twice_right,18,0.050269,6.950658,6.836773,-0.017397,-0.002310,-0.008696
2367464440.000,Miguel,recording,knock_twice_right,18,0.009611,6.964478,6.859875,-0.013086,-0.003420,-0.016238
2367464450.000,Miguel,recording,knock_twice_right,18,-0.037766,6.996520,6.845334,-0.008117,-0.003604,-0.022521
2367464460.000,Miguel,recording,knock_twice_right,18,-0.088266,7.051973,6.829538,-0.003236,-0.001630,-0.023886
2367464470.000,Miguel,recording,knock_twice_right,18,-0.126093,7.087339,6.806538,0.001282,0.002805,-0.019118
2367464480.000,Miguel,recording,knock_twice_right,18,-0.140053,7.081917,6.795403,0.004216,0.009286,-0.011479
2367464490.000,Miguel,recording,knock_twice_right,18,-0.126646,7.044946,6.809351,0.004914,0.016080,-0.003849
2367464500.000,Miguel,recording,knock_twice_right,18,-0.083061,7.013244,6.806887,0.003693,0.018313,0.000466
2367464510.000,Miguel,recording,knock_twice_right,19,-0.066070,7.000801,6.802893,0.001035,0.013940,-0.001132
2367464520.000,Miguel,recording,knock_twice_right,19,-0.070832,7.002666,6.796988,-0.002523,0.004748,-0.006746
2367464530.000,Miguel,recording,knock_twice_right,19,-0.106897,7.002138,6.792198,-0.005929,-0.007712,-0.009450
2367464540.000,Miguel,recording,knock_twice_right,19,-0.130553,7.004356,6.793666,-0.006309,-0.018453,-0.007077
2367464550.000,Miguel,recording,knock_twice_right,19,-0.136426,7.015931,6.761122,-0.004911,-0.018059,-0.000318
2367464560.000,Miguel,recording,knock_twice_right,19,-0.128874,7.042485,6.738842,-0.004510,-0.006733,0.008722
2367464570.000,Miguel,recording,knock_twice_right,19,-0.106320,7.069059,6.731194,-0.004661,0.007517,0.017282
2367464580.000,Miguel,recording,knock_twice_right,19,-0.036247,7.058683,6.744224,-0.007348,0.018161,0.024342
2367464590.000,Miguel,recording,knock_twice_right,19,0.040407,7.025231,6.774641,-0.011861,0.022878,0.025771
2367464600.000,Miguel,recording,knock_twice_right,19,0.084478,7.003530,6.817363,-0.016873,0.021024,0.019820
2367464610.000,Miguel,recording,knock_twice_right,19,0.069011,7.001651,6.877982,-0.023228,0.012123,0.010458
2367464620.000,Miguel,recording,knock_twice_right,19,0.004617,6.992504,6.936662,-0.026490,-0.001737,0.002600
2367464630.000,Miguel,recording,knock_twice_right,19,-0.037759,6.986143,6.984751,-0.022629,-0.016364,-0.000332
2367464640.000,Miguel,recording,knock_twice_right,19,-0.048440,6.993357,7.015787,-0.011907,-0.027395,0.001698
2367464650.000,Miguel,recording,knock_twice_right,19,-0.015264,6.988076,6.961661,0.003943,-0.033137,0.005708
2367464660.000,Miguel,recording,knock_twice_right,19,0.045102,6.971547,6.840938,0.018594,-0.030062,0.007895
2367464670.000,Miguel,recording,knock_twice_right,19,0.107712,6.967689,6.709943,0.025518,-0.018195,0.006209
2367464680.000,Miguel,recording,knock_twice_right,19,0.111700,6.947212,6.619766,0.023738,-0.001165,0.000378
2367464690.000,Miguel,recording,knock_twice_right,19,0.081400,6.962869,6.583076,0.015932,0.014320,-0.006488
2367464700.000,Miguel,recording,knock_twice_right,19,0.047688,6.976793,6.624869,0.004347,0.021887,-0.011386
2367464710.000,Miguel,recording,knock_twice_right,19,-0.002923,6.975828,6.709229,-0.005411,0.020975,-0.014707
2367464720.000,Miguel,recording,knock_twice_right,19,-0.048045,6.974521,6.795551,-0.008916,0.012125,-0.016734
2367464730.000,Miguel,recording,knock_twice_right,19,-0.084971,6.982281,6.808380,-0.007660,-0.000297,-0.016175
2367464740.000,Miguel,recording,knock_twice_right,19,-0.084538,7.010228,6.782964,-0.005763,-0.010140,-0.014079
2367464750.000,Miguel,recording,knock_twice_right,19,-0.093891,7.027671,6.731177,-0.008065,-0.014237,-0.010743
2367464760.000,Miguel,recording,knock_twice_right,19,-0.078194,7.027937,6.718944,-0.014207,-0.014427,-0.006873
2367464770.000,Miguel,recording,knock_twice_right,19,-0.041300,7.021746,6.770520,-0.019177,-0.013505,-0.003923
2367464780.000,Miguel,recording,knock_twice_right,19,-0.023444,6.995865,6.826938,-0.019647,-0.010160,-0.002611
2367464790.000,Miguel,recording,knock_twice_right,19,-0.037969,6.989706,6.851806,-0.016790,-0.005064,-0.004400
2367464800.000,Miguel,recording,knock_twice_right,19,-0.046932,6.999285,6.879755,-0.012467,-0.001795,-0.004173
2367464810.000,Miguel,recording,knock_twice_right,19,-0.022535,7.011869,6.893026,-0.007266,-0.001840,-0.000794
2367464820.000,Miguel,recording,knock_twice_right,19,0.002459,7.018100,6.870241,-0.002539,-0.003722,0.000855
2367464830.000,Miguel,recording,knock_twice_right,19,0.010257,7.005354,6.827820,-0.001283,-0.006674,-0.002508
2367464840.000,Miguel,recording,knock_twice_right,19,0.000207,7.013811,6.790958,-0.004610,-0.008352,-0.008296
2367464850.000,Miguel,recording,knock_twice_right,19,-0.030572,7.019203,6.807307,-0.008903,-0.006452,-0.011323
2367464860.000,Miguel,recording,knock_twice_right,19,-0.069455,7.017891,6.845576,-0.009156,-0.003995,-0.011410
2367464870.000,Miguel,recording,knock_twice_right,19,-0.098300,7.011465,6.881594,-0.004764,-0.003164,-0.007879
2367464880.000,Miguel,recording,knock_twice_right,19,-0.117662,6.996076,6.893337,0.001745,-0.001971,-0.002648
2367464890.000,Miguel,recording,knock_twice_right,19,-0.104283,6.988276,6.870314,0.009132,-0.001116,0.002390
2367464900.000,Miguel,recording,knock_twice_right,19,-0.077938,6.995722,6.835916,0.014266,-0.001911,0.006120
2367464910.000,Miguel,recording,knock_twice_right,19,-0.040619,6.994559,6.788555,0.014790,-0.002629,0.006903
2367464920.000,Miguel,recording,knock_twice_right,19,0.002835,7.003452,6.742577,0.011954,-0.003519,0.004548
2367464930.000,Miguel,recording,knock_twice_right,19,0.033086,7.007066,6.748216,0.006769,-0.004507,-0.000980
2367464940.000,Miguel,recording,knock_twice_right,19,0.016363,7.011114,6.756124,0.000562,-0.006413,-0.007958
2367464950.000,Miguel,recording,knock_twice_right,19,-0.022347,7.009123,6.744408,-0.004330,-0.008195,-0.013525
2367464960.000,Miguel,recording,knock_twice_right,19,-0.058202,7.007546,6.762816,-0.007368,-0.006680,-0.014844
2367464970.000,Miguel,recording,knock_twice_right,19,-0.114107,7.024540,6.782207,-0.008393,-0.002386,-0.011213
2367464980.000,Miguel,recording,knock_twice_right,19,-0.121481,7.018843,6.840024,-0.005603,0.002262,-0.004461
2367464990.000,Miguel,recording,knock_twice_right,19,-0.103982,7.003520,6.877702,0.000720,0.006139,0.002489
2367465000.000,Miguel,recording,knock_twice_right,19,-0.072237,6.996070,6.874810,0.008661,0.007881,0.006526
2367465010.000,Miguel,recording,knock_twice_right,19,-0.037113,7.013645,6.855064,0.013799,0.005693,0.006522
2367465020.000,Miguel,recording,knock_twice_right,19,0.005525,7.020293,6.802544,0.012256,-0.000644,0.004046
2367465030.000,Miguel,recording,knock_twice_right,19,0.025551,7.003381,6.758698,0.006369,-0.009215,-0.000047
2367465040.000,Miguel,recording,knock_twice_right,19,0.024740,6.990788,6.768483,0.000634,-0.016377,-0.004591
2367465050.000,Miguel,recording,knock_twice_right,19,0.032017,6.974368,6.767173,-0.003105,-0.021618,-0.007836
2367465060.000,Miguel,recording,knock_twice_right,19,0.015395,6.959190,6.751530,-0.005034,-0.020748,-0.009553
2367465070.000,Miguel,recording,knock_twice_right,19,0.004532,6.984914,6.761761,-0.004400,-0.010556,-0.009990
2367465080.000,Miguel,recording,knock_twice_right,19,-0.040076,6.995618,6.791141,-0.000827,0.003126,-0.008403
2367465090.000,Miguel,recording,knock_twice_right,19,-0.049818,7.032068,6.833880,0.004659,0.013824,-0.004418
2367465100.000,Miguel,recording,knock_twice_right,19,-0.052106,7.038573,6.812291,0.008985,0.017718,0.000091
2367465110.000,Miguel,recording,knock_twice_right,19,-0.035495,7.049605,6.786898,0.007435,0.012270,0.002454
2367465120.000,Miguel,recording,knock_twice_right,19,-0.001827,7.041654,6.772676,-0.000734,-0.001254,0.001132
2367465130.000,Miguel,recording,knock_twice_right,19,-0.010022,7.021796,6.787863,-0.008198,-0.014117,-0.002203
2367465140.000,Miguel,recording,knock_twice_right,19,-0.033012,6.979163,6.808206,-0.009533,-0.020509,-0.004399
2367465150.000,Miguel,recording,knock_twice_right,19,-0.047840,6.958026,6.824077,-0.007569,-0.020261,-0.003885
2367465160.000,Miguel,recording,knock_twice_right,19,-0.058066,6.956964,6.822972,-0.004824,-0.013829,-0.003838
2367465170.000,Miguel,recording,knock_twice_right,19,-0.077550,6.958717,6.853353,-0.001232,-0.007762,-0.004719
2367465180.000,Miguel,recording,knock_twice_right,19,-0.057388,6.999874,6.858106,0.004176,-0.007628,-0.004864
2367465190.000,Miguel,recording,knock_twice_right,19,-0.044345,7.034853,6.822610,0.009919,-0.010140,-0.005477
2367465200.000,Miguel,recording,knock_twice_right,19,-0.019297,7.054031,6.774814,0.013696,-0.010783,-0.006636
2367465210.000,Miguel,recording,knock_twice_right,19,-0.005567,7.051784,6.705003,0.011871,-0.008678,-0.008352
2367465220.000,Miguel,recording,knock_twice_right,19,-0.026282,7.069518,6.658712,0.004161,-0.001830,-0.008292
2367465230.000,Miguel,recording,knock_twice_right,19,-0.054261,7.067410,6.662648,-0.006217,0.011299,-0.006162
2367465240.000,Miguel,recording,knock_twice_right,19,-0.073216,7.035417,6.760890,-0.014827,0.023909,-0.002787
2367465250.000,Miguel,recording,knock_twice_right,19,-0.103088,6.978208,6.869184,-0.017212,0.027613,0.001950
2367465260.000,Miguel,recording,knock_twice_right,19,-0.126373,6.950997,6.998755,-0.012857,0.021411,0.004467
2367465270.000,Miguel,recording,knock_twice_right,19,-0.113138,6.945055,7.085536,-0.001347,0.007198,0.004948
2367465280.000,Miguel,recording,knock_twice_right,19,-0.070002,6.946685,7.072479,0.014860,-0.010839,0.004798
2367465290.000,Miguel,recording,knock_twice_right,19,-0.033588,6.966048,6.931380,0.028226,-0.025870,0.002400
2367465300.000,Miguel,recording,knock_twice_right,19,-0.002298,7.002871,6.779532,0.033335,-0.031742,-0.002823
2367465310.000,Miguel,recording,knock_twice_right,19,-0.000596,7.061620,6.645918,0.028969,-0.026810,-0.007055
2367465320.000,Miguel,recording,knock_twice_right,19,-0.029158,7.062884,6.600069,0.018510,-0.015766,-0.005769
2367465330.000,Miguel,recording,knock_twice_right,19,-0.059203,7.039143,6.617964,0.008894,-0.002983,0.000536
2367465340.000,Miguel,recording,knock_twice_right,19,-0.054073,7.017786,6.684321,0.002518,0.007516,0.008807
2367465350.000,Miguel,recording,knock_twice_right,19,-0.020629,6.988823,6.750488,-0.000231,0.011943,0.014389
2367465360.000,Miguel,recording,knock_twice_right,19,0.014484,6.963225,6.782287,-0.000212,0.009663,0.013924
2367465370.000,Miguel,recording,knock_twice_right,19,0.033753,6.968619,6.807317,-0.000960,0.003445,0.008564
2367465380.000,Miguel,recording,knock_twice_right,19,0.042594,7.002531,6.803796,-0.001925,-0.002412,0.001301
2367465390.000,Miguel,recording,knock_twice_right,19,0.028064,7.016653,6.808341,-0.000920,-0.005344,-0.005540
2367465400.000,Miguel,recording,knock_twice_right,19,-0.014653,7.047891,6.815766,0.001626,-0.003105,-0.007772
2367465410.000,Miguel,recording,knock_twice_right,19,-0.066222,7.052572,6.799231,0.006327,0.003900,-0.004262
2367465420.000,Miguel,recording,knock_twice_right,19,-0.077135,7.057242,6.799602,0.009711,0.010757,0.002757
2367465430.000,Miguel,recording,knock_twice_right,19,-0.038042,7.023896,6.792195,0.009743,0.013854,0.009845
2367465440.000,Miguel,recording,knock_twice_right,19,0.013653,6.988130,6.803615,0.006443,0.010791,0.011924
2367465450.000,Miguel,recording,knock_twice_right,19,0.027156,6.978820,6.794137,0.000499,0.002478,0.008894
2367465460.000,Miguel,recording,knock_twice_right,19,0.039372,6.957202,6.791737,-0.005214,-0.006697,0.003568
2367465470.000,Miguel,recording,knock_twice_right,19,0.058949,6.955650,6.826881,-0.007816,-0.015241,-0.004137
2367465480.000,Miguel,recording,knock_twice_right,19,0.054482,6.966410,6.861460,-0.004525,-0.019118,-0.012091
2367465490.000,Miguel,recording,knock_twice_right,19,-0.001997,6.973223,6.863097,0.004700,-0.017521,-0.017172
2367465500.000,Miguel,recording,knock_twice_right,19,-0.058003,7.019340,6.859446,0.016101,-0.012823,-0.018503
2367465510.000,Miguel,recording,knock_twice_right,19,-0.057978,7.040534,6.784177,0.025992,-0.005933,-0.016365
2367465520.000,Miguel,recording,knock_twice_right,19,-0.050611,7.068417,6.707447,0.031030,0.001903,-0.012372
2367465530.000,Miguel,recording,knock_twice_right,19,-0.047842,7.056940,6.609840,0.026475,0.008706,-0.007580
2367465540.000,Miguel,recording,knock_twice_right,19,-0.064375,7.056201,6.575765,0.013614,0.010899,-0.004503
2367465550.000,Miguel,recording,knock_twice_right,19,-0.059336,7.031569,6.619787,-0.003272,0.007946,-0.002596
2367465560.000,Miguel,recording,knock_twice_right,19,-0.053538,7.007028,6.714836,-0.018064,0.003217,-0.000045
2367465570.000,Miguel,recording,knock_twice_right,19,-0.030591,6.983606,6.793176,-0.024723,-0.002163,0.002029
2367465580.000,Miguel,recording,knock_twice_right,19,0.002099,6.955752,6.841370,-0.023381,-0.007239,0.002087
2367465590.000,Miguel,recording,knock_twice_right,19,0.019269,6.955482,6.875710,-0.017552,-0.008685,-0.002576
2367465600.000,Miguel,recording,knock_twice_right,19,0.001102,6.980152,6.891390,-0.009807,-0.007164,-0.009542
2367465610.000,Miguel,recording,knock_twice_right,19,-0.016065,7.026366,6.895531,0.000143,-0.004922,-0.014521
2367465620.000,Miguel,recording,knock_twice_right,19,-0.036483,7.066143,6.912184,0.012284,-0.002139,-0.015850
2367465630.000,Miguel,recording,knock_twice_right,19,-0.063818,7.070935,6.855825,0.022559,-0.000847,-0.012257
2367465640.000,Miguel,recording,knock_twice_right,19,-0.075547,7.043398,6.739443,0.025420,-0.001486,-0.005221
2367465650.000,Miguel,recording,knock_twice_right,19,-0.071935,7.041723,6.671744,0.019192,-0.001841,0.000413
2367465660.000,Miguel,recording,knock_twice_right,19,-0.037989,7.026452,6.695000,0.009059,-0.003722,0.002344
2367465670.000,Miguel,recording,knock_twice_right,19,-0.014285,7.004581,6.717057,0.001981,-0.006674,0.002207
2367465680.000,Miguel,recording,knock_twice_right,19,-0.002429,7.005862,6.742639,-0.001081,-0.008064,-0.000505
2367465690.000,Miguel,recording,knock_twice_right,19,-0.026916,7.046782,6.735316,-0.001757,-0.006313,-0.004172
2367465700.000,Miguel,recording,knock_twice_right,19,-0.053453,7.054962,6.738829,-0.004308,-0.003649,-0.005589
2367465710.000,Miguel,recording,knock_twice_right,19,-0.074845,7.058561,6.770400,-0.008152,-0.003565,-0.004395
2367465720.000,Miguel,recording,knock_twice_right,19,-0.071004,7.063715,6.803875,-0.009378,-0.005657,-0.001158
2367465730.000,Miguel,recording,knock_twice_right,19,-0.069042,7.036612,6.834397,-0.008372,-0.007286,0.004436
2367465740.000,Miguel,recording,knock_twice_right,19,-0.040138,7.018727,6.845360,-0.005235,-0.006842,0.009687
2367465750.000,Miguel,recording,knock_twice_right,19,-0.000371,6.984187,6.873404,0.001471,-0.004231,0.009755
2367465760.000,Miguel,recording,knock_twice_right,19,-0.010043,6.968096,6.876122,0.011046,-0.000943,0.005228
2367465770.000,Miguel,recording,knock_twice_right,19,-0.027800,6.965007,6.819017,0.018126,0.000853,0.001544
2367465780.000,Miguel,recording,knock_twice_right,19,-0.035987,6.999617,6.761230,0.018646,0.002194,0.001367
2367465790.000,Miguel,recording,knock_twice_right,19,-0.028526,7.022128,6.730704,0.013699,0.002512,0.001411
2367465800.000,Miguel,recording,knock_twice_right,19,0.000986,7.024263,6.737187,0.008066,0.001747,0.000566
2367465810.000,Miguel,recording,knock_twice_right,19,0.016755,7.024430,6.762553,0.005178,0.000780,-0.001286
2367465820.000,Miguel,recording,knock_twice_right,19,0.009284,7.031649,6.787837,0.004269,0.000330,-0.004199
2367465830.000,Miguel,recording,knock_twice_right,19,-0.039042,7.031579,6.773992,0.002479,0.001592,-0.006433
2367465840.000,Miguel,recording,knock_twice_right,19,-0.104061,7.052512,6.799151,0.000754,0.004269,-0.005400
2367465850.000,Miguel,recording,knock_twice_right,19,-0.108133,7.062924,6.847416,0.002290,0.004951,0.000388
2367465860.000,Miguel,recording,knock_twice_right,19,-0.073734,7.054641,6.875822,0.007752,0.001714,0.008439
2367465870.000,Miguel,recording,knock_twice_right,19,-0.005103,7.039556,6.826997,0.014730,-0.003959,0.013062
2367465880.000,Miguel,recording,knock_twice_right,19,0.052357,7.006663,6.758767,0.018842,-0.007792,0.010687
2367465890.000,Miguel,recording,knock_twice_right,19,0.046284,6.995891,6.712227,0.018284,-0.008306,0.004681
2367465900.000,Miguel,recording,knock_twice_right,19,0.039635,6.990354,6.693336,0.014366,-0.007254,-0.001634
2367465910.000,Miguel,recording,knock_twice_right,19,0.022255,7.005739,6.701315,0.009282,-0.005269,-0.005106
2367465920.000,Miguel,recording,knock_twice_right,19,0.003564,7.021439,6.714529,0.005763,-0.003178,-0.005120
2367465930.000,Miguel,recording,knock_twice_right,19,-0.012009,7.015406,6.708510,0.003641,-0.000204,-0.004425
2367465940.000,Miguel,recording,knock_twice_right,19,-0.036925,7.020963,6.695529,0.000995,0.002051,-0.002924
2367465950.000,Miguel,recording,knock_twice_right,19,-0.009025,7.028486,6.702312,-0.002830,0.002186,-0.000762
2367465960.000,Miguel,recording,knock_twice_right,19,-0.000469,7.039582,6.742940,-0.005781,0.000151,-0.000048
2367465970.000,Miguel,recording,knock_twice_right,19,-0.001606,7.035541,6.757082,-0.006229,-0.002593,-0.001215
2367465980.000,Miguel,recording,knock_twice_right,19,0.019391,7.037517,6.765173,-0.004601,-0.003003,-0.003565
2367465990.000,Miguel,recording,knock_twice_right,19,0.001414,7.033087,6.799880,-0.002324,-0.000221,-0.006712
2367466000.000,Miguel,recording,knock_twice_right,19,-0.024495,7.007731,6.804390,0.000157,0.004944,-0.008165
2367466010.000,Miguel,recording,knock_twice_right,19,-0.060547,7.017828,6.817618,0.003629,0.009998,-0.006450
2367466020.000,Miguel,recording,knock_twice_right,19,-0.056670,7.040665,6.814268,0.006981,0.010260,-0.002366
2367466030.000,Miguel,recording,knock_twice_right,19,-0.041856,7.051338,6.781548,0.006765,0.004984,0.001894
2367466040.000,Miguel,recording,knock_twice_right,19,-0.033057,7.034354,6.732571,0.001027,-0.000806,0.002395
2367466050.000,Miguel,recording,knock_twice_right,19,-0.016857,7.048365,6.758892,-0.007281,-0.006648,0.000170
2367466060.000,Miguel,recording,knock_twice_right,19,-0.001550,7.032317,6.810859,-0.012631,-0.014222,-0.002098
2367466070.000,Miguel,recording,knock_twice_right,19,-0.003802,7.016968,6.843537,-0.010880,-0.020083,-0.004589
2367466080.000,Miguel,recording,knock_twice_right,19,-0.011501,7.008140,6.829342,-0.005181,-0.020640,-0.006303
2367466090.000,Miguel,recording,knock_twice_right,19,-0.030300,7.005441,6.767595,-0.000136,-0.016346,-0.006472
2367466100.000,Miguel,recording,knock_twice_right,19,-0.036140,7.006133,6.725027,0.002422,-0.009300,-0.005340
2367466110.000,Miguel,recording,knock_twice_right,19,-0.023467,7.014949,6.709379,0.003497,-0.001928,-0.004484
2367466120.000,Miguel,recording,knock_twice_right,19,-0.011166,7.008251,6.728998,0.004218,0.002880,-0.005263
2367466130.000,Miguel,recording,knock_twice_right,19,-0.026146,7.018212,6.730983,0.003668,0.006414,-0.005980
2367466140.000,Miguel,recording,knock_twice_right,19,-0.043952,7.021729,6.734057,0.002222,0.009436,-0.004552
2367466150.000,Miguel,recording,knock_twice_right,19,-0.078265,7.055960,6.763472,0.002382,0.009063,-0.001793
2367466160.000,Miguel,recording,knock_twice_right,19,-0.064917,7.061477,6.767264,0.003976,0.005856,0.001229
2367466170.000,Miguel,recording,knock_twice_right,19,-0.046956,7.049742,6.729901,0.002440,0.002561,0.004362
2367466180.000,Miguel,recording,knock_twice_right,19,-0.012525,7.043225,6.685193,-0.003007,-0.000096,0.005505
2367466190.000,Miguel,recording,knock_twice_right,19,-0.003721,7.024897,6.688998,-0.011150,-0.002441,0.002771
2367466200.000,Miguel,recording,knock_twice_right,19,0.013827,6.997180,6.697126,-0.018423,-0.003211,-0.001804
2367466210.000,Miguel,recording,knock_twice_right,19,0.007748,6.973332,6.758691,-0.022286,-0.001761,-0.005701
2367466220.000,Miguel,recording,knock_twice_right,19,-0.010704,6.966334,6.856487,-0.021609,0.001575,-0.010339
2367466230.000,Miguel,recording,knock_twice_right,19,-0.038346,6.960455,6.934229,-0.013301,0.005497,-0.013932
2367466240.000,Miguel,recording,knock_twice_right,19,-0.061354,7.010851,6.960628,0.000899,0.008164,-0.012066
2367466250.000,Miguel,recording,knock_twice_right,19,-0.053525,7.056194,6.912438,0.013962,0.008761,-0.006639
2367466260.000,Miguel,recording,knock_twice_right,19,-0.032955,7.075644,6.821307,0.019874,0.006046,-0.002595
2367466270.000,Miguel,recording,knock_twice_right,19,-0.022991,7.093971,6.733624,0.017070,0.001797,-0.001389
2367466280.000,Miguel,recording,knock_twice_right,19,-0.042085,7.083374,6.689201,0.009097,-0.001351,0.000194
2367466290.000,Miguel,recording,knock_twice_right,19,-0.042870,7.069339,6.719997,0.001216,-0.005635,0.003546
2367466300.000,Miguel,recording,knock_twice_right,19,-0.034324,7.040425,6.722166,-0.004958,-0.011393,0.006302
2367466310.000,Miguel,recording,knock_twice_right,19,-0.015334,6.998556,6.726409,-0.010308,-0.013789,0.006959
2367466320.000,Miguel,recording,knock_twice_right,19,0.000343,6.960419,6.726340,-0.015037,-0.011564,0.004856
2367466330.000,Miguel,recording,knock_twice_right,19,0.016711,6.937801,6.771097,-0.017747,-0.007187,0.000039
2367466340.000,Miguel,recording,knock_twice_right,19,0.034845,6.957209,6.864512,-0.014857,-0.002218,-0.007180
2367466350.000,Miguel,recording,knock_twice_right,19,-0.003453,6.981050,6.954188,-0.004643,0.002648,-0.016069
2367466360.000,Miguel,recording,knock_twice_right,19,-0.073277,7.044551,6.950637,0.008689,0.004302,-0.020471
2367466370.000,Miguel,recording,knock_twice_right,19,-0.104771,7.097489,6.893435,0.019212,0.000578,-0.016503
2367466380.000,Miguel,recording,knock_twice_right,19,-0.106745,7.145408,6.792368,0.024197,-0.004202,-0.008290
2367466390.000,Miguel,recording,knock_twice_right,19,-0.088643,7.134589,6.667608,0.019585,-0.007294,-0.001211
2367466400.000,Miguel,recording,knock_twice_right,19,-0.072784,7.113138,6.590394,0.006992,-0.006900,0.003385
2367466410.000,Miguel,recording,knock_twice_right,19,-0.072684,7.073034,6.640330,-0.007150,-0.003100,0.007430
2367466420.000,Miguel,recording,knock_twice_right,19,-0.076699,7.008200,6.758670,-0.016833,0.001064,0.011269
2367466430.000,Miguel,recording,knock_twice_right,19,-0.048915,6.956859,6.867838,-0.015276,0.003828,0.013604
2367466440.000,Miguel,recording,knock_twice_right,19,-0.038752,6.914591,6.930334,-0.007179,0.003026,0.013164
2367466450.000,Miguel,recording,knock_twice_right,19,-0.011545,6.930037,6.926588,0.003105,-0.001241,0.009669
2367466460.000,Miguel,recording,knock_twice_right,19,0.031919,6.958554,6.861928,0.013941,-0.006212,0.004190
2367466470.000,Miguel,recording,knock_twice_right,19,0.072806,6.996116,6.783358,0.018914,-0.009654,-0.000968
2367466480.000,Miguel,recording,knock_twice_right,19,0.058102,7.019201,6.701064,0.017463,-0.011162,-0.005042
2367466490.000,Miguel,recording,knock_twice_right,19,0.038655,7.039479,6.683894,0.013379,-0.009756,-0.008590
2367466500.000,Miguel,recording,knock_twice_right,19,0.025301,7.040783,6.700697,0.009118,-0.004372,-0.010195
2367466510.000,Miguel,recording,knock_twice_right,19,0.007514,7.031406,6.723909,0.006875,0.003431,-0.007677
2367466520.000,Miguel,recording,knock_twice_right,19,0.024309,7.027693,6.763593,0.006510,0.009698,-0.004621
2367466530.000,Miguel,recording,knock_twice_right,19,0.026483,7.018281,6.774099,0.006141,0.010162,-0.005243
2367466540.000,Miguel,recording,knock_twice_right,19,0.018918,7.028070,6.794632,0.004797,0.004369,-0.007994
2367466550.000,Miguel,recording,knock_twice_right,19,0.020239,7.041049,6.760569,0.001256,-0.005163,-0.010477
2367466560.000,Miguel,recording,knock_twice_right,19,0.027477,7.056701,6.742313,-0.003902,-0.016012,-0.011881
2367466570.000,Miguel,recording,knock_twice_right,19,0.010937,7.067186,6.724382,-0.007496,-0.022750,-0.011910
2367466580.000,Miguel,recording,knock_twice_right,19,0.033645,7.055523,6.748415,-0.007033,-0.021892,-0.010128
2367466590.000,Miguel,recording,knock_twice_right,19,0.020981,7.044545,6.771813,-0.002614,-0.016567,-0.006928
2367466600.000,Miguel,recording,knock_twice_right,19,0.040443,6.995671,6.766873,0.003012,-0.010223,-0.003979
2367466610.000,Miguel,recording,knock_twice_right,19,0.057914,6.968019,6.750969,0.007072,-0.004411,-0.003799
2367466620.000,Miguel,recording,knock_twice_right,19,0.087567,6.964274,6.709057,0.007416,-0.000617,-0.007291
2367466630.000,Miguel,recording,knock_twice_right,19,0.129083,6.962965,6.661379,0.003084,0.000150,-0.014245
2367466640.000,Miguel,recording,knock_twice_right,19,0.127261,6.952988,6.647426,-0.002525,-0.002207,-0.025646
2367466650.000,Miguel,recording,knock_twice_right,19,0.126490,6.953353,6.685912,-0.006584,-0.004841,-0.037395
2367466660.000,Miguel,recording,knock_twice_right,19,-0.129002,6.972755,6.691147,-0.008654,-0.004902,-0.047670
2367466670.000,Miguel,recording,knock_twice_right,19,-1.457831,7.257646,6.549957,-0.024276,0.020905,-0.004019
2367466680.000,Miguel,recording,knock_twice_right,19,-1.815835,7.662221,6.523898,-0.031112,-0.024336,0.078018
2367466690.000,Miguel,recording,knock_twice_right,19,0.500182,7.263618,6.869594,-0.032951,-0.088847,0.106485
2367466700.000,Miguel,recording,knock_twice_right,19,-0.136137,7.118283,6.634985,-0.052998,-0.079514,0.065935
2367466710.000,Miguel,recording,knock_twice_right,19,0.836287,6.922228,6.815688,-0.062640,-0.078476,0.001682
2367466720.000,Miguel,recording,knock_twice_right,19,0.399311,7.076380,6.953079,-0.052083,-0.041328,-0.031902
2367466730.000,Miguel,recording,knock_twice_right,19,0.358188,7.015447,7.122570,-0.016386,0.061049,-0.029402
2367466740.000,Miguel,recording,knock_twice_right,19,-0.022000,6.921820,7.143037,0.034423,0.150302,-0.008662
2367466750.000,Miguel,recording,knock_twice_right,19,-0.009919,6.751324,7.094239,0.072360,0.174971,0.015611
2367466760.000,Miguel,recording,knock_twice_right,19,0.258922,6.724473,6.923390,0.086195,0.152940,0.023019
2367466770.000,Miguel,recording,knock_twice_right,19,0.494683,6.724735,6.788659,0.074803,0.093469,-0.000892
2367466780.000,Miguel,recording,knock_twice_right,19,0.459874,6.768514,6.623856,0.039420,0.008788,-0.048632
2367466790.000,Miguel,recording,knock_twice_right,19,0.161460,6.901202,6.643197,-0.001931,-0.067815,-0.094738
2367466800.000,Miguel,recording,knock_twice_right,19,-0.131326,7.110783,6.763484,-0.026487,-0.104989,-0.109290
2367466810.000,Miguel,recording,knock_twice_right,19,-0.297502,7.304733,6.844261,-0.024560,-0.099542,-0.083119
2367466820.000,Miguel,recording,knock_twice_right,19,-0.290581,7.350046,6.851225,-0.004699,-0.066788,-0.034868
2367466830.000,Miguel,recording,knock_twice_right,19,-0.527414,7.236323,6.663756,0.017441,-0.009478,0.002673
2367466840.000,Miguel,recording,knock_twice_right,19,-1.430141,7.373290,6.320111,0.019495,0.047115,0.063275
2367466850.000,Miguel,recording,knock_twice_right,19,-1.329534,7.638116,6.287823,0.005425,0.032648,0.140831
2367466860.000,Miguel,recording,knock_twice_right,19,0.050649,7.169610,6.401162,-0.025590,-0.001776,0.157487
2367466870.000,Miguel,recording,knock_twice_right,19,0.190710,6.928516,6.256783,-0.069613,-0.021523,0.106116
2367466880.000,Miguel,recording,knock_twice_right,19,0.622309,6.736551,6.610658,-0.096289,-0.058522,0.032032
2367466890.000,Miguel,recording,knock_twice_right,19,0.487091,6.789322,6.863305,-0.094674,-0.058265,-0.018682
2367466900.000,Miguel,recording,knock_twice_right,19,0.321334,6.916051,7.185496,-0.058134,-0.017186,-0.030417
2367466910.000,Miguel,recording,knock_twice_right,19,0.040841,7.033775,7.287475,-0.002789,0.029717,-0.007342
2367466920.000,Miguel,recording,knock_twice_right,19,-0.083026,6.962144,7.123635,0.042236,0.075834,0.025040
2367466930.000,Miguel,recording,knock_twice_right,19,0.199641,6.856874,6.917036,0.064628,0.109865,0.037493
2367466940.000,Miguel,recording,knock_twice_right,19,0.443967,6.908352,6.791127,0.061799,0.114785,0.021798
2367466950.000,Miguel,recording,knock_twice_right,19,0.417992,6.955261,6.779444,0.037271,0.087816,-0.012770
2367466960.000,Miguel,recording,knock_twice_right,19,0.129160,6.985313,6.849942,0.005017,0.036094,-0.045458
2367466970.000,Miguel,recording,knock_twice_right,19,-0.145703,7.049574,6.965597,-0.019206,-0.021113,-0.055031
2367466980.000,Miguel,recording,knock_twice_right,19,-0.282251,7.140839,7.036471,-0.026448,-0.060411,-0.035894
2367466990.000,Miguel,recording,knock_twice_right,19,-0.255987,7.163629,7.048557,-0.016073,-0.070649,-0.000906
2367467000.000,Miguel,recording,knock_twice_right,19,-0.120977,7.093602,7.007737,0.005532,-0.053659,0.031839
2367467010.000,Miguel,recording,knock_twice_right,19,0.059294,6.996867,6.911053,0.027662,-0.019985,0.049828
2367467020.000,Miguel,recording,knock_twice_right,19,0.231643,6.924717,6.773960,0.042098,0.010435,0.049930
2367467030.000,Miguel,recording,knock_twice_right,19,0.307103,6.879416,6.712005,0.044321,0.023568,0.035117
2367467040.000,Miguel,recording,knock_twice_right,19,0.280636,6.865329,6.680538,0.035880,0.017583,0.012457
2367467050.000,Miguel,recording,knock_twice_right,19,0.196838,6.878055,6.689554,0.024401,-0.003808,-0.010296
2367467060.000,Miguel,recording,knock_twice_right,19,0.115779,6.901256,6.728209,0.015891,-0.032075,-0.027039
2367467070.000,Miguel,recording,knock_twice_right,19,0.063980,6.927765,6.705318,0.013875,-0.052172,-0.035592
2367467080.000,Miguel,recording,knock_twice_right,19,0.032797,6.975048,6.647587,0.017255,-0.050865,-0.039752
2367467090.000,Miguel,recording,knock_twice_right,19,-0.001857,7.013634,6.598253,0.021893,-0.029745,-0.042951
2367467100.000,Miguel,recording,knock_twice_right,19,-0.051574,7.050420,6.587564,0.025774,-0.000558,-0.044669
2367467110.000,Miguel,recording,knock_twice_right,19,-0.122143,7.089365,6.590883,0.028395,0.023157,-0.041061
2367467120.000,Miguel,recording,knock_twice_right,19,-0.173986,7.129963,6.555275,0.026351,0.032581,-0.031972
2367467130.000,Miguel,recording,knock_twice_right,19,-0.189237,7.138812,6.529074,0.016551,0.026486,-0.021529
2367467140.000,Miguel,recording,knock_twice_right,19,-0.183181,7.136878,6.531751,-0.000941,0.009795,-0.012396
2367467150.000,Miguel,recording,knock_twice_right,19,-0.168193,7.119672,6.555050,-0.022817,-0.008321,-0.005085
2367467160.000,Miguel,recording,knock_twice_right,19,-0.169028,7.109528,6.598400,-0.040781,-0.018638,0.001623
2367467170.000,Miguel,recording,knock_twice_right,19,-0.145121,7.106875,6.695118,-0.049674,-0.018116,0.006995
2367467180.000,Miguel,recording,knock_twice_right,19,-0.118360,7.098443,6.834731,-0.047299,-0.009647,0.011704
2367467190.000,Miguel,recording,knock_twice_right,19,-0.095570,7.065476,6.952519,-0.034787,0.003173,0.017883
2367467200.000,Miguel,recording,knock_twice_right,19,-0.058789,7.049739,6.994303,-0.018861,0.015565,0.021931
2367467210.000,Miguel,recording,knock_twice_right,19,-0.013955,7.016347,6.962571,-0.005113,0.022051,0.021357
2367467220.000,Miguel,recording,knock_twice_right,19,0.029207,7.013786,6.953668,0.004239,0.020423,0.015999
2367467230.000,Miguel,recording,knock_twice_right,19,0.054448,7.027865,6.901367,0.009789,0.012729,0.007585
2367467240.000,Miguel,recording,knock_twice_right,19,0.033186,7.011972,6.833607,0.012466,0.004064,-0.000400
2367467250.000,Miguel,recording,knock_twice_right,19,0.025036,7.029884,6.793421,0.013295,-0.002503,-0.007781
2367467260.000,Miguel,recording,knock_twice_right,19,-0.015823,7.036474,6.768761,0.013016,-0.005707,-0.012569
2367467270.000,Miguel,recording,knock_twice_right,19,-0.059459,7.040869,6.737449,0.012857,-0.004432,-0.011191
2367467280.000,Miguel,recording,knock_twice_right,19,-0.075383,7.066393,6.708374,0.012206,-0.000488,-0.005690
2367467290.000,Miguel,recording,knock_twice_right,19,-0.063474,7.059548,6.670068,0.009301,0.003698,-0.000436
2367467300.000,Miguel,recording,knock_twice_right,19,-0.043466,7.044422,6.682903,0.005555,0.006480,0.002239
2367467310.000,Miguel,recording,knock_twice_right,19,-0.023832,7.033622,6.705068,0.002374,0.007406,0.003643
2367467320.000,Miguel,recording,knock_twice_right,19,-0.025343,7.041050,6.705046,-0.000479,0.006031,0.005975
2367467330.000,Miguel,recording,knock_twice_right,19,0.003555,7.022916,6.696057,-0.002363,0.003277,0.009105
2367467340.000,Miguel,recording,knock_twice_right,19,0.020599,6.983709,6.671830,-0.004624,-0.000609,0.012011
2367467350.000,Miguel,recording,knock_twice_right,19,0.056962,6.959194,6.675112,-0.007408,-0.006475,0.011884
2367467360.000,Miguel,recording,knock_twice_right,19,0.115301,6.939007,6.665249,-0.008988,-0.009540,0.007645
2367467370.000,Miguel,recording,knock_twice_right,19,0.161096,6.939246,6.671398,-0.009958,-0.006176,0.000081
2367467380.000,Miguel,recording,knock_twice_right,19,0.148119,6.949700,6.661178,-0.011523,0.001093,-0.010746
2367467390.000,Miguel,recording,knock_twice_right,19,0.094756,6.987160,6.702178,-0.014585,0.008892,-0.021590
2367467400.000,Miguel,recording,knock_twice_right,19,0.010931,7.009453,6.754468,-0.015764,0.016231,-0.027694
2367467410.000,Miguel,recording,knock_twice_right,19,-0.045105,7.033561,6.820598,-0.014472,0.020424,-0.027098
2367467420.000,Miguel,recording,knock_twice_right,19,-0.069073,7.061082,6.865491,-0.012923,0.017298,-0.022523
2367467430.000,Miguel,recording,knock_twice_right,19,-0.055474,7.060897,6.884679,-0.010187,0.006316,-0.019427
2367467440.000,Miguel,recording,knock_twice_right,19,-0.052319,7.039118,6.863994,-0.009181,-0.008810,-0.018366
2367467450.000,Miguel,recording,knock_twice_right,19,-0.036780,7.009394,6.808649,-0.009942,-0.021363,-0.017971
2367467460.000,Miguel,recording,knock_twice_right,19,-0.020967,7.004551,6.770057,-0.010658,-0.026694,-0.018678
2367467470.000,Miguel,recording,knock_twice_right,19,-0.022805,7.023709,6.748761,-0.012427,-0.022770,-0.021351
2367467480.000,Miguel,recording,knock_twice_right,19,-0.066640,7.047284,6.757523,-0.014998,-0.010191,-0.023237
2367467490.000,Miguel,recording,knock_twice_right,19,-0.114867,7.064700,6.799555,-0.015635,0.004532,-0.021740
2367467500.000,Miguel,recording,knock_twice_right,19,-0.126022,7.092502,6.866747,-0.011212,0.015083,-0.018024
2367467510.000,Miguel,recording,knock_twice_right,19,-0.121362,7.103623,6.897521,-0.005239,0.017982,-0.013636
2367467520.000,Miguel,recording,knock_twice_right,19,-0.113695,7.100384,6.892058,-0.001580,0.014971,-0.009603
2367467530.000,Miguel,recording,knock_twice_right,19,-0.110954,7.109760,6.871710,-0.002619,0.009018,-0.006325
2367467540.000,Miguel,recording,knock_twice_right,19,-0.102890,7.076918,6.876662,-0.007042,-0.000423,-0.004281
2367467550.000,Miguel,recording,knock_twice_right,20,-0.100137,7.025535,6.884918,-0.009770,-0.011249,-0.003687
2367467560.000,Miguel,recording,knock_twice_right,20,-0.100401,6.984741,6.875414,-0.008608,-0.020000,-0.003184
2367467570.000,Miguel,recording,knock_twice_right,20,-0.086751,6.979603,6.845626,-0.002438,-0.024187,-0.003525
2367467580.000,Miguel,recording,knock_twice_right,20,-0.083440,6.981922,6.793804,0.007501,-0.021866,-0.005735
2367467590.000,Miguel,recording,knock_twice_right,20,-0.078011,6.987871,6.719256,0.017394,-0.016220,-0.007693
2367467600.000,Miguel,recording,knock_twice_right,20,-0.083443,7.000087,6.656957,0.023050,-0.010337,-0.007998
2367467610.000,Miguel,recording,knock_twice_right,20,-0.107408,7.028067,6.579437,0.021989,-0.004184,-0.006620
2367467620.000,Miguel,recording,knock_twice_right,20,-0.115060,7.050058,6.527554,0.013156,0.001210,-0.003328
2367467630.000,Miguel,recording,knock_twice_right,20,-0.108352,7.065102,6.528242,-0.001586,0.006263,0.002000
2367467640.000,Miguel,recording,knock_twice_right,20,-0.046065,7.073594,6.601870,-0.014615,0.008843,0.005963
2367467650.000,Miguel,recording,knock_twice_right,20,0.000614,7.023223,6.710529,-0.021047,0.007905,0.006267
2367467660.000,Miguel,recording,knock_twice_right,20,0.023660,6.995829,6.793580,-0.020258,0.006171,0.003356
2367467670.000,Miguel,recording,knock_twice_right,20,0.013197,6.999756,6.820003,-0.014129,0.003335,-0.000381
2367467680.000,Miguel,recording,knock_twice_right,20,-0.030017,7.003945,6.780338,-0.007646,0.000563,-0.002697
2367467690.000,Miguel,recording,knock_twice_right,20,-0.052681,7.026384,6.702894,-0.004705,0.000156,-0.002544
2367467700.000,Miguel,recording,knock_twice_right,20,-0.041864,7.027441,6.662953,-0.007540,0.002106,-0.000930
2367467710.000,Miguel,recording,knock_twice_right,20,-0.001584,7.016469,6.643859,-0.016022,0.004813,-0.000130
2367467720.000,Miguel,recording,knock_twice_right,20,0.058308,6.988492,6.647154,-0.024432,0.007235,-0.002420
2367467730.000,Miguel,recording,knock_twice_right,20,0.061338,6.939536,6.688257,-0.030569,0.008602,-0.006473
2367467740.000,Miguel,recording,knock_twice_right,20,0.056492,6.917588,6.714337,-0.034153,0.008325,-0.008967
2367467750.000,Miguel,recording,knock_twice_right,20,0.074977,6.912491,6.715848,-0.036274,0.006116,-0.012345
2367467760.000,Miguel,recording,knock_twice_right,20,0.116975,6.934495,6.695993,-0.041815,0.001551,-0.018568
2367467770.000,Miguel,recording,knock_twice_right,20,0.129558,6.925643,6.706842,-0.051706,-0.002045,-0.029038
2367467780.000,Miguel,recording,knock_twice_right,20,0.094660,6.926526,6.797658,-0.060164,-0.006256,-0.041510
2367467790.000,Miguel,recording,knock_twice_right,20,0.052891,6.930460,6.927836,-0.055855,-0.013411,-0.047270
2367467800.000,Miguel,recording,knock_twice_right,20,0.045836,6.921333,7.010048,-0.036305,-0.017662,-0.045861
2367467810.000,Miguel,recording,knock_twice_right,20,0.107425,6.912843,6.947270,-0.012603,-0.016299,-0.045805
2367467820.000,Miguel,recording,knock_twice_right,20,0.181855,6.888369,6.757414,0.002070,-0.011395,-0.051939
2367467830.000,Miguel,recording,knock_twice_right,20,0.220015,6.870403,6.568573,0.002909,-0.006723,-0.063085
2367467840.000,Miguel,recording,knock_twice_right,20,0.216125,6.846393,6.464142,-0.008521,-0.002002,-0.076750
2367467850.000,Miguel,recording,knock_twice_right,20,0.127956,6.825159,6.445983,-0.025779,0.003319,-0.087714
2367467860.000,Miguel,recording,knock_twice_right,20,0.072632,6.824282,6.494388,-0.042532,0.002603,-0.089986
2367467870.000,Miguel,recording,knock_twice_right,20,0.092966,6.808176,6.497780,-0.058241,-0.005483,-0.087489
2367467880.000,Miguel,recording,knock_twice_right,20,0.199891,6.795882,6.491846,-0.073766,-0.019006,-0.089088
2367467890.000,Miguel,recording,knock_twice_right,20,0.316626,6.781159,6.464693,-0.092129,-0.033784,-0.099250
2367467900.000,Miguel,recording,knock_twice_right,20,0.355677,6.789547,6.488318,-0.112494,-0.042288,-0.119273
2367467910.000,Miguel,recording,knock_twice_right,20,0.283853,6.826774,6.549506,-0.125056,-0.038683,-0.146142
2367467920.000,Miguel,recording,knock_twice_right,20,0.100201,6.870256,6.618832,-0.122929,-0.012851,-0.169948
2367467930.000,Miguel,recording,knock_twice_right,20,-0.144111,6.926256,6.673164,-0.109532,0.037127,-0.179798
2367467940.000,Miguel,recording,knock_twice_right,20,-0.320569,6.971151,6.699785,-0.092870,0.095310,-0.173612
2367467950.000,Miguel,recording,knock_twice_right,20,-0.338338,6.941384,6.683578,-0.077352,0.166673,-0.153104
2367467960.000,Miguel,recording,knock_twice_right,20,-0.163985,6.890360,6.758854,-0.061063,0.256477,-0.137422
2367467970.000,Miguel,recording,knock_twice_right,20,0.134192,6.772264,6.968577,-0.032475,0.356627,-0.154206
2367467980.000,Miguel,recording,knock_twice_right,20,0.151999,6.744923,7.179177,0.005081,0.468383,-0.189245
2367467990.000,Miguel,recording,knock_twice_right,20,-0.167050,6.998498,7.408893,0.036450,0.543319,-0.216591
2367468000.000,Miguel,recording,knock_twice_right,20,-0.692562,7.175718,7.798769,0.075642,0.569583,-0.223497
2367468010.000,Miguel,recording,knock_twice_right,20,-1.116177,7.181874,7.969111,0.126006,0.537762,-0.191705
2367468020.000,Miguel,recording,knock_twice_right,20,-1.281697,7.220735,7.801939,0.164190,0.424109,-0.132264
2367468030.000,Miguel,recording,knock_twice_right,20,-1.159073,7.202827,7.455420,0.168057,0.278745,-0.077205
2367468040.000,Miguel,recording,knock_twice_right,20,-1.038518,7.211569,7.109685,0.135187,0.128612,-0.042498
2367468050.000,Miguel,recording,knock_twice_right,20,-0.978000,7.107402,6.877372,0.084651,-0.005690,-0.029204
2367468060.000,Miguel,recording,knock_twice_right,20,-1.003711,7.050037,6.694791,0.038967,-0.083729,-0.023666
2367468070.000,Miguel,recording,knock_twice_right,20,-1.029953,7.069263,6.627656,0.019243,-0.086699,-0.008376
2367468080.000,Miguel,recording,knock_twice_right,20,-0.982349,7.155923,6.593310,0.029218,-0.020947,0.022742
2367468090.000,Miguel,recording,knock_twice_right,20,-0.807562,7.172787,6.620728,0.062389,0.091795,0.063026
2367468100.000,Miguel,recording,knock_twice_right,20,-0.623747,7.109989,6.667152,0.109636,0.224236,0.097659
2367468110.000,Miguel,recording,knock_twice_right,20,-0.505019,6.993090,6.641975,0.154865,0.344403,0.112634
2367468120.000,Miguel,recording,knock_twice_right,20,-0.564672,6.930822,6.559704,0.182618,0.422136,0.123881
2367468130.000,Miguel,recording,knock_twice_right,20,-0.772072,6.944410,6.399850,0.178097,0.450421,0.158723
2367468140.000,Miguel,recording,knock_twice_right,20,-0.816386,6.907314,6.233473,0.144383,0.451610,0.201946
2367468150.000,Miguel,recording,knock_twice_right,20,-0.651096,6.882095,6.285587,0.113132,0.459001,0.226292
2367468160.000,Miguel,recording,knock_twice_right,20,-0.521130,6.994253,6.393028,0.102826,0.494815,0.238034
2367468170.000,Miguel,recording,knock_twice_right,20,-0.560965,6.998034,6.269943,0.096075,0.541825,0.253070
2367468180.000,Miguel,recording,knock_twice_right,20,-0.546410,6.893467,6.144747,0.073696,0.552390,0.267636
2367468190.000,Miguel,recording,knock_twice_right,20,-0.491093,6.680982,6.120158,0.021455,0.531067,0.269058
2367468200.000,Miguel,recording,knock_twice_right,20,-0.434629,6.504202,6.270247,-0.025274,0.556005,0.240807
2367468210.000,Miguel,recording,knock_twice_right,20,-0.283631,6.657773,6.851112,-0.034998,0.646658,0.168598
2367468220.000,Miguel,recording,knock_twice_right,20,-0.230477,6.954489,6.789823,-0.137119,0.596922,0.046253
2367468230.000,Miguel,recording,knock_twice_right,20,-0.585989,6.904733,6.217086,-0.379390,0.315182,-0.059797
2367468240.000,Miguel,recording,knock_twice_right,20,-1.008616,7.078819,6.708340,-0.587631,-0.044588,-0.054520
2367468250.000,Miguel,recording,knock_twice_right,20,-0.815906,7.400442,7.410046,-0.624974,-0.317623,-0.009934
2367468260.000,Miguel,recording,knock_twice_right,20,-0.516845,7.149651,7.339040,-0.511023,-0.460034,-0.001634
2367468270.000,Miguel,recording,knock_twice_right,20,-0.636134,7.186522,7.108401,-0.374038,-0.556654,0.008035
2367468280.000,Miguel,recording,knock_twice_right,20,-0.794484,6.941158,6.682601,-0.295693,-0.630565,0.025386
2367468290.000,Miguel,recording,knock_twice_right,20,-0.750406,6.786927,6.467541,-0.282070,-0.627079,0.038808
2367468300.000,Miguel,recording,knock_twice_right,20,-0.755708,6.615169,6.391742,-0.326331,-0.510404,0.046198
2367468310.000,Miguel,recording,knock_twice_right,20,-0.820834,6.550773,6.698618,-0.387210,-0.313278,0.057441
2367468320.000,Miguel,recording,knock_twice_right,20,-0.806711,6.426169,7.200318,-0.427645,-0.090743,0.074326
2367468330.000,Miguel,recording,knock_twice_right,20,-0.632917,6.384404,7.567514,-0.420060,0.118104,0.077909
2367468340.000,Miguel,recording,knock_twice_right,20,-0.346878,6.596777,8.180825,-0.345837,0.290641,0.057860
2367468350.000,Miguel,recording,knock_twice_right,20,-0.047416,6.983769,8.399934,-0.242538,0.405881,0.020877
2367468360.000,Miguel,recording,knock_twice_right,20,0.209627,7.366669,8.111966,-0.148966,0.467815,-0.019755
2367468370.000,Miguel,recording,knock_twice_right,20,0.230006,7.409661,7.534162,-0.076359,0.477896,-0.058948
2367468380.000,Miguel,recording,knock_twice_right,20,-0.008809,7.264685,6.856507,-0.045767,0.435396,-0.097016
2367468390.000,Miguel,recording,knock_twice_right,20,-0.324238,7.069181,6.163091,-0.076850,0.374348,-0.109457
2367468400.000,Miguel,recording,knock_twice_right,20,-0.747594,6.933026,5.784226,-0.169812,0.306263,-0.072713
2367468410.000,Miguel,recording,knock_twice_right,20,-0.829132,6.796580,6.086368,-0.296198,0.189902,-0.012616
2367468420.000,Miguel,recording,knock_twice_right,20,-0.542604,6.536989,6.954240,-0.392697,0.008688,0.029487
2367468430.000,Miguel,recording,knock_twice_right,20,-0.672403,6.484089,7.854706,-0.398105,-0.175522,0.047896
2367468440.000,Miguel,recording,knock_twice_right,20,-0.977505,6.563523,8.136340,-0.322856,-0.316798,0.057138
2367468450.000,Miguel,recording,knock_twice_right,20,-1.009197,6.526160,7.925744,-0.227037,-0.400079,0.059601
2367468460.000,Miguel,recording,knock_twice_right,20,-0.966309,6.462845,7.537789,-0.160440,-0.404630,0.054116
2367468470.000,Miguel,recording,knock_twice_right,20,-0.905750,6.404972,7.267427,-0.141690,-0.350127,0.045220
2367468480.000,Miguel,recording,knock_twice_right,20,-0.814033,6.450793,7.242381,-0.152649,-0.275614,0.038153
2367468490.000,Miguel,recording,knock_twice_right,20,-0.719170,6.543493,7.497808,-0.159024,-0.210585,0.039352
2367468500.000,Miguel,recording,knock_twice_right,20,-0.652958,6.516460,7.895030,-0.133010,-0.167751,0.049204
2367468510.000,Miguel,recording,knock_twice_right,20,-0.554096,6.444886,8.146544,-0.072668,-0.144718,0.063587
2367468520.000,Miguel,recording,knock_twice_right,20,-0.413398,6.448675,8.163757,-0.002735,-0.152312,0.074928
2367468530.000,Miguel,recording,knock_twice_right,20,-0.282597,6.530854,8.107650,0.060136,-0.209330,0.074477
2367468540.000,Miguel,recording,knock_twice_right,20,-0.074016,6.575411,8.064144,0.117458,-0.346356,0.054123
2367468550.000,Miguel,recording,knock_twice_right,20,0.144734,6.529941,7.920158,0.150657,-0.617998,0.005580
2367468560.000,Miguel,recording,knock_twice_right,20,-0.020875,6.516902,7.681747,0.158774,-0.953310,-0.054689
2367468570.000,Miguel,recording,knock_twice_right,20,-0.485119,6.652874,7.541456,0.172503,-1.200023,-0.088116
2367468580.000,Miguel,recording,knock_twice_right,20,-0.508043,6.473402,7.406483,0.211771,-1.270052,-0.102810
2367468590.000,Miguel,recording,knock_twice_right,20,-0.177763,6.119984,6.900066,0.256203,-1.215771,-0.129086
2367468600.000,Miguel,recording,knock_twice_right,20,-0.188465,6.038818,6.728507,0.264171,-1.121079,-0.159260
2367468610.000,Miguel,recording,knock_twice_right,20,-0.100773,6.143864,6.769568,0.234480,-0.981983,-0.179814
2367468620.000,Miguel,recording,knock_twice_right,20,0.160821,6.301969,7.193843,0.209645,-0.805095,-0.197468
2367468630.000,Miguel,recording,knock_twice_right,20,0.523445,6.398716,7.656167,0.241427,-0.611545,-0.225396
2367468640.000,Miguel,recording,knock_twice_right,20,0.878773,6.365920,7.901218,0.329715,-0.421064,-0.271854
2367468650.000,Miguel,recording,knock_twice_right,20,1.233046,6.407438,7.628493,0.422803,-0.252979,-0.344114
2367468660.000,Miguel,recording,knock_twice_right,20,1.418436,6.503718,7.163501,0.478033,-0.130568,-0.440028
2367468670.000,Miguel,recording,knock_twice_right,20,1.377887,6.509839,6.653198,0.479992,-0.059425,-0.544307
2367468680.000,Miguel,recording,knock_twice_right,20,1.140977,6.447080,6.218727,0.430811,-0.030928,-0.639906
2367468690.000,Miguel,recording,knock_twice_right,20,0.699141,6.500101,5.982567,0.347691,-0.026738,-0.713266
2367468700.000,Miguel,recording,knock_twice_right,20,0.126497,6.644298,5.921923,0.248901,-0.025411,-0.751088
2367468710.000,Miguel,recording,knock_twice_right,20,-0.497086,6.859334,5.947121,0.144550,-0.021086,-0.744118
2367468720.000,Miguel,recording,knock_twice_right,20,-1.025270,7.029715,6.021231,0.043776,-0.016654,-0.690605
2367468730.000,Miguel,recording,knock_twice_right,20,-1.389336,7.084393,6.178282,-0.035907,-0.010607,-0.597863
2367468740.000,Miguel,recording,knock_twice_right,20,-1.419939,7.092213,6.395670,-0.075768,0.002912,-0.483178
2367468750.000,Miguel,recording,knock_twice_right,20,-1.215612,7.190035,6.627283,-0.077364,0.039778,-0.372164
2367468760.000,Miguel,recording,knock_twice_right,20,-0.907878,7.268933,6.792236,-0.048880,0.102955,-0.281213
2367468770.000,Miguel,recording,knock_twice_right,20,-0.621319,7.248052,6.934674,0.004003,0.170991,-0.210113
2367468780.000,Miguel,recording,knock_twice_right,20,-0.410309,7.232859,7.121504,0.071575,0.218098,-0.158734
2367468790.000,Miguel,recording,knock_twice_right,20,-0.414951,7.134180,7.328957,0.145200,0.220493,-0.124168
2367468800.000,Miguel,recording,knock_twice_right,20,-0.528079,6.921747,7.287692,0.206510,0.183364,-0.100904
2367468810.000,Miguel,recording,knock_twice_right,20,-0.638299,6.831324,7.197978,0.237152,0.114609,-0.086653
2367468820.000,Miguel,recording,knock_twice_right,20,-0.821751,6.788160,7.148623,0.246738,0.009711,-0.063710
2367468830.000,Miguel,recording,knock_twice_right,20,-0.910176,6.614601,7.062372,0.249767,-0.080647,-0.021899
2367468840.000,Miguel,recording,knock_twice_right,20,-0.783586,6.509059,7.123852,0.255005,-0.100080,0.022807
2367468850.000,Miguel,recording,knock_twice_right,20,-0.440827,6.681883,7.166365,0.266465,-0.061234,0.059199
2367468860.000,Miguel,recording,knock_twice_right,20,-0.150690,6.832213,7.124440,0.274843,0.000018,0.080671
2367468870.000,Miguel,recording,knock_twice_right,20,0.092952,6.952614,7.084661,0.277644,0.065476,0.079180
2367468880.000,Miguel,recording,knock_twice_right,20,0.191472,7.102689,6.976778,0.270899,0.115419,0.055623
2367468890.000,Miguel,recording,knock_twice_right,20,0.179699,7.304024,6.746367,0.244888,0.138162,0.022617
2367468900.000,Miguel,recording,knock_twice_right,20,0.049409,7.422342,6.524092,0.204764,0.142845,-0.006352
2367468910.000,Miguel,recording,knock_twice_right,20,-0.147571,7.396663,6.454583,0.171452,0.143453,-0.023727
2367468920.000,Miguel,recording,knock_twice_right,20,-0.332348,7.387265,6.507220,0.161206,0.154325,-0.022236
2367468930.000,Miguel,recording,knock_twice_right,20,-0.485278,7.472844,6.487846,0.164963,0.162336,-0.006336
2367468940.000,Miguel,recording,knock_twice_right,20,-0.651336,7.482697,6.305870,0.152162,0.146461,0.013292
2367468950.000,Miguel,recording,knock_twice_right,20,-0.833359,7.320260,6.132900,0.105366,0.120005,0.038847
2367468960.000,Miguel,recording,knock_twice_right,20,-0.952280,7.171422,6.113812,0.034930,0.096295,0.069847
2367468970.000,Miguel,recording,knock_twice_right,20,-0.951682,7.169371,6.223403,-0.043202,0.067103,0.097237
2367468980.000,Miguel,recording,knock_twice_right,20,-0.876838,7.203640,6.427068,-0.108638,0.035590,0.118817
2367468990.000,Miguel,recording,knock_twice_right,20,-0.727575,7.195077,6.644311,-0.141446,0.014769,0.136559
2367469000.000,Miguel,recording,knock_twice_right,20,-0.546279,7.140679,6.715292,-0.151646,-0.002083,0.144513
2367469010.000,Miguel,recording,knock_twice_right,20,-0.436376,7.143523,6.659325,-0.166469,-0.021814,0.138503
2367469020.000,Miguel,recording,knock_twice_right,20,-0.416006,7.133913,6.646031,-0.192019,-0.030656,0.124211
2367469030.000,Miguel,recording,knock_twice_right,20,-0.431211,7.091285,6.718931,-0.218287,-0.020646,0.106409
2367469040.000,Miguel,recording,knock_twice_right,20,-0.438252,7.000362,6.821134,-0.232289,-0.000593,0.083690
2367469050.000,Miguel,recording,knock_twice_right,20,-0.401492,6.868749,7.091130,-0.212724,0.017015,0.051721
2367469060.000,Miguel,recording,knock_twice_right,20,-0.340974,6.768579,7.357639,-0.157331,0.016835,0.011875
2367469070.000,Miguel,recording,knock_twice_right,20,-0.297188,6.794256,7.404653,-0.089004,-0.007972,-0.031174
2367469080.000,Miguel,recording,knock_twice_right,20,-0.304604,6.928104,7.406686,-0.021237,-0.040801,-0.071484
2367469090.000,Miguel,recording,knock_twice_right,20,-0.473014,7.042552,7.290943,0.042606,-0.067025,-0.100185
2367469100.000,Miguel,recording,knock_twice_right,20,-0.655452,7.041174,7.072494,0.090125,-0.089123,-0.114560
2367469110.000,Miguel,recording,knock_twice_right,20,-0.794919,7.036180,6.865422,0.107978,-0.101087,-0.117086
2367469120.000,Miguel,recording,knock_twice_right,20,-0.920655,7.008207,6.670036,0.094995,-0.088215,-0.112307
2367469130.000,Miguel,recording,knock_twice_right,20,-1.039502,6.958730,6.541042,0.061293,-0.044322,-0.102344
2367469140.000,Miguel,recording,knock_twice_right,20,-1.095365,6.901347,6.410024,0.016786,0.005839,-0.081118
2367469150.000,Miguel,recording,knock_twice_right,20,-1.042970,6.877041,6.323573,-0.039750,0.042786,-0.047259
2367469160.000,Miguel,recording,knock_twice_right,20,-0.898144,6.865284,6.380352,-0.099902,0.085404,-0.006435
2367469170.000,Miguel,recording,knock_twice_right,20,-0.719745,6.819500,6.479737,-0.149735,0.135815,0.033266
2367469180.000,Miguel,recording,knock_twice_right,20,-0.534001,6.915082,6.575579,-0.190866,0.168400,0.061750
2367469190.000,Miguel,recording,knock_twice_right,20,-0.324757,7.065053,6.724554,-0.223485,0.173532,0.069666
2367469200.000,Miguel,recording,knock_twice_right,20,-0.143359,7.081539,6.883242,-0.238360,0.163244,0.055693
2367469210.000,Miguel,recording,knock_twice_right,20,-0.076244,6.939728,7.056296,-0.227947,0.145554,0.027359
2367469220.000,Miguel,recording,knock_twice_right,20,-0.129446,6.794933,7.152515,-0.199358,0.114379,-0.004310
2367469230.000,Miguel,recording,knock_twice_right,20,-0.293288,6.772464,7.187997,-0.162203,0.073865,-0.027257
2367469240.000,Miguel,recording,knock_twice_right,20,-0.506668,6.815026,7.203765,-0.121520,0.040840,-0.033318
2367469250.000,Miguel,recording,knock_twice_right,20,-0.670781,6.838107,7.121216,-0.084893,0.019747,-0.023564
2367469260.000,Miguel,recording,knock_twice_right,20,-0.710150,6.857253,6.996572,-0.058798,0.004504,-0.007798
2367469270.000,Miguel,recording,knock_twice_right,20,-0.676018,6.878418,6.848365,-0.049605,-0.004843,0.008830
2367469280.000,Miguel,recording,knock_twice_right,20,-0.653873,6.849659,6.702020,-0.062564,-0.009183,0.028313
2367469290.000,Miguel,recording,knock_twice_right,20,-0.596575,6.898567,6.551558,-0.096526,-0.015317,0.051490
2367469300.000,Miguel,recording,knock_twice_right,20,-0.481439,7.009813,6.535355,-0.139733,-0.023986,0.072056
2367469310.000,Miguel,recording,knock_twice_right,20,-0.291292,7.061319,6.709190,-0.170199,-0.025163,0.083352
2367469320.000,Miguel,recording,knock_twice_right,20,-0.114147,6.981035,7.092126,-0.167931,-0.016408,0.084086
2367469330.000,Miguel,recording,knock_twice_right,20,-0.047678,6.906409,7.431200,-0.130017,-0.022719,0.070720
2367469340.000,Miguel,recording,knock_twice_right,20,-0.101677,6.824500,7.680546,-0.062452,-0.041023,0.046985
2367469350.000,Miguel,recording,knock_twice_right,20,-0.269651,6.735534,7.886848,0.025032,-0.052712,0.026520
2367469360.000,Miguel,recording,knock_twice_right,20,-0.456608,6.705997,7.841119,0.116337,-0.068138,0.013866
2367469370.000,Miguel,recording,knock_twice_right,20,-0.542322,6.773792,7.650232,0.195146,-0.086654,0.007250
2367469380.000,Miguel,recording,knock_twice_right,20,-0.620165,6.841828,7.420313,0.250570,-0.101291,0.006177
2367469390.000,Miguel,recording,knock_twice_right,20,-0.598667,6.884750,7.161992,0.282180,-0.112144,0.009660
2367469400.000,Miguel,recording,knock_twice_right,20,-0.490713,6.929069,6.919537,0.291651,-0.114355,0.013165
2367469410.000,Miguel,recording,knock_twice_right,20,-0.429071,6.909370,6.624696,0.276636,-0.107216,0.010978
2367469420.000,Miguel,recording,knock_twice_right,20,-0.426777,6.863429,6.354118,0.239914,-0.095487,0.005411
2367469430.000,Miguel,recording,knock_twice_right,20,-0.469490,6.921701,6.195055,0.184428,-0.088254,0.002747
2367469440.000,Miguel,recording,knock_twice_right,20,-0.437556,7.092515,6.131237,0.113270,-0.092371,0.002820
2367469450.000,Miguel,recording,knock_twice_right,20,-0.400178,7.191084,6.211763,0.039397,-0.100203,0.003532
2367469460.000,Miguel,recording,knock_twice_right,20,-0.403191,7.176716,6.397774,-0.019254,-0.107372,0.006778
2367469470.000,Miguel,recording,knock_twice_right,20,-0.380189,7.089428,6.633929,-0.048579,-0.112619,0.014424
2367469480.000,Miguel,recording,knock_twice_right,20,-0.326462,6.985927,6.837048,-0.050120,-0.114084,0.023012
2367469490.000,Miguel,recording,knock_twice_right,20,-0.314026,6.907871,6.926022,-0.039359,-0.116914,0.027542
2367469500.000,Miguel,recording,knock_twice_right,20,-0.319058,6.866582,7.006039,-0.023605,-0.118843,0.030305
2367469510.000,Miguel,recording,knock_twice_right,20,-0.262246,6.852543,7.089270,-0.004968,-0.111593,0.032668
2367469520.000,Miguel,recording,knock_twice_right,20,-0.186866,6.864373,7.088531,0.016074,-0.090256,0.030258
2367469530.000,Miguel,recording,knock_twice_right,20,-0.142599,6.869800,7.078266,0.041968,-0.058560,0.021161
2367469540.000,Miguel,recording,knock_twice_right,20,-0.117337,6.834343,7.002304,0.068159,-0.024621,0.007479
2367469550.000,Miguel,recording,knock_twice_right,20,-0.085559,6.808113,6.852012,0.085049,0.008281,-0.010201
2367469560.000,Miguel,recording,knock_twice_right,20,-0.127177,6.843626,6.676377,0.085131,0.035990,-0.029412
2367469570.000,Miguel,recording,knock_twice_right,20,-0.219984,6.944774,6.580772,0.072367,0.053641,-0.044895
2367469580.000,Miguel,recording,knock_twice_right,20,-0.312978,6.994244,6.565053,0.057954,0.064194,-0.050353
2367469590.000,Miguel,recording,knock_twice_right,20,-0.372923,7.023700,6.601588,0.044700,0.071939,-0.045796
2367469600.000,Miguel,recording,knock_twice_right,20,-0.407816,7.066576,6.598730,0.030599,0.067566,-0.038996
2367469610.000,Miguel,recording,knock_twice_right,20,-0.460712,7.126656,6.607648,0.016601,0.046577,-0.030052
2367469620.000,Miguel,recording,knock_twice_right,20,-0.494125,7.123873,6.643666,0.004715,0.024758,-0.016622
2367469630.000,Miguel,recording,knock_twice_right,20,-0.410637,7.017026,6.709712,-0.002341,0.017433,-0.006845
2367469640.000,Miguel,recording,knock_twice_right,20,-0.190770,6.892800,6.891297,0.002699,0.022494,-0.011509
2367469650.000,Miguel,recording,knock_twice_right,20,-0.057066,6.804273,7.150806,0.028924,0.027865,-0.034474
2367469660.000,Miguel,recording,knock_twice_right,20,-0.051863,6.717618,7.329381,0.077599,0.038687,-0.067934
2367469670.000,Miguel,recording,knock_twice_right,20,-0.094386,6.575544,7.326005,0.148997,0.079132,-0.094298
2367469680.000,Miguel,recording,knock_twice_right,20,-0.155833,6.395752,7.078099,0.224973,0.139880,-0.114964
2367469690.000,Miguel,recording,knock_twice_right,20,-0.195954,6.549599,6.845977,0.276567,0.189769,-0.133464
2367469700.000,Miguel,recording,knock_twice_right,20,-0.872009,6.884190,6.746583,0.298243,0.217249,-0.142981
2367469710.000,Miguel,recording,knock_twice_right,20,-3.075878,7.257709,6.485834,0.292524,0.256086,-0.078725
2367469720.000,Miguel,recording,knock_twice_right,20,-3.632565,7.792018,6.035040,0.262847,0.386010,0.067890
2367469730.000,Miguel,recording,knock_twice_right,20,-0.889482,8.059400,5.956395,0.207890,0.479472,0.231720
2367469740.000,Miguel,recording,knock_twice_right,20,-0.056120,7.925246,6.100531,0.126014,0.384657,0.323758
2367469750.000,Miguel,recording,knock_twice_right,20,2.549984,7.847101,6.546562,0.035234,0.220300,0.251984
2367469760.000,Miguel,recording,knock_twice_right,20,2.672656,7.486491,6.552695,-0.036561,0.111797,0.049252
2367469770.000,Miguel,recording,knock_twice_right,20,1.840480,6.815179,6.684407,-0.078088,0.006952,-0.188169
2367469780.000,Miguel,recording,knock_twice_right,20,0.372721,6.233092,7.011309,-0.076201,-0.085558,-0.371350
2367469790.000,Miguel,recording,knock_twice_right,20,-0.855360,5.822077,6.912413,-0.038361,-0.050940,-0.454410
2367469800.000,Miguel,recording,knock_twice_right,20,-1.776055,5.820095,6.112736,-0.028114,0.052533,-0.439505
2367469810.000,Miguel,recording,knock_twice_right,20,-2.320430,6.577601,5.773835,-0.078209,0.126197,-0.345677
2367469820.000,Miguel,recording,knock_twice_right,20,-1.923810,7.705799,6.104590,-0.143118,0.172559,-0.209058
2367469830.000,Miguel,recording,knock_twice_right,20,-1.120991,8.129968,6.857387,-0.155220,0.210942,-0.090196
2367469840.000,Miguel,recording,knock_twice_right,20,-0.256769,7.639250,7.539491,-0.083609,0.236616,-0.028404
2367469850.000,Miguel,recording,knock_twice_right,20,0.007782,6.735373,7.742224,0.039139,0.220940,-0.031405
2367469860.000,Miguel,recording,knock_twice_right,20,-1.126846,6.403536,7.715582,0.166442,0.145586,-0.052038
2367469870.000,Miguel,recording,knock_twice_right,20,-2.930976,6.987098,7.432204,0.285341,0.166377,-0.004434
2367469880.000,Miguel,recording,knock_twice_right,20,-2.703429,8.046061,6.569820,0.363007,0.287975,0.139634
2367469890.000,Miguel,recording,knock_twice_right,20,-2.111039,8.161966,5.921738,0.352257,0.293833,0.307254
2367469900.000,Miguel,recording,knock_twice_right,20,-0.169631,8.137692,5.831075,0.250977,0.178261,0.406135
2367469910.000,Miguel,recording,knock_twice_right,20,1.051560,8.055307,5.898089,0.104079,0.064190,0.389374
2367469920.000,Miguel,recording,knock_twice_right,20,1.934286,7.365403,5.938124,-0.045268,-0.000725,0.247001
2367469930.000,Miguel,recording,knock_twice_right,20,1.564929,6.660194,5.992763,-0.182269,-0.046873,0.030843
2367469940.000,Miguel,recording,knock_twice_right,20,0.457063,6.219841,6.138068,-0.296675,-0.080359,-0.167407
2367469950.000,Miguel,recording,knock_twice_right,20,-0.872661,6.056069,6.419111,-0.379268,-0.108774,-0.277220
2367469960.000,Miguel,recording,knock_twice_right,20,-1.732878,6.061891,6.888232,-0.416903,-0.163524,-0.291951
2367469970.000,Miguel,recording,knock_twice_right,20,-2.001173,6.329394,7.378094,-0.388074,-0.195135,-0.241540
2367469980.000,Miguel,recording,knock_twice_right,20,-1.930704,7.025522,7.412423,-0.302318,-0.163978,-0.155696
2367469990.000,Miguel,recording,knock_twice_right,20,-1.670356,7.493132,7.276258,-0.202872,-0.131592,-0.059985
2367470000.000,Miguel,recording,knock_twice_right,20,-1.295072,7.585610,7.191559,-0.112835,-0.129997,0.032602
2367470010.000,Miguel,recording,knock_twice_right,20,-0.832277,7.506268,7.164407,-0.035119,-0.151076,0.103657
2367470020.000,Miguel,recording,knock_twice_right,20,-0.428497,7.426687,7.083761,0.028809,-0.188431,0.136090
2367470030.000,Miguel,recording,knock_twice_right,20,-0.210049,7.383939,7.016032,0.075116,-0.223157,0.135201
2367470040.000,Miguel,recording,knock_twice_right,20,-0.177945,7.260982,6.882788,0.098764,-0.237407,0.116188
2367470050.000,Miguel,recording,knock_twice_right,20,-0.283933,7.041809,6.679862,0.098553,-0.231795,0.092410
2367470060.000,Miguel,recording,knock_twice_right,20,-0.426996,6.902625,6.516642,0.078171,-0.208240,0.073025
2367470070.000,Miguel,recording,knock_twice_right,20,-0.528909,6.865152,6.471204,0.045829,-0.170770,0.060307
2367470080.000,Miguel,recording,knock_twice_right,20,-0.612435,6.833806,6.512505,0.015601,-0.133476,0.053037
2367470090.000,Miguel,recording,knock_twice_right,20,-0.619883,6.828598,6.633392,0.002488,-0.102311,0.049618
2367470100.000,Miguel,recording,knock_twice_right,20,-0.519222,6.867356,6.651966,0.001550,-0.077935,0.047343
2367470110.000,Miguel,recording,knock_twice_right,20,-0.423422,6.879861,6.522753,-0.002764,-0.066761,0.039675
2367470120.000,Miguel,recording,knock_twice_right,20,-0.375569,6.960817,6.405479,-0.016479,-0.070862,0.024679
2367470130.000,Miguel,recording,knock_twice_right,20,-0.400659,7.080234,6.351715,-0.037878,-0.081420,0.010881
2367470140.000,Miguel,recording,knock_twice_right,20,-0.411178,7.146821,6.364164,-0.059504,-0.087046,0.005533
2367470150.000,Miguel,recording,knock_twice_right,20,-0.381901,7.170736,6.417453,-0.076312,-0.087652,0.005453
2367470160.000,Miguel,recording,knock_twice_right,20,-0.350873,7.141657,6.467000,-0.092172,-0.087444,0.005320
2367470170.000,Miguel,recording,knock_twice_right,20,-0.388522,7.090738,6.583901,-0.110671,-0.089071,0.006969
2367470180.000,Miguel,recording,knock_twice_right,20,-0.508621,7.034151,6.857200,-0.127033,-0.093363,0.013885
2367470190.000,Miguel,recording,knock_twice_right,20,-0.655109,6.992863,7.205893,-0.126611,-0.096300,0.031134
2367470200.000,Miguel,recording,knock_twice_right,20,-0.668850,7.009103,7.555136,-0.096516,-0.095255,0.057056
2367470210.000,Miguel,recording,knock_twice_right,20,-0.509167,7.064064,7.731063,-0.039362,-0.095778,0.078477
2367470220.000,Miguel,recording,knock_twice_right,20,-0.310632,7.091842,7.745116,0.029387,-0.099562,0.083703
2367470230.000,Miguel,recording,knock_twice_right,20,-0.176279,7.023015,7.616236,0.099647,-0.100846,0.071563
2367470240.000,Miguel,recording,knock_twice_right,20,-0.186089,6.899456,7.313022,0.160981,-0.097846,0.048277
2367470250.000,Miguel,recording,knock_twice_right,20,-0.281672,6.902988,6.935867,0.199023,-0.093710,0.025384
2367470260.000,Miguel,recording,knock_twice_right,20,-0.407946,7.046819,6.669687,0.211986,-0.088592,0.013832
2367470270.000,Miguel,recording,knock_twice_right,20,-0.464589,7.229340,6.528642,0.208274,-0.078419,0.016820
2367470280.000,Miguel,recording,knock_twice_right,20,-0.460035,7.293374,6.458576,0.194979,-0.064591,0.028879
2367470290.000,Miguel,recording,knock_twice_right,20,-0.429588,7.218962,6.376783,0.171494,-0.050343,0.042519
2367470300.000,Miguel,recording,knock_twice_right,20,-0.365576,7.158117,6.343739,0.137537,-0.038915,0.053134
2367470310.000,Miguel,recording,knock_twice_right,20,-0.320716,7.101880,6.368963,0.096176,-0.036411,0.055536
2367470320.000,Miguel,recording,knock_twice_right,20,-0.275547,7.061987,6.454936,0.056762,-0.038235,0.049648
2367470330.000,Miguel,recording,knock_twice_right,20,-0.263921,7.022662,6.498342,0.031346,-0.038063,0.039406
2367470340.000,Miguel,recording,knock_twice_right,20,-0.293768,6.987683,6.487590,0.019743,-0.038175,0.030524
2367470350.000,Miguel,recording,knock_twice_right,20,-0.318454,7.020104,6.423546,0.010328,-0.039979,0.025971
2367470360.000,Miguel,recording,knock_twice_right,20,-0.294121,7.075157,6.397495,0.000608,-0.037104,0.022040
2367470370.000,Miguel,recording,knock_twice_right,20,-0.213189,7.063977,6.485542,-0.002416,-0.026641,0.016787
2367470380.000,Miguel,recording,knock_twice_right,20,-0.141771,7.023858,6.564992,0.002835,-0.017793,0.007669
2367470390.000,Miguel,recording,knock_twice_right,20,-0.139299,6.981000,6.597251,0.010177,-0.019340,-0.006747
2367470400.000,Miguel,recording,knock_twice_right,20,-0.174590,6.998493,6.655844,0.015329,-0.025976,-0.021362
2367470410.000,Miguel,recording,knock_twice_right,20,-0.266634,6.985983,6.763883,0.024234,-0.024549,-0.030052
2367470420.000,Miguel,recording,knock_twice_right,20,-0.375172,7.008072,6.844056,0.042936,-0.011972,-0.029712
2367470430.000,Miguel,recording,knock_twice_right,20,-0.455109,7.083082,6.805583,0.066611,0.006623,-0.020536
2367470440.000,Miguel,recording,knock_twice_right,20,-0.470928,7.150250,6.687915,0.081642,0.023139,-0.007904
2367470450.000,Miguel,recording,knock_twice_right,20,-0.447312,7.188113,6.512184,0.076277,0.035778,0.003745
2367470460.000,Miguel,recording,knock_twice_right,20,-0.422070,7.215429,6.413173,0.053067,0.046899,0.013347
2367470470.000,Miguel,recording,knock_twice_right,20,-0.386606,7.211867,6.357158,0.022696,0.055689,0.018247
2367470480.000,Miguel,recording,knock_twice_right,20,-0.369108,7.176568,6.318751,-0.011634,0.055562,0.019998
2367470490.000,Miguel,recording,knock_twice_right,20,-0.353814,7.186156,6.282984,-0.052914,0.042708,0.021259
2367470500.000,Miguel,recording,knock_twice_right,20,-0.320513,7.220700,6.293121,-0.098944,0.021583,0.021827
2367470510.000,Miguel,recording,knock_twice_right,20,-0.292079,7.229313,6.392429,-0.140380,-0.001942,0.019742
2367470520.000,Miguel,recording,knock_twice_right,20,-0.298988,7.150678,6.532153,-0.167193,-0.024619,0.015790
2367470530.000,Miguel,recording,knock_twice_right,20,-0.296802,7.062712,6.661273,-0.175392,-0.042454,0.013048
2367470540.000,Miguel,recording,knock_twice_right,20,-0.288471,7.049923,6.737434,-0.169439,-0.052707,0.010989
2367470550.000,Miguel,recording,knock_twice_right,20,-0.263375,7.084522,6.740635,-0.160128,-0.057973,0.009494
2367470560.000,Miguel,recording,knock_twice_right,20,-0.246711,7.081508,6.747824,-0.153175,-0.055855,0.008829
2367470570.000,Miguel,recording,knock_twice_right,20,-0.215188,7.012813,6.849488,-0.142874,-0.041584,0.009147
2367470580.000,Miguel,recording,knock_twice_right,20,-0.186810,6.938096,6.922390,-0.126456,-0.020120,0.008445